l_orderkey,l_linenumber,l_quantity,l_extendedprice,l_discount,l_tax,l_shipmode,l_shipinstruct,p_name,p_type,p_brand,s_name,supplier_nation,supplier_region,ps_supplycost,ps_availqty,context_custkey,c_name,c_mktsegment,c_acctbal
2342,5,22.00,22750.86,0.08,0.01,AIR,DELIVER IN PERSON,steel beige mint maroon indian,SMALL POLISHED STEEL,Brand#42,Supplier#000000049,UNITED STATES,AMERICA,102.99,9013,1,Customer#000000001,BUILDING,711.56
2342,5,22.00,22750.86,0.08,0.01,AIR,DELIVER IN PERSON,steel beige mint maroon indian,SMALL POLISHED STEEL,Brand#42,Supplier#000000049,UNITED STATES,AMERICA,102.99,9013,3,Customer#000000003,AUTOMOBILE,7498.12
2342,5,22.00,22750.86,0.08,0.01,AIR,DELIVER IN PERSON,steel beige mint maroon indian,SMALL POLISHED STEEL,Brand#42,Supplier#000000049,UNITED STATES,AMERICA,102.99,9013,4,Customer#000000004,MACHINERY,2866.83
2342,5,22.00,22750.86,0.08,0.01,AIR,DELIVER IN PERSON,steel beige mint maroon indian,SMALL POLISHED STEEL,Brand#42,Supplier#000000049,UNITED STATES,AMERICA,102.99,9013,6,Customer#000000006,AUTOMOBILE,7638.57
2342,5,22.00,22750.86,0.08,0.01,AIR,DELIVER IN PERSON,steel beige mint maroon indian,SMALL POLISHED STEEL,Brand#42,Supplier#000000049,UNITED STATES,AMERICA,102.99,9013,7,Customer#000000007,AUTOMOBILE,9561.95
2342,5,22.00,22750.86,0.08,0.01,AIR,DELIVER IN PERSON,steel beige mint maroon indian,SMALL POLISHED STEEL,Brand#42,Supplier#000000049,UNITED STATES,AMERICA,102.99,9013,8,Customer#000000008,BUILDING,6819.74
2342,5,22.00,22750.86,0.08,0.01,AIR,DELIVER IN PERSON,steel beige mint maroon indian,SMALL POLISHED STEEL,Brand#42,Supplier#000000049,UNITED STATES,AMERICA,102.99,9013,13,Customer#000000013,BUILDING,3857.34
2342,5,22.00,22750.86,0.08,0.01,AIR,DELIVER IN PERSON,steel beige mint maroon indian,SMALL POLISHED STEEL,Brand#42,Supplier#000000049,UNITED STATES,AMERICA,102.99,9013,18,Customer#000000018,BUILDING,5494.43
2342,5,22.00,22750.86,0.08,0.01,AIR,DELIVER IN PERSON,steel beige mint maroon indian,SMALL POLISHED STEEL,Brand#42,Supplier#000000049,UNITED STATES,AMERICA,102.99,9013,21,Customer#000000021,MACHINERY,1428.25
2342,5,22.00,22750.86,0.08,0.01,AIR,DELIVER IN PERSON,steel beige mint maroon indian,SMALL POLISHED STEEL,Brand#42,Supplier#000000049,UNITED STATES,AMERICA,102.99,9013,22,Customer#000000022,MACHINERY,591.98
2342,5,22.00,22750.86,0.08,0.01,AIR,DELIVER IN PERSON,steel beige mint maroon indian,SMALL POLISHED STEEL,Brand#42,Supplier#000000049,UNITED STATES,AMERICA,102.99,9013,24,Customer#000000024,MACHINERY,9255.67
2342,5,22.00,22750.86,0.08,0.01,AIR,DELIVER IN PERSON,steel beige mint maroon indian,SMALL POLISHED STEEL,Brand#42,Supplier#000000049,UNITED STATES,AMERICA,102.99,9013,26,Customer#000000026,AUTOMOBILE,5182.05
2342,5,22.00,22750.86,0.08,0.01,AIR,DELIVER IN PERSON,steel beige mint maroon indian,SMALL POLISHED STEEL,Brand#42,Supplier#000000049,UNITED STATES,AMERICA,102.99,9013,27,Customer#000000027,BUILDING,5679.84
2342,5,22.00,22750.86,0.08,0.01,AIR,DELIVER IN PERSON,steel beige mint maroon indian,SMALL POLISHED STEEL,Brand#42,Supplier#000000049,UNITED STATES,AMERICA,102.99,9013,30,Customer#000000030,BUILDING,9321.01
2342,5,22.00,22750.86,0.08,0.01,AIR,DELIVER IN PERSON,steel beige mint maroon indian,SMALL POLISHED STEEL,Brand#42,Supplier#000000049,UNITED STATES,AMERICA,102.99,9013,32,Customer#000000032,BUILDING,3471.53
2342,5,22.00,22750.86,0.08,0.01,AIR,DELIVER IN PERSON,steel beige mint maroon indian,SMALL POLISHED STEEL,Brand#42,Supplier#000000049,UNITED STATES,AMERICA,102.99,9013,36,Customer#000000036,BUILDING,4987.27
2342,5,22.00,22750.86,0.08,0.01,AIR,DELIVER IN PERSON,steel beige mint maroon indian,SMALL POLISHED STEEL,Brand#42,Supplier#000000049,UNITED STATES,AMERICA,102.99,9013,39,Customer#000000039,AUTOMOBILE,6264.31
2342,5,22.00,22750.86,0.08,0.01,AIR,DELIVER IN PERSON,steel beige mint maroon indian,SMALL POLISHED STEEL,Brand#42,Supplier#000000049,UNITED STATES,AMERICA,102.99,9013,40,Customer#000000040,BUILDING,1335.30
2342,5,22.00,22750.86,0.08,0.01,AIR,DELIVER IN PERSON,steel beige mint maroon indian,SMALL POLISHED STEEL,Brand#42,Supplier#000000049,UNITED STATES,AMERICA,102.99,9013,42,Customer#000000042,BUILDING,8727.01
2342,5,22.00,22750.86,0.08,0.01,AIR,DELIVER IN PERSON,steel beige mint maroon indian,SMALL POLISHED STEEL,Brand#42,Supplier#000000049,UNITED STATES,AMERICA,102.99,9013,43,Customer#000000043,MACHINERY,9904.28
2342,5,22.00,22750.86,0.08,0.01,AIR,DELIVER IN PERSON,steel beige mint maroon indian,SMALL POLISHED STEEL,Brand#42,Supplier#000000049,UNITED STATES,AMERICA,102.99,9013,44,Customer#000000044,AUTOMOBILE,7315.94
2342,5,22.00,22750.86,0.08,0.01,AIR,DELIVER IN PERSON,steel beige mint maroon indian,SMALL POLISHED STEEL,Brand#42,Supplier#000000049,UNITED STATES,AMERICA,102.99,9013,45,Customer#000000045,AUTOMOBILE,9983.38
2342,5,22.00,22750.86,0.08,0.01,AIR,DELIVER IN PERSON,steel beige mint maroon indian,SMALL POLISHED STEEL,Brand#42,Supplier#000000049,UNITED STATES,AMERICA,102.99,9013,46,Customer#000000046,AUTOMOBILE,5744.59
2342,5,22.00,22750.86,0.08,0.01,AIR,DELIVER IN PERSON,steel beige mint maroon indian,SMALL POLISHED STEEL,Brand#42,Supplier#000000049,UNITED STATES,AMERICA,102.99,9013,48,Customer#000000048,BUILDING,3792.50
2342,5,22.00,22750.86,0.08,0.01,AIR,DELIVER IN PERSON,steel beige mint maroon indian,SMALL POLISHED STEEL,Brand#42,Supplier#000000049,UNITED STATES,AMERICA,102.99,9013,50,Customer#000000050,MACHINERY,4266.13
2342,5,22.00,22750.86,0.08,0.01,AIR,DELIVER IN PERSON,steel beige mint maroon indian,SMALL POLISHED STEEL,Brand#42,Supplier#000000049,UNITED STATES,AMERICA,102.99,9013,54,Customer#000000054,AUTOMOBILE,868.90
2342,5,22.00,22750.86,0.08,0.01,AIR,DELIVER IN PERSON,steel beige mint maroon indian,SMALL POLISHED STEEL,Brand#42,Supplier#000000049,UNITED STATES,AMERICA,102.99,9013,55,Customer#000000055,MACHINERY,4572.11
2342,5,22.00,22750.86,0.08,0.01,AIR,DELIVER IN PERSON,steel beige mint maroon indian,SMALL POLISHED STEEL,Brand#42,Supplier#000000049,UNITED STATES,AMERICA,102.99,9013,57,Customer#000000057,AUTOMOBILE,4151.93
2342,5,22.00,22750.86,0.08,0.01,AIR,DELIVER IN PERSON,steel beige mint maroon indian,SMALL POLISHED STEEL,Brand#42,Supplier#000000049,UNITED STATES,AMERICA,102.99,9013,59,Customer#000000059,MACHINERY,3458.60
2342,5,22.00,22750.86,0.08,0.01,AIR,DELIVER IN PERSON,steel beige mint maroon indian,SMALL POLISHED STEEL,Brand#42,Supplier#000000049,UNITED STATES,AMERICA,102.99,9013,60,Customer#000000060,MACHINERY,2741.87
2342,5,22.00,22750.86,0.08,0.01,AIR,DELIVER IN PERSON,steel beige mint maroon indian,SMALL POLISHED STEEL,Brand#42,Supplier#000000049,UNITED STATES,AMERICA,102.99,9013,62,Customer#000000062,MACHINERY,595.61
2342,5,22.00,22750.86,0.08,0.01,AIR,DELIVER IN PERSON,steel beige mint maroon indian,SMALL POLISHED STEEL,Brand#42,Supplier#000000049,UNITED STATES,AMERICA,102.99,9013,63,Customer#000000063,AUTOMOBILE,9331.13
2342,5,22.00,22750.86,0.08,0.01,AIR,DELIVER IN PERSON,steel beige mint maroon indian,SMALL POLISHED STEEL,Brand#42,Supplier#000000049,UNITED STATES,AMERICA,102.99,9013,65,Customer#000000065,AUTOMOBILE,8795.16
2342,5,22.00,22750.86,0.08,0.01,AIR,DELIVER IN PERSON,steel beige mint maroon indian,SMALL POLISHED STEEL,Brand#42,Supplier#000000049,UNITED STATES,AMERICA,102.99,9013,67,Customer#000000067,MACHINERY,8166.59
2342,5,22.00,22750.86,0.08,0.01,AIR,DELIVER IN PERSON,steel beige mint maroon indian,SMALL POLISHED STEEL,Brand#42,Supplier#000000049,UNITED STATES,AMERICA,102.99,9013,73,Customer#000000073,BUILDING,4288.50
2342,5,22.00,22750.86,0.08,0.01,AIR,DELIVER IN PERSON,steel beige mint maroon indian,SMALL POLISHED STEEL,Brand#42,Supplier#000000049,UNITED STATES,AMERICA,102.99,9013,74,Customer#000000074,MACHINERY,2764.43
2342,5,22.00,22750.86,0.08,0.01,AIR,DELIVER IN PERSON,steel beige mint maroon indian,SMALL POLISHED STEEL,Brand#42,Supplier#000000049,UNITED STATES,AMERICA,102.99,9013,75,Customer#000000075,AUTOMOBILE,6684.10
2342,5,22.00,22750.86,0.08,0.01,AIR,DELIVER IN PERSON,steel beige mint maroon indian,SMALL POLISHED STEEL,Brand#42,Supplier#000000049,UNITED STATES,AMERICA,102.99,9013,77,Customer#000000077,BUILDING,1738.87
2342,5,22.00,22750.86,0.08,0.01,AIR,DELIVER IN PERSON,steel beige mint maroon indian,SMALL POLISHED STEEL,Brand#42,Supplier#000000049,UNITED STATES,AMERICA,102.99,9013,79,Customer#000000079,MACHINERY,5121.28
2342,5,22.00,22750.86,0.08,0.01,AIR,DELIVER IN PERSON,steel beige mint maroon indian,SMALL POLISHED STEEL,Brand#42,Supplier#000000049,UNITED STATES,AMERICA,102.99,9013,81,Customer#000000081,BUILDING,2023.71
2342,5,22.00,22750.86,0.08,0.01,AIR,DELIVER IN PERSON,steel beige mint maroon indian,SMALL POLISHED STEEL,Brand#42,Supplier#000000049,UNITED STATES,AMERICA,102.99,9013,82,Customer#000000082,AUTOMOBILE,9468.34
2342,5,22.00,22750.86,0.08,0.01,AIR,DELIVER IN PERSON,steel beige mint maroon indian,SMALL POLISHED STEEL,Brand#42,Supplier#000000049,UNITED STATES,AMERICA,102.99,9013,83,Customer#000000083,BUILDING,6463.51
2342,5,22.00,22750.86,0.08,0.01,AIR,DELIVER IN PERSON,steel beige mint maroon indian,SMALL POLISHED STEEL,Brand#42,Supplier#000000049,UNITED STATES,AMERICA,102.99,9013,88,Customer#000000088,AUTOMOBILE,8031.44
2342,5,22.00,22750.86,0.08,0.01,AIR,DELIVER IN PERSON,steel beige mint maroon indian,SMALL POLISHED STEEL,Brand#42,Supplier#000000049,UNITED STATES,AMERICA,102.99,9013,90,Customer#000000090,BUILDING,7354.23
2342,5,22.00,22750.86,0.08,0.01,AIR,DELIVER IN PERSON,steel beige mint maroon indian,SMALL POLISHED STEEL,Brand#42,Supplier#000000049,UNITED STATES,AMERICA,102.99,9013,91,Customer#000000091,AUTOMOBILE,4643.14
2342,5,22.00,22750.86,0.08,0.01,AIR,DELIVER IN PERSON,steel beige mint maroon indian,SMALL POLISHED STEEL,Brand#42,Supplier#000000049,UNITED STATES,AMERICA,102.99,9013,92,Customer#000000092,MACHINERY,1182.91
2342,5,22.00,22750.86,0.08,0.01,AIR,DELIVER IN PERSON,steel beige mint maroon indian,SMALL POLISHED STEEL,Brand#42,Supplier#000000049,UNITED STATES,AMERICA,102.99,9013,93,Customer#000000093,MACHINERY,2182.52
2342,5,22.00,22750.86,0.08,0.01,AIR,DELIVER IN PERSON,steel beige mint maroon indian,SMALL POLISHED STEEL,Brand#42,Supplier#000000049,UNITED STATES,AMERICA,102.99,9013,95,Customer#000000095,MACHINERY,5327.38
2342,5,22.00,22750.86,0.08,0.01,AIR,DELIVER IN PERSON,steel beige mint maroon indian,SMALL POLISHED STEEL,Brand#42,Supplier#000000049,UNITED STATES,AMERICA,102.99,9013,97,Customer#000000097,AUTOMOBILE,2164.48
2342,5,22.00,22750.86,0.08,0.01,AIR,DELIVER IN PERSON,steel beige mint maroon indian,SMALL POLISHED STEEL,Brand#42,Supplier#000000049,UNITED STATES,AMERICA,102.99,9013,101,Customer#000000101,MACHINERY,7470.96
2342,5,22.00,22750.86,0.08,0.01,AIR,DELIVER IN PERSON,steel beige mint maroon indian,SMALL POLISHED STEEL,Brand#42,Supplier#000000049,UNITED STATES,AMERICA,102.99,9013,102,Customer#000000102,BUILDING,8462.17
2342,5,22.00,22750.86,0.08,0.01,AIR,DELIVER IN PERSON,steel beige mint maroon indian,SMALL POLISHED STEEL,Brand#42,Supplier#000000049,UNITED STATES,AMERICA,102.99,9013,103,Customer#000000103,BUILDING,2757.45
2342,5,22.00,22750.86,0.08,0.01,AIR,DELIVER IN PERSON,steel beige mint maroon indian,SMALL POLISHED STEEL,Brand#42,Supplier#000000049,UNITED STATES,AMERICA,102.99,9013,105,Customer#000000105,MACHINERY,9091.82
2342,5,22.00,22750.86,0.08,0.01,AIR,DELIVER IN PERSON,steel beige mint maroon indian,SMALL POLISHED STEEL,Brand#42,Supplier#000000049,UNITED STATES,AMERICA,102.99,9013,106,Customer#000000106,MACHINERY,3288.42
2342,5,22.00,22750.86,0.08,0.01,AIR,DELIVER IN PERSON,steel beige mint maroon indian,SMALL POLISHED STEEL,Brand#42,Supplier#000000049,UNITED STATES,AMERICA,102.99,9013,107,Customer#000000107,AUTOMOBILE,2514.15
2342,5,22.00,22750.86,0.08,0.01,AIR,DELIVER IN PERSON,steel beige mint maroon indian,SMALL POLISHED STEEL,Brand#42,Supplier#000000049,UNITED STATES,AMERICA,102.99,9013,108,Customer#000000108,BUILDING,2259.38
2342,5,22.00,22750.86,0.08,0.01,AIR,DELIVER IN PERSON,steel beige mint maroon indian,SMALL POLISHED STEEL,Brand#42,Supplier#000000049,UNITED STATES,AMERICA,102.99,9013,110,Customer#000000110,AUTOMOBILE,7462.99
2342,5,22.00,22750.86,0.08,0.01,AIR,DELIVER IN PERSON,steel beige mint maroon indian,SMALL POLISHED STEEL,Brand#42,Supplier#000000049,UNITED STATES,AMERICA,102.99,9013,111,Customer#000000111,MACHINERY,6505.26
2342,5,22.00,22750.86,0.08,0.01,AIR,DELIVER IN PERSON,steel beige mint maroon indian,SMALL POLISHED STEEL,Brand#42,Supplier#000000049,UNITED STATES,AMERICA,102.99,9013,113,Customer#000000113,BUILDING,2912.00
2342,5,22.00,22750.86,0.08,0.01,AIR,DELIVER IN PERSON,steel beige mint maroon indian,SMALL POLISHED STEEL,Brand#42,Supplier#000000049,UNITED STATES,AMERICA,102.99,9013,116,Customer#000000116,BUILDING,8403.99
2342,5,22.00,22750.86,0.08,0.01,AIR,DELIVER IN PERSON,steel beige mint maroon indian,SMALL POLISHED STEEL,Brand#42,Supplier#000000049,UNITED STATES,AMERICA,102.99,9013,121,Customer#000000121,BUILDING,6428.32
2342,5,22.00,22750.86,0.08,0.01,AIR,DELIVER IN PERSON,steel beige mint maroon indian,SMALL POLISHED STEEL,Brand#42,Supplier#000000049,UNITED STATES,AMERICA,102.99,9013,123,Customer#000000123,BUILDING,5897.83
2342,5,22.00,22750.86,0.08,0.01,AIR,DELIVER IN PERSON,steel beige mint maroon indian,SMALL POLISHED STEEL,Brand#42,Supplier#000000049,UNITED STATES,AMERICA,102.99,9013,124,Customer#000000124,AUTOMOBILE,1842.49
2342,5,22.00,22750.86,0.08,0.01,AIR,DELIVER IN PERSON,steel beige mint maroon indian,SMALL POLISHED STEEL,Brand#42,Supplier#000000049,UNITED STATES,AMERICA,102.99,9013,127,Customer#000000127,MACHINERY,9280.71
2342,5,22.00,22750.86,0.08,0.01,AIR,DELIVER IN PERSON,steel beige mint maroon indian,SMALL POLISHED STEEL,Brand#42,Supplier#000000049,UNITED STATES,AMERICA,102.99,9013,133,Customer#000000133,AUTOMOBILE,2314.67
2342,5,22.00,22750.86,0.08,0.01,AIR,DELIVER IN PERSON,steel beige mint maroon indian,SMALL POLISHED STEEL,Brand#42,Supplier#000000049,UNITED STATES,AMERICA,102.99,9013,134,Customer#000000134,BUILDING,4608.90
2342,5,22.00,22750.86,0.08,0.01,AIR,DELIVER IN PERSON,steel beige mint maroon indian,SMALL POLISHED STEEL,Brand#42,Supplier#000000049,UNITED STATES,AMERICA,102.99,9013,139,Customer#000000139,MACHINERY,7897.78
2342,5,22.00,22750.86,0.08,0.01,AIR,DELIVER IN PERSON,steel beige mint maroon indian,SMALL POLISHED STEEL,Brand#42,Supplier#000000049,UNITED STATES,AMERICA,102.99,9013,140,Customer#000000140,MACHINERY,9963.15
2342,5,22.00,22750.86,0.08,0.01,AIR,DELIVER IN PERSON,steel beige mint maroon indian,SMALL POLISHED STEEL,Brand#42,Supplier#000000049,UNITED STATES,AMERICA,102.99,9013,142,Customer#000000142,AUTOMOBILE,2209.81
2342,5,22.00,22750.86,0.08,0.01,AIR,DELIVER IN PERSON,steel beige mint maroon indian,SMALL POLISHED STEEL,Brand#42,Supplier#000000049,UNITED STATES,AMERICA,102.99,9013,143,Customer#000000143,MACHINERY,2186.50
2342,5,22.00,22750.86,0.08,0.01,AIR,DELIVER IN PERSON,steel beige mint maroon indian,SMALL POLISHED STEEL,Brand#42,Supplier#000000049,UNITED STATES,AMERICA,102.99,9013,144,Customer#000000144,MACHINERY,6417.31
2342,5,22.00,22750.86,0.08,0.01,AIR,DELIVER IN PERSON,steel beige mint maroon indian,SMALL POLISHED STEEL,Brand#42,Supplier#000000049,UNITED STATES,AMERICA,102.99,9013,149,Customer#000000149,AUTOMOBILE,8959.65
2342,5,22.00,22750.86,0.08,0.01,AIR,DELIVER IN PERSON,steel beige mint maroon indian,SMALL POLISHED STEEL,Brand#42,Supplier#000000049,UNITED STATES,AMERICA,102.99,9013,150,Customer#000000150,MACHINERY,3849.48
2342,5,22.00,22750.86,0.08,0.01,AIR,DELIVER IN PERSON,steel beige mint maroon indian,SMALL POLISHED STEEL,Brand#42,Supplier#000000049,UNITED STATES,AMERICA,102.99,9013,152,Customer#000000152,BUILDING,1215.18
2342,5,22.00,22750.86,0.08,0.01,AIR,DELIVER IN PERSON,steel beige mint maroon indian,SMALL POLISHED STEEL,Brand#42,Supplier#000000049,UNITED STATES,AMERICA,102.99,9013,155,Customer#000000155,AUTOMOBILE,5902.85
2342,5,22.00,22750.86,0.08,0.01,AIR,DELIVER IN PERSON,steel beige mint maroon indian,SMALL POLISHED STEEL,Brand#42,Supplier#000000049,UNITED STATES,AMERICA,102.99,9013,156,Customer#000000156,AUTOMOBILE,9302.95
2342,5,22.00,22750.86,0.08,0.01,AIR,DELIVER IN PERSON,steel beige mint maroon indian,SMALL POLISHED STEEL,Brand#42,Supplier#000000049,UNITED STATES,AMERICA,102.99,9013,157,Customer#000000157,BUILDING,9768.73
2342,5,22.00,22750.86,0.08,0.01,AIR,DELIVER IN PERSON,steel beige mint maroon indian,SMALL POLISHED STEEL,Brand#42,Supplier#000000049,UNITED STATES,AMERICA,102.99,9013,158,Customer#000000158,AUTOMOBILE,6160.95
2342,5,22.00,22750.86,0.08,0.01,AIR,DELIVER IN PERSON,steel beige mint maroon indian,SMALL POLISHED STEEL,Brand#42,Supplier#000000049,UNITED STATES,AMERICA,102.99,9013,160,Customer#000000160,MACHINERY,4363.17
2342,5,22.00,22750.86,0.08,0.01,AIR,DELIVER IN PERSON,steel beige mint maroon indian,SMALL POLISHED STEEL,Brand#42,Supplier#000000049,UNITED STATES,AMERICA,102.99,9013,161,Customer#000000161,MACHINERY,3714.06
2342,5,22.00,22750.86,0.08,0.01,AIR,DELIVER IN PERSON,steel beige mint maroon indian,SMALL POLISHED STEEL,Brand#42,Supplier#000000049,UNITED STATES,AMERICA,102.99,9013,162,Customer#000000162,MACHINERY,6268.99
2342,5,22.00,22750.86,0.08,0.01,AIR,DELIVER IN PERSON,steel beige mint maroon indian,SMALL POLISHED STEEL,Brand#42,Supplier#000000049,UNITED STATES,AMERICA,102.99,9013,167,Customer#000000167,AUTOMOBILE,1468.09
2342,5,22.00,22750.86,0.08,0.01,AIR,DELIVER IN PERSON,steel beige mint maroon indian,SMALL POLISHED STEEL,Brand#42,Supplier#000000049,UNITED STATES,AMERICA,102.99,9013,170,Customer#000000170,BUILDING,7687.89
2342,5,22.00,22750.86,0.08,0.01,AIR,DELIVER IN PERSON,steel beige mint maroon indian,SMALL POLISHED STEEL,Brand#42,Supplier#000000049,UNITED STATES,AMERICA,102.99,9013,171,Customer#000000171,MACHINERY,2379.91
2342,5,22.00,22750.86,0.08,0.01,AIR,DELIVER IN PERSON,steel beige mint maroon indian,SMALL POLISHED STEEL,Brand#42,Supplier#000000049,UNITED STATES,AMERICA,102.99,9013,172,Customer#000000172,MACHINERY,1134.40
2342,5,22.00,22750.86,0.08,0.01,AIR,DELIVER IN PERSON,steel beige mint maroon indian,SMALL POLISHED STEEL,Brand#42,Supplier#000000049,UNITED STATES,AMERICA,102.99,9013,173,Customer#000000173,BUILDING,845.84
2342,5,22.00,22750.86,0.08,0.01,AIR,DELIVER IN PERSON,steel beige mint maroon indian,SMALL POLISHED STEEL,Brand#42,Supplier#000000049,UNITED STATES,AMERICA,102.99,9013,177,Customer#000000177,BUILDING,7457.50
2342,5,22.00,22750.86,0.08,0.01,AIR,DELIVER IN PERSON,steel beige mint maroon indian,SMALL POLISHED STEEL,Brand#42,Supplier#000000049,UNITED STATES,AMERICA,102.99,9013,182,Customer#000000182,AUTOMOBILE,4810.22
2342,5,22.00,22750.86,0.08,0.01,AIR,DELIVER IN PERSON,steel beige mint maroon indian,SMALL POLISHED STEEL,Brand#42,Supplier#000000049,UNITED STATES,AMERICA,102.99,9013,185,Customer#000000185,BUILDING,2788.76
2342,5,22.00,22750.86,0.08,0.01,AIR,DELIVER IN PERSON,steel beige mint maroon indian,SMALL POLISHED STEEL,Brand#42,Supplier#000000049,UNITED STATES,AMERICA,102.99,9013,188,Customer#000000188,BUILDING,9533.37
2342,5,22.00,22750.86,0.08,0.01,AIR,DELIVER IN PERSON,steel beige mint maroon indian,SMALL POLISHED STEEL,Brand#42,Supplier#000000049,UNITED STATES,AMERICA,102.99,9013,190,Customer#000000190,AUTOMOBILE,1657.46
2342,5,22.00,22750.86,0.08,0.01,AIR,DELIVER IN PERSON,steel beige mint maroon indian,SMALL POLISHED STEEL,Brand#42,Supplier#000000049,UNITED STATES,AMERICA,102.99,9013,191,Customer#000000191,BUILDING,2945.16
2342,5,22.00,22750.86,0.08,0.01,AIR,DELIVER IN PERSON,steel beige mint maroon indian,SMALL POLISHED STEEL,Brand#42,Supplier#000000049,UNITED STATES,AMERICA,102.99,9013,192,Customer#000000192,MACHINERY,8239.96
2342,5,22.00,22750.86,0.08,0.01,AIR,DELIVER IN PERSON,steel beige mint maroon indian,SMALL POLISHED STEEL,Brand#42,Supplier#000000049,UNITED STATES,AMERICA,102.99,9013,193,Customer#000000193,MACHINERY,8024.55
2342,5,22.00,22750.86,0.08,0.01,AIR,DELIVER IN PERSON,steel beige mint maroon indian,SMALL POLISHED STEEL,Brand#42,Supplier#000000049,UNITED STATES,AMERICA,102.99,9013,198,Customer#000000198,AUTOMOBILE,3824.76
2342,5,22.00,22750.86,0.08,0.01,AIR,DELIVER IN PERSON,steel beige mint maroon indian,SMALL POLISHED STEEL,Brand#42,Supplier#000000049,UNITED STATES,AMERICA,102.99,9013,200,Customer#000000200,BUILDING,9967.60
2342,5,22.00,22750.86,0.08,0.01,AIR,DELIVER IN PERSON,steel beige mint maroon indian,SMALL POLISHED STEEL,Brand#42,Supplier#000000049,UNITED STATES,AMERICA,102.99,9013,201,Customer#000000201,MACHINERY,4614.40
2342,5,22.00,22750.86,0.08,0.01,AIR,DELIVER IN PERSON,steel beige mint maroon indian,SMALL POLISHED STEEL,Brand#42,Supplier#000000049,UNITED STATES,AMERICA,102.99,9013,202,Customer#000000202,AUTOMOBILE,2237.64
2342,5,22.00,22750.86,0.08,0.01,AIR,DELIVER IN PERSON,steel beige mint maroon indian,SMALL POLISHED STEEL,Brand#42,Supplier#000000049,UNITED STATES,AMERICA,102.99,9013,203,Customer#000000203,MACHINERY,7960.63
2342,5,22.00,22750.86,0.08,0.01,AIR,DELIVER IN PERSON,steel beige mint maroon indian,SMALL POLISHED STEEL,Brand#42,Supplier#000000049,UNITED STATES,AMERICA,102.99,9013,205,Customer#000000205,BUILDING,7161.52
2342,5,22.00,22750.86,0.08,0.01,AIR,DELIVER IN PERSON,steel beige mint maroon indian,SMALL POLISHED STEEL,Brand#42,Supplier#000000049,UNITED STATES,AMERICA,102.99,9013,208,Customer#000000208,MACHINERY,6239.89
2342,5,22.00,22750.86,0.08,0.01,AIR,DELIVER IN PERSON,steel beige mint maroon indian,SMALL POLISHED STEEL,Brand#42,Supplier#000000049,UNITED STATES,AMERICA,102.99,9013,211,Customer#000000211,BUILDING,4198.72
2342,5,22.00,22750.86,0.08,0.01,AIR,DELIVER IN PERSON,steel beige mint maroon indian,SMALL POLISHED STEEL,Brand#42,Supplier#000000049,UNITED STATES,AMERICA,102.99,9013,212,Customer#000000212,BUILDING,957.58
2342,5,22.00,22750.86,0.08,0.01,AIR,DELIVER IN PERSON,steel beige mint maroon indian,SMALL POLISHED STEEL,Brand#42,Supplier#000000049,UNITED STATES,AMERICA,102.99,9013,214,Customer#000000214,MACHINERY,1526.59
2342,5,22.00,22750.86,0.08,0.01,AIR,DELIVER IN PERSON,steel beige mint maroon indian,SMALL POLISHED STEEL,Brand#42,Supplier#000000049,UNITED STATES,AMERICA,102.99,9013,218,Customer#000000218,MACHINERY,9541.19
2342,5,22.00,22750.86,0.08,0.01,AIR,DELIVER IN PERSON,steel beige mint maroon indian,SMALL POLISHED STEEL,Brand#42,Supplier#000000049,UNITED STATES,AMERICA,102.99,9013,219,Customer#000000219,AUTOMOBILE,9858.57
2342,5,22.00,22750.86,0.08,0.01,AIR,DELIVER IN PERSON,steel beige mint maroon indian,SMALL POLISHED STEEL,Brand#42,Supplier#000000049,UNITED STATES,AMERICA,102.99,9013,220,Customer#000000220,BUILDING,9131.64
2342,5,22.00,22750.86,0.08,0.01,AIR,DELIVER IN PERSON,steel beige mint maroon indian,SMALL POLISHED STEEL,Brand#42,Supplier#000000049,UNITED STATES,AMERICA,102.99,9013,221,Customer#000000221,BUILDING,1609.39
2342,5,22.00,22750.86,0.08,0.01,AIR,DELIVER IN PERSON,steel beige mint maroon indian,SMALL POLISHED STEEL,Brand#42,Supplier#000000049,UNITED STATES,AMERICA,102.99,9013,222,Customer#000000222,BUILDING,8893.76
2342,5,22.00,22750.86,0.08,0.01,AIR,DELIVER IN PERSON,steel beige mint maroon indian,SMALL POLISHED STEEL,Brand#42,Supplier#000000049,UNITED STATES,AMERICA,102.99,9013,223,Customer#000000223,BUILDING,7476.20
2342,5,22.00,22750.86,0.08,0.01,AIR,DELIVER IN PERSON,steel beige mint maroon indian,SMALL POLISHED STEEL,Brand#42,Supplier#000000049,UNITED STATES,AMERICA,102.99,9013,224,Customer#000000224,BUILDING,8465.15
2342,5,22.00,22750.86,0.08,0.01,AIR,DELIVER IN PERSON,steel beige mint maroon indian,SMALL POLISHED STEEL,Brand#42,Supplier#000000049,UNITED STATES,AMERICA,102.99,9013,225,Customer#000000225,AUTOMOBILE,8893.20
2342,5,22.00,22750.86,0.08,0.01,AIR,DELIVER IN PERSON,steel beige mint maroon indian,SMALL POLISHED STEEL,Brand#42,Supplier#000000049,UNITED STATES,AMERICA,102.99,9013,226,Customer#000000226,AUTOMOBILE,9008.61
2342,5,22.00,22750.86,0.08,0.01,AIR,DELIVER IN PERSON,steel beige mint maroon indian,SMALL POLISHED STEEL,Brand#42,Supplier#000000049,UNITED STATES,AMERICA,102.99,9013,227,Customer#000000227,MACHINERY,1808.23
2342,5,22.00,22750.86,0.08,0.01,AIR,DELIVER IN PERSON,steel beige mint maroon indian,SMALL POLISHED STEEL,Brand#42,Supplier#000000049,UNITED STATES,AMERICA,102.99,9013,230,Customer#000000230,MACHINERY,1682.83
2342,5,22.00,22750.86,0.08,0.01,AIR,DELIVER IN PERSON,steel beige mint maroon indian,SMALL POLISHED STEEL,Brand#42,Supplier#000000049,UNITED STATES,AMERICA,102.99,9013,234,Customer#000000234,AUTOMOBILE,8383.51
2342,5,22.00,22750.86,0.08,0.01,AIR,DELIVER IN PERSON,steel beige mint maroon indian,SMALL POLISHED STEEL,Brand#42,Supplier#000000049,UNITED STATES,AMERICA,102.99,9013,235,Customer#000000235,AUTOMOBILE,754.41
2342,5,22.00,22750.86,0.08,0.01,AIR,DELIVER IN PERSON,steel beige mint maroon indian,SMALL POLISHED STEEL,Brand#42,Supplier#000000049,UNITED STATES,AMERICA,102.99,9013,236,Customer#000000236,AUTOMOBILE,5384.59
2342,5,22.00,22750.86,0.08,0.01,AIR,DELIVER IN PERSON,steel beige mint maroon indian,SMALL POLISHED STEEL,Brand#42,Supplier#000000049,UNITED STATES,AMERICA,102.99,9013,240,Customer#000000240,MACHINERY,7139.68
2342,5,22.00,22750.86,0.08,0.01,AIR,DELIVER IN PERSON,steel beige mint maroon indian,SMALL POLISHED STEEL,Brand#42,Supplier#000000049,UNITED STATES,AMERICA,102.99,9013,241,Customer#000000241,AUTOMOBILE,6569.34
2342,5,22.00,22750.86,0.08,0.01,AIR,DELIVER IN PERSON,steel beige mint maroon indian,SMALL POLISHED STEEL,Brand#42,Supplier#000000049,UNITED STATES,AMERICA,102.99,9013,242,Customer#000000242,MACHINERY,1975.41
2342,5,22.00,22750.86,0.08,0.01,AIR,DELIVER IN PERSON,steel beige mint maroon indian,SMALL POLISHED STEEL,Brand#42,Supplier#000000049,UNITED STATES,AMERICA,102.99,9013,243,Customer#000000243,AUTOMOBILE,620.73
2342,5,22.00,22750.86,0.08,0.01,AIR,DELIVER IN PERSON,steel beige mint maroon indian,SMALL POLISHED STEEL,Brand#42,Supplier#000000049,UNITED STATES,AMERICA,102.99,9013,245,Customer#000000245,MACHINERY,3720.15
2342,5,22.00,22750.86,0.08,0.01,AIR,DELIVER IN PERSON,steel beige mint maroon indian,SMALL POLISHED STEEL,Brand#42,Supplier#000000049,UNITED STATES,AMERICA,102.99,9013,246,Customer#000000246,AUTOMOBILE,9584.96
2342,5,22.00,22750.86,0.08,0.01,AIR,DELIVER IN PERSON,steel beige mint maroon indian,SMALL POLISHED STEEL,Brand#42,Supplier#000000049,UNITED STATES,AMERICA,102.99,9013,253,Customer#000000253,AUTOMOBILE,9139.52
2342,5,22.00,22750.86,0.08,0.01,AIR,DELIVER IN PERSON,steel beige mint maroon indian,SMALL POLISHED STEEL,Brand#42,Supplier#000000049,UNITED STATES,AMERICA,102.99,9013,254,Customer#000000254,MACHINERY,1915.35
2342,5,22.00,22750.86,0.08,0.01,AIR,DELIVER IN PERSON,steel beige mint maroon indian,SMALL POLISHED STEEL,Brand#42,Supplier#000000049,UNITED STATES,AMERICA,102.99,9013,255,Customer#000000255,BUILDING,3196.07
2342,5,22.00,22750.86,0.08,0.01,AIR,DELIVER IN PERSON,steel beige mint maroon indian,SMALL POLISHED STEEL,Brand#42,Supplier#000000049,UNITED STATES,AMERICA,102.99,9013,258,Customer#000000258,MACHINERY,6022.27
2342,5,22.00,22750.86,0.08,0.01,AIR,DELIVER IN PERSON,steel beige mint maroon indian,SMALL POLISHED STEEL,Brand#42,Supplier#000000049,UNITED STATES,AMERICA,102.99,9013,260,Customer#000000260,MACHINERY,9196.11
2342,5,22.00,22750.86,0.08,0.01,AIR,DELIVER IN PERSON,steel beige mint maroon indian,SMALL POLISHED STEEL,Brand#42,Supplier#000000049,UNITED STATES,AMERICA,102.99,9013,262,Customer#000000262,AUTOMOBILE,1561.80
2342,5,22.00,22750.86,0.08,0.01,AIR,DELIVER IN PERSON,steel beige mint maroon indian,SMALL POLISHED STEEL,Brand#42,Supplier#000000049,UNITED STATES,AMERICA,102.99,9013,264,Customer#000000264,MACHINERY,3195.83
2342,5,22.00,22750.86,0.08,0.01,AIR,DELIVER IN PERSON,steel beige mint maroon indian,SMALL POLISHED STEEL,Brand#42,Supplier#000000049,UNITED STATES,AMERICA,102.99,9013,265,Customer#000000265,MACHINERY,8275.80
2342,5,22.00,22750.86,0.08,0.01,AIR,DELIVER IN PERSON,steel beige mint maroon indian,SMALL POLISHED STEEL,Brand#42,Supplier#000000049,UNITED STATES,AMERICA,102.99,9013,267,Customer#000000267,AUTOMOBILE,3166.94
2342,5,22.00,22750.86,0.08,0.01,AIR,DELIVER IN PERSON,steel beige mint maroon indian,SMALL POLISHED STEEL,Brand#42,Supplier#000000049,UNITED STATES,AMERICA,102.99,9013,268,Customer#000000268,MACHINERY,6821.01
2342,5,22.00,22750.86,0.08,0.01,AIR,DELIVER IN PERSON,steel beige mint maroon indian,SMALL POLISHED STEEL,Brand#42,Supplier#000000049,UNITED STATES,AMERICA,102.99,9013,269,Customer#000000269,MACHINERY,7667.35
2342,5,22.00,22750.86,0.08,0.01,AIR,DELIVER IN PERSON,steel beige mint maroon indian,SMALL POLISHED STEEL,Brand#42,Supplier#000000049,UNITED STATES,AMERICA,102.99,9013,270,Customer#000000270,AUTOMOBILE,9192.50
2342,5,22.00,22750.86,0.08,0.01,AIR,DELIVER IN PERSON,steel beige mint maroon indian,SMALL POLISHED STEEL,Brand#42,Supplier#000000049,UNITED STATES,AMERICA,102.99,9013,271,Customer#000000271,MACHINERY,1490.35
2342,5,22.00,22750.86,0.08,0.01,AIR,DELIVER IN PERSON,steel beige mint maroon indian,SMALL POLISHED STEEL,Brand#42,Supplier#000000049,UNITED STATES,AMERICA,102.99,9013,275,Customer#000000275,AUTOMOBILE,5067.31
2342,5,22.00,22750.86,0.08,0.01,AIR,DELIVER IN PERSON,steel beige mint maroon indian,SMALL POLISHED STEEL,Brand#42,Supplier#000000049,UNITED STATES,AMERICA,102.99,9013,276,Customer#000000276,AUTOMOBILE,2292.67
2342,5,22.00,22750.86,0.08,0.01,AIR,DELIVER IN PERSON,steel beige mint maroon indian,SMALL POLISHED STEEL,Brand#42,Supplier#000000049,UNITED STATES,AMERICA,102.99,9013,277,Customer#000000277,BUILDING,8876.10
2342,5,22.00,22750.86,0.08,0.01,AIR,DELIVER IN PERSON,steel beige mint maroon indian,SMALL POLISHED STEEL,Brand#42,Supplier#000000049,UNITED STATES,AMERICA,102.99,9013,278,Customer#000000278,BUILDING,7621.56
2342,5,22.00,22750.86,0.08,0.01,AIR,DELIVER IN PERSON,steel beige mint maroon indian,SMALL POLISHED STEEL,Brand#42,Supplier#000000049,UNITED STATES,AMERICA,102.99,9013,279,Customer#000000279,AUTOMOBILE,9663.23
2342,5,22.00,22750.86,0.08,0.01,AIR,DELIVER IN PERSON,steel beige mint maroon indian,SMALL POLISHED STEEL,Brand#42,Supplier#000000049,UNITED STATES,AMERICA,102.99,9013,280,Customer#000000280,BUILDING,3952.84
2342,5,22.00,22750.86,0.08,0.01,AIR,DELIVER IN PERSON,steel beige mint maroon indian,SMALL POLISHED STEEL,Brand#42,Supplier#000000049,UNITED STATES,AMERICA,102.99,9013,281,Customer#000000281,BUILDING,4361.70
2342,5,22.00,22750.86,0.08,0.01,AIR,DELIVER IN PERSON,steel beige mint maroon indian,SMALL POLISHED STEEL,Brand#42,Supplier#000000049,UNITED STATES,AMERICA,102.99,9013,283,Customer#000000283,AUTOMOBILE,4450.03
2342,5,22.00,22750.86,0.08,0.01,AIR,DELIVER IN PERSON,steel beige mint maroon indian,SMALL POLISHED STEEL,Brand#42,Supplier#000000049,UNITED STATES,AMERICA,102.99,9013,284,Customer#000000284,AUTOMOBILE,593.52
2342,5,22.00,22750.86,0.08,0.01,AIR,DELIVER IN PERSON,steel beige mint maroon indian,SMALL POLISHED STEEL,Brand#42,Supplier#000000049,UNITED STATES,AMERICA,102.99,9013,287,Customer#000000287,MACHINERY,1734.18
2342,5,22.00,22750.86,0.08,0.01,AIR,DELIVER IN PERSON,steel beige mint maroon indian,SMALL POLISHED STEEL,Brand#42,Supplier#000000049,UNITED STATES,AMERICA,102.99,9013,290,Customer#000000290,MACHINERY,1811.35
2342,5,22.00,22750.86,0.08,0.01,AIR,DELIVER IN PERSON,steel beige mint maroon indian,SMALL POLISHED STEEL,Brand#42,Supplier#000000049,UNITED STATES,AMERICA,102.99,9013,296,Customer#000000296,BUILDING,8081.52
2342,5,22.00,22750.86,0.08,0.01,AIR,DELIVER IN PERSON,steel beige mint maroon indian,SMALL POLISHED STEEL,Brand#42,Supplier#000000049,UNITED STATES,AMERICA,102.99,9013,298,Customer#000000298,BUILDING,3812.84
2342,5,22.00,22750.86,0.08,0.01,AIR,DELIVER IN PERSON,steel beige mint maroon indian,SMALL POLISHED STEEL,Brand#42,Supplier#000000049,UNITED STATES,AMERICA,102.99,9013,300,Customer#000000300,AUTOMOBILE,8084.92
2342,5,22.00,22750.86,0.08,0.01,AIR,DELIVER IN PERSON,steel beige mint maroon indian,SMALL POLISHED STEEL,Brand#42,Supplier#000000049,UNITED STATES,AMERICA,102.99,9013,302,Customer#000000302,MACHINERY,1107.42
2342,5,22.00,22750.86,0.08,0.01,AIR,DELIVER IN PERSON,steel beige mint maroon indian,SMALL POLISHED STEEL,Brand#42,Supplier#000000049,UNITED STATES,AMERICA,102.99,9013,304,Customer#000000304,MACHINERY,9217.55
2342,5,22.00,22750.86,0.08,0.01,AIR,DELIVER IN PERSON,steel beige mint maroon indian,SMALL POLISHED STEEL,Brand#42,Supplier#000000049,UNITED STATES,AMERICA,102.99,9013,306,Customer#000000306,AUTOMOBILE,3268.01
2342,5,22.00,22750.86,0.08,0.01,AIR,DELIVER IN PERSON,steel beige mint maroon indian,SMALL POLISHED STEEL,Brand#42,Supplier#000000049,UNITED STATES,AMERICA,102.99,9013,311,Customer#000000311,AUTOMOBILE,6589.50
2342,5,22.00,22750.86,0.08,0.01,AIR,DELIVER IN PERSON,steel beige mint maroon indian,SMALL POLISHED STEEL,Brand#42,Supplier#000000049,UNITED STATES,AMERICA,102.99,9013,314,Customer#000000314,MACHINERY,2394.92
2342,5,22.00,22750.86,0.08,0.01,AIR,DELIVER IN PERSON,steel beige mint maroon indian,SMALL POLISHED STEEL,Brand#42,Supplier#000000049,UNITED STATES,AMERICA,102.99,9013,316,Customer#000000316,MACHINERY,4571.78
2342,5,22.00,22750.86,0.08,0.01,AIR,DELIVER IN PERSON,steel beige mint maroon indian,SMALL POLISHED STEEL,Brand#42,Supplier#000000049,UNITED STATES,AMERICA,102.99,9013,320,Customer#000000320,MACHINERY,6082.74
2342,5,22.00,22750.86,0.08,0.01,AIR,DELIVER IN PERSON,steel beige mint maroon indian,SMALL POLISHED STEEL,Brand#42,Supplier#000000049,UNITED STATES,AMERICA,102.99,9013,323,Customer#000000323,AUTOMOBILE,1137.67
2342,5,22.00,22750.86,0.08,0.01,AIR,DELIVER IN PERSON,steel beige mint maroon indian,SMALL POLISHED STEEL,Brand#42,Supplier#000000049,UNITED STATES,AMERICA,102.99,9013,327,Customer#000000327,MACHINERY,8762.16
2342,5,22.00,22750.86,0.08,0.01,AIR,DELIVER IN PERSON,steel beige mint maroon indian,SMALL POLISHED STEEL,Brand#42,Supplier#000000049,UNITED STATES,AMERICA,102.99,9013,328,Customer#000000328,BUILDING,6709.90
2342,5,22.00,22750.86,0.08,0.01,AIR,DELIVER IN PERSON,steel beige mint maroon indian,SMALL POLISHED STEEL,Brand#42,Supplier#000000049,UNITED STATES,AMERICA,102.99,9013,330,Customer#000000330,MACHINERY,8244.73
2342,5,22.00,22750.86,0.08,0.01,AIR,DELIVER IN PERSON,steel beige mint maroon indian,SMALL POLISHED STEEL,Brand#42,Supplier#000000049,UNITED STATES,AMERICA,102.99,9013,333,Customer#000000333,AUTOMOBILE,8018.89
2342,5,22.00,22750.86,0.08,0.01,AIR,DELIVER IN PERSON,steel beige mint maroon indian,SMALL POLISHED STEEL,Brand#42,Supplier#000000049,UNITED STATES,AMERICA,102.99,9013,336,Customer#000000336,AUTOMOBILE,9241.49
2342,5,22.00,22750.86,0.08,0.01,AIR,DELIVER IN PERSON,steel beige mint maroon indian,SMALL POLISHED STEEL,Brand#42,Supplier#000000049,UNITED STATES,AMERICA,102.99,9013,340,Customer#000000340,BUILDING,4667.12
2342,5,22.00,22750.86,0.08,0.01,AIR,DELIVER IN PERSON,steel beige mint maroon indian,SMALL POLISHED STEEL,Brand#42,Supplier#000000049,UNITED STATES,AMERICA,102.99,9013,342,Customer#000000342,AUTOMOBILE,7186.74
2342,5,22.00,22750.86,0.08,0.01,AIR,DELIVER IN PERSON,steel beige mint maroon indian,SMALL POLISHED STEEL,Brand#42,Supplier#000000049,UNITED STATES,AMERICA,102.99,9013,345,Customer#000000345,AUTOMOBILE,1936.77
2342,5,22.00,22750.86,0.08,0.01,AIR,DELIVER IN PERSON,steel beige mint maroon indian,SMALL POLISHED STEEL,Brand#42,Supplier#000000049,UNITED STATES,AMERICA,102.99,9013,347,Customer#000000347,BUILDING,7348.92
2342,5,22.00,22750.86,0.08,0.01,AIR,DELIVER IN PERSON,steel beige mint maroon indian,SMALL POLISHED STEEL,Brand#42,Supplier#000000049,UNITED STATES,AMERICA,102.99,9013,351,Customer#000000351,AUTOMOBILE,3419.54
2342,5,22.00,22750.86,0.08,0.01,AIR,DELIVER IN PERSON,steel beige mint maroon indian,SMALL POLISHED STEEL,Brand#42,Supplier#000000049,UNITED STATES,AMERICA,102.99,9013,353,Customer#000000353,BUILDING,3199.03
2342,5,22.00,22750.86,0.08,0.01,AIR,DELIVER IN PERSON,steel beige mint maroon indian,SMALL POLISHED STEEL,Brand#42,Supplier#000000049,UNITED STATES,AMERICA,102.99,9013,354,Customer#000000354,BUILDING,7095.95
2342,5,22.00,22750.86,0.08,0.01,AIR,DELIVER IN PERSON,steel beige mint maroon indian,SMALL POLISHED STEEL,Brand#42,Supplier#000000049,UNITED STATES,AMERICA,102.99,9013,357,Customer#000000357,AUTOMOBILE,8747.36
2342,5,22.00,22750.86,0.08,0.01,AIR,DELIVER IN PERSON,steel beige mint maroon indian,SMALL POLISHED STEEL,Brand#42,Supplier#000000049,UNITED STATES,AMERICA,102.99,9013,361,Customer#000000361,BUILDING,7451.84
2342,5,22.00,22750.86,0.08,0.01,AIR,DELIVER IN PERSON,steel beige mint maroon indian,SMALL POLISHED STEEL,Brand#42,Supplier#000000049,UNITED STATES,AMERICA,102.99,9013,362,Customer#000000362,AUTOMOBILE,6149.01
2342,5,22.00,22750.86,0.08,0.01,AIR,DELIVER IN PERSON,steel beige mint maroon indian,SMALL POLISHED STEEL,Brand#42,Supplier#000000049,UNITED STATES,AMERICA,102.99,9013,371,Customer#000000371,AUTOMOBILE,7789.14
2342,5,22.00,22750.86,0.08,0.01,AIR,DELIVER IN PERSON,steel beige mint maroon indian,SMALL POLISHED STEEL,Brand#42,Supplier#000000049,UNITED STATES,AMERICA,102.99,9013,373,Customer#000000373,MACHINERY,2354.06
2342,5,22.00,22750.86,0.08,0.01,AIR,DELIVER IN PERSON,steel beige mint maroon indian,SMALL POLISHED STEEL,Brand#42,Supplier#000000049,UNITED STATES,AMERICA,102.99,9013,374,Customer#000000374,AUTOMOBILE,6718.78
2342,5,22.00,22750.86,0.08,0.01,AIR,DELIVER IN PERSON,steel beige mint maroon indian,SMALL POLISHED STEEL,Brand#42,Supplier#000000049,UNITED STATES,AMERICA,102.99,9013,376,Customer#000000376,AUTOMOBILE,4231.45
2342,5,22.00,22750.86,0.08,0.01,AIR,DELIVER IN PERSON,steel beige mint maroon indian,SMALL POLISHED STEEL,Brand#42,Supplier#000000049,UNITED STATES,AMERICA,102.99,9013,377,Customer#000000377,MACHINERY,1043.72
2342,5,22.00,22750.86,0.08,0.01,AIR,DELIVER IN PERSON,steel beige mint maroon indian,SMALL POLISHED STEEL,Brand#42,Supplier#000000049,UNITED STATES,AMERICA,102.99,9013,378,Customer#000000378,BUILDING,5718.05
2342,5,22.00,22750.86,0.08,0.01,AIR,DELIVER IN PERSON,steel beige mint maroon indian,SMALL POLISHED STEEL,Brand#42,Supplier#000000049,UNITED STATES,AMERICA,102.99,9013,379,Customer#000000379,AUTOMOBILE,5348.11
2342,5,22.00,22750.86,0.08,0.01,AIR,DELIVER IN PERSON,steel beige mint maroon indian,SMALL POLISHED STEEL,Brand#42,Supplier#000000049,UNITED STATES,AMERICA,102.99,9013,380,Customer#000000380,BUILDING,2755.46
2342,5,22.00,22750.86,0.08,0.01,AIR,DELIVER IN PERSON,steel beige mint maroon indian,SMALL POLISHED STEEL,Brand#42,Supplier#000000049,UNITED STATES,AMERICA,102.99,9013,381,Customer#000000381,BUILDING,9931.71
2342,5,22.00,22750.86,0.08,0.01,AIR,DELIVER IN PERSON,steel beige mint maroon indian,SMALL POLISHED STEEL,Brand#42,Supplier#000000049,UNITED STATES,AMERICA,102.99,9013,382,Customer#000000382,AUTOMOBILE,6269.42
2342,5,22.00,22750.86,0.08,0.01,AIR,DELIVER IN PERSON,steel beige mint maroon indian,SMALL POLISHED STEEL,Brand#42,Supplier#000000049,UNITED STATES,AMERICA,102.99,9013,385,Customer#000000385,AUTOMOBILE,2457.09
2342,5,22.00,22750.86,0.08,0.01,AIR,DELIVER IN PERSON,steel beige mint maroon indian,SMALL POLISHED STEEL,Brand#42,Supplier#000000049,UNITED STATES,AMERICA,102.99,9013,392,Customer#000000392,BUILDING,8492.33
2342,5,22.00,22750.86,0.08,0.01,AIR,DELIVER IN PERSON,steel beige mint maroon indian,SMALL POLISHED STEEL,Brand#42,Supplier#000000049,UNITED STATES,AMERICA,102.99,9013,394,Customer#000000394,MACHINERY,5200.96
2342,5,22.00,22750.86,0.08,0.01,AIR,DELIVER IN PERSON,steel beige mint maroon indian,SMALL POLISHED STEEL,Brand#42,Supplier#000000049,UNITED STATES,AMERICA,102.99,9013,396,Customer#000000396,BUILDING,1433.50
2342,5,22.00,22750.86,0.08,0.01,AIR,DELIVER IN PERSON,steel beige mint maroon indian,SMALL POLISHED STEEL,Brand#42,Supplier#000000049,UNITED STATES,AMERICA,102.99,9013,399,Customer#000000399,BUILDING,7358.53
2342,5,22.00,22750.86,0.08,0.01,AIR,DELIVER IN PERSON,steel beige mint maroon indian,SMALL POLISHED STEEL,Brand#42,Supplier#000000049,UNITED STATES,AMERICA,102.99,9013,401,Customer#000000401,BUILDING,4146.43
2342,5,22.00,22750.86,0.08,0.01,AIR,DELIVER IN PERSON,steel beige mint maroon indian,SMALL POLISHED STEEL,Brand#42,Supplier#000000049,UNITED STATES,AMERICA,102.99,9013,402,Customer#000000402,AUTOMOBILE,2106.67
2342,5,22.00,22750.86,0.08,0.01,AIR,DELIVER IN PERSON,steel beige mint maroon indian,SMALL POLISHED STEEL,Brand#42,Supplier#000000049,UNITED STATES,AMERICA,102.99,9013,404,Customer#000000404,BUILDING,7408.73
2342,5,22.00,22750.86,0.08,0.01,AIR,DELIVER IN PERSON,steel beige mint maroon indian,SMALL POLISHED STEEL,Brand#42,Supplier#000000049,UNITED STATES,AMERICA,102.99,9013,405,Customer#000000405,MACHINERY,7519.14
2342,5,22.00,22750.86,0.08,0.01,AIR,DELIVER IN PERSON,steel beige mint maroon indian,SMALL POLISHED STEEL,Brand#42,Supplier#000000049,UNITED STATES,AMERICA,102.99,9013,407,Customer#000000407,MACHINERY,9537.08
2342,5,22.00,22750.86,0.08,0.01,AIR,DELIVER IN PERSON,steel beige mint maroon indian,SMALL POLISHED STEEL,Brand#42,Supplier#000000049,UNITED STATES,AMERICA,102.99,9013,408,Customer#000000408,BUILDING,6825.37
2342,5,22.00,22750.86,0.08,0.01,AIR,DELIVER IN PERSON,steel beige mint maroon indian,SMALL POLISHED STEEL,Brand#42,Supplier#000000049,UNITED STATES,AMERICA,102.99,9013,410,Customer#000000410,BUILDING,4349.27
2342,5,22.00,22750.86,0.08,0.01,AIR,DELIVER IN PERSON,steel beige mint maroon indian,SMALL POLISHED STEEL,Brand#42,Supplier#000000049,UNITED STATES,AMERICA,102.99,9013,412,Customer#000000412,BUILDING,6044.02
2342,5,22.00,22750.86,0.08,0.01,AIR,DELIVER IN PERSON,steel beige mint maroon indian,SMALL POLISHED STEEL,Brand#42,Supplier#000000049,UNITED STATES,AMERICA,102.99,9013,414,Customer#000000414,AUTOMOBILE,527.78
2342,5,22.00,22750.86,0.08,0.01,AIR,DELIVER IN PERSON,steel beige mint maroon indian,SMALL POLISHED STEEL,Brand#42,Supplier#000000049,UNITED STATES,AMERICA,102.99,9013,416,Customer#000000416,MACHINERY,4365.28
2342,5,22.00,22750.86,0.08,0.01,AIR,DELIVER IN PERSON,steel beige mint maroon indian,SMALL POLISHED STEEL,Brand#42,Supplier#000000049,UNITED STATES,AMERICA,102.99,9013,417,Customer#000000417,BUILDING,6187.73
2342,5,22.00,22750.86,0.08,0.01,AIR,DELIVER IN PERSON,steel beige mint maroon indian,SMALL POLISHED STEEL,Brand#42,Supplier#000000049,UNITED STATES,AMERICA,102.99,9013,419,Customer#000000419,BUILDING,7786.69
2342,5,22.00,22750.86,0.08,0.01,AIR,DELIVER IN PERSON,steel beige mint maroon indian,SMALL POLISHED STEEL,Brand#42,Supplier#000000049,UNITED STATES,AMERICA,102.99,9013,420,Customer#000000420,BUILDING,1999.35
2342,5,22.00,22750.86,0.08,0.01,AIR,DELIVER IN PERSON,steel beige mint maroon indian,SMALL POLISHED STEEL,Brand#42,Supplier#000000049,UNITED STATES,AMERICA,102.99,9013,427,Customer#000000427,MACHINERY,4376.80
2342,5,22.00,22750.86,0.08,0.01,AIR,DELIVER IN PERSON,steel beige mint maroon indian,SMALL POLISHED STEEL,Brand#42,Supplier#000000049,UNITED STATES,AMERICA,102.99,9013,428,Customer#000000428,BUILDING,1952.36
2342,5,22.00,22750.86,0.08,0.01,AIR,DELIVER IN PERSON,steel beige mint maroon indian,SMALL POLISHED STEEL,Brand#42,Supplier#000000049,UNITED STATES,AMERICA,102.99,9013,430,Customer#000000430,BUILDING,7905.17
2342,5,22.00,22750.86,0.08,0.01,AIR,DELIVER IN PERSON,steel beige mint maroon indian,SMALL POLISHED STEEL,Brand#42,Supplier#000000049,UNITED STATES,AMERICA,102.99,9013,432,Customer#000000432,BUILDING,5715.64
2342,5,22.00,22750.86,0.08,0.01,AIR,DELIVER IN PERSON,steel beige mint maroon indian,SMALL POLISHED STEEL,Brand#42,Supplier#000000049,UNITED STATES,AMERICA,102.99,9013,434,Customer#000000434,MACHINERY,2940.46
2342,5,22.00,22750.86,0.08,0.01,AIR,DELIVER IN PERSON,steel beige mint maroon indian,SMALL POLISHED STEEL,Brand#42,Supplier#000000049,UNITED STATES,AMERICA,102.99,9013,435,Customer#000000435,MACHINERY,6217.46
2342,5,22.00,22750.86,0.08,0.01,AIR,DELIVER IN PERSON,steel beige mint maroon indian,SMALL POLISHED STEEL,Brand#42,Supplier#000000049,UNITED STATES,AMERICA,102.99,9013,437,Customer#000000437,AUTOMOBILE,7760.52
2342,5,22.00,22750.86,0.08,0.01,AIR,DELIVER IN PERSON,steel beige mint maroon indian,SMALL POLISHED STEEL,Brand#42,Supplier#000000049,UNITED STATES,AMERICA,102.99,9013,438,Customer#000000438,MACHINERY,2131.13
2342,5,22.00,22750.86,0.08,0.01,AIR,DELIVER IN PERSON,steel beige mint maroon indian,SMALL POLISHED STEEL,Brand#42,Supplier#000000049,UNITED STATES,AMERICA,102.99,9013,440,Customer#000000440,MACHINERY,1809.04
2342,5,22.00,22750.86,0.08,0.01,AIR,DELIVER IN PERSON,steel beige mint maroon indian,SMALL POLISHED STEEL,Brand#42,Supplier#000000049,UNITED STATES,AMERICA,102.99,9013,448,Customer#000000448,BUILDING,8117.27
2342,5,22.00,22750.86,0.08,0.01,AIR,DELIVER IN PERSON,steel beige mint maroon indian,SMALL POLISHED STEEL,Brand#42,Supplier#000000049,UNITED STATES,AMERICA,102.99,9013,449,Customer#000000449,MACHINERY,3001.94
2342,5,22.00,22750.86,0.08,0.01,AIR,DELIVER IN PERSON,steel beige mint maroon indian,SMALL POLISHED STEEL,Brand#42,Supplier#000000049,UNITED STATES,AMERICA,102.99,9013,452,Customer#000000452,BUILDING,6633.70
2342,5,22.00,22750.86,0.08,0.01,AIR,DELIVER IN PERSON,steel beige mint maroon indian,SMALL POLISHED STEEL,Brand#42,Supplier#000000049,UNITED STATES,AMERICA,102.99,9013,454,Customer#000000454,AUTOMOBILE,6134.40
2342,5,22.00,22750.86,0.08,0.01,AIR,DELIVER IN PERSON,steel beige mint maroon indian,SMALL POLISHED STEEL,Brand#42,Supplier#000000049,UNITED STATES,AMERICA,102.99,9013,455,Customer#000000455,BUILDING,6860.34
2342,5,22.00,22750.86,0.08,0.01,AIR,DELIVER IN PERSON,steel beige mint maroon indian,SMALL POLISHED STEEL,Brand#42,Supplier#000000049,UNITED STATES,AMERICA,102.99,9013,459,Customer#000000459,MACHINERY,1207.97
2342,5,22.00,22750.86,0.08,0.01,AIR,DELIVER IN PERSON,steel beige mint maroon indian,SMALL POLISHED STEEL,Brand#42,Supplier#000000049,UNITED STATES,AMERICA,102.99,9013,461,Customer#000000461,AUTOMOBILE,9177.63
2342,5,22.00,22750.86,0.08,0.01,AIR,DELIVER IN PERSON,steel beige mint maroon indian,SMALL POLISHED STEEL,Brand#42,Supplier#000000049,UNITED STATES,AMERICA,102.99,9013,464,Customer#000000464,AUTOMOBILE,8730.85
2342,5,22.00,22750.86,0.08,0.01,AIR,DELIVER IN PERSON,steel beige mint maroon indian,SMALL POLISHED STEEL,Brand#42,Supplier#000000049,UNITED STATES,AMERICA,102.99,9013,466,Customer#000000466,MACHINERY,3168.41
2342,5,22.00,22750.86,0.08,0.01,AIR,DELIVER IN PERSON,steel beige mint maroon indian,SMALL POLISHED STEEL,Brand#42,Supplier#000000049,UNITED STATES,AMERICA,102.99,9013,467,Customer#000000467,MACHINERY,9398.51
2342,5,22.00,22750.86,0.08,0.01,AIR,DELIVER IN PERSON,steel beige mint maroon indian,SMALL POLISHED STEEL,Brand#42,Supplier#000000049,UNITED STATES,AMERICA,102.99,9013,469,Customer#000000469,BUILDING,6343.64
2342,5,22.00,22750.86,0.08,0.01,AIR,DELIVER IN PERSON,steel beige mint maroon indian,SMALL POLISHED STEEL,Brand#42,Supplier#000000049,UNITED STATES,AMERICA,102.99,9013,472,Customer#000000472,MACHINERY,7929.90
2342,5,22.00,22750.86,0.08,0.01,AIR,DELIVER IN PERSON,steel beige mint maroon indian,SMALL POLISHED STEEL,Brand#42,Supplier#000000049,UNITED STATES,AMERICA,102.99,9013,474,Customer#000000474,MACHINERY,9165.47
2342,5,22.00,22750.86,0.08,0.01,AIR,DELIVER IN PERSON,steel beige mint maroon indian,SMALL POLISHED STEEL,Brand#42,Supplier#000000049,UNITED STATES,AMERICA,102.99,9013,475,Customer#000000475,BUILDING,9043.55
2342,5,22.00,22750.86,0.08,0.01,AIR,DELIVER IN PERSON,steel beige mint maroon indian,SMALL POLISHED STEEL,Brand#42,Supplier#000000049,UNITED STATES,AMERICA,102.99,9013,476,Customer#000000476,BUILDING,5973.10
2342,5,22.00,22750.86,0.08,0.01,AIR,DELIVER IN PERSON,steel beige mint maroon indian,SMALL POLISHED STEEL,Brand#42,Supplier#000000049,UNITED STATES,AMERICA,102.99,9013,477,Customer#000000477,AUTOMOBILE,1836.61
2342,5,22.00,22750.86,0.08,0.01,AIR,DELIVER IN PERSON,steel beige mint maroon indian,SMALL POLISHED STEEL,Brand#42,Supplier#000000049,UNITED STATES,AMERICA,102.99,9013,479,Customer#000000479,AUTOMOBILE,3653.64
2342,5,22.00,22750.86,0.08,0.01,AIR,DELIVER IN PERSON,steel beige mint maroon indian,SMALL POLISHED STEEL,Brand#42,Supplier#000000049,UNITED STATES,AMERICA,102.99,9013,483,Customer#000000483,MACHINERY,8877.20
2342,5,22.00,22750.86,0.08,0.01,AIR,DELIVER IN PERSON,steel beige mint maroon indian,SMALL POLISHED STEEL,Brand#42,Supplier#000000049,UNITED STATES,AMERICA,102.99,9013,484,Customer#000000484,BUILDING,4245.00
2342,5,22.00,22750.86,0.08,0.01,AIR,DELIVER IN PERSON,steel beige mint maroon indian,SMALL POLISHED STEEL,Brand#42,Supplier#000000049,UNITED STATES,AMERICA,102.99,9013,485,Customer#000000485,MACHINERY,8695.45
2342,5,22.00,22750.86,0.08,0.01,AIR,DELIVER IN PERSON,steel beige mint maroon indian,SMALL POLISHED STEEL,Brand#42,Supplier#000000049,UNITED STATES,AMERICA,102.99,9013,486,Customer#000000486,AUTOMOBILE,7487.40
2342,5,22.00,22750.86,0.08,0.01,AIR,DELIVER IN PERSON,steel beige mint maroon indian,SMALL POLISHED STEEL,Brand#42,Supplier#000000049,UNITED STATES,AMERICA,102.99,9013,487,Customer#000000487,AUTOMOBILE,9749.37
2342,5,22.00,22750.86,0.08,0.01,AIR,DELIVER IN PERSON,steel beige mint maroon indian,SMALL POLISHED STEEL,Brand#42,Supplier#000000049,UNITED STATES,AMERICA,102.99,9013,489,Customer#000000489,AUTOMOBILE,8255.83
2342,5,22.00,22750.86,0.08,0.01,AIR,DELIVER IN PERSON,steel beige mint maroon indian,SMALL POLISHED STEEL,Brand#42,Supplier#000000049,UNITED STATES,AMERICA,102.99,9013,491,Customer#000000491,AUTOMOBILE,785.37
2342,5,22.00,22750.86,0.08,0.01,AIR,DELIVER IN PERSON,steel beige mint maroon indian,SMALL POLISHED STEEL,Brand#42,Supplier#000000049,UNITED STATES,AMERICA,102.99,9013,492,Customer#000000492,AUTOMOBILE,8635.18
2342,5,22.00,22750.86,0.08,0.01,AIR,DELIVER IN PERSON,steel beige mint maroon indian,SMALL POLISHED STEEL,Brand#42,Supplier#000000049,UNITED STATES,AMERICA,102.99,9013,493,Customer#000000493,MACHINERY,6582.04
2342,5,22.00,22750.86,0.08,0.01,AIR,DELIVER IN PERSON,steel beige mint maroon indian,SMALL POLISHED STEEL,Brand#42,Supplier#000000049,UNITED STATES,AMERICA,102.99,9013,495,Customer#000000495,BUILDING,7997.81
2342,5,22.00,22750.86,0.08,0.01,AIR,DELIVER IN PERSON,steel beige mint maroon indian,SMALL POLISHED STEEL,Brand#42,Supplier#000000049,UNITED STATES,AMERICA,102.99,9013,496,Customer#000000496,MACHINERY,8174.82
2342,5,22.00,22750.86,0.08,0.01,AIR,DELIVER IN PERSON,steel beige mint maroon indian,SMALL POLISHED STEEL,Brand#42,Supplier#000000049,UNITED STATES,AMERICA,102.99,9013,497,Customer#000000497,BUILDING,2191.59
2342,5,22.00,22750.86,0.08,0.01,AIR,DELIVER IN PERSON,steel beige mint maroon indian,SMALL POLISHED STEEL,Brand#42,Supplier#000000049,UNITED STATES,AMERICA,102.99,9013,498,Customer#000000498,BUILDING,3945.64
2342,5,22.00,22750.86,0.08,0.01,AIR,DELIVER IN PERSON,steel beige mint maroon indian,SMALL POLISHED STEEL,Brand#42,Supplier#000000049,UNITED STATES,AMERICA,102.99,9013,500,Customer#000000500,AUTOMOBILE,3300.82
2342,5,22.00,22750.86,0.08,0.01,AIR,DELIVER IN PERSON,steel beige mint maroon indian,SMALL POLISHED STEEL,Brand#42,Supplier#000000049,UNITED STATES,AMERICA,102.99,9013,503,Customer#000000503,MACHINERY,3213.66
2342,5,22.00,22750.86,0.08,0.01,AIR,DELIVER IN PERSON,steel beige mint maroon indian,SMALL POLISHED STEEL,Brand#42,Supplier#000000049,UNITED STATES,AMERICA,102.99,9013,507,Customer#000000507,MACHINERY,5727.00
2342,5,22.00,22750.86,0.08,0.01,AIR,DELIVER IN PERSON,steel beige mint maroon indian,SMALL POLISHED STEEL,Brand#42,Supplier#000000049,UNITED STATES,AMERICA,102.99,9013,508,Customer#000000508,BUILDING,1685.90
2342,5,22.00,22750.86,0.08,0.01,AIR,DELIVER IN PERSON,steel beige mint maroon indian,SMALL POLISHED STEEL,Brand#42,Supplier#000000049,UNITED STATES,AMERICA,102.99,9013,512,Customer#000000512,BUILDING,3937.58
2342,5,22.00,22750.86,0.08,0.01,AIR,DELIVER IN PERSON,steel beige mint maroon indian,SMALL POLISHED STEEL,Brand#42,Supplier#000000049,UNITED STATES,AMERICA,102.99,9013,514,Customer#000000514,BUILDING,5840.97
2342,5,22.00,22750.86,0.08,0.01,AIR,DELIVER IN PERSON,steel beige mint maroon indian,SMALL POLISHED STEEL,Brand#42,Supplier#000000049,UNITED STATES,AMERICA,102.99,9013,515,Customer#000000515,BUILDING,3225.07
2342,5,22.00,22750.86,0.08,0.01,AIR,DELIVER IN PERSON,steel beige mint maroon indian,SMALL POLISHED STEEL,Brand#42,Supplier#000000049,UNITED STATES,AMERICA,102.99,9013,516,Customer#000000516,MACHINERY,4768.96
2342,5,22.00,22750.86,0.08,0.01,AIR,DELIVER IN PERSON,steel beige mint maroon indian,SMALL POLISHED STEEL,Brand#42,Supplier#000000049,UNITED STATES,AMERICA,102.99,9013,518,Customer#000000518,BUILDING,9871.66
2342,5,22.00,22750.86,0.08,0.01,AIR,DELIVER IN PERSON,steel beige mint maroon indian,SMALL POLISHED STEEL,Brand#42,Supplier#000000049,UNITED STATES,AMERICA,102.99,9013,519,Customer#000000519,BUILDING,9074.45
2342,5,22.00,22750.86,0.08,0.01,AIR,DELIVER IN PERSON,steel beige mint maroon indian,SMALL POLISHED STEEL,Brand#42,Supplier#000000049,UNITED STATES,AMERICA,102.99,9013,521,Customer#000000521,MACHINERY,5830.69
2342,5,22.00,22750.86,0.08,0.01,AIR,DELIVER IN PERSON,steel beige mint maroon indian,SMALL POLISHED STEEL,Brand#42,Supplier#000000049,UNITED STATES,AMERICA,102.99,9013,522,Customer#000000522,BUILDING,6358.46
2342,5,22.00,22750.86,0.08,0.01,AIR,DELIVER IN PERSON,steel beige mint maroon indian,SMALL POLISHED STEEL,Brand#42,Supplier#000000049,UNITED STATES,AMERICA,102.99,9013,525,Customer#000000525,AUTOMOBILE,3931.68
2342,5,22.00,22750.86,0.08,0.01,AIR,DELIVER IN PERSON,steel beige mint maroon indian,SMALL POLISHED STEEL,Brand#42,Supplier#000000049,UNITED STATES,AMERICA,102.99,9013,528,Customer#000000528,AUTOMOBILE,1802.50
2342,5,22.00,22750.86,0.08,0.01,AIR,DELIVER IN PERSON,steel beige mint maroon indian,SMALL POLISHED STEEL,Brand#42,Supplier#000000049,UNITED STATES,AMERICA,102.99,9013,530,Customer#000000530,BUILDING,4990.92
2342,5,22.00,22750.86,0.08,0.01,AIR,DELIVER IN PERSON,steel beige mint maroon indian,SMALL POLISHED STEEL,Brand#42,Supplier#000000049,UNITED STATES,AMERICA,102.99,9013,532,Customer#000000532,MACHINERY,1725.68
2342,5,22.00,22750.86,0.08,0.01,AIR,DELIVER IN PERSON,steel beige mint maroon indian,SMALL POLISHED STEEL,Brand#42,Supplier#000000049,UNITED STATES,AMERICA,102.99,9013,534,Customer#000000534,AUTOMOBILE,6520.97
2342,5,22.00,22750.86,0.08,0.01,AIR,DELIVER IN PERSON,steel beige mint maroon indian,SMALL POLISHED STEEL,Brand#42,Supplier#000000049,UNITED STATES,AMERICA,102.99,9013,535,Customer#000000535,BUILDING,2912.80
2342,5,22.00,22750.86,0.08,0.01,AIR,DELIVER IN PERSON,steel beige mint maroon indian,SMALL POLISHED STEEL,Brand#42,Supplier#000000049,UNITED STATES,AMERICA,102.99,9013,536,Customer#000000536,MACHINERY,3342.75
2342,5,22.00,22750.86,0.08,0.01,AIR,DELIVER IN PERSON,steel beige mint maroon indian,SMALL POLISHED STEEL,Brand#42,Supplier#000000049,UNITED STATES,AMERICA,102.99,9013,540,Customer#000000540,MACHINERY,9195.77
2342,5,22.00,22750.86,0.08,0.01,AIR,DELIVER IN PERSON,steel beige mint maroon indian,SMALL POLISHED STEEL,Brand#42,Supplier#000000049,UNITED STATES,AMERICA,102.99,9013,542,Customer#000000542,BUILDING,3109.96
2342,5,22.00,22750.86,0.08,0.01,AIR,DELIVER IN PERSON,steel beige mint maroon indian,SMALL POLISHED STEEL,Brand#42,Supplier#000000049,UNITED STATES,AMERICA,102.99,9013,543,Customer#000000543,AUTOMOBILE,6089.13
2342,5,22.00,22750.86,0.08,0.01,AIR,DELIVER IN PERSON,steel beige mint maroon indian,SMALL POLISHED STEEL,Brand#42,Supplier#000000049,UNITED STATES,AMERICA,102.99,9013,544,Customer#000000544,AUTOMOBILE,4974.68
2342,5,22.00,22750.86,0.08,0.01,AIR,DELIVER IN PERSON,steel beige mint maroon indian,SMALL POLISHED STEEL,Brand#42,Supplier#000000049,UNITED STATES,AMERICA,102.99,9013,545,Customer#000000545,AUTOMOBILE,7505.33
2342,5,22.00,22750.86,0.08,0.01,AIR,DELIVER IN PERSON,steel beige mint maroon indian,SMALL POLISHED STEEL,Brand#42,Supplier#000000049,UNITED STATES,AMERICA,102.99,9013,546,Customer#000000546,MACHINERY,3116.50
2342,5,22.00,22750.86,0.08,0.01,AIR,DELIVER IN PERSON,steel beige mint maroon indian,SMALL POLISHED STEEL,Brand#42,Supplier#000000049,UNITED STATES,AMERICA,102.99,9013,547,Customer#000000547,BUILDING,6058.08
2342,5,22.00,22750.86,0.08,0.01,AIR,DELIVER IN PERSON,steel beige mint maroon indian,SMALL POLISHED STEEL,Brand#42,Supplier#000000049,UNITED STATES,AMERICA,102.99,9013,553,Customer#000000553,BUILDING,4804.57
2342,5,22.00,22750.86,0.08,0.01,AIR,DELIVER IN PERSON,steel beige mint maroon indian,SMALL POLISHED STEEL,Brand#42,Supplier#000000049,UNITED STATES,AMERICA,102.99,9013,555,Customer#000000555,BUILDING,5486.52
2342,5,22.00,22750.86,0.08,0.01,AIR,DELIVER IN PERSON,steel beige mint maroon indian,SMALL POLISHED STEEL,Brand#42,Supplier#000000049,UNITED STATES,AMERICA,102.99,9013,556,Customer#000000556,MACHINERY,7944.22
2342,5,22.00,22750.86,0.08,0.01,AIR,DELIVER IN PERSON,steel beige mint maroon indian,SMALL POLISHED STEEL,Brand#42,Supplier#000000049,UNITED STATES,AMERICA,102.99,9013,557,Customer#000000557,BUILDING,9559.04
2342,5,22.00,22750.86,0.08,0.01,AIR,DELIVER IN PERSON,steel beige mint maroon indian,SMALL POLISHED STEEL,Brand#42,Supplier#000000049,UNITED STATES,AMERICA,102.99,9013,560,Customer#000000560,BUILDING,1469.59
2342,5,22.00,22750.86,0.08,0.01,AIR,DELIVER IN PERSON,steel beige mint maroon indian,SMALL POLISHED STEEL,Brand#42,Supplier#000000049,UNITED STATES,AMERICA,102.99,9013,562,Customer#000000562,BUILDING,9234.50
2342,5,22.00,22750.86,0.08,0.01,AIR,DELIVER IN PERSON,steel beige mint maroon indian,SMALL POLISHED STEEL,Brand#42,Supplier#000000049,UNITED STATES,AMERICA,102.99,9013,564,Customer#000000564,MACHINERY,6307.59
2342,5,22.00,22750.86,0.08,0.01,AIR,DELIVER IN PERSON,steel beige mint maroon indian,SMALL POLISHED STEEL,Brand#42,Supplier#000000049,UNITED STATES,AMERICA,102.99,9013,567,Customer#000000567,BUILDING,8475.17
2342,5,22.00,22750.86,0.08,0.01,AIR,DELIVER IN PERSON,steel beige mint maroon indian,SMALL POLISHED STEEL,Brand#42,Supplier#000000049,UNITED STATES,AMERICA,102.99,9013,568,Customer#000000568,BUILDING,1317.56
2342,5,22.00,22750.86,0.08,0.01,AIR,DELIVER IN PERSON,steel beige mint maroon indian,SMALL POLISHED STEEL,Brand#42,Supplier#000000049,UNITED STATES,AMERICA,102.99,9013,570,Customer#000000570,AUTOMOBILE,8480.87
2342,5,22.00,22750.86,0.08,0.01,AIR,DELIVER IN PERSON,steel beige mint maroon indian,SMALL POLISHED STEEL,Brand#42,Supplier#000000049,UNITED STATES,AMERICA,102.99,9013,572,Customer#000000572,AUTOMOBILE,7252.65
2342,5,22.00,22750.86,0.08,0.01,AIR,DELIVER IN PERSON,steel beige mint maroon indian,SMALL POLISHED STEEL,Brand#42,Supplier#000000049,UNITED STATES,AMERICA,102.99,9013,575,Customer#000000575,BUILDING,3652.29
2342,5,22.00,22750.86,0.08,0.01,AIR,DELIVER IN PERSON,steel beige mint maroon indian,SMALL POLISHED STEEL,Brand#42,Supplier#000000049,UNITED STATES,AMERICA,102.99,9013,579,Customer#000000579,MACHINERY,1924.96
2342,5,22.00,22750.86,0.08,0.01,AIR,DELIVER IN PERSON,steel beige mint maroon indian,SMALL POLISHED STEEL,Brand#42,Supplier#000000049,UNITED STATES,AMERICA,102.99,9013,581,Customer#000000581,MACHINERY,3242.10
2342,5,22.00,22750.86,0.08,0.01,AIR,DELIVER IN PERSON,steel beige mint maroon indian,SMALL POLISHED STEEL,Brand#42,Supplier#000000049,UNITED STATES,AMERICA,102.99,9013,584,Customer#000000584,MACHINERY,8825.71
2342,5,22.00,22750.86,0.08,0.01,AIR,DELIVER IN PERSON,steel beige mint maroon indian,SMALL POLISHED STEEL,Brand#42,Supplier#000000049,UNITED STATES,AMERICA,102.99,9013,585,Customer#000000585,MACHINERY,7820.26
2342,5,22.00,22750.86,0.08,0.01,AIR,DELIVER IN PERSON,steel beige mint maroon indian,SMALL POLISHED STEEL,Brand#42,Supplier#000000049,UNITED STATES,AMERICA,102.99,9013,586,Customer#000000586,AUTOMOBILE,5134.35
2342,5,22.00,22750.86,0.08,0.01,AIR,DELIVER IN PERSON,steel beige mint maroon indian,SMALL POLISHED STEEL,Brand#42,Supplier#000000049,UNITED STATES,AMERICA,102.99,9013,590,Customer#000000590,MACHINERY,3993.54
2342,5,22.00,22750.86,0.08,0.01,AIR,DELIVER IN PERSON,steel beige mint maroon indian,SMALL POLISHED STEEL,Brand#42,Supplier#000000049,UNITED STATES,AMERICA,102.99,9013,591,Customer#000000591,MACHINERY,6344.66
2342,5,22.00,22750.86,0.08,0.01,AIR,DELIVER IN PERSON,steel beige mint maroon indian,SMALL POLISHED STEEL,Brand#42,Supplier#000000049,UNITED STATES,AMERICA,102.99,9013,592,Customer#000000592,BUILDING,9712.75
2342,5,22.00,22750.86,0.08,0.01,AIR,DELIVER IN PERSON,steel beige mint maroon indian,SMALL POLISHED STEEL,Brand#42,Supplier#000000049,UNITED STATES,AMERICA,102.99,9013,596,Customer#000000596,MACHINERY,1722.88
2342,5,22.00,22750.86,0.08,0.01,AIR,DELIVER IN PERSON,steel beige mint maroon indian,SMALL POLISHED STEEL,Brand#42,Supplier#000000049,UNITED STATES,AMERICA,102.99,9013,597,Customer#000000597,AUTOMOBILE,2443.52
2342,5,22.00,22750.86,0.08,0.01,AIR,DELIVER IN PERSON,steel beige mint maroon indian,SMALL POLISHED STEEL,Brand#42,Supplier#000000049,UNITED STATES,AMERICA,102.99,9013,601,Customer#000000601,BUILDING,9768.21
2342,5,22.00,22750.86,0.08,0.01,AIR,DELIVER IN PERSON,steel beige mint maroon indian,SMALL POLISHED STEEL,Brand#42,Supplier#000000049,UNITED STATES,AMERICA,102.99,9013,602,Customer#000000602,BUILDING,8404.90
2342,5,22.00,22750.86,0.08,0.01,AIR,DELIVER IN PERSON,steel beige mint maroon indian,SMALL POLISHED STEEL,Brand#42,Supplier#000000049,UNITED STATES,AMERICA,102.99,9013,606,Customer#000000606,AUTOMOBILE,9676.98
2342,5,22.00,22750.86,0.08,0.01,AIR,DELIVER IN PERSON,steel beige mint maroon indian,SMALL POLISHED STEEL,Brand#42,Supplier#000000049,UNITED STATES,AMERICA,102.99,9013,608,Customer#000000608,BUILDING,2256.36
2342,5,22.00,22750.86,0.08,0.01,AIR,DELIVER IN PERSON,steel beige mint maroon indian,SMALL POLISHED STEEL,Brand#42,Supplier#000000049,UNITED STATES,AMERICA,102.99,9013,610,Customer#000000610,BUILDING,3374.92
2342,5,22.00,22750.86,0.08,0.01,AIR,DELIVER IN PERSON,steel beige mint maroon indian,SMALL POLISHED STEEL,Brand#42,Supplier#000000049,UNITED STATES,AMERICA,102.99,9013,613,Customer#000000613,AUTOMOBILE,6679.75
2342,5,22.00,22750.86,0.08,0.01,AIR,DELIVER IN PERSON,steel beige mint maroon indian,SMALL POLISHED STEEL,Brand#42,Supplier#000000049,UNITED STATES,AMERICA,102.99,9013,620,Customer#000000620,AUTOMOBILE,5795.15
2342,5,22.00,22750.86,0.08,0.01,AIR,DELIVER IN PERSON,steel beige mint maroon indian,SMALL POLISHED STEEL,Brand#42,Supplier#000000049,UNITED STATES,AMERICA,102.99,9013,623,Customer#000000623,BUILDING,7887.60
2342,5,22.00,22750.86,0.08,0.01,AIR,DELIVER IN PERSON,steel beige mint maroon indian,SMALL POLISHED STEEL,Brand#42,Supplier#000000049,UNITED STATES,AMERICA,102.99,9013,624,Customer#000000624,MACHINERY,3907.11
2342,5,22.00,22750.86,0.08,0.01,AIR,DELIVER IN PERSON,steel beige mint maroon indian,SMALL POLISHED STEEL,Brand#42,Supplier#000000049,UNITED STATES,AMERICA,102.99,9013,631,Customer#000000631,MACHINERY,2603.00
2342,5,22.00,22750.86,0.08,0.01,AIR,DELIVER IN PERSON,steel beige mint maroon indian,SMALL POLISHED STEEL,Brand#42,Supplier#000000049,UNITED STATES,AMERICA,102.99,9013,635,Customer#000000635,AUTOMOBILE,8216.79
2342,5,22.00,22750.86,0.08,0.01,AIR,DELIVER IN PERSON,steel beige mint maroon indian,SMALL POLISHED STEEL,Brand#42,Supplier#000000049,UNITED STATES,AMERICA,102.99,9013,639,Customer#000000639,MACHINERY,4899.15
2342,5,22.00,22750.86,0.08,0.01,AIR,DELIVER IN PERSON,steel beige mint maroon indian,SMALL POLISHED STEEL,Brand#42,Supplier#000000049,UNITED STATES,AMERICA,102.99,9013,642,Customer#000000642,AUTOMOBILE,5684.01
2342,5,22.00,22750.86,0.08,0.01,AIR,DELIVER IN PERSON,steel beige mint maroon indian,SMALL POLISHED STEEL,Brand#42,Supplier#000000049,UNITED STATES,AMERICA,102.99,9013,645,Customer#000000645,BUILDING,1146.49
2342,5,22.00,22750.86,0.08,0.01,AIR,DELIVER IN PERSON,steel beige mint maroon indian,SMALL POLISHED STEEL,Brand#42,Supplier#000000049,UNITED STATES,AMERICA,102.99,9013,649,Customer#000000649,BUILDING,9442.55
2342,5,22.00,22750.86,0.08,0.01,AIR,DELIVER IN PERSON,steel beige mint maroon indian,SMALL POLISHED STEEL,Brand#42,Supplier#000000049,UNITED STATES,AMERICA,102.99,9013,650,Customer#000000650,AUTOMOBILE,2086.91
2342,5,22.00,22750.86,0.08,0.01,AIR,DELIVER IN PERSON,steel beige mint maroon indian,SMALL POLISHED STEEL,Brand#42,Supplier#000000049,UNITED STATES,AMERICA,102.99,9013,653,Customer#000000653,BUILDING,7307.55
2342,5,22.00,22750.86,0.08,0.01,AIR,DELIVER IN PERSON,steel beige mint maroon indian,SMALL POLISHED STEEL,Brand#42,Supplier#000000049,UNITED STATES,AMERICA,102.99,9013,654,Customer#000000654,AUTOMOBILE,1067.04
2342,5,22.00,22750.86,0.08,0.01,AIR,DELIVER IN PERSON,steel beige mint maroon indian,SMALL POLISHED STEEL,Brand#42,Supplier#000000049,UNITED STATES,AMERICA,102.99,9013,662,Customer#000000662,BUILDING,4517.33
2342,5,22.00,22750.86,0.08,0.01,AIR,DELIVER IN PERSON,steel beige mint maroon indian,SMALL POLISHED STEEL,Brand#42,Supplier#000000049,UNITED STATES,AMERICA,102.99,9013,663,Customer#000000663,AUTOMOBILE,9698.21
2342,5,22.00,22750.86,0.08,0.01,AIR,DELIVER IN PERSON,steel beige mint maroon indian,SMALL POLISHED STEEL,Brand#42,Supplier#000000049,UNITED STATES,AMERICA,102.99,9013,664,Customer#000000664,BUILDING,8878.22
2342,5,22.00,22750.86,0.08,0.01,AIR,DELIVER IN PERSON,steel beige mint maroon indian,SMALL POLISHED STEEL,Brand#42,Supplier#000000049,UNITED STATES,AMERICA,102.99,9013,666,Customer#000000666,AUTOMOBILE,4538.54
2342,5,22.00,22750.86,0.08,0.01,AIR,DELIVER IN PERSON,steel beige mint maroon indian,SMALL POLISHED STEEL,Brand#42,Supplier#000000049,UNITED STATES,AMERICA,102.99,9013,669,Customer#000000669,MACHINERY,6019.20
2342,5,22.00,22750.86,0.08,0.01,AIR,DELIVER IN PERSON,steel beige mint maroon indian,SMALL POLISHED STEEL,Brand#42,Supplier#000000049,UNITED STATES,AMERICA,102.99,9013,670,Customer#000000670,BUILDING,6738.93
2342,5,22.00,22750.86,0.08,0.01,AIR,DELIVER IN PERSON,steel beige mint maroon indian,SMALL POLISHED STEEL,Brand#42,Supplier#000000049,UNITED STATES,AMERICA,102.99,9013,672,Customer#000000672,BUILDING,7778.95
2342,5,22.00,22750.86,0.08,0.01,AIR,DELIVER IN PERSON,steel beige mint maroon indian,SMALL POLISHED STEEL,Brand#42,Supplier#000000049,UNITED STATES,AMERICA,102.99,9013,673,Customer#000000673,MACHINERY,3942.58
2342,5,22.00,22750.86,0.08,0.01,AIR,DELIVER IN PERSON,steel beige mint maroon indian,SMALL POLISHED STEEL,Brand#42,Supplier#000000049,UNITED STATES,AMERICA,102.99,9013,674,Customer#000000674,BUILDING,7889.64
2342,5,22.00,22750.86,0.08,0.01,AIR,DELIVER IN PERSON,steel beige mint maroon indian,SMALL POLISHED STEEL,Brand#42,Supplier#000000049,UNITED STATES,AMERICA,102.99,9013,677,Customer#000000677,AUTOMOBILE,5582.63
2342,5,22.00,22750.86,0.08,0.01,AIR,DELIVER IN PERSON,steel beige mint maroon indian,SMALL POLISHED STEEL,Brand#42,Supplier#000000049,UNITED STATES,AMERICA,102.99,9013,679,Customer#000000679,AUTOMOBILE,1394.44
2342,5,22.00,22750.86,0.08,0.01,AIR,DELIVER IN PERSON,steel beige mint maroon indian,SMALL POLISHED STEEL,Brand#42,Supplier#000000049,UNITED STATES,AMERICA,102.99,9013,680,Customer#000000680,AUTOMOBILE,4366.23
2342,5,22.00,22750.86,0.08,0.01,AIR,DELIVER IN PERSON,steel beige mint maroon indian,SMALL POLISHED STEEL,Brand#42,Supplier#000000049,UNITED STATES,AMERICA,102.99,9013,682,Customer#000000682,AUTOMOBILE,7420.60
2342,5,22.00,22750.86,0.08,0.01,AIR,DELIVER IN PERSON,steel beige mint maroon indian,SMALL POLISHED STEEL,Brand#42,Supplier#000000049,UNITED STATES,AMERICA,102.99,9013,683,Customer#000000683,MACHINERY,9120.93
2342,5,22.00,22750.86,0.08,0.01,AIR,DELIVER IN PERSON,steel beige mint maroon indian,SMALL POLISHED STEEL,Brand#42,Supplier#000000049,UNITED STATES,AMERICA,102.99,9013,685,Customer#000000685,MACHINERY,2039.84
2342,5,22.00,22750.86,0.08,0.01,AIR,DELIVER IN PERSON,steel beige mint maroon indian,SMALL POLISHED STEEL,Brand#42,Supplier#000000049,UNITED STATES,AMERICA,102.99,9013,689,Customer#000000689,MACHINERY,1481.24
2342,5,22.00,22750.86,0.08,0.01,AIR,DELIVER IN PERSON,steel beige mint maroon indian,SMALL POLISHED STEEL,Brand#42,Supplier#000000049,UNITED STATES,AMERICA,102.99,9013,691,Customer#000000691,MACHINERY,9566.15
2342,5,22.00,22750.86,0.08,0.01,AIR,DELIVER IN PERSON,steel beige mint maroon indian,SMALL POLISHED STEEL,Brand#42,Supplier#000000049,UNITED STATES,AMERICA,102.99,9013,693,Customer#000000693,AUTOMOBILE,6577.21
2342,5,22.00,22750.86,0.08,0.01,AIR,DELIVER IN PERSON,steel beige mint maroon indian,SMALL POLISHED STEEL,Brand#42,Supplier#000000049,UNITED STATES,AMERICA,102.99,9013,694,Customer#000000694,BUILDING,2222.65
2342,5,22.00,22750.86,0.08,0.01,AIR,DELIVER IN PERSON,steel beige mint maroon indian,SMALL POLISHED STEEL,Brand#42,Supplier#000000049,UNITED STATES,AMERICA,102.99,9013,697,Customer#000000697,AUTOMOBILE,8121.84
2342,5,22.00,22750.86,0.08,0.01,AIR,DELIVER IN PERSON,steel beige mint maroon indian,SMALL POLISHED STEEL,Brand#42,Supplier#000000049,UNITED STATES,AMERICA,102.99,9013,698,Customer#000000698,BUILDING,2894.22
2342,5,22.00,22750.86,0.08,0.01,AIR,DELIVER IN PERSON,steel beige mint maroon indian,SMALL POLISHED STEEL,Brand#42,Supplier#000000049,UNITED STATES,AMERICA,102.99,9013,700,Customer#000000700,MACHINERY,4367.53
2342,5,22.00,22750.86,0.08,0.01,AIR,DELIVER IN PERSON,steel beige mint maroon indian,SMALL POLISHED STEEL,Brand#42,Supplier#000000049,UNITED STATES,AMERICA,102.99,9013,703,Customer#000000703,AUTOMOBILE,3998.42
2342,5,22.00,22750.86,0.08,0.01,AIR,DELIVER IN PERSON,steel beige mint maroon indian,SMALL POLISHED STEEL,Brand#42,Supplier#000000049,UNITED STATES,AMERICA,102.99,9013,705,Customer#000000705,BUILDING,3199.00
2342,5,22.00,22750.86,0.08,0.01,AIR,DELIVER IN PERSON,steel beige mint maroon indian,SMALL POLISHED STEEL,Brand#42,Supplier#000000049,UNITED STATES,AMERICA,102.99,9013,706,Customer#000000706,AUTOMOBILE,6496.08
2342,5,22.00,22750.86,0.08,0.01,AIR,DELIVER IN PERSON,steel beige mint maroon indian,SMALL POLISHED STEEL,Brand#42,Supplier#000000049,UNITED STATES,AMERICA,102.99,9013,708,Customer#000000708,BUILDING,2297.33
2342,5,22.00,22750.86,0.08,0.01,AIR,DELIVER IN PERSON,steel beige mint maroon indian,SMALL POLISHED STEEL,Brand#42,Supplier#000000049,UNITED STATES,AMERICA,102.99,9013,711,Customer#000000711,MACHINERY,9591.51
2342,5,22.00,22750.86,0.08,0.01,AIR,DELIVER IN PERSON,steel beige mint maroon indian,SMALL POLISHED STEEL,Brand#42,Supplier#000000049,UNITED STATES,AMERICA,102.99,9013,712,Customer#000000712,BUILDING,8667.09
2342,5,22.00,22750.86,0.08,0.01,AIR,DELIVER IN PERSON,steel beige mint maroon indian,SMALL POLISHED STEEL,Brand#42,Supplier#000000049,UNITED STATES,AMERICA,102.99,9013,713,Customer#000000713,MACHINERY,3829.03
2342,5,22.00,22750.86,0.08,0.01,AIR,DELIVER IN PERSON,steel beige mint maroon indian,SMALL POLISHED STEEL,Brand#42,Supplier#000000049,UNITED STATES,AMERICA,102.99,9013,714,Customer#000000714,BUILDING,2438.10
2342,5,22.00,22750.86,0.08,0.01,AIR,DELIVER IN PERSON,steel beige mint maroon indian,SMALL POLISHED STEEL,Brand#42,Supplier#000000049,UNITED STATES,AMERICA,102.99,9013,716,Customer#000000716,AUTOMOBILE,8364.99
2342,5,22.00,22750.86,0.08,0.01,AIR,DELIVER IN PERSON,steel beige mint maroon indian,SMALL POLISHED STEEL,Brand#42,Supplier#000000049,UNITED STATES,AMERICA,102.99,9013,717,Customer#000000717,MACHINERY,8510.94
2342,5,22.00,22750.86,0.08,0.01,AIR,DELIVER IN PERSON,steel beige mint maroon indian,SMALL POLISHED STEEL,Brand#42,Supplier#000000049,UNITED STATES,AMERICA,102.99,9013,721,Customer#000000721,AUTOMOBILE,3420.64
2342,5,22.00,22750.86,0.08,0.01,AIR,DELIVER IN PERSON,steel beige mint maroon indian,SMALL POLISHED STEEL,Brand#42,Supplier#000000049,UNITED STATES,AMERICA,102.99,9013,722,Customer#000000722,BUILDING,2724.80
2342,5,22.00,22750.86,0.08,0.01,AIR,DELIVER IN PERSON,steel beige mint maroon indian,SMALL POLISHED STEEL,Brand#42,Supplier#000000049,UNITED STATES,AMERICA,102.99,9013,723,Customer#000000723,BUILDING,738.57
2342,5,22.00,22750.86,0.08,0.01,AIR,DELIVER IN PERSON,steel beige mint maroon indian,SMALL POLISHED STEEL,Brand#42,Supplier#000000049,UNITED STATES,AMERICA,102.99,9013,724,Customer#000000724,AUTOMOBILE,3035.29
2342,5,22.00,22750.86,0.08,0.01,AIR,DELIVER IN PERSON,steel beige mint maroon indian,SMALL POLISHED STEEL,Brand#42,Supplier#000000049,UNITED STATES,AMERICA,102.99,9013,726,Customer#000000726,BUILDING,6253.81
2342,5,22.00,22750.86,0.08,0.01,AIR,DELIVER IN PERSON,steel beige mint maroon indian,SMALL POLISHED STEEL,Brand#42,Supplier#000000049,UNITED STATES,AMERICA,102.99,9013,728,Customer#000000728,BUILDING,4349.73
2342,5,22.00,22750.86,0.08,0.01,AIR,DELIVER IN PERSON,steel beige mint maroon indian,SMALL POLISHED STEEL,Brand#42,Supplier#000000049,UNITED STATES,AMERICA,102.99,9013,729,Customer#000000729,MACHINERY,8947.26
2342,5,22.00,22750.86,0.08,0.01,AIR,DELIVER IN PERSON,steel beige mint maroon indian,SMALL POLISHED STEEL,Brand#42,Supplier#000000049,UNITED STATES,AMERICA,102.99,9013,730,Customer#000000730,AUTOMOBILE,4718.23
2342,5,22.00,22750.86,0.08,0.01,AIR,DELIVER IN PERSON,steel beige mint maroon indian,SMALL POLISHED STEEL,Brand#42,Supplier#000000049,UNITED STATES,AMERICA,102.99,9013,731,Customer#000000731,MACHINERY,9311.17
2342,5,22.00,22750.86,0.08,0.01,AIR,DELIVER IN PERSON,steel beige mint maroon indian,SMALL POLISHED STEEL,Brand#42,Supplier#000000049,UNITED STATES,AMERICA,102.99,9013,732,Customer#000000732,BUILDING,4830.51
2342,5,22.00,22750.86,0.08,0.01,AIR,DELIVER IN PERSON,steel beige mint maroon indian,SMALL POLISHED STEEL,Brand#42,Supplier#000000049,UNITED STATES,AMERICA,102.99,9013,734,Customer#000000734,AUTOMOBILE,9750.71
2342,5,22.00,22750.86,0.08,0.01,AIR,DELIVER IN PERSON,steel beige mint maroon indian,SMALL POLISHED STEEL,Brand#42,Supplier#000000049,UNITED STATES,AMERICA,102.99,9013,736,Customer#000000736,MACHINERY,9114.68
2342,5,22.00,22750.86,0.08,0.01,AIR,DELIVER IN PERSON,steel beige mint maroon indian,SMALL POLISHED STEEL,Brand#42,Supplier#000000049,UNITED STATES,AMERICA,102.99,9013,737,Customer#000000737,AUTOMOBILE,2501.74
2342,5,22.00,22750.86,0.08,0.01,AIR,DELIVER IN PERSON,steel beige mint maroon indian,SMALL POLISHED STEEL,Brand#42,Supplier#000000049,UNITED STATES,AMERICA,102.99,9013,738,Customer#000000738,MACHINERY,2734.95
2342,5,22.00,22750.86,0.08,0.01,AIR,DELIVER IN PERSON,steel beige mint maroon indian,SMALL POLISHED STEEL,Brand#42,Supplier#000000049,UNITED STATES,AMERICA,102.99,9013,740,Customer#000000740,BUILDING,1733.76
2342,5,22.00,22750.86,0.08,0.01,AIR,DELIVER IN PERSON,steel beige mint maroon indian,SMALL POLISHED STEEL,Brand#42,Supplier#000000049,UNITED STATES,AMERICA,102.99,9013,746,Customer#000000746,MACHINERY,1164.46
2342,5,22.00,22750.86,0.08,0.01,AIR,DELIVER IN PERSON,steel beige mint maroon indian,SMALL POLISHED STEEL,Brand#42,Supplier#000000049,UNITED STATES,AMERICA,102.99,9013,748,Customer#000000748,AUTOMOBILE,6959.09
2342,5,22.00,22750.86,0.08,0.01,AIR,DELIVER IN PERSON,steel beige mint maroon indian,SMALL POLISHED STEEL,Brand#42,Supplier#000000049,UNITED STATES,AMERICA,102.99,9013,749,Customer#000000749,MACHINERY,7491.42
4871,2,17.00,28964.60,0.07,0.03,AIR,DELIVER IN PERSON,brown navy tan salmon honeydew,SMALL ANODIZED TIN,Brand#52,Supplier#000000038,EGYPT,MIDDLE EAST,464.32,6113,1,Customer#000000001,BUILDING,711.56
4871,2,17.00,28964.60,0.07,0.03,AIR,DELIVER IN PERSON,brown navy tan salmon honeydew,SMALL ANODIZED TIN,Brand#52,Supplier#000000038,EGYPT,MIDDLE EAST,464.32,6113,3,Customer#000000003,AUTOMOBILE,7498.12
4871,2,17.00,28964.60,0.07,0.03,AIR,DELIVER IN PERSON,brown navy tan salmon honeydew,SMALL ANODIZED TIN,Brand#52,Supplier#000000038,EGYPT,MIDDLE EAST,464.32,6113,4,Customer#000000004,MACHINERY,2866.83
4871,2,17.00,28964.60,0.07,0.03,AIR,DELIVER IN PERSON,brown navy tan salmon honeydew,SMALL ANODIZED TIN,Brand#52,Supplier#000000038,EGYPT,MIDDLE EAST,464.32,6113,6,Customer#000000006,AUTOMOBILE,7638.57
4871,2,17.00,28964.60,0.07,0.03,AIR,DELIVER IN PERSON,brown navy tan salmon honeydew,SMALL ANODIZED TIN,Brand#52,Supplier#000000038,EGYPT,MIDDLE EAST,464.32,6113,7,Customer#000000007,AUTOMOBILE,9561.95
4871,2,17.00,28964.60,0.07,0.03,AIR,DELIVER IN PERSON,brown navy tan salmon honeydew,SMALL ANODIZED TIN,Brand#52,Supplier#000000038,EGYPT,MIDDLE EAST,464.32,6113,8,Customer#000000008,BUILDING,6819.74
4871,2,17.00,28964.60,0.07,0.03,AIR,DELIVER IN PERSON,brown navy tan salmon honeydew,SMALL ANODIZED TIN,Brand#52,Supplier#000000038,EGYPT,MIDDLE EAST,464.32,6113,13,Customer#000000013,BUILDING,3857.34
4871,2,17.00,28964.60,0.07,0.03,AIR,DELIVER IN PERSON,brown navy tan salmon honeydew,SMALL ANODIZED TIN,Brand#52,Supplier#000000038,EGYPT,MIDDLE EAST,464.32,6113,18,Customer#000000018,BUILDING,5494.43
4871,2,17.00,28964.60,0.07,0.03,AIR,DELIVER IN PERSON,brown navy tan salmon honeydew,SMALL ANODIZED TIN,Brand#52,Supplier#000000038,EGYPT,MIDDLE EAST,464.32,6113,21,Customer#000000021,MACHINERY,1428.25
4871,2,17.00,28964.60,0.07,0.03,AIR,DELIVER IN PERSON,brown navy tan salmon honeydew,SMALL ANODIZED TIN,Brand#52,Supplier#000000038,EGYPT,MIDDLE EAST,464.32,6113,22,Customer#000000022,MACHINERY,591.98
4871,2,17.00,28964.60,0.07,0.03,AIR,DELIVER IN PERSON,brown navy tan salmon honeydew,SMALL ANODIZED TIN,Brand#52,Supplier#000000038,EGYPT,MIDDLE EAST,464.32,6113,24,Customer#000000024,MACHINERY,9255.67
4871,2,17.00,28964.60,0.07,0.03,AIR,DELIVER IN PERSON,brown navy tan salmon honeydew,SMALL ANODIZED TIN,Brand#52,Supplier#000000038,EGYPT,MIDDLE EAST,464.32,6113,26,Customer#000000026,AUTOMOBILE,5182.05
4871,2,17.00,28964.60,0.07,0.03,AIR,DELIVER IN PERSON,brown navy tan salmon honeydew,SMALL ANODIZED TIN,Brand#52,Supplier#000000038,EGYPT,MIDDLE EAST,464.32,6113,27,Customer#000000027,BUILDING,5679.84
4871,2,17.00,28964.60,0.07,0.03,AIR,DELIVER IN PERSON,brown navy tan salmon honeydew,SMALL ANODIZED TIN,Brand#52,Supplier#000000038,EGYPT,MIDDLE EAST,464.32,6113,30,Customer#000000030,BUILDING,9321.01
4871,2,17.00,28964.60,0.07,0.03,AIR,DELIVER IN PERSON,brown navy tan salmon honeydew,SMALL ANODIZED TIN,Brand#52,Supplier#000000038,EGYPT,MIDDLE EAST,464.32,6113,32,Customer#000000032,BUILDING,3471.53
4871,2,17.00,28964.60,0.07,0.03,AIR,DELIVER IN PERSON,brown navy tan salmon honeydew,SMALL ANODIZED TIN,Brand#52,Supplier#000000038,EGYPT,MIDDLE EAST,464.32,6113,36,Customer#000000036,BUILDING,4987.27
4871,2,17.00,28964.60,0.07,0.03,AIR,DELIVER IN PERSON,brown navy tan salmon honeydew,SMALL ANODIZED TIN,Brand#52,Supplier#000000038,EGYPT,MIDDLE EAST,464.32,6113,39,Customer#000000039,AUTOMOBILE,6264.31
4871,2,17.00,28964.60,0.07,0.03,AIR,DELIVER IN PERSON,brown navy tan salmon honeydew,SMALL ANODIZED TIN,Brand#52,Supplier#000000038,EGYPT,MIDDLE EAST,464.32,6113,40,Customer#000000040,BUILDING,1335.30
4871,2,17.00,28964.60,0.07,0.03,AIR,DELIVER IN PERSON,brown navy tan salmon honeydew,SMALL ANODIZED TIN,Brand#52,Supplier#000000038,EGYPT,MIDDLE EAST,464.32,6113,42,Customer#000000042,BUILDING,8727.01
4871,2,17.00,28964.60,0.07,0.03,AIR,DELIVER IN PERSON,brown navy tan salmon honeydew,SMALL ANODIZED TIN,Brand#52,Supplier#000000038,EGYPT,MIDDLE EAST,464.32,6113,43,Customer#000000043,MACHINERY,9904.28
4871,2,17.00,28964.60,0.07,0.03,AIR,DELIVER IN PERSON,brown navy tan salmon honeydew,SMALL ANODIZED TIN,Brand#52,Supplier#000000038,EGYPT,MIDDLE EAST,464.32,6113,44,Customer#000000044,AUTOMOBILE,7315.94
4871,2,17.00,28964.60,0.07,0.03,AIR,DELIVER IN PERSON,brown navy tan salmon honeydew,SMALL ANODIZED TIN,Brand#52,Supplier#000000038,EGYPT,MIDDLE EAST,464.32,6113,45,Customer#000000045,AUTOMOBILE,9983.38
4871,2,17.00,28964.60,0.07,0.03,AIR,DELIVER IN PERSON,brown navy tan salmon honeydew,SMALL ANODIZED TIN,Brand#52,Supplier#000000038,EGYPT,MIDDLE EAST,464.32,6113,46,Customer#000000046,AUTOMOBILE,5744.59
4871,2,17.00,28964.60,0.07,0.03,AIR,DELIVER IN PERSON,brown navy tan salmon honeydew,SMALL ANODIZED TIN,Brand#52,Supplier#000000038,EGYPT,MIDDLE EAST,464.32,6113,48,Customer#000000048,BUILDING,3792.50
4871,2,17.00,28964.60,0.07,0.03,AIR,DELIVER IN PERSON,brown navy tan salmon honeydew,SMALL ANODIZED TIN,Brand#52,Supplier#000000038,EGYPT,MIDDLE EAST,464.32,6113,50,Customer#000000050,MACHINERY,4266.13
4871,2,17.00,28964.60,0.07,0.03,AIR,DELIVER IN PERSON,brown navy tan salmon honeydew,SMALL ANODIZED TIN,Brand#52,Supplier#000000038,EGYPT,MIDDLE EAST,464.32,6113,54,Customer#000000054,AUTOMOBILE,868.90
4871,2,17.00,28964.60,0.07,0.03,AIR,DELIVER IN PERSON,brown navy tan salmon honeydew,SMALL ANODIZED TIN,Brand#52,Supplier#000000038,EGYPT,MIDDLE EAST,464.32,6113,55,Customer#000000055,MACHINERY,4572.11
4871,2,17.00,28964.60,0.07,0.03,AIR,DELIVER IN PERSON,brown navy tan salmon honeydew,SMALL ANODIZED TIN,Brand#52,Supplier#000000038,EGYPT,MIDDLE EAST,464.32,6113,57,Customer#000000057,AUTOMOBILE,4151.93
4871,2,17.00,28964.60,0.07,0.03,AIR,DELIVER IN PERSON,brown navy tan salmon honeydew,SMALL ANODIZED TIN,Brand#52,Supplier#000000038,EGYPT,MIDDLE EAST,464.32,6113,59,Customer#000000059,MACHINERY,3458.60
4871,2,17.00,28964.60,0.07,0.03,AIR,DELIVER IN PERSON,brown navy tan salmon honeydew,SMALL ANODIZED TIN,Brand#52,Supplier#000000038,EGYPT,MIDDLE EAST,464.32,6113,60,Customer#000000060,MACHINERY,2741.87
4871,2,17.00,28964.60,0.07,0.03,AIR,DELIVER IN PERSON,brown navy tan salmon honeydew,SMALL ANODIZED TIN,Brand#52,Supplier#000000038,EGYPT,MIDDLE EAST,464.32,6113,62,Customer#000000062,MACHINERY,595.61
4871,2,17.00,28964.60,0.07,0.03,AIR,DELIVER IN PERSON,brown navy tan salmon honeydew,SMALL ANODIZED TIN,Brand#52,Supplier#000000038,EGYPT,MIDDLE EAST,464.32,6113,63,Customer#000000063,AUTOMOBILE,9331.13
4871,2,17.00,28964.60,0.07,0.03,AIR,DELIVER IN PERSON,brown navy tan salmon honeydew,SMALL ANODIZED TIN,Brand#52,Supplier#000000038,EGYPT,MIDDLE EAST,464.32,6113,65,Customer#000000065,AUTOMOBILE,8795.16
4871,2,17.00,28964.60,0.07,0.03,AIR,DELIVER IN PERSON,brown navy tan salmon honeydew,SMALL ANODIZED TIN,Brand#52,Supplier#000000038,EGYPT,MIDDLE EAST,464.32,6113,67,Customer#000000067,MACHINERY,8166.59
4871,2,17.00,28964.60,0.07,0.03,AIR,DELIVER IN PERSON,brown navy tan salmon honeydew,SMALL ANODIZED TIN,Brand#52,Supplier#000000038,EGYPT,MIDDLE EAST,464.32,6113,73,Customer#000000073,BUILDING,4288.50
4871,2,17.00,28964.60,0.07,0.03,AIR,DELIVER IN PERSON,brown navy tan salmon honeydew,SMALL ANODIZED TIN,Brand#52,Supplier#000000038,EGYPT,MIDDLE EAST,464.32,6113,74,Customer#000000074,MACHINERY,2764.43
4871,2,17.00,28964.60,0.07,0.03,AIR,DELIVER IN PERSON,brown navy tan salmon honeydew,SMALL ANODIZED TIN,Brand#52,Supplier#000000038,EGYPT,MIDDLE EAST,464.32,6113,75,Customer#000000075,AUTOMOBILE,6684.10
4871,2,17.00,28964.60,0.07,0.03,AIR,DELIVER IN PERSON,brown navy tan salmon honeydew,SMALL ANODIZED TIN,Brand#52,Supplier#000000038,EGYPT,MIDDLE EAST,464.32,6113,77,Customer#000000077,BUILDING,1738.87
4871,2,17.00,28964.60,0.07,0.03,AIR,DELIVER IN PERSON,brown navy tan salmon honeydew,SMALL ANODIZED TIN,Brand#52,Supplier#000000038,EGYPT,MIDDLE EAST,464.32,6113,79,Customer#000000079,MACHINERY,5121.28
4871,2,17.00,28964.60,0.07,0.03,AIR,DELIVER IN PERSON,brown navy tan salmon honeydew,SMALL ANODIZED TIN,Brand#52,Supplier#000000038,EGYPT,MIDDLE EAST,464.32,6113,81,Customer#000000081,BUILDING,2023.71
4871,2,17.00,28964.60,0.07,0.03,AIR,DELIVER IN PERSON,brown navy tan salmon honeydew,SMALL ANODIZED TIN,Brand#52,Supplier#000000038,EGYPT,MIDDLE EAST,464.32,6113,82,Customer#000000082,AUTOMOBILE,9468.34
4871,2,17.00,28964.60,0.07,0.03,AIR,DELIVER IN PERSON,brown navy tan salmon honeydew,SMALL ANODIZED TIN,Brand#52,Supplier#000000038,EGYPT,MIDDLE EAST,464.32,6113,83,Customer#000000083,BUILDING,6463.51
4871,2,17.00,28964.60,0.07,0.03,AIR,DELIVER IN PERSON,brown navy tan salmon honeydew,SMALL ANODIZED TIN,Brand#52,Supplier#000000038,EGYPT,MIDDLE EAST,464.32,6113,88,Customer#000000088,AUTOMOBILE,8031.44
4871,2,17.00,28964.60,0.07,0.03,AIR,DELIVER IN PERSON,brown navy tan salmon honeydew,SMALL ANODIZED TIN,Brand#52,Supplier#000000038,EGYPT,MIDDLE EAST,464.32,6113,90,Customer#000000090,BUILDING,7354.23
4871,2,17.00,28964.60,0.07,0.03,AIR,DELIVER IN PERSON,brown navy tan salmon honeydew,SMALL ANODIZED TIN,Brand#52,Supplier#000000038,EGYPT,MIDDLE EAST,464.32,6113,91,Customer#000000091,AUTOMOBILE,4643.14
4871,2,17.00,28964.60,0.07,0.03,AIR,DELIVER IN PERSON,brown navy tan salmon honeydew,SMALL ANODIZED TIN,Brand#52,Supplier#000000038,EGYPT,MIDDLE EAST,464.32,6113,92,Customer#000000092,MACHINERY,1182.91
4871,2,17.00,28964.60,0.07,0.03,AIR,DELIVER IN PERSON,brown navy tan salmon honeydew,SMALL ANODIZED TIN,Brand#52,Supplier#000000038,EGYPT,MIDDLE EAST,464.32,6113,93,Customer#000000093,MACHINERY,2182.52
4871,2,17.00,28964.60,0.07,0.03,AIR,DELIVER IN PERSON,brown navy tan salmon honeydew,SMALL ANODIZED TIN,Brand#52,Supplier#000000038,EGYPT,MIDDLE EAST,464.32,6113,95,Customer#000000095,MACHINERY,5327.38
4871,2,17.00,28964.60,0.07,0.03,AIR,DELIVER IN PERSON,brown navy tan salmon honeydew,SMALL ANODIZED TIN,Brand#52,Supplier#000000038,EGYPT,MIDDLE EAST,464.32,6113,97,Customer#000000097,AUTOMOBILE,2164.48
4871,2,17.00,28964.60,0.07,0.03,AIR,DELIVER IN PERSON,brown navy tan salmon honeydew,SMALL ANODIZED TIN,Brand#52,Supplier#000000038,EGYPT,MIDDLE EAST,464.32,6113,101,Customer#000000101,MACHINERY,7470.96
4871,2,17.00,28964.60,0.07,0.03,AIR,DELIVER IN PERSON,brown navy tan salmon honeydew,SMALL ANODIZED TIN,Brand#52,Supplier#000000038,EGYPT,MIDDLE EAST,464.32,6113,102,Customer#000000102,BUILDING,8462.17
4871,2,17.00,28964.60,0.07,0.03,AIR,DELIVER IN PERSON,brown navy tan salmon honeydew,SMALL ANODIZED TIN,Brand#52,Supplier#000000038,EGYPT,MIDDLE EAST,464.32,6113,103,Customer#000000103,BUILDING,2757.45
4871,2,17.00,28964.60,0.07,0.03,AIR,DELIVER IN PERSON,brown navy tan salmon honeydew,SMALL ANODIZED TIN,Brand#52,Supplier#000000038,EGYPT,MIDDLE EAST,464.32,6113,105,Customer#000000105,MACHINERY,9091.82
4871,2,17.00,28964.60,0.07,0.03,AIR,DELIVER IN PERSON,brown navy tan salmon honeydew,SMALL ANODIZED TIN,Brand#52,Supplier#000000038,EGYPT,MIDDLE EAST,464.32,6113,106,Customer#000000106,MACHINERY,3288.42
4871,2,17.00,28964.60,0.07,0.03,AIR,DELIVER IN PERSON,brown navy tan salmon honeydew,SMALL ANODIZED TIN,Brand#52,Supplier#000000038,EGYPT,MIDDLE EAST,464.32,6113,107,Customer#000000107,AUTOMOBILE,2514.15
4871,2,17.00,28964.60,0.07,0.03,AIR,DELIVER IN PERSON,brown navy tan salmon honeydew,SMALL ANODIZED TIN,Brand#52,Supplier#000000038,EGYPT,MIDDLE EAST,464.32,6113,108,Customer#000000108,BUILDING,2259.38
4871,2,17.00,28964.60,0.07,0.03,AIR,DELIVER IN PERSON,brown navy tan salmon honeydew,SMALL ANODIZED TIN,Brand#52,Supplier#000000038,EGYPT,MIDDLE EAST,464.32,6113,110,Customer#000000110,AUTOMOBILE,7462.99
4871,2,17.00,28964.60,0.07,0.03,AIR,DELIVER IN PERSON,brown navy tan salmon honeydew,SMALL ANODIZED TIN,Brand#52,Supplier#000000038,EGYPT,MIDDLE EAST,464.32,6113,111,Customer#000000111,MACHINERY,6505.26
4871,2,17.00,28964.60,0.07,0.03,AIR,DELIVER IN PERSON,brown navy tan salmon honeydew,SMALL ANODIZED TIN,Brand#52,Supplier#000000038,EGYPT,MIDDLE EAST,464.32,6113,113,Customer#000000113,BUILDING,2912.00
4871,2,17.00,28964.60,0.07,0.03,AIR,DELIVER IN PERSON,brown navy tan salmon honeydew,SMALL ANODIZED TIN,Brand#52,Supplier#000000038,EGYPT,MIDDLE EAST,464.32,6113,116,Customer#000000116,BUILDING,8403.99
4871,2,17.00,28964.60,0.07,0.03,AIR,DELIVER IN PERSON,brown navy tan salmon honeydew,SMALL ANODIZED TIN,Brand#52,Supplier#000000038,EGYPT,MIDDLE EAST,464.32,6113,121,Customer#000000121,BUILDING,6428.32
4871,2,17.00,28964.60,0.07,0.03,AIR,DELIVER IN PERSON,brown navy tan salmon honeydew,SMALL ANODIZED TIN,Brand#52,Supplier#000000038,EGYPT,MIDDLE EAST,464.32,6113,123,Customer#000000123,BUILDING,5897.83
4871,2,17.00,28964.60,0.07,0.03,AIR,DELIVER IN PERSON,brown navy tan salmon honeydew,SMALL ANODIZED TIN,Brand#52,Supplier#000000038,EGYPT,MIDDLE EAST,464.32,6113,124,Customer#000000124,AUTOMOBILE,1842.49
4871,2,17.00,28964.60,0.07,0.03,AIR,DELIVER IN PERSON,brown navy tan salmon honeydew,SMALL ANODIZED TIN,Brand#52,Supplier#000000038,EGYPT,MIDDLE EAST,464.32,6113,127,Customer#000000127,MACHINERY,9280.71
4871,2,17.00,28964.60,0.07,0.03,AIR,DELIVER IN PERSON,brown navy tan salmon honeydew,SMALL ANODIZED TIN,Brand#52,Supplier#000000038,EGYPT,MIDDLE EAST,464.32,6113,133,Customer#000000133,AUTOMOBILE,2314.67
4871,2,17.00,28964.60,0.07,0.03,AIR,DELIVER IN PERSON,brown navy tan salmon honeydew,SMALL ANODIZED TIN,Brand#52,Supplier#000000038,EGYPT,MIDDLE EAST,464.32,6113,134,Customer#000000134,BUILDING,4608.90
4871,2,17.00,28964.60,0.07,0.03,AIR,DELIVER IN PERSON,brown navy tan salmon honeydew,SMALL ANODIZED TIN,Brand#52,Supplier#000000038,EGYPT,MIDDLE EAST,464.32,6113,139,Customer#000000139,MACHINERY,7897.78
4871,2,17.00,28964.60,0.07,0.03,AIR,DELIVER IN PERSON,brown navy tan salmon honeydew,SMALL ANODIZED TIN,Brand#52,Supplier#000000038,EGYPT,MIDDLE EAST,464.32,6113,140,Customer#000000140,MACHINERY,9963.15
4871,2,17.00,28964.60,0.07,0.03,AIR,DELIVER IN PERSON,brown navy tan salmon honeydew,SMALL ANODIZED TIN,Brand#52,Supplier#000000038,EGYPT,MIDDLE EAST,464.32,6113,142,Customer#000000142,AUTOMOBILE,2209.81
4871,2,17.00,28964.60,0.07,0.03,AIR,DELIVER IN PERSON,brown navy tan salmon honeydew,SMALL ANODIZED TIN,Brand#52,Supplier#000000038,EGYPT,MIDDLE EAST,464.32,6113,143,Customer#000000143,MACHINERY,2186.50
4871,2,17.00,28964.60,0.07,0.03,AIR,DELIVER IN PERSON,brown navy tan salmon honeydew,SMALL ANODIZED TIN,Brand#52,Supplier#000000038,EGYPT,MIDDLE EAST,464.32,6113,144,Customer#000000144,MACHINERY,6417.31
4871,2,17.00,28964.60,0.07,0.03,AIR,DELIVER IN PERSON,brown navy tan salmon honeydew,SMALL ANODIZED TIN,Brand#52,Supplier#000000038,EGYPT,MIDDLE EAST,464.32,6113,149,Customer#000000149,AUTOMOBILE,8959.65
4871,2,17.00,28964.60,0.07,0.03,AIR,DELIVER IN PERSON,brown navy tan salmon honeydew,SMALL ANODIZED TIN,Brand#52,Supplier#000000038,EGYPT,MIDDLE EAST,464.32,6113,150,Customer#000000150,MACHINERY,3849.48
4871,2,17.00,28964.60,0.07,0.03,AIR,DELIVER IN PERSON,brown navy tan salmon honeydew,SMALL ANODIZED TIN,Brand#52,Supplier#000000038,EGYPT,MIDDLE EAST,464.32,6113,152,Customer#000000152,BUILDING,1215.18
4871,2,17.00,28964.60,0.07,0.03,AIR,DELIVER IN PERSON,brown navy tan salmon honeydew,SMALL ANODIZED TIN,Brand#52,Supplier#000000038,EGYPT,MIDDLE EAST,464.32,6113,155,Customer#000000155,AUTOMOBILE,5902.85
4871,2,17.00,28964.60,0.07,0.03,AIR,DELIVER IN PERSON,brown navy tan salmon honeydew,SMALL ANODIZED TIN,Brand#52,Supplier#000000038,EGYPT,MIDDLE EAST,464.32,6113,156,Customer#000000156,AUTOMOBILE,9302.95
4871,2,17.00,28964.60,0.07,0.03,AIR,DELIVER IN PERSON,brown navy tan salmon honeydew,SMALL ANODIZED TIN,Brand#52,Supplier#000000038,EGYPT,MIDDLE EAST,464.32,6113,157,Customer#000000157,BUILDING,9768.73
4871,2,17.00,28964.60,0.07,0.03,AIR,DELIVER IN PERSON,brown navy tan salmon honeydew,SMALL ANODIZED TIN,Brand#52,Supplier#000000038,EGYPT,MIDDLE EAST,464.32,6113,158,Customer#000000158,AUTOMOBILE,6160.95
4871,2,17.00,28964.60,0.07,0.03,AIR,DELIVER IN PERSON,brown navy tan salmon honeydew,SMALL ANODIZED TIN,Brand#52,Supplier#000000038,EGYPT,MIDDLE EAST,464.32,6113,160,Customer#000000160,MACHINERY,4363.17
4871,2,17.00,28964.60,0.07,0.03,AIR,DELIVER IN PERSON,brown navy tan salmon honeydew,SMALL ANODIZED TIN,Brand#52,Supplier#000000038,EGYPT,MIDDLE EAST,464.32,6113,161,Customer#000000161,MACHINERY,3714.06
4871,2,17.00,28964.60,0.07,0.03,AIR,DELIVER IN PERSON,brown navy tan salmon honeydew,SMALL ANODIZED TIN,Brand#52,Supplier#000000038,EGYPT,MIDDLE EAST,464.32,6113,162,Customer#000000162,MACHINERY,6268.99
4871,2,17.00,28964.60,0.07,0.03,AIR,DELIVER IN PERSON,brown navy tan salmon honeydew,SMALL ANODIZED TIN,Brand#52,Supplier#000000038,EGYPT,MIDDLE EAST,464.32,6113,167,Customer#000000167,AUTOMOBILE,1468.09
4871,2,17.00,28964.60,0.07,0.03,AIR,DELIVER IN PERSON,brown navy tan salmon honeydew,SMALL ANODIZED TIN,Brand#52,Supplier#000000038,EGYPT,MIDDLE EAST,464.32,6113,170,Customer#000000170,BUILDING,7687.89
4871,2,17.00,28964.60,0.07,0.03,AIR,DELIVER IN PERSON,brown navy tan salmon honeydew,SMALL ANODIZED TIN,Brand#52,Supplier#000000038,EGYPT,MIDDLE EAST,464.32,6113,171,Customer#000000171,MACHINERY,2379.91
4871,2,17.00,28964.60,0.07,0.03,AIR,DELIVER IN PERSON,brown navy tan salmon honeydew,SMALL ANODIZED TIN,Brand#52,Supplier#000000038,EGYPT,MIDDLE EAST,464.32,6113,172,Customer#000000172,MACHINERY,1134.40
4871,2,17.00,28964.60,0.07,0.03,AIR,DELIVER IN PERSON,brown navy tan salmon honeydew,SMALL ANODIZED TIN,Brand#52,Supplier#000000038,EGYPT,MIDDLE EAST,464.32,6113,173,Customer#000000173,BUILDING,845.84
4871,2,17.00,28964.60,0.07,0.03,AIR,DELIVER IN PERSON,brown navy tan salmon honeydew,SMALL ANODIZED TIN,Brand#52,Supplier#000000038,EGYPT,MIDDLE EAST,464.32,6113,177,Customer#000000177,BUILDING,7457.50
4871,2,17.00,28964.60,0.07,0.03,AIR,DELIVER IN PERSON,brown navy tan salmon honeydew,SMALL ANODIZED TIN,Brand#52,Supplier#000000038,EGYPT,MIDDLE EAST,464.32,6113,182,Customer#000000182,AUTOMOBILE,4810.22
4871,2,17.00,28964.60,0.07,0.03,AIR,DELIVER IN PERSON,brown navy tan salmon honeydew,SMALL ANODIZED TIN,Brand#52,Supplier#000000038,EGYPT,MIDDLE EAST,464.32,6113,185,Customer#000000185,BUILDING,2788.76
4871,2,17.00,28964.60,0.07,0.03,AIR,DELIVER IN PERSON,brown navy tan salmon honeydew,SMALL ANODIZED TIN,Brand#52,Supplier#000000038,EGYPT,MIDDLE EAST,464.32,6113,188,Customer#000000188,BUILDING,9533.37
4871,2,17.00,28964.60,0.07,0.03,AIR,DELIVER IN PERSON,brown navy tan salmon honeydew,SMALL ANODIZED TIN,Brand#52,Supplier#000000038,EGYPT,MIDDLE EAST,464.32,6113,190,Customer#000000190,AUTOMOBILE,1657.46
4871,2,17.00,28964.60,0.07,0.03,AIR,DELIVER IN PERSON,brown navy tan salmon honeydew,SMALL ANODIZED TIN,Brand#52,Supplier#000000038,EGYPT,MIDDLE EAST,464.32,6113,191,Customer#000000191,BUILDING,2945.16
4871,2,17.00,28964.60,0.07,0.03,AIR,DELIVER IN PERSON,brown navy tan salmon honeydew,SMALL ANODIZED TIN,Brand#52,Supplier#000000038,EGYPT,MIDDLE EAST,464.32,6113,192,Customer#000000192,MACHINERY,8239.96
4871,2,17.00,28964.60,0.07,0.03,AIR,DELIVER IN PERSON,brown navy tan salmon honeydew,SMALL ANODIZED TIN,Brand#52,Supplier#000000038,EGYPT,MIDDLE EAST,464.32,6113,193,Customer#000000193,MACHINERY,8024.55
4871,2,17.00,28964.60,0.07,0.03,AIR,DELIVER IN PERSON,brown navy tan salmon honeydew,SMALL ANODIZED TIN,Brand#52,Supplier#000000038,EGYPT,MIDDLE EAST,464.32,6113,198,Customer#000000198,AUTOMOBILE,3824.76
4871,2,17.00,28964.60,0.07,0.03,AIR,DELIVER IN PERSON,brown navy tan salmon honeydew,SMALL ANODIZED TIN,Brand#52,Supplier#000000038,EGYPT,MIDDLE EAST,464.32,6113,200,Customer#000000200,BUILDING,9967.60
4871,2,17.00,28964.60,0.07,0.03,AIR,DELIVER IN PERSON,brown navy tan salmon honeydew,SMALL ANODIZED TIN,Brand#52,Supplier#000000038,EGYPT,MIDDLE EAST,464.32,6113,201,Customer#000000201,MACHINERY,4614.40
4871,2,17.00,28964.60,0.07,0.03,AIR,DELIVER IN PERSON,brown navy tan salmon honeydew,SMALL ANODIZED TIN,Brand#52,Supplier#000000038,EGYPT,MIDDLE EAST,464.32,6113,202,Customer#000000202,AUTOMOBILE,2237.64
4871,2,17.00,28964.60,0.07,0.03,AIR,DELIVER IN PERSON,brown navy tan salmon honeydew,SMALL ANODIZED TIN,Brand#52,Supplier#000000038,EGYPT,MIDDLE EAST,464.32,6113,203,Customer#000000203,MACHINERY,7960.63
4871,2,17.00,28964.60,0.07,0.03,AIR,DELIVER IN PERSON,brown navy tan salmon honeydew,SMALL ANODIZED TIN,Brand#52,Supplier#000000038,EGYPT,MIDDLE EAST,464.32,6113,205,Customer#000000205,BUILDING,7161.52
4871,2,17.00,28964.60,0.07,0.03,AIR,DELIVER IN PERSON,brown navy tan salmon honeydew,SMALL ANODIZED TIN,Brand#52,Supplier#000000038,EGYPT,MIDDLE EAST,464.32,6113,208,Customer#000000208,MACHINERY,6239.89
4871,2,17.00,28964.60,0.07,0.03,AIR,DELIVER IN PERSON,brown navy tan salmon honeydew,SMALL ANODIZED TIN,Brand#52,Supplier#000000038,EGYPT,MIDDLE EAST,464.32,6113,211,Customer#000000211,BUILDING,4198.72
4871,2,17.00,28964.60,0.07,0.03,AIR,DELIVER IN PERSON,brown navy tan salmon honeydew,SMALL ANODIZED TIN,Brand#52,Supplier#000000038,EGYPT,MIDDLE EAST,464.32,6113,212,Customer#000000212,BUILDING,957.58
4871,2,17.00,28964.60,0.07,0.03,AIR,DELIVER IN PERSON,brown navy tan salmon honeydew,SMALL ANODIZED TIN,Brand#52,Supplier#000000038,EGYPT,MIDDLE EAST,464.32,6113,214,Customer#000000214,MACHINERY,1526.59
4871,2,17.00,28964.60,0.07,0.03,AIR,DELIVER IN PERSON,brown navy tan salmon honeydew,SMALL ANODIZED TIN,Brand#52,Supplier#000000038,EGYPT,MIDDLE EAST,464.32,6113,218,Customer#000000218,MACHINERY,9541.19
4871,2,17.00,28964.60,0.07,0.03,AIR,DELIVER IN PERSON,brown navy tan salmon honeydew,SMALL ANODIZED TIN,Brand#52,Supplier#000000038,EGYPT,MIDDLE EAST,464.32,6113,219,Customer#000000219,AUTOMOBILE,9858.57
4871,2,17.00,28964.60,0.07,0.03,AIR,DELIVER IN PERSON,brown navy tan salmon honeydew,SMALL ANODIZED TIN,Brand#52,Supplier#000000038,EGYPT,MIDDLE EAST,464.32,6113,220,Customer#000000220,BUILDING,9131.64
4871,2,17.00,28964.60,0.07,0.03,AIR,DELIVER IN PERSON,brown navy tan salmon honeydew,SMALL ANODIZED TIN,Brand#52,Supplier#000000038,EGYPT,MIDDLE EAST,464.32,6113,221,Customer#000000221,BUILDING,1609.39
4871,2,17.00,28964.60,0.07,0.03,AIR,DELIVER IN PERSON,brown navy tan salmon honeydew,SMALL ANODIZED TIN,Brand#52,Supplier#000000038,EGYPT,MIDDLE EAST,464.32,6113,222,Customer#000000222,BUILDING,8893.76
4871,2,17.00,28964.60,0.07,0.03,AIR,DELIVER IN PERSON,brown navy tan salmon honeydew,SMALL ANODIZED TIN,Brand#52,Supplier#000000038,EGYPT,MIDDLE EAST,464.32,6113,223,Customer#000000223,BUILDING,7476.20
4871,2,17.00,28964.60,0.07,0.03,AIR,DELIVER IN PERSON,brown navy tan salmon honeydew,SMALL ANODIZED TIN,Brand#52,Supplier#000000038,EGYPT,MIDDLE EAST,464.32,6113,224,Customer#000000224,BUILDING,8465.15
4871,2,17.00,28964.60,0.07,0.03,AIR,DELIVER IN PERSON,brown navy tan salmon honeydew,SMALL ANODIZED TIN,Brand#52,Supplier#000000038,EGYPT,MIDDLE EAST,464.32,6113,225,Customer#000000225,AUTOMOBILE,8893.20
4871,2,17.00,28964.60,0.07,0.03,AIR,DELIVER IN PERSON,brown navy tan salmon honeydew,SMALL ANODIZED TIN,Brand#52,Supplier#000000038,EGYPT,MIDDLE EAST,464.32,6113,226,Customer#000000226,AUTOMOBILE,9008.61
4871,2,17.00,28964.60,0.07,0.03,AIR,DELIVER IN PERSON,brown navy tan salmon honeydew,SMALL ANODIZED TIN,Brand#52,Supplier#000000038,EGYPT,MIDDLE EAST,464.32,6113,227,Customer#000000227,MACHINERY,1808.23
4871,2,17.00,28964.60,0.07,0.03,AIR,DELIVER IN PERSON,brown navy tan salmon honeydew,SMALL ANODIZED TIN,Brand#52,Supplier#000000038,EGYPT,MIDDLE EAST,464.32,6113,230,Customer#000000230,MACHINERY,1682.83
4871,2,17.00,28964.60,0.07,0.03,AIR,DELIVER IN PERSON,brown navy tan salmon honeydew,SMALL ANODIZED TIN,Brand#52,Supplier#000000038,EGYPT,MIDDLE EAST,464.32,6113,234,Customer#000000234,AUTOMOBILE,8383.51
4871,2,17.00,28964.60,0.07,0.03,AIR,DELIVER IN PERSON,brown navy tan salmon honeydew,SMALL ANODIZED TIN,Brand#52,Supplier#000000038,EGYPT,MIDDLE EAST,464.32,6113,235,Customer#000000235,AUTOMOBILE,754.41
4871,2,17.00,28964.60,0.07,0.03,AIR,DELIVER IN PERSON,brown navy tan salmon honeydew,SMALL ANODIZED TIN,Brand#52,Supplier#000000038,EGYPT,MIDDLE EAST,464.32,6113,236,Customer#000000236,AUTOMOBILE,5384.59
4871,2,17.00,28964.60,0.07,0.03,AIR,DELIVER IN PERSON,brown navy tan salmon honeydew,SMALL ANODIZED TIN,Brand#52,Supplier#000000038,EGYPT,MIDDLE EAST,464.32,6113,240,Customer#000000240,MACHINERY,7139.68
4871,2,17.00,28964.60,0.07,0.03,AIR,DELIVER IN PERSON,brown navy tan salmon honeydew,SMALL ANODIZED TIN,Brand#52,Supplier#000000038,EGYPT,MIDDLE EAST,464.32,6113,241,Customer#000000241,AUTOMOBILE,6569.34
4871,2,17.00,28964.60,0.07,0.03,AIR,DELIVER IN PERSON,brown navy tan salmon honeydew,SMALL ANODIZED TIN,Brand#52,Supplier#000000038,EGYPT,MIDDLE EAST,464.32,6113,242,Customer#000000242,MACHINERY,1975.41
4871,2,17.00,28964.60,0.07,0.03,AIR,DELIVER IN PERSON,brown navy tan salmon honeydew,SMALL ANODIZED TIN,Brand#52,Supplier#000000038,EGYPT,MIDDLE EAST,464.32,6113,243,Customer#000000243,AUTOMOBILE,620.73
4871,2,17.00,28964.60,0.07,0.03,AIR,DELIVER IN PERSON,brown navy tan salmon honeydew,SMALL ANODIZED TIN,Brand#52,Supplier#000000038,EGYPT,MIDDLE EAST,464.32,6113,245,Customer#000000245,MACHINERY,3720.15
4871,2,17.00,28964.60,0.07,0.03,AIR,DELIVER IN PERSON,brown navy tan salmon honeydew,SMALL ANODIZED TIN,Brand#52,Supplier#000000038,EGYPT,MIDDLE EAST,464.32,6113,246,Customer#000000246,AUTOMOBILE,9584.96
4871,2,17.00,28964.60,0.07,0.03,AIR,DELIVER IN PERSON,brown navy tan salmon honeydew,SMALL ANODIZED TIN,Brand#52,Supplier#000000038,EGYPT,MIDDLE EAST,464.32,6113,253,Customer#000000253,AUTOMOBILE,9139.52
4871,2,17.00,28964.60,0.07,0.03,AIR,DELIVER IN PERSON,brown navy tan salmon honeydew,SMALL ANODIZED TIN,Brand#52,Supplier#000000038,EGYPT,MIDDLE EAST,464.32,6113,254,Customer#000000254,MACHINERY,1915.35
4871,2,17.00,28964.60,0.07,0.03,AIR,DELIVER IN PERSON,brown navy tan salmon honeydew,SMALL ANODIZED TIN,Brand#52,Supplier#000000038,EGYPT,MIDDLE EAST,464.32,6113,255,Customer#000000255,BUILDING,3196.07
4871,2,17.00,28964.60,0.07,0.03,AIR,DELIVER IN PERSON,brown navy tan salmon honeydew,SMALL ANODIZED TIN,Brand#52,Supplier#000000038,EGYPT,MIDDLE EAST,464.32,6113,258,Customer#000000258,MACHINERY,6022.27
4871,2,17.00,28964.60,0.07,0.03,AIR,DELIVER IN PERSON,brown navy tan salmon honeydew,SMALL ANODIZED TIN,Brand#52,Supplier#000000038,EGYPT,MIDDLE EAST,464.32,6113,260,Customer#000000260,MACHINERY,9196.11
4871,2,17.00,28964.60,0.07,0.03,AIR,DELIVER IN PERSON,brown navy tan salmon honeydew,SMALL ANODIZED TIN,Brand#52,Supplier#000000038,EGYPT,MIDDLE EAST,464.32,6113,262,Customer#000000262,AUTOMOBILE,1561.80
4871,2,17.00,28964.60,0.07,0.03,AIR,DELIVER IN PERSON,brown navy tan salmon honeydew,SMALL ANODIZED TIN,Brand#52,Supplier#000000038,EGYPT,MIDDLE EAST,464.32,6113,264,Customer#000000264,MACHINERY,3195.83
4871,2,17.00,28964.60,0.07,0.03,AIR,DELIVER IN PERSON,brown navy tan salmon honeydew,SMALL ANODIZED TIN,Brand#52,Supplier#000000038,EGYPT,MIDDLE EAST,464.32,6113,265,Customer#000000265,MACHINERY,8275.80
4871,2,17.00,28964.60,0.07,0.03,AIR,DELIVER IN PERSON,brown navy tan salmon honeydew,SMALL ANODIZED TIN,Brand#52,Supplier#000000038,EGYPT,MIDDLE EAST,464.32,6113,267,Customer#000000267,AUTOMOBILE,3166.94
4871,2,17.00,28964.60,0.07,0.03,AIR,DELIVER IN PERSON,brown navy tan salmon honeydew,SMALL ANODIZED TIN,Brand#52,Supplier#000000038,EGYPT,MIDDLE EAST,464.32,6113,268,Customer#000000268,MACHINERY,6821.01
4871,2,17.00,28964.60,0.07,0.03,AIR,DELIVER IN PERSON,brown navy tan salmon honeydew,SMALL ANODIZED TIN,Brand#52,Supplier#000000038,EGYPT,MIDDLE EAST,464.32,6113,269,Customer#000000269,MACHINERY,7667.35
4871,2,17.00,28964.60,0.07,0.03,AIR,DELIVER IN PERSON,brown navy tan salmon honeydew,SMALL ANODIZED TIN,Brand#52,Supplier#000000038,EGYPT,MIDDLE EAST,464.32,6113,270,Customer#000000270,AUTOMOBILE,9192.50
4871,2,17.00,28964.60,0.07,0.03,AIR,DELIVER IN PERSON,brown navy tan salmon honeydew,SMALL ANODIZED TIN,Brand#52,Supplier#000000038,EGYPT,MIDDLE EAST,464.32,6113,271,Customer#000000271,MACHINERY,1490.35
4871,2,17.00,28964.60,0.07,0.03,AIR,DELIVER IN PERSON,brown navy tan salmon honeydew,SMALL ANODIZED TIN,Brand#52,Supplier#000000038,EGYPT,MIDDLE EAST,464.32,6113,275,Customer#000000275,AUTOMOBILE,5067.31
4871,2,17.00,28964.60,0.07,0.03,AIR,DELIVER IN PERSON,brown navy tan salmon honeydew,SMALL ANODIZED TIN,Brand#52,Supplier#000000038,EGYPT,MIDDLE EAST,464.32,6113,276,Customer#000000276,AUTOMOBILE,2292.67
4871,2,17.00,28964.60,0.07,0.03,AIR,DELIVER IN PERSON,brown navy tan salmon honeydew,SMALL ANODIZED TIN,Brand#52,Supplier#000000038,EGYPT,MIDDLE EAST,464.32,6113,277,Customer#000000277,BUILDING,8876.10
4871,2,17.00,28964.60,0.07,0.03,AIR,DELIVER IN PERSON,brown navy tan salmon honeydew,SMALL ANODIZED TIN,Brand#52,Supplier#000000038,EGYPT,MIDDLE EAST,464.32,6113,278,Customer#000000278,BUILDING,7621.56
4871,2,17.00,28964.60,0.07,0.03,AIR,DELIVER IN PERSON,brown navy tan salmon honeydew,SMALL ANODIZED TIN,Brand#52,Supplier#000000038,EGYPT,MIDDLE EAST,464.32,6113,279,Customer#000000279,AUTOMOBILE,9663.23
4871,2,17.00,28964.60,0.07,0.03,AIR,DELIVER IN PERSON,brown navy tan salmon honeydew,SMALL ANODIZED TIN,Brand#52,Supplier#000000038,EGYPT,MIDDLE EAST,464.32,6113,280,Customer#000000280,BUILDING,3952.84
4871,2,17.00,28964.60,0.07,0.03,AIR,DELIVER IN PERSON,brown navy tan salmon honeydew,SMALL ANODIZED TIN,Brand#52,Supplier#000000038,EGYPT,MIDDLE EAST,464.32,6113,281,Customer#000000281,BUILDING,4361.70
4871,2,17.00,28964.60,0.07,0.03,AIR,DELIVER IN PERSON,brown navy tan salmon honeydew,SMALL ANODIZED TIN,Brand#52,Supplier#000000038,EGYPT,MIDDLE EAST,464.32,6113,283,Customer#000000283,AUTOMOBILE,4450.03
4871,2,17.00,28964.60,0.07,0.03,AIR,DELIVER IN PERSON,brown navy tan salmon honeydew,SMALL ANODIZED TIN,Brand#52,Supplier#000000038,EGYPT,MIDDLE EAST,464.32,6113,284,Customer#000000284,AUTOMOBILE,593.52
4871,2,17.00,28964.60,0.07,0.03,AIR,DELIVER IN PERSON,brown navy tan salmon honeydew,SMALL ANODIZED TIN,Brand#52,Supplier#000000038,EGYPT,MIDDLE EAST,464.32,6113,287,Customer#000000287,MACHINERY,1734.18
4871,2,17.00,28964.60,0.07,0.03,AIR,DELIVER IN PERSON,brown navy tan salmon honeydew,SMALL ANODIZED TIN,Brand#52,Supplier#000000038,EGYPT,MIDDLE EAST,464.32,6113,290,Customer#000000290,MACHINERY,1811.35
4871,2,17.00,28964.60,0.07,0.03,AIR,DELIVER IN PERSON,brown navy tan salmon honeydew,SMALL ANODIZED TIN,Brand#52,Supplier#000000038,EGYPT,MIDDLE EAST,464.32,6113,296,Customer#000000296,BUILDING,8081.52
4871,2,17.00,28964.60,0.07,0.03,AIR,DELIVER IN PERSON,brown navy tan salmon honeydew,SMALL ANODIZED TIN,Brand#52,Supplier#000000038,EGYPT,MIDDLE EAST,464.32,6113,298,Customer#000000298,BUILDING,3812.84
4871,2,17.00,28964.60,0.07,0.03,AIR,DELIVER IN PERSON,brown navy tan salmon honeydew,SMALL ANODIZED TIN,Brand#52,Supplier#000000038,EGYPT,MIDDLE EAST,464.32,6113,300,Customer#000000300,AUTOMOBILE,8084.92
4871,2,17.00,28964.60,0.07,0.03,AIR,DELIVER IN PERSON,brown navy tan salmon honeydew,SMALL ANODIZED TIN,Brand#52,Supplier#000000038,EGYPT,MIDDLE EAST,464.32,6113,302,Customer#000000302,MACHINERY,1107.42
4871,2,17.00,28964.60,0.07,0.03,AIR,DELIVER IN PERSON,brown navy tan salmon honeydew,SMALL ANODIZED TIN,Brand#52,Supplier#000000038,EGYPT,MIDDLE EAST,464.32,6113,304,Customer#000000304,MACHINERY,9217.55
4871,2,17.00,28964.60,0.07,0.03,AIR,DELIVER IN PERSON,brown navy tan salmon honeydew,SMALL ANODIZED TIN,Brand#52,Supplier#000000038,EGYPT,MIDDLE EAST,464.32,6113,306,Customer#000000306,AUTOMOBILE,3268.01
4871,2,17.00,28964.60,0.07,0.03,AIR,DELIVER IN PERSON,brown navy tan salmon honeydew,SMALL ANODIZED TIN,Brand#52,Supplier#000000038,EGYPT,MIDDLE EAST,464.32,6113,311,Customer#000000311,AUTOMOBILE,6589.50
4871,2,17.00,28964.60,0.07,0.03,AIR,DELIVER IN PERSON,brown navy tan salmon honeydew,SMALL ANODIZED TIN,Brand#52,Supplier#000000038,EGYPT,MIDDLE EAST,464.32,6113,314,Customer#000000314,MACHINERY,2394.92
4871,2,17.00,28964.60,0.07,0.03,AIR,DELIVER IN PERSON,brown navy tan salmon honeydew,SMALL ANODIZED TIN,Brand#52,Supplier#000000038,EGYPT,MIDDLE EAST,464.32,6113,316,Customer#000000316,MACHINERY,4571.78
4871,2,17.00,28964.60,0.07,0.03,AIR,DELIVER IN PERSON,brown navy tan salmon honeydew,SMALL ANODIZED TIN,Brand#52,Supplier#000000038,EGYPT,MIDDLE EAST,464.32,6113,320,Customer#000000320,MACHINERY,6082.74
4871,2,17.00,28964.60,0.07,0.03,AIR,DELIVER IN PERSON,brown navy tan salmon honeydew,SMALL ANODIZED TIN,Brand#52,Supplier#000000038,EGYPT,MIDDLE EAST,464.32,6113,323,Customer#000000323,AUTOMOBILE,1137.67
4871,2,17.00,28964.60,0.07,0.03,AIR,DELIVER IN PERSON,brown navy tan salmon honeydew,SMALL ANODIZED TIN,Brand#52,Supplier#000000038,EGYPT,MIDDLE EAST,464.32,6113,327,Customer#000000327,MACHINERY,8762.16
4871,2,17.00,28964.60,0.07,0.03,AIR,DELIVER IN PERSON,brown navy tan salmon honeydew,SMALL ANODIZED TIN,Brand#52,Supplier#000000038,EGYPT,MIDDLE EAST,464.32,6113,328,Customer#000000328,BUILDING,6709.90
4871,2,17.00,28964.60,0.07,0.03,AIR,DELIVER IN PERSON,brown navy tan salmon honeydew,SMALL ANODIZED TIN,Brand#52,Supplier#000000038,EGYPT,MIDDLE EAST,464.32,6113,330,Customer#000000330,MACHINERY,8244.73
4871,2,17.00,28964.60,0.07,0.03,AIR,DELIVER IN PERSON,brown navy tan salmon honeydew,SMALL ANODIZED TIN,Brand#52,Supplier#000000038,EGYPT,MIDDLE EAST,464.32,6113,333,Customer#000000333,AUTOMOBILE,8018.89
4871,2,17.00,28964.60,0.07,0.03,AIR,DELIVER IN PERSON,brown navy tan salmon honeydew,SMALL ANODIZED TIN,Brand#52,Supplier#000000038,EGYPT,MIDDLE EAST,464.32,6113,336,Customer#000000336,AUTOMOBILE,9241.49
4871,2,17.00,28964.60,0.07,0.03,AIR,DELIVER IN PERSON,brown navy tan salmon honeydew,SMALL ANODIZED TIN,Brand#52,Supplier#000000038,EGYPT,MIDDLE EAST,464.32,6113,340,Customer#000000340,BUILDING,4667.12
4871,2,17.00,28964.60,0.07,0.03,AIR,DELIVER IN PERSON,brown navy tan salmon honeydew,SMALL ANODIZED TIN,Brand#52,Supplier#000000038,EGYPT,MIDDLE EAST,464.32,6113,342,Customer#000000342,AUTOMOBILE,7186.74
4871,2,17.00,28964.60,0.07,0.03,AIR,DELIVER IN PERSON,brown navy tan salmon honeydew,SMALL ANODIZED TIN,Brand#52,Supplier#000000038,EGYPT,MIDDLE EAST,464.32,6113,345,Customer#000000345,AUTOMOBILE,1936.77
4871,2,17.00,28964.60,0.07,0.03,AIR,DELIVER IN PERSON,brown navy tan salmon honeydew,SMALL ANODIZED TIN,Brand#52,Supplier#000000038,EGYPT,MIDDLE EAST,464.32,6113,347,Customer#000000347,BUILDING,7348.92
4871,2,17.00,28964.60,0.07,0.03,AIR,DELIVER IN PERSON,brown navy tan salmon honeydew,SMALL ANODIZED TIN,Brand#52,Supplier#000000038,EGYPT,MIDDLE EAST,464.32,6113,351,Customer#000000351,AUTOMOBILE,3419.54
4871,2,17.00,28964.60,0.07,0.03,AIR,DELIVER IN PERSON,brown navy tan salmon honeydew,SMALL ANODIZED TIN,Brand#52,Supplier#000000038,EGYPT,MIDDLE EAST,464.32,6113,353,Customer#000000353,BUILDING,3199.03
4871,2,17.00,28964.60,0.07,0.03,AIR,DELIVER IN PERSON,brown navy tan salmon honeydew,SMALL ANODIZED TIN,Brand#52,Supplier#000000038,EGYPT,MIDDLE EAST,464.32,6113,354,Customer#000000354,BUILDING,7095.95
4871,2,17.00,28964.60,0.07,0.03,AIR,DELIVER IN PERSON,brown navy tan salmon honeydew,SMALL ANODIZED TIN,Brand#52,Supplier#000000038,EGYPT,MIDDLE EAST,464.32,6113,357,Customer#000000357,AUTOMOBILE,8747.36
4871,2,17.00,28964.60,0.07,0.03,AIR,DELIVER IN PERSON,brown navy tan salmon honeydew,SMALL ANODIZED TIN,Brand#52,Supplier#000000038,EGYPT,MIDDLE EAST,464.32,6113,361,Customer#000000361,BUILDING,7451.84
4871,2,17.00,28964.60,0.07,0.03,AIR,DELIVER IN PERSON,brown navy tan salmon honeydew,SMALL ANODIZED TIN,Brand#52,Supplier#000000038,EGYPT,MIDDLE EAST,464.32,6113,362,Customer#000000362,AUTOMOBILE,6149.01
4871,2,17.00,28964.60,0.07,0.03,AIR,DELIVER IN PERSON,brown navy tan salmon honeydew,SMALL ANODIZED TIN,Brand#52,Supplier#000000038,EGYPT,MIDDLE EAST,464.32,6113,371,Customer#000000371,AUTOMOBILE,7789.14
4871,2,17.00,28964.60,0.07,0.03,AIR,DELIVER IN PERSON,brown navy tan salmon honeydew,SMALL ANODIZED TIN,Brand#52,Supplier#000000038,EGYPT,MIDDLE EAST,464.32,6113,373,Customer#000000373,MACHINERY,2354.06
4871,2,17.00,28964.60,0.07,0.03,AIR,DELIVER IN PERSON,brown navy tan salmon honeydew,SMALL ANODIZED TIN,Brand#52,Supplier#000000038,EGYPT,MIDDLE EAST,464.32,6113,374,Customer#000000374,AUTOMOBILE,6718.78
4871,2,17.00,28964.60,0.07,0.03,AIR,DELIVER IN PERSON,brown navy tan salmon honeydew,SMALL ANODIZED TIN,Brand#52,Supplier#000000038,EGYPT,MIDDLE EAST,464.32,6113,376,Customer#000000376,AUTOMOBILE,4231.45
4871,2,17.00,28964.60,0.07,0.03,AIR,DELIVER IN PERSON,brown navy tan salmon honeydew,SMALL ANODIZED TIN,Brand#52,Supplier#000000038,EGYPT,MIDDLE EAST,464.32,6113,377,Customer#000000377,MACHINERY,1043.72
4871,2,17.00,28964.60,0.07,0.03,AIR,DELIVER IN PERSON,brown navy tan salmon honeydew,SMALL ANODIZED TIN,Brand#52,Supplier#000000038,EGYPT,MIDDLE EAST,464.32,6113,378,Customer#000000378,BUILDING,5718.05
4871,2,17.00,28964.60,0.07,0.03,AIR,DELIVER IN PERSON,brown navy tan salmon honeydew,SMALL ANODIZED TIN,Brand#52,Supplier#000000038,EGYPT,MIDDLE EAST,464.32,6113,379,Customer#000000379,AUTOMOBILE,5348.11
4871,2,17.00,28964.60,0.07,0.03,AIR,DELIVER IN PERSON,brown navy tan salmon honeydew,SMALL ANODIZED TIN,Brand#52,Supplier#000000038,EGYPT,MIDDLE EAST,464.32,6113,380,Customer#000000380,BUILDING,2755.46
4871,2,17.00,28964.60,0.07,0.03,AIR,DELIVER IN PERSON,brown navy tan salmon honeydew,SMALL ANODIZED TIN,Brand#52,Supplier#000000038,EGYPT,MIDDLE EAST,464.32,6113,381,Customer#000000381,BUILDING,9931.71
4871,2,17.00,28964.60,0.07,0.03,AIR,DELIVER IN PERSON,brown navy tan salmon honeydew,SMALL ANODIZED TIN,Brand#52,Supplier#000000038,EGYPT,MIDDLE EAST,464.32,6113,382,Customer#000000382,AUTOMOBILE,6269.42
4871,2,17.00,28964.60,0.07,0.03,AIR,DELIVER IN PERSON,brown navy tan salmon honeydew,SMALL ANODIZED TIN,Brand#52,Supplier#000000038,EGYPT,MIDDLE EAST,464.32,6113,385,Customer#000000385,AUTOMOBILE,2457.09
4871,2,17.00,28964.60,0.07,0.03,AIR,DELIVER IN PERSON,brown navy tan salmon honeydew,SMALL ANODIZED TIN,Brand#52,Supplier#000000038,EGYPT,MIDDLE EAST,464.32,6113,392,Customer#000000392,BUILDING,8492.33
4871,2,17.00,28964.60,0.07,0.03,AIR,DELIVER IN PERSON,brown navy tan salmon honeydew,SMALL ANODIZED TIN,Brand#52,Supplier#000000038,EGYPT,MIDDLE EAST,464.32,6113,394,Customer#000000394,MACHINERY,5200.96
4871,2,17.00,28964.60,0.07,0.03,AIR,DELIVER IN PERSON,brown navy tan salmon honeydew,SMALL ANODIZED TIN,Brand#52,Supplier#000000038,EGYPT,MIDDLE EAST,464.32,6113,396,Customer#000000396,BUILDING,1433.50
4871,2,17.00,28964.60,0.07,0.03,AIR,DELIVER IN PERSON,brown navy tan salmon honeydew,SMALL ANODIZED TIN,Brand#52,Supplier#000000038,EGYPT,MIDDLE EAST,464.32,6113,399,Customer#000000399,BUILDING,7358.53
4871,2,17.00,28964.60,0.07,0.03,AIR,DELIVER IN PERSON,brown navy tan salmon honeydew,SMALL ANODIZED TIN,Brand#52,Supplier#000000038,EGYPT,MIDDLE EAST,464.32,6113,401,Customer#000000401,BUILDING,4146.43
4871,2,17.00,28964.60,0.07,0.03,AIR,DELIVER IN PERSON,brown navy tan salmon honeydew,SMALL ANODIZED TIN,Brand#52,Supplier#000000038,EGYPT,MIDDLE EAST,464.32,6113,402,Customer#000000402,AUTOMOBILE,2106.67
4871,2,17.00,28964.60,0.07,0.03,AIR,DELIVER IN PERSON,brown navy tan salmon honeydew,SMALL ANODIZED TIN,Brand#52,Supplier#000000038,EGYPT,MIDDLE EAST,464.32,6113,404,Customer#000000404,BUILDING,7408.73
4871,2,17.00,28964.60,0.07,0.03,AIR,DELIVER IN PERSON,brown navy tan salmon honeydew,SMALL ANODIZED TIN,Brand#52,Supplier#000000038,EGYPT,MIDDLE EAST,464.32,6113,405,Customer#000000405,MACHINERY,7519.14
4871,2,17.00,28964.60,0.07,0.03,AIR,DELIVER IN PERSON,brown navy tan salmon honeydew,SMALL ANODIZED TIN,Brand#52,Supplier#000000038,EGYPT,MIDDLE EAST,464.32,6113,407,Customer#000000407,MACHINERY,9537.08
4871,2,17.00,28964.60,0.07,0.03,AIR,DELIVER IN PERSON,brown navy tan salmon honeydew,SMALL ANODIZED TIN,Brand#52,Supplier#000000038,EGYPT,MIDDLE EAST,464.32,6113,408,Customer#000000408,BUILDING,6825.37
4871,2,17.00,28964.60,0.07,0.03,AIR,DELIVER IN PERSON,brown navy tan salmon honeydew,SMALL ANODIZED TIN,Brand#52,Supplier#000000038,EGYPT,MIDDLE EAST,464.32,6113,410,Customer#000000410,BUILDING,4349.27
4871,2,17.00,28964.60,0.07,0.03,AIR,DELIVER IN PERSON,brown navy tan salmon honeydew,SMALL ANODIZED TIN,Brand#52,Supplier#000000038,EGYPT,MIDDLE EAST,464.32,6113,412,Customer#000000412,BUILDING,6044.02
4871,2,17.00,28964.60,0.07,0.03,AIR,DELIVER IN PERSON,brown navy tan salmon honeydew,SMALL ANODIZED TIN,Brand#52,Supplier#000000038,EGYPT,MIDDLE EAST,464.32,6113,414,Customer#000000414,AUTOMOBILE,527.78
4871,2,17.00,28964.60,0.07,0.03,AIR,DELIVER IN PERSON,brown navy tan salmon honeydew,SMALL ANODIZED TIN,Brand#52,Supplier#000000038,EGYPT,MIDDLE EAST,464.32,6113,416,Customer#000000416,MACHINERY,4365.28
4871,2,17.00,28964.60,0.07,0.03,AIR,DELIVER IN PERSON,brown navy tan salmon honeydew,SMALL ANODIZED TIN,Brand#52,Supplier#000000038,EGYPT,MIDDLE EAST,464.32,6113,417,Customer#000000417,BUILDING,6187.73
4871,2,17.00,28964.60,0.07,0.03,AIR,DELIVER IN PERSON,brown navy tan salmon honeydew,SMALL ANODIZED TIN,Brand#52,Supplier#000000038,EGYPT,MIDDLE EAST,464.32,6113,419,Customer#000000419,BUILDING,7786.69
4871,2,17.00,28964.60,0.07,0.03,AIR,DELIVER IN PERSON,brown navy tan salmon honeydew,SMALL ANODIZED TIN,Brand#52,Supplier#000000038,EGYPT,MIDDLE EAST,464.32,6113,420,Customer#000000420,BUILDING,1999.35
4871,2,17.00,28964.60,0.07,0.03,AIR,DELIVER IN PERSON,brown navy tan salmon honeydew,SMALL ANODIZED TIN,Brand#52,Supplier#000000038,EGYPT,MIDDLE EAST,464.32,6113,427,Customer#000000427,MACHINERY,4376.80
4871,2,17.00,28964.60,0.07,0.03,AIR,DELIVER IN PERSON,brown navy tan salmon honeydew,SMALL ANODIZED TIN,Brand#52,Supplier#000000038,EGYPT,MIDDLE EAST,464.32,6113,428,Customer#000000428,BUILDING,1952.36
4871,2,17.00,28964.60,0.07,0.03,AIR,DELIVER IN PERSON,brown navy tan salmon honeydew,SMALL ANODIZED TIN,Brand#52,Supplier#000000038,EGYPT,MIDDLE EAST,464.32,6113,430,Customer#000000430,BUILDING,7905.17
4871,2,17.00,28964.60,0.07,0.03,AIR,DELIVER IN PERSON,brown navy tan salmon honeydew,SMALL ANODIZED TIN,Brand#52,Supplier#000000038,EGYPT,MIDDLE EAST,464.32,6113,432,Customer#000000432,BUILDING,5715.64
4871,2,17.00,28964.60,0.07,0.03,AIR,DELIVER IN PERSON,brown navy tan salmon honeydew,SMALL ANODIZED TIN,Brand#52,Supplier#000000038,EGYPT,MIDDLE EAST,464.32,6113,434,Customer#000000434,MACHINERY,2940.46
4871,2,17.00,28964.60,0.07,0.03,AIR,DELIVER IN PERSON,brown navy tan salmon honeydew,SMALL ANODIZED TIN,Brand#52,Supplier#000000038,EGYPT,MIDDLE EAST,464.32,6113,435,Customer#000000435,MACHINERY,6217.46
4871,2,17.00,28964.60,0.07,0.03,AIR,DELIVER IN PERSON,brown navy tan salmon honeydew,SMALL ANODIZED TIN,Brand#52,Supplier#000000038,EGYPT,MIDDLE EAST,464.32,6113,437,Customer#000000437,AUTOMOBILE,7760.52
4871,2,17.00,28964.60,0.07,0.03,AIR,DELIVER IN PERSON,brown navy tan salmon honeydew,SMALL ANODIZED TIN,Brand#52,Supplier#000000038,EGYPT,MIDDLE EAST,464.32,6113,438,Customer#000000438,MACHINERY,2131.13
4871,2,17.00,28964.60,0.07,0.03,AIR,DELIVER IN PERSON,brown navy tan salmon honeydew,SMALL ANODIZED TIN,Brand#52,Supplier#000000038,EGYPT,MIDDLE EAST,464.32,6113,440,Customer#000000440,MACHINERY,1809.04
4871,2,17.00,28964.60,0.07,0.03,AIR,DELIVER IN PERSON,brown navy tan salmon honeydew,SMALL ANODIZED TIN,Brand#52,Supplier#000000038,EGYPT,MIDDLE EAST,464.32,6113,448,Customer#000000448,BUILDING,8117.27
4871,2,17.00,28964.60,0.07,0.03,AIR,DELIVER IN PERSON,brown navy tan salmon honeydew,SMALL ANODIZED TIN,Brand#52,Supplier#000000038,EGYPT,MIDDLE EAST,464.32,6113,449,Customer#000000449,MACHINERY,3001.94
4871,2,17.00,28964.60,0.07,0.03,AIR,DELIVER IN PERSON,brown navy tan salmon honeydew,SMALL ANODIZED TIN,Brand#52,Supplier#000000038,EGYPT,MIDDLE EAST,464.32,6113,452,Customer#000000452,BUILDING,6633.70
4871,2,17.00,28964.60,0.07,0.03,AIR,DELIVER IN PERSON,brown navy tan salmon honeydew,SMALL ANODIZED TIN,Brand#52,Supplier#000000038,EGYPT,MIDDLE EAST,464.32,6113,454,Customer#000000454,AUTOMOBILE,6134.40
4871,2,17.00,28964.60,0.07,0.03,AIR,DELIVER IN PERSON,brown navy tan salmon honeydew,SMALL ANODIZED TIN,Brand#52,Supplier#000000038,EGYPT,MIDDLE EAST,464.32,6113,455,Customer#000000455,BUILDING,6860.34
4871,2,17.00,28964.60,0.07,0.03,AIR,DELIVER IN PERSON,brown navy tan salmon honeydew,SMALL ANODIZED TIN,Brand#52,Supplier#000000038,EGYPT,MIDDLE EAST,464.32,6113,459,Customer#000000459,MACHINERY,1207.97
4871,2,17.00,28964.60,0.07,0.03,AIR,DELIVER IN PERSON,brown navy tan salmon honeydew,SMALL ANODIZED TIN,Brand#52,Supplier#000000038,EGYPT,MIDDLE EAST,464.32,6113,461,Customer#000000461,AUTOMOBILE,9177.63
4871,2,17.00,28964.60,0.07,0.03,AIR,DELIVER IN PERSON,brown navy tan salmon honeydew,SMALL ANODIZED TIN,Brand#52,Supplier#000000038,EGYPT,MIDDLE EAST,464.32,6113,464,Customer#000000464,AUTOMOBILE,8730.85
4871,2,17.00,28964.60,0.07,0.03,AIR,DELIVER IN PERSON,brown navy tan salmon honeydew,SMALL ANODIZED TIN,Brand#52,Supplier#000000038,EGYPT,MIDDLE EAST,464.32,6113,466,Customer#000000466,MACHINERY,3168.41
4871,2,17.00,28964.60,0.07,0.03,AIR,DELIVER IN PERSON,brown navy tan salmon honeydew,SMALL ANODIZED TIN,Brand#52,Supplier#000000038,EGYPT,MIDDLE EAST,464.32,6113,467,Customer#000000467,MACHINERY,9398.51
4871,2,17.00,28964.60,0.07,0.03,AIR,DELIVER IN PERSON,brown navy tan salmon honeydew,SMALL ANODIZED TIN,Brand#52,Supplier#000000038,EGYPT,MIDDLE EAST,464.32,6113,469,Customer#000000469,BUILDING,6343.64
4871,2,17.00,28964.60,0.07,0.03,AIR,DELIVER IN PERSON,brown navy tan salmon honeydew,SMALL ANODIZED TIN,Brand#52,Supplier#000000038,EGYPT,MIDDLE EAST,464.32,6113,472,Customer#000000472,MACHINERY,7929.90
4871,2,17.00,28964.60,0.07,0.03,AIR,DELIVER IN PERSON,brown navy tan salmon honeydew,SMALL ANODIZED TIN,Brand#52,Supplier#000000038,EGYPT,MIDDLE EAST,464.32,6113,474,Customer#000000474,MACHINERY,9165.47
4871,2,17.00,28964.60,0.07,0.03,AIR,DELIVER IN PERSON,brown navy tan salmon honeydew,SMALL ANODIZED TIN,Brand#52,Supplier#000000038,EGYPT,MIDDLE EAST,464.32,6113,475,Customer#000000475,BUILDING,9043.55
4871,2,17.00,28964.60,0.07,0.03,AIR,DELIVER IN PERSON,brown navy tan salmon honeydew,SMALL ANODIZED TIN,Brand#52,Supplier#000000038,EGYPT,MIDDLE EAST,464.32,6113,476,Customer#000000476,BUILDING,5973.10
4871,2,17.00,28964.60,0.07,0.03,AIR,DELIVER IN PERSON,brown navy tan salmon honeydew,SMALL ANODIZED TIN,Brand#52,Supplier#000000038,EGYPT,MIDDLE EAST,464.32,6113,477,Customer#000000477,AUTOMOBILE,1836.61
4871,2,17.00,28964.60,0.07,0.03,AIR,DELIVER IN PERSON,brown navy tan salmon honeydew,SMALL ANODIZED TIN,Brand#52,Supplier#000000038,EGYPT,MIDDLE EAST,464.32,6113,479,Customer#000000479,AUTOMOBILE,3653.64
4871,2,17.00,28964.60,0.07,0.03,AIR,DELIVER IN PERSON,brown navy tan salmon honeydew,SMALL ANODIZED TIN,Brand#52,Supplier#000000038,EGYPT,MIDDLE EAST,464.32,6113,483,Customer#000000483,MACHINERY,8877.20
4871,2,17.00,28964.60,0.07,0.03,AIR,DELIVER IN PERSON,brown navy tan salmon honeydew,SMALL ANODIZED TIN,Brand#52,Supplier#000000038,EGYPT,MIDDLE EAST,464.32,6113,484,Customer#000000484,BUILDING,4245.00
4871,2,17.00,28964.60,0.07,0.03,AIR,DELIVER IN PERSON,brown navy tan salmon honeydew,SMALL ANODIZED TIN,Brand#52,Supplier#000000038,EGYPT,MIDDLE EAST,464.32,6113,485,Customer#000000485,MACHINERY,8695.45
4871,2,17.00,28964.60,0.07,0.03,AIR,DELIVER IN PERSON,brown navy tan salmon honeydew,SMALL ANODIZED TIN,Brand#52,Supplier#000000038,EGYPT,MIDDLE EAST,464.32,6113,486,Customer#000000486,AUTOMOBILE,7487.40
4871,2,17.00,28964.60,0.07,0.03,AIR,DELIVER IN PERSON,brown navy tan salmon honeydew,SMALL ANODIZED TIN,Brand#52,Supplier#000000038,EGYPT,MIDDLE EAST,464.32,6113,487,Customer#000000487,AUTOMOBILE,9749.37
4871,2,17.00,28964.60,0.07,0.03,AIR,DELIVER IN PERSON,brown navy tan salmon honeydew,SMALL ANODIZED TIN,Brand#52,Supplier#000000038,EGYPT,MIDDLE EAST,464.32,6113,489,Customer#000000489,AUTOMOBILE,8255.83
4871,2,17.00,28964.60,0.07,0.03,AIR,DELIVER IN PERSON,brown navy tan salmon honeydew,SMALL ANODIZED TIN,Brand#52,Supplier#000000038,EGYPT,MIDDLE EAST,464.32,6113,491,Customer#000000491,AUTOMOBILE,785.37
4871,2,17.00,28964.60,0.07,0.03,AIR,DELIVER IN PERSON,brown navy tan salmon honeydew,SMALL ANODIZED TIN,Brand#52,Supplier#000000038,EGYPT,MIDDLE EAST,464.32,6113,492,Customer#000000492,AUTOMOBILE,8635.18
4871,2,17.00,28964.60,0.07,0.03,AIR,DELIVER IN PERSON,brown navy tan salmon honeydew,SMALL ANODIZED TIN,Brand#52,Supplier#000000038,EGYPT,MIDDLE EAST,464.32,6113,493,Customer#000000493,MACHINERY,6582.04
4871,2,17.00,28964.60,0.07,0.03,AIR,DELIVER IN PERSON,brown navy tan salmon honeydew,SMALL ANODIZED TIN,Brand#52,Supplier#000000038,EGYPT,MIDDLE EAST,464.32,6113,495,Customer#000000495,BUILDING,7997.81
4871,2,17.00,28964.60,0.07,0.03,AIR,DELIVER IN PERSON,brown navy tan salmon honeydew,SMALL ANODIZED TIN,Brand#52,Supplier#000000038,EGYPT,MIDDLE EAST,464.32,6113,496,Customer#000000496,MACHINERY,8174.82
4871,2,17.00,28964.60,0.07,0.03,AIR,DELIVER IN PERSON,brown navy tan salmon honeydew,SMALL ANODIZED TIN,Brand#52,Supplier#000000038,EGYPT,MIDDLE EAST,464.32,6113,497,Customer#000000497,BUILDING,2191.59
4871,2,17.00,28964.60,0.07,0.03,AIR,DELIVER IN PERSON,brown navy tan salmon honeydew,SMALL ANODIZED TIN,Brand#52,Supplier#000000038,EGYPT,MIDDLE EAST,464.32,6113,498,Customer#000000498,BUILDING,3945.64
4871,2,17.00,28964.60,0.07,0.03,AIR,DELIVER IN PERSON,brown navy tan salmon honeydew,SMALL ANODIZED TIN,Brand#52,Supplier#000000038,EGYPT,MIDDLE EAST,464.32,6113,500,Customer#000000500,AUTOMOBILE,3300.82
4871,2,17.00,28964.60,0.07,0.03,AIR,DELIVER IN PERSON,brown navy tan salmon honeydew,SMALL ANODIZED TIN,Brand#52,Supplier#000000038,EGYPT,MIDDLE EAST,464.32,6113,503,Customer#000000503,MACHINERY,3213.66
4871,2,17.00,28964.60,0.07,0.03,AIR,DELIVER IN PERSON,brown navy tan salmon honeydew,SMALL ANODIZED TIN,Brand#52,Supplier#000000038,EGYPT,MIDDLE EAST,464.32,6113,507,Customer#000000507,MACHINERY,5727.00
4871,2,17.00,28964.60,0.07,0.03,AIR,DELIVER IN PERSON,brown navy tan salmon honeydew,SMALL ANODIZED TIN,Brand#52,Supplier#000000038,EGYPT,MIDDLE EAST,464.32,6113,508,Customer#000000508,BUILDING,1685.90
4871,2,17.00,28964.60,0.07,0.03,AIR,DELIVER IN PERSON,brown navy tan salmon honeydew,SMALL ANODIZED TIN,Brand#52,Supplier#000000038,EGYPT,MIDDLE EAST,464.32,6113,512,Customer#000000512,BUILDING,3937.58
4871,2,17.00,28964.60,0.07,0.03,AIR,DELIVER IN PERSON,brown navy tan salmon honeydew,SMALL ANODIZED TIN,Brand#52,Supplier#000000038,EGYPT,MIDDLE EAST,464.32,6113,514,Customer#000000514,BUILDING,5840.97
4871,2,17.00,28964.60,0.07,0.03,AIR,DELIVER IN PERSON,brown navy tan salmon honeydew,SMALL ANODIZED TIN,Brand#52,Supplier#000000038,EGYPT,MIDDLE EAST,464.32,6113,515,Customer#000000515,BUILDING,3225.07
4871,2,17.00,28964.60,0.07,0.03,AIR,DELIVER IN PERSON,brown navy tan salmon honeydew,SMALL ANODIZED TIN,Brand#52,Supplier#000000038,EGYPT,MIDDLE EAST,464.32,6113,516,Customer#000000516,MACHINERY,4768.96
4871,2,17.00,28964.60,0.07,0.03,AIR,DELIVER IN PERSON,brown navy tan salmon honeydew,SMALL ANODIZED TIN,Brand#52,Supplier#000000038,EGYPT,MIDDLE EAST,464.32,6113,518,Customer#000000518,BUILDING,9871.66
4871,2,17.00,28964.60,0.07,0.03,AIR,DELIVER IN PERSON,brown navy tan salmon honeydew,SMALL ANODIZED TIN,Brand#52,Supplier#000000038,EGYPT,MIDDLE EAST,464.32,6113,519,Customer#000000519,BUILDING,9074.45
4871,2,17.00,28964.60,0.07,0.03,AIR,DELIVER IN PERSON,brown navy tan salmon honeydew,SMALL ANODIZED TIN,Brand#52,Supplier#000000038,EGYPT,MIDDLE EAST,464.32,6113,521,Customer#000000521,MACHINERY,5830.69
4871,2,17.00,28964.60,0.07,0.03,AIR,DELIVER IN PERSON,brown navy tan salmon honeydew,SMALL ANODIZED TIN,Brand#52,Supplier#000000038,EGYPT,MIDDLE EAST,464.32,6113,522,Customer#000000522,BUILDING,6358.46
4871,2,17.00,28964.60,0.07,0.03,AIR,DELIVER IN PERSON,brown navy tan salmon honeydew,SMALL ANODIZED TIN,Brand#52,Supplier#000000038,EGYPT,MIDDLE EAST,464.32,6113,525,Customer#000000525,AUTOMOBILE,3931.68
4871,2,17.00,28964.60,0.07,0.03,AIR,DELIVER IN PERSON,brown navy tan salmon honeydew,SMALL ANODIZED TIN,Brand#52,Supplier#000000038,EGYPT,MIDDLE EAST,464.32,6113,528,Customer#000000528,AUTOMOBILE,1802.50
4871,2,17.00,28964.60,0.07,0.03,AIR,DELIVER IN PERSON,brown navy tan salmon honeydew,SMALL ANODIZED TIN,Brand#52,Supplier#000000038,EGYPT,MIDDLE EAST,464.32,6113,530,Customer#000000530,BUILDING,4990.92
4871,2,17.00,28964.60,0.07,0.03,AIR,DELIVER IN PERSON,brown navy tan salmon honeydew,SMALL ANODIZED TIN,Brand#52,Supplier#000000038,EGYPT,MIDDLE EAST,464.32,6113,532,Customer#000000532,MACHINERY,1725.68
4871,2,17.00,28964.60,0.07,0.03,AIR,DELIVER IN PERSON,brown navy tan salmon honeydew,SMALL ANODIZED TIN,Brand#52,Supplier#000000038,EGYPT,MIDDLE EAST,464.32,6113,534,Customer#000000534,AUTOMOBILE,6520.97
4871,2,17.00,28964.60,0.07,0.03,AIR,DELIVER IN PERSON,brown navy tan salmon honeydew,SMALL ANODIZED TIN,Brand#52,Supplier#000000038,EGYPT,MIDDLE EAST,464.32,6113,535,Customer#000000535,BUILDING,2912.80
4871,2,17.00,28964.60,0.07,0.03,AIR,DELIVER IN PERSON,brown navy tan salmon honeydew,SMALL ANODIZED TIN,Brand#52,Supplier#000000038,EGYPT,MIDDLE EAST,464.32,6113,536,Customer#000000536,MACHINERY,3342.75
4871,2,17.00,28964.60,0.07,0.03,AIR,DELIVER IN PERSON,brown navy tan salmon honeydew,SMALL ANODIZED TIN,Brand#52,Supplier#000000038,EGYPT,MIDDLE EAST,464.32,6113,540,Customer#000000540,MACHINERY,9195.77
4871,2,17.00,28964.60,0.07,0.03,AIR,DELIVER IN PERSON,brown navy tan salmon honeydew,SMALL ANODIZED TIN,Brand#52,Supplier#000000038,EGYPT,MIDDLE EAST,464.32,6113,542,Customer#000000542,BUILDING,3109.96
4871,2,17.00,28964.60,0.07,0.03,AIR,DELIVER IN PERSON,brown navy tan salmon honeydew,SMALL ANODIZED TIN,Brand#52,Supplier#000000038,EGYPT,MIDDLE EAST,464.32,6113,543,Customer#000000543,AUTOMOBILE,6089.13
4871,2,17.00,28964.60,0.07,0.03,AIR,DELIVER IN PERSON,brown navy tan salmon honeydew,SMALL ANODIZED TIN,Brand#52,Supplier#000000038,EGYPT,MIDDLE EAST,464.32,6113,544,Customer#000000544,AUTOMOBILE,4974.68
4871,2,17.00,28964.60,0.07,0.03,AIR,DELIVER IN PERSON,brown navy tan salmon honeydew,SMALL ANODIZED TIN,Brand#52,Supplier#000000038,EGYPT,MIDDLE EAST,464.32,6113,545,Customer#000000545,AUTOMOBILE,7505.33
4871,2,17.00,28964.60,0.07,0.03,AIR,DELIVER IN PERSON,brown navy tan salmon honeydew,SMALL ANODIZED TIN,Brand#52,Supplier#000000038,EGYPT,MIDDLE EAST,464.32,6113,546,Customer#000000546,MACHINERY,3116.50
4871,2,17.00,28964.60,0.07,0.03,AIR,DELIVER IN PERSON,brown navy tan salmon honeydew,SMALL ANODIZED TIN,Brand#52,Supplier#000000038,EGYPT,MIDDLE EAST,464.32,6113,547,Customer#000000547,BUILDING,6058.08
4871,2,17.00,28964.60,0.07,0.03,AIR,DELIVER IN PERSON,brown navy tan salmon honeydew,SMALL ANODIZED TIN,Brand#52,Supplier#000000038,EGYPT,MIDDLE EAST,464.32,6113,553,Customer#000000553,BUILDING,4804.57
4871,2,17.00,28964.60,0.07,0.03,AIR,DELIVER IN PERSON,brown navy tan salmon honeydew,SMALL ANODIZED TIN,Brand#52,Supplier#000000038,EGYPT,MIDDLE EAST,464.32,6113,555,Customer#000000555,BUILDING,5486.52
4871,2,17.00,28964.60,0.07,0.03,AIR,DELIVER IN PERSON,brown navy tan salmon honeydew,SMALL ANODIZED TIN,Brand#52,Supplier#000000038,EGYPT,MIDDLE EAST,464.32,6113,556,Customer#000000556,MACHINERY,7944.22
4871,2,17.00,28964.60,0.07,0.03,AIR,DELIVER IN PERSON,brown navy tan salmon honeydew,SMALL ANODIZED TIN,Brand#52,Supplier#000000038,EGYPT,MIDDLE EAST,464.32,6113,557,Customer#000000557,BUILDING,9559.04
4871,2,17.00,28964.60,0.07,0.03,AIR,DELIVER IN PERSON,brown navy tan salmon honeydew,SMALL ANODIZED TIN,Brand#52,Supplier#000000038,EGYPT,MIDDLE EAST,464.32,6113,560,Customer#000000560,BUILDING,1469.59
4871,2,17.00,28964.60,0.07,0.03,AIR,DELIVER IN PERSON,brown navy tan salmon honeydew,SMALL ANODIZED TIN,Brand#52,Supplier#000000038,EGYPT,MIDDLE EAST,464.32,6113,562,Customer#000000562,BUILDING,9234.50
4871,2,17.00,28964.60,0.07,0.03,AIR,DELIVER IN PERSON,brown navy tan salmon honeydew,SMALL ANODIZED TIN,Brand#52,Supplier#000000038,EGYPT,MIDDLE EAST,464.32,6113,564,Customer#000000564,MACHINERY,6307.59
4871,2,17.00,28964.60,0.07,0.03,AIR,DELIVER IN PERSON,brown navy tan salmon honeydew,SMALL ANODIZED TIN,Brand#52,Supplier#000000038,EGYPT,MIDDLE EAST,464.32,6113,567,Customer#000000567,BUILDING,8475.17
4871,2,17.00,28964.60,0.07,0.03,AIR,DELIVER IN PERSON,brown navy tan salmon honeydew,SMALL ANODIZED TIN,Brand#52,Supplier#000000038,EGYPT,MIDDLE EAST,464.32,6113,568,Customer#000000568,BUILDING,1317.56
4871,2,17.00,28964.60,0.07,0.03,AIR,DELIVER IN PERSON,brown navy tan salmon honeydew,SMALL ANODIZED TIN,Brand#52,Supplier#000000038,EGYPT,MIDDLE EAST,464.32,6113,570,Customer#000000570,AUTOMOBILE,8480.87
4871,2,17.00,28964.60,0.07,0.03,AIR,DELIVER IN PERSON,brown navy tan salmon honeydew,SMALL ANODIZED TIN,Brand#52,Supplier#000000038,EGYPT,MIDDLE EAST,464.32,6113,572,Customer#000000572,AUTOMOBILE,7252.65
4871,2,17.00,28964.60,0.07,0.03,AIR,DELIVER IN PERSON,brown navy tan salmon honeydew,SMALL ANODIZED TIN,Brand#52,Supplier#000000038,EGYPT,MIDDLE EAST,464.32,6113,575,Customer#000000575,BUILDING,3652.29
4871,2,17.00,28964.60,0.07,0.03,AIR,DELIVER IN PERSON,brown navy tan salmon honeydew,SMALL ANODIZED TIN,Brand#52,Supplier#000000038,EGYPT,MIDDLE EAST,464.32,6113,579,Customer#000000579,MACHINERY,1924.96
4871,2,17.00,28964.60,0.07,0.03,AIR,DELIVER IN PERSON,brown navy tan salmon honeydew,SMALL ANODIZED TIN,Brand#52,Supplier#000000038,EGYPT,MIDDLE EAST,464.32,6113,581,Customer#000000581,MACHINERY,3242.10
4871,2,17.00,28964.60,0.07,0.03,AIR,DELIVER IN PERSON,brown navy tan salmon honeydew,SMALL ANODIZED TIN,Brand#52,Supplier#000000038,EGYPT,MIDDLE EAST,464.32,6113,584,Customer#000000584,MACHINERY,8825.71
4871,2,17.00,28964.60,0.07,0.03,AIR,DELIVER IN PERSON,brown navy tan salmon honeydew,SMALL ANODIZED TIN,Brand#52,Supplier#000000038,EGYPT,MIDDLE EAST,464.32,6113,585,Customer#000000585,MACHINERY,7820.26
4871,2,17.00,28964.60,0.07,0.03,AIR,DELIVER IN PERSON,brown navy tan salmon honeydew,SMALL ANODIZED TIN,Brand#52,Supplier#000000038,EGYPT,MIDDLE EAST,464.32,6113,586,Customer#000000586,AUTOMOBILE,5134.35
4871,2,17.00,28964.60,0.07,0.03,AIR,DELIVER IN PERSON,brown navy tan salmon honeydew,SMALL ANODIZED TIN,Brand#52,Supplier#000000038,EGYPT,MIDDLE EAST,464.32,6113,590,Customer#000000590,MACHINERY,3993.54
4871,2,17.00,28964.60,0.07,0.03,AIR,DELIVER IN PERSON,brown navy tan salmon honeydew,SMALL ANODIZED TIN,Brand#52,Supplier#000000038,EGYPT,MIDDLE EAST,464.32,6113,591,Customer#000000591,MACHINERY,6344.66
4871,2,17.00,28964.60,0.07,0.03,AIR,DELIVER IN PERSON,brown navy tan salmon honeydew,SMALL ANODIZED TIN,Brand#52,Supplier#000000038,EGYPT,MIDDLE EAST,464.32,6113,592,Customer#000000592,BUILDING,9712.75
4871,2,17.00,28964.60,0.07,0.03,AIR,DELIVER IN PERSON,brown navy tan salmon honeydew,SMALL ANODIZED TIN,Brand#52,Supplier#000000038,EGYPT,MIDDLE EAST,464.32,6113,596,Customer#000000596,MACHINERY,1722.88
4871,2,17.00,28964.60,0.07,0.03,AIR,DELIVER IN PERSON,brown navy tan salmon honeydew,SMALL ANODIZED TIN,Brand#52,Supplier#000000038,EGYPT,MIDDLE EAST,464.32,6113,597,Customer#000000597,AUTOMOBILE,2443.52
4871,2,17.00,28964.60,0.07,0.03,AIR,DELIVER IN PERSON,brown navy tan salmon honeydew,SMALL ANODIZED TIN,Brand#52,Supplier#000000038,EGYPT,MIDDLE EAST,464.32,6113,601,Customer#000000601,BUILDING,9768.21
4871,2,17.00,28964.60,0.07,0.03,AIR,DELIVER IN PERSON,brown navy tan salmon honeydew,SMALL ANODIZED TIN,Brand#52,Supplier#000000038,EGYPT,MIDDLE EAST,464.32,6113,602,Customer#000000602,BUILDING,8404.90
4871,2,17.00,28964.60,0.07,0.03,AIR,DELIVER IN PERSON,brown navy tan salmon honeydew,SMALL ANODIZED TIN,Brand#52,Supplier#000000038,EGYPT,MIDDLE EAST,464.32,6113,606,Customer#000000606,AUTOMOBILE,9676.98
4871,2,17.00,28964.60,0.07,0.03,AIR,DELIVER IN PERSON,brown navy tan salmon honeydew,SMALL ANODIZED TIN,Brand#52,Supplier#000000038,EGYPT,MIDDLE EAST,464.32,6113,608,Customer#000000608,BUILDING,2256.36
4871,2,17.00,28964.60,0.07,0.03,AIR,DELIVER IN PERSON,brown navy tan salmon honeydew,SMALL ANODIZED TIN,Brand#52,Supplier#000000038,EGYPT,MIDDLE EAST,464.32,6113,610,Customer#000000610,BUILDING,3374.92
4871,2,17.00,28964.60,0.07,0.03,AIR,DELIVER IN PERSON,brown navy tan salmon honeydew,SMALL ANODIZED TIN,Brand#52,Supplier#000000038,EGYPT,MIDDLE EAST,464.32,6113,613,Customer#000000613,AUTOMOBILE,6679.75
4871,2,17.00,28964.60,0.07,0.03,AIR,DELIVER IN PERSON,brown navy tan salmon honeydew,SMALL ANODIZED TIN,Brand#52,Supplier#000000038,EGYPT,MIDDLE EAST,464.32,6113,620,Customer#000000620,AUTOMOBILE,5795.15
4871,2,17.00,28964.60,0.07,0.03,AIR,DELIVER IN PERSON,brown navy tan salmon honeydew,SMALL ANODIZED TIN,Brand#52,Supplier#000000038,EGYPT,MIDDLE EAST,464.32,6113,623,Customer#000000623,BUILDING,7887.60
4871,2,17.00,28964.60,0.07,0.03,AIR,DELIVER IN PERSON,brown navy tan salmon honeydew,SMALL ANODIZED TIN,Brand#52,Supplier#000000038,EGYPT,MIDDLE EAST,464.32,6113,624,Customer#000000624,MACHINERY,3907.11
4871,2,17.00,28964.60,0.07,0.03,AIR,DELIVER IN PERSON,brown navy tan salmon honeydew,SMALL ANODIZED TIN,Brand#52,Supplier#000000038,EGYPT,MIDDLE EAST,464.32,6113,631,Customer#000000631,MACHINERY,2603.00
4871,2,17.00,28964.60,0.07,0.03,AIR,DELIVER IN PERSON,brown navy tan salmon honeydew,SMALL ANODIZED TIN,Brand#52,Supplier#000000038,EGYPT,MIDDLE EAST,464.32,6113,635,Customer#000000635,AUTOMOBILE,8216.79
4871,2,17.00,28964.60,0.07,0.03,AIR,DELIVER IN PERSON,brown navy tan salmon honeydew,SMALL ANODIZED TIN,Brand#52,Supplier#000000038,EGYPT,MIDDLE EAST,464.32,6113,639,Customer#000000639,MACHINERY,4899.15
4871,2,17.00,28964.60,0.07,0.03,AIR,DELIVER IN PERSON,brown navy tan salmon honeydew,SMALL ANODIZED TIN,Brand#52,Supplier#000000038,EGYPT,MIDDLE EAST,464.32,6113,642,Customer#000000642,AUTOMOBILE,5684.01
4871,2,17.00,28964.60,0.07,0.03,AIR,DELIVER IN PERSON,brown navy tan salmon honeydew,SMALL ANODIZED TIN,Brand#52,Supplier#000000038,EGYPT,MIDDLE EAST,464.32,6113,645,Customer#000000645,BUILDING,1146.49
4871,2,17.00,28964.60,0.07,0.03,AIR,DELIVER IN PERSON,brown navy tan salmon honeydew,SMALL ANODIZED TIN,Brand#52,Supplier#000000038,EGYPT,MIDDLE EAST,464.32,6113,649,Customer#000000649,BUILDING,9442.55
4871,2,17.00,28964.60,0.07,0.03,AIR,DELIVER IN PERSON,brown navy tan salmon honeydew,SMALL ANODIZED TIN,Brand#52,Supplier#000000038,EGYPT,MIDDLE EAST,464.32,6113,650,Customer#000000650,AUTOMOBILE,2086.91
4871,2,17.00,28964.60,0.07,0.03,AIR,DELIVER IN PERSON,brown navy tan salmon honeydew,SMALL ANODIZED TIN,Brand#52,Supplier#000000038,EGYPT,MIDDLE EAST,464.32,6113,653,Customer#000000653,BUILDING,7307.55
4871,2,17.00,28964.60,0.07,0.03,AIR,DELIVER IN PERSON,brown navy tan salmon honeydew,SMALL ANODIZED TIN,Brand#52,Supplier#000000038,EGYPT,MIDDLE EAST,464.32,6113,654,Customer#000000654,AUTOMOBILE,1067.04
4871,2,17.00,28964.60,0.07,0.03,AIR,DELIVER IN PERSON,brown navy tan salmon honeydew,SMALL ANODIZED TIN,Brand#52,Supplier#000000038,EGYPT,MIDDLE EAST,464.32,6113,662,Customer#000000662,BUILDING,4517.33
4871,2,17.00,28964.60,0.07,0.03,AIR,DELIVER IN PERSON,brown navy tan salmon honeydew,SMALL ANODIZED TIN,Brand#52,Supplier#000000038,EGYPT,MIDDLE EAST,464.32,6113,663,Customer#000000663,AUTOMOBILE,9698.21
4871,2,17.00,28964.60,0.07,0.03,AIR,DELIVER IN PERSON,brown navy tan salmon honeydew,SMALL ANODIZED TIN,Brand#52,Supplier#000000038,EGYPT,MIDDLE EAST,464.32,6113,664,Customer#000000664,BUILDING,8878.22
4871,2,17.00,28964.60,0.07,0.03,AIR,DELIVER IN PERSON,brown navy tan salmon honeydew,SMALL ANODIZED TIN,Brand#52,Supplier#000000038,EGYPT,MIDDLE EAST,464.32,6113,666,Customer#000000666,AUTOMOBILE,4538.54
4871,2,17.00,28964.60,0.07,0.03,AIR,DELIVER IN PERSON,brown navy tan salmon honeydew,SMALL ANODIZED TIN,Brand#52,Supplier#000000038,EGYPT,MIDDLE EAST,464.32,6113,669,Customer#000000669,MACHINERY,6019.20
4871,2,17.00,28964.60,0.07,0.03,AIR,DELIVER IN PERSON,brown navy tan salmon honeydew,SMALL ANODIZED TIN,Brand#52,Supplier#000000038,EGYPT,MIDDLE EAST,464.32,6113,670,Customer#000000670,BUILDING,6738.93
4871,2,17.00,28964.60,0.07,0.03,AIR,DELIVER IN PERSON,brown navy tan salmon honeydew,SMALL ANODIZED TIN,Brand#52,Supplier#000000038,EGYPT,MIDDLE EAST,464.32,6113,672,Customer#000000672,BUILDING,7778.95
4871,2,17.00,28964.60,0.07,0.03,AIR,DELIVER IN PERSON,brown navy tan salmon honeydew,SMALL ANODIZED TIN,Brand#52,Supplier#000000038,EGYPT,MIDDLE EAST,464.32,6113,673,Customer#000000673,MACHINERY,3942.58
4871,2,17.00,28964.60,0.07,0.03,AIR,DELIVER IN PERSON,brown navy tan salmon honeydew,SMALL ANODIZED TIN,Brand#52,Supplier#000000038,EGYPT,MIDDLE EAST,464.32,6113,674,Customer#000000674,BUILDING,7889.64
4871,2,17.00,28964.60,0.07,0.03,AIR,DELIVER IN PERSON,brown navy tan salmon honeydew,SMALL ANODIZED TIN,Brand#52,Supplier#000000038,EGYPT,MIDDLE EAST,464.32,6113,677,Customer#000000677,AUTOMOBILE,5582.63
4871,2,17.00,28964.60,0.07,0.03,AIR,DELIVER IN PERSON,brown navy tan salmon honeydew,SMALL ANODIZED TIN,Brand#52,Supplier#000000038,EGYPT,MIDDLE EAST,464.32,6113,679,Customer#000000679,AUTOMOBILE,1394.44
4871,2,17.00,28964.60,0.07,0.03,AIR,DELIVER IN PERSON,brown navy tan salmon honeydew,SMALL ANODIZED TIN,Brand#52,Supplier#000000038,EGYPT,MIDDLE EAST,464.32,6113,680,Customer#000000680,AUTOMOBILE,4366.23
4871,2,17.00,28964.60,0.07,0.03,AIR,DELIVER IN PERSON,brown navy tan salmon honeydew,SMALL ANODIZED TIN,Brand#52,Supplier#000000038,EGYPT,MIDDLE EAST,464.32,6113,682,Customer#000000682,AUTOMOBILE,7420.60
4871,2,17.00,28964.60,0.07,0.03,AIR,DELIVER IN PERSON,brown navy tan salmon honeydew,SMALL ANODIZED TIN,Brand#52,Supplier#000000038,EGYPT,MIDDLE EAST,464.32,6113,683,Customer#000000683,MACHINERY,9120.93
4871,2,17.00,28964.60,0.07,0.03,AIR,DELIVER IN PERSON,brown navy tan salmon honeydew,SMALL ANODIZED TIN,Brand#52,Supplier#000000038,EGYPT,MIDDLE EAST,464.32,6113,685,Customer#000000685,MACHINERY,2039.84
4871,2,17.00,28964.60,0.07,0.03,AIR,DELIVER IN PERSON,brown navy tan salmon honeydew,SMALL ANODIZED TIN,Brand#52,Supplier#000000038,EGYPT,MIDDLE EAST,464.32,6113,689,Customer#000000689,MACHINERY,1481.24
4871,2,17.00,28964.60,0.07,0.03,AIR,DELIVER IN PERSON,brown navy tan salmon honeydew,SMALL ANODIZED TIN,Brand#52,Supplier#000000038,EGYPT,MIDDLE EAST,464.32,6113,691,Customer#000000691,MACHINERY,9566.15
4871,2,17.00,28964.60,0.07,0.03,AIR,DELIVER IN PERSON,brown navy tan salmon honeydew,SMALL ANODIZED TIN,Brand#52,Supplier#000000038,EGYPT,MIDDLE EAST,464.32,6113,693,Customer#000000693,AUTOMOBILE,6577.21
4871,2,17.00,28964.60,0.07,0.03,AIR,DELIVER IN PERSON,brown navy tan salmon honeydew,SMALL ANODIZED TIN,Brand#52,Supplier#000000038,EGYPT,MIDDLE EAST,464.32,6113,694,Customer#000000694,BUILDING,2222.65
4871,2,17.00,28964.60,0.07,0.03,AIR,DELIVER IN PERSON,brown navy tan salmon honeydew,SMALL ANODIZED TIN,Brand#52,Supplier#000000038,EGYPT,MIDDLE EAST,464.32,6113,697,Customer#000000697,AUTOMOBILE,8121.84
4871,2,17.00,28964.60,0.07,0.03,AIR,DELIVER IN PERSON,brown navy tan salmon honeydew,SMALL ANODIZED TIN,Brand#52,Supplier#000000038,EGYPT,MIDDLE EAST,464.32,6113,698,Customer#000000698,BUILDING,2894.22
4871,2,17.00,28964.60,0.07,0.03,AIR,DELIVER IN PERSON,brown navy tan salmon honeydew,SMALL ANODIZED TIN,Brand#52,Supplier#000000038,EGYPT,MIDDLE EAST,464.32,6113,700,Customer#000000700,MACHINERY,4367.53
4871,2,17.00,28964.60,0.07,0.03,AIR,DELIVER IN PERSON,brown navy tan salmon honeydew,SMALL ANODIZED TIN,Brand#52,Supplier#000000038,EGYPT,MIDDLE EAST,464.32,6113,703,Customer#000000703,AUTOMOBILE,3998.42
4871,2,17.00,28964.60,0.07,0.03,AIR,DELIVER IN PERSON,brown navy tan salmon honeydew,SMALL ANODIZED TIN,Brand#52,Supplier#000000038,EGYPT,MIDDLE EAST,464.32,6113,705,Customer#000000705,BUILDING,3199.00
4871,2,17.00,28964.60,0.07,0.03,AIR,DELIVER IN PERSON,brown navy tan salmon honeydew,SMALL ANODIZED TIN,Brand#52,Supplier#000000038,EGYPT,MIDDLE EAST,464.32,6113,706,Customer#000000706,AUTOMOBILE,6496.08
4871,2,17.00,28964.60,0.07,0.03,AIR,DELIVER IN PERSON,brown navy tan salmon honeydew,SMALL ANODIZED TIN,Brand#52,Supplier#000000038,EGYPT,MIDDLE EAST,464.32,6113,708,Customer#000000708,BUILDING,2297.33
4871,2,17.00,28964.60,0.07,0.03,AIR,DELIVER IN PERSON,brown navy tan salmon honeydew,SMALL ANODIZED TIN,Brand#52,Supplier#000000038,EGYPT,MIDDLE EAST,464.32,6113,711,Customer#000000711,MACHINERY,9591.51
4871,2,17.00,28964.60,0.07,0.03,AIR,DELIVER IN PERSON,brown navy tan salmon honeydew,SMALL ANODIZED TIN,Brand#52,Supplier#000000038,EGYPT,MIDDLE EAST,464.32,6113,712,Customer#000000712,BUILDING,8667.09
4871,2,17.00,28964.60,0.07,0.03,AIR,DELIVER IN PERSON,brown navy tan salmon honeydew,SMALL ANODIZED TIN,Brand#52,Supplier#000000038,EGYPT,MIDDLE EAST,464.32,6113,713,Customer#000000713,MACHINERY,3829.03
4871,2,17.00,28964.60,0.07,0.03,AIR,DELIVER IN PERSON,brown navy tan salmon honeydew,SMALL ANODIZED TIN,Brand#52,Supplier#000000038,EGYPT,MIDDLE EAST,464.32,6113,714,Customer#000000714,BUILDING,2438.10
4871,2,17.00,28964.60,0.07,0.03,AIR,DELIVER IN PERSON,brown navy tan salmon honeydew,SMALL ANODIZED TIN,Brand#52,Supplier#000000038,EGYPT,MIDDLE EAST,464.32,6113,716,Customer#000000716,AUTOMOBILE,8364.99
4871,2,17.00,28964.60,0.07,0.03,AIR,DELIVER IN PERSON,brown navy tan salmon honeydew,SMALL ANODIZED TIN,Brand#52,Supplier#000000038,EGYPT,MIDDLE EAST,464.32,6113,717,Customer#000000717,MACHINERY,8510.94
4871,2,17.00,28964.60,0.07,0.03,AIR,DELIVER IN PERSON,brown navy tan salmon honeydew,SMALL ANODIZED TIN,Brand#52,Supplier#000000038,EGYPT,MIDDLE EAST,464.32,6113,721,Customer#000000721,AUTOMOBILE,3420.64
4871,2,17.00,28964.60,0.07,0.03,AIR,DELIVER IN PERSON,brown navy tan salmon honeydew,SMALL ANODIZED TIN,Brand#52,Supplier#000000038,EGYPT,MIDDLE EAST,464.32,6113,722,Customer#000000722,BUILDING,2724.80
4871,2,17.00,28964.60,0.07,0.03,AIR,DELIVER IN PERSON,brown navy tan salmon honeydew,SMALL ANODIZED TIN,Brand#52,Supplier#000000038,EGYPT,MIDDLE EAST,464.32,6113,723,Customer#000000723,BUILDING,738.57
4871,2,17.00,28964.60,0.07,0.03,AIR,DELIVER IN PERSON,brown navy tan salmon honeydew,SMALL ANODIZED TIN,Brand#52,Supplier#000000038,EGYPT,MIDDLE EAST,464.32,6113,724,Customer#000000724,AUTOMOBILE,3035.29
4871,2,17.00,28964.60,0.07,0.03,AIR,DELIVER IN PERSON,brown navy tan salmon honeydew,SMALL ANODIZED TIN,Brand#52,Supplier#000000038,EGYPT,MIDDLE EAST,464.32,6113,726,Customer#000000726,BUILDING,6253.81
4871,2,17.00,28964.60,0.07,0.03,AIR,DELIVER IN PERSON,brown navy tan salmon honeydew,SMALL ANODIZED TIN,Brand#52,Supplier#000000038,EGYPT,MIDDLE EAST,464.32,6113,728,Customer#000000728,BUILDING,4349.73
4871,2,17.00,28964.60,0.07,0.03,AIR,DELIVER IN PERSON,brown navy tan salmon honeydew,SMALL ANODIZED TIN,Brand#52,Supplier#000000038,EGYPT,MIDDLE EAST,464.32,6113,729,Customer#000000729,MACHINERY,8947.26
4871,2,17.00,28964.60,0.07,0.03,AIR,DELIVER IN PERSON,brown navy tan salmon honeydew,SMALL ANODIZED TIN,Brand#52,Supplier#000000038,EGYPT,MIDDLE EAST,464.32,6113,730,Customer#000000730,AUTOMOBILE,4718.23
4871,2,17.00,28964.60,0.07,0.03,AIR,DELIVER IN PERSON,brown navy tan salmon honeydew,SMALL ANODIZED TIN,Brand#52,Supplier#000000038,EGYPT,MIDDLE EAST,464.32,6113,731,Customer#000000731,MACHINERY,9311.17
4871,2,17.00,28964.60,0.07,0.03,AIR,DELIVER IN PERSON,brown navy tan salmon honeydew,SMALL ANODIZED TIN,Brand#52,Supplier#000000038,EGYPT,MIDDLE EAST,464.32,6113,732,Customer#000000732,BUILDING,4830.51
4871,2,17.00,28964.60,0.07,0.03,AIR,DELIVER IN PERSON,brown navy tan salmon honeydew,SMALL ANODIZED TIN,Brand#52,Supplier#000000038,EGYPT,MIDDLE EAST,464.32,6113,734,Customer#000000734,AUTOMOBILE,9750.71
4871,2,17.00,28964.60,0.07,0.03,AIR,DELIVER IN PERSON,brown navy tan salmon honeydew,SMALL ANODIZED TIN,Brand#52,Supplier#000000038,EGYPT,MIDDLE EAST,464.32,6113,736,Customer#000000736,MACHINERY,9114.68
4871,2,17.00,28964.60,0.07,0.03,AIR,DELIVER IN PERSON,brown navy tan salmon honeydew,SMALL ANODIZED TIN,Brand#52,Supplier#000000038,EGYPT,MIDDLE EAST,464.32,6113,737,Customer#000000737,AUTOMOBILE,2501.74
4871,2,17.00,28964.60,0.07,0.03,AIR,DELIVER IN PERSON,brown navy tan salmon honeydew,SMALL ANODIZED TIN,Brand#52,Supplier#000000038,EGYPT,MIDDLE EAST,464.32,6113,738,Customer#000000738,MACHINERY,2734.95
4871,2,17.00,28964.60,0.07,0.03,AIR,DELIVER IN PERSON,brown navy tan salmon honeydew,SMALL ANODIZED TIN,Brand#52,Supplier#000000038,EGYPT,MIDDLE EAST,464.32,6113,740,Customer#000000740,BUILDING,1733.76
4871,2,17.00,28964.60,0.07,0.03,AIR,DELIVER IN PERSON,brown navy tan salmon honeydew,SMALL ANODIZED TIN,Brand#52,Supplier#000000038,EGYPT,MIDDLE EAST,464.32,6113,746,Customer#000000746,MACHINERY,1164.46
4871,2,17.00,28964.60,0.07,0.03,AIR,DELIVER IN PERSON,brown navy tan salmon honeydew,SMALL ANODIZED TIN,Brand#52,Supplier#000000038,EGYPT,MIDDLE EAST,464.32,6113,748,Customer#000000748,AUTOMOBILE,6959.09
4871,2,17.00,28964.60,0.07,0.03,AIR,DELIVER IN PERSON,brown navy tan salmon honeydew,SMALL ANODIZED TIN,Brand#52,Supplier#000000038,EGYPT,MIDDLE EAST,464.32,6113,749,Customer#000000749,MACHINERY,7491.42
11271,2,17.00,23774.33,0.08,0.06,REG AIR,DELIVER IN PERSON,sandy sky gainsboro peach cornflower,MEDIUM POLISHED STEEL,Brand#25,Supplier#000000049,UNITED STATES,AMERICA,649.19,2846,1,Customer#000000001,BUILDING,711.56
11271,2,17.00,23774.33,0.08,0.06,REG AIR,DELIVER IN PERSON,sandy sky gainsboro peach cornflower,MEDIUM POLISHED STEEL,Brand#25,Supplier#000000049,UNITED STATES,AMERICA,649.19,2846,3,Customer#000000003,AUTOMOBILE,7498.12
11271,2,17.00,23774.33,0.08,0.06,REG AIR,DELIVER IN PERSON,sandy sky gainsboro peach cornflower,MEDIUM POLISHED STEEL,Brand#25,Supplier#000000049,UNITED STATES,AMERICA,649.19,2846,4,Customer#000000004,MACHINERY,2866.83
11271,2,17.00,23774.33,0.08,0.06,REG AIR,DELIVER IN PERSON,sandy sky gainsboro peach cornflower,MEDIUM POLISHED STEEL,Brand#25,Supplier#000000049,UNITED STATES,AMERICA,649.19,2846,6,Customer#000000006,AUTOMOBILE,7638.57
11271,2,17.00,23774.33,0.08,0.06,REG AIR,DELIVER IN PERSON,sandy sky gainsboro peach cornflower,MEDIUM POLISHED STEEL,Brand#25,Supplier#000000049,UNITED STATES,AMERICA,649.19,2846,7,Customer#000000007,AUTOMOBILE,9561.95
11271,2,17.00,23774.33,0.08,0.06,REG AIR,DELIVER IN PERSON,sandy sky gainsboro peach cornflower,MEDIUM POLISHED STEEL,Brand#25,Supplier#000000049,UNITED STATES,AMERICA,649.19,2846,8,Customer#000000008,BUILDING,6819.74
11271,2,17.00,23774.33,0.08,0.06,REG AIR,DELIVER IN PERSON,sandy sky gainsboro peach cornflower,MEDIUM POLISHED STEEL,Brand#25,Supplier#000000049,UNITED STATES,AMERICA,649.19,2846,13,Customer#000000013,BUILDING,3857.34
11271,2,17.00,23774.33,0.08,0.06,REG AIR,DELIVER IN PERSON,sandy sky gainsboro peach cornflower,MEDIUM POLISHED STEEL,Brand#25,Supplier#000000049,UNITED STATES,AMERICA,649.19,2846,18,Customer#000000018,BUILDING,5494.43
11271,2,17.00,23774.33,0.08,0.06,REG AIR,DELIVER IN PERSON,sandy sky gainsboro peach cornflower,MEDIUM POLISHED STEEL,Brand#25,Supplier#000000049,UNITED STATES,AMERICA,649.19,2846,21,Customer#000000021,MACHINERY,1428.25
11271,2,17.00,23774.33,0.08,0.06,REG AIR,DELIVER IN PERSON,sandy sky gainsboro peach cornflower,MEDIUM POLISHED STEEL,Brand#25,Supplier#000000049,UNITED STATES,AMERICA,649.19,2846,22,Customer#000000022,MACHINERY,591.98
11271,2,17.00,23774.33,0.08,0.06,REG AIR,DELIVER IN PERSON,sandy sky gainsboro peach cornflower,MEDIUM POLISHED STEEL,Brand#25,Supplier#000000049,UNITED STATES,AMERICA,649.19,2846,24,Customer#000000024,MACHINERY,9255.67
11271,2,17.00,23774.33,0.08,0.06,REG AIR,DELIVER IN PERSON,sandy sky gainsboro peach cornflower,MEDIUM POLISHED STEEL,Brand#25,Supplier#000000049,UNITED STATES,AMERICA,649.19,2846,26,Customer#000000026,AUTOMOBILE,5182.05
11271,2,17.00,23774.33,0.08,0.06,REG AIR,DELIVER IN PERSON,sandy sky gainsboro peach cornflower,MEDIUM POLISHED STEEL,Brand#25,Supplier#000000049,UNITED STATES,AMERICA,649.19,2846,27,Customer#000000027,BUILDING,5679.84
11271,2,17.00,23774.33,0.08,0.06,REG AIR,DELIVER IN PERSON,sandy sky gainsboro peach cornflower,MEDIUM POLISHED STEEL,Brand#25,Supplier#000000049,UNITED STATES,AMERICA,649.19,2846,30,Customer#000000030,BUILDING,9321.01
11271,2,17.00,23774.33,0.08,0.06,REG AIR,DELIVER IN PERSON,sandy sky gainsboro peach cornflower,MEDIUM POLISHED STEEL,Brand#25,Supplier#000000049,UNITED STATES,AMERICA,649.19,2846,32,Customer#000000032,BUILDING,3471.53
11271,2,17.00,23774.33,0.08,0.06,REG AIR,DELIVER IN PERSON,sandy sky gainsboro peach cornflower,MEDIUM POLISHED STEEL,Brand#25,Supplier#000000049,UNITED STATES,AMERICA,649.19,2846,36,Customer#000000036,BUILDING,4987.27
11271,2,17.00,23774.33,0.08,0.06,REG AIR,DELIVER IN PERSON,sandy sky gainsboro peach cornflower,MEDIUM POLISHED STEEL,Brand#25,Supplier#000000049,UNITED STATES,AMERICA,649.19,2846,39,Customer#000000039,AUTOMOBILE,6264.31
11271,2,17.00,23774.33,0.08,0.06,REG AIR,DELIVER IN PERSON,sandy sky gainsboro peach cornflower,MEDIUM POLISHED STEEL,Brand#25,Supplier#000000049,UNITED STATES,AMERICA,649.19,2846,40,Customer#000000040,BUILDING,1335.30
11271,2,17.00,23774.33,0.08,0.06,REG AIR,DELIVER IN PERSON,sandy sky gainsboro peach cornflower,MEDIUM POLISHED STEEL,Brand#25,Supplier#000000049,UNITED STATES,AMERICA,649.19,2846,42,Customer#000000042,BUILDING,8727.01
11271,2,17.00,23774.33,0.08,0.06,REG AIR,DELIVER IN PERSON,sandy sky gainsboro peach cornflower,MEDIUM POLISHED STEEL,Brand#25,Supplier#000000049,UNITED STATES,AMERICA,649.19,2846,43,Customer#000000043,MACHINERY,9904.28
11271,2,17.00,23774.33,0.08,0.06,REG AIR,DELIVER IN PERSON,sandy sky gainsboro peach cornflower,MEDIUM POLISHED STEEL,Brand#25,Supplier#000000049,UNITED STATES,AMERICA,649.19,2846,44,Customer#000000044,AUTOMOBILE,7315.94
11271,2,17.00,23774.33,0.08,0.06,REG AIR,DELIVER IN PERSON,sandy sky gainsboro peach cornflower,MEDIUM POLISHED STEEL,Brand#25,Supplier#000000049,UNITED STATES,AMERICA,649.19,2846,45,Customer#000000045,AUTOMOBILE,9983.38
11271,2,17.00,23774.33,0.08,0.06,REG AIR,DELIVER IN PERSON,sandy sky gainsboro peach cornflower,MEDIUM POLISHED STEEL,Brand#25,Supplier#000000049,UNITED STATES,AMERICA,649.19,2846,46,Customer#000000046,AUTOMOBILE,5744.59
11271,2,17.00,23774.33,0.08,0.06,REG AIR,DELIVER IN PERSON,sandy sky gainsboro peach cornflower,MEDIUM POLISHED STEEL,Brand#25,Supplier#000000049,UNITED STATES,AMERICA,649.19,2846,48,Customer#000000048,BUILDING,3792.50
11271,2,17.00,23774.33,0.08,0.06,REG AIR,DELIVER IN PERSON,sandy sky gainsboro peach cornflower,MEDIUM POLISHED STEEL,Brand#25,Supplier#000000049,UNITED STATES,AMERICA,649.19,2846,50,Customer#000000050,MACHINERY,4266.13
11271,2,17.00,23774.33,0.08,0.06,REG AIR,DELIVER IN PERSON,sandy sky gainsboro peach cornflower,MEDIUM POLISHED STEEL,Brand#25,Supplier#000000049,UNITED STATES,AMERICA,649.19,2846,54,Customer#000000054,AUTOMOBILE,868.90
11271,2,17.00,23774.33,0.08,0.06,REG AIR,DELIVER IN PERSON,sandy sky gainsboro peach cornflower,MEDIUM POLISHED STEEL,Brand#25,Supplier#000000049,UNITED STATES,AMERICA,649.19,2846,55,Customer#000000055,MACHINERY,4572.11
11271,2,17.00,23774.33,0.08,0.06,REG AIR,DELIVER IN PERSON,sandy sky gainsboro peach cornflower,MEDIUM POLISHED STEEL,Brand#25,Supplier#000000049,UNITED STATES,AMERICA,649.19,2846,57,Customer#000000057,AUTOMOBILE,4151.93
11271,2,17.00,23774.33,0.08,0.06,REG AIR,DELIVER IN PERSON,sandy sky gainsboro peach cornflower,MEDIUM POLISHED STEEL,Brand#25,Supplier#000000049,UNITED STATES,AMERICA,649.19,2846,59,Customer#000000059,MACHINERY,3458.60
11271,2,17.00,23774.33,0.08,0.06,REG AIR,DELIVER IN PERSON,sandy sky gainsboro peach cornflower,MEDIUM POLISHED STEEL,Brand#25,Supplier#000000049,UNITED STATES,AMERICA,649.19,2846,60,Customer#000000060,MACHINERY,2741.87
11271,2,17.00,23774.33,0.08,0.06,REG AIR,DELIVER IN PERSON,sandy sky gainsboro peach cornflower,MEDIUM POLISHED STEEL,Brand#25,Supplier#000000049,UNITED STATES,AMERICA,649.19,2846,62,Customer#000000062,MACHINERY,595.61
11271,2,17.00,23774.33,0.08,0.06,REG AIR,DELIVER IN PERSON,sandy sky gainsboro peach cornflower,MEDIUM POLISHED STEEL,Brand#25,Supplier#000000049,UNITED STATES,AMERICA,649.19,2846,63,Customer#000000063,AUTOMOBILE,9331.13
11271,2,17.00,23774.33,0.08,0.06,REG AIR,DELIVER IN PERSON,sandy sky gainsboro peach cornflower,MEDIUM POLISHED STEEL,Brand#25,Supplier#000000049,UNITED STATES,AMERICA,649.19,2846,65,Customer#000000065,AUTOMOBILE,8795.16
11271,2,17.00,23774.33,0.08,0.06,REG AIR,DELIVER IN PERSON,sandy sky gainsboro peach cornflower,MEDIUM POLISHED STEEL,Brand#25,Supplier#000000049,UNITED STATES,AMERICA,649.19,2846,67,Customer#000000067,MACHINERY,8166.59
11271,2,17.00,23774.33,0.08,0.06,REG AIR,DELIVER IN PERSON,sandy sky gainsboro peach cornflower,MEDIUM POLISHED STEEL,Brand#25,Supplier#000000049,UNITED STATES,AMERICA,649.19,2846,73,Customer#000000073,BUILDING,4288.50
11271,2,17.00,23774.33,0.08,0.06,REG AIR,DELIVER IN PERSON,sandy sky gainsboro peach cornflower,MEDIUM POLISHED STEEL,Brand#25,Supplier#000000049,UNITED STATES,AMERICA,649.19,2846,74,Customer#000000074,MACHINERY,2764.43
11271,2,17.00,23774.33,0.08,0.06,REG AIR,DELIVER IN PERSON,sandy sky gainsboro peach cornflower,MEDIUM POLISHED STEEL,Brand#25,Supplier#000000049,UNITED STATES,AMERICA,649.19,2846,75,Customer#000000075,AUTOMOBILE,6684.10
11271,2,17.00,23774.33,0.08,0.06,REG AIR,DELIVER IN PERSON,sandy sky gainsboro peach cornflower,MEDIUM POLISHED STEEL,Brand#25,Supplier#000000049,UNITED STATES,AMERICA,649.19,2846,77,Customer#000000077,BUILDING,1738.87
11271,2,17.00,23774.33,0.08,0.06,REG AIR,DELIVER IN PERSON,sandy sky gainsboro peach cornflower,MEDIUM POLISHED STEEL,Brand#25,Supplier#000000049,UNITED STATES,AMERICA,649.19,2846,79,Customer#000000079,MACHINERY,5121.28
11271,2,17.00,23774.33,0.08,0.06,REG AIR,DELIVER IN PERSON,sandy sky gainsboro peach cornflower,MEDIUM POLISHED STEEL,Brand#25,Supplier#000000049,UNITED STATES,AMERICA,649.19,2846,81,Customer#000000081,BUILDING,2023.71
11271,2,17.00,23774.33,0.08,0.06,REG AIR,DELIVER IN PERSON,sandy sky gainsboro peach cornflower,MEDIUM POLISHED STEEL,Brand#25,Supplier#000000049,UNITED STATES,AMERICA,649.19,2846,82,Customer#000000082,AUTOMOBILE,9468.34
11271,2,17.00,23774.33,0.08,0.06,REG AIR,DELIVER IN PERSON,sandy sky gainsboro peach cornflower,MEDIUM POLISHED STEEL,Brand#25,Supplier#000000049,UNITED STATES,AMERICA,649.19,2846,83,Customer#000000083,BUILDING,6463.51
11271,2,17.00,23774.33,0.08,0.06,REG AIR,DELIVER IN PERSON,sandy sky gainsboro peach cornflower,MEDIUM POLISHED STEEL,Brand#25,Supplier#000000049,UNITED STATES,AMERICA,649.19,2846,88,Customer#000000088,AUTOMOBILE,8031.44
11271,2,17.00,23774.33,0.08,0.06,REG AIR,DELIVER IN PERSON,sandy sky gainsboro peach cornflower,MEDIUM POLISHED STEEL,Brand#25,Supplier#000000049,UNITED STATES,AMERICA,649.19,2846,90,Customer#000000090,BUILDING,7354.23
11271,2,17.00,23774.33,0.08,0.06,REG AIR,DELIVER IN PERSON,sandy sky gainsboro peach cornflower,MEDIUM POLISHED STEEL,Brand#25,Supplier#000000049,UNITED STATES,AMERICA,649.19,2846,91,Customer#000000091,AUTOMOBILE,4643.14
11271,2,17.00,23774.33,0.08,0.06,REG AIR,DELIVER IN PERSON,sandy sky gainsboro peach cornflower,MEDIUM POLISHED STEEL,Brand#25,Supplier#000000049,UNITED STATES,AMERICA,649.19,2846,92,Customer#000000092,MACHINERY,1182.91
11271,2,17.00,23774.33,0.08,0.06,REG AIR,DELIVER IN PERSON,sandy sky gainsboro peach cornflower,MEDIUM POLISHED STEEL,Brand#25,Supplier#000000049,UNITED STATES,AMERICA,649.19,2846,93,Customer#000000093,MACHINERY,2182.52
11271,2,17.00,23774.33,0.08,0.06,REG AIR,DELIVER IN PERSON,sandy sky gainsboro peach cornflower,MEDIUM POLISHED STEEL,Brand#25,Supplier#000000049,UNITED STATES,AMERICA,649.19,2846,95,Customer#000000095,MACHINERY,5327.38
11271,2,17.00,23774.33,0.08,0.06,REG AIR,DELIVER IN PERSON,sandy sky gainsboro peach cornflower,MEDIUM POLISHED STEEL,Brand#25,Supplier#000000049,UNITED STATES,AMERICA,649.19,2846,97,Customer#000000097,AUTOMOBILE,2164.48
11271,2,17.00,23774.33,0.08,0.06,REG AIR,DELIVER IN PERSON,sandy sky gainsboro peach cornflower,MEDIUM POLISHED STEEL,Brand#25,Supplier#000000049,UNITED STATES,AMERICA,649.19,2846,101,Customer#000000101,MACHINERY,7470.96
11271,2,17.00,23774.33,0.08,0.06,REG AIR,DELIVER IN PERSON,sandy sky gainsboro peach cornflower,MEDIUM POLISHED STEEL,Brand#25,Supplier#000000049,UNITED STATES,AMERICA,649.19,2846,102,Customer#000000102,BUILDING,8462.17
11271,2,17.00,23774.33,0.08,0.06,REG AIR,DELIVER IN PERSON,sandy sky gainsboro peach cornflower,MEDIUM POLISHED STEEL,Brand#25,Supplier#000000049,UNITED STATES,AMERICA,649.19,2846,103,Customer#000000103,BUILDING,2757.45
11271,2,17.00,23774.33,0.08,0.06,REG AIR,DELIVER IN PERSON,sandy sky gainsboro peach cornflower,MEDIUM POLISHED STEEL,Brand#25,Supplier#000000049,UNITED STATES,AMERICA,649.19,2846,105,Customer#000000105,MACHINERY,9091.82
11271,2,17.00,23774.33,0.08,0.06,REG AIR,DELIVER IN PERSON,sandy sky gainsboro peach cornflower,MEDIUM POLISHED STEEL,Brand#25,Supplier#000000049,UNITED STATES,AMERICA,649.19,2846,106,Customer#000000106,MACHINERY,3288.42
11271,2,17.00,23774.33,0.08,0.06,REG AIR,DELIVER IN PERSON,sandy sky gainsboro peach cornflower,MEDIUM POLISHED STEEL,Brand#25,Supplier#000000049,UNITED STATES,AMERICA,649.19,2846,107,Customer#000000107,AUTOMOBILE,2514.15
11271,2,17.00,23774.33,0.08,0.06,REG AIR,DELIVER IN PERSON,sandy sky gainsboro peach cornflower,MEDIUM POLISHED STEEL,Brand#25,Supplier#000000049,UNITED STATES,AMERICA,649.19,2846,108,Customer#000000108,BUILDING,2259.38
11271,2,17.00,23774.33,0.08,0.06,REG AIR,DELIVER IN PERSON,sandy sky gainsboro peach cornflower,MEDIUM POLISHED STEEL,Brand#25,Supplier#000000049,UNITED STATES,AMERICA,649.19,2846,110,Customer#000000110,AUTOMOBILE,7462.99
11271,2,17.00,23774.33,0.08,0.06,REG AIR,DELIVER IN PERSON,sandy sky gainsboro peach cornflower,MEDIUM POLISHED STEEL,Brand#25,Supplier#000000049,UNITED STATES,AMERICA,649.19,2846,111,Customer#000000111,MACHINERY,6505.26
11271,2,17.00,23774.33,0.08,0.06,REG AIR,DELIVER IN PERSON,sandy sky gainsboro peach cornflower,MEDIUM POLISHED STEEL,Brand#25,Supplier#000000049,UNITED STATES,AMERICA,649.19,2846,113,Customer#000000113,BUILDING,2912.00
11271,2,17.00,23774.33,0.08,0.06,REG AIR,DELIVER IN PERSON,sandy sky gainsboro peach cornflower,MEDIUM POLISHED STEEL,Brand#25,Supplier#000000049,UNITED STATES,AMERICA,649.19,2846,116,Customer#000000116,BUILDING,8403.99
11271,2,17.00,23774.33,0.08,0.06,REG AIR,DELIVER IN PERSON,sandy sky gainsboro peach cornflower,MEDIUM POLISHED STEEL,Brand#25,Supplier#000000049,UNITED STATES,AMERICA,649.19,2846,121,Customer#000000121,BUILDING,6428.32
11271,2,17.00,23774.33,0.08,0.06,REG AIR,DELIVER IN PERSON,sandy sky gainsboro peach cornflower,MEDIUM POLISHED STEEL,Brand#25,Supplier#000000049,UNITED STATES,AMERICA,649.19,2846,123,Customer#000000123,BUILDING,5897.83
11271,2,17.00,23774.33,0.08,0.06,REG AIR,DELIVER IN PERSON,sandy sky gainsboro peach cornflower,MEDIUM POLISHED STEEL,Brand#25,Supplier#000000049,UNITED STATES,AMERICA,649.19,2846,124,Customer#000000124,AUTOMOBILE,1842.49
11271,2,17.00,23774.33,0.08,0.06,REG AIR,DELIVER IN PERSON,sandy sky gainsboro peach cornflower,MEDIUM POLISHED STEEL,Brand#25,Supplier#000000049,UNITED STATES,AMERICA,649.19,2846,127,Customer#000000127,MACHINERY,9280.71
11271,2,17.00,23774.33,0.08,0.06,REG AIR,DELIVER IN PERSON,sandy sky gainsboro peach cornflower,MEDIUM POLISHED STEEL,Brand#25,Supplier#000000049,UNITED STATES,AMERICA,649.19,2846,133,Customer#000000133,AUTOMOBILE,2314.67
11271,2,17.00,23774.33,0.08,0.06,REG AIR,DELIVER IN PERSON,sandy sky gainsboro peach cornflower,MEDIUM POLISHED STEEL,Brand#25,Supplier#000000049,UNITED STATES,AMERICA,649.19,2846,134,Customer#000000134,BUILDING,4608.90
11271,2,17.00,23774.33,0.08,0.06,REG AIR,DELIVER IN PERSON,sandy sky gainsboro peach cornflower,MEDIUM POLISHED STEEL,Brand#25,Supplier#000000049,UNITED STATES,AMERICA,649.19,2846,139,Customer#000000139,MACHINERY,7897.78
11271,2,17.00,23774.33,0.08,0.06,REG AIR,DELIVER IN PERSON,sandy sky gainsboro peach cornflower,MEDIUM POLISHED STEEL,Brand#25,Supplier#000000049,UNITED STATES,AMERICA,649.19,2846,140,Customer#000000140,MACHINERY,9963.15
11271,2,17.00,23774.33,0.08,0.06,REG AIR,DELIVER IN PERSON,sandy sky gainsboro peach cornflower,MEDIUM POLISHED STEEL,Brand#25,Supplier#000000049,UNITED STATES,AMERICA,649.19,2846,142,Customer#000000142,AUTOMOBILE,2209.81
11271,2,17.00,23774.33,0.08,0.06,REG AIR,DELIVER IN PERSON,sandy sky gainsboro peach cornflower,MEDIUM POLISHED STEEL,Brand#25,Supplier#000000049,UNITED STATES,AMERICA,649.19,2846,143,Customer#000000143,MACHINERY,2186.50
11271,2,17.00,23774.33,0.08,0.06,REG AIR,DELIVER IN PERSON,sandy sky gainsboro peach cornflower,MEDIUM POLISHED STEEL,Brand#25,Supplier#000000049,UNITED STATES,AMERICA,649.19,2846,144,Customer#000000144,MACHINERY,6417.31
11271,2,17.00,23774.33,0.08,0.06,REG AIR,DELIVER IN PERSON,sandy sky gainsboro peach cornflower,MEDIUM POLISHED STEEL,Brand#25,Supplier#000000049,UNITED STATES,AMERICA,649.19,2846,149,Customer#000000149,AUTOMOBILE,8959.65
11271,2,17.00,23774.33,0.08,0.06,REG AIR,DELIVER IN PERSON,sandy sky gainsboro peach cornflower,MEDIUM POLISHED STEEL,Brand#25,Supplier#000000049,UNITED STATES,AMERICA,649.19,2846,150,Customer#000000150,MACHINERY,3849.48
11271,2,17.00,23774.33,0.08,0.06,REG AIR,DELIVER IN PERSON,sandy sky gainsboro peach cornflower,MEDIUM POLISHED STEEL,Brand#25,Supplier#000000049,UNITED STATES,AMERICA,649.19,2846,152,Customer#000000152,BUILDING,1215.18
11271,2,17.00,23774.33,0.08,0.06,REG AIR,DELIVER IN PERSON,sandy sky gainsboro peach cornflower,MEDIUM POLISHED STEEL,Brand#25,Supplier#000000049,UNITED STATES,AMERICA,649.19,2846,155,Customer#000000155,AUTOMOBILE,5902.85
11271,2,17.00,23774.33,0.08,0.06,REG AIR,DELIVER IN PERSON,sandy sky gainsboro peach cornflower,MEDIUM POLISHED STEEL,Brand#25,Supplier#000000049,UNITED STATES,AMERICA,649.19,2846,156,Customer#000000156,AUTOMOBILE,9302.95
11271,2,17.00,23774.33,0.08,0.06,REG AIR,DELIVER IN PERSON,sandy sky gainsboro peach cornflower,MEDIUM POLISHED STEEL,Brand#25,Supplier#000000049,UNITED STATES,AMERICA,649.19,2846,157,Customer#000000157,BUILDING,9768.73
11271,2,17.00,23774.33,0.08,0.06,REG AIR,DELIVER IN PERSON,sandy sky gainsboro peach cornflower,MEDIUM POLISHED STEEL,Brand#25,Supplier#000000049,UNITED STATES,AMERICA,649.19,2846,158,Customer#000000158,AUTOMOBILE,6160.95
11271,2,17.00,23774.33,0.08,0.06,REG AIR,DELIVER IN PERSON,sandy sky gainsboro peach cornflower,MEDIUM POLISHED STEEL,Brand#25,Supplier#000000049,UNITED STATES,AMERICA,649.19,2846,160,Customer#000000160,MACHINERY,4363.17
11271,2,17.00,23774.33,0.08,0.06,REG AIR,DELIVER IN PERSON,sandy sky gainsboro peach cornflower,MEDIUM POLISHED STEEL,Brand#25,Supplier#000000049,UNITED STATES,AMERICA,649.19,2846,161,Customer#000000161,MACHINERY,3714.06
11271,2,17.00,23774.33,0.08,0.06,REG AIR,DELIVER IN PERSON,sandy sky gainsboro peach cornflower,MEDIUM POLISHED STEEL,Brand#25,Supplier#000000049,UNITED STATES,AMERICA,649.19,2846,162,Customer#000000162,MACHINERY,6268.99
11271,2,17.00,23774.33,0.08,0.06,REG AIR,DELIVER IN PERSON,sandy sky gainsboro peach cornflower,MEDIUM POLISHED STEEL,Brand#25,Supplier#000000049,UNITED STATES,AMERICA,649.19,2846,167,Customer#000000167,AUTOMOBILE,1468.09
11271,2,17.00,23774.33,0.08,0.06,REG AIR,DELIVER IN PERSON,sandy sky gainsboro peach cornflower,MEDIUM POLISHED STEEL,Brand#25,Supplier#000000049,UNITED STATES,AMERICA,649.19,2846,170,Customer#000000170,BUILDING,7687.89
11271,2,17.00,23774.33,0.08,0.06,REG AIR,DELIVER IN PERSON,sandy sky gainsboro peach cornflower,MEDIUM POLISHED STEEL,Brand#25,Supplier#000000049,UNITED STATES,AMERICA,649.19,2846,171,Customer#000000171,MACHINERY,2379.91
11271,2,17.00,23774.33,0.08,0.06,REG AIR,DELIVER IN PERSON,sandy sky gainsboro peach cornflower,MEDIUM POLISHED STEEL,Brand#25,Supplier#000000049,UNITED STATES,AMERICA,649.19,2846,172,Customer#000000172,MACHINERY,1134.40
11271,2,17.00,23774.33,0.08,0.06,REG AIR,DELIVER IN PERSON,sandy sky gainsboro peach cornflower,MEDIUM POLISHED STEEL,Brand#25,Supplier#000000049,UNITED STATES,AMERICA,649.19,2846,173,Customer#000000173,BUILDING,845.84
11271,2,17.00,23774.33,0.08,0.06,REG AIR,DELIVER IN PERSON,sandy sky gainsboro peach cornflower,MEDIUM POLISHED STEEL,Brand#25,Supplier#000000049,UNITED STATES,AMERICA,649.19,2846,177,Customer#000000177,BUILDING,7457.50
11271,2,17.00,23774.33,0.08,0.06,REG AIR,DELIVER IN PERSON,sandy sky gainsboro peach cornflower,MEDIUM POLISHED STEEL,Brand#25,Supplier#000000049,UNITED STATES,AMERICA,649.19,2846,182,Customer#000000182,AUTOMOBILE,4810.22
11271,2,17.00,23774.33,0.08,0.06,REG AIR,DELIVER IN PERSON,sandy sky gainsboro peach cornflower,MEDIUM POLISHED STEEL,Brand#25,Supplier#000000049,UNITED STATES,AMERICA,649.19,2846,185,Customer#000000185,BUILDING,2788.76
11271,2,17.00,23774.33,0.08,0.06,REG AIR,DELIVER IN PERSON,sandy sky gainsboro peach cornflower,MEDIUM POLISHED STEEL,Brand#25,Supplier#000000049,UNITED STATES,AMERICA,649.19,2846,188,Customer#000000188,BUILDING,9533.37
11271,2,17.00,23774.33,0.08,0.06,REG AIR,DELIVER IN PERSON,sandy sky gainsboro peach cornflower,MEDIUM POLISHED STEEL,Brand#25,Supplier#000000049,UNITED STATES,AMERICA,649.19,2846,190,Customer#000000190,AUTOMOBILE,1657.46
11271,2,17.00,23774.33,0.08,0.06,REG AIR,DELIVER IN PERSON,sandy sky gainsboro peach cornflower,MEDIUM POLISHED STEEL,Brand#25,Supplier#000000049,UNITED STATES,AMERICA,649.19,2846,191,Customer#000000191,BUILDING,2945.16
11271,2,17.00,23774.33,0.08,0.06,REG AIR,DELIVER IN PERSON,sandy sky gainsboro peach cornflower,MEDIUM POLISHED STEEL,Brand#25,Supplier#000000049,UNITED STATES,AMERICA,649.19,2846,192,Customer#000000192,MACHINERY,8239.96
11271,2,17.00,23774.33,0.08,0.06,REG AIR,DELIVER IN PERSON,sandy sky gainsboro peach cornflower,MEDIUM POLISHED STEEL,Brand#25,Supplier#000000049,UNITED STATES,AMERICA,649.19,2846,193,Customer#000000193,MACHINERY,8024.55
11271,2,17.00,23774.33,0.08,0.06,REG AIR,DELIVER IN PERSON,sandy sky gainsboro peach cornflower,MEDIUM POLISHED STEEL,Brand#25,Supplier#000000049,UNITED STATES,AMERICA,649.19,2846,198,Customer#000000198,AUTOMOBILE,3824.76
11271,2,17.00,23774.33,0.08,0.06,REG AIR,DELIVER IN PERSON,sandy sky gainsboro peach cornflower,MEDIUM POLISHED STEEL,Brand#25,Supplier#000000049,UNITED STATES,AMERICA,649.19,2846,200,Customer#000000200,BUILDING,9967.60
11271,2,17.00,23774.33,0.08,0.06,REG AIR,DELIVER IN PERSON,sandy sky gainsboro peach cornflower,MEDIUM POLISHED STEEL,Brand#25,Supplier#000000049,UNITED STATES,AMERICA,649.19,2846,201,Customer#000000201,MACHINERY,4614.40
11271,2,17.00,23774.33,0.08,0.06,REG AIR,DELIVER IN PERSON,sandy sky gainsboro peach cornflower,MEDIUM POLISHED STEEL,Brand#25,Supplier#000000049,UNITED STATES,AMERICA,649.19,2846,202,Customer#000000202,AUTOMOBILE,2237.64
11271,2,17.00,23774.33,0.08,0.06,REG AIR,DELIVER IN PERSON,sandy sky gainsboro peach cornflower,MEDIUM POLISHED STEEL,Brand#25,Supplier#000000049,UNITED STATES,AMERICA,649.19,2846,203,Customer#000000203,MACHINERY,7960.63
11271,2,17.00,23774.33,0.08,0.06,REG AIR,DELIVER IN PERSON,sandy sky gainsboro peach cornflower,MEDIUM POLISHED STEEL,Brand#25,Supplier#000000049,UNITED STATES,AMERICA,649.19,2846,205,Customer#000000205,BUILDING,7161.52
11271,2,17.00,23774.33,0.08,0.06,REG AIR,DELIVER IN PERSON,sandy sky gainsboro peach cornflower,MEDIUM POLISHED STEEL,Brand#25,Supplier#000000049,UNITED STATES,AMERICA,649.19,2846,208,Customer#000000208,MACHINERY,6239.89
11271,2,17.00,23774.33,0.08,0.06,REG AIR,DELIVER IN PERSON,sandy sky gainsboro peach cornflower,MEDIUM POLISHED STEEL,Brand#25,Supplier#000000049,UNITED STATES,AMERICA,649.19,2846,211,Customer#000000211,BUILDING,4198.72
11271,2,17.00,23774.33,0.08,0.06,REG AIR,DELIVER IN PERSON,sandy sky gainsboro peach cornflower,MEDIUM POLISHED STEEL,Brand#25,Supplier#000000049,UNITED STATES,AMERICA,649.19,2846,212,Customer#000000212,BUILDING,957.58
11271,2,17.00,23774.33,0.08,0.06,REG AIR,DELIVER IN PERSON,sandy sky gainsboro peach cornflower,MEDIUM POLISHED STEEL,Brand#25,Supplier#000000049,UNITED STATES,AMERICA,649.19,2846,214,Customer#000000214,MACHINERY,1526.59
11271,2,17.00,23774.33,0.08,0.06,REG AIR,DELIVER IN PERSON,sandy sky gainsboro peach cornflower,MEDIUM POLISHED STEEL,Brand#25,Supplier#000000049,UNITED STATES,AMERICA,649.19,2846,218,Customer#000000218,MACHINERY,9541.19
11271,2,17.00,23774.33,0.08,0.06,REG AIR,DELIVER IN PERSON,sandy sky gainsboro peach cornflower,MEDIUM POLISHED STEEL,Brand#25,Supplier#000000049,UNITED STATES,AMERICA,649.19,2846,219,Customer#000000219,AUTOMOBILE,9858.57
11271,2,17.00,23774.33,0.08,0.06,REG AIR,DELIVER IN PERSON,sandy sky gainsboro peach cornflower,MEDIUM POLISHED STEEL,Brand#25,Supplier#000000049,UNITED STATES,AMERICA,649.19,2846,220,Customer#000000220,BUILDING,9131.64
11271,2,17.00,23774.33,0.08,0.06,REG AIR,DELIVER IN PERSON,sandy sky gainsboro peach cornflower,MEDIUM POLISHED STEEL,Brand#25,Supplier#000000049,UNITED STATES,AMERICA,649.19,2846,221,Customer#000000221,BUILDING,1609.39
11271,2,17.00,23774.33,0.08,0.06,REG AIR,DELIVER IN PERSON,sandy sky gainsboro peach cornflower,MEDIUM POLISHED STEEL,Brand#25,Supplier#000000049,UNITED STATES,AMERICA,649.19,2846,222,Customer#000000222,BUILDING,8893.76
11271,2,17.00,23774.33,0.08,0.06,REG AIR,DELIVER IN PERSON,sandy sky gainsboro peach cornflower,MEDIUM POLISHED STEEL,Brand#25,Supplier#000000049,UNITED STATES,AMERICA,649.19,2846,223,Customer#000000223,BUILDING,7476.20
11271,2,17.00,23774.33,0.08,0.06,REG AIR,DELIVER IN PERSON,sandy sky gainsboro peach cornflower,MEDIUM POLISHED STEEL,Brand#25,Supplier#000000049,UNITED STATES,AMERICA,649.19,2846,224,Customer#000000224,BUILDING,8465.15
11271,2,17.00,23774.33,0.08,0.06,REG AIR,DELIVER IN PERSON,sandy sky gainsboro peach cornflower,MEDIUM POLISHED STEEL,Brand#25,Supplier#000000049,UNITED STATES,AMERICA,649.19,2846,225,Customer#000000225,AUTOMOBILE,8893.20
11271,2,17.00,23774.33,0.08,0.06,REG AIR,DELIVER IN PERSON,sandy sky gainsboro peach cornflower,MEDIUM POLISHED STEEL,Brand#25,Supplier#000000049,UNITED STATES,AMERICA,649.19,2846,226,Customer#000000226,AUTOMOBILE,9008.61
11271,2,17.00,23774.33,0.08,0.06,REG AIR,DELIVER IN PERSON,sandy sky gainsboro peach cornflower,MEDIUM POLISHED STEEL,Brand#25,Supplier#000000049,UNITED STATES,AMERICA,649.19,2846,227,Customer#000000227,MACHINERY,1808.23
11271,2,17.00,23774.33,0.08,0.06,REG AIR,DELIVER IN PERSON,sandy sky gainsboro peach cornflower,MEDIUM POLISHED STEEL,Brand#25,Supplier#000000049,UNITED STATES,AMERICA,649.19,2846,230,Customer#000000230,MACHINERY,1682.83
11271,2,17.00,23774.33,0.08,0.06,REG AIR,DELIVER IN PERSON,sandy sky gainsboro peach cornflower,MEDIUM POLISHED STEEL,Brand#25,Supplier#000000049,UNITED STATES,AMERICA,649.19,2846,234,Customer#000000234,AUTOMOBILE,8383.51
11271,2,17.00,23774.33,0.08,0.06,REG AIR,DELIVER IN PERSON,sandy sky gainsboro peach cornflower,MEDIUM POLISHED STEEL,Brand#25,Supplier#000000049,UNITED STATES,AMERICA,649.19,2846,235,Customer#000000235,AUTOMOBILE,754.41
11271,2,17.00,23774.33,0.08,0.06,REG AIR,DELIVER IN PERSON,sandy sky gainsboro peach cornflower,MEDIUM POLISHED STEEL,Brand#25,Supplier#000000049,UNITED STATES,AMERICA,649.19,2846,236,Customer#000000236,AUTOMOBILE,5384.59
11271,2,17.00,23774.33,0.08,0.06,REG AIR,DELIVER IN PERSON,sandy sky gainsboro peach cornflower,MEDIUM POLISHED STEEL,Brand#25,Supplier#000000049,UNITED STATES,AMERICA,649.19,2846,240,Customer#000000240,MACHINERY,7139.68
11271,2,17.00,23774.33,0.08,0.06,REG AIR,DELIVER IN PERSON,sandy sky gainsboro peach cornflower,MEDIUM POLISHED STEEL,Brand#25,Supplier#000000049,UNITED STATES,AMERICA,649.19,2846,241,Customer#000000241,AUTOMOBILE,6569.34
11271,2,17.00,23774.33,0.08,0.06,REG AIR,DELIVER IN PERSON,sandy sky gainsboro peach cornflower,MEDIUM POLISHED STEEL,Brand#25,Supplier#000000049,UNITED STATES,AMERICA,649.19,2846,242,Customer#000000242,MACHINERY,1975.41
11271,2,17.00,23774.33,0.08,0.06,REG AIR,DELIVER IN PERSON,sandy sky gainsboro peach cornflower,MEDIUM POLISHED STEEL,Brand#25,Supplier#000000049,UNITED STATES,AMERICA,649.19,2846,243,Customer#000000243,AUTOMOBILE,620.73
11271,2,17.00,23774.33,0.08,0.06,REG AIR,DELIVER IN PERSON,sandy sky gainsboro peach cornflower,MEDIUM POLISHED STEEL,Brand#25,Supplier#000000049,UNITED STATES,AMERICA,649.19,2846,245,Customer#000000245,MACHINERY,3720.15
11271,2,17.00,23774.33,0.08,0.06,REG AIR,DELIVER IN PERSON,sandy sky gainsboro peach cornflower,MEDIUM POLISHED STEEL,Brand#25,Supplier#000000049,UNITED STATES,AMERICA,649.19,2846,246,Customer#000000246,AUTOMOBILE,9584.96
11271,2,17.00,23774.33,0.08,0.06,REG AIR,DELIVER IN PERSON,sandy sky gainsboro peach cornflower,MEDIUM POLISHED STEEL,Brand#25,Supplier#000000049,UNITED STATES,AMERICA,649.19,2846,253,Customer#000000253,AUTOMOBILE,9139.52
11271,2,17.00,23774.33,0.08,0.06,REG AIR,DELIVER IN PERSON,sandy sky gainsboro peach cornflower,MEDIUM POLISHED STEEL,Brand#25,Supplier#000000049,UNITED STATES,AMERICA,649.19,2846,254,Customer#000000254,MACHINERY,1915.35
11271,2,17.00,23774.33,0.08,0.06,REG AIR,DELIVER IN PERSON,sandy sky gainsboro peach cornflower,MEDIUM POLISHED STEEL,Brand#25,Supplier#000000049,UNITED STATES,AMERICA,649.19,2846,255,Customer#000000255,BUILDING,3196.07
11271,2,17.00,23774.33,0.08,0.06,REG AIR,DELIVER IN PERSON,sandy sky gainsboro peach cornflower,MEDIUM POLISHED STEEL,Brand#25,Supplier#000000049,UNITED STATES,AMERICA,649.19,2846,258,Customer#000000258,MACHINERY,6022.27
11271,2,17.00,23774.33,0.08,0.06,REG AIR,DELIVER IN PERSON,sandy sky gainsboro peach cornflower,MEDIUM POLISHED STEEL,Brand#25,Supplier#000000049,UNITED STATES,AMERICA,649.19,2846,260,Customer#000000260,MACHINERY,9196.11
11271,2,17.00,23774.33,0.08,0.06,REG AIR,DELIVER IN PERSON,sandy sky gainsboro peach cornflower,MEDIUM POLISHED STEEL,Brand#25,Supplier#000000049,UNITED STATES,AMERICA,649.19,2846,262,Customer#000000262,AUTOMOBILE,1561.80
11271,2,17.00,23774.33,0.08,0.06,REG AIR,DELIVER IN PERSON,sandy sky gainsboro peach cornflower,MEDIUM POLISHED STEEL,Brand#25,Supplier#000000049,UNITED STATES,AMERICA,649.19,2846,264,Customer#000000264,MACHINERY,3195.83
11271,2,17.00,23774.33,0.08,0.06,REG AIR,DELIVER IN PERSON,sandy sky gainsboro peach cornflower,MEDIUM POLISHED STEEL,Brand#25,Supplier#000000049,UNITED STATES,AMERICA,649.19,2846,265,Customer#000000265,MACHINERY,8275.80
11271,2,17.00,23774.33,0.08,0.06,REG AIR,DELIVER IN PERSON,sandy sky gainsboro peach cornflower,MEDIUM POLISHED STEEL,Brand#25,Supplier#000000049,UNITED STATES,AMERICA,649.19,2846,267,Customer#000000267,AUTOMOBILE,3166.94
11271,2,17.00,23774.33,0.08,0.06,REG AIR,DELIVER IN PERSON,sandy sky gainsboro peach cornflower,MEDIUM POLISHED STEEL,Brand#25,Supplier#000000049,UNITED STATES,AMERICA,649.19,2846,268,Customer#000000268,MACHINERY,6821.01
11271,2,17.00,23774.33,0.08,0.06,REG AIR,DELIVER IN PERSON,sandy sky gainsboro peach cornflower,MEDIUM POLISHED STEEL,Brand#25,Supplier#000000049,UNITED STATES,AMERICA,649.19,2846,269,Customer#000000269,MACHINERY,7667.35
11271,2,17.00,23774.33,0.08,0.06,REG AIR,DELIVER IN PERSON,sandy sky gainsboro peach cornflower,MEDIUM POLISHED STEEL,Brand#25,Supplier#000000049,UNITED STATES,AMERICA,649.19,2846,270,Customer#000000270,AUTOMOBILE,9192.50
11271,2,17.00,23774.33,0.08,0.06,REG AIR,DELIVER IN PERSON,sandy sky gainsboro peach cornflower,MEDIUM POLISHED STEEL,Brand#25,Supplier#000000049,UNITED STATES,AMERICA,649.19,2846,271,Customer#000000271,MACHINERY,1490.35
11271,2,17.00,23774.33,0.08,0.06,REG AIR,DELIVER IN PERSON,sandy sky gainsboro peach cornflower,MEDIUM POLISHED STEEL,Brand#25,Supplier#000000049,UNITED STATES,AMERICA,649.19,2846,275,Customer#000000275,AUTOMOBILE,5067.31
11271,2,17.00,23774.33,0.08,0.06,REG AIR,DELIVER IN PERSON,sandy sky gainsboro peach cornflower,MEDIUM POLISHED STEEL,Brand#25,Supplier#000000049,UNITED STATES,AMERICA,649.19,2846,276,Customer#000000276,AUTOMOBILE,2292.67
11271,2,17.00,23774.33,0.08,0.06,REG AIR,DELIVER IN PERSON,sandy sky gainsboro peach cornflower,MEDIUM POLISHED STEEL,Brand#25,Supplier#000000049,UNITED STATES,AMERICA,649.19,2846,277,Customer#000000277,BUILDING,8876.10
11271,2,17.00,23774.33,0.08,0.06,REG AIR,DELIVER IN PERSON,sandy sky gainsboro peach cornflower,MEDIUM POLISHED STEEL,Brand#25,Supplier#000000049,UNITED STATES,AMERICA,649.19,2846,278,Customer#000000278,BUILDING,7621.56
11271,2,17.00,23774.33,0.08,0.06,REG AIR,DELIVER IN PERSON,sandy sky gainsboro peach cornflower,MEDIUM POLISHED STEEL,Brand#25,Supplier#000000049,UNITED STATES,AMERICA,649.19,2846,279,Customer#000000279,AUTOMOBILE,9663.23
11271,2,17.00,23774.33,0.08,0.06,REG AIR,DELIVER IN PERSON,sandy sky gainsboro peach cornflower,MEDIUM POLISHED STEEL,Brand#25,Supplier#000000049,UNITED STATES,AMERICA,649.19,2846,280,Customer#000000280,BUILDING,3952.84
11271,2,17.00,23774.33,0.08,0.06,REG AIR,DELIVER IN PERSON,sandy sky gainsboro peach cornflower,MEDIUM POLISHED STEEL,Brand#25,Supplier#000000049,UNITED STATES,AMERICA,649.19,2846,281,Customer#000000281,BUILDING,4361.70
11271,2,17.00,23774.33,0.08,0.06,REG AIR,DELIVER IN PERSON,sandy sky gainsboro peach cornflower,MEDIUM POLISHED STEEL,Brand#25,Supplier#000000049,UNITED STATES,AMERICA,649.19,2846,283,Customer#000000283,AUTOMOBILE,4450.03
11271,2,17.00,23774.33,0.08,0.06,REG AIR,DELIVER IN PERSON,sandy sky gainsboro peach cornflower,MEDIUM POLISHED STEEL,Brand#25,Supplier#000000049,UNITED STATES,AMERICA,649.19,2846,284,Customer#000000284,AUTOMOBILE,593.52
11271,2,17.00,23774.33,0.08,0.06,REG AIR,DELIVER IN PERSON,sandy sky gainsboro peach cornflower,MEDIUM POLISHED STEEL,Brand#25,Supplier#000000049,UNITED STATES,AMERICA,649.19,2846,287,Customer#000000287,MACHINERY,1734.18
11271,2,17.00,23774.33,0.08,0.06,REG AIR,DELIVER IN PERSON,sandy sky gainsboro peach cornflower,MEDIUM POLISHED STEEL,Brand#25,Supplier#000000049,UNITED STATES,AMERICA,649.19,2846,290,Customer#000000290,MACHINERY,1811.35
11271,2,17.00,23774.33,0.08,0.06,REG AIR,DELIVER IN PERSON,sandy sky gainsboro peach cornflower,MEDIUM POLISHED STEEL,Brand#25,Supplier#000000049,UNITED STATES,AMERICA,649.19,2846,296,Customer#000000296,BUILDING,8081.52
11271,2,17.00,23774.33,0.08,0.06,REG AIR,DELIVER IN PERSON,sandy sky gainsboro peach cornflower,MEDIUM POLISHED STEEL,Brand#25,Supplier#000000049,UNITED STATES,AMERICA,649.19,2846,298,Customer#000000298,BUILDING,3812.84
11271,2,17.00,23774.33,0.08,0.06,REG AIR,DELIVER IN PERSON,sandy sky gainsboro peach cornflower,MEDIUM POLISHED STEEL,Brand#25,Supplier#000000049,UNITED STATES,AMERICA,649.19,2846,300,Customer#000000300,AUTOMOBILE,8084.92
11271,2,17.00,23774.33,0.08,0.06,REG AIR,DELIVER IN PERSON,sandy sky gainsboro peach cornflower,MEDIUM POLISHED STEEL,Brand#25,Supplier#000000049,UNITED STATES,AMERICA,649.19,2846,302,Customer#000000302,MACHINERY,1107.42
11271,2,17.00,23774.33,0.08,0.06,REG AIR,DELIVER IN PERSON,sandy sky gainsboro peach cornflower,MEDIUM POLISHED STEEL,Brand#25,Supplier#000000049,UNITED STATES,AMERICA,649.19,2846,304,Customer#000000304,MACHINERY,9217.55
11271,2,17.00,23774.33,0.08,0.06,REG AIR,DELIVER IN PERSON,sandy sky gainsboro peach cornflower,MEDIUM POLISHED STEEL,Brand#25,Supplier#000000049,UNITED STATES,AMERICA,649.19,2846,306,Customer#000000306,AUTOMOBILE,3268.01
11271,2,17.00,23774.33,0.08,0.06,REG AIR,DELIVER IN PERSON,sandy sky gainsboro peach cornflower,MEDIUM POLISHED STEEL,Brand#25,Supplier#000000049,UNITED STATES,AMERICA,649.19,2846,311,Customer#000000311,AUTOMOBILE,6589.50
11271,2,17.00,23774.33,0.08,0.06,REG AIR,DELIVER IN PERSON,sandy sky gainsboro peach cornflower,MEDIUM POLISHED STEEL,Brand#25,Supplier#000000049,UNITED STATES,AMERICA,649.19,2846,314,Customer#000000314,MACHINERY,2394.92
11271,2,17.00,23774.33,0.08,0.06,REG AIR,DELIVER IN PERSON,sandy sky gainsboro peach cornflower,MEDIUM POLISHED STEEL,Brand#25,Supplier#000000049,UNITED STATES,AMERICA,649.19,2846,316,Customer#000000316,MACHINERY,4571.78
11271,2,17.00,23774.33,0.08,0.06,REG AIR,DELIVER IN PERSON,sandy sky gainsboro peach cornflower,MEDIUM POLISHED STEEL,Brand#25,Supplier#000000049,UNITED STATES,AMERICA,649.19,2846,320,Customer#000000320,MACHINERY,6082.74
11271,2,17.00,23774.33,0.08,0.06,REG AIR,DELIVER IN PERSON,sandy sky gainsboro peach cornflower,MEDIUM POLISHED STEEL,Brand#25,Supplier#000000049,UNITED STATES,AMERICA,649.19,2846,323,Customer#000000323,AUTOMOBILE,1137.67
11271,2,17.00,23774.33,0.08,0.06,REG AIR,DELIVER IN PERSON,sandy sky gainsboro peach cornflower,MEDIUM POLISHED STEEL,Brand#25,Supplier#000000049,UNITED STATES,AMERICA,649.19,2846,327,Customer#000000327,MACHINERY,8762.16
11271,2,17.00,23774.33,0.08,0.06,REG AIR,DELIVER IN PERSON,sandy sky gainsboro peach cornflower,MEDIUM POLISHED STEEL,Brand#25,Supplier#000000049,UNITED STATES,AMERICA,649.19,2846,328,Customer#000000328,BUILDING,6709.90
11271,2,17.00,23774.33,0.08,0.06,REG AIR,DELIVER IN PERSON,sandy sky gainsboro peach cornflower,MEDIUM POLISHED STEEL,Brand#25,Supplier#000000049,UNITED STATES,AMERICA,649.19,2846,330,Customer#000000330,MACHINERY,8244.73
11271,2,17.00,23774.33,0.08,0.06,REG AIR,DELIVER IN PERSON,sandy sky gainsboro peach cornflower,MEDIUM POLISHED STEEL,Brand#25,Supplier#000000049,UNITED STATES,AMERICA,649.19,2846,333,Customer#000000333,AUTOMOBILE,8018.89
11271,2,17.00,23774.33,0.08,0.06,REG AIR,DELIVER IN PERSON,sandy sky gainsboro peach cornflower,MEDIUM POLISHED STEEL,Brand#25,Supplier#000000049,UNITED STATES,AMERICA,649.19,2846,336,Customer#000000336,AUTOMOBILE,9241.49
11271,2,17.00,23774.33,0.08,0.06,REG AIR,DELIVER IN PERSON,sandy sky gainsboro peach cornflower,MEDIUM POLISHED STEEL,Brand#25,Supplier#000000049,UNITED STATES,AMERICA,649.19,2846,340,Customer#000000340,BUILDING,4667.12
11271,2,17.00,23774.33,0.08,0.06,REG AIR,DELIVER IN PERSON,sandy sky gainsboro peach cornflower,MEDIUM POLISHED STEEL,Brand#25,Supplier#000000049,UNITED STATES,AMERICA,649.19,2846,342,Customer#000000342,AUTOMOBILE,7186.74
11271,2,17.00,23774.33,0.08,0.06,REG AIR,DELIVER IN PERSON,sandy sky gainsboro peach cornflower,MEDIUM POLISHED STEEL,Brand#25,Supplier#000000049,UNITED STATES,AMERICA,649.19,2846,345,Customer#000000345,AUTOMOBILE,1936.77
11271,2,17.00,23774.33,0.08,0.06,REG AIR,DELIVER IN PERSON,sandy sky gainsboro peach cornflower,MEDIUM POLISHED STEEL,Brand#25,Supplier#000000049,UNITED STATES,AMERICA,649.19,2846,347,Customer#000000347,BUILDING,7348.92
11271,2,17.00,23774.33,0.08,0.06,REG AIR,DELIVER IN PERSON,sandy sky gainsboro peach cornflower,MEDIUM POLISHED STEEL,Brand#25,Supplier#000000049,UNITED STATES,AMERICA,649.19,2846,351,Customer#000000351,AUTOMOBILE,3419.54
11271,2,17.00,23774.33,0.08,0.06,REG AIR,DELIVER IN PERSON,sandy sky gainsboro peach cornflower,MEDIUM POLISHED STEEL,Brand#25,Supplier#000000049,UNITED STATES,AMERICA,649.19,2846,353,Customer#000000353,BUILDING,3199.03
11271,2,17.00,23774.33,0.08,0.06,REG AIR,DELIVER IN PERSON,sandy sky gainsboro peach cornflower,MEDIUM POLISHED STEEL,Brand#25,Supplier#000000049,UNITED STATES,AMERICA,649.19,2846,354,Customer#000000354,BUILDING,7095.95
11271,2,17.00,23774.33,0.08,0.06,REG AIR,DELIVER IN PERSON,sandy sky gainsboro peach cornflower,MEDIUM POLISHED STEEL,Brand#25,Supplier#000000049,UNITED STATES,AMERICA,649.19,2846,357,Customer#000000357,AUTOMOBILE,8747.36
11271,2,17.00,23774.33,0.08,0.06,REG AIR,DELIVER IN PERSON,sandy sky gainsboro peach cornflower,MEDIUM POLISHED STEEL,Brand#25,Supplier#000000049,UNITED STATES,AMERICA,649.19,2846,361,Customer#000000361,BUILDING,7451.84
11271,2,17.00,23774.33,0.08,0.06,REG AIR,DELIVER IN PERSON,sandy sky gainsboro peach cornflower,MEDIUM POLISHED STEEL,Brand#25,Supplier#000000049,UNITED STATES,AMERICA,649.19,2846,362,Customer#000000362,AUTOMOBILE,6149.01
11271,2,17.00,23774.33,0.08,0.06,REG AIR,DELIVER IN PERSON,sandy sky gainsboro peach cornflower,MEDIUM POLISHED STEEL,Brand#25,Supplier#000000049,UNITED STATES,AMERICA,649.19,2846,371,Customer#000000371,AUTOMOBILE,7789.14
11271,2,17.00,23774.33,0.08,0.06,REG AIR,DELIVER IN PERSON,sandy sky gainsboro peach cornflower,MEDIUM POLISHED STEEL,Brand#25,Supplier#000000049,UNITED STATES,AMERICA,649.19,2846,373,Customer#000000373,MACHINERY,2354.06
11271,2,17.00,23774.33,0.08,0.06,REG AIR,DELIVER IN PERSON,sandy sky gainsboro peach cornflower,MEDIUM POLISHED STEEL,Brand#25,Supplier#000000049,UNITED STATES,AMERICA,649.19,2846,374,Customer#000000374,AUTOMOBILE,6718.78
11271,2,17.00,23774.33,0.08,0.06,REG AIR,DELIVER IN PERSON,sandy sky gainsboro peach cornflower,MEDIUM POLISHED STEEL,Brand#25,Supplier#000000049,UNITED STATES,AMERICA,649.19,2846,376,Customer#000000376,AUTOMOBILE,4231.45
11271,2,17.00,23774.33,0.08,0.06,REG AIR,DELIVER IN PERSON,sandy sky gainsboro peach cornflower,MEDIUM POLISHED STEEL,Brand#25,Supplier#000000049,UNITED STATES,AMERICA,649.19,2846,377,Customer#000000377,MACHINERY,1043.72
11271,2,17.00,23774.33,0.08,0.06,REG AIR,DELIVER IN PERSON,sandy sky gainsboro peach cornflower,MEDIUM POLISHED STEEL,Brand#25,Supplier#000000049,UNITED STATES,AMERICA,649.19,2846,378,Customer#000000378,BUILDING,5718.05
11271,2,17.00,23774.33,0.08,0.06,REG AIR,DELIVER IN PERSON,sandy sky gainsboro peach cornflower,MEDIUM POLISHED STEEL,Brand#25,Supplier#000000049,UNITED STATES,AMERICA,649.19,2846,379,Customer#000000379,AUTOMOBILE,5348.11
11271,2,17.00,23774.33,0.08,0.06,REG AIR,DELIVER IN PERSON,sandy sky gainsboro peach cornflower,MEDIUM POLISHED STEEL,Brand#25,Supplier#000000049,UNITED STATES,AMERICA,649.19,2846,380,Customer#000000380,BUILDING,2755.46
11271,2,17.00,23774.33,0.08,0.06,REG AIR,DELIVER IN PERSON,sandy sky gainsboro peach cornflower,MEDIUM POLISHED STEEL,Brand#25,Supplier#000000049,UNITED STATES,AMERICA,649.19,2846,381,Customer#000000381,BUILDING,9931.71
11271,2,17.00,23774.33,0.08,0.06,REG AIR,DELIVER IN PERSON,sandy sky gainsboro peach cornflower,MEDIUM POLISHED STEEL,Brand#25,Supplier#000000049,UNITED STATES,AMERICA,649.19,2846,382,Customer#000000382,AUTOMOBILE,6269.42
11271,2,17.00,23774.33,0.08,0.06,REG AIR,DELIVER IN PERSON,sandy sky gainsboro peach cornflower,MEDIUM POLISHED STEEL,Brand#25,Supplier#000000049,UNITED STATES,AMERICA,649.19,2846,385,Customer#000000385,AUTOMOBILE,2457.09
11271,2,17.00,23774.33,0.08,0.06,REG AIR,DELIVER IN PERSON,sandy sky gainsboro peach cornflower,MEDIUM POLISHED STEEL,Brand#25,Supplier#000000049,UNITED STATES,AMERICA,649.19,2846,392,Customer#000000392,BUILDING,8492.33
11271,2,17.00,23774.33,0.08,0.06,REG AIR,DELIVER IN PERSON,sandy sky gainsboro peach cornflower,MEDIUM POLISHED STEEL,Brand#25,Supplier#000000049,UNITED STATES,AMERICA,649.19,2846,394,Customer#000000394,MACHINERY,5200.96
11271,2,17.00,23774.33,0.08,0.06,REG AIR,DELIVER IN PERSON,sandy sky gainsboro peach cornflower,MEDIUM POLISHED STEEL,Brand#25,Supplier#000000049,UNITED STATES,AMERICA,649.19,2846,396,Customer#000000396,BUILDING,1433.50
11271,2,17.00,23774.33,0.08,0.06,REG AIR,DELIVER IN PERSON,sandy sky gainsboro peach cornflower,MEDIUM POLISHED STEEL,Brand#25,Supplier#000000049,UNITED STATES,AMERICA,649.19,2846,399,Customer#000000399,BUILDING,7358.53
11271,2,17.00,23774.33,0.08,0.06,REG AIR,DELIVER IN PERSON,sandy sky gainsboro peach cornflower,MEDIUM POLISHED STEEL,Brand#25,Supplier#000000049,UNITED STATES,AMERICA,649.19,2846,401,Customer#000000401,BUILDING,4146.43
11271,2,17.00,23774.33,0.08,0.06,REG AIR,DELIVER IN PERSON,sandy sky gainsboro peach cornflower,MEDIUM POLISHED STEEL,Brand#25,Supplier#000000049,UNITED STATES,AMERICA,649.19,2846,402,Customer#000000402,AUTOMOBILE,2106.67
11271,2,17.00,23774.33,0.08,0.06,REG AIR,DELIVER IN PERSON,sandy sky gainsboro peach cornflower,MEDIUM POLISHED STEEL,Brand#25,Supplier#000000049,UNITED STATES,AMERICA,649.19,2846,404,Customer#000000404,BUILDING,7408.73
11271,2,17.00,23774.33,0.08,0.06,REG AIR,DELIVER IN PERSON,sandy sky gainsboro peach cornflower,MEDIUM POLISHED STEEL,Brand#25,Supplier#000000049,UNITED STATES,AMERICA,649.19,2846,405,Customer#000000405,MACHINERY,7519.14
11271,2,17.00,23774.33,0.08,0.06,REG AIR,DELIVER IN PERSON,sandy sky gainsboro peach cornflower,MEDIUM POLISHED STEEL,Brand#25,Supplier#000000049,UNITED STATES,AMERICA,649.19,2846,407,Customer#000000407,MACHINERY,9537.08
11271,2,17.00,23774.33,0.08,0.06,REG AIR,DELIVER IN PERSON,sandy sky gainsboro peach cornflower,MEDIUM POLISHED STEEL,Brand#25,Supplier#000000049,UNITED STATES,AMERICA,649.19,2846,408,Customer#000000408,BUILDING,6825.37
11271,2,17.00,23774.33,0.08,0.06,REG AIR,DELIVER IN PERSON,sandy sky gainsboro peach cornflower,MEDIUM POLISHED STEEL,Brand#25,Supplier#000000049,UNITED STATES,AMERICA,649.19,2846,410,Customer#000000410,BUILDING,4349.27
11271,2,17.00,23774.33,0.08,0.06,REG AIR,DELIVER IN PERSON,sandy sky gainsboro peach cornflower,MEDIUM POLISHED STEEL,Brand#25,Supplier#000000049,UNITED STATES,AMERICA,649.19,2846,412,Customer#000000412,BUILDING,6044.02
11271,2,17.00,23774.33,0.08,0.06,REG AIR,DELIVER IN PERSON,sandy sky gainsboro peach cornflower,MEDIUM POLISHED STEEL,Brand#25,Supplier#000000049,UNITED STATES,AMERICA,649.19,2846,414,Customer#000000414,AUTOMOBILE,527.78
11271,2,17.00,23774.33,0.08,0.06,REG AIR,DELIVER IN PERSON,sandy sky gainsboro peach cornflower,MEDIUM POLISHED STEEL,Brand#25,Supplier#000000049,UNITED STATES,AMERICA,649.19,2846,416,Customer#000000416,MACHINERY,4365.28
11271,2,17.00,23774.33,0.08,0.06,REG AIR,DELIVER IN PERSON,sandy sky gainsboro peach cornflower,MEDIUM POLISHED STEEL,Brand#25,Supplier#000000049,UNITED STATES,AMERICA,649.19,2846,417,Customer#000000417,BUILDING,6187.73
11271,2,17.00,23774.33,0.08,0.06,REG AIR,DELIVER IN PERSON,sandy sky gainsboro peach cornflower,MEDIUM POLISHED STEEL,Brand#25,Supplier#000000049,UNITED STATES,AMERICA,649.19,2846,419,Customer#000000419,BUILDING,7786.69
11271,2,17.00,23774.33,0.08,0.06,REG AIR,DELIVER IN PERSON,sandy sky gainsboro peach cornflower,MEDIUM POLISHED STEEL,Brand#25,Supplier#000000049,UNITED STATES,AMERICA,649.19,2846,420,Customer#000000420,BUILDING,1999.35
11271,2,17.00,23774.33,0.08,0.06,REG AIR,DELIVER IN PERSON,sandy sky gainsboro peach cornflower,MEDIUM POLISHED STEEL,Brand#25,Supplier#000000049,UNITED STATES,AMERICA,649.19,2846,427,Customer#000000427,MACHINERY,4376.80
11271,2,17.00,23774.33,0.08,0.06,REG AIR,DELIVER IN PERSON,sandy sky gainsboro peach cornflower,MEDIUM POLISHED STEEL,Brand#25,Supplier#000000049,UNITED STATES,AMERICA,649.19,2846,428,Customer#000000428,BUILDING,1952.36
11271,2,17.00,23774.33,0.08,0.06,REG AIR,DELIVER IN PERSON,sandy sky gainsboro peach cornflower,MEDIUM POLISHED STEEL,Brand#25,Supplier#000000049,UNITED STATES,AMERICA,649.19,2846,430,Customer#000000430,BUILDING,7905.17
11271,2,17.00,23774.33,0.08,0.06,REG AIR,DELIVER IN PERSON,sandy sky gainsboro peach cornflower,MEDIUM POLISHED STEEL,Brand#25,Supplier#000000049,UNITED STATES,AMERICA,649.19,2846,432,Customer#000000432,BUILDING,5715.64
11271,2,17.00,23774.33,0.08,0.06,REG AIR,DELIVER IN PERSON,sandy sky gainsboro peach cornflower,MEDIUM POLISHED STEEL,Brand#25,Supplier#000000049,UNITED STATES,AMERICA,649.19,2846,434,Customer#000000434,MACHINERY,2940.46
11271,2,17.00,23774.33,0.08,0.06,REG AIR,DELIVER IN PERSON,sandy sky gainsboro peach cornflower,MEDIUM POLISHED STEEL,Brand#25,Supplier#000000049,UNITED STATES,AMERICA,649.19,2846,435,Customer#000000435,MACHINERY,6217.46
11271,2,17.00,23774.33,0.08,0.06,REG AIR,DELIVER IN PERSON,sandy sky gainsboro peach cornflower,MEDIUM POLISHED STEEL,Brand#25,Supplier#000000049,UNITED STATES,AMERICA,649.19,2846,437,Customer#000000437,AUTOMOBILE,7760.52
11271,2,17.00,23774.33,0.08,0.06,REG AIR,DELIVER IN PERSON,sandy sky gainsboro peach cornflower,MEDIUM POLISHED STEEL,Brand#25,Supplier#000000049,UNITED STATES,AMERICA,649.19,2846,438,Customer#000000438,MACHINERY,2131.13
11271,2,17.00,23774.33,0.08,0.06,REG AIR,DELIVER IN PERSON,sandy sky gainsboro peach cornflower,MEDIUM POLISHED STEEL,Brand#25,Supplier#000000049,UNITED STATES,AMERICA,649.19,2846,440,Customer#000000440,MACHINERY,1809.04
11271,2,17.00,23774.33,0.08,0.06,REG AIR,DELIVER IN PERSON,sandy sky gainsboro peach cornflower,MEDIUM POLISHED STEEL,Brand#25,Supplier#000000049,UNITED STATES,AMERICA,649.19,2846,448,Customer#000000448,BUILDING,8117.27
11271,2,17.00,23774.33,0.08,0.06,REG AIR,DELIVER IN PERSON,sandy sky gainsboro peach cornflower,MEDIUM POLISHED STEEL,Brand#25,Supplier#000000049,UNITED STATES,AMERICA,649.19,2846,449,Customer#000000449,MACHINERY,3001.94
11271,2,17.00,23774.33,0.08,0.06,REG AIR,DELIVER IN PERSON,sandy sky gainsboro peach cornflower,MEDIUM POLISHED STEEL,Brand#25,Supplier#000000049,UNITED STATES,AMERICA,649.19,2846,452,Customer#000000452,BUILDING,6633.70
11271,2,17.00,23774.33,0.08,0.06,REG AIR,DELIVER IN PERSON,sandy sky gainsboro peach cornflower,MEDIUM POLISHED STEEL,Brand#25,Supplier#000000049,UNITED STATES,AMERICA,649.19,2846,454,Customer#000000454,AUTOMOBILE,6134.40
11271,2,17.00,23774.33,0.08,0.06,REG AIR,DELIVER IN PERSON,sandy sky gainsboro peach cornflower,MEDIUM POLISHED STEEL,Brand#25,Supplier#000000049,UNITED STATES,AMERICA,649.19,2846,455,Customer#000000455,BUILDING,6860.34
11271,2,17.00,23774.33,0.08,0.06,REG AIR,DELIVER IN PERSON,sandy sky gainsboro peach cornflower,MEDIUM POLISHED STEEL,Brand#25,Supplier#000000049,UNITED STATES,AMERICA,649.19,2846,459,Customer#000000459,MACHINERY,1207.97
11271,2,17.00,23774.33,0.08,0.06,REG AIR,DELIVER IN PERSON,sandy sky gainsboro peach cornflower,MEDIUM POLISHED STEEL,Brand#25,Supplier#000000049,UNITED STATES,AMERICA,649.19,2846,461,Customer#000000461,AUTOMOBILE,9177.63
11271,2,17.00,23774.33,0.08,0.06,REG AIR,DELIVER IN PERSON,sandy sky gainsboro peach cornflower,MEDIUM POLISHED STEEL,Brand#25,Supplier#000000049,UNITED STATES,AMERICA,649.19,2846,464,Customer#000000464,AUTOMOBILE,8730.85
11271,2,17.00,23774.33,0.08,0.06,REG AIR,DELIVER IN PERSON,sandy sky gainsboro peach cornflower,MEDIUM POLISHED STEEL,Brand#25,Supplier#000000049,UNITED STATES,AMERICA,649.19,2846,466,Customer#000000466,MACHINERY,3168.41
11271,2,17.00,23774.33,0.08,0.06,REG AIR,DELIVER IN PERSON,sandy sky gainsboro peach cornflower,MEDIUM POLISHED STEEL,Brand#25,Supplier#000000049,UNITED STATES,AMERICA,649.19,2846,467,Customer#000000467,MACHINERY,9398.51
11271,2,17.00,23774.33,0.08,0.06,REG AIR,DELIVER IN PERSON,sandy sky gainsboro peach cornflower,MEDIUM POLISHED STEEL,Brand#25,Supplier#000000049,UNITED STATES,AMERICA,649.19,2846,469,Customer#000000469,BUILDING,6343.64
11271,2,17.00,23774.33,0.08,0.06,REG AIR,DELIVER IN PERSON,sandy sky gainsboro peach cornflower,MEDIUM POLISHED STEEL,Brand#25,Supplier#000000049,UNITED STATES,AMERICA,649.19,2846,472,Customer#000000472,MACHINERY,7929.90
11271,2,17.00,23774.33,0.08,0.06,REG AIR,DELIVER IN PERSON,sandy sky gainsboro peach cornflower,MEDIUM POLISHED STEEL,Brand#25,Supplier#000000049,UNITED STATES,AMERICA,649.19,2846,474,Customer#000000474,MACHINERY,9165.47
11271,2,17.00,23774.33,0.08,0.06,REG AIR,DELIVER IN PERSON,sandy sky gainsboro peach cornflower,MEDIUM POLISHED STEEL,Brand#25,Supplier#000000049,UNITED STATES,AMERICA,649.19,2846,475,Customer#000000475,BUILDING,9043.55
11271,2,17.00,23774.33,0.08,0.06,REG AIR,DELIVER IN PERSON,sandy sky gainsboro peach cornflower,MEDIUM POLISHED STEEL,Brand#25,Supplier#000000049,UNITED STATES,AMERICA,649.19,2846,476,Customer#000000476,BUILDING,5973.10
11271,2,17.00,23774.33,0.08,0.06,REG AIR,DELIVER IN PERSON,sandy sky gainsboro peach cornflower,MEDIUM POLISHED STEEL,Brand#25,Supplier#000000049,UNITED STATES,AMERICA,649.19,2846,477,Customer#000000477,AUTOMOBILE,1836.61
11271,2,17.00,23774.33,0.08,0.06,REG AIR,DELIVER IN PERSON,sandy sky gainsboro peach cornflower,MEDIUM POLISHED STEEL,Brand#25,Supplier#000000049,UNITED STATES,AMERICA,649.19,2846,479,Customer#000000479,AUTOMOBILE,3653.64
11271,2,17.00,23774.33,0.08,0.06,REG AIR,DELIVER IN PERSON,sandy sky gainsboro peach cornflower,MEDIUM POLISHED STEEL,Brand#25,Supplier#000000049,UNITED STATES,AMERICA,649.19,2846,483,Customer#000000483,MACHINERY,8877.20
11271,2,17.00,23774.33,0.08,0.06,REG AIR,DELIVER IN PERSON,sandy sky gainsboro peach cornflower,MEDIUM POLISHED STEEL,Brand#25,Supplier#000000049,UNITED STATES,AMERICA,649.19,2846,484,Customer#000000484,BUILDING,4245.00
11271,2,17.00,23774.33,0.08,0.06,REG AIR,DELIVER IN PERSON,sandy sky gainsboro peach cornflower,MEDIUM POLISHED STEEL,Brand#25,Supplier#000000049,UNITED STATES,AMERICA,649.19,2846,485,Customer#000000485,MACHINERY,8695.45
11271,2,17.00,23774.33,0.08,0.06,REG AIR,DELIVER IN PERSON,sandy sky gainsboro peach cornflower,MEDIUM POLISHED STEEL,Brand#25,Supplier#000000049,UNITED STATES,AMERICA,649.19,2846,486,Customer#000000486,AUTOMOBILE,7487.40
11271,2,17.00,23774.33,0.08,0.06,REG AIR,DELIVER IN PERSON,sandy sky gainsboro peach cornflower,MEDIUM POLISHED STEEL,Brand#25,Supplier#000000049,UNITED STATES,AMERICA,649.19,2846,487,Customer#000000487,AUTOMOBILE,9749.37
11271,2,17.00,23774.33,0.08,0.06,REG AIR,DELIVER IN PERSON,sandy sky gainsboro peach cornflower,MEDIUM POLISHED STEEL,Brand#25,Supplier#000000049,UNITED STATES,AMERICA,649.19,2846,489,Customer#000000489,AUTOMOBILE,8255.83
11271,2,17.00,23774.33,0.08,0.06,REG AIR,DELIVER IN PERSON,sandy sky gainsboro peach cornflower,MEDIUM POLISHED STEEL,Brand#25,Supplier#000000049,UNITED STATES,AMERICA,649.19,2846,491,Customer#000000491,AUTOMOBILE,785.37
11271,2,17.00,23774.33,0.08,0.06,REG AIR,DELIVER IN PERSON,sandy sky gainsboro peach cornflower,MEDIUM POLISHED STEEL,Brand#25,Supplier#000000049,UNITED STATES,AMERICA,649.19,2846,492,Customer#000000492,AUTOMOBILE,8635.18
11271,2,17.00,23774.33,0.08,0.06,REG AIR,DELIVER IN PERSON,sandy sky gainsboro peach cornflower,MEDIUM POLISHED STEEL,Brand#25,Supplier#000000049,UNITED STATES,AMERICA,649.19,2846,493,Customer#000000493,MACHINERY,6582.04
11271,2,17.00,23774.33,0.08,0.06,REG AIR,DELIVER IN PERSON,sandy sky gainsboro peach cornflower,MEDIUM POLISHED STEEL,Brand#25,Supplier#000000049,UNITED STATES,AMERICA,649.19,2846,495,Customer#000000495,BUILDING,7997.81
11271,2,17.00,23774.33,0.08,0.06,REG AIR,DELIVER IN PERSON,sandy sky gainsboro peach cornflower,MEDIUM POLISHED STEEL,Brand#25,Supplier#000000049,UNITED STATES,AMERICA,649.19,2846,496,Customer#000000496,MACHINERY,8174.82
11271,2,17.00,23774.33,0.08,0.06,REG AIR,DELIVER IN PERSON,sandy sky gainsboro peach cornflower,MEDIUM POLISHED STEEL,Brand#25,Supplier#000000049,UNITED STATES,AMERICA,649.19,2846,497,Customer#000000497,BUILDING,2191.59
11271,2,17.00,23774.33,0.08,0.06,REG AIR,DELIVER IN PERSON,sandy sky gainsboro peach cornflower,MEDIUM POLISHED STEEL,Brand#25,Supplier#000000049,UNITED STATES,AMERICA,649.19,2846,498,Customer#000000498,BUILDING,3945.64
11271,2,17.00,23774.33,0.08,0.06,REG AIR,DELIVER IN PERSON,sandy sky gainsboro peach cornflower,MEDIUM POLISHED STEEL,Brand#25,Supplier#000000049,UNITED STATES,AMERICA,649.19,2846,500,Customer#000000500,AUTOMOBILE,3300.82
11271,2,17.00,23774.33,0.08,0.06,REG AIR,DELIVER IN PERSON,sandy sky gainsboro peach cornflower,MEDIUM POLISHED STEEL,Brand#25,Supplier#000000049,UNITED STATES,AMERICA,649.19,2846,503,Customer#000000503,MACHINERY,3213.66
11271,2,17.00,23774.33,0.08,0.06,REG AIR,DELIVER IN PERSON,sandy sky gainsboro peach cornflower,MEDIUM POLISHED STEEL,Brand#25,Supplier#000000049,UNITED STATES,AMERICA,649.19,2846,507,Customer#000000507,MACHINERY,5727.00
11271,2,17.00,23774.33,0.08,0.06,REG AIR,DELIVER IN PERSON,sandy sky gainsboro peach cornflower,MEDIUM POLISHED STEEL,Brand#25,Supplier#000000049,UNITED STATES,AMERICA,649.19,2846,508,Customer#000000508,BUILDING,1685.90
11271,2,17.00,23774.33,0.08,0.06,REG AIR,DELIVER IN PERSON,sandy sky gainsboro peach cornflower,MEDIUM POLISHED STEEL,Brand#25,Supplier#000000049,UNITED STATES,AMERICA,649.19,2846,512,Customer#000000512,BUILDING,3937.58
11271,2,17.00,23774.33,0.08,0.06,REG AIR,DELIVER IN PERSON,sandy sky gainsboro peach cornflower,MEDIUM POLISHED STEEL,Brand#25,Supplier#000000049,UNITED STATES,AMERICA,649.19,2846,514,Customer#000000514,BUILDING,5840.97
11271,2,17.00,23774.33,0.08,0.06,REG AIR,DELIVER IN PERSON,sandy sky gainsboro peach cornflower,MEDIUM POLISHED STEEL,Brand#25,Supplier#000000049,UNITED STATES,AMERICA,649.19,2846,515,Customer#000000515,BUILDING,3225.07
11271,2,17.00,23774.33,0.08,0.06,REG AIR,DELIVER IN PERSON,sandy sky gainsboro peach cornflower,MEDIUM POLISHED STEEL,Brand#25,Supplier#000000049,UNITED STATES,AMERICA,649.19,2846,516,Customer#000000516,MACHINERY,4768.96
11271,2,17.00,23774.33,0.08,0.06,REG AIR,DELIVER IN PERSON,sandy sky gainsboro peach cornflower,MEDIUM POLISHED STEEL,Brand#25,Supplier#000000049,UNITED STATES,AMERICA,649.19,2846,518,Customer#000000518,BUILDING,9871.66
11271,2,17.00,23774.33,0.08,0.06,REG AIR,DELIVER IN PERSON,sandy sky gainsboro peach cornflower,MEDIUM POLISHED STEEL,Brand#25,Supplier#000000049,UNITED STATES,AMERICA,649.19,2846,519,Customer#000000519,BUILDING,9074.45
11271,2,17.00,23774.33,0.08,0.06,REG AIR,DELIVER IN PERSON,sandy sky gainsboro peach cornflower,MEDIUM POLISHED STEEL,Brand#25,Supplier#000000049,UNITED STATES,AMERICA,649.19,2846,521,Customer#000000521,MACHINERY,5830.69
11271,2,17.00,23774.33,0.08,0.06,REG AIR,DELIVER IN PERSON,sandy sky gainsboro peach cornflower,MEDIUM POLISHED STEEL,Brand#25,Supplier#000000049,UNITED STATES,AMERICA,649.19,2846,522,Customer#000000522,BUILDING,6358.46
11271,2,17.00,23774.33,0.08,0.06,REG AIR,DELIVER IN PERSON,sandy sky gainsboro peach cornflower,MEDIUM POLISHED STEEL,Brand#25,Supplier#000000049,UNITED STATES,AMERICA,649.19,2846,525,Customer#000000525,AUTOMOBILE,3931.68
11271,2,17.00,23774.33,0.08,0.06,REG AIR,DELIVER IN PERSON,sandy sky gainsboro peach cornflower,MEDIUM POLISHED STEEL,Brand#25,Supplier#000000049,UNITED STATES,AMERICA,649.19,2846,528,Customer#000000528,AUTOMOBILE,1802.50
11271,2,17.00,23774.33,0.08,0.06,REG AIR,DELIVER IN PERSON,sandy sky gainsboro peach cornflower,MEDIUM POLISHED STEEL,Brand#25,Supplier#000000049,UNITED STATES,AMERICA,649.19,2846,530,Customer#000000530,BUILDING,4990.92
11271,2,17.00,23774.33,0.08,0.06,REG AIR,DELIVER IN PERSON,sandy sky gainsboro peach cornflower,MEDIUM POLISHED STEEL,Brand#25,Supplier#000000049,UNITED STATES,AMERICA,649.19,2846,532,Customer#000000532,MACHINERY,1725.68
11271,2,17.00,23774.33,0.08,0.06,REG AIR,DELIVER IN PERSON,sandy sky gainsboro peach cornflower,MEDIUM POLISHED STEEL,Brand#25,Supplier#000000049,UNITED STATES,AMERICA,649.19,2846,534,Customer#000000534,AUTOMOBILE,6520.97
11271,2,17.00,23774.33,0.08,0.06,REG AIR,DELIVER IN PERSON,sandy sky gainsboro peach cornflower,MEDIUM POLISHED STEEL,Brand#25,Supplier#000000049,UNITED STATES,AMERICA,649.19,2846,535,Customer#000000535,BUILDING,2912.80
11271,2,17.00,23774.33,0.08,0.06,REG AIR,DELIVER IN PERSON,sandy sky gainsboro peach cornflower,MEDIUM POLISHED STEEL,Brand#25,Supplier#000000049,UNITED STATES,AMERICA,649.19,2846,536,Customer#000000536,MACHINERY,3342.75
11271,2,17.00,23774.33,0.08,0.06,REG AIR,DELIVER IN PERSON,sandy sky gainsboro peach cornflower,MEDIUM POLISHED STEEL,Brand#25,Supplier#000000049,UNITED STATES,AMERICA,649.19,2846,540,Customer#000000540,MACHINERY,9195.77
11271,2,17.00,23774.33,0.08,0.06,REG AIR,DELIVER IN PERSON,sandy sky gainsboro peach cornflower,MEDIUM POLISHED STEEL,Brand#25,Supplier#000000049,UNITED STATES,AMERICA,649.19,2846,542,Customer#000000542,BUILDING,3109.96
11271,2,17.00,23774.33,0.08,0.06,REG AIR,DELIVER IN PERSON,sandy sky gainsboro peach cornflower,MEDIUM POLISHED STEEL,Brand#25,Supplier#000000049,UNITED STATES,AMERICA,649.19,2846,543,Customer#000000543,AUTOMOBILE,6089.13
11271,2,17.00,23774.33,0.08,0.06,REG AIR,DELIVER IN PERSON,sandy sky gainsboro peach cornflower,MEDIUM POLISHED STEEL,Brand#25,Supplier#000000049,UNITED STATES,AMERICA,649.19,2846,544,Customer#000000544,AUTOMOBILE,4974.68
11271,2,17.00,23774.33,0.08,0.06,REG AIR,DELIVER IN PERSON,sandy sky gainsboro peach cornflower,MEDIUM POLISHED STEEL,Brand#25,Supplier#000000049,UNITED STATES,AMERICA,649.19,2846,545,Customer#000000545,AUTOMOBILE,7505.33
11271,2,17.00,23774.33,0.08,0.06,REG AIR,DELIVER IN PERSON,sandy sky gainsboro peach cornflower,MEDIUM POLISHED STEEL,Brand#25,Supplier#000000049,UNITED STATES,AMERICA,649.19,2846,546,Customer#000000546,MACHINERY,3116.50
11271,2,17.00,23774.33,0.08,0.06,REG AIR,DELIVER IN PERSON,sandy sky gainsboro peach cornflower,MEDIUM POLISHED STEEL,Brand#25,Supplier#000000049,UNITED STATES,AMERICA,649.19,2846,547,Customer#000000547,BUILDING,6058.08
11271,2,17.00,23774.33,0.08,0.06,REG AIR,DELIVER IN PERSON,sandy sky gainsboro peach cornflower,MEDIUM POLISHED STEEL,Brand#25,Supplier#000000049,UNITED STATES,AMERICA,649.19,2846,553,Customer#000000553,BUILDING,4804.57
11271,2,17.00,23774.33,0.08,0.06,REG AIR,DELIVER IN PERSON,sandy sky gainsboro peach cornflower,MEDIUM POLISHED STEEL,Brand#25,Supplier#000000049,UNITED STATES,AMERICA,649.19,2846,555,Customer#000000555,BUILDING,5486.52
11271,2,17.00,23774.33,0.08,0.06,REG AIR,DELIVER IN PERSON,sandy sky gainsboro peach cornflower,MEDIUM POLISHED STEEL,Brand#25,Supplier#000000049,UNITED STATES,AMERICA,649.19,2846,556,Customer#000000556,MACHINERY,7944.22
11271,2,17.00,23774.33,0.08,0.06,REG AIR,DELIVER IN PERSON,sandy sky gainsboro peach cornflower,MEDIUM POLISHED STEEL,Brand#25,Supplier#000000049,UNITED STATES,AMERICA,649.19,2846,557,Customer#000000557,BUILDING,9559.04
11271,2,17.00,23774.33,0.08,0.06,REG AIR,DELIVER IN PERSON,sandy sky gainsboro peach cornflower,MEDIUM POLISHED STEEL,Brand#25,Supplier#000000049,UNITED STATES,AMERICA,649.19,2846,560,Customer#000000560,BUILDING,1469.59
11271,2,17.00,23774.33,0.08,0.06,REG AIR,DELIVER IN PERSON,sandy sky gainsboro peach cornflower,MEDIUM POLISHED STEEL,Brand#25,Supplier#000000049,UNITED STATES,AMERICA,649.19,2846,562,Customer#000000562,BUILDING,9234.50
11271,2,17.00,23774.33,0.08,0.06,REG AIR,DELIVER IN PERSON,sandy sky gainsboro peach cornflower,MEDIUM POLISHED STEEL,Brand#25,Supplier#000000049,UNITED STATES,AMERICA,649.19,2846,564,Customer#000000564,MACHINERY,6307.59
11271,2,17.00,23774.33,0.08,0.06,REG AIR,DELIVER IN PERSON,sandy sky gainsboro peach cornflower,MEDIUM POLISHED STEEL,Brand#25,Supplier#000000049,UNITED STATES,AMERICA,649.19,2846,567,Customer#000000567,BUILDING,8475.17
11271,2,17.00,23774.33,0.08,0.06,REG AIR,DELIVER IN PERSON,sandy sky gainsboro peach cornflower,MEDIUM POLISHED STEEL,Brand#25,Supplier#000000049,UNITED STATES,AMERICA,649.19,2846,568,Customer#000000568,BUILDING,1317.56
11271,2,17.00,23774.33,0.08,0.06,REG AIR,DELIVER IN PERSON,sandy sky gainsboro peach cornflower,MEDIUM POLISHED STEEL,Brand#25,Supplier#000000049,UNITED STATES,AMERICA,649.19,2846,570,Customer#000000570,AUTOMOBILE,8480.87
11271,2,17.00,23774.33,0.08,0.06,REG AIR,DELIVER IN PERSON,sandy sky gainsboro peach cornflower,MEDIUM POLISHED STEEL,Brand#25,Supplier#000000049,UNITED STATES,AMERICA,649.19,2846,572,Customer#000000572,AUTOMOBILE,7252.65
11271,2,17.00,23774.33,0.08,0.06,REG AIR,DELIVER IN PERSON,sandy sky gainsboro peach cornflower,MEDIUM POLISHED STEEL,Brand#25,Supplier#000000049,UNITED STATES,AMERICA,649.19,2846,575,Customer#000000575,BUILDING,3652.29
11271,2,17.00,23774.33,0.08,0.06,REG AIR,DELIVER IN PERSON,sandy sky gainsboro peach cornflower,MEDIUM POLISHED STEEL,Brand#25,Supplier#000000049,UNITED STATES,AMERICA,649.19,2846,579,Customer#000000579,MACHINERY,1924.96
11271,2,17.00,23774.33,0.08,0.06,REG AIR,DELIVER IN PERSON,sandy sky gainsboro peach cornflower,MEDIUM POLISHED STEEL,Brand#25,Supplier#000000049,UNITED STATES,AMERICA,649.19,2846,581,Customer#000000581,MACHINERY,3242.10
11271,2,17.00,23774.33,0.08,0.06,REG AIR,DELIVER IN PERSON,sandy sky gainsboro peach cornflower,MEDIUM POLISHED STEEL,Brand#25,Supplier#000000049,UNITED STATES,AMERICA,649.19,2846,584,Customer#000000584,MACHINERY,8825.71
11271,2,17.00,23774.33,0.08,0.06,REG AIR,DELIVER IN PERSON,sandy sky gainsboro peach cornflower,MEDIUM POLISHED STEEL,Brand#25,Supplier#000000049,UNITED STATES,AMERICA,649.19,2846,585,Customer#000000585,MACHINERY,7820.26
11271,2,17.00,23774.33,0.08,0.06,REG AIR,DELIVER IN PERSON,sandy sky gainsboro peach cornflower,MEDIUM POLISHED STEEL,Brand#25,Supplier#000000049,UNITED STATES,AMERICA,649.19,2846,586,Customer#000000586,AUTOMOBILE,5134.35
11271,2,17.00,23774.33,0.08,0.06,REG AIR,DELIVER IN PERSON,sandy sky gainsboro peach cornflower,MEDIUM POLISHED STEEL,Brand#25,Supplier#000000049,UNITED STATES,AMERICA,649.19,2846,590,Customer#000000590,MACHINERY,3993.54
11271,2,17.00,23774.33,0.08,0.06,REG AIR,DELIVER IN PERSON,sandy sky gainsboro peach cornflower,MEDIUM POLISHED STEEL,Brand#25,Supplier#000000049,UNITED STATES,AMERICA,649.19,2846,591,Customer#000000591,MACHINERY,6344.66
11271,2,17.00,23774.33,0.08,0.06,REG AIR,DELIVER IN PERSON,sandy sky gainsboro peach cornflower,MEDIUM POLISHED STEEL,Brand#25,Supplier#000000049,UNITED STATES,AMERICA,649.19,2846,592,Customer#000000592,BUILDING,9712.75
11271,2,17.00,23774.33,0.08,0.06,REG AIR,DELIVER IN PERSON,sandy sky gainsboro peach cornflower,MEDIUM POLISHED STEEL,Brand#25,Supplier#000000049,UNITED STATES,AMERICA,649.19,2846,596,Customer#000000596,MACHINERY,1722.88
11271,2,17.00,23774.33,0.08,0.06,REG AIR,DELIVER IN PERSON,sandy sky gainsboro peach cornflower,MEDIUM POLISHED STEEL,Brand#25,Supplier#000000049,UNITED STATES,AMERICA,649.19,2846,597,Customer#000000597,AUTOMOBILE,2443.52
11271,2,17.00,23774.33,0.08,0.06,REG AIR,DELIVER IN PERSON,sandy sky gainsboro peach cornflower,MEDIUM POLISHED STEEL,Brand#25,Supplier#000000049,UNITED STATES,AMERICA,649.19,2846,601,Customer#000000601,BUILDING,9768.21
11271,2,17.00,23774.33,0.08,0.06,REG AIR,DELIVER IN PERSON,sandy sky gainsboro peach cornflower,MEDIUM POLISHED STEEL,Brand#25,Supplier#000000049,UNITED STATES,AMERICA,649.19,2846,602,Customer#000000602,BUILDING,8404.90
11271,2,17.00,23774.33,0.08,0.06,REG AIR,DELIVER IN PERSON,sandy sky gainsboro peach cornflower,MEDIUM POLISHED STEEL,Brand#25,Supplier#000000049,UNITED STATES,AMERICA,649.19,2846,606,Customer#000000606,AUTOMOBILE,9676.98
11271,2,17.00,23774.33,0.08,0.06,REG AIR,DELIVER IN PERSON,sandy sky gainsboro peach cornflower,MEDIUM POLISHED STEEL,Brand#25,Supplier#000000049,UNITED STATES,AMERICA,649.19,2846,608,Customer#000000608,BUILDING,2256.36
11271,2,17.00,23774.33,0.08,0.06,REG AIR,DELIVER IN PERSON,sandy sky gainsboro peach cornflower,MEDIUM POLISHED STEEL,Brand#25,Supplier#000000049,UNITED STATES,AMERICA,649.19,2846,610,Customer#000000610,BUILDING,3374.92
11271,2,17.00,23774.33,0.08,0.06,REG AIR,DELIVER IN PERSON,sandy sky gainsboro peach cornflower,MEDIUM POLISHED STEEL,Brand#25,Supplier#000000049,UNITED STATES,AMERICA,649.19,2846,613,Customer#000000613,AUTOMOBILE,6679.75
11271,2,17.00,23774.33,0.08,0.06,REG AIR,DELIVER IN PERSON,sandy sky gainsboro peach cornflower,MEDIUM POLISHED STEEL,Brand#25,Supplier#000000049,UNITED STATES,AMERICA,649.19,2846,620,Customer#000000620,AUTOMOBILE,5795.15
11271,2,17.00,23774.33,0.08,0.06,REG AIR,DELIVER IN PERSON,sandy sky gainsboro peach cornflower,MEDIUM POLISHED STEEL,Brand#25,Supplier#000000049,UNITED STATES,AMERICA,649.19,2846,623,Customer#000000623,BUILDING,7887.60
11271,2,17.00,23774.33,0.08,0.06,REG AIR,DELIVER IN PERSON,sandy sky gainsboro peach cornflower,MEDIUM POLISHED STEEL,Brand#25,Supplier#000000049,UNITED STATES,AMERICA,649.19,2846,624,Customer#000000624,MACHINERY,3907.11
11271,2,17.00,23774.33,0.08,0.06,REG AIR,DELIVER IN PERSON,sandy sky gainsboro peach cornflower,MEDIUM POLISHED STEEL,Brand#25,Supplier#000000049,UNITED STATES,AMERICA,649.19,2846,631,Customer#000000631,MACHINERY,2603.00
11271,2,17.00,23774.33,0.08,0.06,REG AIR,DELIVER IN PERSON,sandy sky gainsboro peach cornflower,MEDIUM POLISHED STEEL,Brand#25,Supplier#000000049,UNITED STATES,AMERICA,649.19,2846,635,Customer#000000635,AUTOMOBILE,8216.79
11271,2,17.00,23774.33,0.08,0.06,REG AIR,DELIVER IN PERSON,sandy sky gainsboro peach cornflower,MEDIUM POLISHED STEEL,Brand#25,Supplier#000000049,UNITED STATES,AMERICA,649.19,2846,639,Customer#000000639,MACHINERY,4899.15
11271,2,17.00,23774.33,0.08,0.06,REG AIR,DELIVER IN PERSON,sandy sky gainsboro peach cornflower,MEDIUM POLISHED STEEL,Brand#25,Supplier#000000049,UNITED STATES,AMERICA,649.19,2846,642,Customer#000000642,AUTOMOBILE,5684.01
11271,2,17.00,23774.33,0.08,0.06,REG AIR,DELIVER IN PERSON,sandy sky gainsboro peach cornflower,MEDIUM POLISHED STEEL,Brand#25,Supplier#000000049,UNITED STATES,AMERICA,649.19,2846,645,Customer#000000645,BUILDING,1146.49
11271,2,17.00,23774.33,0.08,0.06,REG AIR,DELIVER IN PERSON,sandy sky gainsboro peach cornflower,MEDIUM POLISHED STEEL,Brand#25,Supplier#000000049,UNITED STATES,AMERICA,649.19,2846,649,Customer#000000649,BUILDING,9442.55
11271,2,17.00,23774.33,0.08,0.06,REG AIR,DELIVER IN PERSON,sandy sky gainsboro peach cornflower,MEDIUM POLISHED STEEL,Brand#25,Supplier#000000049,UNITED STATES,AMERICA,649.19,2846,650,Customer#000000650,AUTOMOBILE,2086.91
11271,2,17.00,23774.33,0.08,0.06,REG AIR,DELIVER IN PERSON,sandy sky gainsboro peach cornflower,MEDIUM POLISHED STEEL,Brand#25,Supplier#000000049,UNITED STATES,AMERICA,649.19,2846,653,Customer#000000653,BUILDING,7307.55
11271,2,17.00,23774.33,0.08,0.06,REG AIR,DELIVER IN PERSON,sandy sky gainsboro peach cornflower,MEDIUM POLISHED STEEL,Brand#25,Supplier#000000049,UNITED STATES,AMERICA,649.19,2846,654,Customer#000000654,AUTOMOBILE,1067.04
11271,2,17.00,23774.33,0.08,0.06,REG AIR,DELIVER IN PERSON,sandy sky gainsboro peach cornflower,MEDIUM POLISHED STEEL,Brand#25,Supplier#000000049,UNITED STATES,AMERICA,649.19,2846,662,Customer#000000662,BUILDING,4517.33
11271,2,17.00,23774.33,0.08,0.06,REG AIR,DELIVER IN PERSON,sandy sky gainsboro peach cornflower,MEDIUM POLISHED STEEL,Brand#25,Supplier#000000049,UNITED STATES,AMERICA,649.19,2846,663,Customer#000000663,AUTOMOBILE,9698.21
11271,2,17.00,23774.33,0.08,0.06,REG AIR,DELIVER IN PERSON,sandy sky gainsboro peach cornflower,MEDIUM POLISHED STEEL,Brand#25,Supplier#000000049,UNITED STATES,AMERICA,649.19,2846,664,Customer#000000664,BUILDING,8878.22
11271,2,17.00,23774.33,0.08,0.06,REG AIR,DELIVER IN PERSON,sandy sky gainsboro peach cornflower,MEDIUM POLISHED STEEL,Brand#25,Supplier#000000049,UNITED STATES,AMERICA,649.19,2846,666,Customer#000000666,AUTOMOBILE,4538.54
11271,2,17.00,23774.33,0.08,0.06,REG AIR,DELIVER IN PERSON,sandy sky gainsboro peach cornflower,MEDIUM POLISHED STEEL,Brand#25,Supplier#000000049,UNITED STATES,AMERICA,649.19,2846,669,Customer#000000669,MACHINERY,6019.20
11271,2,17.00,23774.33,0.08,0.06,REG AIR,DELIVER IN PERSON,sandy sky gainsboro peach cornflower,MEDIUM POLISHED STEEL,Brand#25,Supplier#000000049,UNITED STATES,AMERICA,649.19,2846,670,Customer#000000670,BUILDING,6738.93
11271,2,17.00,23774.33,0.08,0.06,REG AIR,DELIVER IN PERSON,sandy sky gainsboro peach cornflower,MEDIUM POLISHED STEEL,Brand#25,Supplier#000000049,UNITED STATES,AMERICA,649.19,2846,672,Customer#000000672,BUILDING,7778.95
11271,2,17.00,23774.33,0.08,0.06,REG AIR,DELIVER IN PERSON,sandy sky gainsboro peach cornflower,MEDIUM POLISHED STEEL,Brand#25,Supplier#000000049,UNITED STATES,AMERICA,649.19,2846,673,Customer#000000673,MACHINERY,3942.58
11271,2,17.00,23774.33,0.08,0.06,REG AIR,DELIVER IN PERSON,sandy sky gainsboro peach cornflower,MEDIUM POLISHED STEEL,Brand#25,Supplier#000000049,UNITED STATES,AMERICA,649.19,2846,674,Customer#000000674,BUILDING,7889.64
11271,2,17.00,23774.33,0.08,0.06,REG AIR,DELIVER IN PERSON,sandy sky gainsboro peach cornflower,MEDIUM POLISHED STEEL,Brand#25,Supplier#000000049,UNITED STATES,AMERICA,649.19,2846,677,Customer#000000677,AUTOMOBILE,5582.63
11271,2,17.00,23774.33,0.08,0.06,REG AIR,DELIVER IN PERSON,sandy sky gainsboro peach cornflower,MEDIUM POLISHED STEEL,Brand#25,Supplier#000000049,UNITED STATES,AMERICA,649.19,2846,679,Customer#000000679,AUTOMOBILE,1394.44
11271,2,17.00,23774.33,0.08,0.06,REG AIR,DELIVER IN PERSON,sandy sky gainsboro peach cornflower,MEDIUM POLISHED STEEL,Brand#25,Supplier#000000049,UNITED STATES,AMERICA,649.19,2846,680,Customer#000000680,AUTOMOBILE,4366.23
11271,2,17.00,23774.33,0.08,0.06,REG AIR,DELIVER IN PERSON,sandy sky gainsboro peach cornflower,MEDIUM POLISHED STEEL,Brand#25,Supplier#000000049,UNITED STATES,AMERICA,649.19,2846,682,Customer#000000682,AUTOMOBILE,7420.60
11271,2,17.00,23774.33,0.08,0.06,REG AIR,DELIVER IN PERSON,sandy sky gainsboro peach cornflower,MEDIUM POLISHED STEEL,Brand#25,Supplier#000000049,UNITED STATES,AMERICA,649.19,2846,683,Customer#000000683,MACHINERY,9120.93
11271,2,17.00,23774.33,0.08,0.06,REG AIR,DELIVER IN PERSON,sandy sky gainsboro peach cornflower,MEDIUM POLISHED STEEL,Brand#25,Supplier#000000049,UNITED STATES,AMERICA,649.19,2846,685,Customer#000000685,MACHINERY,2039.84
11271,2,17.00,23774.33,0.08,0.06,REG AIR,DELIVER IN PERSON,sandy sky gainsboro peach cornflower,MEDIUM POLISHED STEEL,Brand#25,Supplier#000000049,UNITED STATES,AMERICA,649.19,2846,689,Customer#000000689,MACHINERY,1481.24
11271,2,17.00,23774.33,0.08,0.06,REG AIR,DELIVER IN PERSON,sandy sky gainsboro peach cornflower,MEDIUM POLISHED STEEL,Brand#25,Supplier#000000049,UNITED STATES,AMERICA,649.19,2846,691,Customer#000000691,MACHINERY,9566.15
11271,2,17.00,23774.33,0.08,0.06,REG AIR,DELIVER IN PERSON,sandy sky gainsboro peach cornflower,MEDIUM POLISHED STEEL,Brand#25,Supplier#000000049,UNITED STATES,AMERICA,649.19,2846,693,Customer#000000693,AUTOMOBILE,6577.21
11271,2,17.00,23774.33,0.08,0.06,REG AIR,DELIVER IN PERSON,sandy sky gainsboro peach cornflower,MEDIUM POLISHED STEEL,Brand#25,Supplier#000000049,UNITED STATES,AMERICA,649.19,2846,694,Customer#000000694,BUILDING,2222.65
11271,2,17.00,23774.33,0.08,0.06,REG AIR,DELIVER IN PERSON,sandy sky gainsboro peach cornflower,MEDIUM POLISHED STEEL,Brand#25,Supplier#000000049,UNITED STATES,AMERICA,649.19,2846,697,Customer#000000697,AUTOMOBILE,8121.84
11271,2,17.00,23774.33,0.08,0.06,REG AIR,DELIVER IN PERSON,sandy sky gainsboro peach cornflower,MEDIUM POLISHED STEEL,Brand#25,Supplier#000000049,UNITED STATES,AMERICA,649.19,2846,698,Customer#000000698,BUILDING,2894.22
11271,2,17.00,23774.33,0.08,0.06,REG AIR,DELIVER IN PERSON,sandy sky gainsboro peach cornflower,MEDIUM POLISHED STEEL,Brand#25,Supplier#000000049,UNITED STATES,AMERICA,649.19,2846,700,Customer#000000700,MACHINERY,4367.53
11271,2,17.00,23774.33,0.08,0.06,REG AIR,DELIVER IN PERSON,sandy sky gainsboro peach cornflower,MEDIUM POLISHED STEEL,Brand#25,Supplier#000000049,UNITED STATES,AMERICA,649.19,2846,703,Customer#000000703,AUTOMOBILE,3998.42
11271,2,17.00,23774.33,0.08,0.06,REG AIR,DELIVER IN PERSON,sandy sky gainsboro peach cornflower,MEDIUM POLISHED STEEL,Brand#25,Supplier#000000049,UNITED STATES,AMERICA,649.19,2846,705,Customer#000000705,BUILDING,3199.00
11271,2,17.00,23774.33,0.08,0.06,REG AIR,DELIVER IN PERSON,sandy sky gainsboro peach cornflower,MEDIUM POLISHED STEEL,Brand#25,Supplier#000000049,UNITED STATES,AMERICA,649.19,2846,706,Customer#000000706,AUTOMOBILE,6496.08
11271,2,17.00,23774.33,0.08,0.06,REG AIR,DELIVER IN PERSON,sandy sky gainsboro peach cornflower,MEDIUM POLISHED STEEL,Brand#25,Supplier#000000049,UNITED STATES,AMERICA,649.19,2846,708,Customer#000000708,BUILDING,2297.33
11271,2,17.00,23774.33,0.08,0.06,REG AIR,DELIVER IN PERSON,sandy sky gainsboro peach cornflower,MEDIUM POLISHED STEEL,Brand#25,Supplier#000000049,UNITED STATES,AMERICA,649.19,2846,711,Customer#000000711,MACHINERY,9591.51
11271,2,17.00,23774.33,0.08,0.06,REG AIR,DELIVER IN PERSON,sandy sky gainsboro peach cornflower,MEDIUM POLISHED STEEL,Brand#25,Supplier#000000049,UNITED STATES,AMERICA,649.19,2846,712,Customer#000000712,BUILDING,8667.09
11271,2,17.00,23774.33,0.08,0.06,REG AIR,DELIVER IN PERSON,sandy sky gainsboro peach cornflower,MEDIUM POLISHED STEEL,Brand#25,Supplier#000000049,UNITED STATES,AMERICA,649.19,2846,713,Customer#000000713,MACHINERY,3829.03
11271,2,17.00,23774.33,0.08,0.06,REG AIR,DELIVER IN PERSON,sandy sky gainsboro peach cornflower,MEDIUM POLISHED STEEL,Brand#25,Supplier#000000049,UNITED STATES,AMERICA,649.19,2846,714,Customer#000000714,BUILDING,2438.10
11271,2,17.00,23774.33,0.08,0.06,REG AIR,DELIVER IN PERSON,sandy sky gainsboro peach cornflower,MEDIUM POLISHED STEEL,Brand#25,Supplier#000000049,UNITED STATES,AMERICA,649.19,2846,716,Customer#000000716,AUTOMOBILE,8364.99
11271,2,17.00,23774.33,0.08,0.06,REG AIR,DELIVER IN PERSON,sandy sky gainsboro peach cornflower,MEDIUM POLISHED STEEL,Brand#25,Supplier#000000049,UNITED STATES,AMERICA,649.19,2846,717,Customer#000000717,MACHINERY,8510.94
11271,2,17.00,23774.33,0.08,0.06,REG AIR,DELIVER IN PERSON,sandy sky gainsboro peach cornflower,MEDIUM POLISHED STEEL,Brand#25,Supplier#000000049,UNITED STATES,AMERICA,649.19,2846,721,Customer#000000721,AUTOMOBILE,3420.64
11271,2,17.00,23774.33,0.08,0.06,REG AIR,DELIVER IN PERSON,sandy sky gainsboro peach cornflower,MEDIUM POLISHED STEEL,Brand#25,Supplier#000000049,UNITED STATES,AMERICA,649.19,2846,722,Customer#000000722,BUILDING,2724.80
11271,2,17.00,23774.33,0.08,0.06,REG AIR,DELIVER IN PERSON,sandy sky gainsboro peach cornflower,MEDIUM POLISHED STEEL,Brand#25,Supplier#000000049,UNITED STATES,AMERICA,649.19,2846,723,Customer#000000723,BUILDING,738.57
11271,2,17.00,23774.33,0.08,0.06,REG AIR,DELIVER IN PERSON,sandy sky gainsboro peach cornflower,MEDIUM POLISHED STEEL,Brand#25,Supplier#000000049,UNITED STATES,AMERICA,649.19,2846,724,Customer#000000724,AUTOMOBILE,3035.29
11271,2,17.00,23774.33,0.08,0.06,REG AIR,DELIVER IN PERSON,sandy sky gainsboro peach cornflower,MEDIUM POLISHED STEEL,Brand#25,Supplier#000000049,UNITED STATES,AMERICA,649.19,2846,726,Customer#000000726,BUILDING,6253.81
11271,2,17.00,23774.33,0.08,0.06,REG AIR,DELIVER IN PERSON,sandy sky gainsboro peach cornflower,MEDIUM POLISHED STEEL,Brand#25,Supplier#000000049,UNITED STATES,AMERICA,649.19,2846,728,Customer#000000728,BUILDING,4349.73
11271,2,17.00,23774.33,0.08,0.06,REG AIR,DELIVER IN PERSON,sandy sky gainsboro peach cornflower,MEDIUM POLISHED STEEL,Brand#25,Supplier#000000049,UNITED STATES,AMERICA,649.19,2846,729,Customer#000000729,MACHINERY,8947.26
11271,2,17.00,23774.33,0.08,0.06,REG AIR,DELIVER IN PERSON,sandy sky gainsboro peach cornflower,MEDIUM POLISHED STEEL,Brand#25,Supplier#000000049,UNITED STATES,AMERICA,649.19,2846,730,Customer#000000730,AUTOMOBILE,4718.23
11271,2,17.00,23774.33,0.08,0.06,REG AIR,DELIVER IN PERSON,sandy sky gainsboro peach cornflower,MEDIUM POLISHED STEEL,Brand#25,Supplier#000000049,UNITED STATES,AMERICA,649.19,2846,731,Customer#000000731,MACHINERY,9311.17
11271,2,17.00,23774.33,0.08,0.06,REG AIR,DELIVER IN PERSON,sandy sky gainsboro peach cornflower,MEDIUM POLISHED STEEL,Brand#25,Supplier#000000049,UNITED STATES,AMERICA,649.19,2846,732,Customer#000000732,BUILDING,4830.51
11271,2,17.00,23774.33,0.08,0.06,REG AIR,DELIVER IN PERSON,sandy sky gainsboro peach cornflower,MEDIUM POLISHED STEEL,Brand#25,Supplier#000000049,UNITED STATES,AMERICA,649.19,2846,734,Customer#000000734,AUTOMOBILE,9750.71
11271,2,17.00,23774.33,0.08,0.06,REG AIR,DELIVER IN PERSON,sandy sky gainsboro peach cornflower,MEDIUM POLISHED STEEL,Brand#25,Supplier#000000049,UNITED STATES,AMERICA,649.19,2846,736,Customer#000000736,MACHINERY,9114.68
11271,2,17.00,23774.33,0.08,0.06,REG AIR,DELIVER IN PERSON,sandy sky gainsboro peach cornflower,MEDIUM POLISHED STEEL,Brand#25,Supplier#000000049,UNITED STATES,AMERICA,649.19,2846,737,Customer#000000737,AUTOMOBILE,2501.74
11271,2,17.00,23774.33,0.08,0.06,REG AIR,DELIVER IN PERSON,sandy sky gainsboro peach cornflower,MEDIUM POLISHED STEEL,Brand#25,Supplier#000000049,UNITED STATES,AMERICA,649.19,2846,738,Customer#000000738,MACHINERY,2734.95
11271,2,17.00,23774.33,0.08,0.06,REG AIR,DELIVER IN PERSON,sandy sky gainsboro peach cornflower,MEDIUM POLISHED STEEL,Brand#25,Supplier#000000049,UNITED STATES,AMERICA,649.19,2846,740,Customer#000000740,BUILDING,1733.76
11271,2,17.00,23774.33,0.08,0.06,REG AIR,DELIVER IN PERSON,sandy sky gainsboro peach cornflower,MEDIUM POLISHED STEEL,Brand#25,Supplier#000000049,UNITED STATES,AMERICA,649.19,2846,746,Customer#000000746,MACHINERY,1164.46
11271,2,17.00,23774.33,0.08,0.06,REG AIR,DELIVER IN PERSON,sandy sky gainsboro peach cornflower,MEDIUM POLISHED STEEL,Brand#25,Supplier#000000049,UNITED STATES,AMERICA,649.19,2846,748,Customer#000000748,AUTOMOBILE,6959.09
11271,2,17.00,23774.33,0.08,0.06,REG AIR,DELIVER IN PERSON,sandy sky gainsboro peach cornflower,MEDIUM POLISHED STEEL,Brand#25,Supplier#000000049,UNITED STATES,AMERICA,649.19,2846,749,Customer#000000749,MACHINERY,7491.42
12069,5,21.00,33866.91,0.08,0.07,REG AIR,DELIVER IN PERSON,blanched rose royal tomato hot,ECONOMY BRUSHED COPPER,Brand#33,Supplier#000000015,INDIA,ASIA,799.85,4688,1,Customer#000000001,BUILDING,711.56
12069,5,21.00,33866.91,0.08,0.07,REG AIR,DELIVER IN PERSON,blanched rose royal tomato hot,ECONOMY BRUSHED COPPER,Brand#33,Supplier#000000015,INDIA,ASIA,799.85,4688,3,Customer#000000003,AUTOMOBILE,7498.12
12069,5,21.00,33866.91,0.08,0.07,REG AIR,DELIVER IN PERSON,blanched rose royal tomato hot,ECONOMY BRUSHED COPPER,Brand#33,Supplier#000000015,INDIA,ASIA,799.85,4688,4,Customer#000000004,MACHINERY,2866.83
12069,5,21.00,33866.91,0.08,0.07,REG AIR,DELIVER IN PERSON,blanched rose royal tomato hot,ECONOMY BRUSHED COPPER,Brand#33,Supplier#000000015,INDIA,ASIA,799.85,4688,6,Customer#000000006,AUTOMOBILE,7638.57
12069,5,21.00,33866.91,0.08,0.07,REG AIR,DELIVER IN PERSON,blanched rose royal tomato hot,ECONOMY BRUSHED COPPER,Brand#33,Supplier#000000015,INDIA,ASIA,799.85,4688,7,Customer#000000007,AUTOMOBILE,9561.95
12069,5,21.00,33866.91,0.08,0.07,REG AIR,DELIVER IN PERSON,blanched rose royal tomato hot,ECONOMY BRUSHED COPPER,Brand#33,Supplier#000000015,INDIA,ASIA,799.85,4688,8,Customer#000000008,BUILDING,6819.74
12069,5,21.00,33866.91,0.08,0.07,REG AIR,DELIVER IN PERSON,blanched rose royal tomato hot,ECONOMY BRUSHED COPPER,Brand#33,Supplier#000000015,INDIA,ASIA,799.85,4688,13,Customer#000000013,BUILDING,3857.34
12069,5,21.00,33866.91,0.08,0.07,REG AIR,DELIVER IN PERSON,blanched rose royal tomato hot,ECONOMY BRUSHED COPPER,Brand#33,Supplier#000000015,INDIA,ASIA,799.85,4688,18,Customer#000000018,BUILDING,5494.43
12069,5,21.00,33866.91,0.08,0.07,REG AIR,DELIVER IN PERSON,blanched rose royal tomato hot,ECONOMY BRUSHED COPPER,Brand#33,Supplier#000000015,INDIA,ASIA,799.85,4688,21,Customer#000000021,MACHINERY,1428.25
12069,5,21.00,33866.91,0.08,0.07,REG AIR,DELIVER IN PERSON,blanched rose royal tomato hot,ECONOMY BRUSHED COPPER,Brand#33,Supplier#000000015,INDIA,ASIA,799.85,4688,22,Customer#000000022,MACHINERY,591.98
12069,5,21.00,33866.91,0.08,0.07,REG AIR,DELIVER IN PERSON,blanched rose royal tomato hot,ECONOMY BRUSHED COPPER,Brand#33,Supplier#000000015,INDIA,ASIA,799.85,4688,24,Customer#000000024,MACHINERY,9255.67
12069,5,21.00,33866.91,0.08,0.07,REG AIR,DELIVER IN PERSON,blanched rose royal tomato hot,ECONOMY BRUSHED COPPER,Brand#33,Supplier#000000015,INDIA,ASIA,799.85,4688,26,Customer#000000026,AUTOMOBILE,5182.05
12069,5,21.00,33866.91,0.08,0.07,REG AIR,DELIVER IN PERSON,blanched rose royal tomato hot,ECONOMY BRUSHED COPPER,Brand#33,Supplier#000000015,INDIA,ASIA,799.85,4688,27,Customer#000000027,BUILDING,5679.84
12069,5,21.00,33866.91,0.08,0.07,REG AIR,DELIVER IN PERSON,blanched rose royal tomato hot,ECONOMY BRUSHED COPPER,Brand#33,Supplier#000000015,INDIA,ASIA,799.85,4688,30,Customer#000000030,BUILDING,9321.01
12069,5,21.00,33866.91,0.08,0.07,REG AIR,DELIVER IN PERSON,blanched rose royal tomato hot,ECONOMY BRUSHED COPPER,Brand#33,Supplier#000000015,INDIA,ASIA,799.85,4688,32,Customer#000000032,BUILDING,3471.53
12069,5,21.00,33866.91,0.08,0.07,REG AIR,DELIVER IN PERSON,blanched rose royal tomato hot,ECONOMY BRUSHED COPPER,Brand#33,Supplier#000000015,INDIA,ASIA,799.85,4688,36,Customer#000000036,BUILDING,4987.27
12069,5,21.00,33866.91,0.08,0.07,REG AIR,DELIVER IN PERSON,blanched rose royal tomato hot,ECONOMY BRUSHED COPPER,Brand#33,Supplier#000000015,INDIA,ASIA,799.85,4688,39,Customer#000000039,AUTOMOBILE,6264.31
12069,5,21.00,33866.91,0.08,0.07,REG AIR,DELIVER IN PERSON,blanched rose royal tomato hot,ECONOMY BRUSHED COPPER,Brand#33,Supplier#000000015,INDIA,ASIA,799.85,4688,40,Customer#000000040,BUILDING,1335.30
12069,5,21.00,33866.91,0.08,0.07,REG AIR,DELIVER IN PERSON,blanched rose royal tomato hot,ECONOMY BRUSHED COPPER,Brand#33,Supplier#000000015,INDIA,ASIA,799.85,4688,42,Customer#000000042,BUILDING,8727.01
12069,5,21.00,33866.91,0.08,0.07,REG AIR,DELIVER IN PERSON,blanched rose royal tomato hot,ECONOMY BRUSHED COPPER,Brand#33,Supplier#000000015,INDIA,ASIA,799.85,4688,43,Customer#000000043,MACHINERY,9904.28
12069,5,21.00,33866.91,0.08,0.07,REG AIR,DELIVER IN PERSON,blanched rose royal tomato hot,ECONOMY BRUSHED COPPER,Brand#33,Supplier#000000015,INDIA,ASIA,799.85,4688,44,Customer#000000044,AUTOMOBILE,7315.94
12069,5,21.00,33866.91,0.08,0.07,REG AIR,DELIVER IN PERSON,blanched rose royal tomato hot,ECONOMY BRUSHED COPPER,Brand#33,Supplier#000000015,INDIA,ASIA,799.85,4688,45,Customer#000000045,AUTOMOBILE,9983.38
12069,5,21.00,33866.91,0.08,0.07,REG AIR,DELIVER IN PERSON,blanched rose royal tomato hot,ECONOMY BRUSHED COPPER,Brand#33,Supplier#000000015,INDIA,ASIA,799.85,4688,46,Customer#000000046,AUTOMOBILE,5744.59
12069,5,21.00,33866.91,0.08,0.07,REG AIR,DELIVER IN PERSON,blanched rose royal tomato hot,ECONOMY BRUSHED COPPER,Brand#33,Supplier#000000015,INDIA,ASIA,799.85,4688,48,Customer#000000048,BUILDING,3792.50
12069,5,21.00,33866.91,0.08,0.07,REG AIR,DELIVER IN PERSON,blanched rose royal tomato hot,ECONOMY BRUSHED COPPER,Brand#33,Supplier#000000015,INDIA,ASIA,799.85,4688,50,Customer#000000050,MACHINERY,4266.13
12069,5,21.00,33866.91,0.08,0.07,REG AIR,DELIVER IN PERSON,blanched rose royal tomato hot,ECONOMY BRUSHED COPPER,Brand#33,Supplier#000000015,INDIA,ASIA,799.85,4688,54,Customer#000000054,AUTOMOBILE,868.90
12069,5,21.00,33866.91,0.08,0.07,REG AIR,DELIVER IN PERSON,blanched rose royal tomato hot,ECONOMY BRUSHED COPPER,Brand#33,Supplier#000000015,INDIA,ASIA,799.85,4688,55,Customer#000000055,MACHINERY,4572.11
12069,5,21.00,33866.91,0.08,0.07,REG AIR,DELIVER IN PERSON,blanched rose royal tomato hot,ECONOMY BRUSHED COPPER,Brand#33,Supplier#000000015,INDIA,ASIA,799.85,4688,57,Customer#000000057,AUTOMOBILE,4151.93
12069,5,21.00,33866.91,0.08,0.07,REG AIR,DELIVER IN PERSON,blanched rose royal tomato hot,ECONOMY BRUSHED COPPER,Brand#33,Supplier#000000015,INDIA,ASIA,799.85,4688,59,Customer#000000059,MACHINERY,3458.60
12069,5,21.00,33866.91,0.08,0.07,REG AIR,DELIVER IN PERSON,blanched rose royal tomato hot,ECONOMY BRUSHED COPPER,Brand#33,Supplier#000000015,INDIA,ASIA,799.85,4688,60,Customer#000000060,MACHINERY,2741.87
12069,5,21.00,33866.91,0.08,0.07,REG AIR,DELIVER IN PERSON,blanched rose royal tomato hot,ECONOMY BRUSHED COPPER,Brand#33,Supplier#000000015,INDIA,ASIA,799.85,4688,62,Customer#000000062,MACHINERY,595.61
12069,5,21.00,33866.91,0.08,0.07,REG AIR,DELIVER IN PERSON,blanched rose royal tomato hot,ECONOMY BRUSHED COPPER,Brand#33,Supplier#000000015,INDIA,ASIA,799.85,4688,63,Customer#000000063,AUTOMOBILE,9331.13
12069,5,21.00,33866.91,0.08,0.07,REG AIR,DELIVER IN PERSON,blanched rose royal tomato hot,ECONOMY BRUSHED COPPER,Brand#33,Supplier#000000015,INDIA,ASIA,799.85,4688,65,Customer#000000065,AUTOMOBILE,8795.16
12069,5,21.00,33866.91,0.08,0.07,REG AIR,DELIVER IN PERSON,blanched rose royal tomato hot,ECONOMY BRUSHED COPPER,Brand#33,Supplier#000000015,INDIA,ASIA,799.85,4688,67,Customer#000000067,MACHINERY,8166.59
12069,5,21.00,33866.91,0.08,0.07,REG AIR,DELIVER IN PERSON,blanched rose royal tomato hot,ECONOMY BRUSHED COPPER,Brand#33,Supplier#000000015,INDIA,ASIA,799.85,4688,73,Customer#000000073,BUILDING,4288.50
12069,5,21.00,33866.91,0.08,0.07,REG AIR,DELIVER IN PERSON,blanched rose royal tomato hot,ECONOMY BRUSHED COPPER,Brand#33,Supplier#000000015,INDIA,ASIA,799.85,4688,74,Customer#000000074,MACHINERY,2764.43
12069,5,21.00,33866.91,0.08,0.07,REG AIR,DELIVER IN PERSON,blanched rose royal tomato hot,ECONOMY BRUSHED COPPER,Brand#33,Supplier#000000015,INDIA,ASIA,799.85,4688,75,Customer#000000075,AUTOMOBILE,6684.10
12069,5,21.00,33866.91,0.08,0.07,REG AIR,DELIVER IN PERSON,blanched rose royal tomato hot,ECONOMY BRUSHED COPPER,Brand#33,Supplier#000000015,INDIA,ASIA,799.85,4688,77,Customer#000000077,BUILDING,1738.87
12069,5,21.00,33866.91,0.08,0.07,REG AIR,DELIVER IN PERSON,blanched rose royal tomato hot,ECONOMY BRUSHED COPPER,Brand#33,Supplier#000000015,INDIA,ASIA,799.85,4688,79,Customer#000000079,MACHINERY,5121.28
12069,5,21.00,33866.91,0.08,0.07,REG AIR,DELIVER IN PERSON,blanched rose royal tomato hot,ECONOMY BRUSHED COPPER,Brand#33,Supplier#000000015,INDIA,ASIA,799.85,4688,81,Customer#000000081,BUILDING,2023.71
12069,5,21.00,33866.91,0.08,0.07,REG AIR,DELIVER IN PERSON,blanched rose royal tomato hot,ECONOMY BRUSHED COPPER,Brand#33,Supplier#000000015,INDIA,ASIA,799.85,4688,82,Customer#000000082,AUTOMOBILE,9468.34
12069,5,21.00,33866.91,0.08,0.07,REG AIR,DELIVER IN PERSON,blanched rose royal tomato hot,ECONOMY BRUSHED COPPER,Brand#33,Supplier#000000015,INDIA,ASIA,799.85,4688,83,Customer#000000083,BUILDING,6463.51
12069,5,21.00,33866.91,0.08,0.07,REG AIR,DELIVER IN PERSON,blanched rose royal tomato hot,ECONOMY BRUSHED COPPER,Brand#33,Supplier#000000015,INDIA,ASIA,799.85,4688,88,Customer#000000088,AUTOMOBILE,8031.44
12069,5,21.00,33866.91,0.08,0.07,REG AIR,DELIVER IN PERSON,blanched rose royal tomato hot,ECONOMY BRUSHED COPPER,Brand#33,Supplier#000000015,INDIA,ASIA,799.85,4688,90,Customer#000000090,BUILDING,7354.23
12069,5,21.00,33866.91,0.08,0.07,REG AIR,DELIVER IN PERSON,blanched rose royal tomato hot,ECONOMY BRUSHED COPPER,Brand#33,Supplier#000000015,INDIA,ASIA,799.85,4688,91,Customer#000000091,AUTOMOBILE,4643.14
12069,5,21.00,33866.91,0.08,0.07,REG AIR,DELIVER IN PERSON,blanched rose royal tomato hot,ECONOMY BRUSHED COPPER,Brand#33,Supplier#000000015,INDIA,ASIA,799.85,4688,92,Customer#000000092,MACHINERY,1182.91
12069,5,21.00,33866.91,0.08,0.07,REG AIR,DELIVER IN PERSON,blanched rose royal tomato hot,ECONOMY BRUSHED COPPER,Brand#33,Supplier#000000015,INDIA,ASIA,799.85,4688,93,Customer#000000093,MACHINERY,2182.52
12069,5,21.00,33866.91,0.08,0.07,REG AIR,DELIVER IN PERSON,blanched rose royal tomato hot,ECONOMY BRUSHED COPPER,Brand#33,Supplier#000000015,INDIA,ASIA,799.85,4688,95,Customer#000000095,MACHINERY,5327.38
12069,5,21.00,33866.91,0.08,0.07,REG AIR,DELIVER IN PERSON,blanched rose royal tomato hot,ECONOMY BRUSHED COPPER,Brand#33,Supplier#000000015,INDIA,ASIA,799.85,4688,97,Customer#000000097,AUTOMOBILE,2164.48
12069,5,21.00,33866.91,0.08,0.07,REG AIR,DELIVER IN PERSON,blanched rose royal tomato hot,ECONOMY BRUSHED COPPER,Brand#33,Supplier#000000015,INDIA,ASIA,799.85,4688,101,Customer#000000101,MACHINERY,7470.96
12069,5,21.00,33866.91,0.08,0.07,REG AIR,DELIVER IN PERSON,blanched rose royal tomato hot,ECONOMY BRUSHED COPPER,Brand#33,Supplier#000000015,INDIA,ASIA,799.85,4688,102,Customer#000000102,BUILDING,8462.17
12069,5,21.00,33866.91,0.08,0.07,REG AIR,DELIVER IN PERSON,blanched rose royal tomato hot,ECONOMY BRUSHED COPPER,Brand#33,Supplier#000000015,INDIA,ASIA,799.85,4688,103,Customer#000000103,BUILDING,2757.45
12069,5,21.00,33866.91,0.08,0.07,REG AIR,DELIVER IN PERSON,blanched rose royal tomato hot,ECONOMY BRUSHED COPPER,Brand#33,Supplier#000000015,INDIA,ASIA,799.85,4688,105,Customer#000000105,MACHINERY,9091.82
12069,5,21.00,33866.91,0.08,0.07,REG AIR,DELIVER IN PERSON,blanched rose royal tomato hot,ECONOMY BRUSHED COPPER,Brand#33,Supplier#000000015,INDIA,ASIA,799.85,4688,106,Customer#000000106,MACHINERY,3288.42
12069,5,21.00,33866.91,0.08,0.07,REG AIR,DELIVER IN PERSON,blanched rose royal tomato hot,ECONOMY BRUSHED COPPER,Brand#33,Supplier#000000015,INDIA,ASIA,799.85,4688,107,Customer#000000107,AUTOMOBILE,2514.15
12069,5,21.00,33866.91,0.08,0.07,REG AIR,DELIVER IN PERSON,blanched rose royal tomato hot,ECONOMY BRUSHED COPPER,Brand#33,Supplier#000000015,INDIA,ASIA,799.85,4688,108,Customer#000000108,BUILDING,2259.38
12069,5,21.00,33866.91,0.08,0.07,REG AIR,DELIVER IN PERSON,blanched rose royal tomato hot,ECONOMY BRUSHED COPPER,Brand#33,Supplier#000000015,INDIA,ASIA,799.85,4688,110,Customer#000000110,AUTOMOBILE,7462.99
12069,5,21.00,33866.91,0.08,0.07,REG AIR,DELIVER IN PERSON,blanched rose royal tomato hot,ECONOMY BRUSHED COPPER,Brand#33,Supplier#000000015,INDIA,ASIA,799.85,4688,111,Customer#000000111,MACHINERY,6505.26
12069,5,21.00,33866.91,0.08,0.07,REG AIR,DELIVER IN PERSON,blanched rose royal tomato hot,ECONOMY BRUSHED COPPER,Brand#33,Supplier#000000015,INDIA,ASIA,799.85,4688,113,Customer#000000113,BUILDING,2912.00
12069,5,21.00,33866.91,0.08,0.07,REG AIR,DELIVER IN PERSON,blanched rose royal tomato hot,ECONOMY BRUSHED COPPER,Brand#33,Supplier#000000015,INDIA,ASIA,799.85,4688,116,Customer#000000116,BUILDING,8403.99
12069,5,21.00,33866.91,0.08,0.07,REG AIR,DELIVER IN PERSON,blanched rose royal tomato hot,ECONOMY BRUSHED COPPER,Brand#33,Supplier#000000015,INDIA,ASIA,799.85,4688,121,Customer#000000121,BUILDING,6428.32
12069,5,21.00,33866.91,0.08,0.07,REG AIR,DELIVER IN PERSON,blanched rose royal tomato hot,ECONOMY BRUSHED COPPER,Brand#33,Supplier#000000015,INDIA,ASIA,799.85,4688,123,Customer#000000123,BUILDING,5897.83
12069,5,21.00,33866.91,0.08,0.07,REG AIR,DELIVER IN PERSON,blanched rose royal tomato hot,ECONOMY BRUSHED COPPER,Brand#33,Supplier#000000015,INDIA,ASIA,799.85,4688,124,Customer#000000124,AUTOMOBILE,1842.49
12069,5,21.00,33866.91,0.08,0.07,REG AIR,DELIVER IN PERSON,blanched rose royal tomato hot,ECONOMY BRUSHED COPPER,Brand#33,Supplier#000000015,INDIA,ASIA,799.85,4688,127,Customer#000000127,MACHINERY,9280.71
12069,5,21.00,33866.91,0.08,0.07,REG AIR,DELIVER IN PERSON,blanched rose royal tomato hot,ECONOMY BRUSHED COPPER,Brand#33,Supplier#000000015,INDIA,ASIA,799.85,4688,133,Customer#000000133,AUTOMOBILE,2314.67
12069,5,21.00,33866.91,0.08,0.07,REG AIR,DELIVER IN PERSON,blanched rose royal tomato hot,ECONOMY BRUSHED COPPER,Brand#33,Supplier#000000015,INDIA,ASIA,799.85,4688,134,Customer#000000134,BUILDING,4608.90
12069,5,21.00,33866.91,0.08,0.07,REG AIR,DELIVER IN PERSON,blanched rose royal tomato hot,ECONOMY BRUSHED COPPER,Brand#33,Supplier#000000015,INDIA,ASIA,799.85,4688,139,Customer#000000139,MACHINERY,7897.78
12069,5,21.00,33866.91,0.08,0.07,REG AIR,DELIVER IN PERSON,blanched rose royal tomato hot,ECONOMY BRUSHED COPPER,Brand#33,Supplier#000000015,INDIA,ASIA,799.85,4688,140,Customer#000000140,MACHINERY,9963.15
12069,5,21.00,33866.91,0.08,0.07,REG AIR,DELIVER IN PERSON,blanched rose royal tomato hot,ECONOMY BRUSHED COPPER,Brand#33,Supplier#000000015,INDIA,ASIA,799.85,4688,142,Customer#000000142,AUTOMOBILE,2209.81
12069,5,21.00,33866.91,0.08,0.07,REG AIR,DELIVER IN PERSON,blanched rose royal tomato hot,ECONOMY BRUSHED COPPER,Brand#33,Supplier#000000015,INDIA,ASIA,799.85,4688,143,Customer#000000143,MACHINERY,2186.50
12069,5,21.00,33866.91,0.08,0.07,REG AIR,DELIVER IN PERSON,blanched rose royal tomato hot,ECONOMY BRUSHED COPPER,Brand#33,Supplier#000000015,INDIA,ASIA,799.85,4688,144,Customer#000000144,MACHINERY,6417.31
12069,5,21.00,33866.91,0.08,0.07,REG AIR,DELIVER IN PERSON,blanched rose royal tomato hot,ECONOMY BRUSHED COPPER,Brand#33,Supplier#000000015,INDIA,ASIA,799.85,4688,149,Customer#000000149,AUTOMOBILE,8959.65
12069,5,21.00,33866.91,0.08,0.07,REG AIR,DELIVER IN PERSON,blanched rose royal tomato hot,ECONOMY BRUSHED COPPER,Brand#33,Supplier#000000015,INDIA,ASIA,799.85,4688,150,Customer#000000150,MACHINERY,3849.48
12069,5,21.00,33866.91,0.08,0.07,REG AIR,DELIVER IN PERSON,blanched rose royal tomato hot,ECONOMY BRUSHED COPPER,Brand#33,Supplier#000000015,INDIA,ASIA,799.85,4688,152,Customer#000000152,BUILDING,1215.18
12069,5,21.00,33866.91,0.08,0.07,REG AIR,DELIVER IN PERSON,blanched rose royal tomato hot,ECONOMY BRUSHED COPPER,Brand#33,Supplier#000000015,INDIA,ASIA,799.85,4688,155,Customer#000000155,AUTOMOBILE,5902.85
12069,5,21.00,33866.91,0.08,0.07,REG AIR,DELIVER IN PERSON,blanched rose royal tomato hot,ECONOMY BRUSHED COPPER,Brand#33,Supplier#000000015,INDIA,ASIA,799.85,4688,156,Customer#000000156,AUTOMOBILE,9302.95
12069,5,21.00,33866.91,0.08,0.07,REG AIR,DELIVER IN PERSON,blanched rose royal tomato hot,ECONOMY BRUSHED COPPER,Brand#33,Supplier#000000015,INDIA,ASIA,799.85,4688,157,Customer#000000157,BUILDING,9768.73
12069,5,21.00,33866.91,0.08,0.07,REG AIR,DELIVER IN PERSON,blanched rose royal tomato hot,ECONOMY BRUSHED COPPER,Brand#33,Supplier#000000015,INDIA,ASIA,799.85,4688,158,Customer#000000158,AUTOMOBILE,6160.95
12069,5,21.00,33866.91,0.08,0.07,REG AIR,DELIVER IN PERSON,blanched rose royal tomato hot,ECONOMY BRUSHED COPPER,Brand#33,Supplier#000000015,INDIA,ASIA,799.85,4688,160,Customer#000000160,MACHINERY,4363.17
12069,5,21.00,33866.91,0.08,0.07,REG AIR,DELIVER IN PERSON,blanched rose royal tomato hot,ECONOMY BRUSHED COPPER,Brand#33,Supplier#000000015,INDIA,ASIA,799.85,4688,161,Customer#000000161,MACHINERY,3714.06
12069,5,21.00,33866.91,0.08,0.07,REG AIR,DELIVER IN PERSON,blanched rose royal tomato hot,ECONOMY BRUSHED COPPER,Brand#33,Supplier#000000015,INDIA,ASIA,799.85,4688,162,Customer#000000162,MACHINERY,6268.99
12069,5,21.00,33866.91,0.08,0.07,REG AIR,DELIVER IN PERSON,blanched rose royal tomato hot,ECONOMY BRUSHED COPPER,Brand#33,Supplier#000000015,INDIA,ASIA,799.85,4688,167,Customer#000000167,AUTOMOBILE,1468.09
12069,5,21.00,33866.91,0.08,0.07,REG AIR,DELIVER IN PERSON,blanched rose royal tomato hot,ECONOMY BRUSHED COPPER,Brand#33,Supplier#000000015,INDIA,ASIA,799.85,4688,170,Customer#000000170,BUILDING,7687.89
12069,5,21.00,33866.91,0.08,0.07,REG AIR,DELIVER IN PERSON,blanched rose royal tomato hot,ECONOMY BRUSHED COPPER,Brand#33,Supplier#000000015,INDIA,ASIA,799.85,4688,171,Customer#000000171,MACHINERY,2379.91
12069,5,21.00,33866.91,0.08,0.07,REG AIR,DELIVER IN PERSON,blanched rose royal tomato hot,ECONOMY BRUSHED COPPER,Brand#33,Supplier#000000015,INDIA,ASIA,799.85,4688,172,Customer#000000172,MACHINERY,1134.40
12069,5,21.00,33866.91,0.08,0.07,REG AIR,DELIVER IN PERSON,blanched rose royal tomato hot,ECONOMY BRUSHED COPPER,Brand#33,Supplier#000000015,INDIA,ASIA,799.85,4688,173,Customer#000000173,BUILDING,845.84
12069,5,21.00,33866.91,0.08,0.07,REG AIR,DELIVER IN PERSON,blanched rose royal tomato hot,ECONOMY BRUSHED COPPER,Brand#33,Supplier#000000015,INDIA,ASIA,799.85,4688,177,Customer#000000177,BUILDING,7457.50
12069,5,21.00,33866.91,0.08,0.07,REG AIR,DELIVER IN PERSON,blanched rose royal tomato hot,ECONOMY BRUSHED COPPER,Brand#33,Supplier#000000015,INDIA,ASIA,799.85,4688,182,Customer#000000182,AUTOMOBILE,4810.22
12069,5,21.00,33866.91,0.08,0.07,REG AIR,DELIVER IN PERSON,blanched rose royal tomato hot,ECONOMY BRUSHED COPPER,Brand#33,Supplier#000000015,INDIA,ASIA,799.85,4688,185,Customer#000000185,BUILDING,2788.76
12069,5,21.00,33866.91,0.08,0.07,REG AIR,DELIVER IN PERSON,blanched rose royal tomato hot,ECONOMY BRUSHED COPPER,Brand#33,Supplier#000000015,INDIA,ASIA,799.85,4688,188,Customer#000000188,BUILDING,9533.37
12069,5,21.00,33866.91,0.08,0.07,REG AIR,DELIVER IN PERSON,blanched rose royal tomato hot,ECONOMY BRUSHED COPPER,Brand#33,Supplier#000000015,INDIA,ASIA,799.85,4688,190,Customer#000000190,AUTOMOBILE,1657.46
12069,5,21.00,33866.91,0.08,0.07,REG AIR,DELIVER IN PERSON,blanched rose royal tomato hot,ECONOMY BRUSHED COPPER,Brand#33,Supplier#000000015,INDIA,ASIA,799.85,4688,191,Customer#000000191,BUILDING,2945.16
12069,5,21.00,33866.91,0.08,0.07,REG AIR,DELIVER IN PERSON,blanched rose royal tomato hot,ECONOMY BRUSHED COPPER,Brand#33,Supplier#000000015,INDIA,ASIA,799.85,4688,192,Customer#000000192,MACHINERY,8239.96
12069,5,21.00,33866.91,0.08,0.07,REG AIR,DELIVER IN PERSON,blanched rose royal tomato hot,ECONOMY BRUSHED COPPER,Brand#33,Supplier#000000015,INDIA,ASIA,799.85,4688,193,Customer#000000193,MACHINERY,8024.55
12069,5,21.00,33866.91,0.08,0.07,REG AIR,DELIVER IN PERSON,blanched rose royal tomato hot,ECONOMY BRUSHED COPPER,Brand#33,Supplier#000000015,INDIA,ASIA,799.85,4688,198,Customer#000000198,AUTOMOBILE,3824.76
12069,5,21.00,33866.91,0.08,0.07,REG AIR,DELIVER IN PERSON,blanched rose royal tomato hot,ECONOMY BRUSHED COPPER,Brand#33,Supplier#000000015,INDIA,ASIA,799.85,4688,200,Customer#000000200,BUILDING,9967.60
12069,5,21.00,33866.91,0.08,0.07,REG AIR,DELIVER IN PERSON,blanched rose royal tomato hot,ECONOMY BRUSHED COPPER,Brand#33,Supplier#000000015,INDIA,ASIA,799.85,4688,201,Customer#000000201,MACHINERY,4614.40
12069,5,21.00,33866.91,0.08,0.07,REG AIR,DELIVER IN PERSON,blanched rose royal tomato hot,ECONOMY BRUSHED COPPER,Brand#33,Supplier#000000015,INDIA,ASIA,799.85,4688,202,Customer#000000202,AUTOMOBILE,2237.64
12069,5,21.00,33866.91,0.08,0.07,REG AIR,DELIVER IN PERSON,blanched rose royal tomato hot,ECONOMY BRUSHED COPPER,Brand#33,Supplier#000000015,INDIA,ASIA,799.85,4688,203,Customer#000000203,MACHINERY,7960.63
12069,5,21.00,33866.91,0.08,0.07,REG AIR,DELIVER IN PERSON,blanched rose royal tomato hot,ECONOMY BRUSHED COPPER,Brand#33,Supplier#000000015,INDIA,ASIA,799.85,4688,205,Customer#000000205,BUILDING,7161.52
12069,5,21.00,33866.91,0.08,0.07,REG AIR,DELIVER IN PERSON,blanched rose royal tomato hot,ECONOMY BRUSHED COPPER,Brand#33,Supplier#000000015,INDIA,ASIA,799.85,4688,208,Customer#000000208,MACHINERY,6239.89
12069,5,21.00,33866.91,0.08,0.07,REG AIR,DELIVER IN PERSON,blanched rose royal tomato hot,ECONOMY BRUSHED COPPER,Brand#33,Supplier#000000015,INDIA,ASIA,799.85,4688,211,Customer#000000211,BUILDING,4198.72
12069,5,21.00,33866.91,0.08,0.07,REG AIR,DELIVER IN PERSON,blanched rose royal tomato hot,ECONOMY BRUSHED COPPER,Brand#33,Supplier#000000015,INDIA,ASIA,799.85,4688,212,Customer#000000212,BUILDING,957.58
12069,5,21.00,33866.91,0.08,0.07,REG AIR,DELIVER IN PERSON,blanched rose royal tomato hot,ECONOMY BRUSHED COPPER,Brand#33,Supplier#000000015,INDIA,ASIA,799.85,4688,214,Customer#000000214,MACHINERY,1526.59
12069,5,21.00,33866.91,0.08,0.07,REG AIR,DELIVER IN PERSON,blanched rose royal tomato hot,ECONOMY BRUSHED COPPER,Brand#33,Supplier#000000015,INDIA,ASIA,799.85,4688,218,Customer#000000218,MACHINERY,9541.19
12069,5,21.00,33866.91,0.08,0.07,REG AIR,DELIVER IN PERSON,blanched rose royal tomato hot,ECONOMY BRUSHED COPPER,Brand#33,Supplier#000000015,INDIA,ASIA,799.85,4688,219,Customer#000000219,AUTOMOBILE,9858.57
12069,5,21.00,33866.91,0.08,0.07,REG AIR,DELIVER IN PERSON,blanched rose royal tomato hot,ECONOMY BRUSHED COPPER,Brand#33,Supplier#000000015,INDIA,ASIA,799.85,4688,220,Customer#000000220,BUILDING,9131.64
12069,5,21.00,33866.91,0.08,0.07,REG AIR,DELIVER IN PERSON,blanched rose royal tomato hot,ECONOMY BRUSHED COPPER,Brand#33,Supplier#000000015,INDIA,ASIA,799.85,4688,221,Customer#000000221,BUILDING,1609.39
12069,5,21.00,33866.91,0.08,0.07,REG AIR,DELIVER IN PERSON,blanched rose royal tomato hot,ECONOMY BRUSHED COPPER,Brand#33,Supplier#000000015,INDIA,ASIA,799.85,4688,222,Customer#000000222,BUILDING,8893.76
12069,5,21.00,33866.91,0.08,0.07,REG AIR,DELIVER IN PERSON,blanched rose royal tomato hot,ECONOMY BRUSHED COPPER,Brand#33,Supplier#000000015,INDIA,ASIA,799.85,4688,223,Customer#000000223,BUILDING,7476.20
12069,5,21.00,33866.91,0.08,0.07,REG AIR,DELIVER IN PERSON,blanched rose royal tomato hot,ECONOMY BRUSHED COPPER,Brand#33,Supplier#000000015,INDIA,ASIA,799.85,4688,224,Customer#000000224,BUILDING,8465.15
12069,5,21.00,33866.91,0.08,0.07,REG AIR,DELIVER IN PERSON,blanched rose royal tomato hot,ECONOMY BRUSHED COPPER,Brand#33,Supplier#000000015,INDIA,ASIA,799.85,4688,225,Customer#000000225,AUTOMOBILE,8893.20
12069,5,21.00,33866.91,0.08,0.07,REG AIR,DELIVER IN PERSON,blanched rose royal tomato hot,ECONOMY BRUSHED COPPER,Brand#33,Supplier#000000015,INDIA,ASIA,799.85,4688,226,Customer#000000226,AUTOMOBILE,9008.61
12069,5,21.00,33866.91,0.08,0.07,REG AIR,DELIVER IN PERSON,blanched rose royal tomato hot,ECONOMY BRUSHED COPPER,Brand#33,Supplier#000000015,INDIA,ASIA,799.85,4688,227,Customer#000000227,MACHINERY,1808.23
12069,5,21.00,33866.91,0.08,0.07,REG AIR,DELIVER IN PERSON,blanched rose royal tomato hot,ECONOMY BRUSHED COPPER,Brand#33,Supplier#000000015,INDIA,ASIA,799.85,4688,230,Customer#000000230,MACHINERY,1682.83
12069,5,21.00,33866.91,0.08,0.07,REG AIR,DELIVER IN PERSON,blanched rose royal tomato hot,ECONOMY BRUSHED COPPER,Brand#33,Supplier#000000015,INDIA,ASIA,799.85,4688,234,Customer#000000234,AUTOMOBILE,8383.51
12069,5,21.00,33866.91,0.08,0.07,REG AIR,DELIVER IN PERSON,blanched rose royal tomato hot,ECONOMY BRUSHED COPPER,Brand#33,Supplier#000000015,INDIA,ASIA,799.85,4688,235,Customer#000000235,AUTOMOBILE,754.41
12069,5,21.00,33866.91,0.08,0.07,REG AIR,DELIVER IN PERSON,blanched rose royal tomato hot,ECONOMY BRUSHED COPPER,Brand#33,Supplier#000000015,INDIA,ASIA,799.85,4688,236,Customer#000000236,AUTOMOBILE,5384.59
12069,5,21.00,33866.91,0.08,0.07,REG AIR,DELIVER IN PERSON,blanched rose royal tomato hot,ECONOMY BRUSHED COPPER,Brand#33,Supplier#000000015,INDIA,ASIA,799.85,4688,240,Customer#000000240,MACHINERY,7139.68
12069,5,21.00,33866.91,0.08,0.07,REG AIR,DELIVER IN PERSON,blanched rose royal tomato hot,ECONOMY BRUSHED COPPER,Brand#33,Supplier#000000015,INDIA,ASIA,799.85,4688,241,Customer#000000241,AUTOMOBILE,6569.34
12069,5,21.00,33866.91,0.08,0.07,REG AIR,DELIVER IN PERSON,blanched rose royal tomato hot,ECONOMY BRUSHED COPPER,Brand#33,Supplier#000000015,INDIA,ASIA,799.85,4688,242,Customer#000000242,MACHINERY,1975.41
12069,5,21.00,33866.91,0.08,0.07,REG AIR,DELIVER IN PERSON,blanched rose royal tomato hot,ECONOMY BRUSHED COPPER,Brand#33,Supplier#000000015,INDIA,ASIA,799.85,4688,243,Customer#000000243,AUTOMOBILE,620.73
12069,5,21.00,33866.91,0.08,0.07,REG AIR,DELIVER IN PERSON,blanched rose royal tomato hot,ECONOMY BRUSHED COPPER,Brand#33,Supplier#000000015,INDIA,ASIA,799.85,4688,245,Customer#000000245,MACHINERY,3720.15
12069,5,21.00,33866.91,0.08,0.07,REG AIR,DELIVER IN PERSON,blanched rose royal tomato hot,ECONOMY BRUSHED COPPER,Brand#33,Supplier#000000015,INDIA,ASIA,799.85,4688,246,Customer#000000246,AUTOMOBILE,9584.96
12069,5,21.00,33866.91,0.08,0.07,REG AIR,DELIVER IN PERSON,blanched rose royal tomato hot,ECONOMY BRUSHED COPPER,Brand#33,Supplier#000000015,INDIA,ASIA,799.85,4688,253,Customer#000000253,AUTOMOBILE,9139.52
12069,5,21.00,33866.91,0.08,0.07,REG AIR,DELIVER IN PERSON,blanched rose royal tomato hot,ECONOMY BRUSHED COPPER,Brand#33,Supplier#000000015,INDIA,ASIA,799.85,4688,254,Customer#000000254,MACHINERY,1915.35
12069,5,21.00,33866.91,0.08,0.07,REG AIR,DELIVER IN PERSON,blanched rose royal tomato hot,ECONOMY BRUSHED COPPER,Brand#33,Supplier#000000015,INDIA,ASIA,799.85,4688,255,Customer#000000255,BUILDING,3196.07
12069,5,21.00,33866.91,0.08,0.07,REG AIR,DELIVER IN PERSON,blanched rose royal tomato hot,ECONOMY BRUSHED COPPER,Brand#33,Supplier#000000015,INDIA,ASIA,799.85,4688,258,Customer#000000258,MACHINERY,6022.27
12069,5,21.00,33866.91,0.08,0.07,REG AIR,DELIVER IN PERSON,blanched rose royal tomato hot,ECONOMY BRUSHED COPPER,Brand#33,Supplier#000000015,INDIA,ASIA,799.85,4688,260,Customer#000000260,MACHINERY,9196.11
12069,5,21.00,33866.91,0.08,0.07,REG AIR,DELIVER IN PERSON,blanched rose royal tomato hot,ECONOMY BRUSHED COPPER,Brand#33,Supplier#000000015,INDIA,ASIA,799.85,4688,262,Customer#000000262,AUTOMOBILE,1561.80
12069,5,21.00,33866.91,0.08,0.07,REG AIR,DELIVER IN PERSON,blanched rose royal tomato hot,ECONOMY BRUSHED COPPER,Brand#33,Supplier#000000015,INDIA,ASIA,799.85,4688,264,Customer#000000264,MACHINERY,3195.83
12069,5,21.00,33866.91,0.08,0.07,REG AIR,DELIVER IN PERSON,blanched rose royal tomato hot,ECONOMY BRUSHED COPPER,Brand#33,Supplier#000000015,INDIA,ASIA,799.85,4688,265,Customer#000000265,MACHINERY,8275.80
12069,5,21.00,33866.91,0.08,0.07,REG AIR,DELIVER IN PERSON,blanched rose royal tomato hot,ECONOMY BRUSHED COPPER,Brand#33,Supplier#000000015,INDIA,ASIA,799.85,4688,267,Customer#000000267,AUTOMOBILE,3166.94
12069,5,21.00,33866.91,0.08,0.07,REG AIR,DELIVER IN PERSON,blanched rose royal tomato hot,ECONOMY BRUSHED COPPER,Brand#33,Supplier#000000015,INDIA,ASIA,799.85,4688,268,Customer#000000268,MACHINERY,6821.01
12069,5,21.00,33866.91,0.08,0.07,REG AIR,DELIVER IN PERSON,blanched rose royal tomato hot,ECONOMY BRUSHED COPPER,Brand#33,Supplier#000000015,INDIA,ASIA,799.85,4688,269,Customer#000000269,MACHINERY,7667.35
12069,5,21.00,33866.91,0.08,0.07,REG AIR,DELIVER IN PERSON,blanched rose royal tomato hot,ECONOMY BRUSHED COPPER,Brand#33,Supplier#000000015,INDIA,ASIA,799.85,4688,270,Customer#000000270,AUTOMOBILE,9192.50
12069,5,21.00,33866.91,0.08,0.07,REG AIR,DELIVER IN PERSON,blanched rose royal tomato hot,ECONOMY BRUSHED COPPER,Brand#33,Supplier#000000015,INDIA,ASIA,799.85,4688,271,Customer#000000271,MACHINERY,1490.35
12069,5,21.00,33866.91,0.08,0.07,REG AIR,DELIVER IN PERSON,blanched rose royal tomato hot,ECONOMY BRUSHED COPPER,Brand#33,Supplier#000000015,INDIA,ASIA,799.85,4688,275,Customer#000000275,AUTOMOBILE,5067.31
12069,5,21.00,33866.91,0.08,0.07,REG AIR,DELIVER IN PERSON,blanched rose royal tomato hot,ECONOMY BRUSHED COPPER,Brand#33,Supplier#000000015,INDIA,ASIA,799.85,4688,276,Customer#000000276,AUTOMOBILE,2292.67
12069,5,21.00,33866.91,0.08,0.07,REG AIR,DELIVER IN PERSON,blanched rose royal tomato hot,ECONOMY BRUSHED COPPER,Brand#33,Supplier#000000015,INDIA,ASIA,799.85,4688,277,Customer#000000277,BUILDING,8876.10
12069,5,21.00,33866.91,0.08,0.07,REG AIR,DELIVER IN PERSON,blanched rose royal tomato hot,ECONOMY BRUSHED COPPER,Brand#33,Supplier#000000015,INDIA,ASIA,799.85,4688,278,Customer#000000278,BUILDING,7621.56
12069,5,21.00,33866.91,0.08,0.07,REG AIR,DELIVER IN PERSON,blanched rose royal tomato hot,ECONOMY BRUSHED COPPER,Brand#33,Supplier#000000015,INDIA,ASIA,799.85,4688,279,Customer#000000279,AUTOMOBILE,9663.23
12069,5,21.00,33866.91,0.08,0.07,REG AIR,DELIVER IN PERSON,blanched rose royal tomato hot,ECONOMY BRUSHED COPPER,Brand#33,Supplier#000000015,INDIA,ASIA,799.85,4688,280,Customer#000000280,BUILDING,3952.84
12069,5,21.00,33866.91,0.08,0.07,REG AIR,DELIVER IN PERSON,blanched rose royal tomato hot,ECONOMY BRUSHED COPPER,Brand#33,Supplier#000000015,INDIA,ASIA,799.85,4688,281,Customer#000000281,BUILDING,4361.70
12069,5,21.00,33866.91,0.08,0.07,REG AIR,DELIVER IN PERSON,blanched rose royal tomato hot,ECONOMY BRUSHED COPPER,Brand#33,Supplier#000000015,INDIA,ASIA,799.85,4688,283,Customer#000000283,AUTOMOBILE,4450.03
12069,5,21.00,33866.91,0.08,0.07,REG AIR,DELIVER IN PERSON,blanched rose royal tomato hot,ECONOMY BRUSHED COPPER,Brand#33,Supplier#000000015,INDIA,ASIA,799.85,4688,284,Customer#000000284,AUTOMOBILE,593.52
12069,5,21.00,33866.91,0.08,0.07,REG AIR,DELIVER IN PERSON,blanched rose royal tomato hot,ECONOMY BRUSHED COPPER,Brand#33,Supplier#000000015,INDIA,ASIA,799.85,4688,287,Customer#000000287,MACHINERY,1734.18
12069,5,21.00,33866.91,0.08,0.07,REG AIR,DELIVER IN PERSON,blanched rose royal tomato hot,ECONOMY BRUSHED COPPER,Brand#33,Supplier#000000015,INDIA,ASIA,799.85,4688,290,Customer#000000290,MACHINERY,1811.35
12069,5,21.00,33866.91,0.08,0.07,REG AIR,DELIVER IN PERSON,blanched rose royal tomato hot,ECONOMY BRUSHED COPPER,Brand#33,Supplier#000000015,INDIA,ASIA,799.85,4688,296,Customer#000000296,BUILDING,8081.52
12069,5,21.00,33866.91,0.08,0.07,REG AIR,DELIVER IN PERSON,blanched rose royal tomato hot,ECONOMY BRUSHED COPPER,Brand#33,Supplier#000000015,INDIA,ASIA,799.85,4688,298,Customer#000000298,BUILDING,3812.84
12069,5,21.00,33866.91,0.08,0.07,REG AIR,DELIVER IN PERSON,blanched rose royal tomato hot,ECONOMY BRUSHED COPPER,Brand#33,Supplier#000000015,INDIA,ASIA,799.85,4688,300,Customer#000000300,AUTOMOBILE,8084.92
12069,5,21.00,33866.91,0.08,0.07,REG AIR,DELIVER IN PERSON,blanched rose royal tomato hot,ECONOMY BRUSHED COPPER,Brand#33,Supplier#000000015,INDIA,ASIA,799.85,4688,302,Customer#000000302,MACHINERY,1107.42
12069,5,21.00,33866.91,0.08,0.07,REG AIR,DELIVER IN PERSON,blanched rose royal tomato hot,ECONOMY BRUSHED COPPER,Brand#33,Supplier#000000015,INDIA,ASIA,799.85,4688,304,Customer#000000304,MACHINERY,9217.55
12069,5,21.00,33866.91,0.08,0.07,REG AIR,DELIVER IN PERSON,blanched rose royal tomato hot,ECONOMY BRUSHED COPPER,Brand#33,Supplier#000000015,INDIA,ASIA,799.85,4688,306,Customer#000000306,AUTOMOBILE,3268.01
12069,5,21.00,33866.91,0.08,0.07,REG AIR,DELIVER IN PERSON,blanched rose royal tomato hot,ECONOMY BRUSHED COPPER,Brand#33,Supplier#000000015,INDIA,ASIA,799.85,4688,311,Customer#000000311,AUTOMOBILE,6589.50
12069,5,21.00,33866.91,0.08,0.07,REG AIR,DELIVER IN PERSON,blanched rose royal tomato hot,ECONOMY BRUSHED COPPER,Brand#33,Supplier#000000015,INDIA,ASIA,799.85,4688,314,Customer#000000314,MACHINERY,2394.92
12069,5,21.00,33866.91,0.08,0.07,REG AIR,DELIVER IN PERSON,blanched rose royal tomato hot,ECONOMY BRUSHED COPPER,Brand#33,Supplier#000000015,INDIA,ASIA,799.85,4688,316,Customer#000000316,MACHINERY,4571.78
12069,5,21.00,33866.91,0.08,0.07,REG AIR,DELIVER IN PERSON,blanched rose royal tomato hot,ECONOMY BRUSHED COPPER,Brand#33,Supplier#000000015,INDIA,ASIA,799.85,4688,320,Customer#000000320,MACHINERY,6082.74
12069,5,21.00,33866.91,0.08,0.07,REG AIR,DELIVER IN PERSON,blanched rose royal tomato hot,ECONOMY BRUSHED COPPER,Brand#33,Supplier#000000015,INDIA,ASIA,799.85,4688,323,Customer#000000323,AUTOMOBILE,1137.67
12069,5,21.00,33866.91,0.08,0.07,REG AIR,DELIVER IN PERSON,blanched rose royal tomato hot,ECONOMY BRUSHED COPPER,Brand#33,Supplier#000000015,INDIA,ASIA,799.85,4688,327,Customer#000000327,MACHINERY,8762.16
12069,5,21.00,33866.91,0.08,0.07,REG AIR,DELIVER IN PERSON,blanched rose royal tomato hot,ECONOMY BRUSHED COPPER,Brand#33,Supplier#000000015,INDIA,ASIA,799.85,4688,328,Customer#000000328,BUILDING,6709.90
12069,5,21.00,33866.91,0.08,0.07,REG AIR,DELIVER IN PERSON,blanched rose royal tomato hot,ECONOMY BRUSHED COPPER,Brand#33,Supplier#000000015,INDIA,ASIA,799.85,4688,330,Customer#000000330,MACHINERY,8244.73
12069,5,21.00,33866.91,0.08,0.07,REG AIR,DELIVER IN PERSON,blanched rose royal tomato hot,ECONOMY BRUSHED COPPER,Brand#33,Supplier#000000015,INDIA,ASIA,799.85,4688,333,Customer#000000333,AUTOMOBILE,8018.89
12069,5,21.00,33866.91,0.08,0.07,REG AIR,DELIVER IN PERSON,blanched rose royal tomato hot,ECONOMY BRUSHED COPPER,Brand#33,Supplier#000000015,INDIA,ASIA,799.85,4688,336,Customer#000000336,AUTOMOBILE,9241.49
12069,5,21.00,33866.91,0.08,0.07,REG AIR,DELIVER IN PERSON,blanched rose royal tomato hot,ECONOMY BRUSHED COPPER,Brand#33,Supplier#000000015,INDIA,ASIA,799.85,4688,340,Customer#000000340,BUILDING,4667.12
12069,5,21.00,33866.91,0.08,0.07,REG AIR,DELIVER IN PERSON,blanched rose royal tomato hot,ECONOMY BRUSHED COPPER,Brand#33,Supplier#000000015,INDIA,ASIA,799.85,4688,342,Customer#000000342,AUTOMOBILE,7186.74
12069,5,21.00,33866.91,0.08,0.07,REG AIR,DELIVER IN PERSON,blanched rose royal tomato hot,ECONOMY BRUSHED COPPER,Brand#33,Supplier#000000015,INDIA,ASIA,799.85,4688,345,Customer#000000345,AUTOMOBILE,1936.77
12069,5,21.00,33866.91,0.08,0.07,REG AIR,DELIVER IN PERSON,blanched rose royal tomato hot,ECONOMY BRUSHED COPPER,Brand#33,Supplier#000000015,INDIA,ASIA,799.85,4688,347,Customer#000000347,BUILDING,7348.92
12069,5,21.00,33866.91,0.08,0.07,REG AIR,DELIVER IN PERSON,blanched rose royal tomato hot,ECONOMY BRUSHED COPPER,Brand#33,Supplier#000000015,INDIA,ASIA,799.85,4688,351,Customer#000000351,AUTOMOBILE,3419.54
12069,5,21.00,33866.91,0.08,0.07,REG AIR,DELIVER IN PERSON,blanched rose royal tomato hot,ECONOMY BRUSHED COPPER,Brand#33,Supplier#000000015,INDIA,ASIA,799.85,4688,353,Customer#000000353,BUILDING,3199.03
12069,5,21.00,33866.91,0.08,0.07,REG AIR,DELIVER IN PERSON,blanched rose royal tomato hot,ECONOMY BRUSHED COPPER,Brand#33,Supplier#000000015,INDIA,ASIA,799.85,4688,354,Customer#000000354,BUILDING,7095.95
12069,5,21.00,33866.91,0.08,0.07,REG AIR,DELIVER IN PERSON,blanched rose royal tomato hot,ECONOMY BRUSHED COPPER,Brand#33,Supplier#000000015,INDIA,ASIA,799.85,4688,357,Customer#000000357,AUTOMOBILE,8747.36
12069,5,21.00,33866.91,0.08,0.07,REG AIR,DELIVER IN PERSON,blanched rose royal tomato hot,ECONOMY BRUSHED COPPER,Brand#33,Supplier#000000015,INDIA,ASIA,799.85,4688,361,Customer#000000361,BUILDING,7451.84
12069,5,21.00,33866.91,0.08,0.07,REG AIR,DELIVER IN PERSON,blanched rose royal tomato hot,ECONOMY BRUSHED COPPER,Brand#33,Supplier#000000015,INDIA,ASIA,799.85,4688,362,Customer#000000362,AUTOMOBILE,6149.01
12069,5,21.00,33866.91,0.08,0.07,REG AIR,DELIVER IN PERSON,blanched rose royal tomato hot,ECONOMY BRUSHED COPPER,Brand#33,Supplier#000000015,INDIA,ASIA,799.85,4688,371,Customer#000000371,AUTOMOBILE,7789.14
12069,5,21.00,33866.91,0.08,0.07,REG AIR,DELIVER IN PERSON,blanched rose royal tomato hot,ECONOMY BRUSHED COPPER,Brand#33,Supplier#000000015,INDIA,ASIA,799.85,4688,373,Customer#000000373,MACHINERY,2354.06
12069,5,21.00,33866.91,0.08,0.07,REG AIR,DELIVER IN PERSON,blanched rose royal tomato hot,ECONOMY BRUSHED COPPER,Brand#33,Supplier#000000015,INDIA,ASIA,799.85,4688,374,Customer#000000374,AUTOMOBILE,6718.78
12069,5,21.00,33866.91,0.08,0.07,REG AIR,DELIVER IN PERSON,blanched rose royal tomato hot,ECONOMY BRUSHED COPPER,Brand#33,Supplier#000000015,INDIA,ASIA,799.85,4688,376,Customer#000000376,AUTOMOBILE,4231.45
12069,5,21.00,33866.91,0.08,0.07,REG AIR,DELIVER IN PERSON,blanched rose royal tomato hot,ECONOMY BRUSHED COPPER,Brand#33,Supplier#000000015,INDIA,ASIA,799.85,4688,377,Customer#000000377,MACHINERY,1043.72
12069,5,21.00,33866.91,0.08,0.07,REG AIR,DELIVER IN PERSON,blanched rose royal tomato hot,ECONOMY BRUSHED COPPER,Brand#33,Supplier#000000015,INDIA,ASIA,799.85,4688,378,Customer#000000378,BUILDING,5718.05
12069,5,21.00,33866.91,0.08,0.07,REG AIR,DELIVER IN PERSON,blanched rose royal tomato hot,ECONOMY BRUSHED COPPER,Brand#33,Supplier#000000015,INDIA,ASIA,799.85,4688,379,Customer#000000379,AUTOMOBILE,5348.11
12069,5,21.00,33866.91,0.08,0.07,REG AIR,DELIVER IN PERSON,blanched rose royal tomato hot,ECONOMY BRUSHED COPPER,Brand#33,Supplier#000000015,INDIA,ASIA,799.85,4688,380,Customer#000000380,BUILDING,2755.46
12069,5,21.00,33866.91,0.08,0.07,REG AIR,DELIVER IN PERSON,blanched rose royal tomato hot,ECONOMY BRUSHED COPPER,Brand#33,Supplier#000000015,INDIA,ASIA,799.85,4688,381,Customer#000000381,BUILDING,9931.71
12069,5,21.00,33866.91,0.08,0.07,REG AIR,DELIVER IN PERSON,blanched rose royal tomato hot,ECONOMY BRUSHED COPPER,Brand#33,Supplier#000000015,INDIA,ASIA,799.85,4688,382,Customer#000000382,AUTOMOBILE,6269.42
12069,5,21.00,33866.91,0.08,0.07,REG AIR,DELIVER IN PERSON,blanched rose royal tomato hot,ECONOMY BRUSHED COPPER,Brand#33,Supplier#000000015,INDIA,ASIA,799.85,4688,385,Customer#000000385,AUTOMOBILE,2457.09
12069,5,21.00,33866.91,0.08,0.07,REG AIR,DELIVER IN PERSON,blanched rose royal tomato hot,ECONOMY BRUSHED COPPER,Brand#33,Supplier#000000015,INDIA,ASIA,799.85,4688,392,Customer#000000392,BUILDING,8492.33
12069,5,21.00,33866.91,0.08,0.07,REG AIR,DELIVER IN PERSON,blanched rose royal tomato hot,ECONOMY BRUSHED COPPER,Brand#33,Supplier#000000015,INDIA,ASIA,799.85,4688,394,Customer#000000394,MACHINERY,5200.96
12069,5,21.00,33866.91,0.08,0.07,REG AIR,DELIVER IN PERSON,blanched rose royal tomato hot,ECONOMY BRUSHED COPPER,Brand#33,Supplier#000000015,INDIA,ASIA,799.85,4688,396,Customer#000000396,BUILDING,1433.50
12069,5,21.00,33866.91,0.08,0.07,REG AIR,DELIVER IN PERSON,blanched rose royal tomato hot,ECONOMY BRUSHED COPPER,Brand#33,Supplier#000000015,INDIA,ASIA,799.85,4688,399,Customer#000000399,BUILDING,7358.53
12069,5,21.00,33866.91,0.08,0.07,REG AIR,DELIVER IN PERSON,blanched rose royal tomato hot,ECONOMY BRUSHED COPPER,Brand#33,Supplier#000000015,INDIA,ASIA,799.85,4688,401,Customer#000000401,BUILDING,4146.43
12069,5,21.00,33866.91,0.08,0.07,REG AIR,DELIVER IN PERSON,blanched rose royal tomato hot,ECONOMY BRUSHED COPPER,Brand#33,Supplier#000000015,INDIA,ASIA,799.85,4688,402,Customer#000000402,AUTOMOBILE,2106.67
12069,5,21.00,33866.91,0.08,0.07,REG AIR,DELIVER IN PERSON,blanched rose royal tomato hot,ECONOMY BRUSHED COPPER,Brand#33,Supplier#000000015,INDIA,ASIA,799.85,4688,404,Customer#000000404,BUILDING,7408.73
12069,5,21.00,33866.91,0.08,0.07,REG AIR,DELIVER IN PERSON,blanched rose royal tomato hot,ECONOMY BRUSHED COPPER,Brand#33,Supplier#000000015,INDIA,ASIA,799.85,4688,405,Customer#000000405,MACHINERY,7519.14
12069,5,21.00,33866.91,0.08,0.07,REG AIR,DELIVER IN PERSON,blanched rose royal tomato hot,ECONOMY BRUSHED COPPER,Brand#33,Supplier#000000015,INDIA,ASIA,799.85,4688,407,Customer#000000407,MACHINERY,9537.08
12069,5,21.00,33866.91,0.08,0.07,REG AIR,DELIVER IN PERSON,blanched rose royal tomato hot,ECONOMY BRUSHED COPPER,Brand#33,Supplier#000000015,INDIA,ASIA,799.85,4688,408,Customer#000000408,BUILDING,6825.37
12069,5,21.00,33866.91,0.08,0.07,REG AIR,DELIVER IN PERSON,blanched rose royal tomato hot,ECONOMY BRUSHED COPPER,Brand#33,Supplier#000000015,INDIA,ASIA,799.85,4688,410,Customer#000000410,BUILDING,4349.27
12069,5,21.00,33866.91,0.08,0.07,REG AIR,DELIVER IN PERSON,blanched rose royal tomato hot,ECONOMY BRUSHED COPPER,Brand#33,Supplier#000000015,INDIA,ASIA,799.85,4688,412,Customer#000000412,BUILDING,6044.02
12069,5,21.00,33866.91,0.08,0.07,REG AIR,DELIVER IN PERSON,blanched rose royal tomato hot,ECONOMY BRUSHED COPPER,Brand#33,Supplier#000000015,INDIA,ASIA,799.85,4688,414,Customer#000000414,AUTOMOBILE,527.78
12069,5,21.00,33866.91,0.08,0.07,REG AIR,DELIVER IN PERSON,blanched rose royal tomato hot,ECONOMY BRUSHED COPPER,Brand#33,Supplier#000000015,INDIA,ASIA,799.85,4688,416,Customer#000000416,MACHINERY,4365.28
12069,5,21.00,33866.91,0.08,0.07,REG AIR,DELIVER IN PERSON,blanched rose royal tomato hot,ECONOMY BRUSHED COPPER,Brand#33,Supplier#000000015,INDIA,ASIA,799.85,4688,417,Customer#000000417,BUILDING,6187.73
12069,5,21.00,33866.91,0.08,0.07,REG AIR,DELIVER IN PERSON,blanched rose royal tomato hot,ECONOMY BRUSHED COPPER,Brand#33,Supplier#000000015,INDIA,ASIA,799.85,4688,419,Customer#000000419,BUILDING,7786.69
12069,5,21.00,33866.91,0.08,0.07,REG AIR,DELIVER IN PERSON,blanched rose royal tomato hot,ECONOMY BRUSHED COPPER,Brand#33,Supplier#000000015,INDIA,ASIA,799.85,4688,420,Customer#000000420,BUILDING,1999.35
12069,5,21.00,33866.91,0.08,0.07,REG AIR,DELIVER IN PERSON,blanched rose royal tomato hot,ECONOMY BRUSHED COPPER,Brand#33,Supplier#000000015,INDIA,ASIA,799.85,4688,427,Customer#000000427,MACHINERY,4376.80
12069,5,21.00,33866.91,0.08,0.07,REG AIR,DELIVER IN PERSON,blanched rose royal tomato hot,ECONOMY BRUSHED COPPER,Brand#33,Supplier#000000015,INDIA,ASIA,799.85,4688,428,Customer#000000428,BUILDING,1952.36
12069,5,21.00,33866.91,0.08,0.07,REG AIR,DELIVER IN PERSON,blanched rose royal tomato hot,ECONOMY BRUSHED COPPER,Brand#33,Supplier#000000015,INDIA,ASIA,799.85,4688,430,Customer#000000430,BUILDING,7905.17
12069,5,21.00,33866.91,0.08,0.07,REG AIR,DELIVER IN PERSON,blanched rose royal tomato hot,ECONOMY BRUSHED COPPER,Brand#33,Supplier#000000015,INDIA,ASIA,799.85,4688,432,Customer#000000432,BUILDING,5715.64
12069,5,21.00,33866.91,0.08,0.07,REG AIR,DELIVER IN PERSON,blanched rose royal tomato hot,ECONOMY BRUSHED COPPER,Brand#33,Supplier#000000015,INDIA,ASIA,799.85,4688,434,Customer#000000434,MACHINERY,2940.46
12069,5,21.00,33866.91,0.08,0.07,REG AIR,DELIVER IN PERSON,blanched rose royal tomato hot,ECONOMY BRUSHED COPPER,Brand#33,Supplier#000000015,INDIA,ASIA,799.85,4688,435,Customer#000000435,MACHINERY,6217.46
12069,5,21.00,33866.91,0.08,0.07,REG AIR,DELIVER IN PERSON,blanched rose royal tomato hot,ECONOMY BRUSHED COPPER,Brand#33,Supplier#000000015,INDIA,ASIA,799.85,4688,437,Customer#000000437,AUTOMOBILE,7760.52
12069,5,21.00,33866.91,0.08,0.07,REG AIR,DELIVER IN PERSON,blanched rose royal tomato hot,ECONOMY BRUSHED COPPER,Brand#33,Supplier#000000015,INDIA,ASIA,799.85,4688,438,Customer#000000438,MACHINERY,2131.13
12069,5,21.00,33866.91,0.08,0.07,REG AIR,DELIVER IN PERSON,blanched rose royal tomato hot,ECONOMY BRUSHED COPPER,Brand#33,Supplier#000000015,INDIA,ASIA,799.85,4688,440,Customer#000000440,MACHINERY,1809.04
12069,5,21.00,33866.91,0.08,0.07,REG AIR,DELIVER IN PERSON,blanched rose royal tomato hot,ECONOMY BRUSHED COPPER,Brand#33,Supplier#000000015,INDIA,ASIA,799.85,4688,448,Customer#000000448,BUILDING,8117.27
12069,5,21.00,33866.91,0.08,0.07,REG AIR,DELIVER IN PERSON,blanched rose royal tomato hot,ECONOMY BRUSHED COPPER,Brand#33,Supplier#000000015,INDIA,ASIA,799.85,4688,449,Customer#000000449,MACHINERY,3001.94
12069,5,21.00,33866.91,0.08,0.07,REG AIR,DELIVER IN PERSON,blanched rose royal tomato hot,ECONOMY BRUSHED COPPER,Brand#33,Supplier#000000015,INDIA,ASIA,799.85,4688,452,Customer#000000452,BUILDING,6633.70
12069,5,21.00,33866.91,0.08,0.07,REG AIR,DELIVER IN PERSON,blanched rose royal tomato hot,ECONOMY BRUSHED COPPER,Brand#33,Supplier#000000015,INDIA,ASIA,799.85,4688,454,Customer#000000454,AUTOMOBILE,6134.40
12069,5,21.00,33866.91,0.08,0.07,REG AIR,DELIVER IN PERSON,blanched rose royal tomato hot,ECONOMY BRUSHED COPPER,Brand#33,Supplier#000000015,INDIA,ASIA,799.85,4688,455,Customer#000000455,BUILDING,6860.34
12069,5,21.00,33866.91,0.08,0.07,REG AIR,DELIVER IN PERSON,blanched rose royal tomato hot,ECONOMY BRUSHED COPPER,Brand#33,Supplier#000000015,INDIA,ASIA,799.85,4688,459,Customer#000000459,MACHINERY,1207.97
12069,5,21.00,33866.91,0.08,0.07,REG AIR,DELIVER IN PERSON,blanched rose royal tomato hot,ECONOMY BRUSHED COPPER,Brand#33,Supplier#000000015,INDIA,ASIA,799.85,4688,461,Customer#000000461,AUTOMOBILE,9177.63
12069,5,21.00,33866.91,0.08,0.07,REG AIR,DELIVER IN PERSON,blanched rose royal tomato hot,ECONOMY BRUSHED COPPER,Brand#33,Supplier#000000015,INDIA,ASIA,799.85,4688,464,Customer#000000464,AUTOMOBILE,8730.85
12069,5,21.00,33866.91,0.08,0.07,REG AIR,DELIVER IN PERSON,blanched rose royal tomato hot,ECONOMY BRUSHED COPPER,Brand#33,Supplier#000000015,INDIA,ASIA,799.85,4688,466,Customer#000000466,MACHINERY,3168.41
12069,5,21.00,33866.91,0.08,0.07,REG AIR,DELIVER IN PERSON,blanched rose royal tomato hot,ECONOMY BRUSHED COPPER,Brand#33,Supplier#000000015,INDIA,ASIA,799.85,4688,467,Customer#000000467,MACHINERY,9398.51
12069,5,21.00,33866.91,0.08,0.07,REG AIR,DELIVER IN PERSON,blanched rose royal tomato hot,ECONOMY BRUSHED COPPER,Brand#33,Supplier#000000015,INDIA,ASIA,799.85,4688,469,Customer#000000469,BUILDING,6343.64
12069,5,21.00,33866.91,0.08,0.07,REG AIR,DELIVER IN PERSON,blanched rose royal tomato hot,ECONOMY BRUSHED COPPER,Brand#33,Supplier#000000015,INDIA,ASIA,799.85,4688,472,Customer#000000472,MACHINERY,7929.90
12069,5,21.00,33866.91,0.08,0.07,REG AIR,DELIVER IN PERSON,blanched rose royal tomato hot,ECONOMY BRUSHED COPPER,Brand#33,Supplier#000000015,INDIA,ASIA,799.85,4688,474,Customer#000000474,MACHINERY,9165.47
12069,5,21.00,33866.91,0.08,0.07,REG AIR,DELIVER IN PERSON,blanched rose royal tomato hot,ECONOMY BRUSHED COPPER,Brand#33,Supplier#000000015,INDIA,ASIA,799.85,4688,475,Customer#000000475,BUILDING,9043.55
12069,5,21.00,33866.91,0.08,0.07,REG AIR,DELIVER IN PERSON,blanched rose royal tomato hot,ECONOMY BRUSHED COPPER,Brand#33,Supplier#000000015,INDIA,ASIA,799.85,4688,476,Customer#000000476,BUILDING,5973.10
12069,5,21.00,33866.91,0.08,0.07,REG AIR,DELIVER IN PERSON,blanched rose royal tomato hot,ECONOMY BRUSHED COPPER,Brand#33,Supplier#000000015,INDIA,ASIA,799.85,4688,477,Customer#000000477,AUTOMOBILE,1836.61
12069,5,21.00,33866.91,0.08,0.07,REG AIR,DELIVER IN PERSON,blanched rose royal tomato hot,ECONOMY BRUSHED COPPER,Brand#33,Supplier#000000015,INDIA,ASIA,799.85,4688,479,Customer#000000479,AUTOMOBILE,3653.64
12069,5,21.00,33866.91,0.08,0.07,REG AIR,DELIVER IN PERSON,blanched rose royal tomato hot,ECONOMY BRUSHED COPPER,Brand#33,Supplier#000000015,INDIA,ASIA,799.85,4688,483,Customer#000000483,MACHINERY,8877.20
12069,5,21.00,33866.91,0.08,0.07,REG AIR,DELIVER IN PERSON,blanched rose royal tomato hot,ECONOMY BRUSHED COPPER,Brand#33,Supplier#000000015,INDIA,ASIA,799.85,4688,484,Customer#000000484,BUILDING,4245.00
12069,5,21.00,33866.91,0.08,0.07,REG AIR,DELIVER IN PERSON,blanched rose royal tomato hot,ECONOMY BRUSHED COPPER,Brand#33,Supplier#000000015,INDIA,ASIA,799.85,4688,485,Customer#000000485,MACHINERY,8695.45
12069,5,21.00,33866.91,0.08,0.07,REG AIR,DELIVER IN PERSON,blanched rose royal tomato hot,ECONOMY BRUSHED COPPER,Brand#33,Supplier#000000015,INDIA,ASIA,799.85,4688,486,Customer#000000486,AUTOMOBILE,7487.40
12069,5,21.00,33866.91,0.08,0.07,REG AIR,DELIVER IN PERSON,blanched rose royal tomato hot,ECONOMY BRUSHED COPPER,Brand#33,Supplier#000000015,INDIA,ASIA,799.85,4688,487,Customer#000000487,AUTOMOBILE,9749.37
12069,5,21.00,33866.91,0.08,0.07,REG AIR,DELIVER IN PERSON,blanched rose royal tomato hot,ECONOMY BRUSHED COPPER,Brand#33,Supplier#000000015,INDIA,ASIA,799.85,4688,489,Customer#000000489,AUTOMOBILE,8255.83
12069,5,21.00,33866.91,0.08,0.07,REG AIR,DELIVER IN PERSON,blanched rose royal tomato hot,ECONOMY BRUSHED COPPER,Brand#33,Supplier#000000015,INDIA,ASIA,799.85,4688,491,Customer#000000491,AUTOMOBILE,785.37
12069,5,21.00,33866.91,0.08,0.07,REG AIR,DELIVER IN PERSON,blanched rose royal tomato hot,ECONOMY BRUSHED COPPER,Brand#33,Supplier#000000015,INDIA,ASIA,799.85,4688,492,Customer#000000492,AUTOMOBILE,8635.18
12069,5,21.00,33866.91,0.08,0.07,REG AIR,DELIVER IN PERSON,blanched rose royal tomato hot,ECONOMY BRUSHED COPPER,Brand#33,Supplier#000000015,INDIA,ASIA,799.85,4688,493,Customer#000000493,MACHINERY,6582.04
12069,5,21.00,33866.91,0.08,0.07,REG AIR,DELIVER IN PERSON,blanched rose royal tomato hot,ECONOMY BRUSHED COPPER,Brand#33,Supplier#000000015,INDIA,ASIA,799.85,4688,495,Customer#000000495,BUILDING,7997.81
12069,5,21.00,33866.91,0.08,0.07,REG AIR,DELIVER IN PERSON,blanched rose royal tomato hot,ECONOMY BRUSHED COPPER,Brand#33,Supplier#000000015,INDIA,ASIA,799.85,4688,496,Customer#000000496,MACHINERY,8174.82
12069,5,21.00,33866.91,0.08,0.07,REG AIR,DELIVER IN PERSON,blanched rose royal tomato hot,ECONOMY BRUSHED COPPER,Brand#33,Supplier#000000015,INDIA,ASIA,799.85,4688,497,Customer#000000497,BUILDING,2191.59
12069,5,21.00,33866.91,0.08,0.07,REG AIR,DELIVER IN PERSON,blanched rose royal tomato hot,ECONOMY BRUSHED COPPER,Brand#33,Supplier#000000015,INDIA,ASIA,799.85,4688,498,Customer#000000498,BUILDING,3945.64
12069,5,21.00,33866.91,0.08,0.07,REG AIR,DELIVER IN PERSON,blanched rose royal tomato hot,ECONOMY BRUSHED COPPER,Brand#33,Supplier#000000015,INDIA,ASIA,799.85,4688,500,Customer#000000500,AUTOMOBILE,3300.82
12069,5,21.00,33866.91,0.08,0.07,REG AIR,DELIVER IN PERSON,blanched rose royal tomato hot,ECONOMY BRUSHED COPPER,Brand#33,Supplier#000000015,INDIA,ASIA,799.85,4688,503,Customer#000000503,MACHINERY,3213.66
12069,5,21.00,33866.91,0.08,0.07,REG AIR,DELIVER IN PERSON,blanched rose royal tomato hot,ECONOMY BRUSHED COPPER,Brand#33,Supplier#000000015,INDIA,ASIA,799.85,4688,507,Customer#000000507,MACHINERY,5727.00
12069,5,21.00,33866.91,0.08,0.07,REG AIR,DELIVER IN PERSON,blanched rose royal tomato hot,ECONOMY BRUSHED COPPER,Brand#33,Supplier#000000015,INDIA,ASIA,799.85,4688,508,Customer#000000508,BUILDING,1685.90
12069,5,21.00,33866.91,0.08,0.07,REG AIR,DELIVER IN PERSON,blanched rose royal tomato hot,ECONOMY BRUSHED COPPER,Brand#33,Supplier#000000015,INDIA,ASIA,799.85,4688,512,Customer#000000512,BUILDING,3937.58
12069,5,21.00,33866.91,0.08,0.07,REG AIR,DELIVER IN PERSON,blanched rose royal tomato hot,ECONOMY BRUSHED COPPER,Brand#33,Supplier#000000015,INDIA,ASIA,799.85,4688,514,Customer#000000514,BUILDING,5840.97
12069,5,21.00,33866.91,0.08,0.07,REG AIR,DELIVER IN PERSON,blanched rose royal tomato hot,ECONOMY BRUSHED COPPER,Brand#33,Supplier#000000015,INDIA,ASIA,799.85,4688,515,Customer#000000515,BUILDING,3225.07
12069,5,21.00,33866.91,0.08,0.07,REG AIR,DELIVER IN PERSON,blanched rose royal tomato hot,ECONOMY BRUSHED COPPER,Brand#33,Supplier#000000015,INDIA,ASIA,799.85,4688,516,Customer#000000516,MACHINERY,4768.96
12069,5,21.00,33866.91,0.08,0.07,REG AIR,DELIVER IN PERSON,blanched rose royal tomato hot,ECONOMY BRUSHED COPPER,Brand#33,Supplier#000000015,INDIA,ASIA,799.85,4688,518,Customer#000000518,BUILDING,9871.66
12069,5,21.00,33866.91,0.08,0.07,REG AIR,DELIVER IN PERSON,blanched rose royal tomato hot,ECONOMY BRUSHED COPPER,Brand#33,Supplier#000000015,INDIA,ASIA,799.85,4688,519,Customer#000000519,BUILDING,9074.45
12069,5,21.00,33866.91,0.08,0.07,REG AIR,DELIVER IN PERSON,blanched rose royal tomato hot,ECONOMY BRUSHED COPPER,Brand#33,Supplier#000000015,INDIA,ASIA,799.85,4688,521,Customer#000000521,MACHINERY,5830.69
12069,5,21.00,33866.91,0.08,0.07,REG AIR,DELIVER IN PERSON,blanched rose royal tomato hot,ECONOMY BRUSHED COPPER,Brand#33,Supplier#000000015,INDIA,ASIA,799.85,4688,522,Customer#000000522,BUILDING,6358.46
12069,5,21.00,33866.91,0.08,0.07,REG AIR,DELIVER IN PERSON,blanched rose royal tomato hot,ECONOMY BRUSHED COPPER,Brand#33,Supplier#000000015,INDIA,ASIA,799.85,4688,525,Customer#000000525,AUTOMOBILE,3931.68
12069,5,21.00,33866.91,0.08,0.07,REG AIR,DELIVER IN PERSON,blanched rose royal tomato hot,ECONOMY BRUSHED COPPER,Brand#33,Supplier#000000015,INDIA,ASIA,799.85,4688,528,Customer#000000528,AUTOMOBILE,1802.50
12069,5,21.00,33866.91,0.08,0.07,REG AIR,DELIVER IN PERSON,blanched rose royal tomato hot,ECONOMY BRUSHED COPPER,Brand#33,Supplier#000000015,INDIA,ASIA,799.85,4688,530,Customer#000000530,BUILDING,4990.92
12069,5,21.00,33866.91,0.08,0.07,REG AIR,DELIVER IN PERSON,blanched rose royal tomato hot,ECONOMY BRUSHED COPPER,Brand#33,Supplier#000000015,INDIA,ASIA,799.85,4688,532,Customer#000000532,MACHINERY,1725.68
12069,5,21.00,33866.91,0.08,0.07,REG AIR,DELIVER IN PERSON,blanched rose royal tomato hot,ECONOMY BRUSHED COPPER,Brand#33,Supplier#000000015,INDIA,ASIA,799.85,4688,534,Customer#000000534,AUTOMOBILE,6520.97
12069,5,21.00,33866.91,0.08,0.07,REG AIR,DELIVER IN PERSON,blanched rose royal tomato hot,ECONOMY BRUSHED COPPER,Brand#33,Supplier#000000015,INDIA,ASIA,799.85,4688,535,Customer#000000535,BUILDING,2912.80
12069,5,21.00,33866.91,0.08,0.07,REG AIR,DELIVER IN PERSON,blanched rose royal tomato hot,ECONOMY BRUSHED COPPER,Brand#33,Supplier#000000015,INDIA,ASIA,799.85,4688,536,Customer#000000536,MACHINERY,3342.75
12069,5,21.00,33866.91,0.08,0.07,REG AIR,DELIVER IN PERSON,blanched rose royal tomato hot,ECONOMY BRUSHED COPPER,Brand#33,Supplier#000000015,INDIA,ASIA,799.85,4688,540,Customer#000000540,MACHINERY,9195.77
12069,5,21.00,33866.91,0.08,0.07,REG AIR,DELIVER IN PERSON,blanched rose royal tomato hot,ECONOMY BRUSHED COPPER,Brand#33,Supplier#000000015,INDIA,ASIA,799.85,4688,542,Customer#000000542,BUILDING,3109.96
12069,5,21.00,33866.91,0.08,0.07,REG AIR,DELIVER IN PERSON,blanched rose royal tomato hot,ECONOMY BRUSHED COPPER,Brand#33,Supplier#000000015,INDIA,ASIA,799.85,4688,543,Customer#000000543,AUTOMOBILE,6089.13
12069,5,21.00,33866.91,0.08,0.07,REG AIR,DELIVER IN PERSON,blanched rose royal tomato hot,ECONOMY BRUSHED COPPER,Brand#33,Supplier#000000015,INDIA,ASIA,799.85,4688,544,Customer#000000544,AUTOMOBILE,4974.68
12069,5,21.00,33866.91,0.08,0.07,REG AIR,DELIVER IN PERSON,blanched rose royal tomato hot,ECONOMY BRUSHED COPPER,Brand#33,Supplier#000000015,INDIA,ASIA,799.85,4688,545,Customer#000000545,AUTOMOBILE,7505.33
12069,5,21.00,33866.91,0.08,0.07,REG AIR,DELIVER IN PERSON,blanched rose royal tomato hot,ECONOMY BRUSHED COPPER,Brand#33,Supplier#000000015,INDIA,ASIA,799.85,4688,546,Customer#000000546,MACHINERY,3116.50
12069,5,21.00,33866.91,0.08,0.07,REG AIR,DELIVER IN PERSON,blanched rose royal tomato hot,ECONOMY BRUSHED COPPER,Brand#33,Supplier#000000015,INDIA,ASIA,799.85,4688,547,Customer#000000547,BUILDING,6058.08
12069,5,21.00,33866.91,0.08,0.07,REG AIR,DELIVER IN PERSON,blanched rose royal tomato hot,ECONOMY BRUSHED COPPER,Brand#33,Supplier#000000015,INDIA,ASIA,799.85,4688,553,Customer#000000553,BUILDING,4804.57
12069,5,21.00,33866.91,0.08,0.07,REG AIR,DELIVER IN PERSON,blanched rose royal tomato hot,ECONOMY BRUSHED COPPER,Brand#33,Supplier#000000015,INDIA,ASIA,799.85,4688,555,Customer#000000555,BUILDING,5486.52
12069,5,21.00,33866.91,0.08,0.07,REG AIR,DELIVER IN PERSON,blanched rose royal tomato hot,ECONOMY BRUSHED COPPER,Brand#33,Supplier#000000015,INDIA,ASIA,799.85,4688,556,Customer#000000556,MACHINERY,7944.22
12069,5,21.00,33866.91,0.08,0.07,REG AIR,DELIVER IN PERSON,blanched rose royal tomato hot,ECONOMY BRUSHED COPPER,Brand#33,Supplier#000000015,INDIA,ASIA,799.85,4688,557,Customer#000000557,BUILDING,9559.04
12069,5,21.00,33866.91,0.08,0.07,REG AIR,DELIVER IN PERSON,blanched rose royal tomato hot,ECONOMY BRUSHED COPPER,Brand#33,Supplier#000000015,INDIA,ASIA,799.85,4688,560,Customer#000000560,BUILDING,1469.59
12069,5,21.00,33866.91,0.08,0.07,REG AIR,DELIVER IN PERSON,blanched rose royal tomato hot,ECONOMY BRUSHED COPPER,Brand#33,Supplier#000000015,INDIA,ASIA,799.85,4688,562,Customer#000000562,BUILDING,9234.50
12069,5,21.00,33866.91,0.08,0.07,REG AIR,DELIVER IN PERSON,blanched rose royal tomato hot,ECONOMY BRUSHED COPPER,Brand#33,Supplier#000000015,INDIA,ASIA,799.85,4688,564,Customer#000000564,MACHINERY,6307.59
12069,5,21.00,33866.91,0.08,0.07,REG AIR,DELIVER IN PERSON,blanched rose royal tomato hot,ECONOMY BRUSHED COPPER,Brand#33,Supplier#000000015,INDIA,ASIA,799.85,4688,567,Customer#000000567,BUILDING,8475.17
12069,5,21.00,33866.91,0.08,0.07,REG AIR,DELIVER IN PERSON,blanched rose royal tomato hot,ECONOMY BRUSHED COPPER,Brand#33,Supplier#000000015,INDIA,ASIA,799.85,4688,568,Customer#000000568,BUILDING,1317.56
12069,5,21.00,33866.91,0.08,0.07,REG AIR,DELIVER IN PERSON,blanched rose royal tomato hot,ECONOMY BRUSHED COPPER,Brand#33,Supplier#000000015,INDIA,ASIA,799.85,4688,570,Customer#000000570,AUTOMOBILE,8480.87
12069,5,21.00,33866.91,0.08,0.07,REG AIR,DELIVER IN PERSON,blanched rose royal tomato hot,ECONOMY BRUSHED COPPER,Brand#33,Supplier#000000015,INDIA,ASIA,799.85,4688,572,Customer#000000572,AUTOMOBILE,7252.65
12069,5,21.00,33866.91,0.08,0.07,REG AIR,DELIVER IN PERSON,blanched rose royal tomato hot,ECONOMY BRUSHED COPPER,Brand#33,Supplier#000000015,INDIA,ASIA,799.85,4688,575,Customer#000000575,BUILDING,3652.29
12069,5,21.00,33866.91,0.08,0.07,REG AIR,DELIVER IN PERSON,blanched rose royal tomato hot,ECONOMY BRUSHED COPPER,Brand#33,Supplier#000000015,INDIA,ASIA,799.85,4688,579,Customer#000000579,MACHINERY,1924.96
12069,5,21.00,33866.91,0.08,0.07,REG AIR,DELIVER IN PERSON,blanched rose royal tomato hot,ECONOMY BRUSHED COPPER,Brand#33,Supplier#000000015,INDIA,ASIA,799.85,4688,581,Customer#000000581,MACHINERY,3242.10
12069,5,21.00,33866.91,0.08,0.07,REG AIR,DELIVER IN PERSON,blanched rose royal tomato hot,ECONOMY BRUSHED COPPER,Brand#33,Supplier#000000015,INDIA,ASIA,799.85,4688,584,Customer#000000584,MACHINERY,8825.71
12069,5,21.00,33866.91,0.08,0.07,REG AIR,DELIVER IN PERSON,blanched rose royal tomato hot,ECONOMY BRUSHED COPPER,Brand#33,Supplier#000000015,INDIA,ASIA,799.85,4688,585,Customer#000000585,MACHINERY,7820.26
12069,5,21.00,33866.91,0.08,0.07,REG AIR,DELIVER IN PERSON,blanched rose royal tomato hot,ECONOMY BRUSHED COPPER,Brand#33,Supplier#000000015,INDIA,ASIA,799.85,4688,586,Customer#000000586,AUTOMOBILE,5134.35
12069,5,21.00,33866.91,0.08,0.07,REG AIR,DELIVER IN PERSON,blanched rose royal tomato hot,ECONOMY BRUSHED COPPER,Brand#33,Supplier#000000015,INDIA,ASIA,799.85,4688,590,Customer#000000590,MACHINERY,3993.54
12069,5,21.00,33866.91,0.08,0.07,REG AIR,DELIVER IN PERSON,blanched rose royal tomato hot,ECONOMY BRUSHED COPPER,Brand#33,Supplier#000000015,INDIA,ASIA,799.85,4688,591,Customer#000000591,MACHINERY,6344.66
12069,5,21.00,33866.91,0.08,0.07,REG AIR,DELIVER IN PERSON,blanched rose royal tomato hot,ECONOMY BRUSHED COPPER,Brand#33,Supplier#000000015,INDIA,ASIA,799.85,4688,592,Customer#000000592,BUILDING,9712.75
12069,5,21.00,33866.91,0.08,0.07,REG AIR,DELIVER IN PERSON,blanched rose royal tomato hot,ECONOMY BRUSHED COPPER,Brand#33,Supplier#000000015,INDIA,ASIA,799.85,4688,596,Customer#000000596,MACHINERY,1722.88
12069,5,21.00,33866.91,0.08,0.07,REG AIR,DELIVER IN PERSON,blanched rose royal tomato hot,ECONOMY BRUSHED COPPER,Brand#33,Supplier#000000015,INDIA,ASIA,799.85,4688,597,Customer#000000597,AUTOMOBILE,2443.52
12069,5,21.00,33866.91,0.08,0.07,REG AIR,DELIVER IN PERSON,blanched rose royal tomato hot,ECONOMY BRUSHED COPPER,Brand#33,Supplier#000000015,INDIA,ASIA,799.85,4688,601,Customer#000000601,BUILDING,9768.21
12069,5,21.00,33866.91,0.08,0.07,REG AIR,DELIVER IN PERSON,blanched rose royal tomato hot,ECONOMY BRUSHED COPPER,Brand#33,Supplier#000000015,INDIA,ASIA,799.85,4688,602,Customer#000000602,BUILDING,8404.90
12069,5,21.00,33866.91,0.08,0.07,REG AIR,DELIVER IN PERSON,blanched rose royal tomato hot,ECONOMY BRUSHED COPPER,Brand#33,Supplier#000000015,INDIA,ASIA,799.85,4688,606,Customer#000000606,AUTOMOBILE,9676.98
12069,5,21.00,33866.91,0.08,0.07,REG AIR,DELIVER IN PERSON,blanched rose royal tomato hot,ECONOMY BRUSHED COPPER,Brand#33,Supplier#000000015,INDIA,ASIA,799.85,4688,608,Customer#000000608,BUILDING,2256.36
12069,5,21.00,33866.91,0.08,0.07,REG AIR,DELIVER IN PERSON,blanched rose royal tomato hot,ECONOMY BRUSHED COPPER,Brand#33,Supplier#000000015,INDIA,ASIA,799.85,4688,610,Customer#000000610,BUILDING,3374.92
12069,5,21.00,33866.91,0.08,0.07,REG AIR,DELIVER IN PERSON,blanched rose royal tomato hot,ECONOMY BRUSHED COPPER,Brand#33,Supplier#000000015,INDIA,ASIA,799.85,4688,613,Customer#000000613,AUTOMOBILE,6679.75
12069,5,21.00,33866.91,0.08,0.07,REG AIR,DELIVER IN PERSON,blanched rose royal tomato hot,ECONOMY BRUSHED COPPER,Brand#33,Supplier#000000015,INDIA,ASIA,799.85,4688,620,Customer#000000620,AUTOMOBILE,5795.15
12069,5,21.00,33866.91,0.08,0.07,REG AIR,DELIVER IN PERSON,blanched rose royal tomato hot,ECONOMY BRUSHED COPPER,Brand#33,Supplier#000000015,INDIA,ASIA,799.85,4688,623,Customer#000000623,BUILDING,7887.60
12069,5,21.00,33866.91,0.08,0.07,REG AIR,DELIVER IN PERSON,blanched rose royal tomato hot,ECONOMY BRUSHED COPPER,Brand#33,Supplier#000000015,INDIA,ASIA,799.85,4688,624,Customer#000000624,MACHINERY,3907.11
12069,5,21.00,33866.91,0.08,0.07,REG AIR,DELIVER IN PERSON,blanched rose royal tomato hot,ECONOMY BRUSHED COPPER,Brand#33,Supplier#000000015,INDIA,ASIA,799.85,4688,631,Customer#000000631,MACHINERY,2603.00
12069,5,21.00,33866.91,0.08,0.07,REG AIR,DELIVER IN PERSON,blanched rose royal tomato hot,ECONOMY BRUSHED COPPER,Brand#33,Supplier#000000015,INDIA,ASIA,799.85,4688,635,Customer#000000635,AUTOMOBILE,8216.79
12069,5,21.00,33866.91,0.08,0.07,REG AIR,DELIVER IN PERSON,blanched rose royal tomato hot,ECONOMY BRUSHED COPPER,Brand#33,Supplier#000000015,INDIA,ASIA,799.85,4688,639,Customer#000000639,MACHINERY,4899.15
12069,5,21.00,33866.91,0.08,0.07,REG AIR,DELIVER IN PERSON,blanched rose royal tomato hot,ECONOMY BRUSHED COPPER,Brand#33,Supplier#000000015,INDIA,ASIA,799.85,4688,642,Customer#000000642,AUTOMOBILE,5684.01
12069,5,21.00,33866.91,0.08,0.07,REG AIR,DELIVER IN PERSON,blanched rose royal tomato hot,ECONOMY BRUSHED COPPER,Brand#33,Supplier#000000015,INDIA,ASIA,799.85,4688,645,Customer#000000645,BUILDING,1146.49
12069,5,21.00,33866.91,0.08,0.07,REG AIR,DELIVER IN PERSON,blanched rose royal tomato hot,ECONOMY BRUSHED COPPER,Brand#33,Supplier#000000015,INDIA,ASIA,799.85,4688,649,Customer#000000649,BUILDING,9442.55
12069,5,21.00,33866.91,0.08,0.07,REG AIR,DELIVER IN PERSON,blanched rose royal tomato hot,ECONOMY BRUSHED COPPER,Brand#33,Supplier#000000015,INDIA,ASIA,799.85,4688,650,Customer#000000650,AUTOMOBILE,2086.91
12069,5,21.00,33866.91,0.08,0.07,REG AIR,DELIVER IN PERSON,blanched rose royal tomato hot,ECONOMY BRUSHED COPPER,Brand#33,Supplier#000000015,INDIA,ASIA,799.85,4688,653,Customer#000000653,BUILDING,7307.55
12069,5,21.00,33866.91,0.08,0.07,REG AIR,DELIVER IN PERSON,blanched rose royal tomato hot,ECONOMY BRUSHED COPPER,Brand#33,Supplier#000000015,INDIA,ASIA,799.85,4688,654,Customer#000000654,AUTOMOBILE,1067.04
12069,5,21.00,33866.91,0.08,0.07,REG AIR,DELIVER IN PERSON,blanched rose royal tomato hot,ECONOMY BRUSHED COPPER,Brand#33,Supplier#000000015,INDIA,ASIA,799.85,4688,662,Customer#000000662,BUILDING,4517.33
12069,5,21.00,33866.91,0.08,0.07,REG AIR,DELIVER IN PERSON,blanched rose royal tomato hot,ECONOMY BRUSHED COPPER,Brand#33,Supplier#000000015,INDIA,ASIA,799.85,4688,663,Customer#000000663,AUTOMOBILE,9698.21
12069,5,21.00,33866.91,0.08,0.07,REG AIR,DELIVER IN PERSON,blanched rose royal tomato hot,ECONOMY BRUSHED COPPER,Brand#33,Supplier#000000015,INDIA,ASIA,799.85,4688,664,Customer#000000664,BUILDING,8878.22
12069,5,21.00,33866.91,0.08,0.07,REG AIR,DELIVER IN PERSON,blanched rose royal tomato hot,ECONOMY BRUSHED COPPER,Brand#33,Supplier#000000015,INDIA,ASIA,799.85,4688,666,Customer#000000666,AUTOMOBILE,4538.54
12069,5,21.00,33866.91,0.08,0.07,REG AIR,DELIVER IN PERSON,blanched rose royal tomato hot,ECONOMY BRUSHED COPPER,Brand#33,Supplier#000000015,INDIA,ASIA,799.85,4688,669,Customer#000000669,MACHINERY,6019.20
12069,5,21.00,33866.91,0.08,0.07,REG AIR,DELIVER IN PERSON,blanched rose royal tomato hot,ECONOMY BRUSHED COPPER,Brand#33,Supplier#000000015,INDIA,ASIA,799.85,4688,670,Customer#000000670,BUILDING,6738.93
12069,5,21.00,33866.91,0.08,0.07,REG AIR,DELIVER IN PERSON,blanched rose royal tomato hot,ECONOMY BRUSHED COPPER,Brand#33,Supplier#000000015,INDIA,ASIA,799.85,4688,672,Customer#000000672,BUILDING,7778.95
12069,5,21.00,33866.91,0.08,0.07,REG AIR,DELIVER IN PERSON,blanched rose royal tomato hot,ECONOMY BRUSHED COPPER,Brand#33,Supplier#000000015,INDIA,ASIA,799.85,4688,673,Customer#000000673,MACHINERY,3942.58
12069,5,21.00,33866.91,0.08,0.07,REG AIR,DELIVER IN PERSON,blanched rose royal tomato hot,ECONOMY BRUSHED COPPER,Brand#33,Supplier#000000015,INDIA,ASIA,799.85,4688,674,Customer#000000674,BUILDING,7889.64
12069,5,21.00,33866.91,0.08,0.07,REG AIR,DELIVER IN PERSON,blanched rose royal tomato hot,ECONOMY BRUSHED COPPER,Brand#33,Supplier#000000015,INDIA,ASIA,799.85,4688,677,Customer#000000677,AUTOMOBILE,5582.63
12069,5,21.00,33866.91,0.08,0.07,REG AIR,DELIVER IN PERSON,blanched rose royal tomato hot,ECONOMY BRUSHED COPPER,Brand#33,Supplier#000000015,INDIA,ASIA,799.85,4688,679,Customer#000000679,AUTOMOBILE,1394.44
12069,5,21.00,33866.91,0.08,0.07,REG AIR,DELIVER IN PERSON,blanched rose royal tomato hot,ECONOMY BRUSHED COPPER,Brand#33,Supplier#000000015,INDIA,ASIA,799.85,4688,680,Customer#000000680,AUTOMOBILE,4366.23
12069,5,21.00,33866.91,0.08,0.07,REG AIR,DELIVER IN PERSON,blanched rose royal tomato hot,ECONOMY BRUSHED COPPER,Brand#33,Supplier#000000015,INDIA,ASIA,799.85,4688,682,Customer#000000682,AUTOMOBILE,7420.60
12069,5,21.00,33866.91,0.08,0.07,REG AIR,DELIVER IN PERSON,blanched rose royal tomato hot,ECONOMY BRUSHED COPPER,Brand#33,Supplier#000000015,INDIA,ASIA,799.85,4688,683,Customer#000000683,MACHINERY,9120.93
12069,5,21.00,33866.91,0.08,0.07,REG AIR,DELIVER IN PERSON,blanched rose royal tomato hot,ECONOMY BRUSHED COPPER,Brand#33,Supplier#000000015,INDIA,ASIA,799.85,4688,685,Customer#000000685,MACHINERY,2039.84
12069,5,21.00,33866.91,0.08,0.07,REG AIR,DELIVER IN PERSON,blanched rose royal tomato hot,ECONOMY BRUSHED COPPER,Brand#33,Supplier#000000015,INDIA,ASIA,799.85,4688,689,Customer#000000689,MACHINERY,1481.24
12069,5,21.00,33866.91,0.08,0.07,REG AIR,DELIVER IN PERSON,blanched rose royal tomato hot,ECONOMY BRUSHED COPPER,Brand#33,Supplier#000000015,INDIA,ASIA,799.85,4688,691,Customer#000000691,MACHINERY,9566.15
12069,5,21.00,33866.91,0.08,0.07,REG AIR,DELIVER IN PERSON,blanched rose royal tomato hot,ECONOMY BRUSHED COPPER,Brand#33,Supplier#000000015,INDIA,ASIA,799.85,4688,693,Customer#000000693,AUTOMOBILE,6577.21
12069,5,21.00,33866.91,0.08,0.07,REG AIR,DELIVER IN PERSON,blanched rose royal tomato hot,ECONOMY BRUSHED COPPER,Brand#33,Supplier#000000015,INDIA,ASIA,799.85,4688,694,Customer#000000694,BUILDING,2222.65
12069,5,21.00,33866.91,0.08,0.07,REG AIR,DELIVER IN PERSON,blanched rose royal tomato hot,ECONOMY BRUSHED COPPER,Brand#33,Supplier#000000015,INDIA,ASIA,799.85,4688,697,Customer#000000697,AUTOMOBILE,8121.84
12069,5,21.00,33866.91,0.08,0.07,REG AIR,DELIVER IN PERSON,blanched rose royal tomato hot,ECONOMY BRUSHED COPPER,Brand#33,Supplier#000000015,INDIA,ASIA,799.85,4688,698,Customer#000000698,BUILDING,2894.22
12069,5,21.00,33866.91,0.08,0.07,REG AIR,DELIVER IN PERSON,blanched rose royal tomato hot,ECONOMY BRUSHED COPPER,Brand#33,Supplier#000000015,INDIA,ASIA,799.85,4688,700,Customer#000000700,MACHINERY,4367.53
12069,5,21.00,33866.91,0.08,0.07,REG AIR,DELIVER IN PERSON,blanched rose royal tomato hot,ECONOMY BRUSHED COPPER,Brand#33,Supplier#000000015,INDIA,ASIA,799.85,4688,703,Customer#000000703,AUTOMOBILE,3998.42
12069,5,21.00,33866.91,0.08,0.07,REG AIR,DELIVER IN PERSON,blanched rose royal tomato hot,ECONOMY BRUSHED COPPER,Brand#33,Supplier#000000015,INDIA,ASIA,799.85,4688,705,Customer#000000705,BUILDING,3199.00
12069,5,21.00,33866.91,0.08,0.07,REG AIR,DELIVER IN PERSON,blanched rose royal tomato hot,ECONOMY BRUSHED COPPER,Brand#33,Supplier#000000015,INDIA,ASIA,799.85,4688,706,Customer#000000706,AUTOMOBILE,6496.08
12069,5,21.00,33866.91,0.08,0.07,REG AIR,DELIVER IN PERSON,blanched rose royal tomato hot,ECONOMY BRUSHED COPPER,Brand#33,Supplier#000000015,INDIA,ASIA,799.85,4688,708,Customer#000000708,BUILDING,2297.33
12069,5,21.00,33866.91,0.08,0.07,REG AIR,DELIVER IN PERSON,blanched rose royal tomato hot,ECONOMY BRUSHED COPPER,Brand#33,Supplier#000000015,INDIA,ASIA,799.85,4688,711,Customer#000000711,MACHINERY,9591.51
12069,5,21.00,33866.91,0.08,0.07,REG AIR,DELIVER IN PERSON,blanched rose royal tomato hot,ECONOMY BRUSHED COPPER,Brand#33,Supplier#000000015,INDIA,ASIA,799.85,4688,712,Customer#000000712,BUILDING,8667.09
12069,5,21.00,33866.91,0.08,0.07,REG AIR,DELIVER IN PERSON,blanched rose royal tomato hot,ECONOMY BRUSHED COPPER,Brand#33,Supplier#000000015,INDIA,ASIA,799.85,4688,713,Customer#000000713,MACHINERY,3829.03
12069,5,21.00,33866.91,0.08,0.07,REG AIR,DELIVER IN PERSON,blanched rose royal tomato hot,ECONOMY BRUSHED COPPER,Brand#33,Supplier#000000015,INDIA,ASIA,799.85,4688,714,Customer#000000714,BUILDING,2438.10
12069,5,21.00,33866.91,0.08,0.07,REG AIR,DELIVER IN PERSON,blanched rose royal tomato hot,ECONOMY BRUSHED COPPER,Brand#33,Supplier#000000015,INDIA,ASIA,799.85,4688,716,Customer#000000716,AUTOMOBILE,8364.99
12069,5,21.00,33866.91,0.08,0.07,REG AIR,DELIVER IN PERSON,blanched rose royal tomato hot,ECONOMY BRUSHED COPPER,Brand#33,Supplier#000000015,INDIA,ASIA,799.85,4688,717,Customer#000000717,MACHINERY,8510.94
12069,5,21.00,33866.91,0.08,0.07,REG AIR,DELIVER IN PERSON,blanched rose royal tomato hot,ECONOMY BRUSHED COPPER,Brand#33,Supplier#000000015,INDIA,ASIA,799.85,4688,721,Customer#000000721,AUTOMOBILE,3420.64
12069,5,21.00,33866.91,0.08,0.07,REG AIR,DELIVER IN PERSON,blanched rose royal tomato hot,ECONOMY BRUSHED COPPER,Brand#33,Supplier#000000015,INDIA,ASIA,799.85,4688,722,Customer#000000722,BUILDING,2724.80
12069,5,21.00,33866.91,0.08,0.07,REG AIR,DELIVER IN PERSON,blanched rose royal tomato hot,ECONOMY BRUSHED COPPER,Brand#33,Supplier#000000015,INDIA,ASIA,799.85,4688,723,Customer#000000723,BUILDING,738.57
12069,5,21.00,33866.91,0.08,0.07,REG AIR,DELIVER IN PERSON,blanched rose royal tomato hot,ECONOMY BRUSHED COPPER,Brand#33,Supplier#000000015,INDIA,ASIA,799.85,4688,724,Customer#000000724,AUTOMOBILE,3035.29
12069,5,21.00,33866.91,0.08,0.07,REG AIR,DELIVER IN PERSON,blanched rose royal tomato hot,ECONOMY BRUSHED COPPER,Brand#33,Supplier#000000015,INDIA,ASIA,799.85,4688,726,Customer#000000726,BUILDING,6253.81
12069,5,21.00,33866.91,0.08,0.07,REG AIR,DELIVER IN PERSON,blanched rose royal tomato hot,ECONOMY BRUSHED COPPER,Brand#33,Supplier#000000015,INDIA,ASIA,799.85,4688,728,Customer#000000728,BUILDING,4349.73
12069,5,21.00,33866.91,0.08,0.07,REG AIR,DELIVER IN PERSON,blanched rose royal tomato hot,ECONOMY BRUSHED COPPER,Brand#33,Supplier#000000015,INDIA,ASIA,799.85,4688,729,Customer#000000729,MACHINERY,8947.26
12069,5,21.00,33866.91,0.08,0.07,REG AIR,DELIVER IN PERSON,blanched rose royal tomato hot,ECONOMY BRUSHED COPPER,Brand#33,Supplier#000000015,INDIA,ASIA,799.85,4688,730,Customer#000000730,AUTOMOBILE,4718.23
12069,5,21.00,33866.91,0.08,0.07,REG AIR,DELIVER IN PERSON,blanched rose royal tomato hot,ECONOMY BRUSHED COPPER,Brand#33,Supplier#000000015,INDIA,ASIA,799.85,4688,731,Customer#000000731,MACHINERY,9311.17
12069,5,21.00,33866.91,0.08,0.07,REG AIR,DELIVER IN PERSON,blanched rose royal tomato hot,ECONOMY BRUSHED COPPER,Brand#33,Supplier#000000015,INDIA,ASIA,799.85,4688,732,Customer#000000732,BUILDING,4830.51
12069,5,21.00,33866.91,0.08,0.07,REG AIR,DELIVER IN PERSON,blanched rose royal tomato hot,ECONOMY BRUSHED COPPER,Brand#33,Supplier#000000015,INDIA,ASIA,799.85,4688,734,Customer#000000734,AUTOMOBILE,9750.71
12069,5,21.00,33866.91,0.08,0.07,REG AIR,DELIVER IN PERSON,blanched rose royal tomato hot,ECONOMY BRUSHED COPPER,Brand#33,Supplier#000000015,INDIA,ASIA,799.85,4688,736,Customer#000000736,MACHINERY,9114.68
12069,5,21.00,33866.91,0.08,0.07,REG AIR,DELIVER IN PERSON,blanched rose royal tomato hot,ECONOMY BRUSHED COPPER,Brand#33,Supplier#000000015,INDIA,ASIA,799.85,4688,737,Customer#000000737,AUTOMOBILE,2501.74
12069,5,21.00,33866.91,0.08,0.07,REG AIR,DELIVER IN PERSON,blanched rose royal tomato hot,ECONOMY BRUSHED COPPER,Brand#33,Supplier#000000015,INDIA,ASIA,799.85,4688,738,Customer#000000738,MACHINERY,2734.95
12069,5,21.00,33866.91,0.08,0.07,REG AIR,DELIVER IN PERSON,blanched rose royal tomato hot,ECONOMY BRUSHED COPPER,Brand#33,Supplier#000000015,INDIA,ASIA,799.85,4688,740,Customer#000000740,BUILDING,1733.76
12069,5,21.00,33866.91,0.08,0.07,REG AIR,DELIVER IN PERSON,blanched rose royal tomato hot,ECONOMY BRUSHED COPPER,Brand#33,Supplier#000000015,INDIA,ASIA,799.85,4688,746,Customer#000000746,MACHINERY,1164.46
12069,5,21.00,33866.91,0.08,0.07,REG AIR,DELIVER IN PERSON,blanched rose royal tomato hot,ECONOMY BRUSHED COPPER,Brand#33,Supplier#000000015,INDIA,ASIA,799.85,4688,748,Customer#000000748,AUTOMOBILE,6959.09
12069,5,21.00,33866.91,0.08,0.07,REG AIR,DELIVER IN PERSON,blanched rose royal tomato hot,ECONOMY BRUSHED COPPER,Brand#33,Supplier#000000015,INDIA,ASIA,799.85,4688,749,Customer#000000749,MACHINERY,7491.42
14822,1,23.00,41788.93,0.06,0.04,AIR,DELIVER IN PERSON,chartreuse tomato rose chocolate magenta,MEDIUM BURNISHED BRASS,Brand#21,Supplier#000000007,UNITED KINGDOM,EUROPE,813.63,6981,1,Customer#000000001,BUILDING,711.56
14822,1,23.00,41788.93,0.06,0.04,AIR,DELIVER IN PERSON,chartreuse tomato rose chocolate magenta,MEDIUM BURNISHED BRASS,Brand#21,Supplier#000000007,UNITED KINGDOM,EUROPE,813.63,6981,3,Customer#000000003,AUTOMOBILE,7498.12
14822,1,23.00,41788.93,0.06,0.04,AIR,DELIVER IN PERSON,chartreuse tomato rose chocolate magenta,MEDIUM BURNISHED BRASS,Brand#21,Supplier#000000007,UNITED KINGDOM,EUROPE,813.63,6981,4,Customer#000000004,MACHINERY,2866.83
14822,1,23.00,41788.93,0.06,0.04,AIR,DELIVER IN PERSON,chartreuse tomato rose chocolate magenta,MEDIUM BURNISHED BRASS,Brand#21,Supplier#000000007,UNITED KINGDOM,EUROPE,813.63,6981,6,Customer#000000006,AUTOMOBILE,7638.57
14822,1,23.00,41788.93,0.06,0.04,AIR,DELIVER IN PERSON,chartreuse tomato rose chocolate magenta,MEDIUM BURNISHED BRASS,Brand#21,Supplier#000000007,UNITED KINGDOM,EUROPE,813.63,6981,7,Customer#000000007,AUTOMOBILE,9561.95
14822,1,23.00,41788.93,0.06,0.04,AIR,DELIVER IN PERSON,chartreuse tomato rose chocolate magenta,MEDIUM BURNISHED BRASS,Brand#21,Supplier#000000007,UNITED KINGDOM,EUROPE,813.63,6981,8,Customer#000000008,BUILDING,6819.74
14822,1,23.00,41788.93,0.06,0.04,AIR,DELIVER IN PERSON,chartreuse tomato rose chocolate magenta,MEDIUM BURNISHED BRASS,Brand#21,Supplier#000000007,UNITED KINGDOM,EUROPE,813.63,6981,13,Customer#000000013,BUILDING,3857.34
14822,1,23.00,41788.93,0.06,0.04,AIR,DELIVER IN PERSON,chartreuse tomato rose chocolate magenta,MEDIUM BURNISHED BRASS,Brand#21,Supplier#000000007,UNITED KINGDOM,EUROPE,813.63,6981,18,Customer#000000018,BUILDING,5494.43
14822,1,23.00,41788.93,0.06,0.04,AIR,DELIVER IN PERSON,chartreuse tomato rose chocolate magenta,MEDIUM BURNISHED BRASS,Brand#21,Supplier#000000007,UNITED KINGDOM,EUROPE,813.63,6981,21,Customer#000000021,MACHINERY,1428.25
14822,1,23.00,41788.93,0.06,0.04,AIR,DELIVER IN PERSON,chartreuse tomato rose chocolate magenta,MEDIUM BURNISHED BRASS,Brand#21,Supplier#000000007,UNITED KINGDOM,EUROPE,813.63,6981,22,Customer#000000022,MACHINERY,591.98
14822,1,23.00,41788.93,0.06,0.04,AIR,DELIVER IN PERSON,chartreuse tomato rose chocolate magenta,MEDIUM BURNISHED BRASS,Brand#21,Supplier#000000007,UNITED KINGDOM,EUROPE,813.63,6981,24,Customer#000000024,MACHINERY,9255.67
14822,1,23.00,41788.93,0.06,0.04,AIR,DELIVER IN PERSON,chartreuse tomato rose chocolate magenta,MEDIUM BURNISHED BRASS,Brand#21,Supplier#000000007,UNITED KINGDOM,EUROPE,813.63,6981,26,Customer#000000026,AUTOMOBILE,5182.05
14822,1,23.00,41788.93,0.06,0.04,AIR,DELIVER IN PERSON,chartreuse tomato rose chocolate magenta,MEDIUM BURNISHED BRASS,Brand#21,Supplier#000000007,UNITED KINGDOM,EUROPE,813.63,6981,27,Customer#000000027,BUILDING,5679.84
14822,1,23.00,41788.93,0.06,0.04,AIR,DELIVER IN PERSON,chartreuse tomato rose chocolate magenta,MEDIUM BURNISHED BRASS,Brand#21,Supplier#000000007,UNITED KINGDOM,EUROPE,813.63,6981,30,Customer#000000030,BUILDING,9321.01
14822,1,23.00,41788.93,0.06,0.04,AIR,DELIVER IN PERSON,chartreuse tomato rose chocolate magenta,MEDIUM BURNISHED BRASS,Brand#21,Supplier#000000007,UNITED KINGDOM,EUROPE,813.63,6981,32,Customer#000000032,BUILDING,3471.53
14822,1,23.00,41788.93,0.06,0.04,AIR,DELIVER IN PERSON,chartreuse tomato rose chocolate magenta,MEDIUM BURNISHED BRASS,Brand#21,Supplier#000000007,UNITED KINGDOM,EUROPE,813.63,6981,36,Customer#000000036,BUILDING,4987.27
14822,1,23.00,41788.93,0.06,0.04,AIR,DELIVER IN PERSON,chartreuse tomato rose chocolate magenta,MEDIUM BURNISHED BRASS,Brand#21,Supplier#000000007,UNITED KINGDOM,EUROPE,813.63,6981,39,Customer#000000039,AUTOMOBILE,6264.31
14822,1,23.00,41788.93,0.06,0.04,AIR,DELIVER IN PERSON,chartreuse tomato rose chocolate magenta,MEDIUM BURNISHED BRASS,Brand#21,Supplier#000000007,UNITED KINGDOM,EUROPE,813.63,6981,40,Customer#000000040,BUILDING,1335.30
14822,1,23.00,41788.93,0.06,0.04,AIR,DELIVER IN PERSON,chartreuse tomato rose chocolate magenta,MEDIUM BURNISHED BRASS,Brand#21,Supplier#000000007,UNITED KINGDOM,EUROPE,813.63,6981,42,Customer#000000042,BUILDING,8727.01
14822,1,23.00,41788.93,0.06,0.04,AIR,DELIVER IN PERSON,chartreuse tomato rose chocolate magenta,MEDIUM BURNISHED BRASS,Brand#21,Supplier#000000007,UNITED KINGDOM,EUROPE,813.63,6981,43,Customer#000000043,MACHINERY,9904.28
14822,1,23.00,41788.93,0.06,0.04,AIR,DELIVER IN PERSON,chartreuse tomato rose chocolate magenta,MEDIUM BURNISHED BRASS,Brand#21,Supplier#000000007,UNITED KINGDOM,EUROPE,813.63,6981,44,Customer#000000044,AUTOMOBILE,7315.94
14822,1,23.00,41788.93,0.06,0.04,AIR,DELIVER IN PERSON,chartreuse tomato rose chocolate magenta,MEDIUM BURNISHED BRASS,Brand#21,Supplier#000000007,UNITED KINGDOM,EUROPE,813.63,6981,45,Customer#000000045,AUTOMOBILE,9983.38
14822,1,23.00,41788.93,0.06,0.04,AIR,DELIVER IN PERSON,chartreuse tomato rose chocolate magenta,MEDIUM BURNISHED BRASS,Brand#21,Supplier#000000007,UNITED KINGDOM,EUROPE,813.63,6981,46,Customer#000000046,AUTOMOBILE,5744.59
14822,1,23.00,41788.93,0.06,0.04,AIR,DELIVER IN PERSON,chartreuse tomato rose chocolate magenta,MEDIUM BURNISHED BRASS,Brand#21,Supplier#000000007,UNITED KINGDOM,EUROPE,813.63,6981,48,Customer#000000048,BUILDING,3792.50
14822,1,23.00,41788.93,0.06,0.04,AIR,DELIVER IN PERSON,chartreuse tomato rose chocolate magenta,MEDIUM BURNISHED BRASS,Brand#21,Supplier#000000007,UNITED KINGDOM,EUROPE,813.63,6981,50,Customer#000000050,MACHINERY,4266.13
14822,1,23.00,41788.93,0.06,0.04,AIR,DELIVER IN PERSON,chartreuse tomato rose chocolate magenta,MEDIUM BURNISHED BRASS,Brand#21,Supplier#000000007,UNITED KINGDOM,EUROPE,813.63,6981,54,Customer#000000054,AUTOMOBILE,868.90
14822,1,23.00,41788.93,0.06,0.04,AIR,DELIVER IN PERSON,chartreuse tomato rose chocolate magenta,MEDIUM BURNISHED BRASS,Brand#21,Supplier#000000007,UNITED KINGDOM,EUROPE,813.63,6981,55,Customer#000000055,MACHINERY,4572.11
14822,1,23.00,41788.93,0.06,0.04,AIR,DELIVER IN PERSON,chartreuse tomato rose chocolate magenta,MEDIUM BURNISHED BRASS,Brand#21,Supplier#000000007,UNITED KINGDOM,EUROPE,813.63,6981,57,Customer#000000057,AUTOMOBILE,4151.93
14822,1,23.00,41788.93,0.06,0.04,AIR,DELIVER IN PERSON,chartreuse tomato rose chocolate magenta,MEDIUM BURNISHED BRASS,Brand#21,Supplier#000000007,UNITED KINGDOM,EUROPE,813.63,6981,59,Customer#000000059,MACHINERY,3458.60
14822,1,23.00,41788.93,0.06,0.04,AIR,DELIVER IN PERSON,chartreuse tomato rose chocolate magenta,MEDIUM BURNISHED BRASS,Brand#21,Supplier#000000007,UNITED KINGDOM,EUROPE,813.63,6981,60,Customer#000000060,MACHINERY,2741.87
14822,1,23.00,41788.93,0.06,0.04,AIR,DELIVER IN PERSON,chartreuse tomato rose chocolate magenta,MEDIUM BURNISHED BRASS,Brand#21,Supplier#000000007,UNITED KINGDOM,EUROPE,813.63,6981,62,Customer#000000062,MACHINERY,595.61
14822,1,23.00,41788.93,0.06,0.04,AIR,DELIVER IN PERSON,chartreuse tomato rose chocolate magenta,MEDIUM BURNISHED BRASS,Brand#21,Supplier#000000007,UNITED KINGDOM,EUROPE,813.63,6981,63,Customer#000000063,AUTOMOBILE,9331.13
14822,1,23.00,41788.93,0.06,0.04,AIR,DELIVER IN PERSON,chartreuse tomato rose chocolate magenta,MEDIUM BURNISHED BRASS,Brand#21,Supplier#000000007,UNITED KINGDOM,EUROPE,813.63,6981,65,Customer#000000065,AUTOMOBILE,8795.16
14822,1,23.00,41788.93,0.06,0.04,AIR,DELIVER IN PERSON,chartreuse tomato rose chocolate magenta,MEDIUM BURNISHED BRASS,Brand#21,Supplier#000000007,UNITED KINGDOM,EUROPE,813.63,6981,67,Customer#000000067,MACHINERY,8166.59
14822,1,23.00,41788.93,0.06,0.04,AIR,DELIVER IN PERSON,chartreuse tomato rose chocolate magenta,MEDIUM BURNISHED BRASS,Brand#21,Supplier#000000007,UNITED KINGDOM,EUROPE,813.63,6981,73,Customer#000000073,BUILDING,4288.50
14822,1,23.00,41788.93,0.06,0.04,AIR,DELIVER IN PERSON,chartreuse tomato rose chocolate magenta,MEDIUM BURNISHED BRASS,Brand#21,Supplier#000000007,UNITED KINGDOM,EUROPE,813.63,6981,74,Customer#000000074,MACHINERY,2764.43
14822,1,23.00,41788.93,0.06,0.04,AIR,DELIVER IN PERSON,chartreuse tomato rose chocolate magenta,MEDIUM BURNISHED BRASS,Brand#21,Supplier#000000007,UNITED KINGDOM,EUROPE,813.63,6981,75,Customer#000000075,AUTOMOBILE,6684.10
14822,1,23.00,41788.93,0.06,0.04,AIR,DELIVER IN PERSON,chartreuse tomato rose chocolate magenta,MEDIUM BURNISHED BRASS,Brand#21,Supplier#000000007,UNITED KINGDOM,EUROPE,813.63,6981,77,Customer#000000077,BUILDING,1738.87
14822,1,23.00,41788.93,0.06,0.04,AIR,DELIVER IN PERSON,chartreuse tomato rose chocolate magenta,MEDIUM BURNISHED BRASS,Brand#21,Supplier#000000007,UNITED KINGDOM,EUROPE,813.63,6981,79,Customer#000000079,MACHINERY,5121.28
14822,1,23.00,41788.93,0.06,0.04,AIR,DELIVER IN PERSON,chartreuse tomato rose chocolate magenta,MEDIUM BURNISHED BRASS,Brand#21,Supplier#000000007,UNITED KINGDOM,EUROPE,813.63,6981,81,Customer#000000081,BUILDING,2023.71
14822,1,23.00,41788.93,0.06,0.04,AIR,DELIVER IN PERSON,chartreuse tomato rose chocolate magenta,MEDIUM BURNISHED BRASS,Brand#21,Supplier#000000007,UNITED KINGDOM,EUROPE,813.63,6981,82,Customer#000000082,AUTOMOBILE,9468.34
14822,1,23.00,41788.93,0.06,0.04,AIR,DELIVER IN PERSON,chartreuse tomato rose chocolate magenta,MEDIUM BURNISHED BRASS,Brand#21,Supplier#000000007,UNITED KINGDOM,EUROPE,813.63,6981,83,Customer#000000083,BUILDING,6463.51
14822,1,23.00,41788.93,0.06,0.04,AIR,DELIVER IN PERSON,chartreuse tomato rose chocolate magenta,MEDIUM BURNISHED BRASS,Brand#21,Supplier#000000007,UNITED KINGDOM,EUROPE,813.63,6981,88,Customer#000000088,AUTOMOBILE,8031.44
14822,1,23.00,41788.93,0.06,0.04,AIR,DELIVER IN PERSON,chartreuse tomato rose chocolate magenta,MEDIUM BURNISHED BRASS,Brand#21,Supplier#000000007,UNITED KINGDOM,EUROPE,813.63,6981,90,Customer#000000090,BUILDING,7354.23
14822,1,23.00,41788.93,0.06,0.04,AIR,DELIVER IN PERSON,chartreuse tomato rose chocolate magenta,MEDIUM BURNISHED BRASS,Brand#21,Supplier#000000007,UNITED KINGDOM,EUROPE,813.63,6981,91,Customer#000000091,AUTOMOBILE,4643.14
14822,1,23.00,41788.93,0.06,0.04,AIR,DELIVER IN PERSON,chartreuse tomato rose chocolate magenta,MEDIUM BURNISHED BRASS,Brand#21,Supplier#000000007,UNITED KINGDOM,EUROPE,813.63,6981,92,Customer#000000092,MACHINERY,1182.91
14822,1,23.00,41788.93,0.06,0.04,AIR,DELIVER IN PERSON,chartreuse tomato rose chocolate magenta,MEDIUM BURNISHED BRASS,Brand#21,Supplier#000000007,UNITED KINGDOM,EUROPE,813.63,6981,93,Customer#000000093,MACHINERY,2182.52
14822,1,23.00,41788.93,0.06,0.04,AIR,DELIVER IN PERSON,chartreuse tomato rose chocolate magenta,MEDIUM BURNISHED BRASS,Brand#21,Supplier#000000007,UNITED KINGDOM,EUROPE,813.63,6981,95,Customer#000000095,MACHINERY,5327.38
14822,1,23.00,41788.93,0.06,0.04,AIR,DELIVER IN PERSON,chartreuse tomato rose chocolate magenta,MEDIUM BURNISHED BRASS,Brand#21,Supplier#000000007,UNITED KINGDOM,EUROPE,813.63,6981,97,Customer#000000097,AUTOMOBILE,2164.48
14822,1,23.00,41788.93,0.06,0.04,AIR,DELIVER IN PERSON,chartreuse tomato rose chocolate magenta,MEDIUM BURNISHED BRASS,Brand#21,Supplier#000000007,UNITED KINGDOM,EUROPE,813.63,6981,101,Customer#000000101,MACHINERY,7470.96
14822,1,23.00,41788.93,0.06,0.04,AIR,DELIVER IN PERSON,chartreuse tomato rose chocolate magenta,MEDIUM BURNISHED BRASS,Brand#21,Supplier#000000007,UNITED KINGDOM,EUROPE,813.63,6981,102,Customer#000000102,BUILDING,8462.17
14822,1,23.00,41788.93,0.06,0.04,AIR,DELIVER IN PERSON,chartreuse tomato rose chocolate magenta,MEDIUM BURNISHED BRASS,Brand#21,Supplier#000000007,UNITED KINGDOM,EUROPE,813.63,6981,103,Customer#000000103,BUILDING,2757.45
14822,1,23.00,41788.93,0.06,0.04,AIR,DELIVER IN PERSON,chartreuse tomato rose chocolate magenta,MEDIUM BURNISHED BRASS,Brand#21,Supplier#000000007,UNITED KINGDOM,EUROPE,813.63,6981,105,Customer#000000105,MACHINERY,9091.82
14822,1,23.00,41788.93,0.06,0.04,AIR,DELIVER IN PERSON,chartreuse tomato rose chocolate magenta,MEDIUM BURNISHED BRASS,Brand#21,Supplier#000000007,UNITED KINGDOM,EUROPE,813.63,6981,106,Customer#000000106,MACHINERY,3288.42
14822,1,23.00,41788.93,0.06,0.04,AIR,DELIVER IN PERSON,chartreuse tomato rose chocolate magenta,MEDIUM BURNISHED BRASS,Brand#21,Supplier#000000007,UNITED KINGDOM,EUROPE,813.63,6981,107,Customer#000000107,AUTOMOBILE,2514.15
14822,1,23.00,41788.93,0.06,0.04,AIR,DELIVER IN PERSON,chartreuse tomato rose chocolate magenta,MEDIUM BURNISHED BRASS,Brand#21,Supplier#000000007,UNITED KINGDOM,EUROPE,813.63,6981,108,Customer#000000108,BUILDING,2259.38
14822,1,23.00,41788.93,0.06,0.04,AIR,DELIVER IN PERSON,chartreuse tomato rose chocolate magenta,MEDIUM BURNISHED BRASS,Brand#21,Supplier#000000007,UNITED KINGDOM,EUROPE,813.63,6981,110,Customer#000000110,AUTOMOBILE,7462.99
14822,1,23.00,41788.93,0.06,0.04,AIR,DELIVER IN PERSON,chartreuse tomato rose chocolate magenta,MEDIUM BURNISHED BRASS,Brand#21,Supplier#000000007,UNITED KINGDOM,EUROPE,813.63,6981,111,Customer#000000111,MACHINERY,6505.26
14822,1,23.00,41788.93,0.06,0.04,AIR,DELIVER IN PERSON,chartreuse tomato rose chocolate magenta,MEDIUM BURNISHED BRASS,Brand#21,Supplier#000000007,UNITED KINGDOM,EUROPE,813.63,6981,113,Customer#000000113,BUILDING,2912.00
14822,1,23.00,41788.93,0.06,0.04,AIR,DELIVER IN PERSON,chartreuse tomato rose chocolate magenta,MEDIUM BURNISHED BRASS,Brand#21,Supplier#000000007,UNITED KINGDOM,EUROPE,813.63,6981,116,Customer#000000116,BUILDING,8403.99
14822,1,23.00,41788.93,0.06,0.04,AIR,DELIVER IN PERSON,chartreuse tomato rose chocolate magenta,MEDIUM BURNISHED BRASS,Brand#21,Supplier#000000007,UNITED KINGDOM,EUROPE,813.63,6981,121,Customer#000000121,BUILDING,6428.32
14822,1,23.00,41788.93,0.06,0.04,AIR,DELIVER IN PERSON,chartreuse tomato rose chocolate magenta,MEDIUM BURNISHED BRASS,Brand#21,Supplier#000000007,UNITED KINGDOM,EUROPE,813.63,6981,123,Customer#000000123,BUILDING,5897.83
14822,1,23.00,41788.93,0.06,0.04,AIR,DELIVER IN PERSON,chartreuse tomato rose chocolate magenta,MEDIUM BURNISHED BRASS,Brand#21,Supplier#000000007,UNITED KINGDOM,EUROPE,813.63,6981,124,Customer#000000124,AUTOMOBILE,1842.49
14822,1,23.00,41788.93,0.06,0.04,AIR,DELIVER IN PERSON,chartreuse tomato rose chocolate magenta,MEDIUM BURNISHED BRASS,Brand#21,Supplier#000000007,UNITED KINGDOM,EUROPE,813.63,6981,127,Customer#000000127,MACHINERY,9280.71
14822,1,23.00,41788.93,0.06,0.04,AIR,DELIVER IN PERSON,chartreuse tomato rose chocolate magenta,MEDIUM BURNISHED BRASS,Brand#21,Supplier#000000007,UNITED KINGDOM,EUROPE,813.63,6981,133,Customer#000000133,AUTOMOBILE,2314.67
14822,1,23.00,41788.93,0.06,0.04,AIR,DELIVER IN PERSON,chartreuse tomato rose chocolate magenta,MEDIUM BURNISHED BRASS,Brand#21,Supplier#000000007,UNITED KINGDOM,EUROPE,813.63,6981,134,Customer#000000134,BUILDING,4608.90
14822,1,23.00,41788.93,0.06,0.04,AIR,DELIVER IN PERSON,chartreuse tomato rose chocolate magenta,MEDIUM BURNISHED BRASS,Brand#21,Supplier#000000007,UNITED KINGDOM,EUROPE,813.63,6981,139,Customer#000000139,MACHINERY,7897.78
14822,1,23.00,41788.93,0.06,0.04,AIR,DELIVER IN PERSON,chartreuse tomato rose chocolate magenta,MEDIUM BURNISHED BRASS,Brand#21,Supplier#000000007,UNITED KINGDOM,EUROPE,813.63,6981,140,Customer#000000140,MACHINERY,9963.15
14822,1,23.00,41788.93,0.06,0.04,AIR,DELIVER IN PERSON,chartreuse tomato rose chocolate magenta,MEDIUM BURNISHED BRASS,Brand#21,Supplier#000000007,UNITED KINGDOM,EUROPE,813.63,6981,142,Customer#000000142,AUTOMOBILE,2209.81
14822,1,23.00,41788.93,0.06,0.04,AIR,DELIVER IN PERSON,chartreuse tomato rose chocolate magenta,MEDIUM BURNISHED BRASS,Brand#21,Supplier#000000007,UNITED KINGDOM,EUROPE,813.63,6981,143,Customer#000000143,MACHINERY,2186.50
14822,1,23.00,41788.93,0.06,0.04,AIR,DELIVER IN PERSON,chartreuse tomato rose chocolate magenta,MEDIUM BURNISHED BRASS,Brand#21,Supplier#000000007,UNITED KINGDOM,EUROPE,813.63,6981,144,Customer#000000144,MACHINERY,6417.31
14822,1,23.00,41788.93,0.06,0.04,AIR,DELIVER IN PERSON,chartreuse tomato rose chocolate magenta,MEDIUM BURNISHED BRASS,Brand#21,Supplier#000000007,UNITED KINGDOM,EUROPE,813.63,6981,149,Customer#000000149,AUTOMOBILE,8959.65
14822,1,23.00,41788.93,0.06,0.04,AIR,DELIVER IN PERSON,chartreuse tomato rose chocolate magenta,MEDIUM BURNISHED BRASS,Brand#21,Supplier#000000007,UNITED KINGDOM,EUROPE,813.63,6981,150,Customer#000000150,MACHINERY,3849.48
14822,1,23.00,41788.93,0.06,0.04,AIR,DELIVER IN PERSON,chartreuse tomato rose chocolate magenta,MEDIUM BURNISHED BRASS,Brand#21,Supplier#000000007,UNITED KINGDOM,EUROPE,813.63,6981,152,Customer#000000152,BUILDING,1215.18
14822,1,23.00,41788.93,0.06,0.04,AIR,DELIVER IN PERSON,chartreuse tomato rose chocolate magenta,MEDIUM BURNISHED BRASS,Brand#21,Supplier#000000007,UNITED KINGDOM,EUROPE,813.63,6981,155,Customer#000000155,AUTOMOBILE,5902.85
14822,1,23.00,41788.93,0.06,0.04,AIR,DELIVER IN PERSON,chartreuse tomato rose chocolate magenta,MEDIUM BURNISHED BRASS,Brand#21,Supplier#000000007,UNITED KINGDOM,EUROPE,813.63,6981,156,Customer#000000156,AUTOMOBILE,9302.95
14822,1,23.00,41788.93,0.06,0.04,AIR,DELIVER IN PERSON,chartreuse tomato rose chocolate magenta,MEDIUM BURNISHED BRASS,Brand#21,Supplier#000000007,UNITED KINGDOM,EUROPE,813.63,6981,157,Customer#000000157,BUILDING,9768.73
14822,1,23.00,41788.93,0.06,0.04,AIR,DELIVER IN PERSON,chartreuse tomato rose chocolate magenta,MEDIUM BURNISHED BRASS,Brand#21,Supplier#000000007,UNITED KINGDOM,EUROPE,813.63,6981,158,Customer#000000158,AUTOMOBILE,6160.95
14822,1,23.00,41788.93,0.06,0.04,AIR,DELIVER IN PERSON,chartreuse tomato rose chocolate magenta,MEDIUM BURNISHED BRASS,Brand#21,Supplier#000000007,UNITED KINGDOM,EUROPE,813.63,6981,160,Customer#000000160,MACHINERY,4363.17
14822,1,23.00,41788.93,0.06,0.04,AIR,DELIVER IN PERSON,chartreuse tomato rose chocolate magenta,MEDIUM BURNISHED BRASS,Brand#21,Supplier#000000007,UNITED KINGDOM,EUROPE,813.63,6981,161,Customer#000000161,MACHINERY,3714.06
14822,1,23.00,41788.93,0.06,0.04,AIR,DELIVER IN PERSON,chartreuse tomato rose chocolate magenta,MEDIUM BURNISHED BRASS,Brand#21,Supplier#000000007,UNITED KINGDOM,EUROPE,813.63,6981,162,Customer#000000162,MACHINERY,6268.99
14822,1,23.00,41788.93,0.06,0.04,AIR,DELIVER IN PERSON,chartreuse tomato rose chocolate magenta,MEDIUM BURNISHED BRASS,Brand#21,Supplier#000000007,UNITED KINGDOM,EUROPE,813.63,6981,167,Customer#000000167,AUTOMOBILE,1468.09
14822,1,23.00,41788.93,0.06,0.04,AIR,DELIVER IN PERSON,chartreuse tomato rose chocolate magenta,MEDIUM BURNISHED BRASS,Brand#21,Supplier#000000007,UNITED KINGDOM,EUROPE,813.63,6981,170,Customer#000000170,BUILDING,7687.89
14822,1,23.00,41788.93,0.06,0.04,AIR,DELIVER IN PERSON,chartreuse tomato rose chocolate magenta,MEDIUM BURNISHED BRASS,Brand#21,Supplier#000000007,UNITED KINGDOM,EUROPE,813.63,6981,171,Customer#000000171,MACHINERY,2379.91
14822,1,23.00,41788.93,0.06,0.04,AIR,DELIVER IN PERSON,chartreuse tomato rose chocolate magenta,MEDIUM BURNISHED BRASS,Brand#21,Supplier#000000007,UNITED KINGDOM,EUROPE,813.63,6981,172,Customer#000000172,MACHINERY,1134.40
14822,1,23.00,41788.93,0.06,0.04,AIR,DELIVER IN PERSON,chartreuse tomato rose chocolate magenta,MEDIUM BURNISHED BRASS,Brand#21,Supplier#000000007,UNITED KINGDOM,EUROPE,813.63,6981,173,Customer#000000173,BUILDING,845.84
14822,1,23.00,41788.93,0.06,0.04,AIR,DELIVER IN PERSON,chartreuse tomato rose chocolate magenta,MEDIUM BURNISHED BRASS,Brand#21,Supplier#000000007,UNITED KINGDOM,EUROPE,813.63,6981,177,Customer#000000177,BUILDING,7457.50
14822,1,23.00,41788.93,0.06,0.04,AIR,DELIVER IN PERSON,chartreuse tomato rose chocolate magenta,MEDIUM BURNISHED BRASS,Brand#21,Supplier#000000007,UNITED KINGDOM,EUROPE,813.63,6981,182,Customer#000000182,AUTOMOBILE,4810.22
14822,1,23.00,41788.93,0.06,0.04,AIR,DELIVER IN PERSON,chartreuse tomato rose chocolate magenta,MEDIUM BURNISHED BRASS,Brand#21,Supplier#000000007,UNITED KINGDOM,EUROPE,813.63,6981,185,Customer#000000185,BUILDING,2788.76
14822,1,23.00,41788.93,0.06,0.04,AIR,DELIVER IN PERSON,chartreuse tomato rose chocolate magenta,MEDIUM BURNISHED BRASS,Brand#21,Supplier#000000007,UNITED KINGDOM,EUROPE,813.63,6981,188,Customer#000000188,BUILDING,9533.37
14822,1,23.00,41788.93,0.06,0.04,AIR,DELIVER IN PERSON,chartreuse tomato rose chocolate magenta,MEDIUM BURNISHED BRASS,Brand#21,Supplier#000000007,UNITED KINGDOM,EUROPE,813.63,6981,190,Customer#000000190,AUTOMOBILE,1657.46
14822,1,23.00,41788.93,0.06,0.04,AIR,DELIVER IN PERSON,chartreuse tomato rose chocolate magenta,MEDIUM BURNISHED BRASS,Brand#21,Supplier#000000007,UNITED KINGDOM,EUROPE,813.63,6981,191,Customer#000000191,BUILDING,2945.16
14822,1,23.00,41788.93,0.06,0.04,AIR,DELIVER IN PERSON,chartreuse tomato rose chocolate magenta,MEDIUM BURNISHED BRASS,Brand#21,Supplier#000000007,UNITED KINGDOM,EUROPE,813.63,6981,192,Customer#000000192,MACHINERY,8239.96
14822,1,23.00,41788.93,0.06,0.04,AIR,DELIVER IN PERSON,chartreuse tomato rose chocolate magenta,MEDIUM BURNISHED BRASS,Brand#21,Supplier#000000007,UNITED KINGDOM,EUROPE,813.63,6981,193,Customer#000000193,MACHINERY,8024.55
14822,1,23.00,41788.93,0.06,0.04,AIR,DELIVER IN PERSON,chartreuse tomato rose chocolate magenta,MEDIUM BURNISHED BRASS,Brand#21,Supplier#000000007,UNITED KINGDOM,EUROPE,813.63,6981,198,Customer#000000198,AUTOMOBILE,3824.76
14822,1,23.00,41788.93,0.06,0.04,AIR,DELIVER IN PERSON,chartreuse tomato rose chocolate magenta,MEDIUM BURNISHED BRASS,Brand#21,Supplier#000000007,UNITED KINGDOM,EUROPE,813.63,6981,200,Customer#000000200,BUILDING,9967.60
14822,1,23.00,41788.93,0.06,0.04,AIR,DELIVER IN PERSON,chartreuse tomato rose chocolate magenta,MEDIUM BURNISHED BRASS,Brand#21,Supplier#000000007,UNITED KINGDOM,EUROPE,813.63,6981,201,Customer#000000201,MACHINERY,4614.40
14822,1,23.00,41788.93,0.06,0.04,AIR,DELIVER IN PERSON,chartreuse tomato rose chocolate magenta,MEDIUM BURNISHED BRASS,Brand#21,Supplier#000000007,UNITED KINGDOM,EUROPE,813.63,6981,202,Customer#000000202,AUTOMOBILE,2237.64
14822,1,23.00,41788.93,0.06,0.04,AIR,DELIVER IN PERSON,chartreuse tomato rose chocolate magenta,MEDIUM BURNISHED BRASS,Brand#21,Supplier#000000007,UNITED KINGDOM,EUROPE,813.63,6981,203,Customer#000000203,MACHINERY,7960.63
14822,1,23.00,41788.93,0.06,0.04,AIR,DELIVER IN PERSON,chartreuse tomato rose chocolate magenta,MEDIUM BURNISHED BRASS,Brand#21,Supplier#000000007,UNITED KINGDOM,EUROPE,813.63,6981,205,Customer#000000205,BUILDING,7161.52
14822,1,23.00,41788.93,0.06,0.04,AIR,DELIVER IN PERSON,chartreuse tomato rose chocolate magenta,MEDIUM BURNISHED BRASS,Brand#21,Supplier#000000007,UNITED KINGDOM,EUROPE,813.63,6981,208,Customer#000000208,MACHINERY,6239.89
14822,1,23.00,41788.93,0.06,0.04,AIR,DELIVER IN PERSON,chartreuse tomato rose chocolate magenta,MEDIUM BURNISHED BRASS,Brand#21,Supplier#000000007,UNITED KINGDOM,EUROPE,813.63,6981,211,Customer#000000211,BUILDING,4198.72
14822,1,23.00,41788.93,0.06,0.04,AIR,DELIVER IN PERSON,chartreuse tomato rose chocolate magenta,MEDIUM BURNISHED BRASS,Brand#21,Supplier#000000007,UNITED KINGDOM,EUROPE,813.63,6981,212,Customer#000000212,BUILDING,957.58
14822,1,23.00,41788.93,0.06,0.04,AIR,DELIVER IN PERSON,chartreuse tomato rose chocolate magenta,MEDIUM BURNISHED BRASS,Brand#21,Supplier#000000007,UNITED KINGDOM,EUROPE,813.63,6981,214,Customer#000000214,MACHINERY,1526.59
14822,1,23.00,41788.93,0.06,0.04,AIR,DELIVER IN PERSON,chartreuse tomato rose chocolate magenta,MEDIUM BURNISHED BRASS,Brand#21,Supplier#000000007,UNITED KINGDOM,EUROPE,813.63,6981,218,Customer#000000218,MACHINERY,9541.19
14822,1,23.00,41788.93,0.06,0.04,AIR,DELIVER IN PERSON,chartreuse tomato rose chocolate magenta,MEDIUM BURNISHED BRASS,Brand#21,Supplier#000000007,UNITED KINGDOM,EUROPE,813.63,6981,219,Customer#000000219,AUTOMOBILE,9858.57
14822,1,23.00,41788.93,0.06,0.04,AIR,DELIVER IN PERSON,chartreuse tomato rose chocolate magenta,MEDIUM BURNISHED BRASS,Brand#21,Supplier#000000007,UNITED KINGDOM,EUROPE,813.63,6981,220,Customer#000000220,BUILDING,9131.64
14822,1,23.00,41788.93,0.06,0.04,AIR,DELIVER IN PERSON,chartreuse tomato rose chocolate magenta,MEDIUM BURNISHED BRASS,Brand#21,Supplier#000000007,UNITED KINGDOM,EUROPE,813.63,6981,221,Customer#000000221,BUILDING,1609.39
14822,1,23.00,41788.93,0.06,0.04,AIR,DELIVER IN PERSON,chartreuse tomato rose chocolate magenta,MEDIUM BURNISHED BRASS,Brand#21,Supplier#000000007,UNITED KINGDOM,EUROPE,813.63,6981,222,Customer#000000222,BUILDING,8893.76
14822,1,23.00,41788.93,0.06,0.04,AIR,DELIVER IN PERSON,chartreuse tomato rose chocolate magenta,MEDIUM BURNISHED BRASS,Brand#21,Supplier#000000007,UNITED KINGDOM,EUROPE,813.63,6981,223,Customer#000000223,BUILDING,7476.20
14822,1,23.00,41788.93,0.06,0.04,AIR,DELIVER IN PERSON,chartreuse tomato rose chocolate magenta,MEDIUM BURNISHED BRASS,Brand#21,Supplier#000000007,UNITED KINGDOM,EUROPE,813.63,6981,224,Customer#000000224,BUILDING,8465.15
14822,1,23.00,41788.93,0.06,0.04,AIR,DELIVER IN PERSON,chartreuse tomato rose chocolate magenta,MEDIUM BURNISHED BRASS,Brand#21,Supplier#000000007,UNITED KINGDOM,EUROPE,813.63,6981,225,Customer#000000225,AUTOMOBILE,8893.20
14822,1,23.00,41788.93,0.06,0.04,AIR,DELIVER IN PERSON,chartreuse tomato rose chocolate magenta,MEDIUM BURNISHED BRASS,Brand#21,Supplier#000000007,UNITED KINGDOM,EUROPE,813.63,6981,226,Customer#000000226,AUTOMOBILE,9008.61
14822,1,23.00,41788.93,0.06,0.04,AIR,DELIVER IN PERSON,chartreuse tomato rose chocolate magenta,MEDIUM BURNISHED BRASS,Brand#21,Supplier#000000007,UNITED KINGDOM,EUROPE,813.63,6981,227,Customer#000000227,MACHINERY,1808.23
14822,1,23.00,41788.93,0.06,0.04,AIR,DELIVER IN PERSON,chartreuse tomato rose chocolate magenta,MEDIUM BURNISHED BRASS,Brand#21,Supplier#000000007,UNITED KINGDOM,EUROPE,813.63,6981,230,Customer#000000230,MACHINERY,1682.83
14822,1,23.00,41788.93,0.06,0.04,AIR,DELIVER IN PERSON,chartreuse tomato rose chocolate magenta,MEDIUM BURNISHED BRASS,Brand#21,Supplier#000000007,UNITED KINGDOM,EUROPE,813.63,6981,234,Customer#000000234,AUTOMOBILE,8383.51
14822,1,23.00,41788.93,0.06,0.04,AIR,DELIVER IN PERSON,chartreuse tomato rose chocolate magenta,MEDIUM BURNISHED BRASS,Brand#21,Supplier#000000007,UNITED KINGDOM,EUROPE,813.63,6981,235,Customer#000000235,AUTOMOBILE,754.41
14822,1,23.00,41788.93,0.06,0.04,AIR,DELIVER IN PERSON,chartreuse tomato rose chocolate magenta,MEDIUM BURNISHED BRASS,Brand#21,Supplier#000000007,UNITED KINGDOM,EUROPE,813.63,6981,236,Customer#000000236,AUTOMOBILE,5384.59
14822,1,23.00,41788.93,0.06,0.04,AIR,DELIVER IN PERSON,chartreuse tomato rose chocolate magenta,MEDIUM BURNISHED BRASS,Brand#21,Supplier#000000007,UNITED KINGDOM,EUROPE,813.63,6981,240,Customer#000000240,MACHINERY,7139.68
14822,1,23.00,41788.93,0.06,0.04,AIR,DELIVER IN PERSON,chartreuse tomato rose chocolate magenta,MEDIUM BURNISHED BRASS,Brand#21,Supplier#000000007,UNITED KINGDOM,EUROPE,813.63,6981,241,Customer#000000241,AUTOMOBILE,6569.34
14822,1,23.00,41788.93,0.06,0.04,AIR,DELIVER IN PERSON,chartreuse tomato rose chocolate magenta,MEDIUM BURNISHED BRASS,Brand#21,Supplier#000000007,UNITED KINGDOM,EUROPE,813.63,6981,242,Customer#000000242,MACHINERY,1975.41
14822,1,23.00,41788.93,0.06,0.04,AIR,DELIVER IN PERSON,chartreuse tomato rose chocolate magenta,MEDIUM BURNISHED BRASS,Brand#21,Supplier#000000007,UNITED KINGDOM,EUROPE,813.63,6981,243,Customer#000000243,AUTOMOBILE,620.73
14822,1,23.00,41788.93,0.06,0.04,AIR,DELIVER IN PERSON,chartreuse tomato rose chocolate magenta,MEDIUM BURNISHED BRASS,Brand#21,Supplier#000000007,UNITED KINGDOM,EUROPE,813.63,6981,245,Customer#000000245,MACHINERY,3720.15
14822,1,23.00,41788.93,0.06,0.04,AIR,DELIVER IN PERSON,chartreuse tomato rose chocolate magenta,MEDIUM BURNISHED BRASS,Brand#21,Supplier#000000007,UNITED KINGDOM,EUROPE,813.63,6981,246,Customer#000000246,AUTOMOBILE,9584.96
14822,1,23.00,41788.93,0.06,0.04,AIR,DELIVER IN PERSON,chartreuse tomato rose chocolate magenta,MEDIUM BURNISHED BRASS,Brand#21,Supplier#000000007,UNITED KINGDOM,EUROPE,813.63,6981,253,Customer#000000253,AUTOMOBILE,9139.52
14822,1,23.00,41788.93,0.06,0.04,AIR,DELIVER IN PERSON,chartreuse tomato rose chocolate magenta,MEDIUM BURNISHED BRASS,Brand#21,Supplier#000000007,UNITED KINGDOM,EUROPE,813.63,6981,254,Customer#000000254,MACHINERY,1915.35
14822,1,23.00,41788.93,0.06,0.04,AIR,DELIVER IN PERSON,chartreuse tomato rose chocolate magenta,MEDIUM BURNISHED BRASS,Brand#21,Supplier#000000007,UNITED KINGDOM,EUROPE,813.63,6981,255,Customer#000000255,BUILDING,3196.07
14822,1,23.00,41788.93,0.06,0.04,AIR,DELIVER IN PERSON,chartreuse tomato rose chocolate magenta,MEDIUM BURNISHED BRASS,Brand#21,Supplier#000000007,UNITED KINGDOM,EUROPE,813.63,6981,258,Customer#000000258,MACHINERY,6022.27
14822,1,23.00,41788.93,0.06,0.04,AIR,DELIVER IN PERSON,chartreuse tomato rose chocolate magenta,MEDIUM BURNISHED BRASS,Brand#21,Supplier#000000007,UNITED KINGDOM,EUROPE,813.63,6981,260,Customer#000000260,MACHINERY,9196.11
14822,1,23.00,41788.93,0.06,0.04,AIR,DELIVER IN PERSON,chartreuse tomato rose chocolate magenta,MEDIUM BURNISHED BRASS,Brand#21,Supplier#000000007,UNITED KINGDOM,EUROPE,813.63,6981,262,Customer#000000262,AUTOMOBILE,1561.80
14822,1,23.00,41788.93,0.06,0.04,AIR,DELIVER IN PERSON,chartreuse tomato rose chocolate magenta,MEDIUM BURNISHED BRASS,Brand#21,Supplier#000000007,UNITED KINGDOM,EUROPE,813.63,6981,264,Customer#000000264,MACHINERY,3195.83
14822,1,23.00,41788.93,0.06,0.04,AIR,DELIVER IN PERSON,chartreuse tomato rose chocolate magenta,MEDIUM BURNISHED BRASS,Brand#21,Supplier#000000007,UNITED KINGDOM,EUROPE,813.63,6981,265,Customer#000000265,MACHINERY,8275.80
14822,1,23.00,41788.93,0.06,0.04,AIR,DELIVER IN PERSON,chartreuse tomato rose chocolate magenta,MEDIUM BURNISHED BRASS,Brand#21,Supplier#000000007,UNITED KINGDOM,EUROPE,813.63,6981,267,Customer#000000267,AUTOMOBILE,3166.94
14822,1,23.00,41788.93,0.06,0.04,AIR,DELIVER IN PERSON,chartreuse tomato rose chocolate magenta,MEDIUM BURNISHED BRASS,Brand#21,Supplier#000000007,UNITED KINGDOM,EUROPE,813.63,6981,268,Customer#000000268,MACHINERY,6821.01
14822,1,23.00,41788.93,0.06,0.04,AIR,DELIVER IN PERSON,chartreuse tomato rose chocolate magenta,MEDIUM BURNISHED BRASS,Brand#21,Supplier#000000007,UNITED KINGDOM,EUROPE,813.63,6981,269,Customer#000000269,MACHINERY,7667.35
14822,1,23.00,41788.93,0.06,0.04,AIR,DELIVER IN PERSON,chartreuse tomato rose chocolate magenta,MEDIUM BURNISHED BRASS,Brand#21,Supplier#000000007,UNITED KINGDOM,EUROPE,813.63,6981,270,Customer#000000270,AUTOMOBILE,9192.50
14822,1,23.00,41788.93,0.06,0.04,AIR,DELIVER IN PERSON,chartreuse tomato rose chocolate magenta,MEDIUM BURNISHED BRASS,Brand#21,Supplier#000000007,UNITED KINGDOM,EUROPE,813.63,6981,271,Customer#000000271,MACHINERY,1490.35
14822,1,23.00,41788.93,0.06,0.04,AIR,DELIVER IN PERSON,chartreuse tomato rose chocolate magenta,MEDIUM BURNISHED BRASS,Brand#21,Supplier#000000007,UNITED KINGDOM,EUROPE,813.63,6981,275,Customer#000000275,AUTOMOBILE,5067.31
14822,1,23.00,41788.93,0.06,0.04,AIR,DELIVER IN PERSON,chartreuse tomato rose chocolate magenta,MEDIUM BURNISHED BRASS,Brand#21,Supplier#000000007,UNITED KINGDOM,EUROPE,813.63,6981,276,Customer#000000276,AUTOMOBILE,2292.67
14822,1,23.00,41788.93,0.06,0.04,AIR,DELIVER IN PERSON,chartreuse tomato rose chocolate magenta,MEDIUM BURNISHED BRASS,Brand#21,Supplier#000000007,UNITED KINGDOM,EUROPE,813.63,6981,277,Customer#000000277,BUILDING,8876.10
14822,1,23.00,41788.93,0.06,0.04,AIR,DELIVER IN PERSON,chartreuse tomato rose chocolate magenta,MEDIUM BURNISHED BRASS,Brand#21,Supplier#000000007,UNITED KINGDOM,EUROPE,813.63,6981,278,Customer#000000278,BUILDING,7621.56
14822,1,23.00,41788.93,0.06,0.04,AIR,DELIVER IN PERSON,chartreuse tomato rose chocolate magenta,MEDIUM BURNISHED BRASS,Brand#21,Supplier#000000007,UNITED KINGDOM,EUROPE,813.63,6981,279,Customer#000000279,AUTOMOBILE,9663.23
14822,1,23.00,41788.93,0.06,0.04,AIR,DELIVER IN PERSON,chartreuse tomato rose chocolate magenta,MEDIUM BURNISHED BRASS,Brand#21,Supplier#000000007,UNITED KINGDOM,EUROPE,813.63,6981,280,Customer#000000280,BUILDING,3952.84
14822,1,23.00,41788.93,0.06,0.04,AIR,DELIVER IN PERSON,chartreuse tomato rose chocolate magenta,MEDIUM BURNISHED BRASS,Brand#21,Supplier#000000007,UNITED KINGDOM,EUROPE,813.63,6981,281,Customer#000000281,BUILDING,4361.70
14822,1,23.00,41788.93,0.06,0.04,AIR,DELIVER IN PERSON,chartreuse tomato rose chocolate magenta,MEDIUM BURNISHED BRASS,Brand#21,Supplier#000000007,UNITED KINGDOM,EUROPE,813.63,6981,283,Customer#000000283,AUTOMOBILE,4450.03
14822,1,23.00,41788.93,0.06,0.04,AIR,DELIVER IN PERSON,chartreuse tomato rose chocolate magenta,MEDIUM BURNISHED BRASS,Brand#21,Supplier#000000007,UNITED KINGDOM,EUROPE,813.63,6981,284,Customer#000000284,AUTOMOBILE,593.52
14822,1,23.00,41788.93,0.06,0.04,AIR,DELIVER IN PERSON,chartreuse tomato rose chocolate magenta,MEDIUM BURNISHED BRASS,Brand#21,Supplier#000000007,UNITED KINGDOM,EUROPE,813.63,6981,287,Customer#000000287,MACHINERY,1734.18
14822,1,23.00,41788.93,0.06,0.04,AIR,DELIVER IN PERSON,chartreuse tomato rose chocolate magenta,MEDIUM BURNISHED BRASS,Brand#21,Supplier#000000007,UNITED KINGDOM,EUROPE,813.63,6981,290,Customer#000000290,MACHINERY,1811.35
14822,1,23.00,41788.93,0.06,0.04,AIR,DELIVER IN PERSON,chartreuse tomato rose chocolate magenta,MEDIUM BURNISHED BRASS,Brand#21,Supplier#000000007,UNITED KINGDOM,EUROPE,813.63,6981,296,Customer#000000296,BUILDING,8081.52
14822,1,23.00,41788.93,0.06,0.04,AIR,DELIVER IN PERSON,chartreuse tomato rose chocolate magenta,MEDIUM BURNISHED BRASS,Brand#21,Supplier#000000007,UNITED KINGDOM,EUROPE,813.63,6981,298,Customer#000000298,BUILDING,3812.84
14822,1,23.00,41788.93,0.06,0.04,AIR,DELIVER IN PERSON,chartreuse tomato rose chocolate magenta,MEDIUM BURNISHED BRASS,Brand#21,Supplier#000000007,UNITED KINGDOM,EUROPE,813.63,6981,300,Customer#000000300,AUTOMOBILE,8084.92
14822,1,23.00,41788.93,0.06,0.04,AIR,DELIVER IN PERSON,chartreuse tomato rose chocolate magenta,MEDIUM BURNISHED BRASS,Brand#21,Supplier#000000007,UNITED KINGDOM,EUROPE,813.63,6981,302,Customer#000000302,MACHINERY,1107.42
14822,1,23.00,41788.93,0.06,0.04,AIR,DELIVER IN PERSON,chartreuse tomato rose chocolate magenta,MEDIUM BURNISHED BRASS,Brand#21,Supplier#000000007,UNITED KINGDOM,EUROPE,813.63,6981,304,Customer#000000304,MACHINERY,9217.55
14822,1,23.00,41788.93,0.06,0.04,AIR,DELIVER IN PERSON,chartreuse tomato rose chocolate magenta,MEDIUM BURNISHED BRASS,Brand#21,Supplier#000000007,UNITED KINGDOM,EUROPE,813.63,6981,306,Customer#000000306,AUTOMOBILE,3268.01
14822,1,23.00,41788.93,0.06,0.04,AIR,DELIVER IN PERSON,chartreuse tomato rose chocolate magenta,MEDIUM BURNISHED BRASS,Brand#21,Supplier#000000007,UNITED KINGDOM,EUROPE,813.63,6981,311,Customer#000000311,AUTOMOBILE,6589.50
14822,1,23.00,41788.93,0.06,0.04,AIR,DELIVER IN PERSON,chartreuse tomato rose chocolate magenta,MEDIUM BURNISHED BRASS,Brand#21,Supplier#000000007,UNITED KINGDOM,EUROPE,813.63,6981,314,Customer#000000314,MACHINERY,2394.92
14822,1,23.00,41788.93,0.06,0.04,AIR,DELIVER IN PERSON,chartreuse tomato rose chocolate magenta,MEDIUM BURNISHED BRASS,Brand#21,Supplier#000000007,UNITED KINGDOM,EUROPE,813.63,6981,316,Customer#000000316,MACHINERY,4571.78
14822,1,23.00,41788.93,0.06,0.04,AIR,DELIVER IN PERSON,chartreuse tomato rose chocolate magenta,MEDIUM BURNISHED BRASS,Brand#21,Supplier#000000007,UNITED KINGDOM,EUROPE,813.63,6981,320,Customer#000000320,MACHINERY,6082.74
14822,1,23.00,41788.93,0.06,0.04,AIR,DELIVER IN PERSON,chartreuse tomato rose chocolate magenta,MEDIUM BURNISHED BRASS,Brand#21,Supplier#000000007,UNITED KINGDOM,EUROPE,813.63,6981,323,Customer#000000323,AUTOMOBILE,1137.67
14822,1,23.00,41788.93,0.06,0.04,AIR,DELIVER IN PERSON,chartreuse tomato rose chocolate magenta,MEDIUM BURNISHED BRASS,Brand#21,Supplier#000000007,UNITED KINGDOM,EUROPE,813.63,6981,327,Customer#000000327,MACHINERY,8762.16
14822,1,23.00,41788.93,0.06,0.04,AIR,DELIVER IN PERSON,chartreuse tomato rose chocolate magenta,MEDIUM BURNISHED BRASS,Brand#21,Supplier#000000007,UNITED KINGDOM,EUROPE,813.63,6981,328,Customer#000000328,BUILDING,6709.90
14822,1,23.00,41788.93,0.06,0.04,AIR,DELIVER IN PERSON,chartreuse tomato rose chocolate magenta,MEDIUM BURNISHED BRASS,Brand#21,Supplier#000000007,UNITED KINGDOM,EUROPE,813.63,6981,330,Customer#000000330,MACHINERY,8244.73
14822,1,23.00,41788.93,0.06,0.04,AIR,DELIVER IN PERSON,chartreuse tomato rose chocolate magenta,MEDIUM BURNISHED BRASS,Brand#21,Supplier#000000007,UNITED KINGDOM,EUROPE,813.63,6981,333,Customer#000000333,AUTOMOBILE,8018.89
14822,1,23.00,41788.93,0.06,0.04,AIR,DELIVER IN PERSON,chartreuse tomato rose chocolate magenta,MEDIUM BURNISHED BRASS,Brand#21,Supplier#000000007,UNITED KINGDOM,EUROPE,813.63,6981,336,Customer#000000336,AUTOMOBILE,9241.49
14822,1,23.00,41788.93,0.06,0.04,AIR,DELIVER IN PERSON,chartreuse tomato rose chocolate magenta,MEDIUM BURNISHED BRASS,Brand#21,Supplier#000000007,UNITED KINGDOM,EUROPE,813.63,6981,340,Customer#000000340,BUILDING,4667.12
14822,1,23.00,41788.93,0.06,0.04,AIR,DELIVER IN PERSON,chartreuse tomato rose chocolate magenta,MEDIUM BURNISHED BRASS,Brand#21,Supplier#000000007,UNITED KINGDOM,EUROPE,813.63,6981,342,Customer#000000342,AUTOMOBILE,7186.74
14822,1,23.00,41788.93,0.06,0.04,AIR,DELIVER IN PERSON,chartreuse tomato rose chocolate magenta,MEDIUM BURNISHED BRASS,Brand#21,Supplier#000000007,UNITED KINGDOM,EUROPE,813.63,6981,345,Customer#000000345,AUTOMOBILE,1936.77
14822,1,23.00,41788.93,0.06,0.04,AIR,DELIVER IN PERSON,chartreuse tomato rose chocolate magenta,MEDIUM BURNISHED BRASS,Brand#21,Supplier#000000007,UNITED KINGDOM,EUROPE,813.63,6981,347,Customer#000000347,BUILDING,7348.92
14822,1,23.00,41788.93,0.06,0.04,AIR,DELIVER IN PERSON,chartreuse tomato rose chocolate magenta,MEDIUM BURNISHED BRASS,Brand#21,Supplier#000000007,UNITED KINGDOM,EUROPE,813.63,6981,351,Customer#000000351,AUTOMOBILE,3419.54
14822,1,23.00,41788.93,0.06,0.04,AIR,DELIVER IN PERSON,chartreuse tomato rose chocolate magenta,MEDIUM BURNISHED BRASS,Brand#21,Supplier#000000007,UNITED KINGDOM,EUROPE,813.63,6981,353,Customer#000000353,BUILDING,3199.03
14822,1,23.00,41788.93,0.06,0.04,AIR,DELIVER IN PERSON,chartreuse tomato rose chocolate magenta,MEDIUM BURNISHED BRASS,Brand#21,Supplier#000000007,UNITED KINGDOM,EUROPE,813.63,6981,354,Customer#000000354,BUILDING,7095.95
14822,1,23.00,41788.93,0.06,0.04,AIR,DELIVER IN PERSON,chartreuse tomato rose chocolate magenta,MEDIUM BURNISHED BRASS,Brand#21,Supplier#000000007,UNITED KINGDOM,EUROPE,813.63,6981,357,Customer#000000357,AUTOMOBILE,8747.36
14822,1,23.00,41788.93,0.06,0.04,AIR,DELIVER IN PERSON,chartreuse tomato rose chocolate magenta,MEDIUM BURNISHED BRASS,Brand#21,Supplier#000000007,UNITED KINGDOM,EUROPE,813.63,6981,361,Customer#000000361,BUILDING,7451.84
14822,1,23.00,41788.93,0.06,0.04,AIR,DELIVER IN PERSON,chartreuse tomato rose chocolate magenta,MEDIUM BURNISHED BRASS,Brand#21,Supplier#000000007,UNITED KINGDOM,EUROPE,813.63,6981,362,Customer#000000362,AUTOMOBILE,6149.01
14822,1,23.00,41788.93,0.06,0.04,AIR,DELIVER IN PERSON,chartreuse tomato rose chocolate magenta,MEDIUM BURNISHED BRASS,Brand#21,Supplier#000000007,UNITED KINGDOM,EUROPE,813.63,6981,371,Customer#000000371,AUTOMOBILE,7789.14
14822,1,23.00,41788.93,0.06,0.04,AIR,DELIVER IN PERSON,chartreuse tomato rose chocolate magenta,MEDIUM BURNISHED BRASS,Brand#21,Supplier#000000007,UNITED KINGDOM,EUROPE,813.63,6981,373,Customer#000000373,MACHINERY,2354.06
14822,1,23.00,41788.93,0.06,0.04,AIR,DELIVER IN PERSON,chartreuse tomato rose chocolate magenta,MEDIUM BURNISHED BRASS,Brand#21,Supplier#000000007,UNITED KINGDOM,EUROPE,813.63,6981,374,Customer#000000374,AUTOMOBILE,6718.78
14822,1,23.00,41788.93,0.06,0.04,AIR,DELIVER IN PERSON,chartreuse tomato rose chocolate magenta,MEDIUM BURNISHED BRASS,Brand#21,Supplier#000000007,UNITED KINGDOM,EUROPE,813.63,6981,376,Customer#000000376,AUTOMOBILE,4231.45
14822,1,23.00,41788.93,0.06,0.04,AIR,DELIVER IN PERSON,chartreuse tomato rose chocolate magenta,MEDIUM BURNISHED BRASS,Brand#21,Supplier#000000007,UNITED KINGDOM,EUROPE,813.63,6981,377,Customer#000000377,MACHINERY,1043.72
14822,1,23.00,41788.93,0.06,0.04,AIR,DELIVER IN PERSON,chartreuse tomato rose chocolate magenta,MEDIUM BURNISHED BRASS,Brand#21,Supplier#000000007,UNITED KINGDOM,EUROPE,813.63,6981,378,Customer#000000378,BUILDING,5718.05
14822,1,23.00,41788.93,0.06,0.04,AIR,DELIVER IN PERSON,chartreuse tomato rose chocolate magenta,MEDIUM BURNISHED BRASS,Brand#21,Supplier#000000007,UNITED KINGDOM,EUROPE,813.63,6981,379,Customer#000000379,AUTOMOBILE,5348.11
14822,1,23.00,41788.93,0.06,0.04,AIR,DELIVER IN PERSON,chartreuse tomato rose chocolate magenta,MEDIUM BURNISHED BRASS,Brand#21,Supplier#000000007,UNITED KINGDOM,EUROPE,813.63,6981,380,Customer#000000380,BUILDING,2755.46
14822,1,23.00,41788.93,0.06,0.04,AIR,DELIVER IN PERSON,chartreuse tomato rose chocolate magenta,MEDIUM BURNISHED BRASS,Brand#21,Supplier#000000007,UNITED KINGDOM,EUROPE,813.63,6981,381,Customer#000000381,BUILDING,9931.71
14822,1,23.00,41788.93,0.06,0.04,AIR,DELIVER IN PERSON,chartreuse tomato rose chocolate magenta,MEDIUM BURNISHED BRASS,Brand#21,Supplier#000000007,UNITED KINGDOM,EUROPE,813.63,6981,382,Customer#000000382,AUTOMOBILE,6269.42
14822,1,23.00,41788.93,0.06,0.04,AIR,DELIVER IN PERSON,chartreuse tomato rose chocolate magenta,MEDIUM BURNISHED BRASS,Brand#21,Supplier#000000007,UNITED KINGDOM,EUROPE,813.63,6981,385,Customer#000000385,AUTOMOBILE,2457.09
14822,1,23.00,41788.93,0.06,0.04,AIR,DELIVER IN PERSON,chartreuse tomato rose chocolate magenta,MEDIUM BURNISHED BRASS,Brand#21,Supplier#000000007,UNITED KINGDOM,EUROPE,813.63,6981,392,Customer#000000392,BUILDING,8492.33
14822,1,23.00,41788.93,0.06,0.04,AIR,DELIVER IN PERSON,chartreuse tomato rose chocolate magenta,MEDIUM BURNISHED BRASS,Brand#21,Supplier#000000007,UNITED KINGDOM,EUROPE,813.63,6981,394,Customer#000000394,MACHINERY,5200.96
14822,1,23.00,41788.93,0.06,0.04,AIR,DELIVER IN PERSON,chartreuse tomato rose chocolate magenta,MEDIUM BURNISHED BRASS,Brand#21,Supplier#000000007,UNITED KINGDOM,EUROPE,813.63,6981,396,Customer#000000396,BUILDING,1433.50
14822,1,23.00,41788.93,0.06,0.04,AIR,DELIVER IN PERSON,chartreuse tomato rose chocolate magenta,MEDIUM BURNISHED BRASS,Brand#21,Supplier#000000007,UNITED KINGDOM,EUROPE,813.63,6981,399,Customer#000000399,BUILDING,7358.53
14822,1,23.00,41788.93,0.06,0.04,AIR,DELIVER IN PERSON,chartreuse tomato rose chocolate magenta,MEDIUM BURNISHED BRASS,Brand#21,Supplier#000000007,UNITED KINGDOM,EUROPE,813.63,6981,401,Customer#000000401,BUILDING,4146.43
14822,1,23.00,41788.93,0.06,0.04,AIR,DELIVER IN PERSON,chartreuse tomato rose chocolate magenta,MEDIUM BURNISHED BRASS,Brand#21,Supplier#000000007,UNITED KINGDOM,EUROPE,813.63,6981,402,Customer#000000402,AUTOMOBILE,2106.67
14822,1,23.00,41788.93,0.06,0.04,AIR,DELIVER IN PERSON,chartreuse tomato rose chocolate magenta,MEDIUM BURNISHED BRASS,Brand#21,Supplier#000000007,UNITED KINGDOM,EUROPE,813.63,6981,404,Customer#000000404,BUILDING,7408.73
14822,1,23.00,41788.93,0.06,0.04,AIR,DELIVER IN PERSON,chartreuse tomato rose chocolate magenta,MEDIUM BURNISHED BRASS,Brand#21,Supplier#000000007,UNITED KINGDOM,EUROPE,813.63,6981,405,Customer#000000405,MACHINERY,7519.14
14822,1,23.00,41788.93,0.06,0.04,AIR,DELIVER IN PERSON,chartreuse tomato rose chocolate magenta,MEDIUM BURNISHED BRASS,Brand#21,Supplier#000000007,UNITED KINGDOM,EUROPE,813.63,6981,407,Customer#000000407,MACHINERY,9537.08
14822,1,23.00,41788.93,0.06,0.04,AIR,DELIVER IN PERSON,chartreuse tomato rose chocolate magenta,MEDIUM BURNISHED BRASS,Brand#21,Supplier#000000007,UNITED KINGDOM,EUROPE,813.63,6981,408,Customer#000000408,BUILDING,6825.37
14822,1,23.00,41788.93,0.06,0.04,AIR,DELIVER IN PERSON,chartreuse tomato rose chocolate magenta,MEDIUM BURNISHED BRASS,Brand#21,Supplier#000000007,UNITED KINGDOM,EUROPE,813.63,6981,410,Customer#000000410,BUILDING,4349.27
14822,1,23.00,41788.93,0.06,0.04,AIR,DELIVER IN PERSON,chartreuse tomato rose chocolate magenta,MEDIUM BURNISHED BRASS,Brand#21,Supplier#000000007,UNITED KINGDOM,EUROPE,813.63,6981,412,Customer#000000412,BUILDING,6044.02
14822,1,23.00,41788.93,0.06,0.04,AIR,DELIVER IN PERSON,chartreuse tomato rose chocolate magenta,MEDIUM BURNISHED BRASS,Brand#21,Supplier#000000007,UNITED KINGDOM,EUROPE,813.63,6981,414,Customer#000000414,AUTOMOBILE,527.78
14822,1,23.00,41788.93,0.06,0.04,AIR,DELIVER IN PERSON,chartreuse tomato rose chocolate magenta,MEDIUM BURNISHED BRASS,Brand#21,Supplier#000000007,UNITED KINGDOM,EUROPE,813.63,6981,416,Customer#000000416,MACHINERY,4365.28
14822,1,23.00,41788.93,0.06,0.04,AIR,DELIVER IN PERSON,chartreuse tomato rose chocolate magenta,MEDIUM BURNISHED BRASS,Brand#21,Supplier#000000007,UNITED KINGDOM,EUROPE,813.63,6981,417,Customer#000000417,BUILDING,6187.73
14822,1,23.00,41788.93,0.06,0.04,AIR,DELIVER IN PERSON,chartreuse tomato rose chocolate magenta,MEDIUM BURNISHED BRASS,Brand#21,Supplier#000000007,UNITED KINGDOM,EUROPE,813.63,6981,419,Customer#000000419,BUILDING,7786.69
14822,1,23.00,41788.93,0.06,0.04,AIR,DELIVER IN PERSON,chartreuse tomato rose chocolate magenta,MEDIUM BURNISHED BRASS,Brand#21,Supplier#000000007,UNITED KINGDOM,EUROPE,813.63,6981,420,Customer#000000420,BUILDING,1999.35
14822,1,23.00,41788.93,0.06,0.04,AIR,DELIVER IN PERSON,chartreuse tomato rose chocolate magenta,MEDIUM BURNISHED BRASS,Brand#21,Supplier#000000007,UNITED KINGDOM,EUROPE,813.63,6981,427,Customer#000000427,MACHINERY,4376.80
14822,1,23.00,41788.93,0.06,0.04,AIR,DELIVER IN PERSON,chartreuse tomato rose chocolate magenta,MEDIUM BURNISHED BRASS,Brand#21,Supplier#000000007,UNITED KINGDOM,EUROPE,813.63,6981,428,Customer#000000428,BUILDING,1952.36
14822,1,23.00,41788.93,0.06,0.04,AIR,DELIVER IN PERSON,chartreuse tomato rose chocolate magenta,MEDIUM BURNISHED BRASS,Brand#21,Supplier#000000007,UNITED KINGDOM,EUROPE,813.63,6981,430,Customer#000000430,BUILDING,7905.17
14822,1,23.00,41788.93,0.06,0.04,AIR,DELIVER IN PERSON,chartreuse tomato rose chocolate magenta,MEDIUM BURNISHED BRASS,Brand#21,Supplier#000000007,UNITED KINGDOM,EUROPE,813.63,6981,432,Customer#000000432,BUILDING,5715.64
14822,1,23.00,41788.93,0.06,0.04,AIR,DELIVER IN PERSON,chartreuse tomato rose chocolate magenta,MEDIUM BURNISHED BRASS,Brand#21,Supplier#000000007,UNITED KINGDOM,EUROPE,813.63,6981,434,Customer#000000434,MACHINERY,2940.46
14822,1,23.00,41788.93,0.06,0.04,AIR,DELIVER IN PERSON,chartreuse tomato rose chocolate magenta,MEDIUM BURNISHED BRASS,Brand#21,Supplier#000000007,UNITED KINGDOM,EUROPE,813.63,6981,435,Customer#000000435,MACHINERY,6217.46
14822,1,23.00,41788.93,0.06,0.04,AIR,DELIVER IN PERSON,chartreuse tomato rose chocolate magenta,MEDIUM BURNISHED BRASS,Brand#21,Supplier#000000007,UNITED KINGDOM,EUROPE,813.63,6981,437,Customer#000000437,AUTOMOBILE,7760.52
14822,1,23.00,41788.93,0.06,0.04,AIR,DELIVER IN PERSON,chartreuse tomato rose chocolate magenta,MEDIUM BURNISHED BRASS,Brand#21,Supplier#000000007,UNITED KINGDOM,EUROPE,813.63,6981,438,Customer#000000438,MACHINERY,2131.13
14822,1,23.00,41788.93,0.06,0.04,AIR,DELIVER IN PERSON,chartreuse tomato rose chocolate magenta,MEDIUM BURNISHED BRASS,Brand#21,Supplier#000000007,UNITED KINGDOM,EUROPE,813.63,6981,440,Customer#000000440,MACHINERY,1809.04
14822,1,23.00,41788.93,0.06,0.04,AIR,DELIVER IN PERSON,chartreuse tomato rose chocolate magenta,MEDIUM BURNISHED BRASS,Brand#21,Supplier#000000007,UNITED KINGDOM,EUROPE,813.63,6981,448,Customer#000000448,BUILDING,8117.27
14822,1,23.00,41788.93,0.06,0.04,AIR,DELIVER IN PERSON,chartreuse tomato rose chocolate magenta,MEDIUM BURNISHED BRASS,Brand#21,Supplier#000000007,UNITED KINGDOM,EUROPE,813.63,6981,449,Customer#000000449,MACHINERY,3001.94
14822,1,23.00,41788.93,0.06,0.04,AIR,DELIVER IN PERSON,chartreuse tomato rose chocolate magenta,MEDIUM BURNISHED BRASS,Brand#21,Supplier#000000007,UNITED KINGDOM,EUROPE,813.63,6981,452,Customer#000000452,BUILDING,6633.70
14822,1,23.00,41788.93,0.06,0.04,AIR,DELIVER IN PERSON,chartreuse tomato rose chocolate magenta,MEDIUM BURNISHED BRASS,Brand#21,Supplier#000000007,UNITED KINGDOM,EUROPE,813.63,6981,454,Customer#000000454,AUTOMOBILE,6134.40
14822,1,23.00,41788.93,0.06,0.04,AIR,DELIVER IN PERSON,chartreuse tomato rose chocolate magenta,MEDIUM BURNISHED BRASS,Brand#21,Supplier#000000007,UNITED KINGDOM,EUROPE,813.63,6981,455,Customer#000000455,BUILDING,6860.34
14822,1,23.00,41788.93,0.06,0.04,AIR,DELIVER IN PERSON,chartreuse tomato rose chocolate magenta,MEDIUM BURNISHED BRASS,Brand#21,Supplier#000000007,UNITED KINGDOM,EUROPE,813.63,6981,459,Customer#000000459,MACHINERY,1207.97
14822,1,23.00,41788.93,0.06,0.04,AIR,DELIVER IN PERSON,chartreuse tomato rose chocolate magenta,MEDIUM BURNISHED BRASS,Brand#21,Supplier#000000007,UNITED KINGDOM,EUROPE,813.63,6981,461,Customer#000000461,AUTOMOBILE,9177.63
14822,1,23.00,41788.93,0.06,0.04,AIR,DELIVER IN PERSON,chartreuse tomato rose chocolate magenta,MEDIUM BURNISHED BRASS,Brand#21,Supplier#000000007,UNITED KINGDOM,EUROPE,813.63,6981,464,Customer#000000464,AUTOMOBILE,8730.85
14822,1,23.00,41788.93,0.06,0.04,AIR,DELIVER IN PERSON,chartreuse tomato rose chocolate magenta,MEDIUM BURNISHED BRASS,Brand#21,Supplier#000000007,UNITED KINGDOM,EUROPE,813.63,6981,466,Customer#000000466,MACHINERY,3168.41
14822,1,23.00,41788.93,0.06,0.04,AIR,DELIVER IN PERSON,chartreuse tomato rose chocolate magenta,MEDIUM BURNISHED BRASS,Brand#21,Supplier#000000007,UNITED KINGDOM,EUROPE,813.63,6981,467,Customer#000000467,MACHINERY,9398.51
14822,1,23.00,41788.93,0.06,0.04,AIR,DELIVER IN PERSON,chartreuse tomato rose chocolate magenta,MEDIUM BURNISHED BRASS,Brand#21,Supplier#000000007,UNITED KINGDOM,EUROPE,813.63,6981,469,Customer#000000469,BUILDING,6343.64
14822,1,23.00,41788.93,0.06,0.04,AIR,DELIVER IN PERSON,chartreuse tomato rose chocolate magenta,MEDIUM BURNISHED BRASS,Brand#21,Supplier#000000007,UNITED KINGDOM,EUROPE,813.63,6981,472,Customer#000000472,MACHINERY,7929.90
14822,1,23.00,41788.93,0.06,0.04,AIR,DELIVER IN PERSON,chartreuse tomato rose chocolate magenta,MEDIUM BURNISHED BRASS,Brand#21,Supplier#000000007,UNITED KINGDOM,EUROPE,813.63,6981,474,Customer#000000474,MACHINERY,9165.47
14822,1,23.00,41788.93,0.06,0.04,AIR,DELIVER IN PERSON,chartreuse tomato rose chocolate magenta,MEDIUM BURNISHED BRASS,Brand#21,Supplier#000000007,UNITED KINGDOM,EUROPE,813.63,6981,475,Customer#000000475,BUILDING,9043.55
14822,1,23.00,41788.93,0.06,0.04,AIR,DELIVER IN PERSON,chartreuse tomato rose chocolate magenta,MEDIUM BURNISHED BRASS,Brand#21,Supplier#000000007,UNITED KINGDOM,EUROPE,813.63,6981,476,Customer#000000476,BUILDING,5973.10
14822,1,23.00,41788.93,0.06,0.04,AIR,DELIVER IN PERSON,chartreuse tomato rose chocolate magenta,MEDIUM BURNISHED BRASS,Brand#21,Supplier#000000007,UNITED KINGDOM,EUROPE,813.63,6981,477,Customer#000000477,AUTOMOBILE,1836.61
14822,1,23.00,41788.93,0.06,0.04,AIR,DELIVER IN PERSON,chartreuse tomato rose chocolate magenta,MEDIUM BURNISHED BRASS,Brand#21,Supplier#000000007,UNITED KINGDOM,EUROPE,813.63,6981,479,Customer#000000479,AUTOMOBILE,3653.64
14822,1,23.00,41788.93,0.06,0.04,AIR,DELIVER IN PERSON,chartreuse tomato rose chocolate magenta,MEDIUM BURNISHED BRASS,Brand#21,Supplier#000000007,UNITED KINGDOM,EUROPE,813.63,6981,483,Customer#000000483,MACHINERY,8877.20
14822,1,23.00,41788.93,0.06,0.04,AIR,DELIVER IN PERSON,chartreuse tomato rose chocolate magenta,MEDIUM BURNISHED BRASS,Brand#21,Supplier#000000007,UNITED KINGDOM,EUROPE,813.63,6981,484,Customer#000000484,BUILDING,4245.00
14822,1,23.00,41788.93,0.06,0.04,AIR,DELIVER IN PERSON,chartreuse tomato rose chocolate magenta,MEDIUM BURNISHED BRASS,Brand#21,Supplier#000000007,UNITED KINGDOM,EUROPE,813.63,6981,485,Customer#000000485,MACHINERY,8695.45
14822,1,23.00,41788.93,0.06,0.04,AIR,DELIVER IN PERSON,chartreuse tomato rose chocolate magenta,MEDIUM BURNISHED BRASS,Brand#21,Supplier#000000007,UNITED KINGDOM,EUROPE,813.63,6981,486,Customer#000000486,AUTOMOBILE,7487.40
14822,1,23.00,41788.93,0.06,0.04,AIR,DELIVER IN PERSON,chartreuse tomato rose chocolate magenta,MEDIUM BURNISHED BRASS,Brand#21,Supplier#000000007,UNITED KINGDOM,EUROPE,813.63,6981,487,Customer#000000487,AUTOMOBILE,9749.37
14822,1,23.00,41788.93,0.06,0.04,AIR,DELIVER IN PERSON,chartreuse tomato rose chocolate magenta,MEDIUM BURNISHED BRASS,Brand#21,Supplier#000000007,UNITED KINGDOM,EUROPE,813.63,6981,489,Customer#000000489,AUTOMOBILE,8255.83
14822,1,23.00,41788.93,0.06,0.04,AIR,DELIVER IN PERSON,chartreuse tomato rose chocolate magenta,MEDIUM BURNISHED BRASS,Brand#21,Supplier#000000007,UNITED KINGDOM,EUROPE,813.63,6981,491,Customer#000000491,AUTOMOBILE,785.37
14822,1,23.00,41788.93,0.06,0.04,AIR,DELIVER IN PERSON,chartreuse tomato rose chocolate magenta,MEDIUM BURNISHED BRASS,Brand#21,Supplier#000000007,UNITED KINGDOM,EUROPE,813.63,6981,492,Customer#000000492,AUTOMOBILE,8635.18
14822,1,23.00,41788.93,0.06,0.04,AIR,DELIVER IN PERSON,chartreuse tomato rose chocolate magenta,MEDIUM BURNISHED BRASS,Brand#21,Supplier#000000007,UNITED KINGDOM,EUROPE,813.63,6981,493,Customer#000000493,MACHINERY,6582.04
14822,1,23.00,41788.93,0.06,0.04,AIR,DELIVER IN PERSON,chartreuse tomato rose chocolate magenta,MEDIUM BURNISHED BRASS,Brand#21,Supplier#000000007,UNITED KINGDOM,EUROPE,813.63,6981,495,Customer#000000495,BUILDING,7997.81
14822,1,23.00,41788.93,0.06,0.04,AIR,DELIVER IN PERSON,chartreuse tomato rose chocolate magenta,MEDIUM BURNISHED BRASS,Brand#21,Supplier#000000007,UNITED KINGDOM,EUROPE,813.63,6981,496,Customer#000000496,MACHINERY,8174.82
14822,1,23.00,41788.93,0.06,0.04,AIR,DELIVER IN PERSON,chartreuse tomato rose chocolate magenta,MEDIUM BURNISHED BRASS,Brand#21,Supplier#000000007,UNITED KINGDOM,EUROPE,813.63,6981,497,Customer#000000497,BUILDING,2191.59
14822,1,23.00,41788.93,0.06,0.04,AIR,DELIVER IN PERSON,chartreuse tomato rose chocolate magenta,MEDIUM BURNISHED BRASS,Brand#21,Supplier#000000007,UNITED KINGDOM,EUROPE,813.63,6981,498,Customer#000000498,BUILDING,3945.64
14822,1,23.00,41788.93,0.06,0.04,AIR,DELIVER IN PERSON,chartreuse tomato rose chocolate magenta,MEDIUM BURNISHED BRASS,Brand#21,Supplier#000000007,UNITED KINGDOM,EUROPE,813.63,6981,500,Customer#000000500,AUTOMOBILE,3300.82
14822,1,23.00,41788.93,0.06,0.04,AIR,DELIVER IN PERSON,chartreuse tomato rose chocolate magenta,MEDIUM BURNISHED BRASS,Brand#21,Supplier#000000007,UNITED KINGDOM,EUROPE,813.63,6981,503,Customer#000000503,MACHINERY,3213.66
14822,1,23.00,41788.93,0.06,0.04,AIR,DELIVER IN PERSON,chartreuse tomato rose chocolate magenta,MEDIUM BURNISHED BRASS,Brand#21,Supplier#000000007,UNITED KINGDOM,EUROPE,813.63,6981,507,Customer#000000507,MACHINERY,5727.00
14822,1,23.00,41788.93,0.06,0.04,AIR,DELIVER IN PERSON,chartreuse tomato rose chocolate magenta,MEDIUM BURNISHED BRASS,Brand#21,Supplier#000000007,UNITED KINGDOM,EUROPE,813.63,6981,508,Customer#000000508,BUILDING,1685.90
14822,1,23.00,41788.93,0.06,0.04,AIR,DELIVER IN PERSON,chartreuse tomato rose chocolate magenta,MEDIUM BURNISHED BRASS,Brand#21,Supplier#000000007,UNITED KINGDOM,EUROPE,813.63,6981,512,Customer#000000512,BUILDING,3937.58
14822,1,23.00,41788.93,0.06,0.04,AIR,DELIVER IN PERSON,chartreuse tomato rose chocolate magenta,MEDIUM BURNISHED BRASS,Brand#21,Supplier#000000007,UNITED KINGDOM,EUROPE,813.63,6981,514,Customer#000000514,BUILDING,5840.97
14822,1,23.00,41788.93,0.06,0.04,AIR,DELIVER IN PERSON,chartreuse tomato rose chocolate magenta,MEDIUM BURNISHED BRASS,Brand#21,Supplier#000000007,UNITED KINGDOM,EUROPE,813.63,6981,515,Customer#000000515,BUILDING,3225.07
14822,1,23.00,41788.93,0.06,0.04,AIR,DELIVER IN PERSON,chartreuse tomato rose chocolate magenta,MEDIUM BURNISHED BRASS,Brand#21,Supplier#000000007,UNITED KINGDOM,EUROPE,813.63,6981,516,Customer#000000516,MACHINERY,4768.96
14822,1,23.00,41788.93,0.06,0.04,AIR,DELIVER IN PERSON,chartreuse tomato rose chocolate magenta,MEDIUM BURNISHED BRASS,Brand#21,Supplier#000000007,UNITED KINGDOM,EUROPE,813.63,6981,518,Customer#000000518,BUILDING,9871.66
14822,1,23.00,41788.93,0.06,0.04,AIR,DELIVER IN PERSON,chartreuse tomato rose chocolate magenta,MEDIUM BURNISHED BRASS,Brand#21,Supplier#000000007,UNITED KINGDOM,EUROPE,813.63,6981,519,Customer#000000519,BUILDING,9074.45
14822,1,23.00,41788.93,0.06,0.04,AIR,DELIVER IN PERSON,chartreuse tomato rose chocolate magenta,MEDIUM BURNISHED BRASS,Brand#21,Supplier#000000007,UNITED KINGDOM,EUROPE,813.63,6981,521,Customer#000000521,MACHINERY,5830.69
14822,1,23.00,41788.93,0.06,0.04,AIR,DELIVER IN PERSON,chartreuse tomato rose chocolate magenta,MEDIUM BURNISHED BRASS,Brand#21,Supplier#000000007,UNITED KINGDOM,EUROPE,813.63,6981,522,Customer#000000522,BUILDING,6358.46
14822,1,23.00,41788.93,0.06,0.04,AIR,DELIVER IN PERSON,chartreuse tomato rose chocolate magenta,MEDIUM BURNISHED BRASS,Brand#21,Supplier#000000007,UNITED KINGDOM,EUROPE,813.63,6981,525,Customer#000000525,AUTOMOBILE,3931.68
14822,1,23.00,41788.93,0.06,0.04,AIR,DELIVER IN PERSON,chartreuse tomato rose chocolate magenta,MEDIUM BURNISHED BRASS,Brand#21,Supplier#000000007,UNITED KINGDOM,EUROPE,813.63,6981,528,Customer#000000528,AUTOMOBILE,1802.50
14822,1,23.00,41788.93,0.06,0.04,AIR,DELIVER IN PERSON,chartreuse tomato rose chocolate magenta,MEDIUM BURNISHED BRASS,Brand#21,Supplier#000000007,UNITED KINGDOM,EUROPE,813.63,6981,530,Customer#000000530,BUILDING,4990.92
14822,1,23.00,41788.93,0.06,0.04,AIR,DELIVER IN PERSON,chartreuse tomato rose chocolate magenta,MEDIUM BURNISHED BRASS,Brand#21,Supplier#000000007,UNITED KINGDOM,EUROPE,813.63,6981,532,Customer#000000532,MACHINERY,1725.68
14822,1,23.00,41788.93,0.06,0.04,AIR,DELIVER IN PERSON,chartreuse tomato rose chocolate magenta,MEDIUM BURNISHED BRASS,Brand#21,Supplier#000000007,UNITED KINGDOM,EUROPE,813.63,6981,534,Customer#000000534,AUTOMOBILE,6520.97
14822,1,23.00,41788.93,0.06,0.04,AIR,DELIVER IN PERSON,chartreuse tomato rose chocolate magenta,MEDIUM BURNISHED BRASS,Brand#21,Supplier#000000007,UNITED KINGDOM,EUROPE,813.63,6981,535,Customer#000000535,BUILDING,2912.80
14822,1,23.00,41788.93,0.06,0.04,AIR,DELIVER IN PERSON,chartreuse tomato rose chocolate magenta,MEDIUM BURNISHED BRASS,Brand#21,Supplier#000000007,UNITED KINGDOM,EUROPE,813.63,6981,536,Customer#000000536,MACHINERY,3342.75
14822,1,23.00,41788.93,0.06,0.04,AIR,DELIVER IN PERSON,chartreuse tomato rose chocolate magenta,MEDIUM BURNISHED BRASS,Brand#21,Supplier#000000007,UNITED KINGDOM,EUROPE,813.63,6981,540,Customer#000000540,MACHINERY,9195.77
14822,1,23.00,41788.93,0.06,0.04,AIR,DELIVER IN PERSON,chartreuse tomato rose chocolate magenta,MEDIUM BURNISHED BRASS,Brand#21,Supplier#000000007,UNITED KINGDOM,EUROPE,813.63,6981,542,Customer#000000542,BUILDING,3109.96
14822,1,23.00,41788.93,0.06,0.04,AIR,DELIVER IN PERSON,chartreuse tomato rose chocolate magenta,MEDIUM BURNISHED BRASS,Brand#21,Supplier#000000007,UNITED KINGDOM,EUROPE,813.63,6981,543,Customer#000000543,AUTOMOBILE,6089.13
14822,1,23.00,41788.93,0.06,0.04,AIR,DELIVER IN PERSON,chartreuse tomato rose chocolate magenta,MEDIUM BURNISHED BRASS,Brand#21,Supplier#000000007,UNITED KINGDOM,EUROPE,813.63,6981,544,Customer#000000544,AUTOMOBILE,4974.68
14822,1,23.00,41788.93,0.06,0.04,AIR,DELIVER IN PERSON,chartreuse tomato rose chocolate magenta,MEDIUM BURNISHED BRASS,Brand#21,Supplier#000000007,UNITED KINGDOM,EUROPE,813.63,6981,545,Customer#000000545,AUTOMOBILE,7505.33
14822,1,23.00,41788.93,0.06,0.04,AIR,DELIVER IN PERSON,chartreuse tomato rose chocolate magenta,MEDIUM BURNISHED BRASS,Brand#21,Supplier#000000007,UNITED KINGDOM,EUROPE,813.63,6981,546,Customer#000000546,MACHINERY,3116.50
14822,1,23.00,41788.93,0.06,0.04,AIR,DELIVER IN PERSON,chartreuse tomato rose chocolate magenta,MEDIUM BURNISHED BRASS,Brand#21,Supplier#000000007,UNITED KINGDOM,EUROPE,813.63,6981,547,Customer#000000547,BUILDING,6058.08
14822,1,23.00,41788.93,0.06,0.04,AIR,DELIVER IN PERSON,chartreuse tomato rose chocolate magenta,MEDIUM BURNISHED BRASS,Brand#21,Supplier#000000007,UNITED KINGDOM,EUROPE,813.63,6981,553,Customer#000000553,BUILDING,4804.57
14822,1,23.00,41788.93,0.06,0.04,AIR,DELIVER IN PERSON,chartreuse tomato rose chocolate magenta,MEDIUM BURNISHED BRASS,Brand#21,Supplier#000000007,UNITED KINGDOM,EUROPE,813.63,6981,555,Customer#000000555,BUILDING,5486.52
14822,1,23.00,41788.93,0.06,0.04,AIR,DELIVER IN PERSON,chartreuse tomato rose chocolate magenta,MEDIUM BURNISHED BRASS,Brand#21,Supplier#000000007,UNITED KINGDOM,EUROPE,813.63,6981,556,Customer#000000556,MACHINERY,7944.22
14822,1,23.00,41788.93,0.06,0.04,AIR,DELIVER IN PERSON,chartreuse tomato rose chocolate magenta,MEDIUM BURNISHED BRASS,Brand#21,Supplier#000000007,UNITED KINGDOM,EUROPE,813.63,6981,557,Customer#000000557,BUILDING,9559.04
14822,1,23.00,41788.93,0.06,0.04,AIR,DELIVER IN PERSON,chartreuse tomato rose chocolate magenta,MEDIUM BURNISHED BRASS,Brand#21,Supplier#000000007,UNITED KINGDOM,EUROPE,813.63,6981,560,Customer#000000560,BUILDING,1469.59
14822,1,23.00,41788.93,0.06,0.04,AIR,DELIVER IN PERSON,chartreuse tomato rose chocolate magenta,MEDIUM BURNISHED BRASS,Brand#21,Supplier#000000007,UNITED KINGDOM,EUROPE,813.63,6981,562,Customer#000000562,BUILDING,9234.50
14822,1,23.00,41788.93,0.06,0.04,AIR,DELIVER IN PERSON,chartreuse tomato rose chocolate magenta,MEDIUM BURNISHED BRASS,Brand#21,Supplier#000000007,UNITED KINGDOM,EUROPE,813.63,6981,564,Customer#000000564,MACHINERY,6307.59
14822,1,23.00,41788.93,0.06,0.04,AIR,DELIVER IN PERSON,chartreuse tomato rose chocolate magenta,MEDIUM BURNISHED BRASS,Brand#21,Supplier#000000007,UNITED KINGDOM,EUROPE,813.63,6981,567,Customer#000000567,BUILDING,8475.17
14822,1,23.00,41788.93,0.06,0.04,AIR,DELIVER IN PERSON,chartreuse tomato rose chocolate magenta,MEDIUM BURNISHED BRASS,Brand#21,Supplier#000000007,UNITED KINGDOM,EUROPE,813.63,6981,568,Customer#000000568,BUILDING,1317.56
14822,1,23.00,41788.93,0.06,0.04,AIR,DELIVER IN PERSON,chartreuse tomato rose chocolate magenta,MEDIUM BURNISHED BRASS,Brand#21,Supplier#000000007,UNITED KINGDOM,EUROPE,813.63,6981,570,Customer#000000570,AUTOMOBILE,8480.87
14822,1,23.00,41788.93,0.06,0.04,AIR,DELIVER IN PERSON,chartreuse tomato rose chocolate magenta,MEDIUM BURNISHED BRASS,Brand#21,Supplier#000000007,UNITED KINGDOM,EUROPE,813.63,6981,572,Customer#000000572,AUTOMOBILE,7252.65
14822,1,23.00,41788.93,0.06,0.04,AIR,DELIVER IN PERSON,chartreuse tomato rose chocolate magenta,MEDIUM BURNISHED BRASS,Brand#21,Supplier#000000007,UNITED KINGDOM,EUROPE,813.63,6981,575,Customer#000000575,BUILDING,3652.29
14822,1,23.00,41788.93,0.06,0.04,AIR,DELIVER IN PERSON,chartreuse tomato rose chocolate magenta,MEDIUM BURNISHED BRASS,Brand#21,Supplier#000000007,UNITED KINGDOM,EUROPE,813.63,6981,579,Customer#000000579,MACHINERY,1924.96
14822,1,23.00,41788.93,0.06,0.04,AIR,DELIVER IN PERSON,chartreuse tomato rose chocolate magenta,MEDIUM BURNISHED BRASS,Brand#21,Supplier#000000007,UNITED KINGDOM,EUROPE,813.63,6981,581,Customer#000000581,MACHINERY,3242.10
14822,1,23.00,41788.93,0.06,0.04,AIR,DELIVER IN PERSON,chartreuse tomato rose chocolate magenta,MEDIUM BURNISHED BRASS,Brand#21,Supplier#000000007,UNITED KINGDOM,EUROPE,813.63,6981,584,Customer#000000584,MACHINERY,8825.71
14822,1,23.00,41788.93,0.06,0.04,AIR,DELIVER IN PERSON,chartreuse tomato rose chocolate magenta,MEDIUM BURNISHED BRASS,Brand#21,Supplier#000000007,UNITED KINGDOM,EUROPE,813.63,6981,585,Customer#000000585,MACHINERY,7820.26
14822,1,23.00,41788.93,0.06,0.04,AIR,DELIVER IN PERSON,chartreuse tomato rose chocolate magenta,MEDIUM BURNISHED BRASS,Brand#21,Supplier#000000007,UNITED KINGDOM,EUROPE,813.63,6981,586,Customer#000000586,AUTOMOBILE,5134.35
14822,1,23.00,41788.93,0.06,0.04,AIR,DELIVER IN PERSON,chartreuse tomato rose chocolate magenta,MEDIUM BURNISHED BRASS,Brand#21,Supplier#000000007,UNITED KINGDOM,EUROPE,813.63,6981,590,Customer#000000590,MACHINERY,3993.54
14822,1,23.00,41788.93,0.06,0.04,AIR,DELIVER IN PERSON,chartreuse tomato rose chocolate magenta,MEDIUM BURNISHED BRASS,Brand#21,Supplier#000000007,UNITED KINGDOM,EUROPE,813.63,6981,591,Customer#000000591,MACHINERY,6344.66
14822,1,23.00,41788.93,0.06,0.04,AIR,DELIVER IN PERSON,chartreuse tomato rose chocolate magenta,MEDIUM BURNISHED BRASS,Brand#21,Supplier#000000007,UNITED KINGDOM,EUROPE,813.63,6981,592,Customer#000000592,BUILDING,9712.75
14822,1,23.00,41788.93,0.06,0.04,AIR,DELIVER IN PERSON,chartreuse tomato rose chocolate magenta,MEDIUM BURNISHED BRASS,Brand#21,Supplier#000000007,UNITED KINGDOM,EUROPE,813.63,6981,596,Customer#000000596,MACHINERY,1722.88
14822,1,23.00,41788.93,0.06,0.04,AIR,DELIVER IN PERSON,chartreuse tomato rose chocolate magenta,MEDIUM BURNISHED BRASS,Brand#21,Supplier#000000007,UNITED KINGDOM,EUROPE,813.63,6981,597,Customer#000000597,AUTOMOBILE,2443.52
14822,1,23.00,41788.93,0.06,0.04,AIR,DELIVER IN PERSON,chartreuse tomato rose chocolate magenta,MEDIUM BURNISHED BRASS,Brand#21,Supplier#000000007,UNITED KINGDOM,EUROPE,813.63,6981,601,Customer#000000601,BUILDING,9768.21
14822,1,23.00,41788.93,0.06,0.04,AIR,DELIVER IN PERSON,chartreuse tomato rose chocolate magenta,MEDIUM BURNISHED BRASS,Brand#21,Supplier#000000007,UNITED KINGDOM,EUROPE,813.63,6981,602,Customer#000000602,BUILDING,8404.90
14822,1,23.00,41788.93,0.06,0.04,AIR,DELIVER IN PERSON,chartreuse tomato rose chocolate magenta,MEDIUM BURNISHED BRASS,Brand#21,Supplier#000000007,UNITED KINGDOM,EUROPE,813.63,6981,606,Customer#000000606,AUTOMOBILE,9676.98
14822,1,23.00,41788.93,0.06,0.04,AIR,DELIVER IN PERSON,chartreuse tomato rose chocolate magenta,MEDIUM BURNISHED BRASS,Brand#21,Supplier#000000007,UNITED KINGDOM,EUROPE,813.63,6981,608,Customer#000000608,BUILDING,2256.36
14822,1,23.00,41788.93,0.06,0.04,AIR,DELIVER IN PERSON,chartreuse tomato rose chocolate magenta,MEDIUM BURNISHED BRASS,Brand#21,Supplier#000000007,UNITED KINGDOM,EUROPE,813.63,6981,610,Customer#000000610,BUILDING,3374.92
14822,1,23.00,41788.93,0.06,0.04,AIR,DELIVER IN PERSON,chartreuse tomato rose chocolate magenta,MEDIUM BURNISHED BRASS,Brand#21,Supplier#000000007,UNITED KINGDOM,EUROPE,813.63,6981,613,Customer#000000613,AUTOMOBILE,6679.75
14822,1,23.00,41788.93,0.06,0.04,AIR,DELIVER IN PERSON,chartreuse tomato rose chocolate magenta,MEDIUM BURNISHED BRASS,Brand#21,Supplier#000000007,UNITED KINGDOM,EUROPE,813.63,6981,620,Customer#000000620,AUTOMOBILE,5795.15
14822,1,23.00,41788.93,0.06,0.04,AIR,DELIVER IN PERSON,chartreuse tomato rose chocolate magenta,MEDIUM BURNISHED BRASS,Brand#21,Supplier#000000007,UNITED KINGDOM,EUROPE,813.63,6981,623,Customer#000000623,BUILDING,7887.60
14822,1,23.00,41788.93,0.06,0.04,AIR,DELIVER IN PERSON,chartreuse tomato rose chocolate magenta,MEDIUM BURNISHED BRASS,Brand#21,Supplier#000000007,UNITED KINGDOM,EUROPE,813.63,6981,624,Customer#000000624,MACHINERY,3907.11
14822,1,23.00,41788.93,0.06,0.04,AIR,DELIVER IN PERSON,chartreuse tomato rose chocolate magenta,MEDIUM BURNISHED BRASS,Brand#21,Supplier#000000007,UNITED KINGDOM,EUROPE,813.63,6981,631,Customer#000000631,MACHINERY,2603.00
14822,1,23.00,41788.93,0.06,0.04,AIR,DELIVER IN PERSON,chartreuse tomato rose chocolate magenta,MEDIUM BURNISHED BRASS,Brand#21,Supplier#000000007,UNITED KINGDOM,EUROPE,813.63,6981,635,Customer#000000635,AUTOMOBILE,8216.79
14822,1,23.00,41788.93,0.06,0.04,AIR,DELIVER IN PERSON,chartreuse tomato rose chocolate magenta,MEDIUM BURNISHED BRASS,Brand#21,Supplier#000000007,UNITED KINGDOM,EUROPE,813.63,6981,639,Customer#000000639,MACHINERY,4899.15
14822,1,23.00,41788.93,0.06,0.04,AIR,DELIVER IN PERSON,chartreuse tomato rose chocolate magenta,MEDIUM BURNISHED BRASS,Brand#21,Supplier#000000007,UNITED KINGDOM,EUROPE,813.63,6981,642,Customer#000000642,AUTOMOBILE,5684.01
14822,1,23.00,41788.93,0.06,0.04,AIR,DELIVER IN PERSON,chartreuse tomato rose chocolate magenta,MEDIUM BURNISHED BRASS,Brand#21,Supplier#000000007,UNITED KINGDOM,EUROPE,813.63,6981,645,Customer#000000645,BUILDING,1146.49
14822,1,23.00,41788.93,0.06,0.04,AIR,DELIVER IN PERSON,chartreuse tomato rose chocolate magenta,MEDIUM BURNISHED BRASS,Brand#21,Supplier#000000007,UNITED KINGDOM,EUROPE,813.63,6981,649,Customer#000000649,BUILDING,9442.55
14822,1,23.00,41788.93,0.06,0.04,AIR,DELIVER IN PERSON,chartreuse tomato rose chocolate magenta,MEDIUM BURNISHED BRASS,Brand#21,Supplier#000000007,UNITED KINGDOM,EUROPE,813.63,6981,650,Customer#000000650,AUTOMOBILE,2086.91
14822,1,23.00,41788.93,0.06,0.04,AIR,DELIVER IN PERSON,chartreuse tomato rose chocolate magenta,MEDIUM BURNISHED BRASS,Brand#21,Supplier#000000007,UNITED KINGDOM,EUROPE,813.63,6981,653,Customer#000000653,BUILDING,7307.55
14822,1,23.00,41788.93,0.06,0.04,AIR,DELIVER IN PERSON,chartreuse tomato rose chocolate magenta,MEDIUM BURNISHED BRASS,Brand#21,Supplier#000000007,UNITED KINGDOM,EUROPE,813.63,6981,654,Customer#000000654,AUTOMOBILE,1067.04
14822,1,23.00,41788.93,0.06,0.04,AIR,DELIVER IN PERSON,chartreuse tomato rose chocolate magenta,MEDIUM BURNISHED BRASS,Brand#21,Supplier#000000007,UNITED KINGDOM,EUROPE,813.63,6981,662,Customer#000000662,BUILDING,4517.33
14822,1,23.00,41788.93,0.06,0.04,AIR,DELIVER IN PERSON,chartreuse tomato rose chocolate magenta,MEDIUM BURNISHED BRASS,Brand#21,Supplier#000000007,UNITED KINGDOM,EUROPE,813.63,6981,663,Customer#000000663,AUTOMOBILE,9698.21
14822,1,23.00,41788.93,0.06,0.04,AIR,DELIVER IN PERSON,chartreuse tomato rose chocolate magenta,MEDIUM BURNISHED BRASS,Brand#21,Supplier#000000007,UNITED KINGDOM,EUROPE,813.63,6981,664,Customer#000000664,BUILDING,8878.22
14822,1,23.00,41788.93,0.06,0.04,AIR,DELIVER IN PERSON,chartreuse tomato rose chocolate magenta,MEDIUM BURNISHED BRASS,Brand#21,Supplier#000000007,UNITED KINGDOM,EUROPE,813.63,6981,666,Customer#000000666,AUTOMOBILE,4538.54
14822,1,23.00,41788.93,0.06,0.04,AIR,DELIVER IN PERSON,chartreuse tomato rose chocolate magenta,MEDIUM BURNISHED BRASS,Brand#21,Supplier#000000007,UNITED KINGDOM,EUROPE,813.63,6981,669,Customer#000000669,MACHINERY,6019.20
14822,1,23.00,41788.93,0.06,0.04,AIR,DELIVER IN PERSON,chartreuse tomato rose chocolate magenta,MEDIUM BURNISHED BRASS,Brand#21,Supplier#000000007,UNITED KINGDOM,EUROPE,813.63,6981,670,Customer#000000670,BUILDING,6738.93
14822,1,23.00,41788.93,0.06,0.04,AIR,DELIVER IN PERSON,chartreuse tomato rose chocolate magenta,MEDIUM BURNISHED BRASS,Brand#21,Supplier#000000007,UNITED KINGDOM,EUROPE,813.63,6981,672,Customer#000000672,BUILDING,7778.95
14822,1,23.00,41788.93,0.06,0.04,AIR,DELIVER IN PERSON,chartreuse tomato rose chocolate magenta,MEDIUM BURNISHED BRASS,Brand#21,Supplier#000000007,UNITED KINGDOM,EUROPE,813.63,6981,673,Customer#000000673,MACHINERY,3942.58
14822,1,23.00,41788.93,0.06,0.04,AIR,DELIVER IN PERSON,chartreuse tomato rose chocolate magenta,MEDIUM BURNISHED BRASS,Brand#21,Supplier#000000007,UNITED KINGDOM,EUROPE,813.63,6981,674,Customer#000000674,BUILDING,7889.64
14822,1,23.00,41788.93,0.06,0.04,AIR,DELIVER IN PERSON,chartreuse tomato rose chocolate magenta,MEDIUM BURNISHED BRASS,Brand#21,Supplier#000000007,UNITED KINGDOM,EUROPE,813.63,6981,677,Customer#000000677,AUTOMOBILE,5582.63
14822,1,23.00,41788.93,0.06,0.04,AIR,DELIVER IN PERSON,chartreuse tomato rose chocolate magenta,MEDIUM BURNISHED BRASS,Brand#21,Supplier#000000007,UNITED KINGDOM,EUROPE,813.63,6981,679,Customer#000000679,AUTOMOBILE,1394.44
14822,1,23.00,41788.93,0.06,0.04,AIR,DELIVER IN PERSON,chartreuse tomato rose chocolate magenta,MEDIUM BURNISHED BRASS,Brand#21,Supplier#000000007,UNITED KINGDOM,EUROPE,813.63,6981,680,Customer#000000680,AUTOMOBILE,4366.23
14822,1,23.00,41788.93,0.06,0.04,AIR,DELIVER IN PERSON,chartreuse tomato rose chocolate magenta,MEDIUM BURNISHED BRASS,Brand#21,Supplier#000000007,UNITED KINGDOM,EUROPE,813.63,6981,682,Customer#000000682,AUTOMOBILE,7420.60
14822,1,23.00,41788.93,0.06,0.04,AIR,DELIVER IN PERSON,chartreuse tomato rose chocolate magenta,MEDIUM BURNISHED BRASS,Brand#21,Supplier#000000007,UNITED KINGDOM,EUROPE,813.63,6981,683,Customer#000000683,MACHINERY,9120.93
14822,1,23.00,41788.93,0.06,0.04,AIR,DELIVER IN PERSON,chartreuse tomato rose chocolate magenta,MEDIUM BURNISHED BRASS,Brand#21,Supplier#000000007,UNITED KINGDOM,EUROPE,813.63,6981,685,Customer#000000685,MACHINERY,2039.84
14822,1,23.00,41788.93,0.06,0.04,AIR,DELIVER IN PERSON,chartreuse tomato rose chocolate magenta,MEDIUM BURNISHED BRASS,Brand#21,Supplier#000000007,UNITED KINGDOM,EUROPE,813.63,6981,689,Customer#000000689,MACHINERY,1481.24
14822,1,23.00,41788.93,0.06,0.04,AIR,DELIVER IN PERSON,chartreuse tomato rose chocolate magenta,MEDIUM BURNISHED BRASS,Brand#21,Supplier#000000007,UNITED KINGDOM,EUROPE,813.63,6981,691,Customer#000000691,MACHINERY,9566.15
14822,1,23.00,41788.93,0.06,0.04,AIR,DELIVER IN PERSON,chartreuse tomato rose chocolate magenta,MEDIUM BURNISHED BRASS,Brand#21,Supplier#000000007,UNITED KINGDOM,EUROPE,813.63,6981,693,Customer#000000693,AUTOMOBILE,6577.21
14822,1,23.00,41788.93,0.06,0.04,AIR,DELIVER IN PERSON,chartreuse tomato rose chocolate magenta,MEDIUM BURNISHED BRASS,Brand#21,Supplier#000000007,UNITED KINGDOM,EUROPE,813.63,6981,694,Customer#000000694,BUILDING,2222.65
14822,1,23.00,41788.93,0.06,0.04,AIR,DELIVER IN PERSON,chartreuse tomato rose chocolate magenta,MEDIUM BURNISHED BRASS,Brand#21,Supplier#000000007,UNITED KINGDOM,EUROPE,813.63,6981,697,Customer#000000697,AUTOMOBILE,8121.84
14822,1,23.00,41788.93,0.06,0.04,AIR,DELIVER IN PERSON,chartreuse tomato rose chocolate magenta,MEDIUM BURNISHED BRASS,Brand#21,Supplier#000000007,UNITED KINGDOM,EUROPE,813.63,6981,698,Customer#000000698,BUILDING,2894.22
14822,1,23.00,41788.93,0.06,0.04,AIR,DELIVER IN PERSON,chartreuse tomato rose chocolate magenta,MEDIUM BURNISHED BRASS,Brand#21,Supplier#000000007,UNITED KINGDOM,EUROPE,813.63,6981,700,Customer#000000700,MACHINERY,4367.53
14822,1,23.00,41788.93,0.06,0.04,AIR,DELIVER IN PERSON,chartreuse tomato rose chocolate magenta,MEDIUM BURNISHED BRASS,Brand#21,Supplier#000000007,UNITED KINGDOM,EUROPE,813.63,6981,703,Customer#000000703,AUTOMOBILE,3998.42
14822,1,23.00,41788.93,0.06,0.04,AIR,DELIVER IN PERSON,chartreuse tomato rose chocolate magenta,MEDIUM BURNISHED BRASS,Brand#21,Supplier#000000007,UNITED KINGDOM,EUROPE,813.63,6981,705,Customer#000000705,BUILDING,3199.00
14822,1,23.00,41788.93,0.06,0.04,AIR,DELIVER IN PERSON,chartreuse tomato rose chocolate magenta,MEDIUM BURNISHED BRASS,Brand#21,Supplier#000000007,UNITED KINGDOM,EUROPE,813.63,6981,706,Customer#000000706,AUTOMOBILE,6496.08
14822,1,23.00,41788.93,0.06,0.04,AIR,DELIVER IN PERSON,chartreuse tomato rose chocolate magenta,MEDIUM BURNISHED BRASS,Brand#21,Supplier#000000007,UNITED KINGDOM,EUROPE,813.63,6981,708,Customer#000000708,BUILDING,2297.33
14822,1,23.00,41788.93,0.06,0.04,AIR,DELIVER IN PERSON,chartreuse tomato rose chocolate magenta,MEDIUM BURNISHED BRASS,Brand#21,Supplier#000000007,UNITED KINGDOM,EUROPE,813.63,6981,711,Customer#000000711,MACHINERY,9591.51
14822,1,23.00,41788.93,0.06,0.04,AIR,DELIVER IN PERSON,chartreuse tomato rose chocolate magenta,MEDIUM BURNISHED BRASS,Brand#21,Supplier#000000007,UNITED KINGDOM,EUROPE,813.63,6981,712,Customer#000000712,BUILDING,8667.09
14822,1,23.00,41788.93,0.06,0.04,AIR,DELIVER IN PERSON,chartreuse tomato rose chocolate magenta,MEDIUM BURNISHED BRASS,Brand#21,Supplier#000000007,UNITED KINGDOM,EUROPE,813.63,6981,713,Customer#000000713,MACHINERY,3829.03
14822,1,23.00,41788.93,0.06,0.04,AIR,DELIVER IN PERSON,chartreuse tomato rose chocolate magenta,MEDIUM BURNISHED BRASS,Brand#21,Supplier#000000007,UNITED KINGDOM,EUROPE,813.63,6981,714,Customer#000000714,BUILDING,2438.10
14822,1,23.00,41788.93,0.06,0.04,AIR,DELIVER IN PERSON,chartreuse tomato rose chocolate magenta,MEDIUM BURNISHED BRASS,Brand#21,Supplier#000000007,UNITED KINGDOM,EUROPE,813.63,6981,716,Customer#000000716,AUTOMOBILE,8364.99
14822,1,23.00,41788.93,0.06,0.04,AIR,DELIVER IN PERSON,chartreuse tomato rose chocolate magenta,MEDIUM BURNISHED BRASS,Brand#21,Supplier#000000007,UNITED KINGDOM,EUROPE,813.63,6981,717,Customer#000000717,MACHINERY,8510.94
14822,1,23.00,41788.93,0.06,0.04,AIR,DELIVER IN PERSON,chartreuse tomato rose chocolate magenta,MEDIUM BURNISHED BRASS,Brand#21,Supplier#000000007,UNITED KINGDOM,EUROPE,813.63,6981,721,Customer#000000721,AUTOMOBILE,3420.64
14822,1,23.00,41788.93,0.06,0.04,AIR,DELIVER IN PERSON,chartreuse tomato rose chocolate magenta,MEDIUM BURNISHED BRASS,Brand#21,Supplier#000000007,UNITED KINGDOM,EUROPE,813.63,6981,722,Customer#000000722,BUILDING,2724.80
14822,1,23.00,41788.93,0.06,0.04,AIR,DELIVER IN PERSON,chartreuse tomato rose chocolate magenta,MEDIUM BURNISHED BRASS,Brand#21,Supplier#000000007,UNITED KINGDOM,EUROPE,813.63,6981,723,Customer#000000723,BUILDING,738.57
14822,1,23.00,41788.93,0.06,0.04,AIR,DELIVER IN PERSON,chartreuse tomato rose chocolate magenta,MEDIUM BURNISHED BRASS,Brand#21,Supplier#000000007,UNITED KINGDOM,EUROPE,813.63,6981,724,Customer#000000724,AUTOMOBILE,3035.29
14822,1,23.00,41788.93,0.06,0.04,AIR,DELIVER IN PERSON,chartreuse tomato rose chocolate magenta,MEDIUM BURNISHED BRASS,Brand#21,Supplier#000000007,UNITED KINGDOM,EUROPE,813.63,6981,726,Customer#000000726,BUILDING,6253.81
14822,1,23.00,41788.93,0.06,0.04,AIR,DELIVER IN PERSON,chartreuse tomato rose chocolate magenta,MEDIUM BURNISHED BRASS,Brand#21,Supplier#000000007,UNITED KINGDOM,EUROPE,813.63,6981,728,Customer#000000728,BUILDING,4349.73
14822,1,23.00,41788.93,0.06,0.04,AIR,DELIVER IN PERSON,chartreuse tomato rose chocolate magenta,MEDIUM BURNISHED BRASS,Brand#21,Supplier#000000007,UNITED KINGDOM,EUROPE,813.63,6981,729,Customer#000000729,MACHINERY,8947.26
14822,1,23.00,41788.93,0.06,0.04,AIR,DELIVER IN PERSON,chartreuse tomato rose chocolate magenta,MEDIUM BURNISHED BRASS,Brand#21,Supplier#000000007,UNITED KINGDOM,EUROPE,813.63,6981,730,Customer#000000730,AUTOMOBILE,4718.23
14822,1,23.00,41788.93,0.06,0.04,AIR,DELIVER IN PERSON,chartreuse tomato rose chocolate magenta,MEDIUM BURNISHED BRASS,Brand#21,Supplier#000000007,UNITED KINGDOM,EUROPE,813.63,6981,731,Customer#000000731,MACHINERY,9311.17
14822,1,23.00,41788.93,0.06,0.04,AIR,DELIVER IN PERSON,chartreuse tomato rose chocolate magenta,MEDIUM BURNISHED BRASS,Brand#21,Supplier#000000007,UNITED KINGDOM,EUROPE,813.63,6981,732,Customer#000000732,BUILDING,4830.51
14822,1,23.00,41788.93,0.06,0.04,AIR,DELIVER IN PERSON,chartreuse tomato rose chocolate magenta,MEDIUM BURNISHED BRASS,Brand#21,Supplier#000000007,UNITED KINGDOM,EUROPE,813.63,6981,734,Customer#000000734,AUTOMOBILE,9750.71
14822,1,23.00,41788.93,0.06,0.04,AIR,DELIVER IN PERSON,chartreuse tomato rose chocolate magenta,MEDIUM BURNISHED BRASS,Brand#21,Supplier#000000007,UNITED KINGDOM,EUROPE,813.63,6981,736,Customer#000000736,MACHINERY,9114.68
14822,1,23.00,41788.93,0.06,0.04,AIR,DELIVER IN PERSON,chartreuse tomato rose chocolate magenta,MEDIUM BURNISHED BRASS,Brand#21,Supplier#000000007,UNITED KINGDOM,EUROPE,813.63,6981,737,Customer#000000737,AUTOMOBILE,2501.74
14822,1,23.00,41788.93,0.06,0.04,AIR,DELIVER IN PERSON,chartreuse tomato rose chocolate magenta,MEDIUM BURNISHED BRASS,Brand#21,Supplier#000000007,UNITED KINGDOM,EUROPE,813.63,6981,738,Customer#000000738,MACHINERY,2734.95
14822,1,23.00,41788.93,0.06,0.04,AIR,DELIVER IN PERSON,chartreuse tomato rose chocolate magenta,MEDIUM BURNISHED BRASS,Brand#21,Supplier#000000007,UNITED KINGDOM,EUROPE,813.63,6981,740,Customer#000000740,BUILDING,1733.76
14822,1,23.00,41788.93,0.06,0.04,AIR,DELIVER IN PERSON,chartreuse tomato rose chocolate magenta,MEDIUM BURNISHED BRASS,Brand#21,Supplier#000000007,UNITED KINGDOM,EUROPE,813.63,6981,746,Customer#000000746,MACHINERY,1164.46
14822,1,23.00,41788.93,0.06,0.04,AIR,DELIVER IN PERSON,chartreuse tomato rose chocolate magenta,MEDIUM BURNISHED BRASS,Brand#21,Supplier#000000007,UNITED KINGDOM,EUROPE,813.63,6981,748,Customer#000000748,AUTOMOBILE,6959.09
14822,1,23.00,41788.93,0.06,0.04,AIR,DELIVER IN PERSON,chartreuse tomato rose chocolate magenta,MEDIUM BURNISHED BRASS,Brand#21,Supplier#000000007,UNITED KINGDOM,EUROPE,813.63,6981,749,Customer#000000749,MACHINERY,7491.42
26948,6,17.00,31397.98,0.08,0.08,REG AIR,DELIVER IN PERSON,medium drab rosy spring salmon,MEDIUM PLATED TIN,Brand#25,Supplier#000000027,CHINA,ASIA,806.82,797,1,Customer#000000001,BUILDING,711.56
26948,6,17.00,31397.98,0.08,0.08,REG AIR,DELIVER IN PERSON,medium drab rosy spring salmon,MEDIUM PLATED TIN,Brand#25,Supplier#000000027,CHINA,ASIA,806.82,797,3,Customer#000000003,AUTOMOBILE,7498.12
26948,6,17.00,31397.98,0.08,0.08,REG AIR,DELIVER IN PERSON,medium drab rosy spring salmon,MEDIUM PLATED TIN,Brand#25,Supplier#000000027,CHINA,ASIA,806.82,797,4,Customer#000000004,MACHINERY,2866.83
26948,6,17.00,31397.98,0.08,0.08,REG AIR,DELIVER IN PERSON,medium drab rosy spring salmon,MEDIUM PLATED TIN,Brand#25,Supplier#000000027,CHINA,ASIA,806.82,797,6,Customer#000000006,AUTOMOBILE,7638.57
26948,6,17.00,31397.98,0.08,0.08,REG AIR,DELIVER IN PERSON,medium drab rosy spring salmon,MEDIUM PLATED TIN,Brand#25,Supplier#000000027,CHINA,ASIA,806.82,797,7,Customer#000000007,AUTOMOBILE,9561.95
26948,6,17.00,31397.98,0.08,0.08,REG AIR,DELIVER IN PERSON,medium drab rosy spring salmon,MEDIUM PLATED TIN,Brand#25,Supplier#000000027,CHINA,ASIA,806.82,797,8,Customer#000000008,BUILDING,6819.74
26948,6,17.00,31397.98,0.08,0.08,REG AIR,DELIVER IN PERSON,medium drab rosy spring salmon,MEDIUM PLATED TIN,Brand#25,Supplier#000000027,CHINA,ASIA,806.82,797,13,Customer#000000013,BUILDING,3857.34
26948,6,17.00,31397.98,0.08,0.08,REG AIR,DELIVER IN PERSON,medium drab rosy spring salmon,MEDIUM PLATED TIN,Brand#25,Supplier#000000027,CHINA,ASIA,806.82,797,18,Customer#000000018,BUILDING,5494.43
26948,6,17.00,31397.98,0.08,0.08,REG AIR,DELIVER IN PERSON,medium drab rosy spring salmon,MEDIUM PLATED TIN,Brand#25,Supplier#000000027,CHINA,ASIA,806.82,797,21,Customer#000000021,MACHINERY,1428.25
26948,6,17.00,31397.98,0.08,0.08,REG AIR,DELIVER IN PERSON,medium drab rosy spring salmon,MEDIUM PLATED TIN,Brand#25,Supplier#000000027,CHINA,ASIA,806.82,797,22,Customer#000000022,MACHINERY,591.98
26948,6,17.00,31397.98,0.08,0.08,REG AIR,DELIVER IN PERSON,medium drab rosy spring salmon,MEDIUM PLATED TIN,Brand#25,Supplier#000000027,CHINA,ASIA,806.82,797,24,Customer#000000024,MACHINERY,9255.67
26948,6,17.00,31397.98,0.08,0.08,REG AIR,DELIVER IN PERSON,medium drab rosy spring salmon,MEDIUM PLATED TIN,Brand#25,Supplier#000000027,CHINA,ASIA,806.82,797,26,Customer#000000026,AUTOMOBILE,5182.05
26948,6,17.00,31397.98,0.08,0.08,REG AIR,DELIVER IN PERSON,medium drab rosy spring salmon,MEDIUM PLATED TIN,Brand#25,Supplier#000000027,CHINA,ASIA,806.82,797,27,Customer#000000027,BUILDING,5679.84
26948,6,17.00,31397.98,0.08,0.08,REG AIR,DELIVER IN PERSON,medium drab rosy spring salmon,MEDIUM PLATED TIN,Brand#25,Supplier#000000027,CHINA,ASIA,806.82,797,30,Customer#000000030,BUILDING,9321.01
26948,6,17.00,31397.98,0.08,0.08,REG AIR,DELIVER IN PERSON,medium drab rosy spring salmon,MEDIUM PLATED TIN,Brand#25,Supplier#000000027,CHINA,ASIA,806.82,797,32,Customer#000000032,BUILDING,3471.53
26948,6,17.00,31397.98,0.08,0.08,REG AIR,DELIVER IN PERSON,medium drab rosy spring salmon,MEDIUM PLATED TIN,Brand#25,Supplier#000000027,CHINA,ASIA,806.82,797,36,Customer#000000036,BUILDING,4987.27
26948,6,17.00,31397.98,0.08,0.08,REG AIR,DELIVER IN PERSON,medium drab rosy spring salmon,MEDIUM PLATED TIN,Brand#25,Supplier#000000027,CHINA,ASIA,806.82,797,39,Customer#000000039,AUTOMOBILE,6264.31
26948,6,17.00,31397.98,0.08,0.08,REG AIR,DELIVER IN PERSON,medium drab rosy spring salmon,MEDIUM PLATED TIN,Brand#25,Supplier#000000027,CHINA,ASIA,806.82,797,40,Customer#000000040,BUILDING,1335.30
26948,6,17.00,31397.98,0.08,0.08,REG AIR,DELIVER IN PERSON,medium drab rosy spring salmon,MEDIUM PLATED TIN,Brand#25,Supplier#000000027,CHINA,ASIA,806.82,797,42,Customer#000000042,BUILDING,8727.01
26948,6,17.00,31397.98,0.08,0.08,REG AIR,DELIVER IN PERSON,medium drab rosy spring salmon,MEDIUM PLATED TIN,Brand#25,Supplier#000000027,CHINA,ASIA,806.82,797,43,Customer#000000043,MACHINERY,9904.28
26948,6,17.00,31397.98,0.08,0.08,REG AIR,DELIVER IN PERSON,medium drab rosy spring salmon,MEDIUM PLATED TIN,Brand#25,Supplier#000000027,CHINA,ASIA,806.82,797,44,Customer#000000044,AUTOMOBILE,7315.94
26948,6,17.00,31397.98,0.08,0.08,REG AIR,DELIVER IN PERSON,medium drab rosy spring salmon,MEDIUM PLATED TIN,Brand#25,Supplier#000000027,CHINA,ASIA,806.82,797,45,Customer#000000045,AUTOMOBILE,9983.38
26948,6,17.00,31397.98,0.08,0.08,REG AIR,DELIVER IN PERSON,medium drab rosy spring salmon,MEDIUM PLATED TIN,Brand#25,Supplier#000000027,CHINA,ASIA,806.82,797,46,Customer#000000046,AUTOMOBILE,5744.59
26948,6,17.00,31397.98,0.08,0.08,REG AIR,DELIVER IN PERSON,medium drab rosy spring salmon,MEDIUM PLATED TIN,Brand#25,Supplier#000000027,CHINA,ASIA,806.82,797,48,Customer#000000048,BUILDING,3792.50
26948,6,17.00,31397.98,0.08,0.08,REG AIR,DELIVER IN PERSON,medium drab rosy spring salmon,MEDIUM PLATED TIN,Brand#25,Supplier#000000027,CHINA,ASIA,806.82,797,50,Customer#000000050,MACHINERY,4266.13
26948,6,17.00,31397.98,0.08,0.08,REG AIR,DELIVER IN PERSON,medium drab rosy spring salmon,MEDIUM PLATED TIN,Brand#25,Supplier#000000027,CHINA,ASIA,806.82,797,54,Customer#000000054,AUTOMOBILE,868.90
26948,6,17.00,31397.98,0.08,0.08,REG AIR,DELIVER IN PERSON,medium drab rosy spring salmon,MEDIUM PLATED TIN,Brand#25,Supplier#000000027,CHINA,ASIA,806.82,797,55,Customer#000000055,MACHINERY,4572.11
26948,6,17.00,31397.98,0.08,0.08,REG AIR,DELIVER IN PERSON,medium drab rosy spring salmon,MEDIUM PLATED TIN,Brand#25,Supplier#000000027,CHINA,ASIA,806.82,797,57,Customer#000000057,AUTOMOBILE,4151.93
26948,6,17.00,31397.98,0.08,0.08,REG AIR,DELIVER IN PERSON,medium drab rosy spring salmon,MEDIUM PLATED TIN,Brand#25,Supplier#000000027,CHINA,ASIA,806.82,797,59,Customer#000000059,MACHINERY,3458.60
26948,6,17.00,31397.98,0.08,0.08,REG AIR,DELIVER IN PERSON,medium drab rosy spring salmon,MEDIUM PLATED TIN,Brand#25,Supplier#000000027,CHINA,ASIA,806.82,797,60,Customer#000000060,MACHINERY,2741.87
26948,6,17.00,31397.98,0.08,0.08,REG AIR,DELIVER IN PERSON,medium drab rosy spring salmon,MEDIUM PLATED TIN,Brand#25,Supplier#000000027,CHINA,ASIA,806.82,797,62,Customer#000000062,MACHINERY,595.61
26948,6,17.00,31397.98,0.08,0.08,REG AIR,DELIVER IN PERSON,medium drab rosy spring salmon,MEDIUM PLATED TIN,Brand#25,Supplier#000000027,CHINA,ASIA,806.82,797,63,Customer#000000063,AUTOMOBILE,9331.13
26948,6,17.00,31397.98,0.08,0.08,REG AIR,DELIVER IN PERSON,medium drab rosy spring salmon,MEDIUM PLATED TIN,Brand#25,Supplier#000000027,CHINA,ASIA,806.82,797,65,Customer#000000065,AUTOMOBILE,8795.16
26948,6,17.00,31397.98,0.08,0.08,REG AIR,DELIVER IN PERSON,medium drab rosy spring salmon,MEDIUM PLATED TIN,Brand#25,Supplier#000000027,CHINA,ASIA,806.82,797,67,Customer#000000067,MACHINERY,8166.59
26948,6,17.00,31397.98,0.08,0.08,REG AIR,DELIVER IN PERSON,medium drab rosy spring salmon,MEDIUM PLATED TIN,Brand#25,Supplier#000000027,CHINA,ASIA,806.82,797,73,Customer#000000073,BUILDING,4288.50
26948,6,17.00,31397.98,0.08,0.08,REG AIR,DELIVER IN PERSON,medium drab rosy spring salmon,MEDIUM PLATED TIN,Brand#25,Supplier#000000027,CHINA,ASIA,806.82,797,74,Customer#000000074,MACHINERY,2764.43
26948,6,17.00,31397.98,0.08,0.08,REG AIR,DELIVER IN PERSON,medium drab rosy spring salmon,MEDIUM PLATED TIN,Brand#25,Supplier#000000027,CHINA,ASIA,806.82,797,75,Customer#000000075,AUTOMOBILE,6684.10
26948,6,17.00,31397.98,0.08,0.08,REG AIR,DELIVER IN PERSON,medium drab rosy spring salmon,MEDIUM PLATED TIN,Brand#25,Supplier#000000027,CHINA,ASIA,806.82,797,77,Customer#000000077,BUILDING,1738.87
26948,6,17.00,31397.98,0.08,0.08,REG AIR,DELIVER IN PERSON,medium drab rosy spring salmon,MEDIUM PLATED TIN,Brand#25,Supplier#000000027,CHINA,ASIA,806.82,797,79,Customer#000000079,MACHINERY,5121.28
26948,6,17.00,31397.98,0.08,0.08,REG AIR,DELIVER IN PERSON,medium drab rosy spring salmon,MEDIUM PLATED TIN,Brand#25,Supplier#000000027,CHINA,ASIA,806.82,797,81,Customer#000000081,BUILDING,2023.71
26948,6,17.00,31397.98,0.08,0.08,REG AIR,DELIVER IN PERSON,medium drab rosy spring salmon,MEDIUM PLATED TIN,Brand#25,Supplier#000000027,CHINA,ASIA,806.82,797,82,Customer#000000082,AUTOMOBILE,9468.34
26948,6,17.00,31397.98,0.08,0.08,REG AIR,DELIVER IN PERSON,medium drab rosy spring salmon,MEDIUM PLATED TIN,Brand#25,Supplier#000000027,CHINA,ASIA,806.82,797,83,Customer#000000083,BUILDING,6463.51
26948,6,17.00,31397.98,0.08,0.08,REG AIR,DELIVER IN PERSON,medium drab rosy spring salmon,MEDIUM PLATED TIN,Brand#25,Supplier#000000027,CHINA,ASIA,806.82,797,88,Customer#000000088,AUTOMOBILE,8031.44
26948,6,17.00,31397.98,0.08,0.08,REG AIR,DELIVER IN PERSON,medium drab rosy spring salmon,MEDIUM PLATED TIN,Brand#25,Supplier#000000027,CHINA,ASIA,806.82,797,90,Customer#000000090,BUILDING,7354.23
26948,6,17.00,31397.98,0.08,0.08,REG AIR,DELIVER IN PERSON,medium drab rosy spring salmon,MEDIUM PLATED TIN,Brand#25,Supplier#000000027,CHINA,ASIA,806.82,797,91,Customer#000000091,AUTOMOBILE,4643.14
26948,6,17.00,31397.98,0.08,0.08,REG AIR,DELIVER IN PERSON,medium drab rosy spring salmon,MEDIUM PLATED TIN,Brand#25,Supplier#000000027,CHINA,ASIA,806.82,797,92,Customer#000000092,MACHINERY,1182.91
26948,6,17.00,31397.98,0.08,0.08,REG AIR,DELIVER IN PERSON,medium drab rosy spring salmon,MEDIUM PLATED TIN,Brand#25,Supplier#000000027,CHINA,ASIA,806.82,797,93,Customer#000000093,MACHINERY,2182.52
26948,6,17.00,31397.98,0.08,0.08,REG AIR,DELIVER IN PERSON,medium drab rosy spring salmon,MEDIUM PLATED TIN,Brand#25,Supplier#000000027,CHINA,ASIA,806.82,797,95,Customer#000000095,MACHINERY,5327.38
26948,6,17.00,31397.98,0.08,0.08,REG AIR,DELIVER IN PERSON,medium drab rosy spring salmon,MEDIUM PLATED TIN,Brand#25,Supplier#000000027,CHINA,ASIA,806.82,797,97,Customer#000000097,AUTOMOBILE,2164.48
26948,6,17.00,31397.98,0.08,0.08,REG AIR,DELIVER IN PERSON,medium drab rosy spring salmon,MEDIUM PLATED TIN,Brand#25,Supplier#000000027,CHINA,ASIA,806.82,797,101,Customer#000000101,MACHINERY,7470.96
26948,6,17.00,31397.98,0.08,0.08,REG AIR,DELIVER IN PERSON,medium drab rosy spring salmon,MEDIUM PLATED TIN,Brand#25,Supplier#000000027,CHINA,ASIA,806.82,797,102,Customer#000000102,BUILDING,8462.17
26948,6,17.00,31397.98,0.08,0.08,REG AIR,DELIVER IN PERSON,medium drab rosy spring salmon,MEDIUM PLATED TIN,Brand#25,Supplier#000000027,CHINA,ASIA,806.82,797,103,Customer#000000103,BUILDING,2757.45
26948,6,17.00,31397.98,0.08,0.08,REG AIR,DELIVER IN PERSON,medium drab rosy spring salmon,MEDIUM PLATED TIN,Brand#25,Supplier#000000027,CHINA,ASIA,806.82,797,105,Customer#000000105,MACHINERY,9091.82
26948,6,17.00,31397.98,0.08,0.08,REG AIR,DELIVER IN PERSON,medium drab rosy spring salmon,MEDIUM PLATED TIN,Brand#25,Supplier#000000027,CHINA,ASIA,806.82,797,106,Customer#000000106,MACHINERY,3288.42
26948,6,17.00,31397.98,0.08,0.08,REG AIR,DELIVER IN PERSON,medium drab rosy spring salmon,MEDIUM PLATED TIN,Brand#25,Supplier#000000027,CHINA,ASIA,806.82,797,107,Customer#000000107,AUTOMOBILE,2514.15
26948,6,17.00,31397.98,0.08,0.08,REG AIR,DELIVER IN PERSON,medium drab rosy spring salmon,MEDIUM PLATED TIN,Brand#25,Supplier#000000027,CHINA,ASIA,806.82,797,108,Customer#000000108,BUILDING,2259.38
26948,6,17.00,31397.98,0.08,0.08,REG AIR,DELIVER IN PERSON,medium drab rosy spring salmon,MEDIUM PLATED TIN,Brand#25,Supplier#000000027,CHINA,ASIA,806.82,797,110,Customer#000000110,AUTOMOBILE,7462.99
26948,6,17.00,31397.98,0.08,0.08,REG AIR,DELIVER IN PERSON,medium drab rosy spring salmon,MEDIUM PLATED TIN,Brand#25,Supplier#000000027,CHINA,ASIA,806.82,797,111,Customer#000000111,MACHINERY,6505.26
26948,6,17.00,31397.98,0.08,0.08,REG AIR,DELIVER IN PERSON,medium drab rosy spring salmon,MEDIUM PLATED TIN,Brand#25,Supplier#000000027,CHINA,ASIA,806.82,797,113,Customer#000000113,BUILDING,2912.00
26948,6,17.00,31397.98,0.08,0.08,REG AIR,DELIVER IN PERSON,medium drab rosy spring salmon,MEDIUM PLATED TIN,Brand#25,Supplier#000000027,CHINA,ASIA,806.82,797,116,Customer#000000116,BUILDING,8403.99
26948,6,17.00,31397.98,0.08,0.08,REG AIR,DELIVER IN PERSON,medium drab rosy spring salmon,MEDIUM PLATED TIN,Brand#25,Supplier#000000027,CHINA,ASIA,806.82,797,121,Customer#000000121,BUILDING,6428.32
26948,6,17.00,31397.98,0.08,0.08,REG AIR,DELIVER IN PERSON,medium drab rosy spring salmon,MEDIUM PLATED TIN,Brand#25,Supplier#000000027,CHINA,ASIA,806.82,797,123,Customer#000000123,BUILDING,5897.83
26948,6,17.00,31397.98,0.08,0.08,REG AIR,DELIVER IN PERSON,medium drab rosy spring salmon,MEDIUM PLATED TIN,Brand#25,Supplier#000000027,CHINA,ASIA,806.82,797,124,Customer#000000124,AUTOMOBILE,1842.49
26948,6,17.00,31397.98,0.08,0.08,REG AIR,DELIVER IN PERSON,medium drab rosy spring salmon,MEDIUM PLATED TIN,Brand#25,Supplier#000000027,CHINA,ASIA,806.82,797,127,Customer#000000127,MACHINERY,9280.71
26948,6,17.00,31397.98,0.08,0.08,REG AIR,DELIVER IN PERSON,medium drab rosy spring salmon,MEDIUM PLATED TIN,Brand#25,Supplier#000000027,CHINA,ASIA,806.82,797,133,Customer#000000133,AUTOMOBILE,2314.67
26948,6,17.00,31397.98,0.08,0.08,REG AIR,DELIVER IN PERSON,medium drab rosy spring salmon,MEDIUM PLATED TIN,Brand#25,Supplier#000000027,CHINA,ASIA,806.82,797,134,Customer#000000134,BUILDING,4608.90
26948,6,17.00,31397.98,0.08,0.08,REG AIR,DELIVER IN PERSON,medium drab rosy spring salmon,MEDIUM PLATED TIN,Brand#25,Supplier#000000027,CHINA,ASIA,806.82,797,139,Customer#000000139,MACHINERY,7897.78
26948,6,17.00,31397.98,0.08,0.08,REG AIR,DELIVER IN PERSON,medium drab rosy spring salmon,MEDIUM PLATED TIN,Brand#25,Supplier#000000027,CHINA,ASIA,806.82,797,140,Customer#000000140,MACHINERY,9963.15
26948,6,17.00,31397.98,0.08,0.08,REG AIR,DELIVER IN PERSON,medium drab rosy spring salmon,MEDIUM PLATED TIN,Brand#25,Supplier#000000027,CHINA,ASIA,806.82,797,142,Customer#000000142,AUTOMOBILE,2209.81
26948,6,17.00,31397.98,0.08,0.08,REG AIR,DELIVER IN PERSON,medium drab rosy spring salmon,MEDIUM PLATED TIN,Brand#25,Supplier#000000027,CHINA,ASIA,806.82,797,143,Customer#000000143,MACHINERY,2186.50
26948,6,17.00,31397.98,0.08,0.08,REG AIR,DELIVER IN PERSON,medium drab rosy spring salmon,MEDIUM PLATED TIN,Brand#25,Supplier#000000027,CHINA,ASIA,806.82,797,144,Customer#000000144,MACHINERY,6417.31
26948,6,17.00,31397.98,0.08,0.08,REG AIR,DELIVER IN PERSON,medium drab rosy spring salmon,MEDIUM PLATED TIN,Brand#25,Supplier#000000027,CHINA,ASIA,806.82,797,149,Customer#000000149,AUTOMOBILE,8959.65
26948,6,17.00,31397.98,0.08,0.08,REG AIR,DELIVER IN PERSON,medium drab rosy spring salmon,MEDIUM PLATED TIN,Brand#25,Supplier#000000027,CHINA,ASIA,806.82,797,150,Customer#000000150,MACHINERY,3849.48
26948,6,17.00,31397.98,0.08,0.08,REG AIR,DELIVER IN PERSON,medium drab rosy spring salmon,MEDIUM PLATED TIN,Brand#25,Supplier#000000027,CHINA,ASIA,806.82,797,152,Customer#000000152,BUILDING,1215.18
26948,6,17.00,31397.98,0.08,0.08,REG AIR,DELIVER IN PERSON,medium drab rosy spring salmon,MEDIUM PLATED TIN,Brand#25,Supplier#000000027,CHINA,ASIA,806.82,797,155,Customer#000000155,AUTOMOBILE,5902.85
26948,6,17.00,31397.98,0.08,0.08,REG AIR,DELIVER IN PERSON,medium drab rosy spring salmon,MEDIUM PLATED TIN,Brand#25,Supplier#000000027,CHINA,ASIA,806.82,797,156,Customer#000000156,AUTOMOBILE,9302.95
26948,6,17.00,31397.98,0.08,0.08,REG AIR,DELIVER IN PERSON,medium drab rosy spring salmon,MEDIUM PLATED TIN,Brand#25,Supplier#000000027,CHINA,ASIA,806.82,797,157,Customer#000000157,BUILDING,9768.73
26948,6,17.00,31397.98,0.08,0.08,REG AIR,DELIVER IN PERSON,medium drab rosy spring salmon,MEDIUM PLATED TIN,Brand#25,Supplier#000000027,CHINA,ASIA,806.82,797,158,Customer#000000158,AUTOMOBILE,6160.95
26948,6,17.00,31397.98,0.08,0.08,REG AIR,DELIVER IN PERSON,medium drab rosy spring salmon,MEDIUM PLATED TIN,Brand#25,Supplier#000000027,CHINA,ASIA,806.82,797,160,Customer#000000160,MACHINERY,4363.17
26948,6,17.00,31397.98,0.08,0.08,REG AIR,DELIVER IN PERSON,medium drab rosy spring salmon,MEDIUM PLATED TIN,Brand#25,Supplier#000000027,CHINA,ASIA,806.82,797,161,Customer#000000161,MACHINERY,3714.06
26948,6,17.00,31397.98,0.08,0.08,REG AIR,DELIVER IN PERSON,medium drab rosy spring salmon,MEDIUM PLATED TIN,Brand#25,Supplier#000000027,CHINA,ASIA,806.82,797,162,Customer#000000162,MACHINERY,6268.99
26948,6,17.00,31397.98,0.08,0.08,REG AIR,DELIVER IN PERSON,medium drab rosy spring salmon,MEDIUM PLATED TIN,Brand#25,Supplier#000000027,CHINA,ASIA,806.82,797,167,Customer#000000167,AUTOMOBILE,1468.09
26948,6,17.00,31397.98,0.08,0.08,REG AIR,DELIVER IN PERSON,medium drab rosy spring salmon,MEDIUM PLATED TIN,Brand#25,Supplier#000000027,CHINA,ASIA,806.82,797,170,Customer#000000170,BUILDING,7687.89
26948,6,17.00,31397.98,0.08,0.08,REG AIR,DELIVER IN PERSON,medium drab rosy spring salmon,MEDIUM PLATED TIN,Brand#25,Supplier#000000027,CHINA,ASIA,806.82,797,171,Customer#000000171,MACHINERY,2379.91
26948,6,17.00,31397.98,0.08,0.08,REG AIR,DELIVER IN PERSON,medium drab rosy spring salmon,MEDIUM PLATED TIN,Brand#25,Supplier#000000027,CHINA,ASIA,806.82,797,172,Customer#000000172,MACHINERY,1134.40
26948,6,17.00,31397.98,0.08,0.08,REG AIR,DELIVER IN PERSON,medium drab rosy spring salmon,MEDIUM PLATED TIN,Brand#25,Supplier#000000027,CHINA,ASIA,806.82,797,173,Customer#000000173,BUILDING,845.84
26948,6,17.00,31397.98,0.08,0.08,REG AIR,DELIVER IN PERSON,medium drab rosy spring salmon,MEDIUM PLATED TIN,Brand#25,Supplier#000000027,CHINA,ASIA,806.82,797,177,Customer#000000177,BUILDING,7457.50
26948,6,17.00,31397.98,0.08,0.08,REG AIR,DELIVER IN PERSON,medium drab rosy spring salmon,MEDIUM PLATED TIN,Brand#25,Supplier#000000027,CHINA,ASIA,806.82,797,182,Customer#000000182,AUTOMOBILE,4810.22
26948,6,17.00,31397.98,0.08,0.08,REG AIR,DELIVER IN PERSON,medium drab rosy spring salmon,MEDIUM PLATED TIN,Brand#25,Supplier#000000027,CHINA,ASIA,806.82,797,185,Customer#000000185,BUILDING,2788.76
26948,6,17.00,31397.98,0.08,0.08,REG AIR,DELIVER IN PERSON,medium drab rosy spring salmon,MEDIUM PLATED TIN,Brand#25,Supplier#000000027,CHINA,ASIA,806.82,797,188,Customer#000000188,BUILDING,9533.37
26948,6,17.00,31397.98,0.08,0.08,REG AIR,DELIVER IN PERSON,medium drab rosy spring salmon,MEDIUM PLATED TIN,Brand#25,Supplier#000000027,CHINA,ASIA,806.82,797,190,Customer#000000190,AUTOMOBILE,1657.46
26948,6,17.00,31397.98,0.08,0.08,REG AIR,DELIVER IN PERSON,medium drab rosy spring salmon,MEDIUM PLATED TIN,Brand#25,Supplier#000000027,CHINA,ASIA,806.82,797,191,Customer#000000191,BUILDING,2945.16
26948,6,17.00,31397.98,0.08,0.08,REG AIR,DELIVER IN PERSON,medium drab rosy spring salmon,MEDIUM PLATED TIN,Brand#25,Supplier#000000027,CHINA,ASIA,806.82,797,192,Customer#000000192,MACHINERY,8239.96
26948,6,17.00,31397.98,0.08,0.08,REG AIR,DELIVER IN PERSON,medium drab rosy spring salmon,MEDIUM PLATED TIN,Brand#25,Supplier#000000027,CHINA,ASIA,806.82,797,193,Customer#000000193,MACHINERY,8024.55
26948,6,17.00,31397.98,0.08,0.08,REG AIR,DELIVER IN PERSON,medium drab rosy spring salmon,MEDIUM PLATED TIN,Brand#25,Supplier#000000027,CHINA,ASIA,806.82,797,198,Customer#000000198,AUTOMOBILE,3824.76
26948,6,17.00,31397.98,0.08,0.08,REG AIR,DELIVER IN PERSON,medium drab rosy spring salmon,MEDIUM PLATED TIN,Brand#25,Supplier#000000027,CHINA,ASIA,806.82,797,200,Customer#000000200,BUILDING,9967.60
26948,6,17.00,31397.98,0.08,0.08,REG AIR,DELIVER IN PERSON,medium drab rosy spring salmon,MEDIUM PLATED TIN,Brand#25,Supplier#000000027,CHINA,ASIA,806.82,797,201,Customer#000000201,MACHINERY,4614.40
26948,6,17.00,31397.98,0.08,0.08,REG AIR,DELIVER IN PERSON,medium drab rosy spring salmon,MEDIUM PLATED TIN,Brand#25,Supplier#000000027,CHINA,ASIA,806.82,797,202,Customer#000000202,AUTOMOBILE,2237.64
26948,6,17.00,31397.98,0.08,0.08,REG AIR,DELIVER IN PERSON,medium drab rosy spring salmon,MEDIUM PLATED TIN,Brand#25,Supplier#000000027,CHINA,ASIA,806.82,797,203,Customer#000000203,MACHINERY,7960.63
26948,6,17.00,31397.98,0.08,0.08,REG AIR,DELIVER IN PERSON,medium drab rosy spring salmon,MEDIUM PLATED TIN,Brand#25,Supplier#000000027,CHINA,ASIA,806.82,797,205,Customer#000000205,BUILDING,7161.52
26948,6,17.00,31397.98,0.08,0.08,REG AIR,DELIVER IN PERSON,medium drab rosy spring salmon,MEDIUM PLATED TIN,Brand#25,Supplier#000000027,CHINA,ASIA,806.82,797,208,Customer#000000208,MACHINERY,6239.89
26948,6,17.00,31397.98,0.08,0.08,REG AIR,DELIVER IN PERSON,medium drab rosy spring salmon,MEDIUM PLATED TIN,Brand#25,Supplier#000000027,CHINA,ASIA,806.82,797,211,Customer#000000211,BUILDING,4198.72
26948,6,17.00,31397.98,0.08,0.08,REG AIR,DELIVER IN PERSON,medium drab rosy spring salmon,MEDIUM PLATED TIN,Brand#25,Supplier#000000027,CHINA,ASIA,806.82,797,212,Customer#000000212,BUILDING,957.58
26948,6,17.00,31397.98,0.08,0.08,REG AIR,DELIVER IN PERSON,medium drab rosy spring salmon,MEDIUM PLATED TIN,Brand#25,Supplier#000000027,CHINA,ASIA,806.82,797,214,Customer#000000214,MACHINERY,1526.59
26948,6,17.00,31397.98,0.08,0.08,REG AIR,DELIVER IN PERSON,medium drab rosy spring salmon,MEDIUM PLATED TIN,Brand#25,Supplier#000000027,CHINA,ASIA,806.82,797,218,Customer#000000218,MACHINERY,9541.19
26948,6,17.00,31397.98,0.08,0.08,REG AIR,DELIVER IN PERSON,medium drab rosy spring salmon,MEDIUM PLATED TIN,Brand#25,Supplier#000000027,CHINA,ASIA,806.82,797,219,Customer#000000219,AUTOMOBILE,9858.57
26948,6,17.00,31397.98,0.08,0.08,REG AIR,DELIVER IN PERSON,medium drab rosy spring salmon,MEDIUM PLATED TIN,Brand#25,Supplier#000000027,CHINA,ASIA,806.82,797,220,Customer#000000220,BUILDING,9131.64
26948,6,17.00,31397.98,0.08,0.08,REG AIR,DELIVER IN PERSON,medium drab rosy spring salmon,MEDIUM PLATED TIN,Brand#25,Supplier#000000027,CHINA,ASIA,806.82,797,221,Customer#000000221,BUILDING,1609.39
26948,6,17.00,31397.98,0.08,0.08,REG AIR,DELIVER IN PERSON,medium drab rosy spring salmon,MEDIUM PLATED TIN,Brand#25,Supplier#000000027,CHINA,ASIA,806.82,797,222,Customer#000000222,BUILDING,8893.76
26948,6,17.00,31397.98,0.08,0.08,REG AIR,DELIVER IN PERSON,medium drab rosy spring salmon,MEDIUM PLATED TIN,Brand#25,Supplier#000000027,CHINA,ASIA,806.82,797,223,Customer#000000223,BUILDING,7476.20
26948,6,17.00,31397.98,0.08,0.08,REG AIR,DELIVER IN PERSON,medium drab rosy spring salmon,MEDIUM PLATED TIN,Brand#25,Supplier#000000027,CHINA,ASIA,806.82,797,224,Customer#000000224,BUILDING,8465.15
26948,6,17.00,31397.98,0.08,0.08,REG AIR,DELIVER IN PERSON,medium drab rosy spring salmon,MEDIUM PLATED TIN,Brand#25,Supplier#000000027,CHINA,ASIA,806.82,797,225,Customer#000000225,AUTOMOBILE,8893.20
26948,6,17.00,31397.98,0.08,0.08,REG AIR,DELIVER IN PERSON,medium drab rosy spring salmon,MEDIUM PLATED TIN,Brand#25,Supplier#000000027,CHINA,ASIA,806.82,797,226,Customer#000000226,AUTOMOBILE,9008.61
26948,6,17.00,31397.98,0.08,0.08,REG AIR,DELIVER IN PERSON,medium drab rosy spring salmon,MEDIUM PLATED TIN,Brand#25,Supplier#000000027,CHINA,ASIA,806.82,797,227,Customer#000000227,MACHINERY,1808.23
26948,6,17.00,31397.98,0.08,0.08,REG AIR,DELIVER IN PERSON,medium drab rosy spring salmon,MEDIUM PLATED TIN,Brand#25,Supplier#000000027,CHINA,ASIA,806.82,797,230,Customer#000000230,MACHINERY,1682.83
26948,6,17.00,31397.98,0.08,0.08,REG AIR,DELIVER IN PERSON,medium drab rosy spring salmon,MEDIUM PLATED TIN,Brand#25,Supplier#000000027,CHINA,ASIA,806.82,797,234,Customer#000000234,AUTOMOBILE,8383.51
26948,6,17.00,31397.98,0.08,0.08,REG AIR,DELIVER IN PERSON,medium drab rosy spring salmon,MEDIUM PLATED TIN,Brand#25,Supplier#000000027,CHINA,ASIA,806.82,797,235,Customer#000000235,AUTOMOBILE,754.41
26948,6,17.00,31397.98,0.08,0.08,REG AIR,DELIVER IN PERSON,medium drab rosy spring salmon,MEDIUM PLATED TIN,Brand#25,Supplier#000000027,CHINA,ASIA,806.82,797,236,Customer#000000236,AUTOMOBILE,5384.59
26948,6,17.00,31397.98,0.08,0.08,REG AIR,DELIVER IN PERSON,medium drab rosy spring salmon,MEDIUM PLATED TIN,Brand#25,Supplier#000000027,CHINA,ASIA,806.82,797,240,Customer#000000240,MACHINERY,7139.68
26948,6,17.00,31397.98,0.08,0.08,REG AIR,DELIVER IN PERSON,medium drab rosy spring salmon,MEDIUM PLATED TIN,Brand#25,Supplier#000000027,CHINA,ASIA,806.82,797,241,Customer#000000241,AUTOMOBILE,6569.34
26948,6,17.00,31397.98,0.08,0.08,REG AIR,DELIVER IN PERSON,medium drab rosy spring salmon,MEDIUM PLATED TIN,Brand#25,Supplier#000000027,CHINA,ASIA,806.82,797,242,Customer#000000242,MACHINERY,1975.41
26948,6,17.00,31397.98,0.08,0.08,REG AIR,DELIVER IN PERSON,medium drab rosy spring salmon,MEDIUM PLATED TIN,Brand#25,Supplier#000000027,CHINA,ASIA,806.82,797,243,Customer#000000243,AUTOMOBILE,620.73
26948,6,17.00,31397.98,0.08,0.08,REG AIR,DELIVER IN PERSON,medium drab rosy spring salmon,MEDIUM PLATED TIN,Brand#25,Supplier#000000027,CHINA,ASIA,806.82,797,245,Customer#000000245,MACHINERY,3720.15
26948,6,17.00,31397.98,0.08,0.08,REG AIR,DELIVER IN PERSON,medium drab rosy spring salmon,MEDIUM PLATED TIN,Brand#25,Supplier#000000027,CHINA,ASIA,806.82,797,246,Customer#000000246,AUTOMOBILE,9584.96
26948,6,17.00,31397.98,0.08,0.08,REG AIR,DELIVER IN PERSON,medium drab rosy spring salmon,MEDIUM PLATED TIN,Brand#25,Supplier#000000027,CHINA,ASIA,806.82,797,253,Customer#000000253,AUTOMOBILE,9139.52
26948,6,17.00,31397.98,0.08,0.08,REG AIR,DELIVER IN PERSON,medium drab rosy spring salmon,MEDIUM PLATED TIN,Brand#25,Supplier#000000027,CHINA,ASIA,806.82,797,254,Customer#000000254,MACHINERY,1915.35
26948,6,17.00,31397.98,0.08,0.08,REG AIR,DELIVER IN PERSON,medium drab rosy spring salmon,MEDIUM PLATED TIN,Brand#25,Supplier#000000027,CHINA,ASIA,806.82,797,255,Customer#000000255,BUILDING,3196.07
26948,6,17.00,31397.98,0.08,0.08,REG AIR,DELIVER IN PERSON,medium drab rosy spring salmon,MEDIUM PLATED TIN,Brand#25,Supplier#000000027,CHINA,ASIA,806.82,797,258,Customer#000000258,MACHINERY,6022.27
26948,6,17.00,31397.98,0.08,0.08,REG AIR,DELIVER IN PERSON,medium drab rosy spring salmon,MEDIUM PLATED TIN,Brand#25,Supplier#000000027,CHINA,ASIA,806.82,797,260,Customer#000000260,MACHINERY,9196.11
26948,6,17.00,31397.98,0.08,0.08,REG AIR,DELIVER IN PERSON,medium drab rosy spring salmon,MEDIUM PLATED TIN,Brand#25,Supplier#000000027,CHINA,ASIA,806.82,797,262,Customer#000000262,AUTOMOBILE,1561.80
26948,6,17.00,31397.98,0.08,0.08,REG AIR,DELIVER IN PERSON,medium drab rosy spring salmon,MEDIUM PLATED TIN,Brand#25,Supplier#000000027,CHINA,ASIA,806.82,797,264,Customer#000000264,MACHINERY,3195.83
26948,6,17.00,31397.98,0.08,0.08,REG AIR,DELIVER IN PERSON,medium drab rosy spring salmon,MEDIUM PLATED TIN,Brand#25,Supplier#000000027,CHINA,ASIA,806.82,797,265,Customer#000000265,MACHINERY,8275.80
26948,6,17.00,31397.98,0.08,0.08,REG AIR,DELIVER IN PERSON,medium drab rosy spring salmon,MEDIUM PLATED TIN,Brand#25,Supplier#000000027,CHINA,ASIA,806.82,797,267,Customer#000000267,AUTOMOBILE,3166.94
26948,6,17.00,31397.98,0.08,0.08,REG AIR,DELIVER IN PERSON,medium drab rosy spring salmon,MEDIUM PLATED TIN,Brand#25,Supplier#000000027,CHINA,ASIA,806.82,797,268,Customer#000000268,MACHINERY,6821.01
26948,6,17.00,31397.98,0.08,0.08,REG AIR,DELIVER IN PERSON,medium drab rosy spring salmon,MEDIUM PLATED TIN,Brand#25,Supplier#000000027,CHINA,ASIA,806.82,797,269,Customer#000000269,MACHINERY,7667.35
26948,6,17.00,31397.98,0.08,0.08,REG AIR,DELIVER IN PERSON,medium drab rosy spring salmon,MEDIUM PLATED TIN,Brand#25,Supplier#000000027,CHINA,ASIA,806.82,797,270,Customer#000000270,AUTOMOBILE,9192.50
26948,6,17.00,31397.98,0.08,0.08,REG AIR,DELIVER IN PERSON,medium drab rosy spring salmon,MEDIUM PLATED TIN,Brand#25,Supplier#000000027,CHINA,ASIA,806.82,797,271,Customer#000000271,MACHINERY,1490.35
26948,6,17.00,31397.98,0.08,0.08,REG AIR,DELIVER IN PERSON,medium drab rosy spring salmon,MEDIUM PLATED TIN,Brand#25,Supplier#000000027,CHINA,ASIA,806.82,797,275,Customer#000000275,AUTOMOBILE,5067.31
26948,6,17.00,31397.98,0.08,0.08,REG AIR,DELIVER IN PERSON,medium drab rosy spring salmon,MEDIUM PLATED TIN,Brand#25,Supplier#000000027,CHINA,ASIA,806.82,797,276,Customer#000000276,AUTOMOBILE,2292.67
26948,6,17.00,31397.98,0.08,0.08,REG AIR,DELIVER IN PERSON,medium drab rosy spring salmon,MEDIUM PLATED TIN,Brand#25,Supplier#000000027,CHINA,ASIA,806.82,797,277,Customer#000000277,BUILDING,8876.10
26948,6,17.00,31397.98,0.08,0.08,REG AIR,DELIVER IN PERSON,medium drab rosy spring salmon,MEDIUM PLATED TIN,Brand#25,Supplier#000000027,CHINA,ASIA,806.82,797,278,Customer#000000278,BUILDING,7621.56
26948,6,17.00,31397.98,0.08,0.08,REG AIR,DELIVER IN PERSON,medium drab rosy spring salmon,MEDIUM PLATED TIN,Brand#25,Supplier#000000027,CHINA,ASIA,806.82,797,279,Customer#000000279,AUTOMOBILE,9663.23
26948,6,17.00,31397.98,0.08,0.08,REG AIR,DELIVER IN PERSON,medium drab rosy spring salmon,MEDIUM PLATED TIN,Brand#25,Supplier#000000027,CHINA,ASIA,806.82,797,280,Customer#000000280,BUILDING,3952.84
26948,6,17.00,31397.98,0.08,0.08,REG AIR,DELIVER IN PERSON,medium drab rosy spring salmon,MEDIUM PLATED TIN,Brand#25,Supplier#000000027,CHINA,ASIA,806.82,797,281,Customer#000000281,BUILDING,4361.70
26948,6,17.00,31397.98,0.08,0.08,REG AIR,DELIVER IN PERSON,medium drab rosy spring salmon,MEDIUM PLATED TIN,Brand#25,Supplier#000000027,CHINA,ASIA,806.82,797,283,Customer#000000283,AUTOMOBILE,4450.03
26948,6,17.00,31397.98,0.08,0.08,REG AIR,DELIVER IN PERSON,medium drab rosy spring salmon,MEDIUM PLATED TIN,Brand#25,Supplier#000000027,CHINA,ASIA,806.82,797,284,Customer#000000284,AUTOMOBILE,593.52
26948,6,17.00,31397.98,0.08,0.08,REG AIR,DELIVER IN PERSON,medium drab rosy spring salmon,MEDIUM PLATED TIN,Brand#25,Supplier#000000027,CHINA,ASIA,806.82,797,287,Customer#000000287,MACHINERY,1734.18
26948,6,17.00,31397.98,0.08,0.08,REG AIR,DELIVER IN PERSON,medium drab rosy spring salmon,MEDIUM PLATED TIN,Brand#25,Supplier#000000027,CHINA,ASIA,806.82,797,290,Customer#000000290,MACHINERY,1811.35
26948,6,17.00,31397.98,0.08,0.08,REG AIR,DELIVER IN PERSON,medium drab rosy spring salmon,MEDIUM PLATED TIN,Brand#25,Supplier#000000027,CHINA,ASIA,806.82,797,296,Customer#000000296,BUILDING,8081.52
26948,6,17.00,31397.98,0.08,0.08,REG AIR,DELIVER IN PERSON,medium drab rosy spring salmon,MEDIUM PLATED TIN,Brand#25,Supplier#000000027,CHINA,ASIA,806.82,797,298,Customer#000000298,BUILDING,3812.84
26948,6,17.00,31397.98,0.08,0.08,REG AIR,DELIVER IN PERSON,medium drab rosy spring salmon,MEDIUM PLATED TIN,Brand#25,Supplier#000000027,CHINA,ASIA,806.82,797,300,Customer#000000300,AUTOMOBILE,8084.92
26948,6,17.00,31397.98,0.08,0.08,REG AIR,DELIVER IN PERSON,medium drab rosy spring salmon,MEDIUM PLATED TIN,Brand#25,Supplier#000000027,CHINA,ASIA,806.82,797,302,Customer#000000302,MACHINERY,1107.42
26948,6,17.00,31397.98,0.08,0.08,REG AIR,DELIVER IN PERSON,medium drab rosy spring salmon,MEDIUM PLATED TIN,Brand#25,Supplier#000000027,CHINA,ASIA,806.82,797,304,Customer#000000304,MACHINERY,9217.55
26948,6,17.00,31397.98,0.08,0.08,REG AIR,DELIVER IN PERSON,medium drab rosy spring salmon,MEDIUM PLATED TIN,Brand#25,Supplier#000000027,CHINA,ASIA,806.82,797,306,Customer#000000306,AUTOMOBILE,3268.01
26948,6,17.00,31397.98,0.08,0.08,REG AIR,DELIVER IN PERSON,medium drab rosy spring salmon,MEDIUM PLATED TIN,Brand#25,Supplier#000000027,CHINA,ASIA,806.82,797,311,Customer#000000311,AUTOMOBILE,6589.50
26948,6,17.00,31397.98,0.08,0.08,REG AIR,DELIVER IN PERSON,medium drab rosy spring salmon,MEDIUM PLATED TIN,Brand#25,Supplier#000000027,CHINA,ASIA,806.82,797,314,Customer#000000314,MACHINERY,2394.92
26948,6,17.00,31397.98,0.08,0.08,REG AIR,DELIVER IN PERSON,medium drab rosy spring salmon,MEDIUM PLATED TIN,Brand#25,Supplier#000000027,CHINA,ASIA,806.82,797,316,Customer#000000316,MACHINERY,4571.78
26948,6,17.00,31397.98,0.08,0.08,REG AIR,DELIVER IN PERSON,medium drab rosy spring salmon,MEDIUM PLATED TIN,Brand#25,Supplier#000000027,CHINA,ASIA,806.82,797,320,Customer#000000320,MACHINERY,6082.74
26948,6,17.00,31397.98,0.08,0.08,REG AIR,DELIVER IN PERSON,medium drab rosy spring salmon,MEDIUM PLATED TIN,Brand#25,Supplier#000000027,CHINA,ASIA,806.82,797,323,Customer#000000323,AUTOMOBILE,1137.67
26948,6,17.00,31397.98,0.08,0.08,REG AIR,DELIVER IN PERSON,medium drab rosy spring salmon,MEDIUM PLATED TIN,Brand#25,Supplier#000000027,CHINA,ASIA,806.82,797,327,Customer#000000327,MACHINERY,8762.16
26948,6,17.00,31397.98,0.08,0.08,REG AIR,DELIVER IN PERSON,medium drab rosy spring salmon,MEDIUM PLATED TIN,Brand#25,Supplier#000000027,CHINA,ASIA,806.82,797,328,Customer#000000328,BUILDING,6709.90
26948,6,17.00,31397.98,0.08,0.08,REG AIR,DELIVER IN PERSON,medium drab rosy spring salmon,MEDIUM PLATED TIN,Brand#25,Supplier#000000027,CHINA,ASIA,806.82,797,330,Customer#000000330,MACHINERY,8244.73
26948,6,17.00,31397.98,0.08,0.08,REG AIR,DELIVER IN PERSON,medium drab rosy spring salmon,MEDIUM PLATED TIN,Brand#25,Supplier#000000027,CHINA,ASIA,806.82,797,333,Customer#000000333,AUTOMOBILE,8018.89
26948,6,17.00,31397.98,0.08,0.08,REG AIR,DELIVER IN PERSON,medium drab rosy spring salmon,MEDIUM PLATED TIN,Brand#25,Supplier#000000027,CHINA,ASIA,806.82,797,336,Customer#000000336,AUTOMOBILE,9241.49
26948,6,17.00,31397.98,0.08,0.08,REG AIR,DELIVER IN PERSON,medium drab rosy spring salmon,MEDIUM PLATED TIN,Brand#25,Supplier#000000027,CHINA,ASIA,806.82,797,340,Customer#000000340,BUILDING,4667.12
26948,6,17.00,31397.98,0.08,0.08,REG AIR,DELIVER IN PERSON,medium drab rosy spring salmon,MEDIUM PLATED TIN,Brand#25,Supplier#000000027,CHINA,ASIA,806.82,797,342,Customer#000000342,AUTOMOBILE,7186.74
26948,6,17.00,31397.98,0.08,0.08,REG AIR,DELIVER IN PERSON,medium drab rosy spring salmon,MEDIUM PLATED TIN,Brand#25,Supplier#000000027,CHINA,ASIA,806.82,797,345,Customer#000000345,AUTOMOBILE,1936.77
26948,6,17.00,31397.98,0.08,0.08,REG AIR,DELIVER IN PERSON,medium drab rosy spring salmon,MEDIUM PLATED TIN,Brand#25,Supplier#000000027,CHINA,ASIA,806.82,797,347,Customer#000000347,BUILDING,7348.92
26948,6,17.00,31397.98,0.08,0.08,REG AIR,DELIVER IN PERSON,medium drab rosy spring salmon,MEDIUM PLATED TIN,Brand#25,Supplier#000000027,CHINA,ASIA,806.82,797,351,Customer#000000351,AUTOMOBILE,3419.54
26948,6,17.00,31397.98,0.08,0.08,REG AIR,DELIVER IN PERSON,medium drab rosy spring salmon,MEDIUM PLATED TIN,Brand#25,Supplier#000000027,CHINA,ASIA,806.82,797,353,Customer#000000353,BUILDING,3199.03
26948,6,17.00,31397.98,0.08,0.08,REG AIR,DELIVER IN PERSON,medium drab rosy spring salmon,MEDIUM PLATED TIN,Brand#25,Supplier#000000027,CHINA,ASIA,806.82,797,354,Customer#000000354,BUILDING,7095.95
26948,6,17.00,31397.98,0.08,0.08,REG AIR,DELIVER IN PERSON,medium drab rosy spring salmon,MEDIUM PLATED TIN,Brand#25,Supplier#000000027,CHINA,ASIA,806.82,797,357,Customer#000000357,AUTOMOBILE,8747.36
26948,6,17.00,31397.98,0.08,0.08,REG AIR,DELIVER IN PERSON,medium drab rosy spring salmon,MEDIUM PLATED TIN,Brand#25,Supplier#000000027,CHINA,ASIA,806.82,797,361,Customer#000000361,BUILDING,7451.84
26948,6,17.00,31397.98,0.08,0.08,REG AIR,DELIVER IN PERSON,medium drab rosy spring salmon,MEDIUM PLATED TIN,Brand#25,Supplier#000000027,CHINA,ASIA,806.82,797,362,Customer#000000362,AUTOMOBILE,6149.01
26948,6,17.00,31397.98,0.08,0.08,REG AIR,DELIVER IN PERSON,medium drab rosy spring salmon,MEDIUM PLATED TIN,Brand#25,Supplier#000000027,CHINA,ASIA,806.82,797,371,Customer#000000371,AUTOMOBILE,7789.14
26948,6,17.00,31397.98,0.08,0.08,REG AIR,DELIVER IN PERSON,medium drab rosy spring salmon,MEDIUM PLATED TIN,Brand#25,Supplier#000000027,CHINA,ASIA,806.82,797,373,Customer#000000373,MACHINERY,2354.06
26948,6,17.00,31397.98,0.08,0.08,REG AIR,DELIVER IN PERSON,medium drab rosy spring salmon,MEDIUM PLATED TIN,Brand#25,Supplier#000000027,CHINA,ASIA,806.82,797,374,Customer#000000374,AUTOMOBILE,6718.78
26948,6,17.00,31397.98,0.08,0.08,REG AIR,DELIVER IN PERSON,medium drab rosy spring salmon,MEDIUM PLATED TIN,Brand#25,Supplier#000000027,CHINA,ASIA,806.82,797,376,Customer#000000376,AUTOMOBILE,4231.45
26948,6,17.00,31397.98,0.08,0.08,REG AIR,DELIVER IN PERSON,medium drab rosy spring salmon,MEDIUM PLATED TIN,Brand#25,Supplier#000000027,CHINA,ASIA,806.82,797,377,Customer#000000377,MACHINERY,1043.72
26948,6,17.00,31397.98,0.08,0.08,REG AIR,DELIVER IN PERSON,medium drab rosy spring salmon,MEDIUM PLATED TIN,Brand#25,Supplier#000000027,CHINA,ASIA,806.82,797,378,Customer#000000378,BUILDING,5718.05
26948,6,17.00,31397.98,0.08,0.08,REG AIR,DELIVER IN PERSON,medium drab rosy spring salmon,MEDIUM PLATED TIN,Brand#25,Supplier#000000027,CHINA,ASIA,806.82,797,379,Customer#000000379,AUTOMOBILE,5348.11
26948,6,17.00,31397.98,0.08,0.08,REG AIR,DELIVER IN PERSON,medium drab rosy spring salmon,MEDIUM PLATED TIN,Brand#25,Supplier#000000027,CHINA,ASIA,806.82,797,380,Customer#000000380,BUILDING,2755.46
26948,6,17.00,31397.98,0.08,0.08,REG AIR,DELIVER IN PERSON,medium drab rosy spring salmon,MEDIUM PLATED TIN,Brand#25,Supplier#000000027,CHINA,ASIA,806.82,797,381,Customer#000000381,BUILDING,9931.71
26948,6,17.00,31397.98,0.08,0.08,REG AIR,DELIVER IN PERSON,medium drab rosy spring salmon,MEDIUM PLATED TIN,Brand#25,Supplier#000000027,CHINA,ASIA,806.82,797,382,Customer#000000382,AUTOMOBILE,6269.42
26948,6,17.00,31397.98,0.08,0.08,REG AIR,DELIVER IN PERSON,medium drab rosy spring salmon,MEDIUM PLATED TIN,Brand#25,Supplier#000000027,CHINA,ASIA,806.82,797,385,Customer#000000385,AUTOMOBILE,2457.09
26948,6,17.00,31397.98,0.08,0.08,REG AIR,DELIVER IN PERSON,medium drab rosy spring salmon,MEDIUM PLATED TIN,Brand#25,Supplier#000000027,CHINA,ASIA,806.82,797,392,Customer#000000392,BUILDING,8492.33
26948,6,17.00,31397.98,0.08,0.08,REG AIR,DELIVER IN PERSON,medium drab rosy spring salmon,MEDIUM PLATED TIN,Brand#25,Supplier#000000027,CHINA,ASIA,806.82,797,394,Customer#000000394,MACHINERY,5200.96
26948,6,17.00,31397.98,0.08,0.08,REG AIR,DELIVER IN PERSON,medium drab rosy spring salmon,MEDIUM PLATED TIN,Brand#25,Supplier#000000027,CHINA,ASIA,806.82,797,396,Customer#000000396,BUILDING,1433.50
26948,6,17.00,31397.98,0.08,0.08,REG AIR,DELIVER IN PERSON,medium drab rosy spring salmon,MEDIUM PLATED TIN,Brand#25,Supplier#000000027,CHINA,ASIA,806.82,797,399,Customer#000000399,BUILDING,7358.53
26948,6,17.00,31397.98,0.08,0.08,REG AIR,DELIVER IN PERSON,medium drab rosy spring salmon,MEDIUM PLATED TIN,Brand#25,Supplier#000000027,CHINA,ASIA,806.82,797,401,Customer#000000401,BUILDING,4146.43
26948,6,17.00,31397.98,0.08,0.08,REG AIR,DELIVER IN PERSON,medium drab rosy spring salmon,MEDIUM PLATED TIN,Brand#25,Supplier#000000027,CHINA,ASIA,806.82,797,402,Customer#000000402,AUTOMOBILE,2106.67
26948,6,17.00,31397.98,0.08,0.08,REG AIR,DELIVER IN PERSON,medium drab rosy spring salmon,MEDIUM PLATED TIN,Brand#25,Supplier#000000027,CHINA,ASIA,806.82,797,404,Customer#000000404,BUILDING,7408.73
26948,6,17.00,31397.98,0.08,0.08,REG AIR,DELIVER IN PERSON,medium drab rosy spring salmon,MEDIUM PLATED TIN,Brand#25,Supplier#000000027,CHINA,ASIA,806.82,797,405,Customer#000000405,MACHINERY,7519.14
26948,6,17.00,31397.98,0.08,0.08,REG AIR,DELIVER IN PERSON,medium drab rosy spring salmon,MEDIUM PLATED TIN,Brand#25,Supplier#000000027,CHINA,ASIA,806.82,797,407,Customer#000000407,MACHINERY,9537.08
26948,6,17.00,31397.98,0.08,0.08,REG AIR,DELIVER IN PERSON,medium drab rosy spring salmon,MEDIUM PLATED TIN,Brand#25,Supplier#000000027,CHINA,ASIA,806.82,797,408,Customer#000000408,BUILDING,6825.37
26948,6,17.00,31397.98,0.08,0.08,REG AIR,DELIVER IN PERSON,medium drab rosy spring salmon,MEDIUM PLATED TIN,Brand#25,Supplier#000000027,CHINA,ASIA,806.82,797,410,Customer#000000410,BUILDING,4349.27
26948,6,17.00,31397.98,0.08,0.08,REG AIR,DELIVER IN PERSON,medium drab rosy spring salmon,MEDIUM PLATED TIN,Brand#25,Supplier#000000027,CHINA,ASIA,806.82,797,412,Customer#000000412,BUILDING,6044.02
26948,6,17.00,31397.98,0.08,0.08,REG AIR,DELIVER IN PERSON,medium drab rosy spring salmon,MEDIUM PLATED TIN,Brand#25,Supplier#000000027,CHINA,ASIA,806.82,797,414,Customer#000000414,AUTOMOBILE,527.78
26948,6,17.00,31397.98,0.08,0.08,REG AIR,DELIVER IN PERSON,medium drab rosy spring salmon,MEDIUM PLATED TIN,Brand#25,Supplier#000000027,CHINA,ASIA,806.82,797,416,Customer#000000416,MACHINERY,4365.28
26948,6,17.00,31397.98,0.08,0.08,REG AIR,DELIVER IN PERSON,medium drab rosy spring salmon,MEDIUM PLATED TIN,Brand#25,Supplier#000000027,CHINA,ASIA,806.82,797,417,Customer#000000417,BUILDING,6187.73
26948,6,17.00,31397.98,0.08,0.08,REG AIR,DELIVER IN PERSON,medium drab rosy spring salmon,MEDIUM PLATED TIN,Brand#25,Supplier#000000027,CHINA,ASIA,806.82,797,419,Customer#000000419,BUILDING,7786.69
26948,6,17.00,31397.98,0.08,0.08,REG AIR,DELIVER IN PERSON,medium drab rosy spring salmon,MEDIUM PLATED TIN,Brand#25,Supplier#000000027,CHINA,ASIA,806.82,797,420,Customer#000000420,BUILDING,1999.35
26948,6,17.00,31397.98,0.08,0.08,REG AIR,DELIVER IN PERSON,medium drab rosy spring salmon,MEDIUM PLATED TIN,Brand#25,Supplier#000000027,CHINA,ASIA,806.82,797,427,Customer#000000427,MACHINERY,4376.80
26948,6,17.00,31397.98,0.08,0.08,REG AIR,DELIVER IN PERSON,medium drab rosy spring salmon,MEDIUM PLATED TIN,Brand#25,Supplier#000000027,CHINA,ASIA,806.82,797,428,Customer#000000428,BUILDING,1952.36
26948,6,17.00,31397.98,0.08,0.08,REG AIR,DELIVER IN PERSON,medium drab rosy spring salmon,MEDIUM PLATED TIN,Brand#25,Supplier#000000027,CHINA,ASIA,806.82,797,430,Customer#000000430,BUILDING,7905.17
26948,6,17.00,31397.98,0.08,0.08,REG AIR,DELIVER IN PERSON,medium drab rosy spring salmon,MEDIUM PLATED TIN,Brand#25,Supplier#000000027,CHINA,ASIA,806.82,797,432,Customer#000000432,BUILDING,5715.64
26948,6,17.00,31397.98,0.08,0.08,REG AIR,DELIVER IN PERSON,medium drab rosy spring salmon,MEDIUM PLATED TIN,Brand#25,Supplier#000000027,CHINA,ASIA,806.82,797,434,Customer#000000434,MACHINERY,2940.46
26948,6,17.00,31397.98,0.08,0.08,REG AIR,DELIVER IN PERSON,medium drab rosy spring salmon,MEDIUM PLATED TIN,Brand#25,Supplier#000000027,CHINA,ASIA,806.82,797,435,Customer#000000435,MACHINERY,6217.46
26948,6,17.00,31397.98,0.08,0.08,REG AIR,DELIVER IN PERSON,medium drab rosy spring salmon,MEDIUM PLATED TIN,Brand#25,Supplier#000000027,CHINA,ASIA,806.82,797,437,Customer#000000437,AUTOMOBILE,7760.52
26948,6,17.00,31397.98,0.08,0.08,REG AIR,DELIVER IN PERSON,medium drab rosy spring salmon,MEDIUM PLATED TIN,Brand#25,Supplier#000000027,CHINA,ASIA,806.82,797,438,Customer#000000438,MACHINERY,2131.13
26948,6,17.00,31397.98,0.08,0.08,REG AIR,DELIVER IN PERSON,medium drab rosy spring salmon,MEDIUM PLATED TIN,Brand#25,Supplier#000000027,CHINA,ASIA,806.82,797,440,Customer#000000440,MACHINERY,1809.04
26948,6,17.00,31397.98,0.08,0.08,REG AIR,DELIVER IN PERSON,medium drab rosy spring salmon,MEDIUM PLATED TIN,Brand#25,Supplier#000000027,CHINA,ASIA,806.82,797,448,Customer#000000448,BUILDING,8117.27
26948,6,17.00,31397.98,0.08,0.08,REG AIR,DELIVER IN PERSON,medium drab rosy spring salmon,MEDIUM PLATED TIN,Brand#25,Supplier#000000027,CHINA,ASIA,806.82,797,449,Customer#000000449,MACHINERY,3001.94
26948,6,17.00,31397.98,0.08,0.08,REG AIR,DELIVER IN PERSON,medium drab rosy spring salmon,MEDIUM PLATED TIN,Brand#25,Supplier#000000027,CHINA,ASIA,806.82,797,452,Customer#000000452,BUILDING,6633.70
26948,6,17.00,31397.98,0.08,0.08,REG AIR,DELIVER IN PERSON,medium drab rosy spring salmon,MEDIUM PLATED TIN,Brand#25,Supplier#000000027,CHINA,ASIA,806.82,797,454,Customer#000000454,AUTOMOBILE,6134.40
26948,6,17.00,31397.98,0.08,0.08,REG AIR,DELIVER IN PERSON,medium drab rosy spring salmon,MEDIUM PLATED TIN,Brand#25,Supplier#000000027,CHINA,ASIA,806.82,797,455,Customer#000000455,BUILDING,6860.34
26948,6,17.00,31397.98,0.08,0.08,REG AIR,DELIVER IN PERSON,medium drab rosy spring salmon,MEDIUM PLATED TIN,Brand#25,Supplier#000000027,CHINA,ASIA,806.82,797,459,Customer#000000459,MACHINERY,1207.97
26948,6,17.00,31397.98,0.08,0.08,REG AIR,DELIVER IN PERSON,medium drab rosy spring salmon,MEDIUM PLATED TIN,Brand#25,Supplier#000000027,CHINA,ASIA,806.82,797,461,Customer#000000461,AUTOMOBILE,9177.63
26948,6,17.00,31397.98,0.08,0.08,REG AIR,DELIVER IN PERSON,medium drab rosy spring salmon,MEDIUM PLATED TIN,Brand#25,Supplier#000000027,CHINA,ASIA,806.82,797,464,Customer#000000464,AUTOMOBILE,8730.85
26948,6,17.00,31397.98,0.08,0.08,REG AIR,DELIVER IN PERSON,medium drab rosy spring salmon,MEDIUM PLATED TIN,Brand#25,Supplier#000000027,CHINA,ASIA,806.82,797,466,Customer#000000466,MACHINERY,3168.41
26948,6,17.00,31397.98,0.08,0.08,REG AIR,DELIVER IN PERSON,medium drab rosy spring salmon,MEDIUM PLATED TIN,Brand#25,Supplier#000000027,CHINA,ASIA,806.82,797,467,Customer#000000467,MACHINERY,9398.51
26948,6,17.00,31397.98,0.08,0.08,REG AIR,DELIVER IN PERSON,medium drab rosy spring salmon,MEDIUM PLATED TIN,Brand#25,Supplier#000000027,CHINA,ASIA,806.82,797,469,Customer#000000469,BUILDING,6343.64
26948,6,17.00,31397.98,0.08,0.08,REG AIR,DELIVER IN PERSON,medium drab rosy spring salmon,MEDIUM PLATED TIN,Brand#25,Supplier#000000027,CHINA,ASIA,806.82,797,472,Customer#000000472,MACHINERY,7929.90
26948,6,17.00,31397.98,0.08,0.08,REG AIR,DELIVER IN PERSON,medium drab rosy spring salmon,MEDIUM PLATED TIN,Brand#25,Supplier#000000027,CHINA,ASIA,806.82,797,474,Customer#000000474,MACHINERY,9165.47
26948,6,17.00,31397.98,0.08,0.08,REG AIR,DELIVER IN PERSON,medium drab rosy spring salmon,MEDIUM PLATED TIN,Brand#25,Supplier#000000027,CHINA,ASIA,806.82,797,475,Customer#000000475,BUILDING,9043.55
26948,6,17.00,31397.98,0.08,0.08,REG AIR,DELIVER IN PERSON,medium drab rosy spring salmon,MEDIUM PLATED TIN,Brand#25,Supplier#000000027,CHINA,ASIA,806.82,797,476,Customer#000000476,BUILDING,5973.10
26948,6,17.00,31397.98,0.08,0.08,REG AIR,DELIVER IN PERSON,medium drab rosy spring salmon,MEDIUM PLATED TIN,Brand#25,Supplier#000000027,CHINA,ASIA,806.82,797,477,Customer#000000477,AUTOMOBILE,1836.61
26948,6,17.00,31397.98,0.08,0.08,REG AIR,DELIVER IN PERSON,medium drab rosy spring salmon,MEDIUM PLATED TIN,Brand#25,Supplier#000000027,CHINA,ASIA,806.82,797,479,Customer#000000479,AUTOMOBILE,3653.64
26948,6,17.00,31397.98,0.08,0.08,REG AIR,DELIVER IN PERSON,medium drab rosy spring salmon,MEDIUM PLATED TIN,Brand#25,Supplier#000000027,CHINA,ASIA,806.82,797,483,Customer#000000483,MACHINERY,8877.20
26948,6,17.00,31397.98,0.08,0.08,REG AIR,DELIVER IN PERSON,medium drab rosy spring salmon,MEDIUM PLATED TIN,Brand#25,Supplier#000000027,CHINA,ASIA,806.82,797,484,Customer#000000484,BUILDING,4245.00
26948,6,17.00,31397.98,0.08,0.08,REG AIR,DELIVER IN PERSON,medium drab rosy spring salmon,MEDIUM PLATED TIN,Brand#25,Supplier#000000027,CHINA,ASIA,806.82,797,485,Customer#000000485,MACHINERY,8695.45
26948,6,17.00,31397.98,0.08,0.08,REG AIR,DELIVER IN PERSON,medium drab rosy spring salmon,MEDIUM PLATED TIN,Brand#25,Supplier#000000027,CHINA,ASIA,806.82,797,486,Customer#000000486,AUTOMOBILE,7487.40
26948,6,17.00,31397.98,0.08,0.08,REG AIR,DELIVER IN PERSON,medium drab rosy spring salmon,MEDIUM PLATED TIN,Brand#25,Supplier#000000027,CHINA,ASIA,806.82,797,487,Customer#000000487,AUTOMOBILE,9749.37
26948,6,17.00,31397.98,0.08,0.08,REG AIR,DELIVER IN PERSON,medium drab rosy spring salmon,MEDIUM PLATED TIN,Brand#25,Supplier#000000027,CHINA,ASIA,806.82,797,489,Customer#000000489,AUTOMOBILE,8255.83
26948,6,17.00,31397.98,0.08,0.08,REG AIR,DELIVER IN PERSON,medium drab rosy spring salmon,MEDIUM PLATED TIN,Brand#25,Supplier#000000027,CHINA,ASIA,806.82,797,491,Customer#000000491,AUTOMOBILE,785.37
26948,6,17.00,31397.98,0.08,0.08,REG AIR,DELIVER IN PERSON,medium drab rosy spring salmon,MEDIUM PLATED TIN,Brand#25,Supplier#000000027,CHINA,ASIA,806.82,797,492,Customer#000000492,AUTOMOBILE,8635.18
26948,6,17.00,31397.98,0.08,0.08,REG AIR,DELIVER IN PERSON,medium drab rosy spring salmon,MEDIUM PLATED TIN,Brand#25,Supplier#000000027,CHINA,ASIA,806.82,797,493,Customer#000000493,MACHINERY,6582.04
26948,6,17.00,31397.98,0.08,0.08,REG AIR,DELIVER IN PERSON,medium drab rosy spring salmon,MEDIUM PLATED TIN,Brand#25,Supplier#000000027,CHINA,ASIA,806.82,797,495,Customer#000000495,BUILDING,7997.81
26948,6,17.00,31397.98,0.08,0.08,REG AIR,DELIVER IN PERSON,medium drab rosy spring salmon,MEDIUM PLATED TIN,Brand#25,Supplier#000000027,CHINA,ASIA,806.82,797,496,Customer#000000496,MACHINERY,8174.82
26948,6,17.00,31397.98,0.08,0.08,REG AIR,DELIVER IN PERSON,medium drab rosy spring salmon,MEDIUM PLATED TIN,Brand#25,Supplier#000000027,CHINA,ASIA,806.82,797,497,Customer#000000497,BUILDING,2191.59
26948,6,17.00,31397.98,0.08,0.08,REG AIR,DELIVER IN PERSON,medium drab rosy spring salmon,MEDIUM PLATED TIN,Brand#25,Supplier#000000027,CHINA,ASIA,806.82,797,498,Customer#000000498,BUILDING,3945.64
26948,6,17.00,31397.98,0.08,0.08,REG AIR,DELIVER IN PERSON,medium drab rosy spring salmon,MEDIUM PLATED TIN,Brand#25,Supplier#000000027,CHINA,ASIA,806.82,797,500,Customer#000000500,AUTOMOBILE,3300.82
26948,6,17.00,31397.98,0.08,0.08,REG AIR,DELIVER IN PERSON,medium drab rosy spring salmon,MEDIUM PLATED TIN,Brand#25,Supplier#000000027,CHINA,ASIA,806.82,797,503,Customer#000000503,MACHINERY,3213.66
26948,6,17.00,31397.98,0.08,0.08,REG AIR,DELIVER IN PERSON,medium drab rosy spring salmon,MEDIUM PLATED TIN,Brand#25,Supplier#000000027,CHINA,ASIA,806.82,797,507,Customer#000000507,MACHINERY,5727.00
26948,6,17.00,31397.98,0.08,0.08,REG AIR,DELIVER IN PERSON,medium drab rosy spring salmon,MEDIUM PLATED TIN,Brand#25,Supplier#000000027,CHINA,ASIA,806.82,797,508,Customer#000000508,BUILDING,1685.90
26948,6,17.00,31397.98,0.08,0.08,REG AIR,DELIVER IN PERSON,medium drab rosy spring salmon,MEDIUM PLATED TIN,Brand#25,Supplier#000000027,CHINA,ASIA,806.82,797,512,Customer#000000512,BUILDING,3937.58
26948,6,17.00,31397.98,0.08,0.08,REG AIR,DELIVER IN PERSON,medium drab rosy spring salmon,MEDIUM PLATED TIN,Brand#25,Supplier#000000027,CHINA,ASIA,806.82,797,514,Customer#000000514,BUILDING,5840.97
26948,6,17.00,31397.98,0.08,0.08,REG AIR,DELIVER IN PERSON,medium drab rosy spring salmon,MEDIUM PLATED TIN,Brand#25,Supplier#000000027,CHINA,ASIA,806.82,797,515,Customer#000000515,BUILDING,3225.07
26948,6,17.00,31397.98,0.08,0.08,REG AIR,DELIVER IN PERSON,medium drab rosy spring salmon,MEDIUM PLATED TIN,Brand#25,Supplier#000000027,CHINA,ASIA,806.82,797,516,Customer#000000516,MACHINERY,4768.96
26948,6,17.00,31397.98,0.08,0.08,REG AIR,DELIVER IN PERSON,medium drab rosy spring salmon,MEDIUM PLATED TIN,Brand#25,Supplier#000000027,CHINA,ASIA,806.82,797,518,Customer#000000518,BUILDING,9871.66
26948,6,17.00,31397.98,0.08,0.08,REG AIR,DELIVER IN PERSON,medium drab rosy spring salmon,MEDIUM PLATED TIN,Brand#25,Supplier#000000027,CHINA,ASIA,806.82,797,519,Customer#000000519,BUILDING,9074.45
26948,6,17.00,31397.98,0.08,0.08,REG AIR,DELIVER IN PERSON,medium drab rosy spring salmon,MEDIUM PLATED TIN,Brand#25,Supplier#000000027,CHINA,ASIA,806.82,797,521,Customer#000000521,MACHINERY,5830.69
26948,6,17.00,31397.98,0.08,0.08,REG AIR,DELIVER IN PERSON,medium drab rosy spring salmon,MEDIUM PLATED TIN,Brand#25,Supplier#000000027,CHINA,ASIA,806.82,797,522,Customer#000000522,BUILDING,6358.46
26948,6,17.00,31397.98,0.08,0.08,REG AIR,DELIVER IN PERSON,medium drab rosy spring salmon,MEDIUM PLATED TIN,Brand#25,Supplier#000000027,CHINA,ASIA,806.82,797,525,Customer#000000525,AUTOMOBILE,3931.68
26948,6,17.00,31397.98,0.08,0.08,REG AIR,DELIVER IN PERSON,medium drab rosy spring salmon,MEDIUM PLATED TIN,Brand#25,Supplier#000000027,CHINA,ASIA,806.82,797,528,Customer#000000528,AUTOMOBILE,1802.50
26948,6,17.00,31397.98,0.08,0.08,REG AIR,DELIVER IN PERSON,medium drab rosy spring salmon,MEDIUM PLATED TIN,Brand#25,Supplier#000000027,CHINA,ASIA,806.82,797,530,Customer#000000530,BUILDING,4990.92
26948,6,17.00,31397.98,0.08,0.08,REG AIR,DELIVER IN PERSON,medium drab rosy spring salmon,MEDIUM PLATED TIN,Brand#25,Supplier#000000027,CHINA,ASIA,806.82,797,532,Customer#000000532,MACHINERY,1725.68
26948,6,17.00,31397.98,0.08,0.08,REG AIR,DELIVER IN PERSON,medium drab rosy spring salmon,MEDIUM PLATED TIN,Brand#25,Supplier#000000027,CHINA,ASIA,806.82,797,534,Customer#000000534,AUTOMOBILE,6520.97
26948,6,17.00,31397.98,0.08,0.08,REG AIR,DELIVER IN PERSON,medium drab rosy spring salmon,MEDIUM PLATED TIN,Brand#25,Supplier#000000027,CHINA,ASIA,806.82,797,535,Customer#000000535,BUILDING,2912.80
26948,6,17.00,31397.98,0.08,0.08,REG AIR,DELIVER IN PERSON,medium drab rosy spring salmon,MEDIUM PLATED TIN,Brand#25,Supplier#000000027,CHINA,ASIA,806.82,797,536,Customer#000000536,MACHINERY,3342.75
26948,6,17.00,31397.98,0.08,0.08,REG AIR,DELIVER IN PERSON,medium drab rosy spring salmon,MEDIUM PLATED TIN,Brand#25,Supplier#000000027,CHINA,ASIA,806.82,797,540,Customer#000000540,MACHINERY,9195.77
26948,6,17.00,31397.98,0.08,0.08,REG AIR,DELIVER IN PERSON,medium drab rosy spring salmon,MEDIUM PLATED TIN,Brand#25,Supplier#000000027,CHINA,ASIA,806.82,797,542,Customer#000000542,BUILDING,3109.96
26948,6,17.00,31397.98,0.08,0.08,REG AIR,DELIVER IN PERSON,medium drab rosy spring salmon,MEDIUM PLATED TIN,Brand#25,Supplier#000000027,CHINA,ASIA,806.82,797,543,Customer#000000543,AUTOMOBILE,6089.13
26948,6,17.00,31397.98,0.08,0.08,REG AIR,DELIVER IN PERSON,medium drab rosy spring salmon,MEDIUM PLATED TIN,Brand#25,Supplier#000000027,CHINA,ASIA,806.82,797,544,Customer#000000544,AUTOMOBILE,4974.68
26948,6,17.00,31397.98,0.08,0.08,REG AIR,DELIVER IN PERSON,medium drab rosy spring salmon,MEDIUM PLATED TIN,Brand#25,Supplier#000000027,CHINA,ASIA,806.82,797,545,Customer#000000545,AUTOMOBILE,7505.33
26948,6,17.00,31397.98,0.08,0.08,REG AIR,DELIVER IN PERSON,medium drab rosy spring salmon,MEDIUM PLATED TIN,Brand#25,Supplier#000000027,CHINA,ASIA,806.82,797,546,Customer#000000546,MACHINERY,3116.50
26948,6,17.00,31397.98,0.08,0.08,REG AIR,DELIVER IN PERSON,medium drab rosy spring salmon,MEDIUM PLATED TIN,Brand#25,Supplier#000000027,CHINA,ASIA,806.82,797,547,Customer#000000547,BUILDING,6058.08
26948,6,17.00,31397.98,0.08,0.08,REG AIR,DELIVER IN PERSON,medium drab rosy spring salmon,MEDIUM PLATED TIN,Brand#25,Supplier#000000027,CHINA,ASIA,806.82,797,553,Customer#000000553,BUILDING,4804.57
26948,6,17.00,31397.98,0.08,0.08,REG AIR,DELIVER IN PERSON,medium drab rosy spring salmon,MEDIUM PLATED TIN,Brand#25,Supplier#000000027,CHINA,ASIA,806.82,797,555,Customer#000000555,BUILDING,5486.52
26948,6,17.00,31397.98,0.08,0.08,REG AIR,DELIVER IN PERSON,medium drab rosy spring salmon,MEDIUM PLATED TIN,Brand#25,Supplier#000000027,CHINA,ASIA,806.82,797,556,Customer#000000556,MACHINERY,7944.22
26948,6,17.00,31397.98,0.08,0.08,REG AIR,DELIVER IN PERSON,medium drab rosy spring salmon,MEDIUM PLATED TIN,Brand#25,Supplier#000000027,CHINA,ASIA,806.82,797,557,Customer#000000557,BUILDING,9559.04
26948,6,17.00,31397.98,0.08,0.08,REG AIR,DELIVER IN PERSON,medium drab rosy spring salmon,MEDIUM PLATED TIN,Brand#25,Supplier#000000027,CHINA,ASIA,806.82,797,560,Customer#000000560,BUILDING,1469.59
26948,6,17.00,31397.98,0.08,0.08,REG AIR,DELIVER IN PERSON,medium drab rosy spring salmon,MEDIUM PLATED TIN,Brand#25,Supplier#000000027,CHINA,ASIA,806.82,797,562,Customer#000000562,BUILDING,9234.50
26948,6,17.00,31397.98,0.08,0.08,REG AIR,DELIVER IN PERSON,medium drab rosy spring salmon,MEDIUM PLATED TIN,Brand#25,Supplier#000000027,CHINA,ASIA,806.82,797,564,Customer#000000564,MACHINERY,6307.59
26948,6,17.00,31397.98,0.08,0.08,REG AIR,DELIVER IN PERSON,medium drab rosy spring salmon,MEDIUM PLATED TIN,Brand#25,Supplier#000000027,CHINA,ASIA,806.82,797,567,Customer#000000567,BUILDING,8475.17
26948,6,17.00,31397.98,0.08,0.08,REG AIR,DELIVER IN PERSON,medium drab rosy spring salmon,MEDIUM PLATED TIN,Brand#25,Supplier#000000027,CHINA,ASIA,806.82,797,568,Customer#000000568,BUILDING,1317.56
26948,6,17.00,31397.98,0.08,0.08,REG AIR,DELIVER IN PERSON,medium drab rosy spring salmon,MEDIUM PLATED TIN,Brand#25,Supplier#000000027,CHINA,ASIA,806.82,797,570,Customer#000000570,AUTOMOBILE,8480.87
26948,6,17.00,31397.98,0.08,0.08,REG AIR,DELIVER IN PERSON,medium drab rosy spring salmon,MEDIUM PLATED TIN,Brand#25,Supplier#000000027,CHINA,ASIA,806.82,797,572,Customer#000000572,AUTOMOBILE,7252.65
26948,6,17.00,31397.98,0.08,0.08,REG AIR,DELIVER IN PERSON,medium drab rosy spring salmon,MEDIUM PLATED TIN,Brand#25,Supplier#000000027,CHINA,ASIA,806.82,797,575,Customer#000000575,BUILDING,3652.29
26948,6,17.00,31397.98,0.08,0.08,REG AIR,DELIVER IN PERSON,medium drab rosy spring salmon,MEDIUM PLATED TIN,Brand#25,Supplier#000000027,CHINA,ASIA,806.82,797,579,Customer#000000579,MACHINERY,1924.96
26948,6,17.00,31397.98,0.08,0.08,REG AIR,DELIVER IN PERSON,medium drab rosy spring salmon,MEDIUM PLATED TIN,Brand#25,Supplier#000000027,CHINA,ASIA,806.82,797,581,Customer#000000581,MACHINERY,3242.10
26948,6,17.00,31397.98,0.08,0.08,REG AIR,DELIVER IN PERSON,medium drab rosy spring salmon,MEDIUM PLATED TIN,Brand#25,Supplier#000000027,CHINA,ASIA,806.82,797,584,Customer#000000584,MACHINERY,8825.71
26948,6,17.00,31397.98,0.08,0.08,REG AIR,DELIVER IN PERSON,medium drab rosy spring salmon,MEDIUM PLATED TIN,Brand#25,Supplier#000000027,CHINA,ASIA,806.82,797,585,Customer#000000585,MACHINERY,7820.26
26948,6,17.00,31397.98,0.08,0.08,REG AIR,DELIVER IN PERSON,medium drab rosy spring salmon,MEDIUM PLATED TIN,Brand#25,Supplier#000000027,CHINA,ASIA,806.82,797,586,Customer#000000586,AUTOMOBILE,5134.35
26948,6,17.00,31397.98,0.08,0.08,REG AIR,DELIVER IN PERSON,medium drab rosy spring salmon,MEDIUM PLATED TIN,Brand#25,Supplier#000000027,CHINA,ASIA,806.82,797,590,Customer#000000590,MACHINERY,3993.54
26948,6,17.00,31397.98,0.08,0.08,REG AIR,DELIVER IN PERSON,medium drab rosy spring salmon,MEDIUM PLATED TIN,Brand#25,Supplier#000000027,CHINA,ASIA,806.82,797,591,Customer#000000591,MACHINERY,6344.66
26948,6,17.00,31397.98,0.08,0.08,REG AIR,DELIVER IN PERSON,medium drab rosy spring salmon,MEDIUM PLATED TIN,Brand#25,Supplier#000000027,CHINA,ASIA,806.82,797,592,Customer#000000592,BUILDING,9712.75
26948,6,17.00,31397.98,0.08,0.08,REG AIR,DELIVER IN PERSON,medium drab rosy spring salmon,MEDIUM PLATED TIN,Brand#25,Supplier#000000027,CHINA,ASIA,806.82,797,596,Customer#000000596,MACHINERY,1722.88
26948,6,17.00,31397.98,0.08,0.08,REG AIR,DELIVER IN PERSON,medium drab rosy spring salmon,MEDIUM PLATED TIN,Brand#25,Supplier#000000027,CHINA,ASIA,806.82,797,597,Customer#000000597,AUTOMOBILE,2443.52
26948,6,17.00,31397.98,0.08,0.08,REG AIR,DELIVER IN PERSON,medium drab rosy spring salmon,MEDIUM PLATED TIN,Brand#25,Supplier#000000027,CHINA,ASIA,806.82,797,601,Customer#000000601,BUILDING,9768.21
26948,6,17.00,31397.98,0.08,0.08,REG AIR,DELIVER IN PERSON,medium drab rosy spring salmon,MEDIUM PLATED TIN,Brand#25,Supplier#000000027,CHINA,ASIA,806.82,797,602,Customer#000000602,BUILDING,8404.90
26948,6,17.00,31397.98,0.08,0.08,REG AIR,DELIVER IN PERSON,medium drab rosy spring salmon,MEDIUM PLATED TIN,Brand#25,Supplier#000000027,CHINA,ASIA,806.82,797,606,Customer#000000606,AUTOMOBILE,9676.98
26948,6,17.00,31397.98,0.08,0.08,REG AIR,DELIVER IN PERSON,medium drab rosy spring salmon,MEDIUM PLATED TIN,Brand#25,Supplier#000000027,CHINA,ASIA,806.82,797,608,Customer#000000608,BUILDING,2256.36
26948,6,17.00,31397.98,0.08,0.08,REG AIR,DELIVER IN PERSON,medium drab rosy spring salmon,MEDIUM PLATED TIN,Brand#25,Supplier#000000027,CHINA,ASIA,806.82,797,610,Customer#000000610,BUILDING,3374.92
26948,6,17.00,31397.98,0.08,0.08,REG AIR,DELIVER IN PERSON,medium drab rosy spring salmon,MEDIUM PLATED TIN,Brand#25,Supplier#000000027,CHINA,ASIA,806.82,797,613,Customer#000000613,AUTOMOBILE,6679.75
26948,6,17.00,31397.98,0.08,0.08,REG AIR,DELIVER IN PERSON,medium drab rosy spring salmon,MEDIUM PLATED TIN,Brand#25,Supplier#000000027,CHINA,ASIA,806.82,797,620,Customer#000000620,AUTOMOBILE,5795.15
26948,6,17.00,31397.98,0.08,0.08,REG AIR,DELIVER IN PERSON,medium drab rosy spring salmon,MEDIUM PLATED TIN,Brand#25,Supplier#000000027,CHINA,ASIA,806.82,797,623,Customer#000000623,BUILDING,7887.60
26948,6,17.00,31397.98,0.08,0.08,REG AIR,DELIVER IN PERSON,medium drab rosy spring salmon,MEDIUM PLATED TIN,Brand#25,Supplier#000000027,CHINA,ASIA,806.82,797,624,Customer#000000624,MACHINERY,3907.11
26948,6,17.00,31397.98,0.08,0.08,REG AIR,DELIVER IN PERSON,medium drab rosy spring salmon,MEDIUM PLATED TIN,Brand#25,Supplier#000000027,CHINA,ASIA,806.82,797,631,Customer#000000631,MACHINERY,2603.00
26948,6,17.00,31397.98,0.08,0.08,REG AIR,DELIVER IN PERSON,medium drab rosy spring salmon,MEDIUM PLATED TIN,Brand#25,Supplier#000000027,CHINA,ASIA,806.82,797,635,Customer#000000635,AUTOMOBILE,8216.79
26948,6,17.00,31397.98,0.08,0.08,REG AIR,DELIVER IN PERSON,medium drab rosy spring salmon,MEDIUM PLATED TIN,Brand#25,Supplier#000000027,CHINA,ASIA,806.82,797,639,Customer#000000639,MACHINERY,4899.15
26948,6,17.00,31397.98,0.08,0.08,REG AIR,DELIVER IN PERSON,medium drab rosy spring salmon,MEDIUM PLATED TIN,Brand#25,Supplier#000000027,CHINA,ASIA,806.82,797,642,Customer#000000642,AUTOMOBILE,5684.01
26948,6,17.00,31397.98,0.08,0.08,REG AIR,DELIVER IN PERSON,medium drab rosy spring salmon,MEDIUM PLATED TIN,Brand#25,Supplier#000000027,CHINA,ASIA,806.82,797,645,Customer#000000645,BUILDING,1146.49
26948,6,17.00,31397.98,0.08,0.08,REG AIR,DELIVER IN PERSON,medium drab rosy spring salmon,MEDIUM PLATED TIN,Brand#25,Supplier#000000027,CHINA,ASIA,806.82,797,649,Customer#000000649,BUILDING,9442.55
26948,6,17.00,31397.98,0.08,0.08,REG AIR,DELIVER IN PERSON,medium drab rosy spring salmon,MEDIUM PLATED TIN,Brand#25,Supplier#000000027,CHINA,ASIA,806.82,797,650,Customer#000000650,AUTOMOBILE,2086.91
26948,6,17.00,31397.98,0.08,0.08,REG AIR,DELIVER IN PERSON,medium drab rosy spring salmon,MEDIUM PLATED TIN,Brand#25,Supplier#000000027,CHINA,ASIA,806.82,797,653,Customer#000000653,BUILDING,7307.55
26948,6,17.00,31397.98,0.08,0.08,REG AIR,DELIVER IN PERSON,medium drab rosy spring salmon,MEDIUM PLATED TIN,Brand#25,Supplier#000000027,CHINA,ASIA,806.82,797,654,Customer#000000654,AUTOMOBILE,1067.04
26948,6,17.00,31397.98,0.08,0.08,REG AIR,DELIVER IN PERSON,medium drab rosy spring salmon,MEDIUM PLATED TIN,Brand#25,Supplier#000000027,CHINA,ASIA,806.82,797,662,Customer#000000662,BUILDING,4517.33
26948,6,17.00,31397.98,0.08,0.08,REG AIR,DELIVER IN PERSON,medium drab rosy spring salmon,MEDIUM PLATED TIN,Brand#25,Supplier#000000027,CHINA,ASIA,806.82,797,663,Customer#000000663,AUTOMOBILE,9698.21
26948,6,17.00,31397.98,0.08,0.08,REG AIR,DELIVER IN PERSON,medium drab rosy spring salmon,MEDIUM PLATED TIN,Brand#25,Supplier#000000027,CHINA,ASIA,806.82,797,664,Customer#000000664,BUILDING,8878.22
26948,6,17.00,31397.98,0.08,0.08,REG AIR,DELIVER IN PERSON,medium drab rosy spring salmon,MEDIUM PLATED TIN,Brand#25,Supplier#000000027,CHINA,ASIA,806.82,797,666,Customer#000000666,AUTOMOBILE,4538.54
26948,6,17.00,31397.98,0.08,0.08,REG AIR,DELIVER IN PERSON,medium drab rosy spring salmon,MEDIUM PLATED TIN,Brand#25,Supplier#000000027,CHINA,ASIA,806.82,797,669,Customer#000000669,MACHINERY,6019.20
26948,6,17.00,31397.98,0.08,0.08,REG AIR,DELIVER IN PERSON,medium drab rosy spring salmon,MEDIUM PLATED TIN,Brand#25,Supplier#000000027,CHINA,ASIA,806.82,797,670,Customer#000000670,BUILDING,6738.93
26948,6,17.00,31397.98,0.08,0.08,REG AIR,DELIVER IN PERSON,medium drab rosy spring salmon,MEDIUM PLATED TIN,Brand#25,Supplier#000000027,CHINA,ASIA,806.82,797,672,Customer#000000672,BUILDING,7778.95
26948,6,17.00,31397.98,0.08,0.08,REG AIR,DELIVER IN PERSON,medium drab rosy spring salmon,MEDIUM PLATED TIN,Brand#25,Supplier#000000027,CHINA,ASIA,806.82,797,673,Customer#000000673,MACHINERY,3942.58
26948,6,17.00,31397.98,0.08,0.08,REG AIR,DELIVER IN PERSON,medium drab rosy spring salmon,MEDIUM PLATED TIN,Brand#25,Supplier#000000027,CHINA,ASIA,806.82,797,674,Customer#000000674,BUILDING,7889.64
26948,6,17.00,31397.98,0.08,0.08,REG AIR,DELIVER IN PERSON,medium drab rosy spring salmon,MEDIUM PLATED TIN,Brand#25,Supplier#000000027,CHINA,ASIA,806.82,797,677,Customer#000000677,AUTOMOBILE,5582.63
26948,6,17.00,31397.98,0.08,0.08,REG AIR,DELIVER IN PERSON,medium drab rosy spring salmon,MEDIUM PLATED TIN,Brand#25,Supplier#000000027,CHINA,ASIA,806.82,797,679,Customer#000000679,AUTOMOBILE,1394.44
26948,6,17.00,31397.98,0.08,0.08,REG AIR,DELIVER IN PERSON,medium drab rosy spring salmon,MEDIUM PLATED TIN,Brand#25,Supplier#000000027,CHINA,ASIA,806.82,797,680,Customer#000000680,AUTOMOBILE,4366.23
26948,6,17.00,31397.98,0.08,0.08,REG AIR,DELIVER IN PERSON,medium drab rosy spring salmon,MEDIUM PLATED TIN,Brand#25,Supplier#000000027,CHINA,ASIA,806.82,797,682,Customer#000000682,AUTOMOBILE,7420.60
26948,6,17.00,31397.98,0.08,0.08,REG AIR,DELIVER IN PERSON,medium drab rosy spring salmon,MEDIUM PLATED TIN,Brand#25,Supplier#000000027,CHINA,ASIA,806.82,797,683,Customer#000000683,MACHINERY,9120.93
26948,6,17.00,31397.98,0.08,0.08,REG AIR,DELIVER IN PERSON,medium drab rosy spring salmon,MEDIUM PLATED TIN,Brand#25,Supplier#000000027,CHINA,ASIA,806.82,797,685,Customer#000000685,MACHINERY,2039.84
26948,6,17.00,31397.98,0.08,0.08,REG AIR,DELIVER IN PERSON,medium drab rosy spring salmon,MEDIUM PLATED TIN,Brand#25,Supplier#000000027,CHINA,ASIA,806.82,797,689,Customer#000000689,MACHINERY,1481.24
26948,6,17.00,31397.98,0.08,0.08,REG AIR,DELIVER IN PERSON,medium drab rosy spring salmon,MEDIUM PLATED TIN,Brand#25,Supplier#000000027,CHINA,ASIA,806.82,797,691,Customer#000000691,MACHINERY,9566.15
26948,6,17.00,31397.98,0.08,0.08,REG AIR,DELIVER IN PERSON,medium drab rosy spring salmon,MEDIUM PLATED TIN,Brand#25,Supplier#000000027,CHINA,ASIA,806.82,797,693,Customer#000000693,AUTOMOBILE,6577.21
26948,6,17.00,31397.98,0.08,0.08,REG AIR,DELIVER IN PERSON,medium drab rosy spring salmon,MEDIUM PLATED TIN,Brand#25,Supplier#000000027,CHINA,ASIA,806.82,797,694,Customer#000000694,BUILDING,2222.65
26948,6,17.00,31397.98,0.08,0.08,REG AIR,DELIVER IN PERSON,medium drab rosy spring salmon,MEDIUM PLATED TIN,Brand#25,Supplier#000000027,CHINA,ASIA,806.82,797,697,Customer#000000697,AUTOMOBILE,8121.84
26948,6,17.00,31397.98,0.08,0.08,REG AIR,DELIVER IN PERSON,medium drab rosy spring salmon,MEDIUM PLATED TIN,Brand#25,Supplier#000000027,CHINA,ASIA,806.82,797,698,Customer#000000698,BUILDING,2894.22
26948,6,17.00,31397.98,0.08,0.08,REG AIR,DELIVER IN PERSON,medium drab rosy spring salmon,MEDIUM PLATED TIN,Brand#25,Supplier#000000027,CHINA,ASIA,806.82,797,700,Customer#000000700,MACHINERY,4367.53
26948,6,17.00,31397.98,0.08,0.08,REG AIR,DELIVER IN PERSON,medium drab rosy spring salmon,MEDIUM PLATED TIN,Brand#25,Supplier#000000027,CHINA,ASIA,806.82,797,703,Customer#000000703,AUTOMOBILE,3998.42
26948,6,17.00,31397.98,0.08,0.08,REG AIR,DELIVER IN PERSON,medium drab rosy spring salmon,MEDIUM PLATED TIN,Brand#25,Supplier#000000027,CHINA,ASIA,806.82,797,705,Customer#000000705,BUILDING,3199.00
26948,6,17.00,31397.98,0.08,0.08,REG AIR,DELIVER IN PERSON,medium drab rosy spring salmon,MEDIUM PLATED TIN,Brand#25,Supplier#000000027,CHINA,ASIA,806.82,797,706,Customer#000000706,AUTOMOBILE,6496.08
26948,6,17.00,31397.98,0.08,0.08,REG AIR,DELIVER IN PERSON,medium drab rosy spring salmon,MEDIUM PLATED TIN,Brand#25,Supplier#000000027,CHINA,ASIA,806.82,797,708,Customer#000000708,BUILDING,2297.33
26948,6,17.00,31397.98,0.08,0.08,REG AIR,DELIVER IN PERSON,medium drab rosy spring salmon,MEDIUM PLATED TIN,Brand#25,Supplier#000000027,CHINA,ASIA,806.82,797,711,Customer#000000711,MACHINERY,9591.51
26948,6,17.00,31397.98,0.08,0.08,REG AIR,DELIVER IN PERSON,medium drab rosy spring salmon,MEDIUM PLATED TIN,Brand#25,Supplier#000000027,CHINA,ASIA,806.82,797,712,Customer#000000712,BUILDING,8667.09
26948,6,17.00,31397.98,0.08,0.08,REG AIR,DELIVER IN PERSON,medium drab rosy spring salmon,MEDIUM PLATED TIN,Brand#25,Supplier#000000027,CHINA,ASIA,806.82,797,713,Customer#000000713,MACHINERY,3829.03
26948,6,17.00,31397.98,0.08,0.08,REG AIR,DELIVER IN PERSON,medium drab rosy spring salmon,MEDIUM PLATED TIN,Brand#25,Supplier#000000027,CHINA,ASIA,806.82,797,714,Customer#000000714,BUILDING,2438.10
26948,6,17.00,31397.98,0.08,0.08,REG AIR,DELIVER IN PERSON,medium drab rosy spring salmon,MEDIUM PLATED TIN,Brand#25,Supplier#000000027,CHINA,ASIA,806.82,797,716,Customer#000000716,AUTOMOBILE,8364.99
26948,6,17.00,31397.98,0.08,0.08,REG AIR,DELIVER IN PERSON,medium drab rosy spring salmon,MEDIUM PLATED TIN,Brand#25,Supplier#000000027,CHINA,ASIA,806.82,797,717,Customer#000000717,MACHINERY,8510.94
26948,6,17.00,31397.98,0.08,0.08,REG AIR,DELIVER IN PERSON,medium drab rosy spring salmon,MEDIUM PLATED TIN,Brand#25,Supplier#000000027,CHINA,ASIA,806.82,797,721,Customer#000000721,AUTOMOBILE,3420.64
26948,6,17.00,31397.98,0.08,0.08,REG AIR,DELIVER IN PERSON,medium drab rosy spring salmon,MEDIUM PLATED TIN,Brand#25,Supplier#000000027,CHINA,ASIA,806.82,797,722,Customer#000000722,BUILDING,2724.80
26948,6,17.00,31397.98,0.08,0.08,REG AIR,DELIVER IN PERSON,medium drab rosy spring salmon,MEDIUM PLATED TIN,Brand#25,Supplier#000000027,CHINA,ASIA,806.82,797,723,Customer#000000723,BUILDING,738.57
26948,6,17.00,31397.98,0.08,0.08,REG AIR,DELIVER IN PERSON,medium drab rosy spring salmon,MEDIUM PLATED TIN,Brand#25,Supplier#000000027,CHINA,ASIA,806.82,797,724,Customer#000000724,AUTOMOBILE,3035.29
26948,6,17.00,31397.98,0.08,0.08,REG AIR,DELIVER IN PERSON,medium drab rosy spring salmon,MEDIUM PLATED TIN,Brand#25,Supplier#000000027,CHINA,ASIA,806.82,797,726,Customer#000000726,BUILDING,6253.81
26948,6,17.00,31397.98,0.08,0.08,REG AIR,DELIVER IN PERSON,medium drab rosy spring salmon,MEDIUM PLATED TIN,Brand#25,Supplier#000000027,CHINA,ASIA,806.82,797,728,Customer#000000728,BUILDING,4349.73
26948,6,17.00,31397.98,0.08,0.08,REG AIR,DELIVER IN PERSON,medium drab rosy spring salmon,MEDIUM PLATED TIN,Brand#25,Supplier#000000027,CHINA,ASIA,806.82,797,729,Customer#000000729,MACHINERY,8947.26
26948,6,17.00,31397.98,0.08,0.08,REG AIR,DELIVER IN PERSON,medium drab rosy spring salmon,MEDIUM PLATED TIN,Brand#25,Supplier#000000027,CHINA,ASIA,806.82,797,730,Customer#000000730,AUTOMOBILE,4718.23
26948,6,17.00,31397.98,0.08,0.08,REG AIR,DELIVER IN PERSON,medium drab rosy spring salmon,MEDIUM PLATED TIN,Brand#25,Supplier#000000027,CHINA,ASIA,806.82,797,731,Customer#000000731,MACHINERY,9311.17
26948,6,17.00,31397.98,0.08,0.08,REG AIR,DELIVER IN PERSON,medium drab rosy spring salmon,MEDIUM PLATED TIN,Brand#25,Supplier#000000027,CHINA,ASIA,806.82,797,732,Customer#000000732,BUILDING,4830.51
26948,6,17.00,31397.98,0.08,0.08,REG AIR,DELIVER IN PERSON,medium drab rosy spring salmon,MEDIUM PLATED TIN,Brand#25,Supplier#000000027,CHINA,ASIA,806.82,797,734,Customer#000000734,AUTOMOBILE,9750.71
26948,6,17.00,31397.98,0.08,0.08,REG AIR,DELIVER IN PERSON,medium drab rosy spring salmon,MEDIUM PLATED TIN,Brand#25,Supplier#000000027,CHINA,ASIA,806.82,797,736,Customer#000000736,MACHINERY,9114.68
26948,6,17.00,31397.98,0.08,0.08,REG AIR,DELIVER IN PERSON,medium drab rosy spring salmon,MEDIUM PLATED TIN,Brand#25,Supplier#000000027,CHINA,ASIA,806.82,797,737,Customer#000000737,AUTOMOBILE,2501.74
26948,6,17.00,31397.98,0.08,0.08,REG AIR,DELIVER IN PERSON,medium drab rosy spring salmon,MEDIUM PLATED TIN,Brand#25,Supplier#000000027,CHINA,ASIA,806.82,797,738,Customer#000000738,MACHINERY,2734.95
26948,6,17.00,31397.98,0.08,0.08,REG AIR,DELIVER IN PERSON,medium drab rosy spring salmon,MEDIUM PLATED TIN,Brand#25,Supplier#000000027,CHINA,ASIA,806.82,797,740,Customer#000000740,BUILDING,1733.76
26948,6,17.00,31397.98,0.08,0.08,REG AIR,DELIVER IN PERSON,medium drab rosy spring salmon,MEDIUM PLATED TIN,Brand#25,Supplier#000000027,CHINA,ASIA,806.82,797,746,Customer#000000746,MACHINERY,1164.46
26948,6,17.00,31397.98,0.08,0.08,REG AIR,DELIVER IN PERSON,medium drab rosy spring salmon,MEDIUM PLATED TIN,Brand#25,Supplier#000000027,CHINA,ASIA,806.82,797,748,Customer#000000748,AUTOMOBILE,6959.09
26948,6,17.00,31397.98,0.08,0.08,REG AIR,DELIVER IN PERSON,medium drab rosy spring salmon,MEDIUM PLATED TIN,Brand#25,Supplier#000000027,CHINA,ASIA,806.82,797,749,Customer#000000749,MACHINERY,7491.42
29381,4,18.00,21749.40,0.08,0.01,REG AIR,DELIVER IN PERSON,olive ivory turquoise sienna wheat,STANDARD BURNISHED BRASS,Brand#21,Supplier#000000013,CANADA,AMERICA,835.30,3473,1,Customer#000000001,BUILDING,711.56
29381,4,18.00,21749.40,0.08,0.01,REG AIR,DELIVER IN PERSON,olive ivory turquoise sienna wheat,STANDARD BURNISHED BRASS,Brand#21,Supplier#000000013,CANADA,AMERICA,835.30,3473,3,Customer#000000003,AUTOMOBILE,7498.12
29381,4,18.00,21749.40,0.08,0.01,REG AIR,DELIVER IN PERSON,olive ivory turquoise sienna wheat,STANDARD BURNISHED BRASS,Brand#21,Supplier#000000013,CANADA,AMERICA,835.30,3473,4,Customer#000000004,MACHINERY,2866.83
29381,4,18.00,21749.40,0.08,0.01,REG AIR,DELIVER IN PERSON,olive ivory turquoise sienna wheat,STANDARD BURNISHED BRASS,Brand#21,Supplier#000000013,CANADA,AMERICA,835.30,3473,6,Customer#000000006,AUTOMOBILE,7638.57
29381,4,18.00,21749.40,0.08,0.01,REG AIR,DELIVER IN PERSON,olive ivory turquoise sienna wheat,STANDARD BURNISHED BRASS,Brand#21,Supplier#000000013,CANADA,AMERICA,835.30,3473,7,Customer#000000007,AUTOMOBILE,9561.95
29381,4,18.00,21749.40,0.08,0.01,REG AIR,DELIVER IN PERSON,olive ivory turquoise sienna wheat,STANDARD BURNISHED BRASS,Brand#21,Supplier#000000013,CANADA,AMERICA,835.30,3473,8,Customer#000000008,BUILDING,6819.74
29381,4,18.00,21749.40,0.08,0.01,REG AIR,DELIVER IN PERSON,olive ivory turquoise sienna wheat,STANDARD BURNISHED BRASS,Brand#21,Supplier#000000013,CANADA,AMERICA,835.30,3473,13,Customer#000000013,BUILDING,3857.34
29381,4,18.00,21749.40,0.08,0.01,REG AIR,DELIVER IN PERSON,olive ivory turquoise sienna wheat,STANDARD BURNISHED BRASS,Brand#21,Supplier#000000013,CANADA,AMERICA,835.30,3473,18,Customer#000000018,BUILDING,5494.43
29381,4,18.00,21749.40,0.08,0.01,REG AIR,DELIVER IN PERSON,olive ivory turquoise sienna wheat,STANDARD BURNISHED BRASS,Brand#21,Supplier#000000013,CANADA,AMERICA,835.30,3473,21,Customer#000000021,MACHINERY,1428.25
29381,4,18.00,21749.40,0.08,0.01,REG AIR,DELIVER IN PERSON,olive ivory turquoise sienna wheat,STANDARD BURNISHED BRASS,Brand#21,Supplier#000000013,CANADA,AMERICA,835.30,3473,22,Customer#000000022,MACHINERY,591.98
29381,4,18.00,21749.40,0.08,0.01,REG AIR,DELIVER IN PERSON,olive ivory turquoise sienna wheat,STANDARD BURNISHED BRASS,Brand#21,Supplier#000000013,CANADA,AMERICA,835.30,3473,24,Customer#000000024,MACHINERY,9255.67
29381,4,18.00,21749.40,0.08,0.01,REG AIR,DELIVER IN PERSON,olive ivory turquoise sienna wheat,STANDARD BURNISHED BRASS,Brand#21,Supplier#000000013,CANADA,AMERICA,835.30,3473,26,Customer#000000026,AUTOMOBILE,5182.05
29381,4,18.00,21749.40,0.08,0.01,REG AIR,DELIVER IN PERSON,olive ivory turquoise sienna wheat,STANDARD BURNISHED BRASS,Brand#21,Supplier#000000013,CANADA,AMERICA,835.30,3473,27,Customer#000000027,BUILDING,5679.84
29381,4,18.00,21749.40,0.08,0.01,REG AIR,DELIVER IN PERSON,olive ivory turquoise sienna wheat,STANDARD BURNISHED BRASS,Brand#21,Supplier#000000013,CANADA,AMERICA,835.30,3473,30,Customer#000000030,BUILDING,9321.01
29381,4,18.00,21749.40,0.08,0.01,REG AIR,DELIVER IN PERSON,olive ivory turquoise sienna wheat,STANDARD BURNISHED BRASS,Brand#21,Supplier#000000013,CANADA,AMERICA,835.30,3473,32,Customer#000000032,BUILDING,3471.53
29381,4,18.00,21749.40,0.08,0.01,REG AIR,DELIVER IN PERSON,olive ivory turquoise sienna wheat,STANDARD BURNISHED BRASS,Brand#21,Supplier#000000013,CANADA,AMERICA,835.30,3473,36,Customer#000000036,BUILDING,4987.27
29381,4,18.00,21749.40,0.08,0.01,REG AIR,DELIVER IN PERSON,olive ivory turquoise sienna wheat,STANDARD BURNISHED BRASS,Brand#21,Supplier#000000013,CANADA,AMERICA,835.30,3473,39,Customer#000000039,AUTOMOBILE,6264.31
29381,4,18.00,21749.40,0.08,0.01,REG AIR,DELIVER IN PERSON,olive ivory turquoise sienna wheat,STANDARD BURNISHED BRASS,Brand#21,Supplier#000000013,CANADA,AMERICA,835.30,3473,40,Customer#000000040,BUILDING,1335.30
29381,4,18.00,21749.40,0.08,0.01,REG AIR,DELIVER IN PERSON,olive ivory turquoise sienna wheat,STANDARD BURNISHED BRASS,Brand#21,Supplier#000000013,CANADA,AMERICA,835.30,3473,42,Customer#000000042,BUILDING,8727.01
29381,4,18.00,21749.40,0.08,0.01,REG AIR,DELIVER IN PERSON,olive ivory turquoise sienna wheat,STANDARD BURNISHED BRASS,Brand#21,Supplier#000000013,CANADA,AMERICA,835.30,3473,43,Customer#000000043,MACHINERY,9904.28
29381,4,18.00,21749.40,0.08,0.01,REG AIR,DELIVER IN PERSON,olive ivory turquoise sienna wheat,STANDARD BURNISHED BRASS,Brand#21,Supplier#000000013,CANADA,AMERICA,835.30,3473,44,Customer#000000044,AUTOMOBILE,7315.94
29381,4,18.00,21749.40,0.08,0.01,REG AIR,DELIVER IN PERSON,olive ivory turquoise sienna wheat,STANDARD BURNISHED BRASS,Brand#21,Supplier#000000013,CANADA,AMERICA,835.30,3473,45,Customer#000000045,AUTOMOBILE,9983.38
29381,4,18.00,21749.40,0.08,0.01,REG AIR,DELIVER IN PERSON,olive ivory turquoise sienna wheat,STANDARD BURNISHED BRASS,Brand#21,Supplier#000000013,CANADA,AMERICA,835.30,3473,46,Customer#000000046,AUTOMOBILE,5744.59
29381,4,18.00,21749.40,0.08,0.01,REG AIR,DELIVER IN PERSON,olive ivory turquoise sienna wheat,STANDARD BURNISHED BRASS,Brand#21,Supplier#000000013,CANADA,AMERICA,835.30,3473,48,Customer#000000048,BUILDING,3792.50
29381,4,18.00,21749.40,0.08,0.01,REG AIR,DELIVER IN PERSON,olive ivory turquoise sienna wheat,STANDARD BURNISHED BRASS,Brand#21,Supplier#000000013,CANADA,AMERICA,835.30,3473,50,Customer#000000050,MACHINERY,4266.13
29381,4,18.00,21749.40,0.08,0.01,REG AIR,DELIVER IN PERSON,olive ivory turquoise sienna wheat,STANDARD BURNISHED BRASS,Brand#21,Supplier#000000013,CANADA,AMERICA,835.30,3473,54,Customer#000000054,AUTOMOBILE,868.90
29381,4,18.00,21749.40,0.08,0.01,REG AIR,DELIVER IN PERSON,olive ivory turquoise sienna wheat,STANDARD BURNISHED BRASS,Brand#21,Supplier#000000013,CANADA,AMERICA,835.30,3473,55,Customer#000000055,MACHINERY,4572.11
29381,4,18.00,21749.40,0.08,0.01,REG AIR,DELIVER IN PERSON,olive ivory turquoise sienna wheat,STANDARD BURNISHED BRASS,Brand#21,Supplier#000000013,CANADA,AMERICA,835.30,3473,57,Customer#000000057,AUTOMOBILE,4151.93
29381,4,18.00,21749.40,0.08,0.01,REG AIR,DELIVER IN PERSON,olive ivory turquoise sienna wheat,STANDARD BURNISHED BRASS,Brand#21,Supplier#000000013,CANADA,AMERICA,835.30,3473,59,Customer#000000059,MACHINERY,3458.60
29381,4,18.00,21749.40,0.08,0.01,REG AIR,DELIVER IN PERSON,olive ivory turquoise sienna wheat,STANDARD BURNISHED BRASS,Brand#21,Supplier#000000013,CANADA,AMERICA,835.30,3473,60,Customer#000000060,MACHINERY,2741.87
29381,4,18.00,21749.40,0.08,0.01,REG AIR,DELIVER IN PERSON,olive ivory turquoise sienna wheat,STANDARD BURNISHED BRASS,Brand#21,Supplier#000000013,CANADA,AMERICA,835.30,3473,62,Customer#000000062,MACHINERY,595.61
29381,4,18.00,21749.40,0.08,0.01,REG AIR,DELIVER IN PERSON,olive ivory turquoise sienna wheat,STANDARD BURNISHED BRASS,Brand#21,Supplier#000000013,CANADA,AMERICA,835.30,3473,63,Customer#000000063,AUTOMOBILE,9331.13
29381,4,18.00,21749.40,0.08,0.01,REG AIR,DELIVER IN PERSON,olive ivory turquoise sienna wheat,STANDARD BURNISHED BRASS,Brand#21,Supplier#000000013,CANADA,AMERICA,835.30,3473,65,Customer#000000065,AUTOMOBILE,8795.16
29381,4,18.00,21749.40,0.08,0.01,REG AIR,DELIVER IN PERSON,olive ivory turquoise sienna wheat,STANDARD BURNISHED BRASS,Brand#21,Supplier#000000013,CANADA,AMERICA,835.30,3473,67,Customer#000000067,MACHINERY,8166.59
29381,4,18.00,21749.40,0.08,0.01,REG AIR,DELIVER IN PERSON,olive ivory turquoise sienna wheat,STANDARD BURNISHED BRASS,Brand#21,Supplier#000000013,CANADA,AMERICA,835.30,3473,73,Customer#000000073,BUILDING,4288.50
29381,4,18.00,21749.40,0.08,0.01,REG AIR,DELIVER IN PERSON,olive ivory turquoise sienna wheat,STANDARD BURNISHED BRASS,Brand#21,Supplier#000000013,CANADA,AMERICA,835.30,3473,74,Customer#000000074,MACHINERY,2764.43
29381,4,18.00,21749.40,0.08,0.01,REG AIR,DELIVER IN PERSON,olive ivory turquoise sienna wheat,STANDARD BURNISHED BRASS,Brand#21,Supplier#000000013,CANADA,AMERICA,835.30,3473,75,Customer#000000075,AUTOMOBILE,6684.10
29381,4,18.00,21749.40,0.08,0.01,REG AIR,DELIVER IN PERSON,olive ivory turquoise sienna wheat,STANDARD BURNISHED BRASS,Brand#21,Supplier#000000013,CANADA,AMERICA,835.30,3473,77,Customer#000000077,BUILDING,1738.87
29381,4,18.00,21749.40,0.08,0.01,REG AIR,DELIVER IN PERSON,olive ivory turquoise sienna wheat,STANDARD BURNISHED BRASS,Brand#21,Supplier#000000013,CANADA,AMERICA,835.30,3473,79,Customer#000000079,MACHINERY,5121.28
29381,4,18.00,21749.40,0.08,0.01,REG AIR,DELIVER IN PERSON,olive ivory turquoise sienna wheat,STANDARD BURNISHED BRASS,Brand#21,Supplier#000000013,CANADA,AMERICA,835.30,3473,81,Customer#000000081,BUILDING,2023.71
29381,4,18.00,21749.40,0.08,0.01,REG AIR,DELIVER IN PERSON,olive ivory turquoise sienna wheat,STANDARD BURNISHED BRASS,Brand#21,Supplier#000000013,CANADA,AMERICA,835.30,3473,82,Customer#000000082,AUTOMOBILE,9468.34
29381,4,18.00,21749.40,0.08,0.01,REG AIR,DELIVER IN PERSON,olive ivory turquoise sienna wheat,STANDARD BURNISHED BRASS,Brand#21,Supplier#000000013,CANADA,AMERICA,835.30,3473,83,Customer#000000083,BUILDING,6463.51
29381,4,18.00,21749.40,0.08,0.01,REG AIR,DELIVER IN PERSON,olive ivory turquoise sienna wheat,STANDARD BURNISHED BRASS,Brand#21,Supplier#000000013,CANADA,AMERICA,835.30,3473,88,Customer#000000088,AUTOMOBILE,8031.44
29381,4,18.00,21749.40,0.08,0.01,REG AIR,DELIVER IN PERSON,olive ivory turquoise sienna wheat,STANDARD BURNISHED BRASS,Brand#21,Supplier#000000013,CANADA,AMERICA,835.30,3473,90,Customer#000000090,BUILDING,7354.23
29381,4,18.00,21749.40,0.08,0.01,REG AIR,DELIVER IN PERSON,olive ivory turquoise sienna wheat,STANDARD BURNISHED BRASS,Brand#21,Supplier#000000013,CANADA,AMERICA,835.30,3473,91,Customer#000000091,AUTOMOBILE,4643.14
29381,4,18.00,21749.40,0.08,0.01,REG AIR,DELIVER IN PERSON,olive ivory turquoise sienna wheat,STANDARD BURNISHED BRASS,Brand#21,Supplier#000000013,CANADA,AMERICA,835.30,3473,92,Customer#000000092,MACHINERY,1182.91
29381,4,18.00,21749.40,0.08,0.01,REG AIR,DELIVER IN PERSON,olive ivory turquoise sienna wheat,STANDARD BURNISHED BRASS,Brand#21,Supplier#000000013,CANADA,AMERICA,835.30,3473,93,Customer#000000093,MACHINERY,2182.52
29381,4,18.00,21749.40,0.08,0.01,REG AIR,DELIVER IN PERSON,olive ivory turquoise sienna wheat,STANDARD BURNISHED BRASS,Brand#21,Supplier#000000013,CANADA,AMERICA,835.30,3473,95,Customer#000000095,MACHINERY,5327.38
29381,4,18.00,21749.40,0.08,0.01,REG AIR,DELIVER IN PERSON,olive ivory turquoise sienna wheat,STANDARD BURNISHED BRASS,Brand#21,Supplier#000000013,CANADA,AMERICA,835.30,3473,97,Customer#000000097,AUTOMOBILE,2164.48
29381,4,18.00,21749.40,0.08,0.01,REG AIR,DELIVER IN PERSON,olive ivory turquoise sienna wheat,STANDARD BURNISHED BRASS,Brand#21,Supplier#000000013,CANADA,AMERICA,835.30,3473,101,Customer#000000101,MACHINERY,7470.96
29381,4,18.00,21749.40,0.08,0.01,REG AIR,DELIVER IN PERSON,olive ivory turquoise sienna wheat,STANDARD BURNISHED BRASS,Brand#21,Supplier#000000013,CANADA,AMERICA,835.30,3473,102,Customer#000000102,BUILDING,8462.17
29381,4,18.00,21749.40,0.08,0.01,REG AIR,DELIVER IN PERSON,olive ivory turquoise sienna wheat,STANDARD BURNISHED BRASS,Brand#21,Supplier#000000013,CANADA,AMERICA,835.30,3473,103,Customer#000000103,BUILDING,2757.45
29381,4,18.00,21749.40,0.08,0.01,REG AIR,DELIVER IN PERSON,olive ivory turquoise sienna wheat,STANDARD BURNISHED BRASS,Brand#21,Supplier#000000013,CANADA,AMERICA,835.30,3473,105,Customer#000000105,MACHINERY,9091.82
29381,4,18.00,21749.40,0.08,0.01,REG AIR,DELIVER IN PERSON,olive ivory turquoise sienna wheat,STANDARD BURNISHED BRASS,Brand#21,Supplier#000000013,CANADA,AMERICA,835.30,3473,106,Customer#000000106,MACHINERY,3288.42
29381,4,18.00,21749.40,0.08,0.01,REG AIR,DELIVER IN PERSON,olive ivory turquoise sienna wheat,STANDARD BURNISHED BRASS,Brand#21,Supplier#000000013,CANADA,AMERICA,835.30,3473,107,Customer#000000107,AUTOMOBILE,2514.15
29381,4,18.00,21749.40,0.08,0.01,REG AIR,DELIVER IN PERSON,olive ivory turquoise sienna wheat,STANDARD BURNISHED BRASS,Brand#21,Supplier#000000013,CANADA,AMERICA,835.30,3473,108,Customer#000000108,BUILDING,2259.38
29381,4,18.00,21749.40,0.08,0.01,REG AIR,DELIVER IN PERSON,olive ivory turquoise sienna wheat,STANDARD BURNISHED BRASS,Brand#21,Supplier#000000013,CANADA,AMERICA,835.30,3473,110,Customer#000000110,AUTOMOBILE,7462.99
29381,4,18.00,21749.40,0.08,0.01,REG AIR,DELIVER IN PERSON,olive ivory turquoise sienna wheat,STANDARD BURNISHED BRASS,Brand#21,Supplier#000000013,CANADA,AMERICA,835.30,3473,111,Customer#000000111,MACHINERY,6505.26
29381,4,18.00,21749.40,0.08,0.01,REG AIR,DELIVER IN PERSON,olive ivory turquoise sienna wheat,STANDARD BURNISHED BRASS,Brand#21,Supplier#000000013,CANADA,AMERICA,835.30,3473,113,Customer#000000113,BUILDING,2912.00
29381,4,18.00,21749.40,0.08,0.01,REG AIR,DELIVER IN PERSON,olive ivory turquoise sienna wheat,STANDARD BURNISHED BRASS,Brand#21,Supplier#000000013,CANADA,AMERICA,835.30,3473,116,Customer#000000116,BUILDING,8403.99
29381,4,18.00,21749.40,0.08,0.01,REG AIR,DELIVER IN PERSON,olive ivory turquoise sienna wheat,STANDARD BURNISHED BRASS,Brand#21,Supplier#000000013,CANADA,AMERICA,835.30,3473,121,Customer#000000121,BUILDING,6428.32
29381,4,18.00,21749.40,0.08,0.01,REG AIR,DELIVER IN PERSON,olive ivory turquoise sienna wheat,STANDARD BURNISHED BRASS,Brand#21,Supplier#000000013,CANADA,AMERICA,835.30,3473,123,Customer#000000123,BUILDING,5897.83
29381,4,18.00,21749.40,0.08,0.01,REG AIR,DELIVER IN PERSON,olive ivory turquoise sienna wheat,STANDARD BURNISHED BRASS,Brand#21,Supplier#000000013,CANADA,AMERICA,835.30,3473,124,Customer#000000124,AUTOMOBILE,1842.49
29381,4,18.00,21749.40,0.08,0.01,REG AIR,DELIVER IN PERSON,olive ivory turquoise sienna wheat,STANDARD BURNISHED BRASS,Brand#21,Supplier#000000013,CANADA,AMERICA,835.30,3473,127,Customer#000000127,MACHINERY,9280.71
29381,4,18.00,21749.40,0.08,0.01,REG AIR,DELIVER IN PERSON,olive ivory turquoise sienna wheat,STANDARD BURNISHED BRASS,Brand#21,Supplier#000000013,CANADA,AMERICA,835.30,3473,133,Customer#000000133,AUTOMOBILE,2314.67
29381,4,18.00,21749.40,0.08,0.01,REG AIR,DELIVER IN PERSON,olive ivory turquoise sienna wheat,STANDARD BURNISHED BRASS,Brand#21,Supplier#000000013,CANADA,AMERICA,835.30,3473,134,Customer#000000134,BUILDING,4608.90
29381,4,18.00,21749.40,0.08,0.01,REG AIR,DELIVER IN PERSON,olive ivory turquoise sienna wheat,STANDARD BURNISHED BRASS,Brand#21,Supplier#000000013,CANADA,AMERICA,835.30,3473,139,Customer#000000139,MACHINERY,7897.78
29381,4,18.00,21749.40,0.08,0.01,REG AIR,DELIVER IN PERSON,olive ivory turquoise sienna wheat,STANDARD BURNISHED BRASS,Brand#21,Supplier#000000013,CANADA,AMERICA,835.30,3473,140,Customer#000000140,MACHINERY,9963.15
29381,4,18.00,21749.40,0.08,0.01,REG AIR,DELIVER IN PERSON,olive ivory turquoise sienna wheat,STANDARD BURNISHED BRASS,Brand#21,Supplier#000000013,CANADA,AMERICA,835.30,3473,142,Customer#000000142,AUTOMOBILE,2209.81
29381,4,18.00,21749.40,0.08,0.01,REG AIR,DELIVER IN PERSON,olive ivory turquoise sienna wheat,STANDARD BURNISHED BRASS,Brand#21,Supplier#000000013,CANADA,AMERICA,835.30,3473,143,Customer#000000143,MACHINERY,2186.50
29381,4,18.00,21749.40,0.08,0.01,REG AIR,DELIVER IN PERSON,olive ivory turquoise sienna wheat,STANDARD BURNISHED BRASS,Brand#21,Supplier#000000013,CANADA,AMERICA,835.30,3473,144,Customer#000000144,MACHINERY,6417.31
29381,4,18.00,21749.40,0.08,0.01,REG AIR,DELIVER IN PERSON,olive ivory turquoise sienna wheat,STANDARD BURNISHED BRASS,Brand#21,Supplier#000000013,CANADA,AMERICA,835.30,3473,149,Customer#000000149,AUTOMOBILE,8959.65
29381,4,18.00,21749.40,0.08,0.01,REG AIR,DELIVER IN PERSON,olive ivory turquoise sienna wheat,STANDARD BURNISHED BRASS,Brand#21,Supplier#000000013,CANADA,AMERICA,835.30,3473,150,Customer#000000150,MACHINERY,3849.48
29381,4,18.00,21749.40,0.08,0.01,REG AIR,DELIVER IN PERSON,olive ivory turquoise sienna wheat,STANDARD BURNISHED BRASS,Brand#21,Supplier#000000013,CANADA,AMERICA,835.30,3473,152,Customer#000000152,BUILDING,1215.18
29381,4,18.00,21749.40,0.08,0.01,REG AIR,DELIVER IN PERSON,olive ivory turquoise sienna wheat,STANDARD BURNISHED BRASS,Brand#21,Supplier#000000013,CANADA,AMERICA,835.30,3473,155,Customer#000000155,AUTOMOBILE,5902.85
29381,4,18.00,21749.40,0.08,0.01,REG AIR,DELIVER IN PERSON,olive ivory turquoise sienna wheat,STANDARD BURNISHED BRASS,Brand#21,Supplier#000000013,CANADA,AMERICA,835.30,3473,156,Customer#000000156,AUTOMOBILE,9302.95
29381,4,18.00,21749.40,0.08,0.01,REG AIR,DELIVER IN PERSON,olive ivory turquoise sienna wheat,STANDARD BURNISHED BRASS,Brand#21,Supplier#000000013,CANADA,AMERICA,835.30,3473,157,Customer#000000157,BUILDING,9768.73
29381,4,18.00,21749.40,0.08,0.01,REG AIR,DELIVER IN PERSON,olive ivory turquoise sienna wheat,STANDARD BURNISHED BRASS,Brand#21,Supplier#000000013,CANADA,AMERICA,835.30,3473,158,Customer#000000158,AUTOMOBILE,6160.95
29381,4,18.00,21749.40,0.08,0.01,REG AIR,DELIVER IN PERSON,olive ivory turquoise sienna wheat,STANDARD BURNISHED BRASS,Brand#21,Supplier#000000013,CANADA,AMERICA,835.30,3473,160,Customer#000000160,MACHINERY,4363.17
29381,4,18.00,21749.40,0.08,0.01,REG AIR,DELIVER IN PERSON,olive ivory turquoise sienna wheat,STANDARD BURNISHED BRASS,Brand#21,Supplier#000000013,CANADA,AMERICA,835.30,3473,161,Customer#000000161,MACHINERY,3714.06
29381,4,18.00,21749.40,0.08,0.01,REG AIR,DELIVER IN PERSON,olive ivory turquoise sienna wheat,STANDARD BURNISHED BRASS,Brand#21,Supplier#000000013,CANADA,AMERICA,835.30,3473,162,Customer#000000162,MACHINERY,6268.99
29381,4,18.00,21749.40,0.08,0.01,REG AIR,DELIVER IN PERSON,olive ivory turquoise sienna wheat,STANDARD BURNISHED BRASS,Brand#21,Supplier#000000013,CANADA,AMERICA,835.30,3473,167,Customer#000000167,AUTOMOBILE,1468.09
29381,4,18.00,21749.40,0.08,0.01,REG AIR,DELIVER IN PERSON,olive ivory turquoise sienna wheat,STANDARD BURNISHED BRASS,Brand#21,Supplier#000000013,CANADA,AMERICA,835.30,3473,170,Customer#000000170,BUILDING,7687.89
29381,4,18.00,21749.40,0.08,0.01,REG AIR,DELIVER IN PERSON,olive ivory turquoise sienna wheat,STANDARD BURNISHED BRASS,Brand#21,Supplier#000000013,CANADA,AMERICA,835.30,3473,171,Customer#000000171,MACHINERY,2379.91
29381,4,18.00,21749.40,0.08,0.01,REG AIR,DELIVER IN PERSON,olive ivory turquoise sienna wheat,STANDARD BURNISHED BRASS,Brand#21,Supplier#000000013,CANADA,AMERICA,835.30,3473,172,Customer#000000172,MACHINERY,1134.40
29381,4,18.00,21749.40,0.08,0.01,REG AIR,DELIVER IN PERSON,olive ivory turquoise sienna wheat,STANDARD BURNISHED BRASS,Brand#21,Supplier#000000013,CANADA,AMERICA,835.30,3473,173,Customer#000000173,BUILDING,845.84
29381,4,18.00,21749.40,0.08,0.01,REG AIR,DELIVER IN PERSON,olive ivory turquoise sienna wheat,STANDARD BURNISHED BRASS,Brand#21,Supplier#000000013,CANADA,AMERICA,835.30,3473,177,Customer#000000177,BUILDING,7457.50
29381,4,18.00,21749.40,0.08,0.01,REG AIR,DELIVER IN PERSON,olive ivory turquoise sienna wheat,STANDARD BURNISHED BRASS,Brand#21,Supplier#000000013,CANADA,AMERICA,835.30,3473,182,Customer#000000182,AUTOMOBILE,4810.22
29381,4,18.00,21749.40,0.08,0.01,REG AIR,DELIVER IN PERSON,olive ivory turquoise sienna wheat,STANDARD BURNISHED BRASS,Brand#21,Supplier#000000013,CANADA,AMERICA,835.30,3473,185,Customer#000000185,BUILDING,2788.76
29381,4,18.00,21749.40,0.08,0.01,REG AIR,DELIVER IN PERSON,olive ivory turquoise sienna wheat,STANDARD BURNISHED BRASS,Brand#21,Supplier#000000013,CANADA,AMERICA,835.30,3473,188,Customer#000000188,BUILDING,9533.37
29381,4,18.00,21749.40,0.08,0.01,REG AIR,DELIVER IN PERSON,olive ivory turquoise sienna wheat,STANDARD BURNISHED BRASS,Brand#21,Supplier#000000013,CANADA,AMERICA,835.30,3473,190,Customer#000000190,AUTOMOBILE,1657.46
29381,4,18.00,21749.40,0.08,0.01,REG AIR,DELIVER IN PERSON,olive ivory turquoise sienna wheat,STANDARD BURNISHED BRASS,Brand#21,Supplier#000000013,CANADA,AMERICA,835.30,3473,191,Customer#000000191,BUILDING,2945.16
29381,4,18.00,21749.40,0.08,0.01,REG AIR,DELIVER IN PERSON,olive ivory turquoise sienna wheat,STANDARD BURNISHED BRASS,Brand#21,Supplier#000000013,CANADA,AMERICA,835.30,3473,192,Customer#000000192,MACHINERY,8239.96
29381,4,18.00,21749.40,0.08,0.01,REG AIR,DELIVER IN PERSON,olive ivory turquoise sienna wheat,STANDARD BURNISHED BRASS,Brand#21,Supplier#000000013,CANADA,AMERICA,835.30,3473,193,Customer#000000193,MACHINERY,8024.55
29381,4,18.00,21749.40,0.08,0.01,REG AIR,DELIVER IN PERSON,olive ivory turquoise sienna wheat,STANDARD BURNISHED BRASS,Brand#21,Supplier#000000013,CANADA,AMERICA,835.30,3473,198,Customer#000000198,AUTOMOBILE,3824.76
29381,4,18.00,21749.40,0.08,0.01,REG AIR,DELIVER IN PERSON,olive ivory turquoise sienna wheat,STANDARD BURNISHED BRASS,Brand#21,Supplier#000000013,CANADA,AMERICA,835.30,3473,200,Customer#000000200,BUILDING,9967.60
29381,4,18.00,21749.40,0.08,0.01,REG AIR,DELIVER IN PERSON,olive ivory turquoise sienna wheat,STANDARD BURNISHED BRASS,Brand#21,Supplier#000000013,CANADA,AMERICA,835.30,3473,201,Customer#000000201,MACHINERY,4614.40
29381,4,18.00,21749.40,0.08,0.01,REG AIR,DELIVER IN PERSON,olive ivory turquoise sienna wheat,STANDARD BURNISHED BRASS,Brand#21,Supplier#000000013,CANADA,AMERICA,835.30,3473,202,Customer#000000202,AUTOMOBILE,2237.64
29381,4,18.00,21749.40,0.08,0.01,REG AIR,DELIVER IN PERSON,olive ivory turquoise sienna wheat,STANDARD BURNISHED BRASS,Brand#21,Supplier#000000013,CANADA,AMERICA,835.30,3473,203,Customer#000000203,MACHINERY,7960.63
29381,4,18.00,21749.40,0.08,0.01,REG AIR,DELIVER IN PERSON,olive ivory turquoise sienna wheat,STANDARD BURNISHED BRASS,Brand#21,Supplier#000000013,CANADA,AMERICA,835.30,3473,205,Customer#000000205,BUILDING,7161.52
29381,4,18.00,21749.40,0.08,0.01,REG AIR,DELIVER IN PERSON,olive ivory turquoise sienna wheat,STANDARD BURNISHED BRASS,Brand#21,Supplier#000000013,CANADA,AMERICA,835.30,3473,208,Customer#000000208,MACHINERY,6239.89
29381,4,18.00,21749.40,0.08,0.01,REG AIR,DELIVER IN PERSON,olive ivory turquoise sienna wheat,STANDARD BURNISHED BRASS,Brand#21,Supplier#000000013,CANADA,AMERICA,835.30,3473,211,Customer#000000211,BUILDING,4198.72
29381,4,18.00,21749.40,0.08,0.01,REG AIR,DELIVER IN PERSON,olive ivory turquoise sienna wheat,STANDARD BURNISHED BRASS,Brand#21,Supplier#000000013,CANADA,AMERICA,835.30,3473,212,Customer#000000212,BUILDING,957.58
29381,4,18.00,21749.40,0.08,0.01,REG AIR,DELIVER IN PERSON,olive ivory turquoise sienna wheat,STANDARD BURNISHED BRASS,Brand#21,Supplier#000000013,CANADA,AMERICA,835.30,3473,214,Customer#000000214,MACHINERY,1526.59
29381,4,18.00,21749.40,0.08,0.01,REG AIR,DELIVER IN PERSON,olive ivory turquoise sienna wheat,STANDARD BURNISHED BRASS,Brand#21,Supplier#000000013,CANADA,AMERICA,835.30,3473,218,Customer#000000218,MACHINERY,9541.19
29381,4,18.00,21749.40,0.08,0.01,REG AIR,DELIVER IN PERSON,olive ivory turquoise sienna wheat,STANDARD BURNISHED BRASS,Brand#21,Supplier#000000013,CANADA,AMERICA,835.30,3473,219,Customer#000000219,AUTOMOBILE,9858.57
29381,4,18.00,21749.40,0.08,0.01,REG AIR,DELIVER IN PERSON,olive ivory turquoise sienna wheat,STANDARD BURNISHED BRASS,Brand#21,Supplier#000000013,CANADA,AMERICA,835.30,3473,220,Customer#000000220,BUILDING,9131.64
29381,4,18.00,21749.40,0.08,0.01,REG AIR,DELIVER IN PERSON,olive ivory turquoise sienna wheat,STANDARD BURNISHED BRASS,Brand#21,Supplier#000000013,CANADA,AMERICA,835.30,3473,221,Customer#000000221,BUILDING,1609.39
29381,4,18.00,21749.40,0.08,0.01,REG AIR,DELIVER IN PERSON,olive ivory turquoise sienna wheat,STANDARD BURNISHED BRASS,Brand#21,Supplier#000000013,CANADA,AMERICA,835.30,3473,222,Customer#000000222,BUILDING,8893.76
29381,4,18.00,21749.40,0.08,0.01,REG AIR,DELIVER IN PERSON,olive ivory turquoise sienna wheat,STANDARD BURNISHED BRASS,Brand#21,Supplier#000000013,CANADA,AMERICA,835.30,3473,223,Customer#000000223,BUILDING,7476.20
29381,4,18.00,21749.40,0.08,0.01,REG AIR,DELIVER IN PERSON,olive ivory turquoise sienna wheat,STANDARD BURNISHED BRASS,Brand#21,Supplier#000000013,CANADA,AMERICA,835.30,3473,224,Customer#000000224,BUILDING,8465.15
29381,4,18.00,21749.40,0.08,0.01,REG AIR,DELIVER IN PERSON,olive ivory turquoise sienna wheat,STANDARD BURNISHED BRASS,Brand#21,Supplier#000000013,CANADA,AMERICA,835.30,3473,225,Customer#000000225,AUTOMOBILE,8893.20
29381,4,18.00,21749.40,0.08,0.01,REG AIR,DELIVER IN PERSON,olive ivory turquoise sienna wheat,STANDARD BURNISHED BRASS,Brand#21,Supplier#000000013,CANADA,AMERICA,835.30,3473,226,Customer#000000226,AUTOMOBILE,9008.61
29381,4,18.00,21749.40,0.08,0.01,REG AIR,DELIVER IN PERSON,olive ivory turquoise sienna wheat,STANDARD BURNISHED BRASS,Brand#21,Supplier#000000013,CANADA,AMERICA,835.30,3473,227,Customer#000000227,MACHINERY,1808.23
29381,4,18.00,21749.40,0.08,0.01,REG AIR,DELIVER IN PERSON,olive ivory turquoise sienna wheat,STANDARD BURNISHED BRASS,Brand#21,Supplier#000000013,CANADA,AMERICA,835.30,3473,230,Customer#000000230,MACHINERY,1682.83
29381,4,18.00,21749.40,0.08,0.01,REG AIR,DELIVER IN PERSON,olive ivory turquoise sienna wheat,STANDARD BURNISHED BRASS,Brand#21,Supplier#000000013,CANADA,AMERICA,835.30,3473,234,Customer#000000234,AUTOMOBILE,8383.51
29381,4,18.00,21749.40,0.08,0.01,REG AIR,DELIVER IN PERSON,olive ivory turquoise sienna wheat,STANDARD BURNISHED BRASS,Brand#21,Supplier#000000013,CANADA,AMERICA,835.30,3473,235,Customer#000000235,AUTOMOBILE,754.41
29381,4,18.00,21749.40,0.08,0.01,REG AIR,DELIVER IN PERSON,olive ivory turquoise sienna wheat,STANDARD BURNISHED BRASS,Brand#21,Supplier#000000013,CANADA,AMERICA,835.30,3473,236,Customer#000000236,AUTOMOBILE,5384.59
29381,4,18.00,21749.40,0.08,0.01,REG AIR,DELIVER IN PERSON,olive ivory turquoise sienna wheat,STANDARD BURNISHED BRASS,Brand#21,Supplier#000000013,CANADA,AMERICA,835.30,3473,240,Customer#000000240,MACHINERY,7139.68
29381,4,18.00,21749.40,0.08,0.01,REG AIR,DELIVER IN PERSON,olive ivory turquoise sienna wheat,STANDARD BURNISHED BRASS,Brand#21,Supplier#000000013,CANADA,AMERICA,835.30,3473,241,Customer#000000241,AUTOMOBILE,6569.34
29381,4,18.00,21749.40,0.08,0.01,REG AIR,DELIVER IN PERSON,olive ivory turquoise sienna wheat,STANDARD BURNISHED BRASS,Brand#21,Supplier#000000013,CANADA,AMERICA,835.30,3473,242,Customer#000000242,MACHINERY,1975.41
29381,4,18.00,21749.40,0.08,0.01,REG AIR,DELIVER IN PERSON,olive ivory turquoise sienna wheat,STANDARD BURNISHED BRASS,Brand#21,Supplier#000000013,CANADA,AMERICA,835.30,3473,243,Customer#000000243,AUTOMOBILE,620.73
29381,4,18.00,21749.40,0.08,0.01,REG AIR,DELIVER IN PERSON,olive ivory turquoise sienna wheat,STANDARD BURNISHED BRASS,Brand#21,Supplier#000000013,CANADA,AMERICA,835.30,3473,245,Customer#000000245,MACHINERY,3720.15
29381,4,18.00,21749.40,0.08,0.01,REG AIR,DELIVER IN PERSON,olive ivory turquoise sienna wheat,STANDARD BURNISHED BRASS,Brand#21,Supplier#000000013,CANADA,AMERICA,835.30,3473,246,Customer#000000246,AUTOMOBILE,9584.96
29381,4,18.00,21749.40,0.08,0.01,REG AIR,DELIVER IN PERSON,olive ivory turquoise sienna wheat,STANDARD BURNISHED BRASS,Brand#21,Supplier#000000013,CANADA,AMERICA,835.30,3473,253,Customer#000000253,AUTOMOBILE,9139.52
29381,4,18.00,21749.40,0.08,0.01,REG AIR,DELIVER IN PERSON,olive ivory turquoise sienna wheat,STANDARD BURNISHED BRASS,Brand#21,Supplier#000000013,CANADA,AMERICA,835.30,3473,254,Customer#000000254,MACHINERY,1915.35
29381,4,18.00,21749.40,0.08,0.01,REG AIR,DELIVER IN PERSON,olive ivory turquoise sienna wheat,STANDARD BURNISHED BRASS,Brand#21,Supplier#000000013,CANADA,AMERICA,835.30,3473,255,Customer#000000255,BUILDING,3196.07
29381,4,18.00,21749.40,0.08,0.01,REG AIR,DELIVER IN PERSON,olive ivory turquoise sienna wheat,STANDARD BURNISHED BRASS,Brand#21,Supplier#000000013,CANADA,AMERICA,835.30,3473,258,Customer#000000258,MACHINERY,6022.27
29381,4,18.00,21749.40,0.08,0.01,REG AIR,DELIVER IN PERSON,olive ivory turquoise sienna wheat,STANDARD BURNISHED BRASS,Brand#21,Supplier#000000013,CANADA,AMERICA,835.30,3473,260,Customer#000000260,MACHINERY,9196.11
29381,4,18.00,21749.40,0.08,0.01,REG AIR,DELIVER IN PERSON,olive ivory turquoise sienna wheat,STANDARD BURNISHED BRASS,Brand#21,Supplier#000000013,CANADA,AMERICA,835.30,3473,262,Customer#000000262,AUTOMOBILE,1561.80
29381,4,18.00,21749.40,0.08,0.01,REG AIR,DELIVER IN PERSON,olive ivory turquoise sienna wheat,STANDARD BURNISHED BRASS,Brand#21,Supplier#000000013,CANADA,AMERICA,835.30,3473,264,Customer#000000264,MACHINERY,3195.83
29381,4,18.00,21749.40,0.08,0.01,REG AIR,DELIVER IN PERSON,olive ivory turquoise sienna wheat,STANDARD BURNISHED BRASS,Brand#21,Supplier#000000013,CANADA,AMERICA,835.30,3473,265,Customer#000000265,MACHINERY,8275.80
29381,4,18.00,21749.40,0.08,0.01,REG AIR,DELIVER IN PERSON,olive ivory turquoise sienna wheat,STANDARD BURNISHED BRASS,Brand#21,Supplier#000000013,CANADA,AMERICA,835.30,3473,267,Customer#000000267,AUTOMOBILE,3166.94
29381,4,18.00,21749.40,0.08,0.01,REG AIR,DELIVER IN PERSON,olive ivory turquoise sienna wheat,STANDARD BURNISHED BRASS,Brand#21,Supplier#000000013,CANADA,AMERICA,835.30,3473,268,Customer#000000268,MACHINERY,6821.01
29381,4,18.00,21749.40,0.08,0.01,REG AIR,DELIVER IN PERSON,olive ivory turquoise sienna wheat,STANDARD BURNISHED BRASS,Brand#21,Supplier#000000013,CANADA,AMERICA,835.30,3473,269,Customer#000000269,MACHINERY,7667.35
29381,4,18.00,21749.40,0.08,0.01,REG AIR,DELIVER IN PERSON,olive ivory turquoise sienna wheat,STANDARD BURNISHED BRASS,Brand#21,Supplier#000000013,CANADA,AMERICA,835.30,3473,270,Customer#000000270,AUTOMOBILE,9192.50
29381,4,18.00,21749.40,0.08,0.01,REG AIR,DELIVER IN PERSON,olive ivory turquoise sienna wheat,STANDARD BURNISHED BRASS,Brand#21,Supplier#000000013,CANADA,AMERICA,835.30,3473,271,Customer#000000271,MACHINERY,1490.35
29381,4,18.00,21749.40,0.08,0.01,REG AIR,DELIVER IN PERSON,olive ivory turquoise sienna wheat,STANDARD BURNISHED BRASS,Brand#21,Supplier#000000013,CANADA,AMERICA,835.30,3473,275,Customer#000000275,AUTOMOBILE,5067.31
29381,4,18.00,21749.40,0.08,0.01,REG AIR,DELIVER IN PERSON,olive ivory turquoise sienna wheat,STANDARD BURNISHED BRASS,Brand#21,Supplier#000000013,CANADA,AMERICA,835.30,3473,276,Customer#000000276,AUTOMOBILE,2292.67
29381,4,18.00,21749.40,0.08,0.01,REG AIR,DELIVER IN PERSON,olive ivory turquoise sienna wheat,STANDARD BURNISHED BRASS,Brand#21,Supplier#000000013,CANADA,AMERICA,835.30,3473,277,Customer#000000277,BUILDING,8876.10
29381,4,18.00,21749.40,0.08,0.01,REG AIR,DELIVER IN PERSON,olive ivory turquoise sienna wheat,STANDARD BURNISHED BRASS,Brand#21,Supplier#000000013,CANADA,AMERICA,835.30,3473,278,Customer#000000278,BUILDING,7621.56
29381,4,18.00,21749.40,0.08,0.01,REG AIR,DELIVER IN PERSON,olive ivory turquoise sienna wheat,STANDARD BURNISHED BRASS,Brand#21,Supplier#000000013,CANADA,AMERICA,835.30,3473,279,Customer#000000279,AUTOMOBILE,9663.23
29381,4,18.00,21749.40,0.08,0.01,REG AIR,DELIVER IN PERSON,olive ivory turquoise sienna wheat,STANDARD BURNISHED BRASS,Brand#21,Supplier#000000013,CANADA,AMERICA,835.30,3473,280,Customer#000000280,BUILDING,3952.84
29381,4,18.00,21749.40,0.08,0.01,REG AIR,DELIVER IN PERSON,olive ivory turquoise sienna wheat,STANDARD BURNISHED BRASS,Brand#21,Supplier#000000013,CANADA,AMERICA,835.30,3473,281,Customer#000000281,BUILDING,4361.70
29381,4,18.00,21749.40,0.08,0.01,REG AIR,DELIVER IN PERSON,olive ivory turquoise sienna wheat,STANDARD BURNISHED BRASS,Brand#21,Supplier#000000013,CANADA,AMERICA,835.30,3473,283,Customer#000000283,AUTOMOBILE,4450.03
29381,4,18.00,21749.40,0.08,0.01,REG AIR,DELIVER IN PERSON,olive ivory turquoise sienna wheat,STANDARD BURNISHED BRASS,Brand#21,Supplier#000000013,CANADA,AMERICA,835.30,3473,284,Customer#000000284,AUTOMOBILE,593.52
29381,4,18.00,21749.40,0.08,0.01,REG AIR,DELIVER IN PERSON,olive ivory turquoise sienna wheat,STANDARD BURNISHED BRASS,Brand#21,Supplier#000000013,CANADA,AMERICA,835.30,3473,287,Customer#000000287,MACHINERY,1734.18
29381,4,18.00,21749.40,0.08,0.01,REG AIR,DELIVER IN PERSON,olive ivory turquoise sienna wheat,STANDARD BURNISHED BRASS,Brand#21,Supplier#000000013,CANADA,AMERICA,835.30,3473,290,Customer#000000290,MACHINERY,1811.35
29381,4,18.00,21749.40,0.08,0.01,REG AIR,DELIVER IN PERSON,olive ivory turquoise sienna wheat,STANDARD BURNISHED BRASS,Brand#21,Supplier#000000013,CANADA,AMERICA,835.30,3473,296,Customer#000000296,BUILDING,8081.52
29381,4,18.00,21749.40,0.08,0.01,REG AIR,DELIVER IN PERSON,olive ivory turquoise sienna wheat,STANDARD BURNISHED BRASS,Brand#21,Supplier#000000013,CANADA,AMERICA,835.30,3473,298,Customer#000000298,BUILDING,3812.84
29381,4,18.00,21749.40,0.08,0.01,REG AIR,DELIVER IN PERSON,olive ivory turquoise sienna wheat,STANDARD BURNISHED BRASS,Brand#21,Supplier#000000013,CANADA,AMERICA,835.30,3473,300,Customer#000000300,AUTOMOBILE,8084.92
29381,4,18.00,21749.40,0.08,0.01,REG AIR,DELIVER IN PERSON,olive ivory turquoise sienna wheat,STANDARD BURNISHED BRASS,Brand#21,Supplier#000000013,CANADA,AMERICA,835.30,3473,302,Customer#000000302,MACHINERY,1107.42
29381,4,18.00,21749.40,0.08,0.01,REG AIR,DELIVER IN PERSON,olive ivory turquoise sienna wheat,STANDARD BURNISHED BRASS,Brand#21,Supplier#000000013,CANADA,AMERICA,835.30,3473,304,Customer#000000304,MACHINERY,9217.55
29381,4,18.00,21749.40,0.08,0.01,REG AIR,DELIVER IN PERSON,olive ivory turquoise sienna wheat,STANDARD BURNISHED BRASS,Brand#21,Supplier#000000013,CANADA,AMERICA,835.30,3473,306,Customer#000000306,AUTOMOBILE,3268.01
29381,4,18.00,21749.40,0.08,0.01,REG AIR,DELIVER IN PERSON,olive ivory turquoise sienna wheat,STANDARD BURNISHED BRASS,Brand#21,Supplier#000000013,CANADA,AMERICA,835.30,3473,311,Customer#000000311,AUTOMOBILE,6589.50
29381,4,18.00,21749.40,0.08,0.01,REG AIR,DELIVER IN PERSON,olive ivory turquoise sienna wheat,STANDARD BURNISHED BRASS,Brand#21,Supplier#000000013,CANADA,AMERICA,835.30,3473,314,Customer#000000314,MACHINERY,2394.92
29381,4,18.00,21749.40,0.08,0.01,REG AIR,DELIVER IN PERSON,olive ivory turquoise sienna wheat,STANDARD BURNISHED BRASS,Brand#21,Supplier#000000013,CANADA,AMERICA,835.30,3473,316,Customer#000000316,MACHINERY,4571.78
29381,4,18.00,21749.40,0.08,0.01,REG AIR,DELIVER IN PERSON,olive ivory turquoise sienna wheat,STANDARD BURNISHED BRASS,Brand#21,Supplier#000000013,CANADA,AMERICA,835.30,3473,320,Customer#000000320,MACHINERY,6082.74
29381,4,18.00,21749.40,0.08,0.01,REG AIR,DELIVER IN PERSON,olive ivory turquoise sienna wheat,STANDARD BURNISHED BRASS,Brand#21,Supplier#000000013,CANADA,AMERICA,835.30,3473,323,Customer#000000323,AUTOMOBILE,1137.67
29381,4,18.00,21749.40,0.08,0.01,REG AIR,DELIVER IN PERSON,olive ivory turquoise sienna wheat,STANDARD BURNISHED BRASS,Brand#21,Supplier#000000013,CANADA,AMERICA,835.30,3473,327,Customer#000000327,MACHINERY,8762.16
29381,4,18.00,21749.40,0.08,0.01,REG AIR,DELIVER IN PERSON,olive ivory turquoise sienna wheat,STANDARD BURNISHED BRASS,Brand#21,Supplier#000000013,CANADA,AMERICA,835.30,3473,328,Customer#000000328,BUILDING,6709.90
29381,4,18.00,21749.40,0.08,0.01,REG AIR,DELIVER IN PERSON,olive ivory turquoise sienna wheat,STANDARD BURNISHED BRASS,Brand#21,Supplier#000000013,CANADA,AMERICA,835.30,3473,330,Customer#000000330,MACHINERY,8244.73
29381,4,18.00,21749.40,0.08,0.01,REG AIR,DELIVER IN PERSON,olive ivory turquoise sienna wheat,STANDARD BURNISHED BRASS,Brand#21,Supplier#000000013,CANADA,AMERICA,835.30,3473,333,Customer#000000333,AUTOMOBILE,8018.89
29381,4,18.00,21749.40,0.08,0.01,REG AIR,DELIVER IN PERSON,olive ivory turquoise sienna wheat,STANDARD BURNISHED BRASS,Brand#21,Supplier#000000013,CANADA,AMERICA,835.30,3473,336,Customer#000000336,AUTOMOBILE,9241.49
29381,4,18.00,21749.40,0.08,0.01,REG AIR,DELIVER IN PERSON,olive ivory turquoise sienna wheat,STANDARD BURNISHED BRASS,Brand#21,Supplier#000000013,CANADA,AMERICA,835.30,3473,340,Customer#000000340,BUILDING,4667.12
29381,4,18.00,21749.40,0.08,0.01,REG AIR,DELIVER IN PERSON,olive ivory turquoise sienna wheat,STANDARD BURNISHED BRASS,Brand#21,Supplier#000000013,CANADA,AMERICA,835.30,3473,342,Customer#000000342,AUTOMOBILE,7186.74
29381,4,18.00,21749.40,0.08,0.01,REG AIR,DELIVER IN PERSON,olive ivory turquoise sienna wheat,STANDARD BURNISHED BRASS,Brand#21,Supplier#000000013,CANADA,AMERICA,835.30,3473,345,Customer#000000345,AUTOMOBILE,1936.77
29381,4,18.00,21749.40,0.08,0.01,REG AIR,DELIVER IN PERSON,olive ivory turquoise sienna wheat,STANDARD BURNISHED BRASS,Brand#21,Supplier#000000013,CANADA,AMERICA,835.30,3473,347,Customer#000000347,BUILDING,7348.92
29381,4,18.00,21749.40,0.08,0.01,REG AIR,DELIVER IN PERSON,olive ivory turquoise sienna wheat,STANDARD BURNISHED BRASS,Brand#21,Supplier#000000013,CANADA,AMERICA,835.30,3473,351,Customer#000000351,AUTOMOBILE,3419.54
29381,4,18.00,21749.40,0.08,0.01,REG AIR,DELIVER IN PERSON,olive ivory turquoise sienna wheat,STANDARD BURNISHED BRASS,Brand#21,Supplier#000000013,CANADA,AMERICA,835.30,3473,353,Customer#000000353,BUILDING,3199.03
29381,4,18.00,21749.40,0.08,0.01,REG AIR,DELIVER IN PERSON,olive ivory turquoise sienna wheat,STANDARD BURNISHED BRASS,Brand#21,Supplier#000000013,CANADA,AMERICA,835.30,3473,354,Customer#000000354,BUILDING,7095.95
29381,4,18.00,21749.40,0.08,0.01,REG AIR,DELIVER IN PERSON,olive ivory turquoise sienna wheat,STANDARD BURNISHED BRASS,Brand#21,Supplier#000000013,CANADA,AMERICA,835.30,3473,357,Customer#000000357,AUTOMOBILE,8747.36
29381,4,18.00,21749.40,0.08,0.01,REG AIR,DELIVER IN PERSON,olive ivory turquoise sienna wheat,STANDARD BURNISHED BRASS,Brand#21,Supplier#000000013,CANADA,AMERICA,835.30,3473,361,Customer#000000361,BUILDING,7451.84
29381,4,18.00,21749.40,0.08,0.01,REG AIR,DELIVER IN PERSON,olive ivory turquoise sienna wheat,STANDARD BURNISHED BRASS,Brand#21,Supplier#000000013,CANADA,AMERICA,835.30,3473,362,Customer#000000362,AUTOMOBILE,6149.01
29381,4,18.00,21749.40,0.08,0.01,REG AIR,DELIVER IN PERSON,olive ivory turquoise sienna wheat,STANDARD BURNISHED BRASS,Brand#21,Supplier#000000013,CANADA,AMERICA,835.30,3473,371,Customer#000000371,AUTOMOBILE,7789.14
29381,4,18.00,21749.40,0.08,0.01,REG AIR,DELIVER IN PERSON,olive ivory turquoise sienna wheat,STANDARD BURNISHED BRASS,Brand#21,Supplier#000000013,CANADA,AMERICA,835.30,3473,373,Customer#000000373,MACHINERY,2354.06
29381,4,18.00,21749.40,0.08,0.01,REG AIR,DELIVER IN PERSON,olive ivory turquoise sienna wheat,STANDARD BURNISHED BRASS,Brand#21,Supplier#000000013,CANADA,AMERICA,835.30,3473,374,Customer#000000374,AUTOMOBILE,6718.78
29381,4,18.00,21749.40,0.08,0.01,REG AIR,DELIVER IN PERSON,olive ivory turquoise sienna wheat,STANDARD BURNISHED BRASS,Brand#21,Supplier#000000013,CANADA,AMERICA,835.30,3473,376,Customer#000000376,AUTOMOBILE,4231.45
29381,4,18.00,21749.40,0.08,0.01,REG AIR,DELIVER IN PERSON,olive ivory turquoise sienna wheat,STANDARD BURNISHED BRASS,Brand#21,Supplier#000000013,CANADA,AMERICA,835.30,3473,377,Customer#000000377,MACHINERY,1043.72
29381,4,18.00,21749.40,0.08,0.01,REG AIR,DELIVER IN PERSON,olive ivory turquoise sienna wheat,STANDARD BURNISHED BRASS,Brand#21,Supplier#000000013,CANADA,AMERICA,835.30,3473,378,Customer#000000378,BUILDING,5718.05
29381,4,18.00,21749.40,0.08,0.01,REG AIR,DELIVER IN PERSON,olive ivory turquoise sienna wheat,STANDARD BURNISHED BRASS,Brand#21,Supplier#000000013,CANADA,AMERICA,835.30,3473,379,Customer#000000379,AUTOMOBILE,5348.11
29381,4,18.00,21749.40,0.08,0.01,REG AIR,DELIVER IN PERSON,olive ivory turquoise sienna wheat,STANDARD BURNISHED BRASS,Brand#21,Supplier#000000013,CANADA,AMERICA,835.30,3473,380,Customer#000000380,BUILDING,2755.46
29381,4,18.00,21749.40,0.08,0.01,REG AIR,DELIVER IN PERSON,olive ivory turquoise sienna wheat,STANDARD BURNISHED BRASS,Brand#21,Supplier#000000013,CANADA,AMERICA,835.30,3473,381,Customer#000000381,BUILDING,9931.71
29381,4,18.00,21749.40,0.08,0.01,REG AIR,DELIVER IN PERSON,olive ivory turquoise sienna wheat,STANDARD BURNISHED BRASS,Brand#21,Supplier#000000013,CANADA,AMERICA,835.30,3473,382,Customer#000000382,AUTOMOBILE,6269.42
29381,4,18.00,21749.40,0.08,0.01,REG AIR,DELIVER IN PERSON,olive ivory turquoise sienna wheat,STANDARD BURNISHED BRASS,Brand#21,Supplier#000000013,CANADA,AMERICA,835.30,3473,385,Customer#000000385,AUTOMOBILE,2457.09
29381,4,18.00,21749.40,0.08,0.01,REG AIR,DELIVER IN PERSON,olive ivory turquoise sienna wheat,STANDARD BURNISHED BRASS,Brand#21,Supplier#000000013,CANADA,AMERICA,835.30,3473,392,Customer#000000392,BUILDING,8492.33
29381,4,18.00,21749.40,0.08,0.01,REG AIR,DELIVER IN PERSON,olive ivory turquoise sienna wheat,STANDARD BURNISHED BRASS,Brand#21,Supplier#000000013,CANADA,AMERICA,835.30,3473,394,Customer#000000394,MACHINERY,5200.96
29381,4,18.00,21749.40,0.08,0.01,REG AIR,DELIVER IN PERSON,olive ivory turquoise sienna wheat,STANDARD BURNISHED BRASS,Brand#21,Supplier#000000013,CANADA,AMERICA,835.30,3473,396,Customer#000000396,BUILDING,1433.50
29381,4,18.00,21749.40,0.08,0.01,REG AIR,DELIVER IN PERSON,olive ivory turquoise sienna wheat,STANDARD BURNISHED BRASS,Brand#21,Supplier#000000013,CANADA,AMERICA,835.30,3473,399,Customer#000000399,BUILDING,7358.53
29381,4,18.00,21749.40,0.08,0.01,REG AIR,DELIVER IN PERSON,olive ivory turquoise sienna wheat,STANDARD BURNISHED BRASS,Brand#21,Supplier#000000013,CANADA,AMERICA,835.30,3473,401,Customer#000000401,BUILDING,4146.43
29381,4,18.00,21749.40,0.08,0.01,REG AIR,DELIVER IN PERSON,olive ivory turquoise sienna wheat,STANDARD BURNISHED BRASS,Brand#21,Supplier#000000013,CANADA,AMERICA,835.30,3473,402,Customer#000000402,AUTOMOBILE,2106.67
29381,4,18.00,21749.40,0.08,0.01,REG AIR,DELIVER IN PERSON,olive ivory turquoise sienna wheat,STANDARD BURNISHED BRASS,Brand#21,Supplier#000000013,CANADA,AMERICA,835.30,3473,404,Customer#000000404,BUILDING,7408.73
29381,4,18.00,21749.40,0.08,0.01,REG AIR,DELIVER IN PERSON,olive ivory turquoise sienna wheat,STANDARD BURNISHED BRASS,Brand#21,Supplier#000000013,CANADA,AMERICA,835.30,3473,405,Customer#000000405,MACHINERY,7519.14
29381,4,18.00,21749.40,0.08,0.01,REG AIR,DELIVER IN PERSON,olive ivory turquoise sienna wheat,STANDARD BURNISHED BRASS,Brand#21,Supplier#000000013,CANADA,AMERICA,835.30,3473,407,Customer#000000407,MACHINERY,9537.08
29381,4,18.00,21749.40,0.08,0.01,REG AIR,DELIVER IN PERSON,olive ivory turquoise sienna wheat,STANDARD BURNISHED BRASS,Brand#21,Supplier#000000013,CANADA,AMERICA,835.30,3473,408,Customer#000000408,BUILDING,6825.37
29381,4,18.00,21749.40,0.08,0.01,REG AIR,DELIVER IN PERSON,olive ivory turquoise sienna wheat,STANDARD BURNISHED BRASS,Brand#21,Supplier#000000013,CANADA,AMERICA,835.30,3473,410,Customer#000000410,BUILDING,4349.27
29381,4,18.00,21749.40,0.08,0.01,REG AIR,DELIVER IN PERSON,olive ivory turquoise sienna wheat,STANDARD BURNISHED BRASS,Brand#21,Supplier#000000013,CANADA,AMERICA,835.30,3473,412,Customer#000000412,BUILDING,6044.02
29381,4,18.00,21749.40,0.08,0.01,REG AIR,DELIVER IN PERSON,olive ivory turquoise sienna wheat,STANDARD BURNISHED BRASS,Brand#21,Supplier#000000013,CANADA,AMERICA,835.30,3473,414,Customer#000000414,AUTOMOBILE,527.78
29381,4,18.00,21749.40,0.08,0.01,REG AIR,DELIVER IN PERSON,olive ivory turquoise sienna wheat,STANDARD BURNISHED BRASS,Brand#21,Supplier#000000013,CANADA,AMERICA,835.30,3473,416,Customer#000000416,MACHINERY,4365.28
29381,4,18.00,21749.40,0.08,0.01,REG AIR,DELIVER IN PERSON,olive ivory turquoise sienna wheat,STANDARD BURNISHED BRASS,Brand#21,Supplier#000000013,CANADA,AMERICA,835.30,3473,417,Customer#000000417,BUILDING,6187.73
29381,4,18.00,21749.40,0.08,0.01,REG AIR,DELIVER IN PERSON,olive ivory turquoise sienna wheat,STANDARD BURNISHED BRASS,Brand#21,Supplier#000000013,CANADA,AMERICA,835.30,3473,419,Customer#000000419,BUILDING,7786.69
29381,4,18.00,21749.40,0.08,0.01,REG AIR,DELIVER IN PERSON,olive ivory turquoise sienna wheat,STANDARD BURNISHED BRASS,Brand#21,Supplier#000000013,CANADA,AMERICA,835.30,3473,420,Customer#000000420,BUILDING,1999.35
29381,4,18.00,21749.40,0.08,0.01,REG AIR,DELIVER IN PERSON,olive ivory turquoise sienna wheat,STANDARD BURNISHED BRASS,Brand#21,Supplier#000000013,CANADA,AMERICA,835.30,3473,427,Customer#000000427,MACHINERY,4376.80
29381,4,18.00,21749.40,0.08,0.01,REG AIR,DELIVER IN PERSON,olive ivory turquoise sienna wheat,STANDARD BURNISHED BRASS,Brand#21,Supplier#000000013,CANADA,AMERICA,835.30,3473,428,Customer#000000428,BUILDING,1952.36
29381,4,18.00,21749.40,0.08,0.01,REG AIR,DELIVER IN PERSON,olive ivory turquoise sienna wheat,STANDARD BURNISHED BRASS,Brand#21,Supplier#000000013,CANADA,AMERICA,835.30,3473,430,Customer#000000430,BUILDING,7905.17
29381,4,18.00,21749.40,0.08,0.01,REG AIR,DELIVER IN PERSON,olive ivory turquoise sienna wheat,STANDARD BURNISHED BRASS,Brand#21,Supplier#000000013,CANADA,AMERICA,835.30,3473,432,Customer#000000432,BUILDING,5715.64
29381,4,18.00,21749.40,0.08,0.01,REG AIR,DELIVER IN PERSON,olive ivory turquoise sienna wheat,STANDARD BURNISHED BRASS,Brand#21,Supplier#000000013,CANADA,AMERICA,835.30,3473,434,Customer#000000434,MACHINERY,2940.46
29381,4,18.00,21749.40,0.08,0.01,REG AIR,DELIVER IN PERSON,olive ivory turquoise sienna wheat,STANDARD BURNISHED BRASS,Brand#21,Supplier#000000013,CANADA,AMERICA,835.30,3473,435,Customer#000000435,MACHINERY,6217.46
29381,4,18.00,21749.40,0.08,0.01,REG AIR,DELIVER IN PERSON,olive ivory turquoise sienna wheat,STANDARD BURNISHED BRASS,Brand#21,Supplier#000000013,CANADA,AMERICA,835.30,3473,437,Customer#000000437,AUTOMOBILE,7760.52
29381,4,18.00,21749.40,0.08,0.01,REG AIR,DELIVER IN PERSON,olive ivory turquoise sienna wheat,STANDARD BURNISHED BRASS,Brand#21,Supplier#000000013,CANADA,AMERICA,835.30,3473,438,Customer#000000438,MACHINERY,2131.13
29381,4,18.00,21749.40,0.08,0.01,REG AIR,DELIVER IN PERSON,olive ivory turquoise sienna wheat,STANDARD BURNISHED BRASS,Brand#21,Supplier#000000013,CANADA,AMERICA,835.30,3473,440,Customer#000000440,MACHINERY,1809.04
29381,4,18.00,21749.40,0.08,0.01,REG AIR,DELIVER IN PERSON,olive ivory turquoise sienna wheat,STANDARD BURNISHED BRASS,Brand#21,Supplier#000000013,CANADA,AMERICA,835.30,3473,448,Customer#000000448,BUILDING,8117.27
29381,4,18.00,21749.40,0.08,0.01,REG AIR,DELIVER IN PERSON,olive ivory turquoise sienna wheat,STANDARD BURNISHED BRASS,Brand#21,Supplier#000000013,CANADA,AMERICA,835.30,3473,449,Customer#000000449,MACHINERY,3001.94
29381,4,18.00,21749.40,0.08,0.01,REG AIR,DELIVER IN PERSON,olive ivory turquoise sienna wheat,STANDARD BURNISHED BRASS,Brand#21,Supplier#000000013,CANADA,AMERICA,835.30,3473,452,Customer#000000452,BUILDING,6633.70
29381,4,18.00,21749.40,0.08,0.01,REG AIR,DELIVER IN PERSON,olive ivory turquoise sienna wheat,STANDARD BURNISHED BRASS,Brand#21,Supplier#000000013,CANADA,AMERICA,835.30,3473,454,Customer#000000454,AUTOMOBILE,6134.40
29381,4,18.00,21749.40,0.08,0.01,REG AIR,DELIVER IN PERSON,olive ivory turquoise sienna wheat,STANDARD BURNISHED BRASS,Brand#21,Supplier#000000013,CANADA,AMERICA,835.30,3473,455,Customer#000000455,BUILDING,6860.34
29381,4,18.00,21749.40,0.08,0.01,REG AIR,DELIVER IN PERSON,olive ivory turquoise sienna wheat,STANDARD BURNISHED BRASS,Brand#21,Supplier#000000013,CANADA,AMERICA,835.30,3473,459,Customer#000000459,MACHINERY,1207.97
29381,4,18.00,21749.40,0.08,0.01,REG AIR,DELIVER IN PERSON,olive ivory turquoise sienna wheat,STANDARD BURNISHED BRASS,Brand#21,Supplier#000000013,CANADA,AMERICA,835.30,3473,461,Customer#000000461,AUTOMOBILE,9177.63
29381,4,18.00,21749.40,0.08,0.01,REG AIR,DELIVER IN PERSON,olive ivory turquoise sienna wheat,STANDARD BURNISHED BRASS,Brand#21,Supplier#000000013,CANADA,AMERICA,835.30,3473,464,Customer#000000464,AUTOMOBILE,8730.85
29381,4,18.00,21749.40,0.08,0.01,REG AIR,DELIVER IN PERSON,olive ivory turquoise sienna wheat,STANDARD BURNISHED BRASS,Brand#21,Supplier#000000013,CANADA,AMERICA,835.30,3473,466,Customer#000000466,MACHINERY,3168.41
29381,4,18.00,21749.40,0.08,0.01,REG AIR,DELIVER IN PERSON,olive ivory turquoise sienna wheat,STANDARD BURNISHED BRASS,Brand#21,Supplier#000000013,CANADA,AMERICA,835.30,3473,467,Customer#000000467,MACHINERY,9398.51
29381,4,18.00,21749.40,0.08,0.01,REG AIR,DELIVER IN PERSON,olive ivory turquoise sienna wheat,STANDARD BURNISHED BRASS,Brand#21,Supplier#000000013,CANADA,AMERICA,835.30,3473,469,Customer#000000469,BUILDING,6343.64
29381,4,18.00,21749.40,0.08,0.01,REG AIR,DELIVER IN PERSON,olive ivory turquoise sienna wheat,STANDARD BURNISHED BRASS,Brand#21,Supplier#000000013,CANADA,AMERICA,835.30,3473,472,Customer#000000472,MACHINERY,7929.90
29381,4,18.00,21749.40,0.08,0.01,REG AIR,DELIVER IN PERSON,olive ivory turquoise sienna wheat,STANDARD BURNISHED BRASS,Brand#21,Supplier#000000013,CANADA,AMERICA,835.30,3473,474,Customer#000000474,MACHINERY,9165.47
29381,4,18.00,21749.40,0.08,0.01,REG AIR,DELIVER IN PERSON,olive ivory turquoise sienna wheat,STANDARD BURNISHED BRASS,Brand#21,Supplier#000000013,CANADA,AMERICA,835.30,3473,475,Customer#000000475,BUILDING,9043.55
29381,4,18.00,21749.40,0.08,0.01,REG AIR,DELIVER IN PERSON,olive ivory turquoise sienna wheat,STANDARD BURNISHED BRASS,Brand#21,Supplier#000000013,CANADA,AMERICA,835.30,3473,476,Customer#000000476,BUILDING,5973.10
29381,4,18.00,21749.40,0.08,0.01,REG AIR,DELIVER IN PERSON,olive ivory turquoise sienna wheat,STANDARD BURNISHED BRASS,Brand#21,Supplier#000000013,CANADA,AMERICA,835.30,3473,477,Customer#000000477,AUTOMOBILE,1836.61
29381,4,18.00,21749.40,0.08,0.01,REG AIR,DELIVER IN PERSON,olive ivory turquoise sienna wheat,STANDARD BURNISHED BRASS,Brand#21,Supplier#000000013,CANADA,AMERICA,835.30,3473,479,Customer#000000479,AUTOMOBILE,3653.64
29381,4,18.00,21749.40,0.08,0.01,REG AIR,DELIVER IN PERSON,olive ivory turquoise sienna wheat,STANDARD BURNISHED BRASS,Brand#21,Supplier#000000013,CANADA,AMERICA,835.30,3473,483,Customer#000000483,MACHINERY,8877.20
29381,4,18.00,21749.40,0.08,0.01,REG AIR,DELIVER IN PERSON,olive ivory turquoise sienna wheat,STANDARD BURNISHED BRASS,Brand#21,Supplier#000000013,CANADA,AMERICA,835.30,3473,484,Customer#000000484,BUILDING,4245.00
29381,4,18.00,21749.40,0.08,0.01,REG AIR,DELIVER IN PERSON,olive ivory turquoise sienna wheat,STANDARD BURNISHED BRASS,Brand#21,Supplier#000000013,CANADA,AMERICA,835.30,3473,485,Customer#000000485,MACHINERY,8695.45
29381,4,18.00,21749.40,0.08,0.01,REG AIR,DELIVER IN PERSON,olive ivory turquoise sienna wheat,STANDARD BURNISHED BRASS,Brand#21,Supplier#000000013,CANADA,AMERICA,835.30,3473,486,Customer#000000486,AUTOMOBILE,7487.40
29381,4,18.00,21749.40,0.08,0.01,REG AIR,DELIVER IN PERSON,olive ivory turquoise sienna wheat,STANDARD BURNISHED BRASS,Brand#21,Supplier#000000013,CANADA,AMERICA,835.30,3473,487,Customer#000000487,AUTOMOBILE,9749.37
29381,4,18.00,21749.40,0.08,0.01,REG AIR,DELIVER IN PERSON,olive ivory turquoise sienna wheat,STANDARD BURNISHED BRASS,Brand#21,Supplier#000000013,CANADA,AMERICA,835.30,3473,489,Customer#000000489,AUTOMOBILE,8255.83
29381,4,18.00,21749.40,0.08,0.01,REG AIR,DELIVER IN PERSON,olive ivory turquoise sienna wheat,STANDARD BURNISHED BRASS,Brand#21,Supplier#000000013,CANADA,AMERICA,835.30,3473,491,Customer#000000491,AUTOMOBILE,785.37
29381,4,18.00,21749.40,0.08,0.01,REG AIR,DELIVER IN PERSON,olive ivory turquoise sienna wheat,STANDARD BURNISHED BRASS,Brand#21,Supplier#000000013,CANADA,AMERICA,835.30,3473,492,Customer#000000492,AUTOMOBILE,8635.18
29381,4,18.00,21749.40,0.08,0.01,REG AIR,DELIVER IN PERSON,olive ivory turquoise sienna wheat,STANDARD BURNISHED BRASS,Brand#21,Supplier#000000013,CANADA,AMERICA,835.30,3473,493,Customer#000000493,MACHINERY,6582.04
29381,4,18.00,21749.40,0.08,0.01,REG AIR,DELIVER IN PERSON,olive ivory turquoise sienna wheat,STANDARD BURNISHED BRASS,Brand#21,Supplier#000000013,CANADA,AMERICA,835.30,3473,495,Customer#000000495,BUILDING,7997.81
29381,4,18.00,21749.40,0.08,0.01,REG AIR,DELIVER IN PERSON,olive ivory turquoise sienna wheat,STANDARD BURNISHED BRASS,Brand#21,Supplier#000000013,CANADA,AMERICA,835.30,3473,496,Customer#000000496,MACHINERY,8174.82
29381,4,18.00,21749.40,0.08,0.01,REG AIR,DELIVER IN PERSON,olive ivory turquoise sienna wheat,STANDARD BURNISHED BRASS,Brand#21,Supplier#000000013,CANADA,AMERICA,835.30,3473,497,Customer#000000497,BUILDING,2191.59
29381,4,18.00,21749.40,0.08,0.01,REG AIR,DELIVER IN PERSON,olive ivory turquoise sienna wheat,STANDARD BURNISHED BRASS,Brand#21,Supplier#000000013,CANADA,AMERICA,835.30,3473,498,Customer#000000498,BUILDING,3945.64
29381,4,18.00,21749.40,0.08,0.01,REG AIR,DELIVER IN PERSON,olive ivory turquoise sienna wheat,STANDARD BURNISHED BRASS,Brand#21,Supplier#000000013,CANADA,AMERICA,835.30,3473,500,Customer#000000500,AUTOMOBILE,3300.82
29381,4,18.00,21749.40,0.08,0.01,REG AIR,DELIVER IN PERSON,olive ivory turquoise sienna wheat,STANDARD BURNISHED BRASS,Brand#21,Supplier#000000013,CANADA,AMERICA,835.30,3473,503,Customer#000000503,MACHINERY,3213.66
29381,4,18.00,21749.40,0.08,0.01,REG AIR,DELIVER IN PERSON,olive ivory turquoise sienna wheat,STANDARD BURNISHED BRASS,Brand#21,Supplier#000000013,CANADA,AMERICA,835.30,3473,507,Customer#000000507,MACHINERY,5727.00
29381,4,18.00,21749.40,0.08,0.01,REG AIR,DELIVER IN PERSON,olive ivory turquoise sienna wheat,STANDARD BURNISHED BRASS,Brand#21,Supplier#000000013,CANADA,AMERICA,835.30,3473,508,Customer#000000508,BUILDING,1685.90
29381,4,18.00,21749.40,0.08,0.01,REG AIR,DELIVER IN PERSON,olive ivory turquoise sienna wheat,STANDARD BURNISHED BRASS,Brand#21,Supplier#000000013,CANADA,AMERICA,835.30,3473,512,Customer#000000512,BUILDING,3937.58
29381,4,18.00,21749.40,0.08,0.01,REG AIR,DELIVER IN PERSON,olive ivory turquoise sienna wheat,STANDARD BURNISHED BRASS,Brand#21,Supplier#000000013,CANADA,AMERICA,835.30,3473,514,Customer#000000514,BUILDING,5840.97
29381,4,18.00,21749.40,0.08,0.01,REG AIR,DELIVER IN PERSON,olive ivory turquoise sienna wheat,STANDARD BURNISHED BRASS,Brand#21,Supplier#000000013,CANADA,AMERICA,835.30,3473,515,Customer#000000515,BUILDING,3225.07
29381,4,18.00,21749.40,0.08,0.01,REG AIR,DELIVER IN PERSON,olive ivory turquoise sienna wheat,STANDARD BURNISHED BRASS,Brand#21,Supplier#000000013,CANADA,AMERICA,835.30,3473,516,Customer#000000516,MACHINERY,4768.96
29381,4,18.00,21749.40,0.08,0.01,REG AIR,DELIVER IN PERSON,olive ivory turquoise sienna wheat,STANDARD BURNISHED BRASS,Brand#21,Supplier#000000013,CANADA,AMERICA,835.30,3473,518,Customer#000000518,BUILDING,9871.66
29381,4,18.00,21749.40,0.08,0.01,REG AIR,DELIVER IN PERSON,olive ivory turquoise sienna wheat,STANDARD BURNISHED BRASS,Brand#21,Supplier#000000013,CANADA,AMERICA,835.30,3473,519,Customer#000000519,BUILDING,9074.45
29381,4,18.00,21749.40,0.08,0.01,REG AIR,DELIVER IN PERSON,olive ivory turquoise sienna wheat,STANDARD BURNISHED BRASS,Brand#21,Supplier#000000013,CANADA,AMERICA,835.30,3473,521,Customer#000000521,MACHINERY,5830.69
29381,4,18.00,21749.40,0.08,0.01,REG AIR,DELIVER IN PERSON,olive ivory turquoise sienna wheat,STANDARD BURNISHED BRASS,Brand#21,Supplier#000000013,CANADA,AMERICA,835.30,3473,522,Customer#000000522,BUILDING,6358.46
29381,4,18.00,21749.40,0.08,0.01,REG AIR,DELIVER IN PERSON,olive ivory turquoise sienna wheat,STANDARD BURNISHED BRASS,Brand#21,Supplier#000000013,CANADA,AMERICA,835.30,3473,525,Customer#000000525,AUTOMOBILE,3931.68
29381,4,18.00,21749.40,0.08,0.01,REG AIR,DELIVER IN PERSON,olive ivory turquoise sienna wheat,STANDARD BURNISHED BRASS,Brand#21,Supplier#000000013,CANADA,AMERICA,835.30,3473,528,Customer#000000528,AUTOMOBILE,1802.50
29381,4,18.00,21749.40,0.08,0.01,REG AIR,DELIVER IN PERSON,olive ivory turquoise sienna wheat,STANDARD BURNISHED BRASS,Brand#21,Supplier#000000013,CANADA,AMERICA,835.30,3473,530,Customer#000000530,BUILDING,4990.92
29381,4,18.00,21749.40,0.08,0.01,REG AIR,DELIVER IN PERSON,olive ivory turquoise sienna wheat,STANDARD BURNISHED BRASS,Brand#21,Supplier#000000013,CANADA,AMERICA,835.30,3473,532,Customer#000000532,MACHINERY,1725.68
29381,4,18.00,21749.40,0.08,0.01,REG AIR,DELIVER IN PERSON,olive ivory turquoise sienna wheat,STANDARD BURNISHED BRASS,Brand#21,Supplier#000000013,CANADA,AMERICA,835.30,3473,534,Customer#000000534,AUTOMOBILE,6520.97
29381,4,18.00,21749.40,0.08,0.01,REG AIR,DELIVER IN PERSON,olive ivory turquoise sienna wheat,STANDARD BURNISHED BRASS,Brand#21,Supplier#000000013,CANADA,AMERICA,835.30,3473,535,Customer#000000535,BUILDING,2912.80
29381,4,18.00,21749.40,0.08,0.01,REG AIR,DELIVER IN PERSON,olive ivory turquoise sienna wheat,STANDARD BURNISHED BRASS,Brand#21,Supplier#000000013,CANADA,AMERICA,835.30,3473,536,Customer#000000536,MACHINERY,3342.75
29381,4,18.00,21749.40,0.08,0.01,REG AIR,DELIVER IN PERSON,olive ivory turquoise sienna wheat,STANDARD BURNISHED BRASS,Brand#21,Supplier#000000013,CANADA,AMERICA,835.30,3473,540,Customer#000000540,MACHINERY,9195.77
29381,4,18.00,21749.40,0.08,0.01,REG AIR,DELIVER IN PERSON,olive ivory turquoise sienna wheat,STANDARD BURNISHED BRASS,Brand#21,Supplier#000000013,CANADA,AMERICA,835.30,3473,542,Customer#000000542,BUILDING,3109.96
29381,4,18.00,21749.40,0.08,0.01,REG AIR,DELIVER IN PERSON,olive ivory turquoise sienna wheat,STANDARD BURNISHED BRASS,Brand#21,Supplier#000000013,CANADA,AMERICA,835.30,3473,543,Customer#000000543,AUTOMOBILE,6089.13
29381,4,18.00,21749.40,0.08,0.01,REG AIR,DELIVER IN PERSON,olive ivory turquoise sienna wheat,STANDARD BURNISHED BRASS,Brand#21,Supplier#000000013,CANADA,AMERICA,835.30,3473,544,Customer#000000544,AUTOMOBILE,4974.68
29381,4,18.00,21749.40,0.08,0.01,REG AIR,DELIVER IN PERSON,olive ivory turquoise sienna wheat,STANDARD BURNISHED BRASS,Brand#21,Supplier#000000013,CANADA,AMERICA,835.30,3473,545,Customer#000000545,AUTOMOBILE,7505.33
29381,4,18.00,21749.40,0.08,0.01,REG AIR,DELIVER IN PERSON,olive ivory turquoise sienna wheat,STANDARD BURNISHED BRASS,Brand#21,Supplier#000000013,CANADA,AMERICA,835.30,3473,546,Customer#000000546,MACHINERY,3116.50
29381,4,18.00,21749.40,0.08,0.01,REG AIR,DELIVER IN PERSON,olive ivory turquoise sienna wheat,STANDARD BURNISHED BRASS,Brand#21,Supplier#000000013,CANADA,AMERICA,835.30,3473,547,Customer#000000547,BUILDING,6058.08
29381,4,18.00,21749.40,0.08,0.01,REG AIR,DELIVER IN PERSON,olive ivory turquoise sienna wheat,STANDARD BURNISHED BRASS,Brand#21,Supplier#000000013,CANADA,AMERICA,835.30,3473,553,Customer#000000553,BUILDING,4804.57
29381,4,18.00,21749.40,0.08,0.01,REG AIR,DELIVER IN PERSON,olive ivory turquoise sienna wheat,STANDARD BURNISHED BRASS,Brand#21,Supplier#000000013,CANADA,AMERICA,835.30,3473,555,Customer#000000555,BUILDING,5486.52
29381,4,18.00,21749.40,0.08,0.01,REG AIR,DELIVER IN PERSON,olive ivory turquoise sienna wheat,STANDARD BURNISHED BRASS,Brand#21,Supplier#000000013,CANADA,AMERICA,835.30,3473,556,Customer#000000556,MACHINERY,7944.22
29381,4,18.00,21749.40,0.08,0.01,REG AIR,DELIVER IN PERSON,olive ivory turquoise sienna wheat,STANDARD BURNISHED BRASS,Brand#21,Supplier#000000013,CANADA,AMERICA,835.30,3473,557,Customer#000000557,BUILDING,9559.04
29381,4,18.00,21749.40,0.08,0.01,REG AIR,DELIVER IN PERSON,olive ivory turquoise sienna wheat,STANDARD BURNISHED BRASS,Brand#21,Supplier#000000013,CANADA,AMERICA,835.30,3473,560,Customer#000000560,BUILDING,1469.59
29381,4,18.00,21749.40,0.08,0.01,REG AIR,DELIVER IN PERSON,olive ivory turquoise sienna wheat,STANDARD BURNISHED BRASS,Brand#21,Supplier#000000013,CANADA,AMERICA,835.30,3473,562,Customer#000000562,BUILDING,9234.50
29381,4,18.00,21749.40,0.08,0.01,REG AIR,DELIVER IN PERSON,olive ivory turquoise sienna wheat,STANDARD BURNISHED BRASS,Brand#21,Supplier#000000013,CANADA,AMERICA,835.30,3473,564,Customer#000000564,MACHINERY,6307.59
29381,4,18.00,21749.40,0.08,0.01,REG AIR,DELIVER IN PERSON,olive ivory turquoise sienna wheat,STANDARD BURNISHED BRASS,Brand#21,Supplier#000000013,CANADA,AMERICA,835.30,3473,567,Customer#000000567,BUILDING,8475.17
29381,4,18.00,21749.40,0.08,0.01,REG AIR,DELIVER IN PERSON,olive ivory turquoise sienna wheat,STANDARD BURNISHED BRASS,Brand#21,Supplier#000000013,CANADA,AMERICA,835.30,3473,568,Customer#000000568,BUILDING,1317.56
29381,4,18.00,21749.40,0.08,0.01,REG AIR,DELIVER IN PERSON,olive ivory turquoise sienna wheat,STANDARD BURNISHED BRASS,Brand#21,Supplier#000000013,CANADA,AMERICA,835.30,3473,570,Customer#000000570,AUTOMOBILE,8480.87
29381,4,18.00,21749.40,0.08,0.01,REG AIR,DELIVER IN PERSON,olive ivory turquoise sienna wheat,STANDARD BURNISHED BRASS,Brand#21,Supplier#000000013,CANADA,AMERICA,835.30,3473,572,Customer#000000572,AUTOMOBILE,7252.65
29381,4,18.00,21749.40,0.08,0.01,REG AIR,DELIVER IN PERSON,olive ivory turquoise sienna wheat,STANDARD BURNISHED BRASS,Brand#21,Supplier#000000013,CANADA,AMERICA,835.30,3473,575,Customer#000000575,BUILDING,3652.29
29381,4,18.00,21749.40,0.08,0.01,REG AIR,DELIVER IN PERSON,olive ivory turquoise sienna wheat,STANDARD BURNISHED BRASS,Brand#21,Supplier#000000013,CANADA,AMERICA,835.30,3473,579,Customer#000000579,MACHINERY,1924.96
29381,4,18.00,21749.40,0.08,0.01,REG AIR,DELIVER IN PERSON,olive ivory turquoise sienna wheat,STANDARD BURNISHED BRASS,Brand#21,Supplier#000000013,CANADA,AMERICA,835.30,3473,581,Customer#000000581,MACHINERY,3242.10
29381,4,18.00,21749.40,0.08,0.01,REG AIR,DELIVER IN PERSON,olive ivory turquoise sienna wheat,STANDARD BURNISHED BRASS,Brand#21,Supplier#000000013,CANADA,AMERICA,835.30,3473,584,Customer#000000584,MACHINERY,8825.71
29381,4,18.00,21749.40,0.08,0.01,REG AIR,DELIVER IN PERSON,olive ivory turquoise sienna wheat,STANDARD BURNISHED BRASS,Brand#21,Supplier#000000013,CANADA,AMERICA,835.30,3473,585,Customer#000000585,MACHINERY,7820.26
29381,4,18.00,21749.40,0.08,0.01,REG AIR,DELIVER IN PERSON,olive ivory turquoise sienna wheat,STANDARD BURNISHED BRASS,Brand#21,Supplier#000000013,CANADA,AMERICA,835.30,3473,586,Customer#000000586,AUTOMOBILE,5134.35
29381,4,18.00,21749.40,0.08,0.01,REG AIR,DELIVER IN PERSON,olive ivory turquoise sienna wheat,STANDARD BURNISHED BRASS,Brand#21,Supplier#000000013,CANADA,AMERICA,835.30,3473,590,Customer#000000590,MACHINERY,3993.54
29381,4,18.00,21749.40,0.08,0.01,REG AIR,DELIVER IN PERSON,olive ivory turquoise sienna wheat,STANDARD BURNISHED BRASS,Brand#21,Supplier#000000013,CANADA,AMERICA,835.30,3473,591,Customer#000000591,MACHINERY,6344.66
29381,4,18.00,21749.40,0.08,0.01,REG AIR,DELIVER IN PERSON,olive ivory turquoise sienna wheat,STANDARD BURNISHED BRASS,Brand#21,Supplier#000000013,CANADA,AMERICA,835.30,3473,592,Customer#000000592,BUILDING,9712.75
29381,4,18.00,21749.40,0.08,0.01,REG AIR,DELIVER IN PERSON,olive ivory turquoise sienna wheat,STANDARD BURNISHED BRASS,Brand#21,Supplier#000000013,CANADA,AMERICA,835.30,3473,596,Customer#000000596,MACHINERY,1722.88
29381,4,18.00,21749.40,0.08,0.01,REG AIR,DELIVER IN PERSON,olive ivory turquoise sienna wheat,STANDARD BURNISHED BRASS,Brand#21,Supplier#000000013,CANADA,AMERICA,835.30,3473,597,Customer#000000597,AUTOMOBILE,2443.52
29381,4,18.00,21749.40,0.08,0.01,REG AIR,DELIVER IN PERSON,olive ivory turquoise sienna wheat,STANDARD BURNISHED BRASS,Brand#21,Supplier#000000013,CANADA,AMERICA,835.30,3473,601,Customer#000000601,BUILDING,9768.21
29381,4,18.00,21749.40,0.08,0.01,REG AIR,DELIVER IN PERSON,olive ivory turquoise sienna wheat,STANDARD BURNISHED BRASS,Brand#21,Supplier#000000013,CANADA,AMERICA,835.30,3473,602,Customer#000000602,BUILDING,8404.90
29381,4,18.00,21749.40,0.08,0.01,REG AIR,DELIVER IN PERSON,olive ivory turquoise sienna wheat,STANDARD BURNISHED BRASS,Brand#21,Supplier#000000013,CANADA,AMERICA,835.30,3473,606,Customer#000000606,AUTOMOBILE,9676.98
29381,4,18.00,21749.40,0.08,0.01,REG AIR,DELIVER IN PERSON,olive ivory turquoise sienna wheat,STANDARD BURNISHED BRASS,Brand#21,Supplier#000000013,CANADA,AMERICA,835.30,3473,608,Customer#000000608,BUILDING,2256.36
29381,4,18.00,21749.40,0.08,0.01,REG AIR,DELIVER IN PERSON,olive ivory turquoise sienna wheat,STANDARD BURNISHED BRASS,Brand#21,Supplier#000000013,CANADA,AMERICA,835.30,3473,610,Customer#000000610,BUILDING,3374.92
29381,4,18.00,21749.40,0.08,0.01,REG AIR,DELIVER IN PERSON,olive ivory turquoise sienna wheat,STANDARD BURNISHED BRASS,Brand#21,Supplier#000000013,CANADA,AMERICA,835.30,3473,613,Customer#000000613,AUTOMOBILE,6679.75
29381,4,18.00,21749.40,0.08,0.01,REG AIR,DELIVER IN PERSON,olive ivory turquoise sienna wheat,STANDARD BURNISHED BRASS,Brand#21,Supplier#000000013,CANADA,AMERICA,835.30,3473,620,Customer#000000620,AUTOMOBILE,5795.15
29381,4,18.00,21749.40,0.08,0.01,REG AIR,DELIVER IN PERSON,olive ivory turquoise sienna wheat,STANDARD BURNISHED BRASS,Brand#21,Supplier#000000013,CANADA,AMERICA,835.30,3473,623,Customer#000000623,BUILDING,7887.60
29381,4,18.00,21749.40,0.08,0.01,REG AIR,DELIVER IN PERSON,olive ivory turquoise sienna wheat,STANDARD BURNISHED BRASS,Brand#21,Supplier#000000013,CANADA,AMERICA,835.30,3473,624,Customer#000000624,MACHINERY,3907.11
29381,4,18.00,21749.40,0.08,0.01,REG AIR,DELIVER IN PERSON,olive ivory turquoise sienna wheat,STANDARD BURNISHED BRASS,Brand#21,Supplier#000000013,CANADA,AMERICA,835.30,3473,631,Customer#000000631,MACHINERY,2603.00
29381,4,18.00,21749.40,0.08,0.01,REG AIR,DELIVER IN PERSON,olive ivory turquoise sienna wheat,STANDARD BURNISHED BRASS,Brand#21,Supplier#000000013,CANADA,AMERICA,835.30,3473,635,Customer#000000635,AUTOMOBILE,8216.79
29381,4,18.00,21749.40,0.08,0.01,REG AIR,DELIVER IN PERSON,olive ivory turquoise sienna wheat,STANDARD BURNISHED BRASS,Brand#21,Supplier#000000013,CANADA,AMERICA,835.30,3473,639,Customer#000000639,MACHINERY,4899.15
29381,4,18.00,21749.40,0.08,0.01,REG AIR,DELIVER IN PERSON,olive ivory turquoise sienna wheat,STANDARD BURNISHED BRASS,Brand#21,Supplier#000000013,CANADA,AMERICA,835.30,3473,642,Customer#000000642,AUTOMOBILE,5684.01
29381,4,18.00,21749.40,0.08,0.01,REG AIR,DELIVER IN PERSON,olive ivory turquoise sienna wheat,STANDARD BURNISHED BRASS,Brand#21,Supplier#000000013,CANADA,AMERICA,835.30,3473,645,Customer#000000645,BUILDING,1146.49
29381,4,18.00,21749.40,0.08,0.01,REG AIR,DELIVER IN PERSON,olive ivory turquoise sienna wheat,STANDARD BURNISHED BRASS,Brand#21,Supplier#000000013,CANADA,AMERICA,835.30,3473,649,Customer#000000649,BUILDING,9442.55
29381,4,18.00,21749.40,0.08,0.01,REG AIR,DELIVER IN PERSON,olive ivory turquoise sienna wheat,STANDARD BURNISHED BRASS,Brand#21,Supplier#000000013,CANADA,AMERICA,835.30,3473,650,Customer#000000650,AUTOMOBILE,2086.91
29381,4,18.00,21749.40,0.08,0.01,REG AIR,DELIVER IN PERSON,olive ivory turquoise sienna wheat,STANDARD BURNISHED BRASS,Brand#21,Supplier#000000013,CANADA,AMERICA,835.30,3473,653,Customer#000000653,BUILDING,7307.55
29381,4,18.00,21749.40,0.08,0.01,REG AIR,DELIVER IN PERSON,olive ivory turquoise sienna wheat,STANDARD BURNISHED BRASS,Brand#21,Supplier#000000013,CANADA,AMERICA,835.30,3473,654,Customer#000000654,AUTOMOBILE,1067.04
29381,4,18.00,21749.40,0.08,0.01,REG AIR,DELIVER IN PERSON,olive ivory turquoise sienna wheat,STANDARD BURNISHED BRASS,Brand#21,Supplier#000000013,CANADA,AMERICA,835.30,3473,662,Customer#000000662,BUILDING,4517.33
29381,4,18.00,21749.40,0.08,0.01,REG AIR,DELIVER IN PERSON,olive ivory turquoise sienna wheat,STANDARD BURNISHED BRASS,Brand#21,Supplier#000000013,CANADA,AMERICA,835.30,3473,663,Customer#000000663,AUTOMOBILE,9698.21
29381,4,18.00,21749.40,0.08,0.01,REG AIR,DELIVER IN PERSON,olive ivory turquoise sienna wheat,STANDARD BURNISHED BRASS,Brand#21,Supplier#000000013,CANADA,AMERICA,835.30,3473,664,Customer#000000664,BUILDING,8878.22
29381,4,18.00,21749.40,0.08,0.01,REG AIR,DELIVER IN PERSON,olive ivory turquoise sienna wheat,STANDARD BURNISHED BRASS,Brand#21,Supplier#000000013,CANADA,AMERICA,835.30,3473,666,Customer#000000666,AUTOMOBILE,4538.54
29381,4,18.00,21749.40,0.08,0.01,REG AIR,DELIVER IN PERSON,olive ivory turquoise sienna wheat,STANDARD BURNISHED BRASS,Brand#21,Supplier#000000013,CANADA,AMERICA,835.30,3473,669,Customer#000000669,MACHINERY,6019.20
29381,4,18.00,21749.40,0.08,0.01,REG AIR,DELIVER IN PERSON,olive ivory turquoise sienna wheat,STANDARD BURNISHED BRASS,Brand#21,Supplier#000000013,CANADA,AMERICA,835.30,3473,670,Customer#000000670,BUILDING,6738.93
29381,4,18.00,21749.40,0.08,0.01,REG AIR,DELIVER IN PERSON,olive ivory turquoise sienna wheat,STANDARD BURNISHED BRASS,Brand#21,Supplier#000000013,CANADA,AMERICA,835.30,3473,672,Customer#000000672,BUILDING,7778.95
29381,4,18.00,21749.40,0.08,0.01,REG AIR,DELIVER IN PERSON,olive ivory turquoise sienna wheat,STANDARD BURNISHED BRASS,Brand#21,Supplier#000000013,CANADA,AMERICA,835.30,3473,673,Customer#000000673,MACHINERY,3942.58
29381,4,18.00,21749.40,0.08,0.01,REG AIR,DELIVER IN PERSON,olive ivory turquoise sienna wheat,STANDARD BURNISHED BRASS,Brand#21,Supplier#000000013,CANADA,AMERICA,835.30,3473,674,Customer#000000674,BUILDING,7889.64
29381,4,18.00,21749.40,0.08,0.01,REG AIR,DELIVER IN PERSON,olive ivory turquoise sienna wheat,STANDARD BURNISHED BRASS,Brand#21,Supplier#000000013,CANADA,AMERICA,835.30,3473,677,Customer#000000677,AUTOMOBILE,5582.63
29381,4,18.00,21749.40,0.08,0.01,REG AIR,DELIVER IN PERSON,olive ivory turquoise sienna wheat,STANDARD BURNISHED BRASS,Brand#21,Supplier#000000013,CANADA,AMERICA,835.30,3473,679,Customer#000000679,AUTOMOBILE,1394.44
29381,4,18.00,21749.40,0.08,0.01,REG AIR,DELIVER IN PERSON,olive ivory turquoise sienna wheat,STANDARD BURNISHED BRASS,Brand#21,Supplier#000000013,CANADA,AMERICA,835.30,3473,680,Customer#000000680,AUTOMOBILE,4366.23
29381,4,18.00,21749.40,0.08,0.01,REG AIR,DELIVER IN PERSON,olive ivory turquoise sienna wheat,STANDARD BURNISHED BRASS,Brand#21,Supplier#000000013,CANADA,AMERICA,835.30,3473,682,Customer#000000682,AUTOMOBILE,7420.60
29381,4,18.00,21749.40,0.08,0.01,REG AIR,DELIVER IN PERSON,olive ivory turquoise sienna wheat,STANDARD BURNISHED BRASS,Brand#21,Supplier#000000013,CANADA,AMERICA,835.30,3473,683,Customer#000000683,MACHINERY,9120.93
29381,4,18.00,21749.40,0.08,0.01,REG AIR,DELIVER IN PERSON,olive ivory turquoise sienna wheat,STANDARD BURNISHED BRASS,Brand#21,Supplier#000000013,CANADA,AMERICA,835.30,3473,685,Customer#000000685,MACHINERY,2039.84
29381,4,18.00,21749.40,0.08,0.01,REG AIR,DELIVER IN PERSON,olive ivory turquoise sienna wheat,STANDARD BURNISHED BRASS,Brand#21,Supplier#000000013,CANADA,AMERICA,835.30,3473,689,Customer#000000689,MACHINERY,1481.24
29381,4,18.00,21749.40,0.08,0.01,REG AIR,DELIVER IN PERSON,olive ivory turquoise sienna wheat,STANDARD BURNISHED BRASS,Brand#21,Supplier#000000013,CANADA,AMERICA,835.30,3473,691,Customer#000000691,MACHINERY,9566.15
29381,4,18.00,21749.40,0.08,0.01,REG AIR,DELIVER IN PERSON,olive ivory turquoise sienna wheat,STANDARD BURNISHED BRASS,Brand#21,Supplier#000000013,CANADA,AMERICA,835.30,3473,693,Customer#000000693,AUTOMOBILE,6577.21
29381,4,18.00,21749.40,0.08,0.01,REG AIR,DELIVER IN PERSON,olive ivory turquoise sienna wheat,STANDARD BURNISHED BRASS,Brand#21,Supplier#000000013,CANADA,AMERICA,835.30,3473,694,Customer#000000694,BUILDING,2222.65
29381,4,18.00,21749.40,0.08,0.01,REG AIR,DELIVER IN PERSON,olive ivory turquoise sienna wheat,STANDARD BURNISHED BRASS,Brand#21,Supplier#000000013,CANADA,AMERICA,835.30,3473,697,Customer#000000697,AUTOMOBILE,8121.84
29381,4,18.00,21749.40,0.08,0.01,REG AIR,DELIVER IN PERSON,olive ivory turquoise sienna wheat,STANDARD BURNISHED BRASS,Brand#21,Supplier#000000013,CANADA,AMERICA,835.30,3473,698,Customer#000000698,BUILDING,2894.22
29381,4,18.00,21749.40,0.08,0.01,REG AIR,DELIVER IN PERSON,olive ivory turquoise sienna wheat,STANDARD BURNISHED BRASS,Brand#21,Supplier#000000013,CANADA,AMERICA,835.30,3473,700,Customer#000000700,MACHINERY,4367.53
29381,4,18.00,21749.40,0.08,0.01,REG AIR,DELIVER IN PERSON,olive ivory turquoise sienna wheat,STANDARD BURNISHED BRASS,Brand#21,Supplier#000000013,CANADA,AMERICA,835.30,3473,703,Customer#000000703,AUTOMOBILE,3998.42
29381,4,18.00,21749.40,0.08,0.01,REG AIR,DELIVER IN PERSON,olive ivory turquoise sienna wheat,STANDARD BURNISHED BRASS,Brand#21,Supplier#000000013,CANADA,AMERICA,835.30,3473,705,Customer#000000705,BUILDING,3199.00
29381,4,18.00,21749.40,0.08,0.01,REG AIR,DELIVER IN PERSON,olive ivory turquoise sienna wheat,STANDARD BURNISHED BRASS,Brand#21,Supplier#000000013,CANADA,AMERICA,835.30,3473,706,Customer#000000706,AUTOMOBILE,6496.08
29381,4,18.00,21749.40,0.08,0.01,REG AIR,DELIVER IN PERSON,olive ivory turquoise sienna wheat,STANDARD BURNISHED BRASS,Brand#21,Supplier#000000013,CANADA,AMERICA,835.30,3473,708,Customer#000000708,BUILDING,2297.33
29381,4,18.00,21749.40,0.08,0.01,REG AIR,DELIVER IN PERSON,olive ivory turquoise sienna wheat,STANDARD BURNISHED BRASS,Brand#21,Supplier#000000013,CANADA,AMERICA,835.30,3473,711,Customer#000000711,MACHINERY,9591.51
29381,4,18.00,21749.40,0.08,0.01,REG AIR,DELIVER IN PERSON,olive ivory turquoise sienna wheat,STANDARD BURNISHED BRASS,Brand#21,Supplier#000000013,CANADA,AMERICA,835.30,3473,712,Customer#000000712,BUILDING,8667.09
29381,4,18.00,21749.40,0.08,0.01,REG AIR,DELIVER IN PERSON,olive ivory turquoise sienna wheat,STANDARD BURNISHED BRASS,Brand#21,Supplier#000000013,CANADA,AMERICA,835.30,3473,713,Customer#000000713,MACHINERY,3829.03
29381,4,18.00,21749.40,0.08,0.01,REG AIR,DELIVER IN PERSON,olive ivory turquoise sienna wheat,STANDARD BURNISHED BRASS,Brand#21,Supplier#000000013,CANADA,AMERICA,835.30,3473,714,Customer#000000714,BUILDING,2438.10
29381,4,18.00,21749.40,0.08,0.01,REG AIR,DELIVER IN PERSON,olive ivory turquoise sienna wheat,STANDARD BURNISHED BRASS,Brand#21,Supplier#000000013,CANADA,AMERICA,835.30,3473,716,Customer#000000716,AUTOMOBILE,8364.99
29381,4,18.00,21749.40,0.08,0.01,REG AIR,DELIVER IN PERSON,olive ivory turquoise sienna wheat,STANDARD BURNISHED BRASS,Brand#21,Supplier#000000013,CANADA,AMERICA,835.30,3473,717,Customer#000000717,MACHINERY,8510.94
29381,4,18.00,21749.40,0.08,0.01,REG AIR,DELIVER IN PERSON,olive ivory turquoise sienna wheat,STANDARD BURNISHED BRASS,Brand#21,Supplier#000000013,CANADA,AMERICA,835.30,3473,721,Customer#000000721,AUTOMOBILE,3420.64
29381,4,18.00,21749.40,0.08,0.01,REG AIR,DELIVER IN PERSON,olive ivory turquoise sienna wheat,STANDARD BURNISHED BRASS,Brand#21,Supplier#000000013,CANADA,AMERICA,835.30,3473,722,Customer#000000722,BUILDING,2724.80
29381,4,18.00,21749.40,0.08,0.01,REG AIR,DELIVER IN PERSON,olive ivory turquoise sienna wheat,STANDARD BURNISHED BRASS,Brand#21,Supplier#000000013,CANADA,AMERICA,835.30,3473,723,Customer#000000723,BUILDING,738.57
29381,4,18.00,21749.40,0.08,0.01,REG AIR,DELIVER IN PERSON,olive ivory turquoise sienna wheat,STANDARD BURNISHED BRASS,Brand#21,Supplier#000000013,CANADA,AMERICA,835.30,3473,724,Customer#000000724,AUTOMOBILE,3035.29
29381,4,18.00,21749.40,0.08,0.01,REG AIR,DELIVER IN PERSON,olive ivory turquoise sienna wheat,STANDARD BURNISHED BRASS,Brand#21,Supplier#000000013,CANADA,AMERICA,835.30,3473,726,Customer#000000726,BUILDING,6253.81
29381,4,18.00,21749.40,0.08,0.01,REG AIR,DELIVER IN PERSON,olive ivory turquoise sienna wheat,STANDARD BURNISHED BRASS,Brand#21,Supplier#000000013,CANADA,AMERICA,835.30,3473,728,Customer#000000728,BUILDING,4349.73
29381,4,18.00,21749.40,0.08,0.01,REG AIR,DELIVER IN PERSON,olive ivory turquoise sienna wheat,STANDARD BURNISHED BRASS,Brand#21,Supplier#000000013,CANADA,AMERICA,835.30,3473,729,Customer#000000729,MACHINERY,8947.26
29381,4,18.00,21749.40,0.08,0.01,REG AIR,DELIVER IN PERSON,olive ivory turquoise sienna wheat,STANDARD BURNISHED BRASS,Brand#21,Supplier#000000013,CANADA,AMERICA,835.30,3473,730,Customer#000000730,AUTOMOBILE,4718.23
29381,4,18.00,21749.40,0.08,0.01,REG AIR,DELIVER IN PERSON,olive ivory turquoise sienna wheat,STANDARD BURNISHED BRASS,Brand#21,Supplier#000000013,CANADA,AMERICA,835.30,3473,731,Customer#000000731,MACHINERY,9311.17
29381,4,18.00,21749.40,0.08,0.01,REG AIR,DELIVER IN PERSON,olive ivory turquoise sienna wheat,STANDARD BURNISHED BRASS,Brand#21,Supplier#000000013,CANADA,AMERICA,835.30,3473,732,Customer#000000732,BUILDING,4830.51
29381,4,18.00,21749.40,0.08,0.01,REG AIR,DELIVER IN PERSON,olive ivory turquoise sienna wheat,STANDARD BURNISHED BRASS,Brand#21,Supplier#000000013,CANADA,AMERICA,835.30,3473,734,Customer#000000734,AUTOMOBILE,9750.71
29381,4,18.00,21749.40,0.08,0.01,REG AIR,DELIVER IN PERSON,olive ivory turquoise sienna wheat,STANDARD BURNISHED BRASS,Brand#21,Supplier#000000013,CANADA,AMERICA,835.30,3473,736,Customer#000000736,MACHINERY,9114.68
29381,4,18.00,21749.40,0.08,0.01,REG AIR,DELIVER IN PERSON,olive ivory turquoise sienna wheat,STANDARD BURNISHED BRASS,Brand#21,Supplier#000000013,CANADA,AMERICA,835.30,3473,737,Customer#000000737,AUTOMOBILE,2501.74
29381,4,18.00,21749.40,0.08,0.01,REG AIR,DELIVER IN PERSON,olive ivory turquoise sienna wheat,STANDARD BURNISHED BRASS,Brand#21,Supplier#000000013,CANADA,AMERICA,835.30,3473,738,Customer#000000738,MACHINERY,2734.95
29381,4,18.00,21749.40,0.08,0.01,REG AIR,DELIVER IN PERSON,olive ivory turquoise sienna wheat,STANDARD BURNISHED BRASS,Brand#21,Supplier#000000013,CANADA,AMERICA,835.30,3473,740,Customer#000000740,BUILDING,1733.76
29381,4,18.00,21749.40,0.08,0.01,REG AIR,DELIVER IN PERSON,olive ivory turquoise sienna wheat,STANDARD BURNISHED BRASS,Brand#21,Supplier#000000013,CANADA,AMERICA,835.30,3473,746,Customer#000000746,MACHINERY,1164.46
29381,4,18.00,21749.40,0.08,0.01,REG AIR,DELIVER IN PERSON,olive ivory turquoise sienna wheat,STANDARD BURNISHED BRASS,Brand#21,Supplier#000000013,CANADA,AMERICA,835.30,3473,748,Customer#000000748,AUTOMOBILE,6959.09
29381,4,18.00,21749.40,0.08,0.01,REG AIR,DELIVER IN PERSON,olive ivory turquoise sienna wheat,STANDARD BURNISHED BRASS,Brand#21,Supplier#000000013,CANADA,AMERICA,835.30,3473,749,Customer#000000749,MACHINERY,7491.42
