p_partkey,p_name,p_type,p_brand,l_orderkey,l_linenumber,l_suppkey,l_quantity,l_extendedprice,l_discount,l_shipmode,l_shipinstruct,o_orderdate,o_orderpriority,o_totalprice,c_custkey,c_name,c_address,c_nationkey,c_phone,c_acctbal,c_mktsegment,c_comment
572,navy plum lime goldenrod saddle,LARGE BURNISHED COPPER,Brand#43,52549,2,33,18.00,26506.26,0.06,AIR,DELIVER IN PERSON,1996-11-26,1-URGENT,236030.80,1,Customer#000000001,j5JsirBM9PsCy0O1m,15,25-989-741-2988,711.56,BUILDING,y final requests wake slyly quickly special accounts. blithely
572,navy plum lime goldenrod saddle,LARGE BURNISHED COPPER,Brand#43,52549,2,33,18.00,26506.26,0.06,AIR,DELIVER IN PERSON,1996-11-26,1-URGENT,236030.80,3,Customer#000000003,fkRGN8nY4pkE,1,11-719-748-3364,7498.12,AUTOMOBILE,fully. carefully silent instructions sleep alongside of the slyly regular asymptotes. quickly regular 
572,navy plum lime goldenrod saddle,LARGE BURNISHED COPPER,Brand#43,52549,2,33,18.00,26506.26,0.06,AIR,DELIVER IN PERSON,1996-11-26,1-URGENT,236030.80,4,Customer#000000004,4u58h fqkyE,4,14-128-190-5944,2866.83,MACHINERY, sublate. fluffily even instructions are about th
572,navy plum lime goldenrod saddle,LARGE BURNISHED COPPER,Brand#43,52549,2,33,18.00,26506.26,0.06,AIR,DELIVER IN PERSON,1996-11-26,1-URGENT,236030.80,5,Customer#000000005,hwBtxkoBF qSW4KrIk5U 2B1AU7H,3,13-750-942-6364,794.47,HOUSEHOLD,equests haggle furiously against the pending packa
572,navy plum lime goldenrod saddle,LARGE BURNISHED COPPER,Brand#43,52549,2,33,18.00,26506.26,0.06,AIR,DELIVER IN PERSON,1996-11-26,1-URGENT,236030.80,6,Customer#000000006," g1s,pzDenUEBW3O,2 pxu0f9n2g64rJrt5E",20,30-114-968-4951,7638.57,AUTOMOBILE, quickly silent asymptotes are slyly regular excuses. instructions wake furiously? quickly bold courts p
572,navy plum lime goldenrod saddle,LARGE BURNISHED COPPER,Brand#43,52549,2,33,18.00,26506.26,0.06,AIR,DELIVER IN PERSON,1996-11-26,1-URGENT,236030.80,7,Customer#000000007,8OkMVLQ1dK6Mbu6WG9 w4pLGQ n7MQ,18,28-190-982-9759,9561.95,AUTOMOBILE,"ounts. ironic, regular accounts sleep. final requests haggle quickly after the"
572,navy plum lime goldenrod saddle,LARGE BURNISHED COPPER,Brand#43,52549,2,33,18.00,26506.26,0.06,AIR,DELIVER IN PERSON,1996-11-26,1-URGENT,236030.80,8,Customer#000000008,"j,pZ,Qp,qtFEo0r0c 92qobZtlhSuOqbE4JGV",17,27-147-574-9335,6819.74,BUILDING,riously final excuses sublate quickly among the fluffily even foxes. quickly final packages haggle furiously furi
572,navy plum lime goldenrod saddle,LARGE BURNISHED COPPER,Brand#43,52549,2,33,18.00,26506.26,0.06,AIR,DELIVER IN PERSON,1996-11-26,1-URGENT,236030.80,9,Customer#000000009,vgIql8H6zoyuLMFNdAMLyE7 H9,8,18-338-906-3675,8324.07,FURNITURE,ss pinto beans believe slyly quiet deposits-- doggedly bold packages boost. quickly ironic de
572,navy plum lime goldenrod saddle,LARGE BURNISHED COPPER,Brand#43,52549,2,33,18.00,26506.26,0.06,AIR,DELIVER IN PERSON,1996-11-26,1-URGENT,236030.80,11,Customer#000000011,cG48rYjF3Aw7xs hKUXXqmI,23,33-464-151-3439,-272.60,BUILDING,ng to the regular foxes. furiously final deposits across the final platelets cajole quickly above th
572,navy plum lime goldenrod saddle,LARGE BURNISHED COPPER,Brand#43,52549,2,33,18.00,26506.26,0.06,AIR,DELIVER IN PERSON,1996-11-26,1-URGENT,236030.80,13,Customer#000000013,Ez3ax0D5HnUbeUVSxoX8a8B,3,13-761-547-5974,3857.34,BUILDING,quickly brave foxes. blithely even packages against the pinto beans boost furiously against the re
572,navy plum lime goldenrod saddle,LARGE BURNISHED COPPER,Brand#43,52549,2,33,18.00,26506.26,0.06,AIR,DELIVER IN PERSON,1996-11-26,1-URGENT,236030.80,14,Customer#000000014,h3GFMzeFfYiamqr,1,11-845-129-3851,5266.30,FURNITURE,"r, express foxes cajole slyly aga"
572,navy plum lime goldenrod saddle,LARGE BURNISHED COPPER,Brand#43,52549,2,33,18.00,26506.26,0.06,AIR,DELIVER IN PERSON,1996-11-26,1-URGENT,236030.80,17,Customer#000000017,Js JrVHNAyCYMANzPGzvonS8kX8s3 yeLi3u9T,2,12-970-682-3487,6.34,AUTOMOBILE, fluffily final packages. slyly f
572,navy plum lime goldenrod saddle,LARGE BURNISHED COPPER,Brand#43,52549,2,33,18.00,26506.26,0.06,AIR,DELIVER IN PERSON,1996-11-26,1-URGENT,236030.80,18,Customer#000000018,YyukcsqIxlyuXs702Rd2Rl9D1z,6,16-155-215-1315,5494.43,BUILDING,ickly even packages about the unusual dependencies cajole furious
572,navy plum lime goldenrod saddle,LARGE BURNISHED COPPER,Brand#43,52549,2,33,18.00,26506.26,0.06,AIR,DELIVER IN PERSON,1996-11-26,1-URGENT,236030.80,20,Customer#000000020,i bGScABFHXdM,22,32-957-234-8742,7603.40,FURNITURE,"uickly regular instructions hang silent dugouts! regular, regular fox"
572,navy plum lime goldenrod saddle,LARGE BURNISHED COPPER,Brand#43,52549,2,33,18.00,26506.26,0.06,AIR,DELIVER IN PERSON,1996-11-26,1-URGENT,236030.80,21,Customer#000000021,42E5BARtqjomD,8,18-902-614-8344,1428.25,MACHINERY,e blithely carefully quick sheaves. furiously regular 
572,navy plum lime goldenrod saddle,LARGE BURNISHED COPPER,Brand#43,52549,2,33,18.00,26506.26,0.06,AIR,DELIVER IN PERSON,1996-11-26,1-URGENT,236030.80,22,Customer#000000022,"biUBW,0ldzWGT91Doo5b77G6N3Bp",3,13-806-545-9701,591.98,MACHINERY,s. theodolites nag blithely final packages. finall
572,navy plum lime goldenrod saddle,LARGE BURNISHED COPPER,Brand#43,52549,2,33,18.00,26506.26,0.06,AIR,DELIVER IN PERSON,1996-11-26,1-URGENT,236030.80,24,Customer#000000024,k3qlKjqtHuzNAvIFyZX2Yc1crXuMfMU6SbAl,13,23-127-851-8031,9255.67,MACHINERY,s. final hockey players snooze carefully furious
572,navy plum lime goldenrod saddle,LARGE BURNISHED COPPER,Brand#43,52549,2,33,18.00,26506.26,0.06,AIR,DELIVER IN PERSON,1996-11-26,1-URGENT,236030.80,26,Customer#000000026,TFH OW1MeFU6OIb,22,32-363-455-4837,5182.05,AUTOMOBILE,"gainst the express theodolites. deposits sleep furiously. regular, spe"
572,navy plum lime goldenrod saddle,LARGE BURNISHED COPPER,Brand#43,52549,2,33,18.00,26506.26,0.06,AIR,DELIVER IN PERSON,1996-11-26,1-URGENT,236030.80,27,Customer#000000027,"j8SkiuuBp gBe7,yT",3,13-137-193-2709,5679.84,BUILDING,permanently. slyly ironic dependencies integrat
572,navy plum lime goldenrod saddle,LARGE BURNISHED COPPER,Brand#43,52549,2,33,18.00,26506.26,0.06,AIR,DELIVER IN PERSON,1996-11-26,1-URGENT,236030.80,28,Customer#000000028,"J5tK,OQa07KQSuY5b4qRFYVYRF",8,18-774-241-1462,1007.18,FURNITURE,r accounts are quickly. boldly bold foxes haggle
572,navy plum lime goldenrod saddle,LARGE BURNISHED COPPER,Brand#43,52549,2,33,18.00,26506.26,0.06,AIR,DELIVER IN PERSON,1996-11-26,1-URGENT,236030.80,29,Customer#000000029, hVQNzLtqGpgUXNMY0wlZVstaf52mXXxJ,0,10-773-203-7342,7618.27,FURNITURE, nod furiously after the final accounts. courts nag qu
572,navy plum lime goldenrod saddle,LARGE BURNISHED COPPER,Brand#43,52549,2,33,18.00,26506.26,0.06,AIR,DELIVER IN PERSON,1996-11-26,1-URGENT,236030.80,30,Customer#000000030,EhnzmgkqQw7UXhF0PVdg gLfSAihaaHaD2fZah2,1,11-764-165-5076,9321.01,BUILDING,ep quickly slyly express accounts-- carefully eve
572,navy plum lime goldenrod saddle,LARGE BURNISHED COPPER,Brand#43,52549,2,33,18.00,26506.26,0.06,AIR,DELIVER IN PERSON,1996-11-26,1-URGENT,236030.80,32,Customer#000000032,"InYu1tIr6EjN0nozdpf3hHRA,8FBYIbU1OcYh",15,25-430-914-2194,3471.53,BUILDING,lly carefully unusual accounts. final attainment
572,navy plum lime goldenrod saddle,LARGE BURNISHED COPPER,Brand#43,52549,2,33,18.00,26506.26,0.06,AIR,DELIVER IN PERSON,1996-11-26,1-URGENT,236030.80,35,Customer#000000035,8mH4knWDpsifY,17,27-566-888-7431,1228.24,HOUSEHOLD,cies with the carefully regular sauternes engage caref
572,navy plum lime goldenrod saddle,LARGE BURNISHED COPPER,Brand#43,52549,2,33,18.00,26506.26,0.06,AIR,DELIVER IN PERSON,1996-11-26,1-URGENT,236030.80,36,Customer#000000036,"Y7wosIxbsBi,0nNiSG4V7",21,31-704-669-5769,4987.27,BUILDING,ys among the accounts affix blithely asymptotes. carefully even deposits are fluff
572,navy plum lime goldenrod saddle,LARGE BURNISHED COPPER,Brand#43,52549,2,33,18.00,26506.26,0.06,AIR,DELIVER IN PERSON,1996-11-26,1-URGENT,236030.80,37,Customer#000000037,Um5WbwJ0X8QCOy75y,8,18-385-235-7162,-917.75,FURNITURE,above the slyly regular accounts sleep along the carefull
572,navy plum lime goldenrod saddle,LARGE BURNISHED COPPER,Brand#43,52549,2,33,18.00,26506.26,0.06,AIR,DELIVER IN PERSON,1996-11-26,1-URGENT,236030.80,39,Customer#000000039,"EDP9K1bwtXYNLGCA2mrlOM1U,",2,12-387-467-6509,6264.31,AUTOMOBILE,eposits play across the furiousl
572,navy plum lime goldenrod saddle,LARGE BURNISHED COPPER,Brand#43,52549,2,33,18.00,26506.26,0.06,AIR,DELIVER IN PERSON,1996-11-26,1-URGENT,236030.80,40,Customer#000000040,"LcDk4rtJ85,CLw",3,13-652-915-8939,1335.30,BUILDING,y. brave accounts wake slyly ironic epitaphs; express packages h
572,navy plum lime goldenrod saddle,LARGE BURNISHED COPPER,Brand#43,52549,2,33,18.00,26506.26,0.06,AIR,DELIVER IN PERSON,1996-11-26,1-URGENT,236030.80,42,Customer#000000042,tI8 wutpGM,5,15-416-330-4175,8727.01,BUILDING,lphins. blithely bold requests about the special patterns detect quickly regular foxes. furiously express in
572,navy plum lime goldenrod saddle,LARGE BURNISHED COPPER,Brand#43,52549,2,33,18.00,26506.26,0.06,AIR,DELIVER IN PERSON,1996-11-26,1-URGENT,236030.80,43,Customer#000000043,Dx8PHkGSFJWLg3XtkzCX28iHRrQXbCRlN,19,29-316-665-2897,9904.28,MACHINERY,ronic pinto beans. packages sleep. furiously ruthless packages print blithely fluffily even platelets.
572,navy plum lime goldenrod saddle,LARGE BURNISHED COPPER,Brand#43,52549,2,33,18.00,26506.26,0.06,AIR,DELIVER IN PERSON,1996-11-26,1-URGENT,236030.80,44,Customer#000000044,"dI0Nc9bvnxXHCWu10bSVn,NEJ2kwdyqvI",16,26-190-260-5375,7315.94,AUTOMOBILE,"fily regular asymptotes. ironic, pend"
572,navy plum lime goldenrod saddle,LARGE BURNISHED COPPER,Brand#43,52549,2,33,18.00,26506.26,0.06,AIR,DELIVER IN PERSON,1996-11-26,1-URGENT,236030.80,45,Customer#000000045,XwXcOClKCcFek0oQDl0WFNo,9,19-715-298-9917,9983.38,AUTOMOBILE,l excuses are busy accounts. blithely
572,navy plum lime goldenrod saddle,LARGE BURNISHED COPPER,Brand#43,52549,2,33,18.00,26506.26,0.06,AIR,DELIVER IN PERSON,1996-11-26,1-URGENT,236030.80,46,Customer#000000046,"NQ7345EZ,fS",6,16-357-681-2007,5744.59,AUTOMOBILE,"equests integrate fluffily after the carefully special accounts. fluffily regular deposits eat slyly ironic, "
572,navy plum lime goldenrod saddle,LARGE BURNISHED COPPER,Brand#43,52549,2,33,18.00,26506.26,0.06,AIR,DELIVER IN PERSON,1996-11-26,1-URGENT,236030.80,48,Customer#000000048,076rIcJpxBmwMEdq,0,10-508-348-5882,3792.50,BUILDING, carefully. furiously bold accounts sleep slyly above the even accounts. ironic acc
572,navy plum lime goldenrod saddle,LARGE BURNISHED COPPER,Brand#43,52549,2,33,18.00,26506.26,0.06,AIR,DELIVER IN PERSON,1996-11-26,1-URGENT,236030.80,49,Customer#000000049,PdKqM4TlA OLTjaeRmvH7QWDu80USfslgqutF,10,20-908-631-4424,4573.94,FURNITURE,quests haggle! furiously unusual theodolites cajole carefully. t
572,navy plum lime goldenrod saddle,LARGE BURNISHED COPPER,Brand#43,52549,2,33,18.00,26506.26,0.06,AIR,DELIVER IN PERSON,1996-11-26,1-URGENT,236030.80,50,Customer#000000050,S8sn2GGsuputhZaN7irC,6,16-658-112-3221,4266.13,MACHINERY, ideas cajole. carefully even warthogs affix ironically quickly re
572,navy plum lime goldenrod saddle,LARGE BURNISHED COPPER,Brand#43,52549,2,33,18.00,26506.26,0.06,AIR,DELIVER IN PERSON,1996-11-26,1-URGENT,236030.80,54,Customer#000000054,1GWwLsVwmol4lt0KCz7m1,4,14-776-370-4745,868.90,AUTOMOBILE,are slyly. instructions sublate slyly. fluffily even packages among the slyly regular accounts hang along
572,navy plum lime goldenrod saddle,LARGE BURNISHED COPPER,Brand#43,52549,2,33,18.00,26506.26,0.06,AIR,DELIVER IN PERSON,1996-11-26,1-URGENT,236030.80,55,Customer#000000055,ti9p9XgdmFsjsQI6XQrISDUMFAusnmKS SBoCE,10,20-180-440-8525,4572.11,MACHINERY,dolites. bold instructions wake fluffily regular ideas. regular theodolites are furiously carefully unusual ac
572,navy plum lime goldenrod saddle,LARGE BURNISHED COPPER,Brand#43,52549,2,33,18.00,26506.26,0.06,AIR,DELIVER IN PERSON,1996-11-26,1-URGENT,236030.80,57,Customer#000000057,ST32P xcb94b46,21,31-835-306-1650,4151.93,AUTOMOBILE,thely pending deposits. packages cajole blithely slyly express requests. fl
572,navy plum lime goldenrod saddle,LARGE BURNISHED COPPER,Brand#43,52549,2,33,18.00,26506.26,0.06,AIR,DELIVER IN PERSON,1996-11-26,1-URGENT,236030.80,59,Customer#000000059,tfcob0wJRYdypIJLzBckGW,1,11-355-584-3112,3458.60,MACHINERY,s asymptotes wake. slyly ironic deposits haggle furiously; slyly regula
572,navy plum lime goldenrod saddle,LARGE BURNISHED COPPER,Brand#43,52549,2,33,18.00,26506.26,0.06,AIR,DELIVER IN PERSON,1996-11-26,1-URGENT,236030.80,60,Customer#000000060,"mtCNJIveoJ 1E6sUhs,j",12,22-480-575-5866,2741.87,MACHINERY,ts. accounts cajole carefully. carefully final requests across the even accounts affix slyly 
572,navy plum lime goldenrod saddle,LARGE BURNISHED COPPER,Brand#43,52549,2,33,18.00,26506.26,0.06,AIR,DELIVER IN PERSON,1996-11-26,1-URGENT,236030.80,61,Customer#000000061,SGDNwNWmqhvJKXwNlrpL4 TqAdz7XRDrKyAIQ2m,17,27-626-559-8599,1536.24,FURNITURE, slyly. quickly unusual deposits haggle furiousl
572,navy plum lime goldenrod saddle,LARGE BURNISHED COPPER,Brand#43,52549,2,33,18.00,26506.26,0.06,AIR,DELIVER IN PERSON,1996-11-26,1-URGENT,236030.80,62,Customer#000000062,yBhgYoDvZX1,7,17-361-978-7059,595.61,MACHINERY,e carefully final requests. fluffily regular deposits haggle among the ironic warhors
572,navy plum lime goldenrod saddle,LARGE BURNISHED COPPER,Brand#43,52549,2,33,18.00,26506.26,0.06,AIR,DELIVER IN PERSON,1996-11-26,1-URGENT,236030.80,63,Customer#000000063,j398B6441 Rgii,21,31-952-552-9584,9331.13,AUTOMOBILE,ar pinto beans nag furiously furiously regular ideas. d
572,navy plum lime goldenrod saddle,LARGE BURNISHED COPPER,Brand#43,52549,2,33,18.00,26506.26,0.06,AIR,DELIVER IN PERSON,1996-11-26,1-URGENT,236030.80,64,Customer#000000064,"fPoMk3Y,GQhgXCQGhn0c8",3,13-558-731-7204,-646.64,BUILDING,hely unusual deposits sleep furiously express requests. c
572,navy plum lime goldenrod saddle,LARGE BURNISHED COPPER,Brand#43,52549,2,33,18.00,26506.26,0.06,AIR,DELIVER IN PERSON,1996-11-26,1-URGENT,236030.80,65,Customer#000000065,"ak7rtta,tWG,jR,cTSXflW6RVQ3alna3P4Q,zF03",23,33-733-623-5267,8795.16,AUTOMOBILE,"ironic courts sleep slyly above the ironic, bold accounts. blithely"
572,navy plum lime goldenrod saddle,LARGE BURNISHED COPPER,Brand#43,52549,2,33,18.00,26506.26,0.06,AIR,DELIVER IN PERSON,1996-11-26,1-URGENT,236030.80,67,Customer#000000067,"ALk,OdKy V5SruigGvBRMBo8S",9,19-403-114-4356,8166.59,MACHINERY, special sentiments. pending depen
572,navy plum lime goldenrod saddle,LARGE BURNISHED COPPER,Brand#43,52549,2,33,18.00,26506.26,0.06,AIR,DELIVER IN PERSON,1996-11-26,1-URGENT,236030.80,69,Customer#000000069,"gyuZTEcR4vKyNPMSa15ueKbRS6Tu4RUxw8j,B mv",9,19-225-978-5670,1709.28,HOUSEHOLD, sauternes against the silent foxes are slyly quickly special deposits. slyly final foxes integrate furiously. care
572,navy plum lime goldenrod saddle,LARGE BURNISHED COPPER,Brand#43,52549,2,33,18.00,26506.26,0.06,AIR,DELIVER IN PERSON,1996-11-26,1-URGENT,236030.80,71,Customer#000000071,8FkQFLN34pFe50URKft43ntisSegsO3SKF0wUyZp,7,17-710-812-5403,-611.19,HOUSEHOLD,e slyly about the slyly bold theodolites. furiously regular deposits a
572,navy plum lime goldenrod saddle,LARGE BURNISHED COPPER,Brand#43,52549,2,33,18.00,26506.26,0.06,AIR,DELIVER IN PERSON,1996-11-26,1-URGENT,236030.80,73,Customer#000000073,TiJiuAMxW6LUyyVFCKW,0,10-473-439-3214,4288.50,BUILDING, carefully pending packages to the pearls affix quick
572,navy plum lime goldenrod saddle,LARGE BURNISHED COPPER,Brand#43,52549,2,33,18.00,26506.26,0.06,AIR,DELIVER IN PERSON,1996-11-26,1-URGENT,236030.80,74,Customer#000000074,jGhjorX17JmTAfT6gO 6sD9fF1GtFLs,4,14-199-862-7209,2764.43,MACHINERY,ithely special excuses. regular deposits cajole furiously finally
572,navy plum lime goldenrod saddle,LARGE BURNISHED COPPER,Brand#43,52549,2,33,18.00,26506.26,0.06,AIR,DELIVER IN PERSON,1996-11-26,1-URGENT,236030.80,75,Customer#000000075,oJrUH20Ovu5fgaLagGIkAswUBF,18,28-247-803-9025,6684.10,AUTOMOBILE,"ronic foxes after the brave hockey players haggle after the slyly ironic courts. even, regular"
572,navy plum lime goldenrod saddle,LARGE BURNISHED COPPER,Brand#43,52549,2,33,18.00,26506.26,0.06,AIR,DELIVER IN PERSON,1996-11-26,1-URGENT,236030.80,77,Customer#000000077,XyqmVhNelkoWPtjz3lRYxu,17,27-269-357-4674,1738.87,BUILDING, slyly. furiously final accounts sleep slyly among the ironic packages. quickly pending deposits inte
572,navy plum lime goldenrod saddle,LARGE BURNISHED COPPER,Brand#43,52549,2,33,18.00,26506.26,0.06,AIR,DELIVER IN PERSON,1996-11-26,1-URGENT,236030.80,78,Customer#000000078,"kpcyQ11dABLX6YO9f,GPALyGbws3",9,19-960-700-9191,7136.97,FURNITURE,uriously above the slyly final de
572,navy plum lime goldenrod saddle,LARGE BURNISHED COPPER,Brand#43,52549,2,33,18.00,26506.26,0.06,AIR,DELIVER IN PERSON,1996-11-26,1-URGENT,236030.80,79,Customer#000000079,EVJjYMyG59w4SINzn0pEfY,15,25-147-850-4166,5121.28,MACHINERY,iously even pinto beans hinder final deposits. carefully final accounts along the final theodolites integrate caref
572,navy plum lime goldenrod saddle,LARGE BURNISHED COPPER,Brand#43,52549,2,33,18.00,26506.26,0.06,AIR,DELIVER IN PERSON,1996-11-26,1-URGENT,236030.80,81,Customer#000000081,9jUFbrThIIeoUNd8 9,20,30-165-277-3269,2023.71,BUILDING,s against the ironic packages haggle carefully above the slyly express pinto beans
572,navy plum lime goldenrod saddle,LARGE BURNISHED COPPER,Brand#43,52549,2,33,18.00,26506.26,0.06,AIR,DELIVER IN PERSON,1996-11-26,1-URGENT,236030.80,82,Customer#000000082,tJkXm2PQBWPRRYkIXPg0YdM03E,18,28-159-442-5305,9468.34,AUTOMOBILE,old requests. slyly bold courts sleep carefully packag
572,navy plum lime goldenrod saddle,LARGE BURNISHED COPPER,Brand#43,52549,2,33,18.00,26506.26,0.06,AIR,DELIVER IN PERSON,1996-11-26,1-URGENT,236030.80,83,Customer#000000083,"kDJ7dqVuBD9lY,hqjW2O UBz5EGoX9oL",22,32-817-154-4122,6463.51,BUILDING,into beans alongside of the furiously silent theodolites haggle carefully slyly final sauternes. requests cajol
572,navy plum lime goldenrod saddle,LARGE BURNISHED COPPER,Brand#43,52549,2,33,18.00,26506.26,0.06,AIR,DELIVER IN PERSON,1996-11-26,1-URGENT,236030.80,84,Customer#000000084,GB3sUmv RRXV DPzeOSbGxMIF9Z4Eq9 rop,11,21-546-818-3802,5174.71,FURNITURE,ounts. blithely express theodolites nag carefully ironic pinto beans. carefully final 
572,navy plum lime goldenrod saddle,LARGE BURNISHED COPPER,Brand#43,52549,2,33,18.00,26506.26,0.06,AIR,DELIVER IN PERSON,1996-11-26,1-URGENT,236030.80,85,Customer#000000085, I9M GnvICGJ29rTlKGzDMstOgH,5,15-745-585-8219,3386.64,FURNITURE,nts. blithely unusual pinto beans along
572,navy plum lime goldenrod saddle,LARGE BURNISHED COPPER,Brand#43,52549,2,33,18.00,26506.26,0.06,AIR,DELIVER IN PERSON,1996-11-26,1-URGENT,236030.80,88,Customer#000000088,wyGHpeRMt mxmd8fEelFiXMTHnVg3OL,16,26-516-273-2566,8031.44,AUTOMOBILE,ts. unusual foxes use excuses; final courts doubt special packages. furiously regular platelets abo
572,navy plum lime goldenrod saddle,LARGE BURNISHED COPPER,Brand#43,52549,2,33,18.00,26506.26,0.06,AIR,DELIVER IN PERSON,1996-11-26,1-URGENT,236030.80,90,Customer#000000090,buosjU5uu274vLfU,16,26-603-491-1238,7354.23,BUILDING,lyly bold pinto beans use alon
572,navy plum lime goldenrod saddle,LARGE BURNISHED COPPER,Brand#43,52549,2,33,18.00,26506.26,0.06,AIR,DELIVER IN PERSON,1996-11-26,1-URGENT,236030.80,92,Customer#000000092,DPbrb7fGYfkrfAdm0gRJPPdADgqGh5 FVuA9 20,2,12-446-416-8471,1182.91,MACHINERY,sy theodolites. furiously ironic packages a
572,navy plum lime goldenrod saddle,LARGE BURNISHED COPPER,Brand#43,52549,2,33,18.00,26506.26,0.06,AIR,DELIVER IN PERSON,1996-11-26,1-URGENT,236030.80,93,Customer#000000093,nj3p ZakNJ,7,17-359-388-5266,2182.52,MACHINERY,gular decoys after the slyly ruthless deposit
572,navy plum lime goldenrod saddle,LARGE BURNISHED COPPER,Brand#43,52549,2,33,18.00,26506.26,0.06,AIR,DELIVER IN PERSON,1996-11-26,1-URGENT,236030.80,95,Customer#000000095,"n6,uwF4wcE76DVh1YsSVoatkTbohR3BT",15,25-923-255-2929,5327.38,MACHINERY,ly regular dinos. ironic requests haggle. slyly final accounts haggle slyly across the carefully exp
572,navy plum lime goldenrod saddle,LARGE BURNISHED COPPER,Brand#43,52549,2,33,18.00,26506.26,0.06,AIR,DELIVER IN PERSON,1996-11-26,1-URGENT,236030.80,96,Customer#000000096,x4fc F3J99,8,18-422-845-1202,6323.92,AUTOMOBILE,lyly brave platelets are furiously above the fluffily sly theodolites. quickly ev
572,navy plum lime goldenrod saddle,LARGE BURNISHED COPPER,Brand#43,52549,2,33,18.00,26506.26,0.06,AIR,DELIVER IN PERSON,1996-11-26,1-URGENT,236030.80,97,Customer#000000097,"dqBtMIPJhk1,ivXIr NZf",17,27-588-919-5638,2164.48,AUTOMOBILE,cial instructions. dependencies boost furiously; quickly final requests w
572,navy plum lime goldenrod saddle,LARGE BURNISHED COPPER,Brand#43,52549,2,33,18.00,26506.26,0.06,AIR,DELIVER IN PERSON,1996-11-26,1-URGENT,236030.80,98,Customer#000000098,UtIJM4d8BxnqvPzwn4,12,22-885-845-6889,-551.37,BUILDING,ges. quickly regular theodolites wake. blithely unusual packages wake fluffil
572,navy plum lime goldenrod saddle,LARGE BURNISHED COPPER,Brand#43,52549,2,33,18.00,26506.26,0.06,AIR,DELIVER IN PERSON,1996-11-26,1-URGENT,236030.80,100,Customer#000000100,MBy6qq3OEGpV4u,20,30-749-445-4907,9889.89,FURNITURE,"dazzle carefully furiously final foxes. express, ironic packages among the qui"
722,forest chartreuse plum royal papaya,ECONOMY BURNISHED NICKEL,Brand#43,2951,4,55,21.00,34077.12,0.06,REG AIR,DELIVER IN PERSON,1996-02-06,2-HIGH,183228.93,1,Customer#000000001,j5JsirBM9PsCy0O1m,15,25-989-741-2988,711.56,BUILDING,y final requests wake slyly quickly special accounts. blithely
722,forest chartreuse plum royal papaya,ECONOMY BURNISHED NICKEL,Brand#43,2951,4,55,21.00,34077.12,0.06,REG AIR,DELIVER IN PERSON,1996-02-06,2-HIGH,183228.93,3,Customer#000000003,fkRGN8nY4pkE,1,11-719-748-3364,7498.12,AUTOMOBILE,fully. carefully silent instructions sleep alongside of the slyly regular asymptotes. quickly regular 
722,forest chartreuse plum royal papaya,ECONOMY BURNISHED NICKEL,Brand#43,2951,4,55,21.00,34077.12,0.06,REG AIR,DELIVER IN PERSON,1996-02-06,2-HIGH,183228.93,4,Customer#000000004,4u58h fqkyE,4,14-128-190-5944,2866.83,MACHINERY, sublate. fluffily even instructions are about th
722,forest chartreuse plum royal papaya,ECONOMY BURNISHED NICKEL,Brand#43,2951,4,55,21.00,34077.12,0.06,REG AIR,DELIVER IN PERSON,1996-02-06,2-HIGH,183228.93,5,Customer#000000005,hwBtxkoBF qSW4KrIk5U 2B1AU7H,3,13-750-942-6364,794.47,HOUSEHOLD,equests haggle furiously against the pending packa
722,forest chartreuse plum royal papaya,ECONOMY BURNISHED NICKEL,Brand#43,2951,4,55,21.00,34077.12,0.06,REG AIR,DELIVER IN PERSON,1996-02-06,2-HIGH,183228.93,6,Customer#000000006," g1s,pzDenUEBW3O,2 pxu0f9n2g64rJrt5E",20,30-114-968-4951,7638.57,AUTOMOBILE, quickly silent asymptotes are slyly regular excuses. instructions wake furiously? quickly bold courts p
722,forest chartreuse plum royal papaya,ECONOMY BURNISHED NICKEL,Brand#43,2951,4,55,21.00,34077.12,0.06,REG AIR,DELIVER IN PERSON,1996-02-06,2-HIGH,183228.93,7,Customer#000000007,8OkMVLQ1dK6Mbu6WG9 w4pLGQ n7MQ,18,28-190-982-9759,9561.95,AUTOMOBILE,"ounts. ironic, regular accounts sleep. final requests haggle quickly after the"
722,forest chartreuse plum royal papaya,ECONOMY BURNISHED NICKEL,Brand#43,2951,4,55,21.00,34077.12,0.06,REG AIR,DELIVER IN PERSON,1996-02-06,2-HIGH,183228.93,8,Customer#000000008,"j,pZ,Qp,qtFEo0r0c 92qobZtlhSuOqbE4JGV",17,27-147-574-9335,6819.74,BUILDING,riously final excuses sublate quickly among the fluffily even foxes. quickly final packages haggle furiously furi
722,forest chartreuse plum royal papaya,ECONOMY BURNISHED NICKEL,Brand#43,2951,4,55,21.00,34077.12,0.06,REG AIR,DELIVER IN PERSON,1996-02-06,2-HIGH,183228.93,9,Customer#000000009,vgIql8H6zoyuLMFNdAMLyE7 H9,8,18-338-906-3675,8324.07,FURNITURE,ss pinto beans believe slyly quiet deposits-- doggedly bold packages boost. quickly ironic de
722,forest chartreuse plum royal papaya,ECONOMY BURNISHED NICKEL,Brand#43,2951,4,55,21.00,34077.12,0.06,REG AIR,DELIVER IN PERSON,1996-02-06,2-HIGH,183228.93,11,Customer#000000011,cG48rYjF3Aw7xs hKUXXqmI,23,33-464-151-3439,-272.60,BUILDING,ng to the regular foxes. furiously final deposits across the final platelets cajole quickly above th
722,forest chartreuse plum royal papaya,ECONOMY BURNISHED NICKEL,Brand#43,2951,4,55,21.00,34077.12,0.06,REG AIR,DELIVER IN PERSON,1996-02-06,2-HIGH,183228.93,13,Customer#000000013,Ez3ax0D5HnUbeUVSxoX8a8B,3,13-761-547-5974,3857.34,BUILDING,quickly brave foxes. blithely even packages against the pinto beans boost furiously against the re
722,forest chartreuse plum royal papaya,ECONOMY BURNISHED NICKEL,Brand#43,2951,4,55,21.00,34077.12,0.06,REG AIR,DELIVER IN PERSON,1996-02-06,2-HIGH,183228.93,14,Customer#000000014,h3GFMzeFfYiamqr,1,11-845-129-3851,5266.30,FURNITURE,"r, express foxes cajole slyly aga"
722,forest chartreuse plum royal papaya,ECONOMY BURNISHED NICKEL,Brand#43,2951,4,55,21.00,34077.12,0.06,REG AIR,DELIVER IN PERSON,1996-02-06,2-HIGH,183228.93,17,Customer#000000017,Js JrVHNAyCYMANzPGzvonS8kX8s3 yeLi3u9T,2,12-970-682-3487,6.34,AUTOMOBILE, fluffily final packages. slyly f
722,forest chartreuse plum royal papaya,ECONOMY BURNISHED NICKEL,Brand#43,2951,4,55,21.00,34077.12,0.06,REG AIR,DELIVER IN PERSON,1996-02-06,2-HIGH,183228.93,18,Customer#000000018,YyukcsqIxlyuXs702Rd2Rl9D1z,6,16-155-215-1315,5494.43,BUILDING,ickly even packages about the unusual dependencies cajole furious
722,forest chartreuse plum royal papaya,ECONOMY BURNISHED NICKEL,Brand#43,2951,4,55,21.00,34077.12,0.06,REG AIR,DELIVER IN PERSON,1996-02-06,2-HIGH,183228.93,20,Customer#000000020,i bGScABFHXdM,22,32-957-234-8742,7603.40,FURNITURE,"uickly regular instructions hang silent dugouts! regular, regular fox"
722,forest chartreuse plum royal papaya,ECONOMY BURNISHED NICKEL,Brand#43,2951,4,55,21.00,34077.12,0.06,REG AIR,DELIVER IN PERSON,1996-02-06,2-HIGH,183228.93,21,Customer#000000021,42E5BARtqjomD,8,18-902-614-8344,1428.25,MACHINERY,e blithely carefully quick sheaves. furiously regular 
722,forest chartreuse plum royal papaya,ECONOMY BURNISHED NICKEL,Brand#43,2951,4,55,21.00,34077.12,0.06,REG AIR,DELIVER IN PERSON,1996-02-06,2-HIGH,183228.93,22,Customer#000000022,"biUBW,0ldzWGT91Doo5b77G6N3Bp",3,13-806-545-9701,591.98,MACHINERY,s. theodolites nag blithely final packages. finall
722,forest chartreuse plum royal papaya,ECONOMY BURNISHED NICKEL,Brand#43,2951,4,55,21.00,34077.12,0.06,REG AIR,DELIVER IN PERSON,1996-02-06,2-HIGH,183228.93,24,Customer#000000024,k3qlKjqtHuzNAvIFyZX2Yc1crXuMfMU6SbAl,13,23-127-851-8031,9255.67,MACHINERY,s. final hockey players snooze carefully furious
722,forest chartreuse plum royal papaya,ECONOMY BURNISHED NICKEL,Brand#43,2951,4,55,21.00,34077.12,0.06,REG AIR,DELIVER IN PERSON,1996-02-06,2-HIGH,183228.93,26,Customer#000000026,TFH OW1MeFU6OIb,22,32-363-455-4837,5182.05,AUTOMOBILE,"gainst the express theodolites. deposits sleep furiously. regular, spe"
722,forest chartreuse plum royal papaya,ECONOMY BURNISHED NICKEL,Brand#43,2951,4,55,21.00,34077.12,0.06,REG AIR,DELIVER IN PERSON,1996-02-06,2-HIGH,183228.93,27,Customer#000000027,"j8SkiuuBp gBe7,yT",3,13-137-193-2709,5679.84,BUILDING,permanently. slyly ironic dependencies integrat
722,forest chartreuse plum royal papaya,ECONOMY BURNISHED NICKEL,Brand#43,2951,4,55,21.00,34077.12,0.06,REG AIR,DELIVER IN PERSON,1996-02-06,2-HIGH,183228.93,28,Customer#000000028,"J5tK,OQa07KQSuY5b4qRFYVYRF",8,18-774-241-1462,1007.18,FURNITURE,r accounts are quickly. boldly bold foxes haggle
722,forest chartreuse plum royal papaya,ECONOMY BURNISHED NICKEL,Brand#43,2951,4,55,21.00,34077.12,0.06,REG AIR,DELIVER IN PERSON,1996-02-06,2-HIGH,183228.93,29,Customer#000000029, hVQNzLtqGpgUXNMY0wlZVstaf52mXXxJ,0,10-773-203-7342,7618.27,FURNITURE, nod furiously after the final accounts. courts nag qu
722,forest chartreuse plum royal papaya,ECONOMY BURNISHED NICKEL,Brand#43,2951,4,55,21.00,34077.12,0.06,REG AIR,DELIVER IN PERSON,1996-02-06,2-HIGH,183228.93,30,Customer#000000030,EhnzmgkqQw7UXhF0PVdg gLfSAihaaHaD2fZah2,1,11-764-165-5076,9321.01,BUILDING,ep quickly slyly express accounts-- carefully eve
722,forest chartreuse plum royal papaya,ECONOMY BURNISHED NICKEL,Brand#43,2951,4,55,21.00,34077.12,0.06,REG AIR,DELIVER IN PERSON,1996-02-06,2-HIGH,183228.93,32,Customer#000000032,"InYu1tIr6EjN0nozdpf3hHRA,8FBYIbU1OcYh",15,25-430-914-2194,3471.53,BUILDING,lly carefully unusual accounts. final attainment
722,forest chartreuse plum royal papaya,ECONOMY BURNISHED NICKEL,Brand#43,2951,4,55,21.00,34077.12,0.06,REG AIR,DELIVER IN PERSON,1996-02-06,2-HIGH,183228.93,35,Customer#000000035,8mH4knWDpsifY,17,27-566-888-7431,1228.24,HOUSEHOLD,cies with the carefully regular sauternes engage caref
722,forest chartreuse plum royal papaya,ECONOMY BURNISHED NICKEL,Brand#43,2951,4,55,21.00,34077.12,0.06,REG AIR,DELIVER IN PERSON,1996-02-06,2-HIGH,183228.93,36,Customer#000000036,"Y7wosIxbsBi,0nNiSG4V7",21,31-704-669-5769,4987.27,BUILDING,ys among the accounts affix blithely asymptotes. carefully even deposits are fluff
722,forest chartreuse plum royal papaya,ECONOMY BURNISHED NICKEL,Brand#43,2951,4,55,21.00,34077.12,0.06,REG AIR,DELIVER IN PERSON,1996-02-06,2-HIGH,183228.93,37,Customer#000000037,Um5WbwJ0X8QCOy75y,8,18-385-235-7162,-917.75,FURNITURE,above the slyly regular accounts sleep along the carefull
722,forest chartreuse plum royal papaya,ECONOMY BURNISHED NICKEL,Brand#43,2951,4,55,21.00,34077.12,0.06,REG AIR,DELIVER IN PERSON,1996-02-06,2-HIGH,183228.93,39,Customer#000000039,"EDP9K1bwtXYNLGCA2mrlOM1U,",2,12-387-467-6509,6264.31,AUTOMOBILE,eposits play across the furiousl
722,forest chartreuse plum royal papaya,ECONOMY BURNISHED NICKEL,Brand#43,2951,4,55,21.00,34077.12,0.06,REG AIR,DELIVER IN PERSON,1996-02-06,2-HIGH,183228.93,40,Customer#000000040,"LcDk4rtJ85,CLw",3,13-652-915-8939,1335.30,BUILDING,y. brave accounts wake slyly ironic epitaphs; express packages h
722,forest chartreuse plum royal papaya,ECONOMY BURNISHED NICKEL,Brand#43,2951,4,55,21.00,34077.12,0.06,REG AIR,DELIVER IN PERSON,1996-02-06,2-HIGH,183228.93,42,Customer#000000042,tI8 wutpGM,5,15-416-330-4175,8727.01,BUILDING,lphins. blithely bold requests about the special patterns detect quickly regular foxes. furiously express in
722,forest chartreuse plum royal papaya,ECONOMY BURNISHED NICKEL,Brand#43,2951,4,55,21.00,34077.12,0.06,REG AIR,DELIVER IN PERSON,1996-02-06,2-HIGH,183228.93,43,Customer#000000043,Dx8PHkGSFJWLg3XtkzCX28iHRrQXbCRlN,19,29-316-665-2897,9904.28,MACHINERY,ronic pinto beans. packages sleep. furiously ruthless packages print blithely fluffily even platelets.
722,forest chartreuse plum royal papaya,ECONOMY BURNISHED NICKEL,Brand#43,2951,4,55,21.00,34077.12,0.06,REG AIR,DELIVER IN PERSON,1996-02-06,2-HIGH,183228.93,44,Customer#000000044,"dI0Nc9bvnxXHCWu10bSVn,NEJ2kwdyqvI",16,26-190-260-5375,7315.94,AUTOMOBILE,"fily regular asymptotes. ironic, pend"
722,forest chartreuse plum royal papaya,ECONOMY BURNISHED NICKEL,Brand#43,2951,4,55,21.00,34077.12,0.06,REG AIR,DELIVER IN PERSON,1996-02-06,2-HIGH,183228.93,45,Customer#000000045,XwXcOClKCcFek0oQDl0WFNo,9,19-715-298-9917,9983.38,AUTOMOBILE,l excuses are busy accounts. blithely
722,forest chartreuse plum royal papaya,ECONOMY BURNISHED NICKEL,Brand#43,2951,4,55,21.00,34077.12,0.06,REG AIR,DELIVER IN PERSON,1996-02-06,2-HIGH,183228.93,46,Customer#000000046,"NQ7345EZ,fS",6,16-357-681-2007,5744.59,AUTOMOBILE,"equests integrate fluffily after the carefully special accounts. fluffily regular deposits eat slyly ironic, "
722,forest chartreuse plum royal papaya,ECONOMY BURNISHED NICKEL,Brand#43,2951,4,55,21.00,34077.12,0.06,REG AIR,DELIVER IN PERSON,1996-02-06,2-HIGH,183228.93,48,Customer#000000048,076rIcJpxBmwMEdq,0,10-508-348-5882,3792.50,BUILDING, carefully. furiously bold accounts sleep slyly above the even accounts. ironic acc
722,forest chartreuse plum royal papaya,ECONOMY BURNISHED NICKEL,Brand#43,2951,4,55,21.00,34077.12,0.06,REG AIR,DELIVER IN PERSON,1996-02-06,2-HIGH,183228.93,49,Customer#000000049,PdKqM4TlA OLTjaeRmvH7QWDu80USfslgqutF,10,20-908-631-4424,4573.94,FURNITURE,quests haggle! furiously unusual theodolites cajole carefully. t
722,forest chartreuse plum royal papaya,ECONOMY BURNISHED NICKEL,Brand#43,2951,4,55,21.00,34077.12,0.06,REG AIR,DELIVER IN PERSON,1996-02-06,2-HIGH,183228.93,50,Customer#000000050,S8sn2GGsuputhZaN7irC,6,16-658-112-3221,4266.13,MACHINERY, ideas cajole. carefully even warthogs affix ironically quickly re
722,forest chartreuse plum royal papaya,ECONOMY BURNISHED NICKEL,Brand#43,2951,4,55,21.00,34077.12,0.06,REG AIR,DELIVER IN PERSON,1996-02-06,2-HIGH,183228.93,54,Customer#000000054,1GWwLsVwmol4lt0KCz7m1,4,14-776-370-4745,868.90,AUTOMOBILE,are slyly. instructions sublate slyly. fluffily even packages among the slyly regular accounts hang along
722,forest chartreuse plum royal papaya,ECONOMY BURNISHED NICKEL,Brand#43,2951,4,55,21.00,34077.12,0.06,REG AIR,DELIVER IN PERSON,1996-02-06,2-HIGH,183228.93,55,Customer#000000055,ti9p9XgdmFsjsQI6XQrISDUMFAusnmKS SBoCE,10,20-180-440-8525,4572.11,MACHINERY,dolites. bold instructions wake fluffily regular ideas. regular theodolites are furiously carefully unusual ac
722,forest chartreuse plum royal papaya,ECONOMY BURNISHED NICKEL,Brand#43,2951,4,55,21.00,34077.12,0.06,REG AIR,DELIVER IN PERSON,1996-02-06,2-HIGH,183228.93,57,Customer#000000057,ST32P xcb94b46,21,31-835-306-1650,4151.93,AUTOMOBILE,thely pending deposits. packages cajole blithely slyly express requests. fl
722,forest chartreuse plum royal papaya,ECONOMY BURNISHED NICKEL,Brand#43,2951,4,55,21.00,34077.12,0.06,REG AIR,DELIVER IN PERSON,1996-02-06,2-HIGH,183228.93,59,Customer#000000059,tfcob0wJRYdypIJLzBckGW,1,11-355-584-3112,3458.60,MACHINERY,s asymptotes wake. slyly ironic deposits haggle furiously; slyly regula
722,forest chartreuse plum royal papaya,ECONOMY BURNISHED NICKEL,Brand#43,2951,4,55,21.00,34077.12,0.06,REG AIR,DELIVER IN PERSON,1996-02-06,2-HIGH,183228.93,60,Customer#000000060,"mtCNJIveoJ 1E6sUhs,j",12,22-480-575-5866,2741.87,MACHINERY,ts. accounts cajole carefully. carefully final requests across the even accounts affix slyly 
722,forest chartreuse plum royal papaya,ECONOMY BURNISHED NICKEL,Brand#43,2951,4,55,21.00,34077.12,0.06,REG AIR,DELIVER IN PERSON,1996-02-06,2-HIGH,183228.93,61,Customer#000000061,SGDNwNWmqhvJKXwNlrpL4 TqAdz7XRDrKyAIQ2m,17,27-626-559-8599,1536.24,FURNITURE, slyly. quickly unusual deposits haggle furiousl
722,forest chartreuse plum royal papaya,ECONOMY BURNISHED NICKEL,Brand#43,2951,4,55,21.00,34077.12,0.06,REG AIR,DELIVER IN PERSON,1996-02-06,2-HIGH,183228.93,62,Customer#000000062,yBhgYoDvZX1,7,17-361-978-7059,595.61,MACHINERY,e carefully final requests. fluffily regular deposits haggle among the ironic warhors
722,forest chartreuse plum royal papaya,ECONOMY BURNISHED NICKEL,Brand#43,2951,4,55,21.00,34077.12,0.06,REG AIR,DELIVER IN PERSON,1996-02-06,2-HIGH,183228.93,63,Customer#000000063,j398B6441 Rgii,21,31-952-552-9584,9331.13,AUTOMOBILE,ar pinto beans nag furiously furiously regular ideas. d
722,forest chartreuse plum royal papaya,ECONOMY BURNISHED NICKEL,Brand#43,2951,4,55,21.00,34077.12,0.06,REG AIR,DELIVER IN PERSON,1996-02-06,2-HIGH,183228.93,64,Customer#000000064,"fPoMk3Y,GQhgXCQGhn0c8",3,13-558-731-7204,-646.64,BUILDING,hely unusual deposits sleep furiously express requests. c
722,forest chartreuse plum royal papaya,ECONOMY BURNISHED NICKEL,Brand#43,2951,4,55,21.00,34077.12,0.06,REG AIR,DELIVER IN PERSON,1996-02-06,2-HIGH,183228.93,65,Customer#000000065,"ak7rtta,tWG,jR,cTSXflW6RVQ3alna3P4Q,zF03",23,33-733-623-5267,8795.16,AUTOMOBILE,"ironic courts sleep slyly above the ironic, bold accounts. blithely"
722,forest chartreuse plum royal papaya,ECONOMY BURNISHED NICKEL,Brand#43,2951,4,55,21.00,34077.12,0.06,REG AIR,DELIVER IN PERSON,1996-02-06,2-HIGH,183228.93,67,Customer#000000067,"ALk,OdKy V5SruigGvBRMBo8S",9,19-403-114-4356,8166.59,MACHINERY, special sentiments. pending depen
722,forest chartreuse plum royal papaya,ECONOMY BURNISHED NICKEL,Brand#43,2951,4,55,21.00,34077.12,0.06,REG AIR,DELIVER IN PERSON,1996-02-06,2-HIGH,183228.93,69,Customer#000000069,"gyuZTEcR4vKyNPMSa15ueKbRS6Tu4RUxw8j,B mv",9,19-225-978-5670,1709.28,HOUSEHOLD, sauternes against the silent foxes are slyly quickly special deposits. slyly final foxes integrate furiously. care
722,forest chartreuse plum royal papaya,ECONOMY BURNISHED NICKEL,Brand#43,2951,4,55,21.00,34077.12,0.06,REG AIR,DELIVER IN PERSON,1996-02-06,2-HIGH,183228.93,71,Customer#000000071,8FkQFLN34pFe50URKft43ntisSegsO3SKF0wUyZp,7,17-710-812-5403,-611.19,HOUSEHOLD,e slyly about the slyly bold theodolites. furiously regular deposits a
722,forest chartreuse plum royal papaya,ECONOMY BURNISHED NICKEL,Brand#43,2951,4,55,21.00,34077.12,0.06,REG AIR,DELIVER IN PERSON,1996-02-06,2-HIGH,183228.93,73,Customer#000000073,TiJiuAMxW6LUyyVFCKW,0,10-473-439-3214,4288.50,BUILDING, carefully pending packages to the pearls affix quick
722,forest chartreuse plum royal papaya,ECONOMY BURNISHED NICKEL,Brand#43,2951,4,55,21.00,34077.12,0.06,REG AIR,DELIVER IN PERSON,1996-02-06,2-HIGH,183228.93,74,Customer#000000074,jGhjorX17JmTAfT6gO 6sD9fF1GtFLs,4,14-199-862-7209,2764.43,MACHINERY,ithely special excuses. regular deposits cajole furiously finally
722,forest chartreuse plum royal papaya,ECONOMY BURNISHED NICKEL,Brand#43,2951,4,55,21.00,34077.12,0.06,REG AIR,DELIVER IN PERSON,1996-02-06,2-HIGH,183228.93,75,Customer#000000075,oJrUH20Ovu5fgaLagGIkAswUBF,18,28-247-803-9025,6684.10,AUTOMOBILE,"ronic foxes after the brave hockey players haggle after the slyly ironic courts. even, regular"
722,forest chartreuse plum royal papaya,ECONOMY BURNISHED NICKEL,Brand#43,2951,4,55,21.00,34077.12,0.06,REG AIR,DELIVER IN PERSON,1996-02-06,2-HIGH,183228.93,77,Customer#000000077,XyqmVhNelkoWPtjz3lRYxu,17,27-269-357-4674,1738.87,BUILDING, slyly. furiously final accounts sleep slyly among the ironic packages. quickly pending deposits inte
722,forest chartreuse plum royal papaya,ECONOMY BURNISHED NICKEL,Brand#43,2951,4,55,21.00,34077.12,0.06,REG AIR,DELIVER IN PERSON,1996-02-06,2-HIGH,183228.93,78,Customer#000000078,"kpcyQ11dABLX6YO9f,GPALyGbws3",9,19-960-700-9191,7136.97,FURNITURE,uriously above the slyly final de
722,forest chartreuse plum royal papaya,ECONOMY BURNISHED NICKEL,Brand#43,2951,4,55,21.00,34077.12,0.06,REG AIR,DELIVER IN PERSON,1996-02-06,2-HIGH,183228.93,79,Customer#000000079,EVJjYMyG59w4SINzn0pEfY,15,25-147-850-4166,5121.28,MACHINERY,iously even pinto beans hinder final deposits. carefully final accounts along the final theodolites integrate caref
722,forest chartreuse plum royal papaya,ECONOMY BURNISHED NICKEL,Brand#43,2951,4,55,21.00,34077.12,0.06,REG AIR,DELIVER IN PERSON,1996-02-06,2-HIGH,183228.93,81,Customer#000000081,9jUFbrThIIeoUNd8 9,20,30-165-277-3269,2023.71,BUILDING,s against the ironic packages haggle carefully above the slyly express pinto beans
722,forest chartreuse plum royal papaya,ECONOMY BURNISHED NICKEL,Brand#43,2951,4,55,21.00,34077.12,0.06,REG AIR,DELIVER IN PERSON,1996-02-06,2-HIGH,183228.93,82,Customer#000000082,tJkXm2PQBWPRRYkIXPg0YdM03E,18,28-159-442-5305,9468.34,AUTOMOBILE,old requests. slyly bold courts sleep carefully packag
722,forest chartreuse plum royal papaya,ECONOMY BURNISHED NICKEL,Brand#43,2951,4,55,21.00,34077.12,0.06,REG AIR,DELIVER IN PERSON,1996-02-06,2-HIGH,183228.93,83,Customer#000000083,"kDJ7dqVuBD9lY,hqjW2O UBz5EGoX9oL",22,32-817-154-4122,6463.51,BUILDING,into beans alongside of the furiously silent theodolites haggle carefully slyly final sauternes. requests cajol
722,forest chartreuse plum royal papaya,ECONOMY BURNISHED NICKEL,Brand#43,2951,4,55,21.00,34077.12,0.06,REG AIR,DELIVER IN PERSON,1996-02-06,2-HIGH,183228.93,84,Customer#000000084,GB3sUmv RRXV DPzeOSbGxMIF9Z4Eq9 rop,11,21-546-818-3802,5174.71,FURNITURE,ounts. blithely express theodolites nag carefully ironic pinto beans. carefully final 
722,forest chartreuse plum royal papaya,ECONOMY BURNISHED NICKEL,Brand#43,2951,4,55,21.00,34077.12,0.06,REG AIR,DELIVER IN PERSON,1996-02-06,2-HIGH,183228.93,85,Customer#000000085, I9M GnvICGJ29rTlKGzDMstOgH,5,15-745-585-8219,3386.64,FURNITURE,nts. blithely unusual pinto beans along
722,forest chartreuse plum royal papaya,ECONOMY BURNISHED NICKEL,Brand#43,2951,4,55,21.00,34077.12,0.06,REG AIR,DELIVER IN PERSON,1996-02-06,2-HIGH,183228.93,88,Customer#000000088,wyGHpeRMt mxmd8fEelFiXMTHnVg3OL,16,26-516-273-2566,8031.44,AUTOMOBILE,ts. unusual foxes use excuses; final courts doubt special packages. furiously regular platelets abo
722,forest chartreuse plum royal papaya,ECONOMY BURNISHED NICKEL,Brand#43,2951,4,55,21.00,34077.12,0.06,REG AIR,DELIVER IN PERSON,1996-02-06,2-HIGH,183228.93,90,Customer#000000090,buosjU5uu274vLfU,16,26-603-491-1238,7354.23,BUILDING,lyly bold pinto beans use alon
722,forest chartreuse plum royal papaya,ECONOMY BURNISHED NICKEL,Brand#43,2951,4,55,21.00,34077.12,0.06,REG AIR,DELIVER IN PERSON,1996-02-06,2-HIGH,183228.93,92,Customer#000000092,DPbrb7fGYfkrfAdm0gRJPPdADgqGh5 FVuA9 20,2,12-446-416-8471,1182.91,MACHINERY,sy theodolites. furiously ironic packages a
722,forest chartreuse plum royal papaya,ECONOMY BURNISHED NICKEL,Brand#43,2951,4,55,21.00,34077.12,0.06,REG AIR,DELIVER IN PERSON,1996-02-06,2-HIGH,183228.93,93,Customer#000000093,nj3p ZakNJ,7,17-359-388-5266,2182.52,MACHINERY,gular decoys after the slyly ruthless deposit
722,forest chartreuse plum royal papaya,ECONOMY BURNISHED NICKEL,Brand#43,2951,4,55,21.00,34077.12,0.06,REG AIR,DELIVER IN PERSON,1996-02-06,2-HIGH,183228.93,95,Customer#000000095,"n6,uwF4wcE76DVh1YsSVoatkTbohR3BT",15,25-923-255-2929,5327.38,MACHINERY,ly regular dinos. ironic requests haggle. slyly final accounts haggle slyly across the carefully exp
722,forest chartreuse plum royal papaya,ECONOMY BURNISHED NICKEL,Brand#43,2951,4,55,21.00,34077.12,0.06,REG AIR,DELIVER IN PERSON,1996-02-06,2-HIGH,183228.93,96,Customer#000000096,x4fc F3J99,8,18-422-845-1202,6323.92,AUTOMOBILE,lyly brave platelets are furiously above the fluffily sly theodolites. quickly ev
722,forest chartreuse plum royal papaya,ECONOMY BURNISHED NICKEL,Brand#43,2951,4,55,21.00,34077.12,0.06,REG AIR,DELIVER IN PERSON,1996-02-06,2-HIGH,183228.93,97,Customer#000000097,"dqBtMIPJhk1,ivXIr NZf",17,27-588-919-5638,2164.48,AUTOMOBILE,cial instructions. dependencies boost furiously; quickly final requests w
722,forest chartreuse plum royal papaya,ECONOMY BURNISHED NICKEL,Brand#43,2951,4,55,21.00,34077.12,0.06,REG AIR,DELIVER IN PERSON,1996-02-06,2-HIGH,183228.93,98,Customer#000000098,UtIJM4d8BxnqvPzwn4,12,22-885-845-6889,-551.37,BUILDING,ges. quickly regular theodolites wake. blithely unusual packages wake fluffil
722,forest chartreuse plum royal papaya,ECONOMY BURNISHED NICKEL,Brand#43,2951,4,55,21.00,34077.12,0.06,REG AIR,DELIVER IN PERSON,1996-02-06,2-HIGH,183228.93,100,Customer#000000100,MBy6qq3OEGpV4u,20,30-749-445-4907,9889.89,FURNITURE,"dazzle carefully furiously final foxes. express, ironic packages among the qui"
1064,frosted orchid blanched seashell steel,SMALL PLATED NICKEL,Brand#31,52294,1,100,19.00,18336.14,0.07,AIR,DELIVER IN PERSON,1996-08-27,1-URGENT,201205.46,1,Customer#000000001,j5JsirBM9PsCy0O1m,15,25-989-741-2988,711.56,BUILDING,y final requests wake slyly quickly special accounts. blithely
1064,frosted orchid blanched seashell steel,SMALL PLATED NICKEL,Brand#31,52294,1,100,19.00,18336.14,0.07,AIR,DELIVER IN PERSON,1996-08-27,1-URGENT,201205.46,3,Customer#000000003,fkRGN8nY4pkE,1,11-719-748-3364,7498.12,AUTOMOBILE,fully. carefully silent instructions sleep alongside of the slyly regular asymptotes. quickly regular 
1064,frosted orchid blanched seashell steel,SMALL PLATED NICKEL,Brand#31,52294,1,100,19.00,18336.14,0.07,AIR,DELIVER IN PERSON,1996-08-27,1-URGENT,201205.46,4,Customer#000000004,4u58h fqkyE,4,14-128-190-5944,2866.83,MACHINERY, sublate. fluffily even instructions are about th
1064,frosted orchid blanched seashell steel,SMALL PLATED NICKEL,Brand#31,52294,1,100,19.00,18336.14,0.07,AIR,DELIVER IN PERSON,1996-08-27,1-URGENT,201205.46,5,Customer#000000005,hwBtxkoBF qSW4KrIk5U 2B1AU7H,3,13-750-942-6364,794.47,HOUSEHOLD,equests haggle furiously against the pending packa
1064,frosted orchid blanched seashell steel,SMALL PLATED NICKEL,Brand#31,52294,1,100,19.00,18336.14,0.07,AIR,DELIVER IN PERSON,1996-08-27,1-URGENT,201205.46,6,Customer#000000006," g1s,pzDenUEBW3O,2 pxu0f9n2g64rJrt5E",20,30-114-968-4951,7638.57,AUTOMOBILE, quickly silent asymptotes are slyly regular excuses. instructions wake furiously? quickly bold courts p
1064,frosted orchid blanched seashell steel,SMALL PLATED NICKEL,Brand#31,52294,1,100,19.00,18336.14,0.07,AIR,DELIVER IN PERSON,1996-08-27,1-URGENT,201205.46,7,Customer#000000007,8OkMVLQ1dK6Mbu6WG9 w4pLGQ n7MQ,18,28-190-982-9759,9561.95,AUTOMOBILE,"ounts. ironic, regular accounts sleep. final requests haggle quickly after the"
1064,frosted orchid blanched seashell steel,SMALL PLATED NICKEL,Brand#31,52294,1,100,19.00,18336.14,0.07,AIR,DELIVER IN PERSON,1996-08-27,1-URGENT,201205.46,8,Customer#000000008,"j,pZ,Qp,qtFEo0r0c 92qobZtlhSuOqbE4JGV",17,27-147-574-9335,6819.74,BUILDING,riously final excuses sublate quickly among the fluffily even foxes. quickly final packages haggle furiously furi
1064,frosted orchid blanched seashell steel,SMALL PLATED NICKEL,Brand#31,52294,1,100,19.00,18336.14,0.07,AIR,DELIVER IN PERSON,1996-08-27,1-URGENT,201205.46,9,Customer#000000009,vgIql8H6zoyuLMFNdAMLyE7 H9,8,18-338-906-3675,8324.07,FURNITURE,ss pinto beans believe slyly quiet deposits-- doggedly bold packages boost. quickly ironic de
1064,frosted orchid blanched seashell steel,SMALL PLATED NICKEL,Brand#31,52294,1,100,19.00,18336.14,0.07,AIR,DELIVER IN PERSON,1996-08-27,1-URGENT,201205.46,11,Customer#000000011,cG48rYjF3Aw7xs hKUXXqmI,23,33-464-151-3439,-272.60,BUILDING,ng to the regular foxes. furiously final deposits across the final platelets cajole quickly above th
1064,frosted orchid blanched seashell steel,SMALL PLATED NICKEL,Brand#31,52294,1,100,19.00,18336.14,0.07,AIR,DELIVER IN PERSON,1996-08-27,1-URGENT,201205.46,13,Customer#000000013,Ez3ax0D5HnUbeUVSxoX8a8B,3,13-761-547-5974,3857.34,BUILDING,quickly brave foxes. blithely even packages against the pinto beans boost furiously against the re
1064,frosted orchid blanched seashell steel,SMALL PLATED NICKEL,Brand#31,52294,1,100,19.00,18336.14,0.07,AIR,DELIVER IN PERSON,1996-08-27,1-URGENT,201205.46,14,Customer#000000014,h3GFMzeFfYiamqr,1,11-845-129-3851,5266.30,FURNITURE,"r, express foxes cajole slyly aga"
1064,frosted orchid blanched seashell steel,SMALL PLATED NICKEL,Brand#31,52294,1,100,19.00,18336.14,0.07,AIR,DELIVER IN PERSON,1996-08-27,1-URGENT,201205.46,17,Customer#000000017,Js JrVHNAyCYMANzPGzvonS8kX8s3 yeLi3u9T,2,12-970-682-3487,6.34,AUTOMOBILE, fluffily final packages. slyly f
1064,frosted orchid blanched seashell steel,SMALL PLATED NICKEL,Brand#31,52294,1,100,19.00,18336.14,0.07,AIR,DELIVER IN PERSON,1996-08-27,1-URGENT,201205.46,18,Customer#000000018,YyukcsqIxlyuXs702Rd2Rl9D1z,6,16-155-215-1315,5494.43,BUILDING,ickly even packages about the unusual dependencies cajole furious
1064,frosted orchid blanched seashell steel,SMALL PLATED NICKEL,Brand#31,52294,1,100,19.00,18336.14,0.07,AIR,DELIVER IN PERSON,1996-08-27,1-URGENT,201205.46,20,Customer#000000020,i bGScABFHXdM,22,32-957-234-8742,7603.40,FURNITURE,"uickly regular instructions hang silent dugouts! regular, regular fox"
1064,frosted orchid blanched seashell steel,SMALL PLATED NICKEL,Brand#31,52294,1,100,19.00,18336.14,0.07,AIR,DELIVER IN PERSON,1996-08-27,1-URGENT,201205.46,21,Customer#000000021,42E5BARtqjomD,8,18-902-614-8344,1428.25,MACHINERY,e blithely carefully quick sheaves. furiously regular 
1064,frosted orchid blanched seashell steel,SMALL PLATED NICKEL,Brand#31,52294,1,100,19.00,18336.14,0.07,AIR,DELIVER IN PERSON,1996-08-27,1-URGENT,201205.46,22,Customer#000000022,"biUBW,0ldzWGT91Doo5b77G6N3Bp",3,13-806-545-9701,591.98,MACHINERY,s. theodolites nag blithely final packages. finall
1064,frosted orchid blanched seashell steel,SMALL PLATED NICKEL,Brand#31,52294,1,100,19.00,18336.14,0.07,AIR,DELIVER IN PERSON,1996-08-27,1-URGENT,201205.46,24,Customer#000000024,k3qlKjqtHuzNAvIFyZX2Yc1crXuMfMU6SbAl,13,23-127-851-8031,9255.67,MACHINERY,s. final hockey players snooze carefully furious
1064,frosted orchid blanched seashell steel,SMALL PLATED NICKEL,Brand#31,52294,1,100,19.00,18336.14,0.07,AIR,DELIVER IN PERSON,1996-08-27,1-URGENT,201205.46,26,Customer#000000026,TFH OW1MeFU6OIb,22,32-363-455-4837,5182.05,AUTOMOBILE,"gainst the express theodolites. deposits sleep furiously. regular, spe"
1064,frosted orchid blanched seashell steel,SMALL PLATED NICKEL,Brand#31,52294,1,100,19.00,18336.14,0.07,AIR,DELIVER IN PERSON,1996-08-27,1-URGENT,201205.46,27,Customer#000000027,"j8SkiuuBp gBe7,yT",3,13-137-193-2709,5679.84,BUILDING,permanently. slyly ironic dependencies integrat
1064,frosted orchid blanched seashell steel,SMALL PLATED NICKEL,Brand#31,52294,1,100,19.00,18336.14,0.07,AIR,DELIVER IN PERSON,1996-08-27,1-URGENT,201205.46,28,Customer#000000028,"J5tK,OQa07KQSuY5b4qRFYVYRF",8,18-774-241-1462,1007.18,FURNITURE,r accounts are quickly. boldly bold foxes haggle
1064,frosted orchid blanched seashell steel,SMALL PLATED NICKEL,Brand#31,52294,1,100,19.00,18336.14,0.07,AIR,DELIVER IN PERSON,1996-08-27,1-URGENT,201205.46,29,Customer#000000029, hVQNzLtqGpgUXNMY0wlZVstaf52mXXxJ,0,10-773-203-7342,7618.27,FURNITURE, nod furiously after the final accounts. courts nag qu
1064,frosted orchid blanched seashell steel,SMALL PLATED NICKEL,Brand#31,52294,1,100,19.00,18336.14,0.07,AIR,DELIVER IN PERSON,1996-08-27,1-URGENT,201205.46,30,Customer#000000030,EhnzmgkqQw7UXhF0PVdg gLfSAihaaHaD2fZah2,1,11-764-165-5076,9321.01,BUILDING,ep quickly slyly express accounts-- carefully eve
1064,frosted orchid blanched seashell steel,SMALL PLATED NICKEL,Brand#31,52294,1,100,19.00,18336.14,0.07,AIR,DELIVER IN PERSON,1996-08-27,1-URGENT,201205.46,32,Customer#000000032,"InYu1tIr6EjN0nozdpf3hHRA,8FBYIbU1OcYh",15,25-430-914-2194,3471.53,BUILDING,lly carefully unusual accounts. final attainment
1064,frosted orchid blanched seashell steel,SMALL PLATED NICKEL,Brand#31,52294,1,100,19.00,18336.14,0.07,AIR,DELIVER IN PERSON,1996-08-27,1-URGENT,201205.46,35,Customer#000000035,8mH4knWDpsifY,17,27-566-888-7431,1228.24,HOUSEHOLD,cies with the carefully regular sauternes engage caref
1064,frosted orchid blanched seashell steel,SMALL PLATED NICKEL,Brand#31,52294,1,100,19.00,18336.14,0.07,AIR,DELIVER IN PERSON,1996-08-27,1-URGENT,201205.46,36,Customer#000000036,"Y7wosIxbsBi,0nNiSG4V7",21,31-704-669-5769,4987.27,BUILDING,ys among the accounts affix blithely asymptotes. carefully even deposits are fluff
1064,frosted orchid blanched seashell steel,SMALL PLATED NICKEL,Brand#31,52294,1,100,19.00,18336.14,0.07,AIR,DELIVER IN PERSON,1996-08-27,1-URGENT,201205.46,37,Customer#000000037,Um5WbwJ0X8QCOy75y,8,18-385-235-7162,-917.75,FURNITURE,above the slyly regular accounts sleep along the carefull
1064,frosted orchid blanched seashell steel,SMALL PLATED NICKEL,Brand#31,52294,1,100,19.00,18336.14,0.07,AIR,DELIVER IN PERSON,1996-08-27,1-URGENT,201205.46,39,Customer#000000039,"EDP9K1bwtXYNLGCA2mrlOM1U,",2,12-387-467-6509,6264.31,AUTOMOBILE,eposits play across the furiousl
1064,frosted orchid blanched seashell steel,SMALL PLATED NICKEL,Brand#31,52294,1,100,19.00,18336.14,0.07,AIR,DELIVER IN PERSON,1996-08-27,1-URGENT,201205.46,40,Customer#000000040,"LcDk4rtJ85,CLw",3,13-652-915-8939,1335.30,BUILDING,y. brave accounts wake slyly ironic epitaphs; express packages h
1064,frosted orchid blanched seashell steel,SMALL PLATED NICKEL,Brand#31,52294,1,100,19.00,18336.14,0.07,AIR,DELIVER IN PERSON,1996-08-27,1-URGENT,201205.46,42,Customer#000000042,tI8 wutpGM,5,15-416-330-4175,8727.01,BUILDING,lphins. blithely bold requests about the special patterns detect quickly regular foxes. furiously express in
1064,frosted orchid blanched seashell steel,SMALL PLATED NICKEL,Brand#31,52294,1,100,19.00,18336.14,0.07,AIR,DELIVER IN PERSON,1996-08-27,1-URGENT,201205.46,43,Customer#000000043,Dx8PHkGSFJWLg3XtkzCX28iHRrQXbCRlN,19,29-316-665-2897,9904.28,MACHINERY,ronic pinto beans. packages sleep. furiously ruthless packages print blithely fluffily even platelets.
1064,frosted orchid blanched seashell steel,SMALL PLATED NICKEL,Brand#31,52294,1,100,19.00,18336.14,0.07,AIR,DELIVER IN PERSON,1996-08-27,1-URGENT,201205.46,44,Customer#000000044,"dI0Nc9bvnxXHCWu10bSVn,NEJ2kwdyqvI",16,26-190-260-5375,7315.94,AUTOMOBILE,"fily regular asymptotes. ironic, pend"
1064,frosted orchid blanched seashell steel,SMALL PLATED NICKEL,Brand#31,52294,1,100,19.00,18336.14,0.07,AIR,DELIVER IN PERSON,1996-08-27,1-URGENT,201205.46,45,Customer#000000045,XwXcOClKCcFek0oQDl0WFNo,9,19-715-298-9917,9983.38,AUTOMOBILE,l excuses are busy accounts. blithely
1064,frosted orchid blanched seashell steel,SMALL PLATED NICKEL,Brand#31,52294,1,100,19.00,18336.14,0.07,AIR,DELIVER IN PERSON,1996-08-27,1-URGENT,201205.46,46,Customer#000000046,"NQ7345EZ,fS",6,16-357-681-2007,5744.59,AUTOMOBILE,"equests integrate fluffily after the carefully special accounts. fluffily regular deposits eat slyly ironic, "
1064,frosted orchid blanched seashell steel,SMALL PLATED NICKEL,Brand#31,52294,1,100,19.00,18336.14,0.07,AIR,DELIVER IN PERSON,1996-08-27,1-URGENT,201205.46,48,Customer#000000048,076rIcJpxBmwMEdq,0,10-508-348-5882,3792.50,BUILDING, carefully. furiously bold accounts sleep slyly above the even accounts. ironic acc
1064,frosted orchid blanched seashell steel,SMALL PLATED NICKEL,Brand#31,52294,1,100,19.00,18336.14,0.07,AIR,DELIVER IN PERSON,1996-08-27,1-URGENT,201205.46,49,Customer#000000049,PdKqM4TlA OLTjaeRmvH7QWDu80USfslgqutF,10,20-908-631-4424,4573.94,FURNITURE,quests haggle! furiously unusual theodolites cajole carefully. t
1064,frosted orchid blanched seashell steel,SMALL PLATED NICKEL,Brand#31,52294,1,100,19.00,18336.14,0.07,AIR,DELIVER IN PERSON,1996-08-27,1-URGENT,201205.46,50,Customer#000000050,S8sn2GGsuputhZaN7irC,6,16-658-112-3221,4266.13,MACHINERY, ideas cajole. carefully even warthogs affix ironically quickly re
1064,frosted orchid blanched seashell steel,SMALL PLATED NICKEL,Brand#31,52294,1,100,19.00,18336.14,0.07,AIR,DELIVER IN PERSON,1996-08-27,1-URGENT,201205.46,54,Customer#000000054,1GWwLsVwmol4lt0KCz7m1,4,14-776-370-4745,868.90,AUTOMOBILE,are slyly. instructions sublate slyly. fluffily even packages among the slyly regular accounts hang along
1064,frosted orchid blanched seashell steel,SMALL PLATED NICKEL,Brand#31,52294,1,100,19.00,18336.14,0.07,AIR,DELIVER IN PERSON,1996-08-27,1-URGENT,201205.46,55,Customer#000000055,ti9p9XgdmFsjsQI6XQrISDUMFAusnmKS SBoCE,10,20-180-440-8525,4572.11,MACHINERY,dolites. bold instructions wake fluffily regular ideas. regular theodolites are furiously carefully unusual ac
1064,frosted orchid blanched seashell steel,SMALL PLATED NICKEL,Brand#31,52294,1,100,19.00,18336.14,0.07,AIR,DELIVER IN PERSON,1996-08-27,1-URGENT,201205.46,57,Customer#000000057,ST32P xcb94b46,21,31-835-306-1650,4151.93,AUTOMOBILE,thely pending deposits. packages cajole blithely slyly express requests. fl
1064,frosted orchid blanched seashell steel,SMALL PLATED NICKEL,Brand#31,52294,1,100,19.00,18336.14,0.07,AIR,DELIVER IN PERSON,1996-08-27,1-URGENT,201205.46,59,Customer#000000059,tfcob0wJRYdypIJLzBckGW,1,11-355-584-3112,3458.60,MACHINERY,s asymptotes wake. slyly ironic deposits haggle furiously; slyly regula
1064,frosted orchid blanched seashell steel,SMALL PLATED NICKEL,Brand#31,52294,1,100,19.00,18336.14,0.07,AIR,DELIVER IN PERSON,1996-08-27,1-URGENT,201205.46,60,Customer#000000060,"mtCNJIveoJ 1E6sUhs,j",12,22-480-575-5866,2741.87,MACHINERY,ts. accounts cajole carefully. carefully final requests across the even accounts affix slyly 
1064,frosted orchid blanched seashell steel,SMALL PLATED NICKEL,Brand#31,52294,1,100,19.00,18336.14,0.07,AIR,DELIVER IN PERSON,1996-08-27,1-URGENT,201205.46,61,Customer#000000061,SGDNwNWmqhvJKXwNlrpL4 TqAdz7XRDrKyAIQ2m,17,27-626-559-8599,1536.24,FURNITURE, slyly. quickly unusual deposits haggle furiousl
1064,frosted orchid blanched seashell steel,SMALL PLATED NICKEL,Brand#31,52294,1,100,19.00,18336.14,0.07,AIR,DELIVER IN PERSON,1996-08-27,1-URGENT,201205.46,62,Customer#000000062,yBhgYoDvZX1,7,17-361-978-7059,595.61,MACHINERY,e carefully final requests. fluffily regular deposits haggle among the ironic warhors
1064,frosted orchid blanched seashell steel,SMALL PLATED NICKEL,Brand#31,52294,1,100,19.00,18336.14,0.07,AIR,DELIVER IN PERSON,1996-08-27,1-URGENT,201205.46,63,Customer#000000063,j398B6441 Rgii,21,31-952-552-9584,9331.13,AUTOMOBILE,ar pinto beans nag furiously furiously regular ideas. d
1064,frosted orchid blanched seashell steel,SMALL PLATED NICKEL,Brand#31,52294,1,100,19.00,18336.14,0.07,AIR,DELIVER IN PERSON,1996-08-27,1-URGENT,201205.46,64,Customer#000000064,"fPoMk3Y,GQhgXCQGhn0c8",3,13-558-731-7204,-646.64,BUILDING,hely unusual deposits sleep furiously express requests. c
1064,frosted orchid blanched seashell steel,SMALL PLATED NICKEL,Brand#31,52294,1,100,19.00,18336.14,0.07,AIR,DELIVER IN PERSON,1996-08-27,1-URGENT,201205.46,65,Customer#000000065,"ak7rtta,tWG,jR,cTSXflW6RVQ3alna3P4Q,zF03",23,33-733-623-5267,8795.16,AUTOMOBILE,"ironic courts sleep slyly above the ironic, bold accounts. blithely"
1064,frosted orchid blanched seashell steel,SMALL PLATED NICKEL,Brand#31,52294,1,100,19.00,18336.14,0.07,AIR,DELIVER IN PERSON,1996-08-27,1-URGENT,201205.46,67,Customer#000000067,"ALk,OdKy V5SruigGvBRMBo8S",9,19-403-114-4356,8166.59,MACHINERY, special sentiments. pending depen
1064,frosted orchid blanched seashell steel,SMALL PLATED NICKEL,Brand#31,52294,1,100,19.00,18336.14,0.07,AIR,DELIVER IN PERSON,1996-08-27,1-URGENT,201205.46,69,Customer#000000069,"gyuZTEcR4vKyNPMSa15ueKbRS6Tu4RUxw8j,B mv",9,19-225-978-5670,1709.28,HOUSEHOLD, sauternes against the silent foxes are slyly quickly special deposits. slyly final foxes integrate furiously. care
1064,frosted orchid blanched seashell steel,SMALL PLATED NICKEL,Brand#31,52294,1,100,19.00,18336.14,0.07,AIR,DELIVER IN PERSON,1996-08-27,1-URGENT,201205.46,71,Customer#000000071,8FkQFLN34pFe50URKft43ntisSegsO3SKF0wUyZp,7,17-710-812-5403,-611.19,HOUSEHOLD,e slyly about the slyly bold theodolites. furiously regular deposits a
1064,frosted orchid blanched seashell steel,SMALL PLATED NICKEL,Brand#31,52294,1,100,19.00,18336.14,0.07,AIR,DELIVER IN PERSON,1996-08-27,1-URGENT,201205.46,73,Customer#000000073,TiJiuAMxW6LUyyVFCKW,0,10-473-439-3214,4288.50,BUILDING, carefully pending packages to the pearls affix quick
1064,frosted orchid blanched seashell steel,SMALL PLATED NICKEL,Brand#31,52294,1,100,19.00,18336.14,0.07,AIR,DELIVER IN PERSON,1996-08-27,1-URGENT,201205.46,74,Customer#000000074,jGhjorX17JmTAfT6gO 6sD9fF1GtFLs,4,14-199-862-7209,2764.43,MACHINERY,ithely special excuses. regular deposits cajole furiously finally
1064,frosted orchid blanched seashell steel,SMALL PLATED NICKEL,Brand#31,52294,1,100,19.00,18336.14,0.07,AIR,DELIVER IN PERSON,1996-08-27,1-URGENT,201205.46,75,Customer#000000075,oJrUH20Ovu5fgaLagGIkAswUBF,18,28-247-803-9025,6684.10,AUTOMOBILE,"ronic foxes after the brave hockey players haggle after the slyly ironic courts. even, regular"
1064,frosted orchid blanched seashell steel,SMALL PLATED NICKEL,Brand#31,52294,1,100,19.00,18336.14,0.07,AIR,DELIVER IN PERSON,1996-08-27,1-URGENT,201205.46,77,Customer#000000077,XyqmVhNelkoWPtjz3lRYxu,17,27-269-357-4674,1738.87,BUILDING, slyly. furiously final accounts sleep slyly among the ironic packages. quickly pending deposits inte
1064,frosted orchid blanched seashell steel,SMALL PLATED NICKEL,Brand#31,52294,1,100,19.00,18336.14,0.07,AIR,DELIVER IN PERSON,1996-08-27,1-URGENT,201205.46,78,Customer#000000078,"kpcyQ11dABLX6YO9f,GPALyGbws3",9,19-960-700-9191,7136.97,FURNITURE,uriously above the slyly final de
1064,frosted orchid blanched seashell steel,SMALL PLATED NICKEL,Brand#31,52294,1,100,19.00,18336.14,0.07,AIR,DELIVER IN PERSON,1996-08-27,1-URGENT,201205.46,79,Customer#000000079,EVJjYMyG59w4SINzn0pEfY,15,25-147-850-4166,5121.28,MACHINERY,iously even pinto beans hinder final deposits. carefully final accounts along the final theodolites integrate caref
1064,frosted orchid blanched seashell steel,SMALL PLATED NICKEL,Brand#31,52294,1,100,19.00,18336.14,0.07,AIR,DELIVER IN PERSON,1996-08-27,1-URGENT,201205.46,81,Customer#000000081,9jUFbrThIIeoUNd8 9,20,30-165-277-3269,2023.71,BUILDING,s against the ironic packages haggle carefully above the slyly express pinto beans
1064,frosted orchid blanched seashell steel,SMALL PLATED NICKEL,Brand#31,52294,1,100,19.00,18336.14,0.07,AIR,DELIVER IN PERSON,1996-08-27,1-URGENT,201205.46,82,Customer#000000082,tJkXm2PQBWPRRYkIXPg0YdM03E,18,28-159-442-5305,9468.34,AUTOMOBILE,old requests. slyly bold courts sleep carefully packag
1064,frosted orchid blanched seashell steel,SMALL PLATED NICKEL,Brand#31,52294,1,100,19.00,18336.14,0.07,AIR,DELIVER IN PERSON,1996-08-27,1-URGENT,201205.46,83,Customer#000000083,"kDJ7dqVuBD9lY,hqjW2O UBz5EGoX9oL",22,32-817-154-4122,6463.51,BUILDING,into beans alongside of the furiously silent theodolites haggle carefully slyly final sauternes. requests cajol
1064,frosted orchid blanched seashell steel,SMALL PLATED NICKEL,Brand#31,52294,1,100,19.00,18336.14,0.07,AIR,DELIVER IN PERSON,1996-08-27,1-URGENT,201205.46,84,Customer#000000084,GB3sUmv RRXV DPzeOSbGxMIF9Z4Eq9 rop,11,21-546-818-3802,5174.71,FURNITURE,ounts. blithely express theodolites nag carefully ironic pinto beans. carefully final 
1064,frosted orchid blanched seashell steel,SMALL PLATED NICKEL,Brand#31,52294,1,100,19.00,18336.14,0.07,AIR,DELIVER IN PERSON,1996-08-27,1-URGENT,201205.46,85,Customer#000000085, I9M GnvICGJ29rTlKGzDMstOgH,5,15-745-585-8219,3386.64,FURNITURE,nts. blithely unusual pinto beans along
1064,frosted orchid blanched seashell steel,SMALL PLATED NICKEL,Brand#31,52294,1,100,19.00,18336.14,0.07,AIR,DELIVER IN PERSON,1996-08-27,1-URGENT,201205.46,88,Customer#000000088,wyGHpeRMt mxmd8fEelFiXMTHnVg3OL,16,26-516-273-2566,8031.44,AUTOMOBILE,ts. unusual foxes use excuses; final courts doubt special packages. furiously regular platelets abo
1064,frosted orchid blanched seashell steel,SMALL PLATED NICKEL,Brand#31,52294,1,100,19.00,18336.14,0.07,AIR,DELIVER IN PERSON,1996-08-27,1-URGENT,201205.46,90,Customer#000000090,buosjU5uu274vLfU,16,26-603-491-1238,7354.23,BUILDING,lyly bold pinto beans use alon
1064,frosted orchid blanched seashell steel,SMALL PLATED NICKEL,Brand#31,52294,1,100,19.00,18336.14,0.07,AIR,DELIVER IN PERSON,1996-08-27,1-URGENT,201205.46,92,Customer#000000092,DPbrb7fGYfkrfAdm0gRJPPdADgqGh5 FVuA9 20,2,12-446-416-8471,1182.91,MACHINERY,sy theodolites. furiously ironic packages a
1064,frosted orchid blanched seashell steel,SMALL PLATED NICKEL,Brand#31,52294,1,100,19.00,18336.14,0.07,AIR,DELIVER IN PERSON,1996-08-27,1-URGENT,201205.46,93,Customer#000000093,nj3p ZakNJ,7,17-359-388-5266,2182.52,MACHINERY,gular decoys after the slyly ruthless deposit
1064,frosted orchid blanched seashell steel,SMALL PLATED NICKEL,Brand#31,52294,1,100,19.00,18336.14,0.07,AIR,DELIVER IN PERSON,1996-08-27,1-URGENT,201205.46,95,Customer#000000095,"n6,uwF4wcE76DVh1YsSVoatkTbohR3BT",15,25-923-255-2929,5327.38,MACHINERY,ly regular dinos. ironic requests haggle. slyly final accounts haggle slyly across the carefully exp
1064,frosted orchid blanched seashell steel,SMALL PLATED NICKEL,Brand#31,52294,1,100,19.00,18336.14,0.07,AIR,DELIVER IN PERSON,1996-08-27,1-URGENT,201205.46,96,Customer#000000096,x4fc F3J99,8,18-422-845-1202,6323.92,AUTOMOBILE,lyly brave platelets are furiously above the fluffily sly theodolites. quickly ev
1064,frosted orchid blanched seashell steel,SMALL PLATED NICKEL,Brand#31,52294,1,100,19.00,18336.14,0.07,AIR,DELIVER IN PERSON,1996-08-27,1-URGENT,201205.46,97,Customer#000000097,"dqBtMIPJhk1,ivXIr NZf",17,27-588-919-5638,2164.48,AUTOMOBILE,cial instructions. dependencies boost furiously; quickly final requests w
1064,frosted orchid blanched seashell steel,SMALL PLATED NICKEL,Brand#31,52294,1,100,19.00,18336.14,0.07,AIR,DELIVER IN PERSON,1996-08-27,1-URGENT,201205.46,98,Customer#000000098,UtIJM4d8BxnqvPzwn4,12,22-885-845-6889,-551.37,BUILDING,ges. quickly regular theodolites wake. blithely unusual packages wake fluffil
1064,frosted orchid blanched seashell steel,SMALL PLATED NICKEL,Brand#31,52294,1,100,19.00,18336.14,0.07,AIR,DELIVER IN PERSON,1996-08-27,1-URGENT,201205.46,100,Customer#000000100,MBy6qq3OEGpV4u,20,30-749-445-4907,9889.89,FURNITURE,"dazzle carefully furiously final foxes. express, ironic packages among the qui"
1357,turquoise goldenrod forest chiffon lace,SMALL BRUSHED BRASS,Brand#34,6374,5,96,22.00,27683.70,0.06,REG AIR,DELIVER IN PERSON,1995-08-08,1-URGENT,155144.63,1,Customer#000000001,j5JsirBM9PsCy0O1m,15,25-989-741-2988,711.56,BUILDING,y final requests wake slyly quickly special accounts. blithely
1357,turquoise goldenrod forest chiffon lace,SMALL BRUSHED BRASS,Brand#34,6374,5,96,22.00,27683.70,0.06,REG AIR,DELIVER IN PERSON,1995-08-08,1-URGENT,155144.63,3,Customer#000000003,fkRGN8nY4pkE,1,11-719-748-3364,7498.12,AUTOMOBILE,fully. carefully silent instructions sleep alongside of the slyly regular asymptotes. quickly regular 
1357,turquoise goldenrod forest chiffon lace,SMALL BRUSHED BRASS,Brand#34,6374,5,96,22.00,27683.70,0.06,REG AIR,DELIVER IN PERSON,1995-08-08,1-URGENT,155144.63,4,Customer#000000004,4u58h fqkyE,4,14-128-190-5944,2866.83,MACHINERY, sublate. fluffily even instructions are about th
1357,turquoise goldenrod forest chiffon lace,SMALL BRUSHED BRASS,Brand#34,6374,5,96,22.00,27683.70,0.06,REG AIR,DELIVER IN PERSON,1995-08-08,1-URGENT,155144.63,5,Customer#000000005,hwBtxkoBF qSW4KrIk5U 2B1AU7H,3,13-750-942-6364,794.47,HOUSEHOLD,equests haggle furiously against the pending packa
1357,turquoise goldenrod forest chiffon lace,SMALL BRUSHED BRASS,Brand#34,6374,5,96,22.00,27683.70,0.06,REG AIR,DELIVER IN PERSON,1995-08-08,1-URGENT,155144.63,6,Customer#000000006," g1s,pzDenUEBW3O,2 pxu0f9n2g64rJrt5E",20,30-114-968-4951,7638.57,AUTOMOBILE, quickly silent asymptotes are slyly regular excuses. instructions wake furiously? quickly bold courts p
1357,turquoise goldenrod forest chiffon lace,SMALL BRUSHED BRASS,Brand#34,6374,5,96,22.00,27683.70,0.06,REG AIR,DELIVER IN PERSON,1995-08-08,1-URGENT,155144.63,7,Customer#000000007,8OkMVLQ1dK6Mbu6WG9 w4pLGQ n7MQ,18,28-190-982-9759,9561.95,AUTOMOBILE,"ounts. ironic, regular accounts sleep. final requests haggle quickly after the"
1357,turquoise goldenrod forest chiffon lace,SMALL BRUSHED BRASS,Brand#34,6374,5,96,22.00,27683.70,0.06,REG AIR,DELIVER IN PERSON,1995-08-08,1-URGENT,155144.63,8,Customer#000000008,"j,pZ,Qp,qtFEo0r0c 92qobZtlhSuOqbE4JGV",17,27-147-574-9335,6819.74,BUILDING,riously final excuses sublate quickly among the fluffily even foxes. quickly final packages haggle furiously furi
1357,turquoise goldenrod forest chiffon lace,SMALL BRUSHED BRASS,Brand#34,6374,5,96,22.00,27683.70,0.06,REG AIR,DELIVER IN PERSON,1995-08-08,1-URGENT,155144.63,9,Customer#000000009,vgIql8H6zoyuLMFNdAMLyE7 H9,8,18-338-906-3675,8324.07,FURNITURE,ss pinto beans believe slyly quiet deposits-- doggedly bold packages boost. quickly ironic de
1357,turquoise goldenrod forest chiffon lace,SMALL BRUSHED BRASS,Brand#34,6374,5,96,22.00,27683.70,0.06,REG AIR,DELIVER IN PERSON,1995-08-08,1-URGENT,155144.63,11,Customer#000000011,cG48rYjF3Aw7xs hKUXXqmI,23,33-464-151-3439,-272.60,BUILDING,ng to the regular foxes. furiously final deposits across the final platelets cajole quickly above th
1357,turquoise goldenrod forest chiffon lace,SMALL BRUSHED BRASS,Brand#34,6374,5,96,22.00,27683.70,0.06,REG AIR,DELIVER IN PERSON,1995-08-08,1-URGENT,155144.63,13,Customer#000000013,Ez3ax0D5HnUbeUVSxoX8a8B,3,13-761-547-5974,3857.34,BUILDING,quickly brave foxes. blithely even packages against the pinto beans boost furiously against the re
1357,turquoise goldenrod forest chiffon lace,SMALL BRUSHED BRASS,Brand#34,6374,5,96,22.00,27683.70,0.06,REG AIR,DELIVER IN PERSON,1995-08-08,1-URGENT,155144.63,14,Customer#000000014,h3GFMzeFfYiamqr,1,11-845-129-3851,5266.30,FURNITURE,"r, express foxes cajole slyly aga"
1357,turquoise goldenrod forest chiffon lace,SMALL BRUSHED BRASS,Brand#34,6374,5,96,22.00,27683.70,0.06,REG AIR,DELIVER IN PERSON,1995-08-08,1-URGENT,155144.63,17,Customer#000000017,Js JrVHNAyCYMANzPGzvonS8kX8s3 yeLi3u9T,2,12-970-682-3487,6.34,AUTOMOBILE, fluffily final packages. slyly f
1357,turquoise goldenrod forest chiffon lace,SMALL BRUSHED BRASS,Brand#34,6374,5,96,22.00,27683.70,0.06,REG AIR,DELIVER IN PERSON,1995-08-08,1-URGENT,155144.63,18,Customer#000000018,YyukcsqIxlyuXs702Rd2Rl9D1z,6,16-155-215-1315,5494.43,BUILDING,ickly even packages about the unusual dependencies cajole furious
1357,turquoise goldenrod forest chiffon lace,SMALL BRUSHED BRASS,Brand#34,6374,5,96,22.00,27683.70,0.06,REG AIR,DELIVER IN PERSON,1995-08-08,1-URGENT,155144.63,20,Customer#000000020,i bGScABFHXdM,22,32-957-234-8742,7603.40,FURNITURE,"uickly regular instructions hang silent dugouts! regular, regular fox"
1357,turquoise goldenrod forest chiffon lace,SMALL BRUSHED BRASS,Brand#34,6374,5,96,22.00,27683.70,0.06,REG AIR,DELIVER IN PERSON,1995-08-08,1-URGENT,155144.63,21,Customer#000000021,42E5BARtqjomD,8,18-902-614-8344,1428.25,MACHINERY,e blithely carefully quick sheaves. furiously regular 
1357,turquoise goldenrod forest chiffon lace,SMALL BRUSHED BRASS,Brand#34,6374,5,96,22.00,27683.70,0.06,REG AIR,DELIVER IN PERSON,1995-08-08,1-URGENT,155144.63,22,Customer#000000022,"biUBW,0ldzWGT91Doo5b77G6N3Bp",3,13-806-545-9701,591.98,MACHINERY,s. theodolites nag blithely final packages. finall
1357,turquoise goldenrod forest chiffon lace,SMALL BRUSHED BRASS,Brand#34,6374,5,96,22.00,27683.70,0.06,REG AIR,DELIVER IN PERSON,1995-08-08,1-URGENT,155144.63,24,Customer#000000024,k3qlKjqtHuzNAvIFyZX2Yc1crXuMfMU6SbAl,13,23-127-851-8031,9255.67,MACHINERY,s. final hockey players snooze carefully furious
1357,turquoise goldenrod forest chiffon lace,SMALL BRUSHED BRASS,Brand#34,6374,5,96,22.00,27683.70,0.06,REG AIR,DELIVER IN PERSON,1995-08-08,1-URGENT,155144.63,26,Customer#000000026,TFH OW1MeFU6OIb,22,32-363-455-4837,5182.05,AUTOMOBILE,"gainst the express theodolites. deposits sleep furiously. regular, spe"
1357,turquoise goldenrod forest chiffon lace,SMALL BRUSHED BRASS,Brand#34,6374,5,96,22.00,27683.70,0.06,REG AIR,DELIVER IN PERSON,1995-08-08,1-URGENT,155144.63,27,Customer#000000027,"j8SkiuuBp gBe7,yT",3,13-137-193-2709,5679.84,BUILDING,permanently. slyly ironic dependencies integrat
1357,turquoise goldenrod forest chiffon lace,SMALL BRUSHED BRASS,Brand#34,6374,5,96,22.00,27683.70,0.06,REG AIR,DELIVER IN PERSON,1995-08-08,1-URGENT,155144.63,28,Customer#000000028,"J5tK,OQa07KQSuY5b4qRFYVYRF",8,18-774-241-1462,1007.18,FURNITURE,r accounts are quickly. boldly bold foxes haggle
1357,turquoise goldenrod forest chiffon lace,SMALL BRUSHED BRASS,Brand#34,6374,5,96,22.00,27683.70,0.06,REG AIR,DELIVER IN PERSON,1995-08-08,1-URGENT,155144.63,29,Customer#000000029, hVQNzLtqGpgUXNMY0wlZVstaf52mXXxJ,0,10-773-203-7342,7618.27,FURNITURE, nod furiously after the final accounts. courts nag qu
1357,turquoise goldenrod forest chiffon lace,SMALL BRUSHED BRASS,Brand#34,6374,5,96,22.00,27683.70,0.06,REG AIR,DELIVER IN PERSON,1995-08-08,1-URGENT,155144.63,30,Customer#000000030,EhnzmgkqQw7UXhF0PVdg gLfSAihaaHaD2fZah2,1,11-764-165-5076,9321.01,BUILDING,ep quickly slyly express accounts-- carefully eve
1357,turquoise goldenrod forest chiffon lace,SMALL BRUSHED BRASS,Brand#34,6374,5,96,22.00,27683.70,0.06,REG AIR,DELIVER IN PERSON,1995-08-08,1-URGENT,155144.63,32,Customer#000000032,"InYu1tIr6EjN0nozdpf3hHRA,8FBYIbU1OcYh",15,25-430-914-2194,3471.53,BUILDING,lly carefully unusual accounts. final attainment
1357,turquoise goldenrod forest chiffon lace,SMALL BRUSHED BRASS,Brand#34,6374,5,96,22.00,27683.70,0.06,REG AIR,DELIVER IN PERSON,1995-08-08,1-URGENT,155144.63,35,Customer#000000035,8mH4knWDpsifY,17,27-566-888-7431,1228.24,HOUSEHOLD,cies with the carefully regular sauternes engage caref
1357,turquoise goldenrod forest chiffon lace,SMALL BRUSHED BRASS,Brand#34,6374,5,96,22.00,27683.70,0.06,REG AIR,DELIVER IN PERSON,1995-08-08,1-URGENT,155144.63,36,Customer#000000036,"Y7wosIxbsBi,0nNiSG4V7",21,31-704-669-5769,4987.27,BUILDING,ys among the accounts affix blithely asymptotes. carefully even deposits are fluff
1357,turquoise goldenrod forest chiffon lace,SMALL BRUSHED BRASS,Brand#34,6374,5,96,22.00,27683.70,0.06,REG AIR,DELIVER IN PERSON,1995-08-08,1-URGENT,155144.63,37,Customer#000000037,Um5WbwJ0X8QCOy75y,8,18-385-235-7162,-917.75,FURNITURE,above the slyly regular accounts sleep along the carefull
1357,turquoise goldenrod forest chiffon lace,SMALL BRUSHED BRASS,Brand#34,6374,5,96,22.00,27683.70,0.06,REG AIR,DELIVER IN PERSON,1995-08-08,1-URGENT,155144.63,39,Customer#000000039,"EDP9K1bwtXYNLGCA2mrlOM1U,",2,12-387-467-6509,6264.31,AUTOMOBILE,eposits play across the furiousl
1357,turquoise goldenrod forest chiffon lace,SMALL BRUSHED BRASS,Brand#34,6374,5,96,22.00,27683.70,0.06,REG AIR,DELIVER IN PERSON,1995-08-08,1-URGENT,155144.63,40,Customer#000000040,"LcDk4rtJ85,CLw",3,13-652-915-8939,1335.30,BUILDING,y. brave accounts wake slyly ironic epitaphs; express packages h
1357,turquoise goldenrod forest chiffon lace,SMALL BRUSHED BRASS,Brand#34,6374,5,96,22.00,27683.70,0.06,REG AIR,DELIVER IN PERSON,1995-08-08,1-URGENT,155144.63,42,Customer#000000042,tI8 wutpGM,5,15-416-330-4175,8727.01,BUILDING,lphins. blithely bold requests about the special patterns detect quickly regular foxes. furiously express in
1357,turquoise goldenrod forest chiffon lace,SMALL BRUSHED BRASS,Brand#34,6374,5,96,22.00,27683.70,0.06,REG AIR,DELIVER IN PERSON,1995-08-08,1-URGENT,155144.63,43,Customer#000000043,Dx8PHkGSFJWLg3XtkzCX28iHRrQXbCRlN,19,29-316-665-2897,9904.28,MACHINERY,ronic pinto beans. packages sleep. furiously ruthless packages print blithely fluffily even platelets.
1357,turquoise goldenrod forest chiffon lace,SMALL BRUSHED BRASS,Brand#34,6374,5,96,22.00,27683.70,0.06,REG AIR,DELIVER IN PERSON,1995-08-08,1-URGENT,155144.63,44,Customer#000000044,"dI0Nc9bvnxXHCWu10bSVn,NEJ2kwdyqvI",16,26-190-260-5375,7315.94,AUTOMOBILE,"fily regular asymptotes. ironic, pend"
1357,turquoise goldenrod forest chiffon lace,SMALL BRUSHED BRASS,Brand#34,6374,5,96,22.00,27683.70,0.06,REG AIR,DELIVER IN PERSON,1995-08-08,1-URGENT,155144.63,45,Customer#000000045,XwXcOClKCcFek0oQDl0WFNo,9,19-715-298-9917,9983.38,AUTOMOBILE,l excuses are busy accounts. blithely
1357,turquoise goldenrod forest chiffon lace,SMALL BRUSHED BRASS,Brand#34,6374,5,96,22.00,27683.70,0.06,REG AIR,DELIVER IN PERSON,1995-08-08,1-URGENT,155144.63,46,Customer#000000046,"NQ7345EZ,fS",6,16-357-681-2007,5744.59,AUTOMOBILE,"equests integrate fluffily after the carefully special accounts. fluffily regular deposits eat slyly ironic, "
1357,turquoise goldenrod forest chiffon lace,SMALL BRUSHED BRASS,Brand#34,6374,5,96,22.00,27683.70,0.06,REG AIR,DELIVER IN PERSON,1995-08-08,1-URGENT,155144.63,48,Customer#000000048,076rIcJpxBmwMEdq,0,10-508-348-5882,3792.50,BUILDING, carefully. furiously bold accounts sleep slyly above the even accounts. ironic acc
1357,turquoise goldenrod forest chiffon lace,SMALL BRUSHED BRASS,Brand#34,6374,5,96,22.00,27683.70,0.06,REG AIR,DELIVER IN PERSON,1995-08-08,1-URGENT,155144.63,49,Customer#000000049,PdKqM4TlA OLTjaeRmvH7QWDu80USfslgqutF,10,20-908-631-4424,4573.94,FURNITURE,quests haggle! furiously unusual theodolites cajole carefully. t
1357,turquoise goldenrod forest chiffon lace,SMALL BRUSHED BRASS,Brand#34,6374,5,96,22.00,27683.70,0.06,REG AIR,DELIVER IN PERSON,1995-08-08,1-URGENT,155144.63,50,Customer#000000050,S8sn2GGsuputhZaN7irC,6,16-658-112-3221,4266.13,MACHINERY, ideas cajole. carefully even warthogs affix ironically quickly re
1357,turquoise goldenrod forest chiffon lace,SMALL BRUSHED BRASS,Brand#34,6374,5,96,22.00,27683.70,0.06,REG AIR,DELIVER IN PERSON,1995-08-08,1-URGENT,155144.63,54,Customer#000000054,1GWwLsVwmol4lt0KCz7m1,4,14-776-370-4745,868.90,AUTOMOBILE,are slyly. instructions sublate slyly. fluffily even packages among the slyly regular accounts hang along
1357,turquoise goldenrod forest chiffon lace,SMALL BRUSHED BRASS,Brand#34,6374,5,96,22.00,27683.70,0.06,REG AIR,DELIVER IN PERSON,1995-08-08,1-URGENT,155144.63,55,Customer#000000055,ti9p9XgdmFsjsQI6XQrISDUMFAusnmKS SBoCE,10,20-180-440-8525,4572.11,MACHINERY,dolites. bold instructions wake fluffily regular ideas. regular theodolites are furiously carefully unusual ac
1357,turquoise goldenrod forest chiffon lace,SMALL BRUSHED BRASS,Brand#34,6374,5,96,22.00,27683.70,0.06,REG AIR,DELIVER IN PERSON,1995-08-08,1-URGENT,155144.63,57,Customer#000000057,ST32P xcb94b46,21,31-835-306-1650,4151.93,AUTOMOBILE,thely pending deposits. packages cajole blithely slyly express requests. fl
1357,turquoise goldenrod forest chiffon lace,SMALL BRUSHED BRASS,Brand#34,6374,5,96,22.00,27683.70,0.06,REG AIR,DELIVER IN PERSON,1995-08-08,1-URGENT,155144.63,59,Customer#000000059,tfcob0wJRYdypIJLzBckGW,1,11-355-584-3112,3458.60,MACHINERY,s asymptotes wake. slyly ironic deposits haggle furiously; slyly regula
1357,turquoise goldenrod forest chiffon lace,SMALL BRUSHED BRASS,Brand#34,6374,5,96,22.00,27683.70,0.06,REG AIR,DELIVER IN PERSON,1995-08-08,1-URGENT,155144.63,60,Customer#000000060,"mtCNJIveoJ 1E6sUhs,j",12,22-480-575-5866,2741.87,MACHINERY,ts. accounts cajole carefully. carefully final requests across the even accounts affix slyly 
1357,turquoise goldenrod forest chiffon lace,SMALL BRUSHED BRASS,Brand#34,6374,5,96,22.00,27683.70,0.06,REG AIR,DELIVER IN PERSON,1995-08-08,1-URGENT,155144.63,61,Customer#000000061,SGDNwNWmqhvJKXwNlrpL4 TqAdz7XRDrKyAIQ2m,17,27-626-559-8599,1536.24,FURNITURE, slyly. quickly unusual deposits haggle furiousl
1357,turquoise goldenrod forest chiffon lace,SMALL BRUSHED BRASS,Brand#34,6374,5,96,22.00,27683.70,0.06,REG AIR,DELIVER IN PERSON,1995-08-08,1-URGENT,155144.63,62,Customer#000000062,yBhgYoDvZX1,7,17-361-978-7059,595.61,MACHINERY,e carefully final requests. fluffily regular deposits haggle among the ironic warhors
1357,turquoise goldenrod forest chiffon lace,SMALL BRUSHED BRASS,Brand#34,6374,5,96,22.00,27683.70,0.06,REG AIR,DELIVER IN PERSON,1995-08-08,1-URGENT,155144.63,63,Customer#000000063,j398B6441 Rgii,21,31-952-552-9584,9331.13,AUTOMOBILE,ar pinto beans nag furiously furiously regular ideas. d
1357,turquoise goldenrod forest chiffon lace,SMALL BRUSHED BRASS,Brand#34,6374,5,96,22.00,27683.70,0.06,REG AIR,DELIVER IN PERSON,1995-08-08,1-URGENT,155144.63,64,Customer#000000064,"fPoMk3Y,GQhgXCQGhn0c8",3,13-558-731-7204,-646.64,BUILDING,hely unusual deposits sleep furiously express requests. c
1357,turquoise goldenrod forest chiffon lace,SMALL BRUSHED BRASS,Brand#34,6374,5,96,22.00,27683.70,0.06,REG AIR,DELIVER IN PERSON,1995-08-08,1-URGENT,155144.63,65,Customer#000000065,"ak7rtta,tWG,jR,cTSXflW6RVQ3alna3P4Q,zF03",23,33-733-623-5267,8795.16,AUTOMOBILE,"ironic courts sleep slyly above the ironic, bold accounts. blithely"
1357,turquoise goldenrod forest chiffon lace,SMALL BRUSHED BRASS,Brand#34,6374,5,96,22.00,27683.70,0.06,REG AIR,DELIVER IN PERSON,1995-08-08,1-URGENT,155144.63,67,Customer#000000067,"ALk,OdKy V5SruigGvBRMBo8S",9,19-403-114-4356,8166.59,MACHINERY, special sentiments. pending depen
1357,turquoise goldenrod forest chiffon lace,SMALL BRUSHED BRASS,Brand#34,6374,5,96,22.00,27683.70,0.06,REG AIR,DELIVER IN PERSON,1995-08-08,1-URGENT,155144.63,69,Customer#000000069,"gyuZTEcR4vKyNPMSa15ueKbRS6Tu4RUxw8j,B mv",9,19-225-978-5670,1709.28,HOUSEHOLD, sauternes against the silent foxes are slyly quickly special deposits. slyly final foxes integrate furiously. care
1357,turquoise goldenrod forest chiffon lace,SMALL BRUSHED BRASS,Brand#34,6374,5,96,22.00,27683.70,0.06,REG AIR,DELIVER IN PERSON,1995-08-08,1-URGENT,155144.63,71,Customer#000000071,8FkQFLN34pFe50URKft43ntisSegsO3SKF0wUyZp,7,17-710-812-5403,-611.19,HOUSEHOLD,e slyly about the slyly bold theodolites. furiously regular deposits a
1357,turquoise goldenrod forest chiffon lace,SMALL BRUSHED BRASS,Brand#34,6374,5,96,22.00,27683.70,0.06,REG AIR,DELIVER IN PERSON,1995-08-08,1-URGENT,155144.63,73,Customer#000000073,TiJiuAMxW6LUyyVFCKW,0,10-473-439-3214,4288.50,BUILDING, carefully pending packages to the pearls affix quick
1357,turquoise goldenrod forest chiffon lace,SMALL BRUSHED BRASS,Brand#34,6374,5,96,22.00,27683.70,0.06,REG AIR,DELIVER IN PERSON,1995-08-08,1-URGENT,155144.63,74,Customer#000000074,jGhjorX17JmTAfT6gO 6sD9fF1GtFLs,4,14-199-862-7209,2764.43,MACHINERY,ithely special excuses. regular deposits cajole furiously finally
1357,turquoise goldenrod forest chiffon lace,SMALL BRUSHED BRASS,Brand#34,6374,5,96,22.00,27683.70,0.06,REG AIR,DELIVER IN PERSON,1995-08-08,1-URGENT,155144.63,75,Customer#000000075,oJrUH20Ovu5fgaLagGIkAswUBF,18,28-247-803-9025,6684.10,AUTOMOBILE,"ronic foxes after the brave hockey players haggle after the slyly ironic courts. even, regular"
1357,turquoise goldenrod forest chiffon lace,SMALL BRUSHED BRASS,Brand#34,6374,5,96,22.00,27683.70,0.06,REG AIR,DELIVER IN PERSON,1995-08-08,1-URGENT,155144.63,77,Customer#000000077,XyqmVhNelkoWPtjz3lRYxu,17,27-269-357-4674,1738.87,BUILDING, slyly. furiously final accounts sleep slyly among the ironic packages. quickly pending deposits inte
1357,turquoise goldenrod forest chiffon lace,SMALL BRUSHED BRASS,Brand#34,6374,5,96,22.00,27683.70,0.06,REG AIR,DELIVER IN PERSON,1995-08-08,1-URGENT,155144.63,78,Customer#000000078,"kpcyQ11dABLX6YO9f,GPALyGbws3",9,19-960-700-9191,7136.97,FURNITURE,uriously above the slyly final de
1357,turquoise goldenrod forest chiffon lace,SMALL BRUSHED BRASS,Brand#34,6374,5,96,22.00,27683.70,0.06,REG AIR,DELIVER IN PERSON,1995-08-08,1-URGENT,155144.63,79,Customer#000000079,EVJjYMyG59w4SINzn0pEfY,15,25-147-850-4166,5121.28,MACHINERY,iously even pinto beans hinder final deposits. carefully final accounts along the final theodolites integrate caref
1357,turquoise goldenrod forest chiffon lace,SMALL BRUSHED BRASS,Brand#34,6374,5,96,22.00,27683.70,0.06,REG AIR,DELIVER IN PERSON,1995-08-08,1-URGENT,155144.63,81,Customer#000000081,9jUFbrThIIeoUNd8 9,20,30-165-277-3269,2023.71,BUILDING,s against the ironic packages haggle carefully above the slyly express pinto beans
1357,turquoise goldenrod forest chiffon lace,SMALL BRUSHED BRASS,Brand#34,6374,5,96,22.00,27683.70,0.06,REG AIR,DELIVER IN PERSON,1995-08-08,1-URGENT,155144.63,82,Customer#000000082,tJkXm2PQBWPRRYkIXPg0YdM03E,18,28-159-442-5305,9468.34,AUTOMOBILE,old requests. slyly bold courts sleep carefully packag
1357,turquoise goldenrod forest chiffon lace,SMALL BRUSHED BRASS,Brand#34,6374,5,96,22.00,27683.70,0.06,REG AIR,DELIVER IN PERSON,1995-08-08,1-URGENT,155144.63,83,Customer#000000083,"kDJ7dqVuBD9lY,hqjW2O UBz5EGoX9oL",22,32-817-154-4122,6463.51,BUILDING,into beans alongside of the furiously silent theodolites haggle carefully slyly final sauternes. requests cajol
1357,turquoise goldenrod forest chiffon lace,SMALL BRUSHED BRASS,Brand#34,6374,5,96,22.00,27683.70,0.06,REG AIR,DELIVER IN PERSON,1995-08-08,1-URGENT,155144.63,84,Customer#000000084,GB3sUmv RRXV DPzeOSbGxMIF9Z4Eq9 rop,11,21-546-818-3802,5174.71,FURNITURE,ounts. blithely express theodolites nag carefully ironic pinto beans. carefully final 
1357,turquoise goldenrod forest chiffon lace,SMALL BRUSHED BRASS,Brand#34,6374,5,96,22.00,27683.70,0.06,REG AIR,DELIVER IN PERSON,1995-08-08,1-URGENT,155144.63,85,Customer#000000085, I9M GnvICGJ29rTlKGzDMstOgH,5,15-745-585-8219,3386.64,FURNITURE,nts. blithely unusual pinto beans along
1357,turquoise goldenrod forest chiffon lace,SMALL BRUSHED BRASS,Brand#34,6374,5,96,22.00,27683.70,0.06,REG AIR,DELIVER IN PERSON,1995-08-08,1-URGENT,155144.63,88,Customer#000000088,wyGHpeRMt mxmd8fEelFiXMTHnVg3OL,16,26-516-273-2566,8031.44,AUTOMOBILE,ts. unusual foxes use excuses; final courts doubt special packages. furiously regular platelets abo
1357,turquoise goldenrod forest chiffon lace,SMALL BRUSHED BRASS,Brand#34,6374,5,96,22.00,27683.70,0.06,REG AIR,DELIVER IN PERSON,1995-08-08,1-URGENT,155144.63,90,Customer#000000090,buosjU5uu274vLfU,16,26-603-491-1238,7354.23,BUILDING,lyly bold pinto beans use alon
1357,turquoise goldenrod forest chiffon lace,SMALL BRUSHED BRASS,Brand#34,6374,5,96,22.00,27683.70,0.06,REG AIR,DELIVER IN PERSON,1995-08-08,1-URGENT,155144.63,92,Customer#000000092,DPbrb7fGYfkrfAdm0gRJPPdADgqGh5 FVuA9 20,2,12-446-416-8471,1182.91,MACHINERY,sy theodolites. furiously ironic packages a
1357,turquoise goldenrod forest chiffon lace,SMALL BRUSHED BRASS,Brand#34,6374,5,96,22.00,27683.70,0.06,REG AIR,DELIVER IN PERSON,1995-08-08,1-URGENT,155144.63,93,Customer#000000093,nj3p ZakNJ,7,17-359-388-5266,2182.52,MACHINERY,gular decoys after the slyly ruthless deposit
1357,turquoise goldenrod forest chiffon lace,SMALL BRUSHED BRASS,Brand#34,6374,5,96,22.00,27683.70,0.06,REG AIR,DELIVER IN PERSON,1995-08-08,1-URGENT,155144.63,95,Customer#000000095,"n6,uwF4wcE76DVh1YsSVoatkTbohR3BT",15,25-923-255-2929,5327.38,MACHINERY,ly regular dinos. ironic requests haggle. slyly final accounts haggle slyly across the carefully exp
1357,turquoise goldenrod forest chiffon lace,SMALL BRUSHED BRASS,Brand#34,6374,5,96,22.00,27683.70,0.06,REG AIR,DELIVER IN PERSON,1995-08-08,1-URGENT,155144.63,96,Customer#000000096,x4fc F3J99,8,18-422-845-1202,6323.92,AUTOMOBILE,lyly brave platelets are furiously above the fluffily sly theodolites. quickly ev
1357,turquoise goldenrod forest chiffon lace,SMALL BRUSHED BRASS,Brand#34,6374,5,96,22.00,27683.70,0.06,REG AIR,DELIVER IN PERSON,1995-08-08,1-URGENT,155144.63,97,Customer#000000097,"dqBtMIPJhk1,ivXIr NZf",17,27-588-919-5638,2164.48,AUTOMOBILE,cial instructions. dependencies boost furiously; quickly final requests w
1357,turquoise goldenrod forest chiffon lace,SMALL BRUSHED BRASS,Brand#34,6374,5,96,22.00,27683.70,0.06,REG AIR,DELIVER IN PERSON,1995-08-08,1-URGENT,155144.63,98,Customer#000000098,UtIJM4d8BxnqvPzwn4,12,22-885-845-6889,-551.37,BUILDING,ges. quickly regular theodolites wake. blithely unusual packages wake fluffil
1357,turquoise goldenrod forest chiffon lace,SMALL BRUSHED BRASS,Brand#34,6374,5,96,22.00,27683.70,0.06,REG AIR,DELIVER IN PERSON,1995-08-08,1-URGENT,155144.63,100,Customer#000000100,MBy6qq3OEGpV4u,20,30-749-445-4907,9889.89,FURNITURE,"dazzle carefully furiously final foxes. express, ironic packages among the qui"
1392,indian pale peru honeydew forest,MEDIUM BRUSHED BRASS,Brand#54,43363,3,31,22.00,28454.58,0.05,REG AIR,DELIVER IN PERSON,1995-09-06,1-URGENT,204474.25,1,Customer#000000001,j5JsirBM9PsCy0O1m,15,25-989-741-2988,711.56,BUILDING,y final requests wake slyly quickly special accounts. blithely
1392,indian pale peru honeydew forest,MEDIUM BRUSHED BRASS,Brand#54,43363,3,31,22.00,28454.58,0.05,REG AIR,DELIVER IN PERSON,1995-09-06,1-URGENT,204474.25,3,Customer#000000003,fkRGN8nY4pkE,1,11-719-748-3364,7498.12,AUTOMOBILE,fully. carefully silent instructions sleep alongside of the slyly regular asymptotes. quickly regular 
1392,indian pale peru honeydew forest,MEDIUM BRUSHED BRASS,Brand#54,43363,3,31,22.00,28454.58,0.05,REG AIR,DELIVER IN PERSON,1995-09-06,1-URGENT,204474.25,4,Customer#000000004,4u58h fqkyE,4,14-128-190-5944,2866.83,MACHINERY, sublate. fluffily even instructions are about th
1392,indian pale peru honeydew forest,MEDIUM BRUSHED BRASS,Brand#54,43363,3,31,22.00,28454.58,0.05,REG AIR,DELIVER IN PERSON,1995-09-06,1-URGENT,204474.25,5,Customer#000000005,hwBtxkoBF qSW4KrIk5U 2B1AU7H,3,13-750-942-6364,794.47,HOUSEHOLD,equests haggle furiously against the pending packa
1392,indian pale peru honeydew forest,MEDIUM BRUSHED BRASS,Brand#54,43363,3,31,22.00,28454.58,0.05,REG AIR,DELIVER IN PERSON,1995-09-06,1-URGENT,204474.25,6,Customer#000000006," g1s,pzDenUEBW3O,2 pxu0f9n2g64rJrt5E",20,30-114-968-4951,7638.57,AUTOMOBILE, quickly silent asymptotes are slyly regular excuses. instructions wake furiously? quickly bold courts p
1392,indian pale peru honeydew forest,MEDIUM BRUSHED BRASS,Brand#54,43363,3,31,22.00,28454.58,0.05,REG AIR,DELIVER IN PERSON,1995-09-06,1-URGENT,204474.25,7,Customer#000000007,8OkMVLQ1dK6Mbu6WG9 w4pLGQ n7MQ,18,28-190-982-9759,9561.95,AUTOMOBILE,"ounts. ironic, regular accounts sleep. final requests haggle quickly after the"
1392,indian pale peru honeydew forest,MEDIUM BRUSHED BRASS,Brand#54,43363,3,31,22.00,28454.58,0.05,REG AIR,DELIVER IN PERSON,1995-09-06,1-URGENT,204474.25,8,Customer#000000008,"j,pZ,Qp,qtFEo0r0c 92qobZtlhSuOqbE4JGV",17,27-147-574-9335,6819.74,BUILDING,riously final excuses sublate quickly among the fluffily even foxes. quickly final packages haggle furiously furi
1392,indian pale peru honeydew forest,MEDIUM BRUSHED BRASS,Brand#54,43363,3,31,22.00,28454.58,0.05,REG AIR,DELIVER IN PERSON,1995-09-06,1-URGENT,204474.25,9,Customer#000000009,vgIql8H6zoyuLMFNdAMLyE7 H9,8,18-338-906-3675,8324.07,FURNITURE,ss pinto beans believe slyly quiet deposits-- doggedly bold packages boost. quickly ironic de
1392,indian pale peru honeydew forest,MEDIUM BRUSHED BRASS,Brand#54,43363,3,31,22.00,28454.58,0.05,REG AIR,DELIVER IN PERSON,1995-09-06,1-URGENT,204474.25,11,Customer#000000011,cG48rYjF3Aw7xs hKUXXqmI,23,33-464-151-3439,-272.60,BUILDING,ng to the regular foxes. furiously final deposits across the final platelets cajole quickly above th
1392,indian pale peru honeydew forest,MEDIUM BRUSHED BRASS,Brand#54,43363,3,31,22.00,28454.58,0.05,REG AIR,DELIVER IN PERSON,1995-09-06,1-URGENT,204474.25,13,Customer#000000013,Ez3ax0D5HnUbeUVSxoX8a8B,3,13-761-547-5974,3857.34,BUILDING,quickly brave foxes. blithely even packages against the pinto beans boost furiously against the re
1392,indian pale peru honeydew forest,MEDIUM BRUSHED BRASS,Brand#54,43363,3,31,22.00,28454.58,0.05,REG AIR,DELIVER IN PERSON,1995-09-06,1-URGENT,204474.25,14,Customer#000000014,h3GFMzeFfYiamqr,1,11-845-129-3851,5266.30,FURNITURE,"r, express foxes cajole slyly aga"
1392,indian pale peru honeydew forest,MEDIUM BRUSHED BRASS,Brand#54,43363,3,31,22.00,28454.58,0.05,REG AIR,DELIVER IN PERSON,1995-09-06,1-URGENT,204474.25,17,Customer#000000017,Js JrVHNAyCYMANzPGzvonS8kX8s3 yeLi3u9T,2,12-970-682-3487,6.34,AUTOMOBILE, fluffily final packages. slyly f
1392,indian pale peru honeydew forest,MEDIUM BRUSHED BRASS,Brand#54,43363,3,31,22.00,28454.58,0.05,REG AIR,DELIVER IN PERSON,1995-09-06,1-URGENT,204474.25,18,Customer#000000018,YyukcsqIxlyuXs702Rd2Rl9D1z,6,16-155-215-1315,5494.43,BUILDING,ickly even packages about the unusual dependencies cajole furious
1392,indian pale peru honeydew forest,MEDIUM BRUSHED BRASS,Brand#54,43363,3,31,22.00,28454.58,0.05,REG AIR,DELIVER IN PERSON,1995-09-06,1-URGENT,204474.25,20,Customer#000000020,i bGScABFHXdM,22,32-957-234-8742,7603.40,FURNITURE,"uickly regular instructions hang silent dugouts! regular, regular fox"
1392,indian pale peru honeydew forest,MEDIUM BRUSHED BRASS,Brand#54,43363,3,31,22.00,28454.58,0.05,REG AIR,DELIVER IN PERSON,1995-09-06,1-URGENT,204474.25,21,Customer#000000021,42E5BARtqjomD,8,18-902-614-8344,1428.25,MACHINERY,e blithely carefully quick sheaves. furiously regular 
1392,indian pale peru honeydew forest,MEDIUM BRUSHED BRASS,Brand#54,43363,3,31,22.00,28454.58,0.05,REG AIR,DELIVER IN PERSON,1995-09-06,1-URGENT,204474.25,22,Customer#000000022,"biUBW,0ldzWGT91Doo5b77G6N3Bp",3,13-806-545-9701,591.98,MACHINERY,s. theodolites nag blithely final packages. finall
1392,indian pale peru honeydew forest,MEDIUM BRUSHED BRASS,Brand#54,43363,3,31,22.00,28454.58,0.05,REG AIR,DELIVER IN PERSON,1995-09-06,1-URGENT,204474.25,24,Customer#000000024,k3qlKjqtHuzNAvIFyZX2Yc1crXuMfMU6SbAl,13,23-127-851-8031,9255.67,MACHINERY,s. final hockey players snooze carefully furious
1392,indian pale peru honeydew forest,MEDIUM BRUSHED BRASS,Brand#54,43363,3,31,22.00,28454.58,0.05,REG AIR,DELIVER IN PERSON,1995-09-06,1-URGENT,204474.25,26,Customer#000000026,TFH OW1MeFU6OIb,22,32-363-455-4837,5182.05,AUTOMOBILE,"gainst the express theodolites. deposits sleep furiously. regular, spe"
1392,indian pale peru honeydew forest,MEDIUM BRUSHED BRASS,Brand#54,43363,3,31,22.00,28454.58,0.05,REG AIR,DELIVER IN PERSON,1995-09-06,1-URGENT,204474.25,27,Customer#000000027,"j8SkiuuBp gBe7,yT",3,13-137-193-2709,5679.84,BUILDING,permanently. slyly ironic dependencies integrat
1392,indian pale peru honeydew forest,MEDIUM BRUSHED BRASS,Brand#54,43363,3,31,22.00,28454.58,0.05,REG AIR,DELIVER IN PERSON,1995-09-06,1-URGENT,204474.25,28,Customer#000000028,"J5tK,OQa07KQSuY5b4qRFYVYRF",8,18-774-241-1462,1007.18,FURNITURE,r accounts are quickly. boldly bold foxes haggle
1392,indian pale peru honeydew forest,MEDIUM BRUSHED BRASS,Brand#54,43363,3,31,22.00,28454.58,0.05,REG AIR,DELIVER IN PERSON,1995-09-06,1-URGENT,204474.25,29,Customer#000000029, hVQNzLtqGpgUXNMY0wlZVstaf52mXXxJ,0,10-773-203-7342,7618.27,FURNITURE, nod furiously after the final accounts. courts nag qu
1392,indian pale peru honeydew forest,MEDIUM BRUSHED BRASS,Brand#54,43363,3,31,22.00,28454.58,0.05,REG AIR,DELIVER IN PERSON,1995-09-06,1-URGENT,204474.25,30,Customer#000000030,EhnzmgkqQw7UXhF0PVdg gLfSAihaaHaD2fZah2,1,11-764-165-5076,9321.01,BUILDING,ep quickly slyly express accounts-- carefully eve
1392,indian pale peru honeydew forest,MEDIUM BRUSHED BRASS,Brand#54,43363,3,31,22.00,28454.58,0.05,REG AIR,DELIVER IN PERSON,1995-09-06,1-URGENT,204474.25,32,Customer#000000032,"InYu1tIr6EjN0nozdpf3hHRA,8FBYIbU1OcYh",15,25-430-914-2194,3471.53,BUILDING,lly carefully unusual accounts. final attainment
1392,indian pale peru honeydew forest,MEDIUM BRUSHED BRASS,Brand#54,43363,3,31,22.00,28454.58,0.05,REG AIR,DELIVER IN PERSON,1995-09-06,1-URGENT,204474.25,35,Customer#000000035,8mH4knWDpsifY,17,27-566-888-7431,1228.24,HOUSEHOLD,cies with the carefully regular sauternes engage caref
1392,indian pale peru honeydew forest,MEDIUM BRUSHED BRASS,Brand#54,43363,3,31,22.00,28454.58,0.05,REG AIR,DELIVER IN PERSON,1995-09-06,1-URGENT,204474.25,36,Customer#000000036,"Y7wosIxbsBi,0nNiSG4V7",21,31-704-669-5769,4987.27,BUILDING,ys among the accounts affix blithely asymptotes. carefully even deposits are fluff
1392,indian pale peru honeydew forest,MEDIUM BRUSHED BRASS,Brand#54,43363,3,31,22.00,28454.58,0.05,REG AIR,DELIVER IN PERSON,1995-09-06,1-URGENT,204474.25,37,Customer#000000037,Um5WbwJ0X8QCOy75y,8,18-385-235-7162,-917.75,FURNITURE,above the slyly regular accounts sleep along the carefull
1392,indian pale peru honeydew forest,MEDIUM BRUSHED BRASS,Brand#54,43363,3,31,22.00,28454.58,0.05,REG AIR,DELIVER IN PERSON,1995-09-06,1-URGENT,204474.25,39,Customer#000000039,"EDP9K1bwtXYNLGCA2mrlOM1U,",2,12-387-467-6509,6264.31,AUTOMOBILE,eposits play across the furiousl
1392,indian pale peru honeydew forest,MEDIUM BRUSHED BRASS,Brand#54,43363,3,31,22.00,28454.58,0.05,REG AIR,DELIVER IN PERSON,1995-09-06,1-URGENT,204474.25,40,Customer#000000040,"LcDk4rtJ85,CLw",3,13-652-915-8939,1335.30,BUILDING,y. brave accounts wake slyly ironic epitaphs; express packages h
1392,indian pale peru honeydew forest,MEDIUM BRUSHED BRASS,Brand#54,43363,3,31,22.00,28454.58,0.05,REG AIR,DELIVER IN PERSON,1995-09-06,1-URGENT,204474.25,42,Customer#000000042,tI8 wutpGM,5,15-416-330-4175,8727.01,BUILDING,lphins. blithely bold requests about the special patterns detect quickly regular foxes. furiously express in
1392,indian pale peru honeydew forest,MEDIUM BRUSHED BRASS,Brand#54,43363,3,31,22.00,28454.58,0.05,REG AIR,DELIVER IN PERSON,1995-09-06,1-URGENT,204474.25,43,Customer#000000043,Dx8PHkGSFJWLg3XtkzCX28iHRrQXbCRlN,19,29-316-665-2897,9904.28,MACHINERY,ronic pinto beans. packages sleep. furiously ruthless packages print blithely fluffily even platelets.
1392,indian pale peru honeydew forest,MEDIUM BRUSHED BRASS,Brand#54,43363,3,31,22.00,28454.58,0.05,REG AIR,DELIVER IN PERSON,1995-09-06,1-URGENT,204474.25,44,Customer#000000044,"dI0Nc9bvnxXHCWu10bSVn,NEJ2kwdyqvI",16,26-190-260-5375,7315.94,AUTOMOBILE,"fily regular asymptotes. ironic, pend"
1392,indian pale peru honeydew forest,MEDIUM BRUSHED BRASS,Brand#54,43363,3,31,22.00,28454.58,0.05,REG AIR,DELIVER IN PERSON,1995-09-06,1-URGENT,204474.25,45,Customer#000000045,XwXcOClKCcFek0oQDl0WFNo,9,19-715-298-9917,9983.38,AUTOMOBILE,l excuses are busy accounts. blithely
1392,indian pale peru honeydew forest,MEDIUM BRUSHED BRASS,Brand#54,43363,3,31,22.00,28454.58,0.05,REG AIR,DELIVER IN PERSON,1995-09-06,1-URGENT,204474.25,46,Customer#000000046,"NQ7345EZ,fS",6,16-357-681-2007,5744.59,AUTOMOBILE,"equests integrate fluffily after the carefully special accounts. fluffily regular deposits eat slyly ironic, "
1392,indian pale peru honeydew forest,MEDIUM BRUSHED BRASS,Brand#54,43363,3,31,22.00,28454.58,0.05,REG AIR,DELIVER IN PERSON,1995-09-06,1-URGENT,204474.25,48,Customer#000000048,076rIcJpxBmwMEdq,0,10-508-348-5882,3792.50,BUILDING, carefully. furiously bold accounts sleep slyly above the even accounts. ironic acc
1392,indian pale peru honeydew forest,MEDIUM BRUSHED BRASS,Brand#54,43363,3,31,22.00,28454.58,0.05,REG AIR,DELIVER IN PERSON,1995-09-06,1-URGENT,204474.25,49,Customer#000000049,PdKqM4TlA OLTjaeRmvH7QWDu80USfslgqutF,10,20-908-631-4424,4573.94,FURNITURE,quests haggle! furiously unusual theodolites cajole carefully. t
1392,indian pale peru honeydew forest,MEDIUM BRUSHED BRASS,Brand#54,43363,3,31,22.00,28454.58,0.05,REG AIR,DELIVER IN PERSON,1995-09-06,1-URGENT,204474.25,50,Customer#000000050,S8sn2GGsuputhZaN7irC,6,16-658-112-3221,4266.13,MACHINERY, ideas cajole. carefully even warthogs affix ironically quickly re
1392,indian pale peru honeydew forest,MEDIUM BRUSHED BRASS,Brand#54,43363,3,31,22.00,28454.58,0.05,REG AIR,DELIVER IN PERSON,1995-09-06,1-URGENT,204474.25,54,Customer#000000054,1GWwLsVwmol4lt0KCz7m1,4,14-776-370-4745,868.90,AUTOMOBILE,are slyly. instructions sublate slyly. fluffily even packages among the slyly regular accounts hang along
1392,indian pale peru honeydew forest,MEDIUM BRUSHED BRASS,Brand#54,43363,3,31,22.00,28454.58,0.05,REG AIR,DELIVER IN PERSON,1995-09-06,1-URGENT,204474.25,55,Customer#000000055,ti9p9XgdmFsjsQI6XQrISDUMFAusnmKS SBoCE,10,20-180-440-8525,4572.11,MACHINERY,dolites. bold instructions wake fluffily regular ideas. regular theodolites are furiously carefully unusual ac
1392,indian pale peru honeydew forest,MEDIUM BRUSHED BRASS,Brand#54,43363,3,31,22.00,28454.58,0.05,REG AIR,DELIVER IN PERSON,1995-09-06,1-URGENT,204474.25,57,Customer#000000057,ST32P xcb94b46,21,31-835-306-1650,4151.93,AUTOMOBILE,thely pending deposits. packages cajole blithely slyly express requests. fl
1392,indian pale peru honeydew forest,MEDIUM BRUSHED BRASS,Brand#54,43363,3,31,22.00,28454.58,0.05,REG AIR,DELIVER IN PERSON,1995-09-06,1-URGENT,204474.25,59,Customer#000000059,tfcob0wJRYdypIJLzBckGW,1,11-355-584-3112,3458.60,MACHINERY,s asymptotes wake. slyly ironic deposits haggle furiously; slyly regula
1392,indian pale peru honeydew forest,MEDIUM BRUSHED BRASS,Brand#54,43363,3,31,22.00,28454.58,0.05,REG AIR,DELIVER IN PERSON,1995-09-06,1-URGENT,204474.25,60,Customer#000000060,"mtCNJIveoJ 1E6sUhs,j",12,22-480-575-5866,2741.87,MACHINERY,ts. accounts cajole carefully. carefully final requests across the even accounts affix slyly 
1392,indian pale peru honeydew forest,MEDIUM BRUSHED BRASS,Brand#54,43363,3,31,22.00,28454.58,0.05,REG AIR,DELIVER IN PERSON,1995-09-06,1-URGENT,204474.25,61,Customer#000000061,SGDNwNWmqhvJKXwNlrpL4 TqAdz7XRDrKyAIQ2m,17,27-626-559-8599,1536.24,FURNITURE, slyly. quickly unusual deposits haggle furiousl
1392,indian pale peru honeydew forest,MEDIUM BRUSHED BRASS,Brand#54,43363,3,31,22.00,28454.58,0.05,REG AIR,DELIVER IN PERSON,1995-09-06,1-URGENT,204474.25,62,Customer#000000062,yBhgYoDvZX1,7,17-361-978-7059,595.61,MACHINERY,e carefully final requests. fluffily regular deposits haggle among the ironic warhors
1392,indian pale peru honeydew forest,MEDIUM BRUSHED BRASS,Brand#54,43363,3,31,22.00,28454.58,0.05,REG AIR,DELIVER IN PERSON,1995-09-06,1-URGENT,204474.25,63,Customer#000000063,j398B6441 Rgii,21,31-952-552-9584,9331.13,AUTOMOBILE,ar pinto beans nag furiously furiously regular ideas. d
1392,indian pale peru honeydew forest,MEDIUM BRUSHED BRASS,Brand#54,43363,3,31,22.00,28454.58,0.05,REG AIR,DELIVER IN PERSON,1995-09-06,1-URGENT,204474.25,64,Customer#000000064,"fPoMk3Y,GQhgXCQGhn0c8",3,13-558-731-7204,-646.64,BUILDING,hely unusual deposits sleep furiously express requests. c
1392,indian pale peru honeydew forest,MEDIUM BRUSHED BRASS,Brand#54,43363,3,31,22.00,28454.58,0.05,REG AIR,DELIVER IN PERSON,1995-09-06,1-URGENT,204474.25,65,Customer#000000065,"ak7rtta,tWG,jR,cTSXflW6RVQ3alna3P4Q,zF03",23,33-733-623-5267,8795.16,AUTOMOBILE,"ironic courts sleep slyly above the ironic, bold accounts. blithely"
1392,indian pale peru honeydew forest,MEDIUM BRUSHED BRASS,Brand#54,43363,3,31,22.00,28454.58,0.05,REG AIR,DELIVER IN PERSON,1995-09-06,1-URGENT,204474.25,67,Customer#000000067,"ALk,OdKy V5SruigGvBRMBo8S",9,19-403-114-4356,8166.59,MACHINERY, special sentiments. pending depen
1392,indian pale peru honeydew forest,MEDIUM BRUSHED BRASS,Brand#54,43363,3,31,22.00,28454.58,0.05,REG AIR,DELIVER IN PERSON,1995-09-06,1-URGENT,204474.25,69,Customer#000000069,"gyuZTEcR4vKyNPMSa15ueKbRS6Tu4RUxw8j,B mv",9,19-225-978-5670,1709.28,HOUSEHOLD, sauternes against the silent foxes are slyly quickly special deposits. slyly final foxes integrate furiously. care
1392,indian pale peru honeydew forest,MEDIUM BRUSHED BRASS,Brand#54,43363,3,31,22.00,28454.58,0.05,REG AIR,DELIVER IN PERSON,1995-09-06,1-URGENT,204474.25,71,Customer#000000071,8FkQFLN34pFe50URKft43ntisSegsO3SKF0wUyZp,7,17-710-812-5403,-611.19,HOUSEHOLD,e slyly about the slyly bold theodolites. furiously regular deposits a
1392,indian pale peru honeydew forest,MEDIUM BRUSHED BRASS,Brand#54,43363,3,31,22.00,28454.58,0.05,REG AIR,DELIVER IN PERSON,1995-09-06,1-URGENT,204474.25,73,Customer#000000073,TiJiuAMxW6LUyyVFCKW,0,10-473-439-3214,4288.50,BUILDING, carefully pending packages to the pearls affix quick
1392,indian pale peru honeydew forest,MEDIUM BRUSHED BRASS,Brand#54,43363,3,31,22.00,28454.58,0.05,REG AIR,DELIVER IN PERSON,1995-09-06,1-URGENT,204474.25,74,Customer#000000074,jGhjorX17JmTAfT6gO 6sD9fF1GtFLs,4,14-199-862-7209,2764.43,MACHINERY,ithely special excuses. regular deposits cajole furiously finally
1392,indian pale peru honeydew forest,MEDIUM BRUSHED BRASS,Brand#54,43363,3,31,22.00,28454.58,0.05,REG AIR,DELIVER IN PERSON,1995-09-06,1-URGENT,204474.25,75,Customer#000000075,oJrUH20Ovu5fgaLagGIkAswUBF,18,28-247-803-9025,6684.10,AUTOMOBILE,"ronic foxes after the brave hockey players haggle after the slyly ironic courts. even, regular"
1392,indian pale peru honeydew forest,MEDIUM BRUSHED BRASS,Brand#54,43363,3,31,22.00,28454.58,0.05,REG AIR,DELIVER IN PERSON,1995-09-06,1-URGENT,204474.25,77,Customer#000000077,XyqmVhNelkoWPtjz3lRYxu,17,27-269-357-4674,1738.87,BUILDING, slyly. furiously final accounts sleep slyly among the ironic packages. quickly pending deposits inte
1392,indian pale peru honeydew forest,MEDIUM BRUSHED BRASS,Brand#54,43363,3,31,22.00,28454.58,0.05,REG AIR,DELIVER IN PERSON,1995-09-06,1-URGENT,204474.25,78,Customer#000000078,"kpcyQ11dABLX6YO9f,GPALyGbws3",9,19-960-700-9191,7136.97,FURNITURE,uriously above the slyly final de
1392,indian pale peru honeydew forest,MEDIUM BRUSHED BRASS,Brand#54,43363,3,31,22.00,28454.58,0.05,REG AIR,DELIVER IN PERSON,1995-09-06,1-URGENT,204474.25,79,Customer#000000079,EVJjYMyG59w4SINzn0pEfY,15,25-147-850-4166,5121.28,MACHINERY,iously even pinto beans hinder final deposits. carefully final accounts along the final theodolites integrate caref
1392,indian pale peru honeydew forest,MEDIUM BRUSHED BRASS,Brand#54,43363,3,31,22.00,28454.58,0.05,REG AIR,DELIVER IN PERSON,1995-09-06,1-URGENT,204474.25,81,Customer#000000081,9jUFbrThIIeoUNd8 9,20,30-165-277-3269,2023.71,BUILDING,s against the ironic packages haggle carefully above the slyly express pinto beans
1392,indian pale peru honeydew forest,MEDIUM BRUSHED BRASS,Brand#54,43363,3,31,22.00,28454.58,0.05,REG AIR,DELIVER IN PERSON,1995-09-06,1-URGENT,204474.25,82,Customer#000000082,tJkXm2PQBWPRRYkIXPg0YdM03E,18,28-159-442-5305,9468.34,AUTOMOBILE,old requests. slyly bold courts sleep carefully packag
1392,indian pale peru honeydew forest,MEDIUM BRUSHED BRASS,Brand#54,43363,3,31,22.00,28454.58,0.05,REG AIR,DELIVER IN PERSON,1995-09-06,1-URGENT,204474.25,83,Customer#000000083,"kDJ7dqVuBD9lY,hqjW2O UBz5EGoX9oL",22,32-817-154-4122,6463.51,BUILDING,into beans alongside of the furiously silent theodolites haggle carefully slyly final sauternes. requests cajol
1392,indian pale peru honeydew forest,MEDIUM BRUSHED BRASS,Brand#54,43363,3,31,22.00,28454.58,0.05,REG AIR,DELIVER IN PERSON,1995-09-06,1-URGENT,204474.25,84,Customer#000000084,GB3sUmv RRXV DPzeOSbGxMIF9Z4Eq9 rop,11,21-546-818-3802,5174.71,FURNITURE,ounts. blithely express theodolites nag carefully ironic pinto beans. carefully final 
1392,indian pale peru honeydew forest,MEDIUM BRUSHED BRASS,Brand#54,43363,3,31,22.00,28454.58,0.05,REG AIR,DELIVER IN PERSON,1995-09-06,1-URGENT,204474.25,85,Customer#000000085, I9M GnvICGJ29rTlKGzDMstOgH,5,15-745-585-8219,3386.64,FURNITURE,nts. blithely unusual pinto beans along
1392,indian pale peru honeydew forest,MEDIUM BRUSHED BRASS,Brand#54,43363,3,31,22.00,28454.58,0.05,REG AIR,DELIVER IN PERSON,1995-09-06,1-URGENT,204474.25,88,Customer#000000088,wyGHpeRMt mxmd8fEelFiXMTHnVg3OL,16,26-516-273-2566,8031.44,AUTOMOBILE,ts. unusual foxes use excuses; final courts doubt special packages. furiously regular platelets abo
1392,indian pale peru honeydew forest,MEDIUM BRUSHED BRASS,Brand#54,43363,3,31,22.00,28454.58,0.05,REG AIR,DELIVER IN PERSON,1995-09-06,1-URGENT,204474.25,90,Customer#000000090,buosjU5uu274vLfU,16,26-603-491-1238,7354.23,BUILDING,lyly bold pinto beans use alon
1392,indian pale peru honeydew forest,MEDIUM BRUSHED BRASS,Brand#54,43363,3,31,22.00,28454.58,0.05,REG AIR,DELIVER IN PERSON,1995-09-06,1-URGENT,204474.25,92,Customer#000000092,DPbrb7fGYfkrfAdm0gRJPPdADgqGh5 FVuA9 20,2,12-446-416-8471,1182.91,MACHINERY,sy theodolites. furiously ironic packages a
1392,indian pale peru honeydew forest,MEDIUM BRUSHED BRASS,Brand#54,43363,3,31,22.00,28454.58,0.05,REG AIR,DELIVER IN PERSON,1995-09-06,1-URGENT,204474.25,93,Customer#000000093,nj3p ZakNJ,7,17-359-388-5266,2182.52,MACHINERY,gular decoys after the slyly ruthless deposit
1392,indian pale peru honeydew forest,MEDIUM BRUSHED BRASS,Brand#54,43363,3,31,22.00,28454.58,0.05,REG AIR,DELIVER IN PERSON,1995-09-06,1-URGENT,204474.25,95,Customer#000000095,"n6,uwF4wcE76DVh1YsSVoatkTbohR3BT",15,25-923-255-2929,5327.38,MACHINERY,ly regular dinos. ironic requests haggle. slyly final accounts haggle slyly across the carefully exp
1392,indian pale peru honeydew forest,MEDIUM BRUSHED BRASS,Brand#54,43363,3,31,22.00,28454.58,0.05,REG AIR,DELIVER IN PERSON,1995-09-06,1-URGENT,204474.25,96,Customer#000000096,x4fc F3J99,8,18-422-845-1202,6323.92,AUTOMOBILE,lyly brave platelets are furiously above the fluffily sly theodolites. quickly ev
1392,indian pale peru honeydew forest,MEDIUM BRUSHED BRASS,Brand#54,43363,3,31,22.00,28454.58,0.05,REG AIR,DELIVER IN PERSON,1995-09-06,1-URGENT,204474.25,97,Customer#000000097,"dqBtMIPJhk1,ivXIr NZf",17,27-588-919-5638,2164.48,AUTOMOBILE,cial instructions. dependencies boost furiously; quickly final requests w
1392,indian pale peru honeydew forest,MEDIUM BRUSHED BRASS,Brand#54,43363,3,31,22.00,28454.58,0.05,REG AIR,DELIVER IN PERSON,1995-09-06,1-URGENT,204474.25,98,Customer#000000098,UtIJM4d8BxnqvPzwn4,12,22-885-845-6889,-551.37,BUILDING,ges. quickly regular theodolites wake. blithely unusual packages wake fluffil
1392,indian pale peru honeydew forest,MEDIUM BRUSHED BRASS,Brand#54,43363,3,31,22.00,28454.58,0.05,REG AIR,DELIVER IN PERSON,1995-09-06,1-URGENT,204474.25,100,Customer#000000100,MBy6qq3OEGpV4u,20,30-749-445-4907,9889.89,FURNITURE,"dazzle carefully furiously final foxes. express, ironic packages among the qui"
1745,burnished azure sienna navajo peru,SMALL BURNISHED COPPER,Brand#31,36704,6,46,19.00,31288.06,0.06,AIR,DELIVER IN PERSON,1995-06-17,2-HIGH,268229.62,1,Customer#000000001,j5JsirBM9PsCy0O1m,15,25-989-741-2988,711.56,BUILDING,y final requests wake slyly quickly special accounts. blithely
1745,burnished azure sienna navajo peru,SMALL BURNISHED COPPER,Brand#31,36704,6,46,19.00,31288.06,0.06,AIR,DELIVER IN PERSON,1995-06-17,2-HIGH,268229.62,3,Customer#000000003,fkRGN8nY4pkE,1,11-719-748-3364,7498.12,AUTOMOBILE,fully. carefully silent instructions sleep alongside of the slyly regular asymptotes. quickly regular 
1745,burnished azure sienna navajo peru,SMALL BURNISHED COPPER,Brand#31,36704,6,46,19.00,31288.06,0.06,AIR,DELIVER IN PERSON,1995-06-17,2-HIGH,268229.62,4,Customer#000000004,4u58h fqkyE,4,14-128-190-5944,2866.83,MACHINERY, sublate. fluffily even instructions are about th
1745,burnished azure sienna navajo peru,SMALL BURNISHED COPPER,Brand#31,36704,6,46,19.00,31288.06,0.06,AIR,DELIVER IN PERSON,1995-06-17,2-HIGH,268229.62,5,Customer#000000005,hwBtxkoBF qSW4KrIk5U 2B1AU7H,3,13-750-942-6364,794.47,HOUSEHOLD,equests haggle furiously against the pending packa
1745,burnished azure sienna navajo peru,SMALL BURNISHED COPPER,Brand#31,36704,6,46,19.00,31288.06,0.06,AIR,DELIVER IN PERSON,1995-06-17,2-HIGH,268229.62,6,Customer#000000006," g1s,pzDenUEBW3O,2 pxu0f9n2g64rJrt5E",20,30-114-968-4951,7638.57,AUTOMOBILE, quickly silent asymptotes are slyly regular excuses. instructions wake furiously? quickly bold courts p
1745,burnished azure sienna navajo peru,SMALL BURNISHED COPPER,Brand#31,36704,6,46,19.00,31288.06,0.06,AIR,DELIVER IN PERSON,1995-06-17,2-HIGH,268229.62,7,Customer#000000007,8OkMVLQ1dK6Mbu6WG9 w4pLGQ n7MQ,18,28-190-982-9759,9561.95,AUTOMOBILE,"ounts. ironic, regular accounts sleep. final requests haggle quickly after the"
1745,burnished azure sienna navajo peru,SMALL BURNISHED COPPER,Brand#31,36704,6,46,19.00,31288.06,0.06,AIR,DELIVER IN PERSON,1995-06-17,2-HIGH,268229.62,8,Customer#000000008,"j,pZ,Qp,qtFEo0r0c 92qobZtlhSuOqbE4JGV",17,27-147-574-9335,6819.74,BUILDING,riously final excuses sublate quickly among the fluffily even foxes. quickly final packages haggle furiously furi
1745,burnished azure sienna navajo peru,SMALL BURNISHED COPPER,Brand#31,36704,6,46,19.00,31288.06,0.06,AIR,DELIVER IN PERSON,1995-06-17,2-HIGH,268229.62,9,Customer#000000009,vgIql8H6zoyuLMFNdAMLyE7 H9,8,18-338-906-3675,8324.07,FURNITURE,ss pinto beans believe slyly quiet deposits-- doggedly bold packages boost. quickly ironic de
1745,burnished azure sienna navajo peru,SMALL BURNISHED COPPER,Brand#31,36704,6,46,19.00,31288.06,0.06,AIR,DELIVER IN PERSON,1995-06-17,2-HIGH,268229.62,11,Customer#000000011,cG48rYjF3Aw7xs hKUXXqmI,23,33-464-151-3439,-272.60,BUILDING,ng to the regular foxes. furiously final deposits across the final platelets cajole quickly above th
1745,burnished azure sienna navajo peru,SMALL BURNISHED COPPER,Brand#31,36704,6,46,19.00,31288.06,0.06,AIR,DELIVER IN PERSON,1995-06-17,2-HIGH,268229.62,13,Customer#000000013,Ez3ax0D5HnUbeUVSxoX8a8B,3,13-761-547-5974,3857.34,BUILDING,quickly brave foxes. blithely even packages against the pinto beans boost furiously against the re
1745,burnished azure sienna navajo peru,SMALL BURNISHED COPPER,Brand#31,36704,6,46,19.00,31288.06,0.06,AIR,DELIVER IN PERSON,1995-06-17,2-HIGH,268229.62,14,Customer#000000014,h3GFMzeFfYiamqr,1,11-845-129-3851,5266.30,FURNITURE,"r, express foxes cajole slyly aga"
1745,burnished azure sienna navajo peru,SMALL BURNISHED COPPER,Brand#31,36704,6,46,19.00,31288.06,0.06,AIR,DELIVER IN PERSON,1995-06-17,2-HIGH,268229.62,17,Customer#000000017,Js JrVHNAyCYMANzPGzvonS8kX8s3 yeLi3u9T,2,12-970-682-3487,6.34,AUTOMOBILE, fluffily final packages. slyly f
1745,burnished azure sienna navajo peru,SMALL BURNISHED COPPER,Brand#31,36704,6,46,19.00,31288.06,0.06,AIR,DELIVER IN PERSON,1995-06-17,2-HIGH,268229.62,18,Customer#000000018,YyukcsqIxlyuXs702Rd2Rl9D1z,6,16-155-215-1315,5494.43,BUILDING,ickly even packages about the unusual dependencies cajole furious
1745,burnished azure sienna navajo peru,SMALL BURNISHED COPPER,Brand#31,36704,6,46,19.00,31288.06,0.06,AIR,DELIVER IN PERSON,1995-06-17,2-HIGH,268229.62,20,Customer#000000020,i bGScABFHXdM,22,32-957-234-8742,7603.40,FURNITURE,"uickly regular instructions hang silent dugouts! regular, regular fox"
1745,burnished azure sienna navajo peru,SMALL BURNISHED COPPER,Brand#31,36704,6,46,19.00,31288.06,0.06,AIR,DELIVER IN PERSON,1995-06-17,2-HIGH,268229.62,21,Customer#000000021,42E5BARtqjomD,8,18-902-614-8344,1428.25,MACHINERY,e blithely carefully quick sheaves. furiously regular 
1745,burnished azure sienna navajo peru,SMALL BURNISHED COPPER,Brand#31,36704,6,46,19.00,31288.06,0.06,AIR,DELIVER IN PERSON,1995-06-17,2-HIGH,268229.62,22,Customer#000000022,"biUBW,0ldzWGT91Doo5b77G6N3Bp",3,13-806-545-9701,591.98,MACHINERY,s. theodolites nag blithely final packages. finall
1745,burnished azure sienna navajo peru,SMALL BURNISHED COPPER,Brand#31,36704,6,46,19.00,31288.06,0.06,AIR,DELIVER IN PERSON,1995-06-17,2-HIGH,268229.62,24,Customer#000000024,k3qlKjqtHuzNAvIFyZX2Yc1crXuMfMU6SbAl,13,23-127-851-8031,9255.67,MACHINERY,s. final hockey players snooze carefully furious
1745,burnished azure sienna navajo peru,SMALL BURNISHED COPPER,Brand#31,36704,6,46,19.00,31288.06,0.06,AIR,DELIVER IN PERSON,1995-06-17,2-HIGH,268229.62,26,Customer#000000026,TFH OW1MeFU6OIb,22,32-363-455-4837,5182.05,AUTOMOBILE,"gainst the express theodolites. deposits sleep furiously. regular, spe"
1745,burnished azure sienna navajo peru,SMALL BURNISHED COPPER,Brand#31,36704,6,46,19.00,31288.06,0.06,AIR,DELIVER IN PERSON,1995-06-17,2-HIGH,268229.62,27,Customer#000000027,"j8SkiuuBp gBe7,yT",3,13-137-193-2709,5679.84,BUILDING,permanently. slyly ironic dependencies integrat
1745,burnished azure sienna navajo peru,SMALL BURNISHED COPPER,Brand#31,36704,6,46,19.00,31288.06,0.06,AIR,DELIVER IN PERSON,1995-06-17,2-HIGH,268229.62,28,Customer#000000028,"J5tK,OQa07KQSuY5b4qRFYVYRF",8,18-774-241-1462,1007.18,FURNITURE,r accounts are quickly. boldly bold foxes haggle
1745,burnished azure sienna navajo peru,SMALL BURNISHED COPPER,Brand#31,36704,6,46,19.00,31288.06,0.06,AIR,DELIVER IN PERSON,1995-06-17,2-HIGH,268229.62,29,Customer#000000029, hVQNzLtqGpgUXNMY0wlZVstaf52mXXxJ,0,10-773-203-7342,7618.27,FURNITURE, nod furiously after the final accounts. courts nag qu
1745,burnished azure sienna navajo peru,SMALL BURNISHED COPPER,Brand#31,36704,6,46,19.00,31288.06,0.06,AIR,DELIVER IN PERSON,1995-06-17,2-HIGH,268229.62,30,Customer#000000030,EhnzmgkqQw7UXhF0PVdg gLfSAihaaHaD2fZah2,1,11-764-165-5076,9321.01,BUILDING,ep quickly slyly express accounts-- carefully eve
1745,burnished azure sienna navajo peru,SMALL BURNISHED COPPER,Brand#31,36704,6,46,19.00,31288.06,0.06,AIR,DELIVER IN PERSON,1995-06-17,2-HIGH,268229.62,32,Customer#000000032,"InYu1tIr6EjN0nozdpf3hHRA,8FBYIbU1OcYh",15,25-430-914-2194,3471.53,BUILDING,lly carefully unusual accounts. final attainment
1745,burnished azure sienna navajo peru,SMALL BURNISHED COPPER,Brand#31,36704,6,46,19.00,31288.06,0.06,AIR,DELIVER IN PERSON,1995-06-17,2-HIGH,268229.62,35,Customer#000000035,8mH4knWDpsifY,17,27-566-888-7431,1228.24,HOUSEHOLD,cies with the carefully regular sauternes engage caref
1745,burnished azure sienna navajo peru,SMALL BURNISHED COPPER,Brand#31,36704,6,46,19.00,31288.06,0.06,AIR,DELIVER IN PERSON,1995-06-17,2-HIGH,268229.62,36,Customer#000000036,"Y7wosIxbsBi,0nNiSG4V7",21,31-704-669-5769,4987.27,BUILDING,ys among the accounts affix blithely asymptotes. carefully even deposits are fluff
1745,burnished azure sienna navajo peru,SMALL BURNISHED COPPER,Brand#31,36704,6,46,19.00,31288.06,0.06,AIR,DELIVER IN PERSON,1995-06-17,2-HIGH,268229.62,37,Customer#000000037,Um5WbwJ0X8QCOy75y,8,18-385-235-7162,-917.75,FURNITURE,above the slyly regular accounts sleep along the carefull
1745,burnished azure sienna navajo peru,SMALL BURNISHED COPPER,Brand#31,36704,6,46,19.00,31288.06,0.06,AIR,DELIVER IN PERSON,1995-06-17,2-HIGH,268229.62,39,Customer#000000039,"EDP9K1bwtXYNLGCA2mrlOM1U,",2,12-387-467-6509,6264.31,AUTOMOBILE,eposits play across the furiousl
1745,burnished azure sienna navajo peru,SMALL BURNISHED COPPER,Brand#31,36704,6,46,19.00,31288.06,0.06,AIR,DELIVER IN PERSON,1995-06-17,2-HIGH,268229.62,40,Customer#000000040,"LcDk4rtJ85,CLw",3,13-652-915-8939,1335.30,BUILDING,y. brave accounts wake slyly ironic epitaphs; express packages h
1745,burnished azure sienna navajo peru,SMALL BURNISHED COPPER,Brand#31,36704,6,46,19.00,31288.06,0.06,AIR,DELIVER IN PERSON,1995-06-17,2-HIGH,268229.62,42,Customer#000000042,tI8 wutpGM,5,15-416-330-4175,8727.01,BUILDING,lphins. blithely bold requests about the special patterns detect quickly regular foxes. furiously express in
1745,burnished azure sienna navajo peru,SMALL BURNISHED COPPER,Brand#31,36704,6,46,19.00,31288.06,0.06,AIR,DELIVER IN PERSON,1995-06-17,2-HIGH,268229.62,43,Customer#000000043,Dx8PHkGSFJWLg3XtkzCX28iHRrQXbCRlN,19,29-316-665-2897,9904.28,MACHINERY,ronic pinto beans. packages sleep. furiously ruthless packages print blithely fluffily even platelets.
1745,burnished azure sienna navajo peru,SMALL BURNISHED COPPER,Brand#31,36704,6,46,19.00,31288.06,0.06,AIR,DELIVER IN PERSON,1995-06-17,2-HIGH,268229.62,44,Customer#000000044,"dI0Nc9bvnxXHCWu10bSVn,NEJ2kwdyqvI",16,26-190-260-5375,7315.94,AUTOMOBILE,"fily regular asymptotes. ironic, pend"
1745,burnished azure sienna navajo peru,SMALL BURNISHED COPPER,Brand#31,36704,6,46,19.00,31288.06,0.06,AIR,DELIVER IN PERSON,1995-06-17,2-HIGH,268229.62,45,Customer#000000045,XwXcOClKCcFek0oQDl0WFNo,9,19-715-298-9917,9983.38,AUTOMOBILE,l excuses are busy accounts. blithely
1745,burnished azure sienna navajo peru,SMALL BURNISHED COPPER,Brand#31,36704,6,46,19.00,31288.06,0.06,AIR,DELIVER IN PERSON,1995-06-17,2-HIGH,268229.62,46,Customer#000000046,"NQ7345EZ,fS",6,16-357-681-2007,5744.59,AUTOMOBILE,"equests integrate fluffily after the carefully special accounts. fluffily regular deposits eat slyly ironic, "
1745,burnished azure sienna navajo peru,SMALL BURNISHED COPPER,Brand#31,36704,6,46,19.00,31288.06,0.06,AIR,DELIVER IN PERSON,1995-06-17,2-HIGH,268229.62,48,Customer#000000048,076rIcJpxBmwMEdq,0,10-508-348-5882,3792.50,BUILDING, carefully. furiously bold accounts sleep slyly above the even accounts. ironic acc
1745,burnished azure sienna navajo peru,SMALL BURNISHED COPPER,Brand#31,36704,6,46,19.00,31288.06,0.06,AIR,DELIVER IN PERSON,1995-06-17,2-HIGH,268229.62,49,Customer#000000049,PdKqM4TlA OLTjaeRmvH7QWDu80USfslgqutF,10,20-908-631-4424,4573.94,FURNITURE,quests haggle! furiously unusual theodolites cajole carefully. t
1745,burnished azure sienna navajo peru,SMALL BURNISHED COPPER,Brand#31,36704,6,46,19.00,31288.06,0.06,AIR,DELIVER IN PERSON,1995-06-17,2-HIGH,268229.62,50,Customer#000000050,S8sn2GGsuputhZaN7irC,6,16-658-112-3221,4266.13,MACHINERY, ideas cajole. carefully even warthogs affix ironically quickly re
1745,burnished azure sienna navajo peru,SMALL BURNISHED COPPER,Brand#31,36704,6,46,19.00,31288.06,0.06,AIR,DELIVER IN PERSON,1995-06-17,2-HIGH,268229.62,54,Customer#000000054,1GWwLsVwmol4lt0KCz7m1,4,14-776-370-4745,868.90,AUTOMOBILE,are slyly. instructions sublate slyly. fluffily even packages among the slyly regular accounts hang along
1745,burnished azure sienna navajo peru,SMALL BURNISHED COPPER,Brand#31,36704,6,46,19.00,31288.06,0.06,AIR,DELIVER IN PERSON,1995-06-17,2-HIGH,268229.62,55,Customer#000000055,ti9p9XgdmFsjsQI6XQrISDUMFAusnmKS SBoCE,10,20-180-440-8525,4572.11,MACHINERY,dolites. bold instructions wake fluffily regular ideas. regular theodolites are furiously carefully unusual ac
1745,burnished azure sienna navajo peru,SMALL BURNISHED COPPER,Brand#31,36704,6,46,19.00,31288.06,0.06,AIR,DELIVER IN PERSON,1995-06-17,2-HIGH,268229.62,57,Customer#000000057,ST32P xcb94b46,21,31-835-306-1650,4151.93,AUTOMOBILE,thely pending deposits. packages cajole blithely slyly express requests. fl
1745,burnished azure sienna navajo peru,SMALL BURNISHED COPPER,Brand#31,36704,6,46,19.00,31288.06,0.06,AIR,DELIVER IN PERSON,1995-06-17,2-HIGH,268229.62,59,Customer#000000059,tfcob0wJRYdypIJLzBckGW,1,11-355-584-3112,3458.60,MACHINERY,s asymptotes wake. slyly ironic deposits haggle furiously; slyly regula
1745,burnished azure sienna navajo peru,SMALL BURNISHED COPPER,Brand#31,36704,6,46,19.00,31288.06,0.06,AIR,DELIVER IN PERSON,1995-06-17,2-HIGH,268229.62,60,Customer#000000060,"mtCNJIveoJ 1E6sUhs,j",12,22-480-575-5866,2741.87,MACHINERY,ts. accounts cajole carefully. carefully final requests across the even accounts affix slyly 
1745,burnished azure sienna navajo peru,SMALL BURNISHED COPPER,Brand#31,36704,6,46,19.00,31288.06,0.06,AIR,DELIVER IN PERSON,1995-06-17,2-HIGH,268229.62,61,Customer#000000061,SGDNwNWmqhvJKXwNlrpL4 TqAdz7XRDrKyAIQ2m,17,27-626-559-8599,1536.24,FURNITURE, slyly. quickly unusual deposits haggle furiousl
1745,burnished azure sienna navajo peru,SMALL BURNISHED COPPER,Brand#31,36704,6,46,19.00,31288.06,0.06,AIR,DELIVER IN PERSON,1995-06-17,2-HIGH,268229.62,62,Customer#000000062,yBhgYoDvZX1,7,17-361-978-7059,595.61,MACHINERY,e carefully final requests. fluffily regular deposits haggle among the ironic warhors
1745,burnished azure sienna navajo peru,SMALL BURNISHED COPPER,Brand#31,36704,6,46,19.00,31288.06,0.06,AIR,DELIVER IN PERSON,1995-06-17,2-HIGH,268229.62,63,Customer#000000063,j398B6441 Rgii,21,31-952-552-9584,9331.13,AUTOMOBILE,ar pinto beans nag furiously furiously regular ideas. d
1745,burnished azure sienna navajo peru,SMALL BURNISHED COPPER,Brand#31,36704,6,46,19.00,31288.06,0.06,AIR,DELIVER IN PERSON,1995-06-17,2-HIGH,268229.62,64,Customer#000000064,"fPoMk3Y,GQhgXCQGhn0c8",3,13-558-731-7204,-646.64,BUILDING,hely unusual deposits sleep furiously express requests. c
1745,burnished azure sienna navajo peru,SMALL BURNISHED COPPER,Brand#31,36704,6,46,19.00,31288.06,0.06,AIR,DELIVER IN PERSON,1995-06-17,2-HIGH,268229.62,65,Customer#000000065,"ak7rtta,tWG,jR,cTSXflW6RVQ3alna3P4Q,zF03",23,33-733-623-5267,8795.16,AUTOMOBILE,"ironic courts sleep slyly above the ironic, bold accounts. blithely"
1745,burnished azure sienna navajo peru,SMALL BURNISHED COPPER,Brand#31,36704,6,46,19.00,31288.06,0.06,AIR,DELIVER IN PERSON,1995-06-17,2-HIGH,268229.62,67,Customer#000000067,"ALk,OdKy V5SruigGvBRMBo8S",9,19-403-114-4356,8166.59,MACHINERY, special sentiments. pending depen
1745,burnished azure sienna navajo peru,SMALL BURNISHED COPPER,Brand#31,36704,6,46,19.00,31288.06,0.06,AIR,DELIVER IN PERSON,1995-06-17,2-HIGH,268229.62,69,Customer#000000069,"gyuZTEcR4vKyNPMSa15ueKbRS6Tu4RUxw8j,B mv",9,19-225-978-5670,1709.28,HOUSEHOLD, sauternes against the silent foxes are slyly quickly special deposits. slyly final foxes integrate furiously. care
1745,burnished azure sienna navajo peru,SMALL BURNISHED COPPER,Brand#31,36704,6,46,19.00,31288.06,0.06,AIR,DELIVER IN PERSON,1995-06-17,2-HIGH,268229.62,71,Customer#000000071,8FkQFLN34pFe50URKft43ntisSegsO3SKF0wUyZp,7,17-710-812-5403,-611.19,HOUSEHOLD,e slyly about the slyly bold theodolites. furiously regular deposits a
1745,burnished azure sienna navajo peru,SMALL BURNISHED COPPER,Brand#31,36704,6,46,19.00,31288.06,0.06,AIR,DELIVER IN PERSON,1995-06-17,2-HIGH,268229.62,73,Customer#000000073,TiJiuAMxW6LUyyVFCKW,0,10-473-439-3214,4288.50,BUILDING, carefully pending packages to the pearls affix quick
1745,burnished azure sienna navajo peru,SMALL BURNISHED COPPER,Brand#31,36704,6,46,19.00,31288.06,0.06,AIR,DELIVER IN PERSON,1995-06-17,2-HIGH,268229.62,74,Customer#000000074,jGhjorX17JmTAfT6gO 6sD9fF1GtFLs,4,14-199-862-7209,2764.43,MACHINERY,ithely special excuses. regular deposits cajole furiously finally
1745,burnished azure sienna navajo peru,SMALL BURNISHED COPPER,Brand#31,36704,6,46,19.00,31288.06,0.06,AIR,DELIVER IN PERSON,1995-06-17,2-HIGH,268229.62,75,Customer#000000075,oJrUH20Ovu5fgaLagGIkAswUBF,18,28-247-803-9025,6684.10,AUTOMOBILE,"ronic foxes after the brave hockey players haggle after the slyly ironic courts. even, regular"
1745,burnished azure sienna navajo peru,SMALL BURNISHED COPPER,Brand#31,36704,6,46,19.00,31288.06,0.06,AIR,DELIVER IN PERSON,1995-06-17,2-HIGH,268229.62,77,Customer#000000077,XyqmVhNelkoWPtjz3lRYxu,17,27-269-357-4674,1738.87,BUILDING, slyly. furiously final accounts sleep slyly among the ironic packages. quickly pending deposits inte
1745,burnished azure sienna navajo peru,SMALL BURNISHED COPPER,Brand#31,36704,6,46,19.00,31288.06,0.06,AIR,DELIVER IN PERSON,1995-06-17,2-HIGH,268229.62,78,Customer#000000078,"kpcyQ11dABLX6YO9f,GPALyGbws3",9,19-960-700-9191,7136.97,FURNITURE,uriously above the slyly final de
1745,burnished azure sienna navajo peru,SMALL BURNISHED COPPER,Brand#31,36704,6,46,19.00,31288.06,0.06,AIR,DELIVER IN PERSON,1995-06-17,2-HIGH,268229.62,79,Customer#000000079,EVJjYMyG59w4SINzn0pEfY,15,25-147-850-4166,5121.28,MACHINERY,iously even pinto beans hinder final deposits. carefully final accounts along the final theodolites integrate caref
1745,burnished azure sienna navajo peru,SMALL BURNISHED COPPER,Brand#31,36704,6,46,19.00,31288.06,0.06,AIR,DELIVER IN PERSON,1995-06-17,2-HIGH,268229.62,81,Customer#000000081,9jUFbrThIIeoUNd8 9,20,30-165-277-3269,2023.71,BUILDING,s against the ironic packages haggle carefully above the slyly express pinto beans
1745,burnished azure sienna navajo peru,SMALL BURNISHED COPPER,Brand#31,36704,6,46,19.00,31288.06,0.06,AIR,DELIVER IN PERSON,1995-06-17,2-HIGH,268229.62,82,Customer#000000082,tJkXm2PQBWPRRYkIXPg0YdM03E,18,28-159-442-5305,9468.34,AUTOMOBILE,old requests. slyly bold courts sleep carefully packag
1745,burnished azure sienna navajo peru,SMALL BURNISHED COPPER,Brand#31,36704,6,46,19.00,31288.06,0.06,AIR,DELIVER IN PERSON,1995-06-17,2-HIGH,268229.62,83,Customer#000000083,"kDJ7dqVuBD9lY,hqjW2O UBz5EGoX9oL",22,32-817-154-4122,6463.51,BUILDING,into beans alongside of the furiously silent theodolites haggle carefully slyly final sauternes. requests cajol
1745,burnished azure sienna navajo peru,SMALL BURNISHED COPPER,Brand#31,36704,6,46,19.00,31288.06,0.06,AIR,DELIVER IN PERSON,1995-06-17,2-HIGH,268229.62,84,Customer#000000084,GB3sUmv RRXV DPzeOSbGxMIF9Z4Eq9 rop,11,21-546-818-3802,5174.71,FURNITURE,ounts. blithely express theodolites nag carefully ironic pinto beans. carefully final 
1745,burnished azure sienna navajo peru,SMALL BURNISHED COPPER,Brand#31,36704,6,46,19.00,31288.06,0.06,AIR,DELIVER IN PERSON,1995-06-17,2-HIGH,268229.62,85,Customer#000000085, I9M GnvICGJ29rTlKGzDMstOgH,5,15-745-585-8219,3386.64,FURNITURE,nts. blithely unusual pinto beans along
1745,burnished azure sienna navajo peru,SMALL BURNISHED COPPER,Brand#31,36704,6,46,19.00,31288.06,0.06,AIR,DELIVER IN PERSON,1995-06-17,2-HIGH,268229.62,88,Customer#000000088,wyGHpeRMt mxmd8fEelFiXMTHnVg3OL,16,26-516-273-2566,8031.44,AUTOMOBILE,ts. unusual foxes use excuses; final courts doubt special packages. furiously regular platelets abo
1745,burnished azure sienna navajo peru,SMALL BURNISHED COPPER,Brand#31,36704,6,46,19.00,31288.06,0.06,AIR,DELIVER IN PERSON,1995-06-17,2-HIGH,268229.62,90,Customer#000000090,buosjU5uu274vLfU,16,26-603-491-1238,7354.23,BUILDING,lyly bold pinto beans use alon
1745,burnished azure sienna navajo peru,SMALL BURNISHED COPPER,Brand#31,36704,6,46,19.00,31288.06,0.06,AIR,DELIVER IN PERSON,1995-06-17,2-HIGH,268229.62,92,Customer#000000092,DPbrb7fGYfkrfAdm0gRJPPdADgqGh5 FVuA9 20,2,12-446-416-8471,1182.91,MACHINERY,sy theodolites. furiously ironic packages a
1745,burnished azure sienna navajo peru,SMALL BURNISHED COPPER,Brand#31,36704,6,46,19.00,31288.06,0.06,AIR,DELIVER IN PERSON,1995-06-17,2-HIGH,268229.62,93,Customer#000000093,nj3p ZakNJ,7,17-359-388-5266,2182.52,MACHINERY,gular decoys after the slyly ruthless deposit
1745,burnished azure sienna navajo peru,SMALL BURNISHED COPPER,Brand#31,36704,6,46,19.00,31288.06,0.06,AIR,DELIVER IN PERSON,1995-06-17,2-HIGH,268229.62,95,Customer#000000095,"n6,uwF4wcE76DVh1YsSVoatkTbohR3BT",15,25-923-255-2929,5327.38,MACHINERY,ly regular dinos. ironic requests haggle. slyly final accounts haggle slyly across the carefully exp
1745,burnished azure sienna navajo peru,SMALL BURNISHED COPPER,Brand#31,36704,6,46,19.00,31288.06,0.06,AIR,DELIVER IN PERSON,1995-06-17,2-HIGH,268229.62,96,Customer#000000096,x4fc F3J99,8,18-422-845-1202,6323.92,AUTOMOBILE,lyly brave platelets are furiously above the fluffily sly theodolites. quickly ev
1745,burnished azure sienna navajo peru,SMALL BURNISHED COPPER,Brand#31,36704,6,46,19.00,31288.06,0.06,AIR,DELIVER IN PERSON,1995-06-17,2-HIGH,268229.62,97,Customer#000000097,"dqBtMIPJhk1,ivXIr NZf",17,27-588-919-5638,2164.48,AUTOMOBILE,cial instructions. dependencies boost furiously; quickly final requests w
1745,burnished azure sienna navajo peru,SMALL BURNISHED COPPER,Brand#31,36704,6,46,19.00,31288.06,0.06,AIR,DELIVER IN PERSON,1995-06-17,2-HIGH,268229.62,98,Customer#000000098,UtIJM4d8BxnqvPzwn4,12,22-885-845-6889,-551.37,BUILDING,ges. quickly regular theodolites wake. blithely unusual packages wake fluffil
1745,burnished azure sienna navajo peru,SMALL BURNISHED COPPER,Brand#31,36704,6,46,19.00,31288.06,0.06,AIR,DELIVER IN PERSON,1995-06-17,2-HIGH,268229.62,100,Customer#000000100,MBy6qq3OEGpV4u,20,30-749-445-4907,9889.89,FURNITURE,"dazzle carefully furiously final foxes. express, ironic packages among the qui"
1754,tan gainsboro dim azure spring,LARGE BURNISHED NICKEL,Brand#11,2306,7,81,19.00,31459.25,0.07,AIR,DELIVER IN PERSON,1995-07-26,2-HIGH,341859.20,1,Customer#000000001,j5JsirBM9PsCy0O1m,15,25-989-741-2988,711.56,BUILDING,y final requests wake slyly quickly special accounts. blithely
1754,tan gainsboro dim azure spring,LARGE BURNISHED NICKEL,Brand#11,2306,7,81,19.00,31459.25,0.07,AIR,DELIVER IN PERSON,1995-07-26,2-HIGH,341859.20,3,Customer#000000003,fkRGN8nY4pkE,1,11-719-748-3364,7498.12,AUTOMOBILE,fully. carefully silent instructions sleep alongside of the slyly regular asymptotes. quickly regular 
1754,tan gainsboro dim azure spring,LARGE BURNISHED NICKEL,Brand#11,2306,7,81,19.00,31459.25,0.07,AIR,DELIVER IN PERSON,1995-07-26,2-HIGH,341859.20,4,Customer#000000004,4u58h fqkyE,4,14-128-190-5944,2866.83,MACHINERY, sublate. fluffily even instructions are about th
1754,tan gainsboro dim azure spring,LARGE BURNISHED NICKEL,Brand#11,2306,7,81,19.00,31459.25,0.07,AIR,DELIVER IN PERSON,1995-07-26,2-HIGH,341859.20,5,Customer#000000005,hwBtxkoBF qSW4KrIk5U 2B1AU7H,3,13-750-942-6364,794.47,HOUSEHOLD,equests haggle furiously against the pending packa
1754,tan gainsboro dim azure spring,LARGE BURNISHED NICKEL,Brand#11,2306,7,81,19.00,31459.25,0.07,AIR,DELIVER IN PERSON,1995-07-26,2-HIGH,341859.20,6,Customer#000000006," g1s,pzDenUEBW3O,2 pxu0f9n2g64rJrt5E",20,30-114-968-4951,7638.57,AUTOMOBILE, quickly silent asymptotes are slyly regular excuses. instructions wake furiously? quickly bold courts p
1754,tan gainsboro dim azure spring,LARGE BURNISHED NICKEL,Brand#11,2306,7,81,19.00,31459.25,0.07,AIR,DELIVER IN PERSON,1995-07-26,2-HIGH,341859.20,7,Customer#000000007,8OkMVLQ1dK6Mbu6WG9 w4pLGQ n7MQ,18,28-190-982-9759,9561.95,AUTOMOBILE,"ounts. ironic, regular accounts sleep. final requests haggle quickly after the"
1754,tan gainsboro dim azure spring,LARGE BURNISHED NICKEL,Brand#11,2306,7,81,19.00,31459.25,0.07,AIR,DELIVER IN PERSON,1995-07-26,2-HIGH,341859.20,8,Customer#000000008,"j,pZ,Qp,qtFEo0r0c 92qobZtlhSuOqbE4JGV",17,27-147-574-9335,6819.74,BUILDING,riously final excuses sublate quickly among the fluffily even foxes. quickly final packages haggle furiously furi
1754,tan gainsboro dim azure spring,LARGE BURNISHED NICKEL,Brand#11,2306,7,81,19.00,31459.25,0.07,AIR,DELIVER IN PERSON,1995-07-26,2-HIGH,341859.20,9,Customer#000000009,vgIql8H6zoyuLMFNdAMLyE7 H9,8,18-338-906-3675,8324.07,FURNITURE,ss pinto beans believe slyly quiet deposits-- doggedly bold packages boost. quickly ironic de
1754,tan gainsboro dim azure spring,LARGE BURNISHED NICKEL,Brand#11,2306,7,81,19.00,31459.25,0.07,AIR,DELIVER IN PERSON,1995-07-26,2-HIGH,341859.20,11,Customer#000000011,cG48rYjF3Aw7xs hKUXXqmI,23,33-464-151-3439,-272.60,BUILDING,ng to the regular foxes. furiously final deposits across the final platelets cajole quickly above th
1754,tan gainsboro dim azure spring,LARGE BURNISHED NICKEL,Brand#11,2306,7,81,19.00,31459.25,0.07,AIR,DELIVER IN PERSON,1995-07-26,2-HIGH,341859.20,13,Customer#000000013,Ez3ax0D5HnUbeUVSxoX8a8B,3,13-761-547-5974,3857.34,BUILDING,quickly brave foxes. blithely even packages against the pinto beans boost furiously against the re
1754,tan gainsboro dim azure spring,LARGE BURNISHED NICKEL,Brand#11,2306,7,81,19.00,31459.25,0.07,AIR,DELIVER IN PERSON,1995-07-26,2-HIGH,341859.20,14,Customer#000000014,h3GFMzeFfYiamqr,1,11-845-129-3851,5266.30,FURNITURE,"r, express foxes cajole slyly aga"
1754,tan gainsboro dim azure spring,LARGE BURNISHED NICKEL,Brand#11,2306,7,81,19.00,31459.25,0.07,AIR,DELIVER IN PERSON,1995-07-26,2-HIGH,341859.20,17,Customer#000000017,Js JrVHNAyCYMANzPGzvonS8kX8s3 yeLi3u9T,2,12-970-682-3487,6.34,AUTOMOBILE, fluffily final packages. slyly f
1754,tan gainsboro dim azure spring,LARGE BURNISHED NICKEL,Brand#11,2306,7,81,19.00,31459.25,0.07,AIR,DELIVER IN PERSON,1995-07-26,2-HIGH,341859.20,18,Customer#000000018,YyukcsqIxlyuXs702Rd2Rl9D1z,6,16-155-215-1315,5494.43,BUILDING,ickly even packages about the unusual dependencies cajole furious
1754,tan gainsboro dim azure spring,LARGE BURNISHED NICKEL,Brand#11,2306,7,81,19.00,31459.25,0.07,AIR,DELIVER IN PERSON,1995-07-26,2-HIGH,341859.20,20,Customer#000000020,i bGScABFHXdM,22,32-957-234-8742,7603.40,FURNITURE,"uickly regular instructions hang silent dugouts! regular, regular fox"
1754,tan gainsboro dim azure spring,LARGE BURNISHED NICKEL,Brand#11,2306,7,81,19.00,31459.25,0.07,AIR,DELIVER IN PERSON,1995-07-26,2-HIGH,341859.20,21,Customer#000000021,42E5BARtqjomD,8,18-902-614-8344,1428.25,MACHINERY,e blithely carefully quick sheaves. furiously regular 
1754,tan gainsboro dim azure spring,LARGE BURNISHED NICKEL,Brand#11,2306,7,81,19.00,31459.25,0.07,AIR,DELIVER IN PERSON,1995-07-26,2-HIGH,341859.20,22,Customer#000000022,"biUBW,0ldzWGT91Doo5b77G6N3Bp",3,13-806-545-9701,591.98,MACHINERY,s. theodolites nag blithely final packages. finall
1754,tan gainsboro dim azure spring,LARGE BURNISHED NICKEL,Brand#11,2306,7,81,19.00,31459.25,0.07,AIR,DELIVER IN PERSON,1995-07-26,2-HIGH,341859.20,24,Customer#000000024,k3qlKjqtHuzNAvIFyZX2Yc1crXuMfMU6SbAl,13,23-127-851-8031,9255.67,MACHINERY,s. final hockey players snooze carefully furious
1754,tan gainsboro dim azure spring,LARGE BURNISHED NICKEL,Brand#11,2306,7,81,19.00,31459.25,0.07,AIR,DELIVER IN PERSON,1995-07-26,2-HIGH,341859.20,26,Customer#000000026,TFH OW1MeFU6OIb,22,32-363-455-4837,5182.05,AUTOMOBILE,"gainst the express theodolites. deposits sleep furiously. regular, spe"
1754,tan gainsboro dim azure spring,LARGE BURNISHED NICKEL,Brand#11,2306,7,81,19.00,31459.25,0.07,AIR,DELIVER IN PERSON,1995-07-26,2-HIGH,341859.20,27,Customer#000000027,"j8SkiuuBp gBe7,yT",3,13-137-193-2709,5679.84,BUILDING,permanently. slyly ironic dependencies integrat
1754,tan gainsboro dim azure spring,LARGE BURNISHED NICKEL,Brand#11,2306,7,81,19.00,31459.25,0.07,AIR,DELIVER IN PERSON,1995-07-26,2-HIGH,341859.20,28,Customer#000000028,"J5tK,OQa07KQSuY5b4qRFYVYRF",8,18-774-241-1462,1007.18,FURNITURE,r accounts are quickly. boldly bold foxes haggle
1754,tan gainsboro dim azure spring,LARGE BURNISHED NICKEL,Brand#11,2306,7,81,19.00,31459.25,0.07,AIR,DELIVER IN PERSON,1995-07-26,2-HIGH,341859.20,29,Customer#000000029, hVQNzLtqGpgUXNMY0wlZVstaf52mXXxJ,0,10-773-203-7342,7618.27,FURNITURE, nod furiously after the final accounts. courts nag qu
1754,tan gainsboro dim azure spring,LARGE BURNISHED NICKEL,Brand#11,2306,7,81,19.00,31459.25,0.07,AIR,DELIVER IN PERSON,1995-07-26,2-HIGH,341859.20,30,Customer#000000030,EhnzmgkqQw7UXhF0PVdg gLfSAihaaHaD2fZah2,1,11-764-165-5076,9321.01,BUILDING,ep quickly slyly express accounts-- carefully eve
1754,tan gainsboro dim azure spring,LARGE BURNISHED NICKEL,Brand#11,2306,7,81,19.00,31459.25,0.07,AIR,DELIVER IN PERSON,1995-07-26,2-HIGH,341859.20,32,Customer#000000032,"InYu1tIr6EjN0nozdpf3hHRA,8FBYIbU1OcYh",15,25-430-914-2194,3471.53,BUILDING,lly carefully unusual accounts. final attainment
1754,tan gainsboro dim azure spring,LARGE BURNISHED NICKEL,Brand#11,2306,7,81,19.00,31459.25,0.07,AIR,DELIVER IN PERSON,1995-07-26,2-HIGH,341859.20,35,Customer#000000035,8mH4knWDpsifY,17,27-566-888-7431,1228.24,HOUSEHOLD,cies with the carefully regular sauternes engage caref
1754,tan gainsboro dim azure spring,LARGE BURNISHED NICKEL,Brand#11,2306,7,81,19.00,31459.25,0.07,AIR,DELIVER IN PERSON,1995-07-26,2-HIGH,341859.20,36,Customer#000000036,"Y7wosIxbsBi,0nNiSG4V7",21,31-704-669-5769,4987.27,BUILDING,ys among the accounts affix blithely asymptotes. carefully even deposits are fluff
1754,tan gainsboro dim azure spring,LARGE BURNISHED NICKEL,Brand#11,2306,7,81,19.00,31459.25,0.07,AIR,DELIVER IN PERSON,1995-07-26,2-HIGH,341859.20,37,Customer#000000037,Um5WbwJ0X8QCOy75y,8,18-385-235-7162,-917.75,FURNITURE,above the slyly regular accounts sleep along the carefull
1754,tan gainsboro dim azure spring,LARGE BURNISHED NICKEL,Brand#11,2306,7,81,19.00,31459.25,0.07,AIR,DELIVER IN PERSON,1995-07-26,2-HIGH,341859.20,39,Customer#000000039,"EDP9K1bwtXYNLGCA2mrlOM1U,",2,12-387-467-6509,6264.31,AUTOMOBILE,eposits play across the furiousl
1754,tan gainsboro dim azure spring,LARGE BURNISHED NICKEL,Brand#11,2306,7,81,19.00,31459.25,0.07,AIR,DELIVER IN PERSON,1995-07-26,2-HIGH,341859.20,40,Customer#000000040,"LcDk4rtJ85,CLw",3,13-652-915-8939,1335.30,BUILDING,y. brave accounts wake slyly ironic epitaphs; express packages h
1754,tan gainsboro dim azure spring,LARGE BURNISHED NICKEL,Brand#11,2306,7,81,19.00,31459.25,0.07,AIR,DELIVER IN PERSON,1995-07-26,2-HIGH,341859.20,42,Customer#000000042,tI8 wutpGM,5,15-416-330-4175,8727.01,BUILDING,lphins. blithely bold requests about the special patterns detect quickly regular foxes. furiously express in
1754,tan gainsboro dim azure spring,LARGE BURNISHED NICKEL,Brand#11,2306,7,81,19.00,31459.25,0.07,AIR,DELIVER IN PERSON,1995-07-26,2-HIGH,341859.20,43,Customer#000000043,Dx8PHkGSFJWLg3XtkzCX28iHRrQXbCRlN,19,29-316-665-2897,9904.28,MACHINERY,ronic pinto beans. packages sleep. furiously ruthless packages print blithely fluffily even platelets.
1754,tan gainsboro dim azure spring,LARGE BURNISHED NICKEL,Brand#11,2306,7,81,19.00,31459.25,0.07,AIR,DELIVER IN PERSON,1995-07-26,2-HIGH,341859.20,44,Customer#000000044,"dI0Nc9bvnxXHCWu10bSVn,NEJ2kwdyqvI",16,26-190-260-5375,7315.94,AUTOMOBILE,"fily regular asymptotes. ironic, pend"
1754,tan gainsboro dim azure spring,LARGE BURNISHED NICKEL,Brand#11,2306,7,81,19.00,31459.25,0.07,AIR,DELIVER IN PERSON,1995-07-26,2-HIGH,341859.20,45,Customer#000000045,XwXcOClKCcFek0oQDl0WFNo,9,19-715-298-9917,9983.38,AUTOMOBILE,l excuses are busy accounts. blithely
1754,tan gainsboro dim azure spring,LARGE BURNISHED NICKEL,Brand#11,2306,7,81,19.00,31459.25,0.07,AIR,DELIVER IN PERSON,1995-07-26,2-HIGH,341859.20,46,Customer#000000046,"NQ7345EZ,fS",6,16-357-681-2007,5744.59,AUTOMOBILE,"equests integrate fluffily after the carefully special accounts. fluffily regular deposits eat slyly ironic, "
1754,tan gainsboro dim azure spring,LARGE BURNISHED NICKEL,Brand#11,2306,7,81,19.00,31459.25,0.07,AIR,DELIVER IN PERSON,1995-07-26,2-HIGH,341859.20,48,Customer#000000048,076rIcJpxBmwMEdq,0,10-508-348-5882,3792.50,BUILDING, carefully. furiously bold accounts sleep slyly above the even accounts. ironic acc
1754,tan gainsboro dim azure spring,LARGE BURNISHED NICKEL,Brand#11,2306,7,81,19.00,31459.25,0.07,AIR,DELIVER IN PERSON,1995-07-26,2-HIGH,341859.20,49,Customer#000000049,PdKqM4TlA OLTjaeRmvH7QWDu80USfslgqutF,10,20-908-631-4424,4573.94,FURNITURE,quests haggle! furiously unusual theodolites cajole carefully. t
1754,tan gainsboro dim azure spring,LARGE BURNISHED NICKEL,Brand#11,2306,7,81,19.00,31459.25,0.07,AIR,DELIVER IN PERSON,1995-07-26,2-HIGH,341859.20,50,Customer#000000050,S8sn2GGsuputhZaN7irC,6,16-658-112-3221,4266.13,MACHINERY, ideas cajole. carefully even warthogs affix ironically quickly re
1754,tan gainsboro dim azure spring,LARGE BURNISHED NICKEL,Brand#11,2306,7,81,19.00,31459.25,0.07,AIR,DELIVER IN PERSON,1995-07-26,2-HIGH,341859.20,54,Customer#000000054,1GWwLsVwmol4lt0KCz7m1,4,14-776-370-4745,868.90,AUTOMOBILE,are slyly. instructions sublate slyly. fluffily even packages among the slyly regular accounts hang along
1754,tan gainsboro dim azure spring,LARGE BURNISHED NICKEL,Brand#11,2306,7,81,19.00,31459.25,0.07,AIR,DELIVER IN PERSON,1995-07-26,2-HIGH,341859.20,55,Customer#000000055,ti9p9XgdmFsjsQI6XQrISDUMFAusnmKS SBoCE,10,20-180-440-8525,4572.11,MACHINERY,dolites. bold instructions wake fluffily regular ideas. regular theodolites are furiously carefully unusual ac
1754,tan gainsboro dim azure spring,LARGE BURNISHED NICKEL,Brand#11,2306,7,81,19.00,31459.25,0.07,AIR,DELIVER IN PERSON,1995-07-26,2-HIGH,341859.20,57,Customer#000000057,ST32P xcb94b46,21,31-835-306-1650,4151.93,AUTOMOBILE,thely pending deposits. packages cajole blithely slyly express requests. fl
1754,tan gainsboro dim azure spring,LARGE BURNISHED NICKEL,Brand#11,2306,7,81,19.00,31459.25,0.07,AIR,DELIVER IN PERSON,1995-07-26,2-HIGH,341859.20,59,Customer#000000059,tfcob0wJRYdypIJLzBckGW,1,11-355-584-3112,3458.60,MACHINERY,s asymptotes wake. slyly ironic deposits haggle furiously; slyly regula
1754,tan gainsboro dim azure spring,LARGE BURNISHED NICKEL,Brand#11,2306,7,81,19.00,31459.25,0.07,AIR,DELIVER IN PERSON,1995-07-26,2-HIGH,341859.20,60,Customer#000000060,"mtCNJIveoJ 1E6sUhs,j",12,22-480-575-5866,2741.87,MACHINERY,ts. accounts cajole carefully. carefully final requests across the even accounts affix slyly 
1754,tan gainsboro dim azure spring,LARGE BURNISHED NICKEL,Brand#11,2306,7,81,19.00,31459.25,0.07,AIR,DELIVER IN PERSON,1995-07-26,2-HIGH,341859.20,61,Customer#000000061,SGDNwNWmqhvJKXwNlrpL4 TqAdz7XRDrKyAIQ2m,17,27-626-559-8599,1536.24,FURNITURE, slyly. quickly unusual deposits haggle furiousl
1754,tan gainsboro dim azure spring,LARGE BURNISHED NICKEL,Brand#11,2306,7,81,19.00,31459.25,0.07,AIR,DELIVER IN PERSON,1995-07-26,2-HIGH,341859.20,62,Customer#000000062,yBhgYoDvZX1,7,17-361-978-7059,595.61,MACHINERY,e carefully final requests. fluffily regular deposits haggle among the ironic warhors
1754,tan gainsboro dim azure spring,LARGE BURNISHED NICKEL,Brand#11,2306,7,81,19.00,31459.25,0.07,AIR,DELIVER IN PERSON,1995-07-26,2-HIGH,341859.20,63,Customer#000000063,j398B6441 Rgii,21,31-952-552-9584,9331.13,AUTOMOBILE,ar pinto beans nag furiously furiously regular ideas. d
1754,tan gainsboro dim azure spring,LARGE BURNISHED NICKEL,Brand#11,2306,7,81,19.00,31459.25,0.07,AIR,DELIVER IN PERSON,1995-07-26,2-HIGH,341859.20,64,Customer#000000064,"fPoMk3Y,GQhgXCQGhn0c8",3,13-558-731-7204,-646.64,BUILDING,hely unusual deposits sleep furiously express requests. c
1754,tan gainsboro dim azure spring,LARGE BURNISHED NICKEL,Brand#11,2306,7,81,19.00,31459.25,0.07,AIR,DELIVER IN PERSON,1995-07-26,2-HIGH,341859.20,65,Customer#000000065,"ak7rtta,tWG,jR,cTSXflW6RVQ3alna3P4Q,zF03",23,33-733-623-5267,8795.16,AUTOMOBILE,"ironic courts sleep slyly above the ironic, bold accounts. blithely"
1754,tan gainsboro dim azure spring,LARGE BURNISHED NICKEL,Brand#11,2306,7,81,19.00,31459.25,0.07,AIR,DELIVER IN PERSON,1995-07-26,2-HIGH,341859.20,67,Customer#000000067,"ALk,OdKy V5SruigGvBRMBo8S",9,19-403-114-4356,8166.59,MACHINERY, special sentiments. pending depen
1754,tan gainsboro dim azure spring,LARGE BURNISHED NICKEL,Brand#11,2306,7,81,19.00,31459.25,0.07,AIR,DELIVER IN PERSON,1995-07-26,2-HIGH,341859.20,69,Customer#000000069,"gyuZTEcR4vKyNPMSa15ueKbRS6Tu4RUxw8j,B mv",9,19-225-978-5670,1709.28,HOUSEHOLD, sauternes against the silent foxes are slyly quickly special deposits. slyly final foxes integrate furiously. care
1754,tan gainsboro dim azure spring,LARGE BURNISHED NICKEL,Brand#11,2306,7,81,19.00,31459.25,0.07,AIR,DELIVER IN PERSON,1995-07-26,2-HIGH,341859.20,71,Customer#000000071,8FkQFLN34pFe50URKft43ntisSegsO3SKF0wUyZp,7,17-710-812-5403,-611.19,HOUSEHOLD,e slyly about the slyly bold theodolites. furiously regular deposits a
1754,tan gainsboro dim azure spring,LARGE BURNISHED NICKEL,Brand#11,2306,7,81,19.00,31459.25,0.07,AIR,DELIVER IN PERSON,1995-07-26,2-HIGH,341859.20,73,Customer#000000073,TiJiuAMxW6LUyyVFCKW,0,10-473-439-3214,4288.50,BUILDING, carefully pending packages to the pearls affix quick
1754,tan gainsboro dim azure spring,LARGE BURNISHED NICKEL,Brand#11,2306,7,81,19.00,31459.25,0.07,AIR,DELIVER IN PERSON,1995-07-26,2-HIGH,341859.20,74,Customer#000000074,jGhjorX17JmTAfT6gO 6sD9fF1GtFLs,4,14-199-862-7209,2764.43,MACHINERY,ithely special excuses. regular deposits cajole furiously finally
1754,tan gainsboro dim azure spring,LARGE BURNISHED NICKEL,Brand#11,2306,7,81,19.00,31459.25,0.07,AIR,DELIVER IN PERSON,1995-07-26,2-HIGH,341859.20,75,Customer#000000075,oJrUH20Ovu5fgaLagGIkAswUBF,18,28-247-803-9025,6684.10,AUTOMOBILE,"ronic foxes after the brave hockey players haggle after the slyly ironic courts. even, regular"
1754,tan gainsboro dim azure spring,LARGE BURNISHED NICKEL,Brand#11,2306,7,81,19.00,31459.25,0.07,AIR,DELIVER IN PERSON,1995-07-26,2-HIGH,341859.20,77,Customer#000000077,XyqmVhNelkoWPtjz3lRYxu,17,27-269-357-4674,1738.87,BUILDING, slyly. furiously final accounts sleep slyly among the ironic packages. quickly pending deposits inte
1754,tan gainsboro dim azure spring,LARGE BURNISHED NICKEL,Brand#11,2306,7,81,19.00,31459.25,0.07,AIR,DELIVER IN PERSON,1995-07-26,2-HIGH,341859.20,78,Customer#000000078,"kpcyQ11dABLX6YO9f,GPALyGbws3",9,19-960-700-9191,7136.97,FURNITURE,uriously above the slyly final de
1754,tan gainsboro dim azure spring,LARGE BURNISHED NICKEL,Brand#11,2306,7,81,19.00,31459.25,0.07,AIR,DELIVER IN PERSON,1995-07-26,2-HIGH,341859.20,79,Customer#000000079,EVJjYMyG59w4SINzn0pEfY,15,25-147-850-4166,5121.28,MACHINERY,iously even pinto beans hinder final deposits. carefully final accounts along the final theodolites integrate caref
1754,tan gainsboro dim azure spring,LARGE BURNISHED NICKEL,Brand#11,2306,7,81,19.00,31459.25,0.07,AIR,DELIVER IN PERSON,1995-07-26,2-HIGH,341859.20,81,Customer#000000081,9jUFbrThIIeoUNd8 9,20,30-165-277-3269,2023.71,BUILDING,s against the ironic packages haggle carefully above the slyly express pinto beans
1754,tan gainsboro dim azure spring,LARGE BURNISHED NICKEL,Brand#11,2306,7,81,19.00,31459.25,0.07,AIR,DELIVER IN PERSON,1995-07-26,2-HIGH,341859.20,82,Customer#000000082,tJkXm2PQBWPRRYkIXPg0YdM03E,18,28-159-442-5305,9468.34,AUTOMOBILE,old requests. slyly bold courts sleep carefully packag
1754,tan gainsboro dim azure spring,LARGE BURNISHED NICKEL,Brand#11,2306,7,81,19.00,31459.25,0.07,AIR,DELIVER IN PERSON,1995-07-26,2-HIGH,341859.20,83,Customer#000000083,"kDJ7dqVuBD9lY,hqjW2O UBz5EGoX9oL",22,32-817-154-4122,6463.51,BUILDING,into beans alongside of the furiously silent theodolites haggle carefully slyly final sauternes. requests cajol
1754,tan gainsboro dim azure spring,LARGE BURNISHED NICKEL,Brand#11,2306,7,81,19.00,31459.25,0.07,AIR,DELIVER IN PERSON,1995-07-26,2-HIGH,341859.20,84,Customer#000000084,GB3sUmv RRXV DPzeOSbGxMIF9Z4Eq9 rop,11,21-546-818-3802,5174.71,FURNITURE,ounts. blithely express theodolites nag carefully ironic pinto beans. carefully final 
1754,tan gainsboro dim azure spring,LARGE BURNISHED NICKEL,Brand#11,2306,7,81,19.00,31459.25,0.07,AIR,DELIVER IN PERSON,1995-07-26,2-HIGH,341859.20,85,Customer#000000085, I9M GnvICGJ29rTlKGzDMstOgH,5,15-745-585-8219,3386.64,FURNITURE,nts. blithely unusual pinto beans along
1754,tan gainsboro dim azure spring,LARGE BURNISHED NICKEL,Brand#11,2306,7,81,19.00,31459.25,0.07,AIR,DELIVER IN PERSON,1995-07-26,2-HIGH,341859.20,88,Customer#000000088,wyGHpeRMt mxmd8fEelFiXMTHnVg3OL,16,26-516-273-2566,8031.44,AUTOMOBILE,ts. unusual foxes use excuses; final courts doubt special packages. furiously regular platelets abo
1754,tan gainsboro dim azure spring,LARGE BURNISHED NICKEL,Brand#11,2306,7,81,19.00,31459.25,0.07,AIR,DELIVER IN PERSON,1995-07-26,2-HIGH,341859.20,90,Customer#000000090,buosjU5uu274vLfU,16,26-603-491-1238,7354.23,BUILDING,lyly bold pinto beans use alon
1754,tan gainsboro dim azure spring,LARGE BURNISHED NICKEL,Brand#11,2306,7,81,19.00,31459.25,0.07,AIR,DELIVER IN PERSON,1995-07-26,2-HIGH,341859.20,92,Customer#000000092,DPbrb7fGYfkrfAdm0gRJPPdADgqGh5 FVuA9 20,2,12-446-416-8471,1182.91,MACHINERY,sy theodolites. furiously ironic packages a
1754,tan gainsboro dim azure spring,LARGE BURNISHED NICKEL,Brand#11,2306,7,81,19.00,31459.25,0.07,AIR,DELIVER IN PERSON,1995-07-26,2-HIGH,341859.20,93,Customer#000000093,nj3p ZakNJ,7,17-359-388-5266,2182.52,MACHINERY,gular decoys after the slyly ruthless deposit
1754,tan gainsboro dim azure spring,LARGE BURNISHED NICKEL,Brand#11,2306,7,81,19.00,31459.25,0.07,AIR,DELIVER IN PERSON,1995-07-26,2-HIGH,341859.20,95,Customer#000000095,"n6,uwF4wcE76DVh1YsSVoatkTbohR3BT",15,25-923-255-2929,5327.38,MACHINERY,ly regular dinos. ironic requests haggle. slyly final accounts haggle slyly across the carefully exp
1754,tan gainsboro dim azure spring,LARGE BURNISHED NICKEL,Brand#11,2306,7,81,19.00,31459.25,0.07,AIR,DELIVER IN PERSON,1995-07-26,2-HIGH,341859.20,96,Customer#000000096,x4fc F3J99,8,18-422-845-1202,6323.92,AUTOMOBILE,lyly brave platelets are furiously above the fluffily sly theodolites. quickly ev
1754,tan gainsboro dim azure spring,LARGE BURNISHED NICKEL,Brand#11,2306,7,81,19.00,31459.25,0.07,AIR,DELIVER IN PERSON,1995-07-26,2-HIGH,341859.20,97,Customer#000000097,"dqBtMIPJhk1,ivXIr NZf",17,27-588-919-5638,2164.48,AUTOMOBILE,cial instructions. dependencies boost furiously; quickly final requests w
1754,tan gainsboro dim azure spring,LARGE BURNISHED NICKEL,Brand#11,2306,7,81,19.00,31459.25,0.07,AIR,DELIVER IN PERSON,1995-07-26,2-HIGH,341859.20,98,Customer#000000098,UtIJM4d8BxnqvPzwn4,12,22-885-845-6889,-551.37,BUILDING,ges. quickly regular theodolites wake. blithely unusual packages wake fluffil
1754,tan gainsboro dim azure spring,LARGE BURNISHED NICKEL,Brand#11,2306,7,81,19.00,31459.25,0.07,AIR,DELIVER IN PERSON,1995-07-26,2-HIGH,341859.20,100,Customer#000000100,MBy6qq3OEGpV4u,20,30-749-445-4907,9889.89,FURNITURE,"dazzle carefully furiously final foxes. express, ironic packages among the qui"
1964,olive tomato tan gainsboro linen,STANDARD ANODIZED NICKEL,Brand#25,48162,3,53,19.00,35453.24,0.06,AIR,DELIVER IN PERSON,1996-03-22,2-HIGH,163521.95,1,Customer#000000001,j5JsirBM9PsCy0O1m,15,25-989-741-2988,711.56,BUILDING,y final requests wake slyly quickly special accounts. blithely
1964,olive tomato tan gainsboro linen,STANDARD ANODIZED NICKEL,Brand#25,48162,3,53,19.00,35453.24,0.06,AIR,DELIVER IN PERSON,1996-03-22,2-HIGH,163521.95,3,Customer#000000003,fkRGN8nY4pkE,1,11-719-748-3364,7498.12,AUTOMOBILE,fully. carefully silent instructions sleep alongside of the slyly regular asymptotes. quickly regular 
1964,olive tomato tan gainsboro linen,STANDARD ANODIZED NICKEL,Brand#25,48162,3,53,19.00,35453.24,0.06,AIR,DELIVER IN PERSON,1996-03-22,2-HIGH,163521.95,4,Customer#000000004,4u58h fqkyE,4,14-128-190-5944,2866.83,MACHINERY, sublate. fluffily even instructions are about th
1964,olive tomato tan gainsboro linen,STANDARD ANODIZED NICKEL,Brand#25,48162,3,53,19.00,35453.24,0.06,AIR,DELIVER IN PERSON,1996-03-22,2-HIGH,163521.95,5,Customer#000000005,hwBtxkoBF qSW4KrIk5U 2B1AU7H,3,13-750-942-6364,794.47,HOUSEHOLD,equests haggle furiously against the pending packa
1964,olive tomato tan gainsboro linen,STANDARD ANODIZED NICKEL,Brand#25,48162,3,53,19.00,35453.24,0.06,AIR,DELIVER IN PERSON,1996-03-22,2-HIGH,163521.95,6,Customer#000000006," g1s,pzDenUEBW3O,2 pxu0f9n2g64rJrt5E",20,30-114-968-4951,7638.57,AUTOMOBILE, quickly silent asymptotes are slyly regular excuses. instructions wake furiously? quickly bold courts p
1964,olive tomato tan gainsboro linen,STANDARD ANODIZED NICKEL,Brand#25,48162,3,53,19.00,35453.24,0.06,AIR,DELIVER IN PERSON,1996-03-22,2-HIGH,163521.95,7,Customer#000000007,8OkMVLQ1dK6Mbu6WG9 w4pLGQ n7MQ,18,28-190-982-9759,9561.95,AUTOMOBILE,"ounts. ironic, regular accounts sleep. final requests haggle quickly after the"
1964,olive tomato tan gainsboro linen,STANDARD ANODIZED NICKEL,Brand#25,48162,3,53,19.00,35453.24,0.06,AIR,DELIVER IN PERSON,1996-03-22,2-HIGH,163521.95,8,Customer#000000008,"j,pZ,Qp,qtFEo0r0c 92qobZtlhSuOqbE4JGV",17,27-147-574-9335,6819.74,BUILDING,riously final excuses sublate quickly among the fluffily even foxes. quickly final packages haggle furiously furi
1964,olive tomato tan gainsboro linen,STANDARD ANODIZED NICKEL,Brand#25,48162,3,53,19.00,35453.24,0.06,AIR,DELIVER IN PERSON,1996-03-22,2-HIGH,163521.95,9,Customer#000000009,vgIql8H6zoyuLMFNdAMLyE7 H9,8,18-338-906-3675,8324.07,FURNITURE,ss pinto beans believe slyly quiet deposits-- doggedly bold packages boost. quickly ironic de
1964,olive tomato tan gainsboro linen,STANDARD ANODIZED NICKEL,Brand#25,48162,3,53,19.00,35453.24,0.06,AIR,DELIVER IN PERSON,1996-03-22,2-HIGH,163521.95,11,Customer#000000011,cG48rYjF3Aw7xs hKUXXqmI,23,33-464-151-3439,-272.60,BUILDING,ng to the regular foxes. furiously final deposits across the final platelets cajole quickly above th
1964,olive tomato tan gainsboro linen,STANDARD ANODIZED NICKEL,Brand#25,48162,3,53,19.00,35453.24,0.06,AIR,DELIVER IN PERSON,1996-03-22,2-HIGH,163521.95,13,Customer#000000013,Ez3ax0D5HnUbeUVSxoX8a8B,3,13-761-547-5974,3857.34,BUILDING,quickly brave foxes. blithely even packages against the pinto beans boost furiously against the re
1964,olive tomato tan gainsboro linen,STANDARD ANODIZED NICKEL,Brand#25,48162,3,53,19.00,35453.24,0.06,AIR,DELIVER IN PERSON,1996-03-22,2-HIGH,163521.95,14,Customer#000000014,h3GFMzeFfYiamqr,1,11-845-129-3851,5266.30,FURNITURE,"r, express foxes cajole slyly aga"
1964,olive tomato tan gainsboro linen,STANDARD ANODIZED NICKEL,Brand#25,48162,3,53,19.00,35453.24,0.06,AIR,DELIVER IN PERSON,1996-03-22,2-HIGH,163521.95,17,Customer#000000017,Js JrVHNAyCYMANzPGzvonS8kX8s3 yeLi3u9T,2,12-970-682-3487,6.34,AUTOMOBILE, fluffily final packages. slyly f
1964,olive tomato tan gainsboro linen,STANDARD ANODIZED NICKEL,Brand#25,48162,3,53,19.00,35453.24,0.06,AIR,DELIVER IN PERSON,1996-03-22,2-HIGH,163521.95,18,Customer#000000018,YyukcsqIxlyuXs702Rd2Rl9D1z,6,16-155-215-1315,5494.43,BUILDING,ickly even packages about the unusual dependencies cajole furious
1964,olive tomato tan gainsboro linen,STANDARD ANODIZED NICKEL,Brand#25,48162,3,53,19.00,35453.24,0.06,AIR,DELIVER IN PERSON,1996-03-22,2-HIGH,163521.95,20,Customer#000000020,i bGScABFHXdM,22,32-957-234-8742,7603.40,FURNITURE,"uickly regular instructions hang silent dugouts! regular, regular fox"
1964,olive tomato tan gainsboro linen,STANDARD ANODIZED NICKEL,Brand#25,48162,3,53,19.00,35453.24,0.06,AIR,DELIVER IN PERSON,1996-03-22,2-HIGH,163521.95,21,Customer#000000021,42E5BARtqjomD,8,18-902-614-8344,1428.25,MACHINERY,e blithely carefully quick sheaves. furiously regular 
1964,olive tomato tan gainsboro linen,STANDARD ANODIZED NICKEL,Brand#25,48162,3,53,19.00,35453.24,0.06,AIR,DELIVER IN PERSON,1996-03-22,2-HIGH,163521.95,22,Customer#000000022,"biUBW,0ldzWGT91Doo5b77G6N3Bp",3,13-806-545-9701,591.98,MACHINERY,s. theodolites nag blithely final packages. finall
1964,olive tomato tan gainsboro linen,STANDARD ANODIZED NICKEL,Brand#25,48162,3,53,19.00,35453.24,0.06,AIR,DELIVER IN PERSON,1996-03-22,2-HIGH,163521.95,24,Customer#000000024,k3qlKjqtHuzNAvIFyZX2Yc1crXuMfMU6SbAl,13,23-127-851-8031,9255.67,MACHINERY,s. final hockey players snooze carefully furious
1964,olive tomato tan gainsboro linen,STANDARD ANODIZED NICKEL,Brand#25,48162,3,53,19.00,35453.24,0.06,AIR,DELIVER IN PERSON,1996-03-22,2-HIGH,163521.95,26,Customer#000000026,TFH OW1MeFU6OIb,22,32-363-455-4837,5182.05,AUTOMOBILE,"gainst the express theodolites. deposits sleep furiously. regular, spe"
1964,olive tomato tan gainsboro linen,STANDARD ANODIZED NICKEL,Brand#25,48162,3,53,19.00,35453.24,0.06,AIR,DELIVER IN PERSON,1996-03-22,2-HIGH,163521.95,27,Customer#000000027,"j8SkiuuBp gBe7,yT",3,13-137-193-2709,5679.84,BUILDING,permanently. slyly ironic dependencies integrat
1964,olive tomato tan gainsboro linen,STANDARD ANODIZED NICKEL,Brand#25,48162,3,53,19.00,35453.24,0.06,AIR,DELIVER IN PERSON,1996-03-22,2-HIGH,163521.95,28,Customer#000000028,"J5tK,OQa07KQSuY5b4qRFYVYRF",8,18-774-241-1462,1007.18,FURNITURE,r accounts are quickly. boldly bold foxes haggle
1964,olive tomato tan gainsboro linen,STANDARD ANODIZED NICKEL,Brand#25,48162,3,53,19.00,35453.24,0.06,AIR,DELIVER IN PERSON,1996-03-22,2-HIGH,163521.95,29,Customer#000000029, hVQNzLtqGpgUXNMY0wlZVstaf52mXXxJ,0,10-773-203-7342,7618.27,FURNITURE, nod furiously after the final accounts. courts nag qu
1964,olive tomato tan gainsboro linen,STANDARD ANODIZED NICKEL,Brand#25,48162,3,53,19.00,35453.24,0.06,AIR,DELIVER IN PERSON,1996-03-22,2-HIGH,163521.95,30,Customer#000000030,EhnzmgkqQw7UXhF0PVdg gLfSAihaaHaD2fZah2,1,11-764-165-5076,9321.01,BUILDING,ep quickly slyly express accounts-- carefully eve
1964,olive tomato tan gainsboro linen,STANDARD ANODIZED NICKEL,Brand#25,48162,3,53,19.00,35453.24,0.06,AIR,DELIVER IN PERSON,1996-03-22,2-HIGH,163521.95,32,Customer#000000032,"InYu1tIr6EjN0nozdpf3hHRA,8FBYIbU1OcYh",15,25-430-914-2194,3471.53,BUILDING,lly carefully unusual accounts. final attainment
1964,olive tomato tan gainsboro linen,STANDARD ANODIZED NICKEL,Brand#25,48162,3,53,19.00,35453.24,0.06,AIR,DELIVER IN PERSON,1996-03-22,2-HIGH,163521.95,35,Customer#000000035,8mH4knWDpsifY,17,27-566-888-7431,1228.24,HOUSEHOLD,cies with the carefully regular sauternes engage caref
1964,olive tomato tan gainsboro linen,STANDARD ANODIZED NICKEL,Brand#25,48162,3,53,19.00,35453.24,0.06,AIR,DELIVER IN PERSON,1996-03-22,2-HIGH,163521.95,36,Customer#000000036,"Y7wosIxbsBi,0nNiSG4V7",21,31-704-669-5769,4987.27,BUILDING,ys among the accounts affix blithely asymptotes. carefully even deposits are fluff
1964,olive tomato tan gainsboro linen,STANDARD ANODIZED NICKEL,Brand#25,48162,3,53,19.00,35453.24,0.06,AIR,DELIVER IN PERSON,1996-03-22,2-HIGH,163521.95,37,Customer#000000037,Um5WbwJ0X8QCOy75y,8,18-385-235-7162,-917.75,FURNITURE,above the slyly regular accounts sleep along the carefull
1964,olive tomato tan gainsboro linen,STANDARD ANODIZED NICKEL,Brand#25,48162,3,53,19.00,35453.24,0.06,AIR,DELIVER IN PERSON,1996-03-22,2-HIGH,163521.95,39,Customer#000000039,"EDP9K1bwtXYNLGCA2mrlOM1U,",2,12-387-467-6509,6264.31,AUTOMOBILE,eposits play across the furiousl
1964,olive tomato tan gainsboro linen,STANDARD ANODIZED NICKEL,Brand#25,48162,3,53,19.00,35453.24,0.06,AIR,DELIVER IN PERSON,1996-03-22,2-HIGH,163521.95,40,Customer#000000040,"LcDk4rtJ85,CLw",3,13-652-915-8939,1335.30,BUILDING,y. brave accounts wake slyly ironic epitaphs; express packages h
1964,olive tomato tan gainsboro linen,STANDARD ANODIZED NICKEL,Brand#25,48162,3,53,19.00,35453.24,0.06,AIR,DELIVER IN PERSON,1996-03-22,2-HIGH,163521.95,42,Customer#000000042,tI8 wutpGM,5,15-416-330-4175,8727.01,BUILDING,lphins. blithely bold requests about the special patterns detect quickly regular foxes. furiously express in
1964,olive tomato tan gainsboro linen,STANDARD ANODIZED NICKEL,Brand#25,48162,3,53,19.00,35453.24,0.06,AIR,DELIVER IN PERSON,1996-03-22,2-HIGH,163521.95,43,Customer#000000043,Dx8PHkGSFJWLg3XtkzCX28iHRrQXbCRlN,19,29-316-665-2897,9904.28,MACHINERY,ronic pinto beans. packages sleep. furiously ruthless packages print blithely fluffily even platelets.
1964,olive tomato tan gainsboro linen,STANDARD ANODIZED NICKEL,Brand#25,48162,3,53,19.00,35453.24,0.06,AIR,DELIVER IN PERSON,1996-03-22,2-HIGH,163521.95,44,Customer#000000044,"dI0Nc9bvnxXHCWu10bSVn,NEJ2kwdyqvI",16,26-190-260-5375,7315.94,AUTOMOBILE,"fily regular asymptotes. ironic, pend"
1964,olive tomato tan gainsboro linen,STANDARD ANODIZED NICKEL,Brand#25,48162,3,53,19.00,35453.24,0.06,AIR,DELIVER IN PERSON,1996-03-22,2-HIGH,163521.95,45,Customer#000000045,XwXcOClKCcFek0oQDl0WFNo,9,19-715-298-9917,9983.38,AUTOMOBILE,l excuses are busy accounts. blithely
1964,olive tomato tan gainsboro linen,STANDARD ANODIZED NICKEL,Brand#25,48162,3,53,19.00,35453.24,0.06,AIR,DELIVER IN PERSON,1996-03-22,2-HIGH,163521.95,46,Customer#000000046,"NQ7345EZ,fS",6,16-357-681-2007,5744.59,AUTOMOBILE,"equests integrate fluffily after the carefully special accounts. fluffily regular deposits eat slyly ironic, "
1964,olive tomato tan gainsboro linen,STANDARD ANODIZED NICKEL,Brand#25,48162,3,53,19.00,35453.24,0.06,AIR,DELIVER IN PERSON,1996-03-22,2-HIGH,163521.95,48,Customer#000000048,076rIcJpxBmwMEdq,0,10-508-348-5882,3792.50,BUILDING, carefully. furiously bold accounts sleep slyly above the even accounts. ironic acc
1964,olive tomato tan gainsboro linen,STANDARD ANODIZED NICKEL,Brand#25,48162,3,53,19.00,35453.24,0.06,AIR,DELIVER IN PERSON,1996-03-22,2-HIGH,163521.95,49,Customer#000000049,PdKqM4TlA OLTjaeRmvH7QWDu80USfslgqutF,10,20-908-631-4424,4573.94,FURNITURE,quests haggle! furiously unusual theodolites cajole carefully. t
1964,olive tomato tan gainsboro linen,STANDARD ANODIZED NICKEL,Brand#25,48162,3,53,19.00,35453.24,0.06,AIR,DELIVER IN PERSON,1996-03-22,2-HIGH,163521.95,50,Customer#000000050,S8sn2GGsuputhZaN7irC,6,16-658-112-3221,4266.13,MACHINERY, ideas cajole. carefully even warthogs affix ironically quickly re
1964,olive tomato tan gainsboro linen,STANDARD ANODIZED NICKEL,Brand#25,48162,3,53,19.00,35453.24,0.06,AIR,DELIVER IN PERSON,1996-03-22,2-HIGH,163521.95,54,Customer#000000054,1GWwLsVwmol4lt0KCz7m1,4,14-776-370-4745,868.90,AUTOMOBILE,are slyly. instructions sublate slyly. fluffily even packages among the slyly regular accounts hang along
1964,olive tomato tan gainsboro linen,STANDARD ANODIZED NICKEL,Brand#25,48162,3,53,19.00,35453.24,0.06,AIR,DELIVER IN PERSON,1996-03-22,2-HIGH,163521.95,55,Customer#000000055,ti9p9XgdmFsjsQI6XQrISDUMFAusnmKS SBoCE,10,20-180-440-8525,4572.11,MACHINERY,dolites. bold instructions wake fluffily regular ideas. regular theodolites are furiously carefully unusual ac
1964,olive tomato tan gainsboro linen,STANDARD ANODIZED NICKEL,Brand#25,48162,3,53,19.00,35453.24,0.06,AIR,DELIVER IN PERSON,1996-03-22,2-HIGH,163521.95,57,Customer#000000057,ST32P xcb94b46,21,31-835-306-1650,4151.93,AUTOMOBILE,thely pending deposits. packages cajole blithely slyly express requests. fl
1964,olive tomato tan gainsboro linen,STANDARD ANODIZED NICKEL,Brand#25,48162,3,53,19.00,35453.24,0.06,AIR,DELIVER IN PERSON,1996-03-22,2-HIGH,163521.95,59,Customer#000000059,tfcob0wJRYdypIJLzBckGW,1,11-355-584-3112,3458.60,MACHINERY,s asymptotes wake. slyly ironic deposits haggle furiously; slyly regula
1964,olive tomato tan gainsboro linen,STANDARD ANODIZED NICKEL,Brand#25,48162,3,53,19.00,35453.24,0.06,AIR,DELIVER IN PERSON,1996-03-22,2-HIGH,163521.95,60,Customer#000000060,"mtCNJIveoJ 1E6sUhs,j",12,22-480-575-5866,2741.87,MACHINERY,ts. accounts cajole carefully. carefully final requests across the even accounts affix slyly 
1964,olive tomato tan gainsboro linen,STANDARD ANODIZED NICKEL,Brand#25,48162,3,53,19.00,35453.24,0.06,AIR,DELIVER IN PERSON,1996-03-22,2-HIGH,163521.95,61,Customer#000000061,SGDNwNWmqhvJKXwNlrpL4 TqAdz7XRDrKyAIQ2m,17,27-626-559-8599,1536.24,FURNITURE, slyly. quickly unusual deposits haggle furiousl
1964,olive tomato tan gainsboro linen,STANDARD ANODIZED NICKEL,Brand#25,48162,3,53,19.00,35453.24,0.06,AIR,DELIVER IN PERSON,1996-03-22,2-HIGH,163521.95,62,Customer#000000062,yBhgYoDvZX1,7,17-361-978-7059,595.61,MACHINERY,e carefully final requests. fluffily regular deposits haggle among the ironic warhors
1964,olive tomato tan gainsboro linen,STANDARD ANODIZED NICKEL,Brand#25,48162,3,53,19.00,35453.24,0.06,AIR,DELIVER IN PERSON,1996-03-22,2-HIGH,163521.95,63,Customer#000000063,j398B6441 Rgii,21,31-952-552-9584,9331.13,AUTOMOBILE,ar pinto beans nag furiously furiously regular ideas. d
1964,olive tomato tan gainsboro linen,STANDARD ANODIZED NICKEL,Brand#25,48162,3,53,19.00,35453.24,0.06,AIR,DELIVER IN PERSON,1996-03-22,2-HIGH,163521.95,64,Customer#000000064,"fPoMk3Y,GQhgXCQGhn0c8",3,13-558-731-7204,-646.64,BUILDING,hely unusual deposits sleep furiously express requests. c
1964,olive tomato tan gainsboro linen,STANDARD ANODIZED NICKEL,Brand#25,48162,3,53,19.00,35453.24,0.06,AIR,DELIVER IN PERSON,1996-03-22,2-HIGH,163521.95,65,Customer#000000065,"ak7rtta,tWG,jR,cTSXflW6RVQ3alna3P4Q,zF03",23,33-733-623-5267,8795.16,AUTOMOBILE,"ironic courts sleep slyly above the ironic, bold accounts. blithely"
1964,olive tomato tan gainsboro linen,STANDARD ANODIZED NICKEL,Brand#25,48162,3,53,19.00,35453.24,0.06,AIR,DELIVER IN PERSON,1996-03-22,2-HIGH,163521.95,67,Customer#000000067,"ALk,OdKy V5SruigGvBRMBo8S",9,19-403-114-4356,8166.59,MACHINERY, special sentiments. pending depen
1964,olive tomato tan gainsboro linen,STANDARD ANODIZED NICKEL,Brand#25,48162,3,53,19.00,35453.24,0.06,AIR,DELIVER IN PERSON,1996-03-22,2-HIGH,163521.95,69,Customer#000000069,"gyuZTEcR4vKyNPMSa15ueKbRS6Tu4RUxw8j,B mv",9,19-225-978-5670,1709.28,HOUSEHOLD, sauternes against the silent foxes are slyly quickly special deposits. slyly final foxes integrate furiously. care
1964,olive tomato tan gainsboro linen,STANDARD ANODIZED NICKEL,Brand#25,48162,3,53,19.00,35453.24,0.06,AIR,DELIVER IN PERSON,1996-03-22,2-HIGH,163521.95,71,Customer#000000071,8FkQFLN34pFe50URKft43ntisSegsO3SKF0wUyZp,7,17-710-812-5403,-611.19,HOUSEHOLD,e slyly about the slyly bold theodolites. furiously regular deposits a
1964,olive tomato tan gainsboro linen,STANDARD ANODIZED NICKEL,Brand#25,48162,3,53,19.00,35453.24,0.06,AIR,DELIVER IN PERSON,1996-03-22,2-HIGH,163521.95,73,Customer#000000073,TiJiuAMxW6LUyyVFCKW,0,10-473-439-3214,4288.50,BUILDING, carefully pending packages to the pearls affix quick
1964,olive tomato tan gainsboro linen,STANDARD ANODIZED NICKEL,Brand#25,48162,3,53,19.00,35453.24,0.06,AIR,DELIVER IN PERSON,1996-03-22,2-HIGH,163521.95,74,Customer#000000074,jGhjorX17JmTAfT6gO 6sD9fF1GtFLs,4,14-199-862-7209,2764.43,MACHINERY,ithely special excuses. regular deposits cajole furiously finally
1964,olive tomato tan gainsboro linen,STANDARD ANODIZED NICKEL,Brand#25,48162,3,53,19.00,35453.24,0.06,AIR,DELIVER IN PERSON,1996-03-22,2-HIGH,163521.95,75,Customer#000000075,oJrUH20Ovu5fgaLagGIkAswUBF,18,28-247-803-9025,6684.10,AUTOMOBILE,"ronic foxes after the brave hockey players haggle after the slyly ironic courts. even, regular"
1964,olive tomato tan gainsboro linen,STANDARD ANODIZED NICKEL,Brand#25,48162,3,53,19.00,35453.24,0.06,AIR,DELIVER IN PERSON,1996-03-22,2-HIGH,163521.95,77,Customer#000000077,XyqmVhNelkoWPtjz3lRYxu,17,27-269-357-4674,1738.87,BUILDING, slyly. furiously final accounts sleep slyly among the ironic packages. quickly pending deposits inte
1964,olive tomato tan gainsboro linen,STANDARD ANODIZED NICKEL,Brand#25,48162,3,53,19.00,35453.24,0.06,AIR,DELIVER IN PERSON,1996-03-22,2-HIGH,163521.95,78,Customer#000000078,"kpcyQ11dABLX6YO9f,GPALyGbws3",9,19-960-700-9191,7136.97,FURNITURE,uriously above the slyly final de
1964,olive tomato tan gainsboro linen,STANDARD ANODIZED NICKEL,Brand#25,48162,3,53,19.00,35453.24,0.06,AIR,DELIVER IN PERSON,1996-03-22,2-HIGH,163521.95,79,Customer#000000079,EVJjYMyG59w4SINzn0pEfY,15,25-147-850-4166,5121.28,MACHINERY,iously even pinto beans hinder final deposits. carefully final accounts along the final theodolites integrate caref
1964,olive tomato tan gainsboro linen,STANDARD ANODIZED NICKEL,Brand#25,48162,3,53,19.00,35453.24,0.06,AIR,DELIVER IN PERSON,1996-03-22,2-HIGH,163521.95,81,Customer#000000081,9jUFbrThIIeoUNd8 9,20,30-165-277-3269,2023.71,BUILDING,s against the ironic packages haggle carefully above the slyly express pinto beans
1964,olive tomato tan gainsboro linen,STANDARD ANODIZED NICKEL,Brand#25,48162,3,53,19.00,35453.24,0.06,AIR,DELIVER IN PERSON,1996-03-22,2-HIGH,163521.95,82,Customer#000000082,tJkXm2PQBWPRRYkIXPg0YdM03E,18,28-159-442-5305,9468.34,AUTOMOBILE,old requests. slyly bold courts sleep carefully packag
1964,olive tomato tan gainsboro linen,STANDARD ANODIZED NICKEL,Brand#25,48162,3,53,19.00,35453.24,0.06,AIR,DELIVER IN PERSON,1996-03-22,2-HIGH,163521.95,83,Customer#000000083,"kDJ7dqVuBD9lY,hqjW2O UBz5EGoX9oL",22,32-817-154-4122,6463.51,BUILDING,into beans alongside of the furiously silent theodolites haggle carefully slyly final sauternes. requests cajol
1964,olive tomato tan gainsboro linen,STANDARD ANODIZED NICKEL,Brand#25,48162,3,53,19.00,35453.24,0.06,AIR,DELIVER IN PERSON,1996-03-22,2-HIGH,163521.95,84,Customer#000000084,GB3sUmv RRXV DPzeOSbGxMIF9Z4Eq9 rop,11,21-546-818-3802,5174.71,FURNITURE,ounts. blithely express theodolites nag carefully ironic pinto beans. carefully final 
1964,olive tomato tan gainsboro linen,STANDARD ANODIZED NICKEL,Brand#25,48162,3,53,19.00,35453.24,0.06,AIR,DELIVER IN PERSON,1996-03-22,2-HIGH,163521.95,85,Customer#000000085, I9M GnvICGJ29rTlKGzDMstOgH,5,15-745-585-8219,3386.64,FURNITURE,nts. blithely unusual pinto beans along
1964,olive tomato tan gainsboro linen,STANDARD ANODIZED NICKEL,Brand#25,48162,3,53,19.00,35453.24,0.06,AIR,DELIVER IN PERSON,1996-03-22,2-HIGH,163521.95,88,Customer#000000088,wyGHpeRMt mxmd8fEelFiXMTHnVg3OL,16,26-516-273-2566,8031.44,AUTOMOBILE,ts. unusual foxes use excuses; final courts doubt special packages. furiously regular platelets abo
1964,olive tomato tan gainsboro linen,STANDARD ANODIZED NICKEL,Brand#25,48162,3,53,19.00,35453.24,0.06,AIR,DELIVER IN PERSON,1996-03-22,2-HIGH,163521.95,90,Customer#000000090,buosjU5uu274vLfU,16,26-603-491-1238,7354.23,BUILDING,lyly bold pinto beans use alon
1964,olive tomato tan gainsboro linen,STANDARD ANODIZED NICKEL,Brand#25,48162,3,53,19.00,35453.24,0.06,AIR,DELIVER IN PERSON,1996-03-22,2-HIGH,163521.95,92,Customer#000000092,DPbrb7fGYfkrfAdm0gRJPPdADgqGh5 FVuA9 20,2,12-446-416-8471,1182.91,MACHINERY,sy theodolites. furiously ironic packages a
1964,olive tomato tan gainsboro linen,STANDARD ANODIZED NICKEL,Brand#25,48162,3,53,19.00,35453.24,0.06,AIR,DELIVER IN PERSON,1996-03-22,2-HIGH,163521.95,93,Customer#000000093,nj3p ZakNJ,7,17-359-388-5266,2182.52,MACHINERY,gular decoys after the slyly ruthless deposit
1964,olive tomato tan gainsboro linen,STANDARD ANODIZED NICKEL,Brand#25,48162,3,53,19.00,35453.24,0.06,AIR,DELIVER IN PERSON,1996-03-22,2-HIGH,163521.95,95,Customer#000000095,"n6,uwF4wcE76DVh1YsSVoatkTbohR3BT",15,25-923-255-2929,5327.38,MACHINERY,ly regular dinos. ironic requests haggle. slyly final accounts haggle slyly across the carefully exp
1964,olive tomato tan gainsboro linen,STANDARD ANODIZED NICKEL,Brand#25,48162,3,53,19.00,35453.24,0.06,AIR,DELIVER IN PERSON,1996-03-22,2-HIGH,163521.95,96,Customer#000000096,x4fc F3J99,8,18-422-845-1202,6323.92,AUTOMOBILE,lyly brave platelets are furiously above the fluffily sly theodolites. quickly ev
1964,olive tomato tan gainsboro linen,STANDARD ANODIZED NICKEL,Brand#25,48162,3,53,19.00,35453.24,0.06,AIR,DELIVER IN PERSON,1996-03-22,2-HIGH,163521.95,97,Customer#000000097,"dqBtMIPJhk1,ivXIr NZf",17,27-588-919-5638,2164.48,AUTOMOBILE,cial instructions. dependencies boost furiously; quickly final requests w
1964,olive tomato tan gainsboro linen,STANDARD ANODIZED NICKEL,Brand#25,48162,3,53,19.00,35453.24,0.06,AIR,DELIVER IN PERSON,1996-03-22,2-HIGH,163521.95,98,Customer#000000098,UtIJM4d8BxnqvPzwn4,12,22-885-845-6889,-551.37,BUILDING,ges. quickly regular theodolites wake. blithely unusual packages wake fluffil
1964,olive tomato tan gainsboro linen,STANDARD ANODIZED NICKEL,Brand#25,48162,3,53,19.00,35453.24,0.06,AIR,DELIVER IN PERSON,1996-03-22,2-HIGH,163521.95,100,Customer#000000100,MBy6qq3OEGpV4u,20,30-749-445-4907,9889.89,FURNITURE,"dazzle carefully furiously final foxes. express, ironic packages among the qui"
