p_partkey,p_name,p_type,p_container,l_orderkey,l_shipmode,l_shipinstruct,l_quantity,l_extendedprice,l_discount,o_orderdate,o_orderpriority,o_totalprice,c_name,c_mktsegment,c_acctbal,customer_nation,customer_region,n_nationkey,n_name,n_regionkey,n_comment
6,bisque cornflower lawn forest magenta,PROMO PLATED STEEL,MED BAG,14114,MAIL,DELIVER IN PERSON,15.00,13590.00,0.03,1994-04-07,1-URGENT,183685.33,Customer#000000448,BUILDING,8117.27,UNITED STATES,AMERICA,0,ALGERIA,0,furiously regular requests. platelets affix furious
6,bisque cornflower lawn forest magenta,PROMO PLATED STEEL,MED BAG,14114,MAIL,DELIVER IN PERSON,15.00,13590.00,0.03,1994-04-07,1-URGENT,183685.33,Customer#000000448,BUILDING,8117.27,UNITED STATES,AMERICA,1,ARGENTINA,1,"instructions wake quickly. final deposits haggle. final, silent theodolites "
6,bisque cornflower lawn forest magenta,PROMO PLATED STEEL,MED BAG,14114,MAIL,DELIVER IN PERSON,15.00,13590.00,0.03,1994-04-07,1-URGENT,183685.33,Customer#000000448,BUILDING,8117.27,UNITED STATES,AMERICA,2,BRAZIL,1,asymptotes use fluffily quickly bold instructions. slyly bold dependencies sleep carefully pending accounts
6,bisque cornflower lawn forest magenta,PROMO PLATED STEEL,MED BAG,14114,MAIL,DELIVER IN PERSON,15.00,13590.00,0.03,1994-04-07,1-URGENT,183685.33,Customer#000000448,BUILDING,8117.27,UNITED STATES,AMERICA,3,CANADA,1,ss deposits wake across the pending foxes. packages after the carefully bold requests integrate caref
6,bisque cornflower lawn forest magenta,PROMO PLATED STEEL,MED BAG,14114,MAIL,DELIVER IN PERSON,15.00,13590.00,0.03,1994-04-07,1-URGENT,183685.33,Customer#000000448,BUILDING,8117.27,UNITED STATES,AMERICA,4,EGYPT,4,"usly ironic, pending foxes. even, special instructions nag. sly, final foxes detect slyly fluffily "
6,bisque cornflower lawn forest magenta,PROMO PLATED STEEL,MED BAG,14114,MAIL,DELIVER IN PERSON,15.00,13590.00,0.03,1994-04-07,1-URGENT,183685.33,Customer#000000448,BUILDING,8117.27,UNITED STATES,AMERICA,5,ETHIOPIA,0,regular requests sleep carefull
6,bisque cornflower lawn forest magenta,PROMO PLATED STEEL,MED BAG,14114,MAIL,DELIVER IN PERSON,15.00,13590.00,0.03,1994-04-07,1-URGENT,183685.33,Customer#000000448,BUILDING,8117.27,UNITED STATES,AMERICA,6,FRANCE,3,oggedly. regular packages solve across
6,bisque cornflower lawn forest magenta,PROMO PLATED STEEL,MED BAG,14114,MAIL,DELIVER IN PERSON,15.00,13590.00,0.03,1994-04-07,1-URGENT,183685.33,Customer#000000448,BUILDING,8117.27,UNITED STATES,AMERICA,7,GERMANY,3,ong the regular requests: blithely silent pinto beans hagg
6,bisque cornflower lawn forest magenta,PROMO PLATED STEEL,MED BAG,14114,MAIL,DELIVER IN PERSON,15.00,13590.00,0.03,1994-04-07,1-URGENT,183685.33,Customer#000000448,BUILDING,8117.27,UNITED STATES,AMERICA,8,INDIA,2,uriously unusual deposits about the slyly final pinto beans could
6,bisque cornflower lawn forest magenta,PROMO PLATED STEEL,MED BAG,14114,MAIL,DELIVER IN PERSON,15.00,13590.00,0.03,1994-04-07,1-URGENT,183685.33,Customer#000000448,BUILDING,8117.27,UNITED STATES,AMERICA,9,INDONESIA,2,"d deposits sleep quickly according to the dogged, regular dolphins. special excuses haggle furiously special reque"
6,bisque cornflower lawn forest magenta,PROMO PLATED STEEL,MED BAG,14114,MAIL,DELIVER IN PERSON,15.00,13590.00,0.03,1994-04-07,1-URGENT,183685.33,Customer#000000448,BUILDING,8117.27,UNITED STATES,AMERICA,10,IRAN,4,furiously idle platelets nag. express asymptotes s
6,bisque cornflower lawn forest magenta,PROMO PLATED STEEL,MED BAG,14114,MAIL,DELIVER IN PERSON,15.00,13590.00,0.03,1994-04-07,1-URGENT,183685.33,Customer#000000448,BUILDING,8117.27,UNITED STATES,AMERICA,11,IRAQ,4,pendencies; slyly express foxes integrate carefully across the reg
6,bisque cornflower lawn forest magenta,PROMO PLATED STEEL,MED BAG,14114,MAIL,DELIVER IN PERSON,15.00,13590.00,0.03,1994-04-07,1-URGENT,183685.33,Customer#000000448,BUILDING,8117.27,UNITED STATES,AMERICA,12,JAPAN,2, quickly final packages. furiously i
6,bisque cornflower lawn forest magenta,PROMO PLATED STEEL,MED BAG,14114,MAIL,DELIVER IN PERSON,15.00,13590.00,0.03,1994-04-07,1-URGENT,183685.33,Customer#000000448,BUILDING,8117.27,UNITED STATES,AMERICA,13,JORDAN,4,the slyly regular ideas. silent Tiresias affix slyly fu
6,bisque cornflower lawn forest magenta,PROMO PLATED STEEL,MED BAG,14114,MAIL,DELIVER IN PERSON,15.00,13590.00,0.03,1994-04-07,1-URGENT,183685.33,Customer#000000448,BUILDING,8117.27,UNITED STATES,AMERICA,14,KENYA,0,lyly special foxes. slyly regular deposits sleep carefully. carefully permanent accounts slee
6,bisque cornflower lawn forest magenta,PROMO PLATED STEEL,MED BAG,14114,MAIL,DELIVER IN PERSON,15.00,13590.00,0.03,1994-04-07,1-URGENT,183685.33,Customer#000000448,BUILDING,8117.27,UNITED STATES,AMERICA,15,MOROCCO,0,ct blithely: blithely express accounts nag carefully. silent packages haggle carefully abo
6,bisque cornflower lawn forest magenta,PROMO PLATED STEEL,MED BAG,14114,MAIL,DELIVER IN PERSON,15.00,13590.00,0.03,1994-04-07,1-URGENT,183685.33,Customer#000000448,BUILDING,8117.27,UNITED STATES,AMERICA,16,MOZAMBIQUE,0, beans after the carefully regular accounts r
6,bisque cornflower lawn forest magenta,PROMO PLATED STEEL,MED BAG,14114,MAIL,DELIVER IN PERSON,15.00,13590.00,0.03,1994-04-07,1-URGENT,183685.33,Customer#000000448,BUILDING,8117.27,UNITED STATES,AMERICA,17,PERU,1,ly final foxes. blithely ironic accounts haggle. regular foxes about the regular deposits are furiously ir
6,bisque cornflower lawn forest magenta,PROMO PLATED STEEL,MED BAG,14114,MAIL,DELIVER IN PERSON,15.00,13590.00,0.03,1994-04-07,1-URGENT,183685.33,Customer#000000448,BUILDING,8117.27,UNITED STATES,AMERICA,18,CHINA,2,"ckly special packages cajole slyly. unusual, unusual theodolites mold furiously. slyly sile"
6,bisque cornflower lawn forest magenta,PROMO PLATED STEEL,MED BAG,14114,MAIL,DELIVER IN PERSON,15.00,13590.00,0.03,1994-04-07,1-URGENT,183685.33,Customer#000000448,BUILDING,8117.27,UNITED STATES,AMERICA,19,ROMANIA,3,"sly blithe requests. thinly bold deposits above the blithely regular accounts nag special, final requests. care"
6,bisque cornflower lawn forest magenta,PROMO PLATED STEEL,MED BAG,14114,MAIL,DELIVER IN PERSON,15.00,13590.00,0.03,1994-04-07,1-URGENT,183685.33,Customer#000000448,BUILDING,8117.27,UNITED STATES,AMERICA,20,SAUDI ARABIA,4,se slyly across the blithely regular deposits. deposits use carefully regular 
6,bisque cornflower lawn forest magenta,PROMO PLATED STEEL,MED BAG,14114,MAIL,DELIVER IN PERSON,15.00,13590.00,0.03,1994-04-07,1-URGENT,183685.33,Customer#000000448,BUILDING,8117.27,UNITED STATES,AMERICA,21,VIETNAM,2,lly across the quickly even pinto beans. caref
6,bisque cornflower lawn forest magenta,PROMO PLATED STEEL,MED BAG,14114,MAIL,DELIVER IN PERSON,15.00,13590.00,0.03,1994-04-07,1-URGENT,183685.33,Customer#000000448,BUILDING,8117.27,UNITED STATES,AMERICA,22,RUSSIA,3,uctions. furiously unusual instructions sleep furiously ironic packages. slyly 
6,bisque cornflower lawn forest magenta,PROMO PLATED STEEL,MED BAG,14114,MAIL,DELIVER IN PERSON,15.00,13590.00,0.03,1994-04-07,1-URGENT,183685.33,Customer#000000448,BUILDING,8117.27,UNITED STATES,AMERICA,23,UNITED KINGDOM,3,"carefully pending courts sleep above the ironic, regular theo"
6,bisque cornflower lawn forest magenta,PROMO PLATED STEEL,MED BAG,14114,MAIL,DELIVER IN PERSON,15.00,13590.00,0.03,1994-04-07,1-URGENT,183685.33,Customer#000000448,BUILDING,8117.27,UNITED STATES,AMERICA,24,UNITED STATES,1,ly ironic requests along the slyly bold ideas hang after the blithely special notornis; blithely even accounts
6,bisque cornflower lawn forest magenta,PROMO PLATED STEEL,MED BAG,15974,MAIL,TAKE BACK RETURN,16.00,14496.00,0.03,1995-04-30,2-HIGH,101185.41,Customer#000000547,BUILDING,6058.08,RUSSIA,EUROPE,0,ALGERIA,0,furiously regular requests. platelets affix furious
6,bisque cornflower lawn forest magenta,PROMO PLATED STEEL,MED BAG,15974,MAIL,TAKE BACK RETURN,16.00,14496.00,0.03,1995-04-30,2-HIGH,101185.41,Customer#000000547,BUILDING,6058.08,RUSSIA,EUROPE,1,ARGENTINA,1,"instructions wake quickly. final deposits haggle. final, silent theodolites "
6,bisque cornflower lawn forest magenta,PROMO PLATED STEEL,MED BAG,15974,MAIL,TAKE BACK RETURN,16.00,14496.00,0.03,1995-04-30,2-HIGH,101185.41,Customer#000000547,BUILDING,6058.08,RUSSIA,EUROPE,2,BRAZIL,1,asymptotes use fluffily quickly bold instructions. slyly bold dependencies sleep carefully pending accounts
6,bisque cornflower lawn forest magenta,PROMO PLATED STEEL,MED BAG,15974,MAIL,TAKE BACK RETURN,16.00,14496.00,0.03,1995-04-30,2-HIGH,101185.41,Customer#000000547,BUILDING,6058.08,RUSSIA,EUROPE,3,CANADA,1,ss deposits wake across the pending foxes. packages after the carefully bold requests integrate caref
6,bisque cornflower lawn forest magenta,PROMO PLATED STEEL,MED BAG,15974,MAIL,TAKE BACK RETURN,16.00,14496.00,0.03,1995-04-30,2-HIGH,101185.41,Customer#000000547,BUILDING,6058.08,RUSSIA,EUROPE,4,EGYPT,4,"usly ironic, pending foxes. even, special instructions nag. sly, final foxes detect slyly fluffily "
6,bisque cornflower lawn forest magenta,PROMO PLATED STEEL,MED BAG,15974,MAIL,TAKE BACK RETURN,16.00,14496.00,0.03,1995-04-30,2-HIGH,101185.41,Customer#000000547,BUILDING,6058.08,RUSSIA,EUROPE,5,ETHIOPIA,0,regular requests sleep carefull
6,bisque cornflower lawn forest magenta,PROMO PLATED STEEL,MED BAG,15974,MAIL,TAKE BACK RETURN,16.00,14496.00,0.03,1995-04-30,2-HIGH,101185.41,Customer#000000547,BUILDING,6058.08,RUSSIA,EUROPE,6,FRANCE,3,oggedly. regular packages solve across
6,bisque cornflower lawn forest magenta,PROMO PLATED STEEL,MED BAG,15974,MAIL,TAKE BACK RETURN,16.00,14496.00,0.03,1995-04-30,2-HIGH,101185.41,Customer#000000547,BUILDING,6058.08,RUSSIA,EUROPE,7,GERMANY,3,ong the regular requests: blithely silent pinto beans hagg
6,bisque cornflower lawn forest magenta,PROMO PLATED STEEL,MED BAG,15974,MAIL,TAKE BACK RETURN,16.00,14496.00,0.03,1995-04-30,2-HIGH,101185.41,Customer#000000547,BUILDING,6058.08,RUSSIA,EUROPE,8,INDIA,2,uriously unusual deposits about the slyly final pinto beans could
6,bisque cornflower lawn forest magenta,PROMO PLATED STEEL,MED BAG,15974,MAIL,TAKE BACK RETURN,16.00,14496.00,0.03,1995-04-30,2-HIGH,101185.41,Customer#000000547,BUILDING,6058.08,RUSSIA,EUROPE,9,INDONESIA,2,"d deposits sleep quickly according to the dogged, regular dolphins. special excuses haggle furiously special reque"
6,bisque cornflower lawn forest magenta,PROMO PLATED STEEL,MED BAG,15974,MAIL,TAKE BACK RETURN,16.00,14496.00,0.03,1995-04-30,2-HIGH,101185.41,Customer#000000547,BUILDING,6058.08,RUSSIA,EUROPE,10,IRAN,4,furiously idle platelets nag. express asymptotes s
6,bisque cornflower lawn forest magenta,PROMO PLATED STEEL,MED BAG,15974,MAIL,TAKE BACK RETURN,16.00,14496.00,0.03,1995-04-30,2-HIGH,101185.41,Customer#000000547,BUILDING,6058.08,RUSSIA,EUROPE,11,IRAQ,4,pendencies; slyly express foxes integrate carefully across the reg
6,bisque cornflower lawn forest magenta,PROMO PLATED STEEL,MED BAG,15974,MAIL,TAKE BACK RETURN,16.00,14496.00,0.03,1995-04-30,2-HIGH,101185.41,Customer#000000547,BUILDING,6058.08,RUSSIA,EUROPE,12,JAPAN,2, quickly final packages. furiously i
6,bisque cornflower lawn forest magenta,PROMO PLATED STEEL,MED BAG,15974,MAIL,TAKE BACK RETURN,16.00,14496.00,0.03,1995-04-30,2-HIGH,101185.41,Customer#000000547,BUILDING,6058.08,RUSSIA,EUROPE,13,JORDAN,4,the slyly regular ideas. silent Tiresias affix slyly fu
6,bisque cornflower lawn forest magenta,PROMO PLATED STEEL,MED BAG,15974,MAIL,TAKE BACK RETURN,16.00,14496.00,0.03,1995-04-30,2-HIGH,101185.41,Customer#000000547,BUILDING,6058.08,RUSSIA,EUROPE,14,KENYA,0,lyly special foxes. slyly regular deposits sleep carefully. carefully permanent accounts slee
6,bisque cornflower lawn forest magenta,PROMO PLATED STEEL,MED BAG,15974,MAIL,TAKE BACK RETURN,16.00,14496.00,0.03,1995-04-30,2-HIGH,101185.41,Customer#000000547,BUILDING,6058.08,RUSSIA,EUROPE,15,MOROCCO,0,ct blithely: blithely express accounts nag carefully. silent packages haggle carefully abo
6,bisque cornflower lawn forest magenta,PROMO PLATED STEEL,MED BAG,15974,MAIL,TAKE BACK RETURN,16.00,14496.00,0.03,1995-04-30,2-HIGH,101185.41,Customer#000000547,BUILDING,6058.08,RUSSIA,EUROPE,16,MOZAMBIQUE,0, beans after the carefully regular accounts r
6,bisque cornflower lawn forest magenta,PROMO PLATED STEEL,MED BAG,15974,MAIL,TAKE BACK RETURN,16.00,14496.00,0.03,1995-04-30,2-HIGH,101185.41,Customer#000000547,BUILDING,6058.08,RUSSIA,EUROPE,17,PERU,1,ly final foxes. blithely ironic accounts haggle. regular foxes about the regular deposits are furiously ir
6,bisque cornflower lawn forest magenta,PROMO PLATED STEEL,MED BAG,15974,MAIL,TAKE BACK RETURN,16.00,14496.00,0.03,1995-04-30,2-HIGH,101185.41,Customer#000000547,BUILDING,6058.08,RUSSIA,EUROPE,18,CHINA,2,"ckly special packages cajole slyly. unusual, unusual theodolites mold furiously. slyly sile"
6,bisque cornflower lawn forest magenta,PROMO PLATED STEEL,MED BAG,15974,MAIL,TAKE BACK RETURN,16.00,14496.00,0.03,1995-04-30,2-HIGH,101185.41,Customer#000000547,BUILDING,6058.08,RUSSIA,EUROPE,19,ROMANIA,3,"sly blithe requests. thinly bold deposits above the blithely regular accounts nag special, final requests. care"
6,bisque cornflower lawn forest magenta,PROMO PLATED STEEL,MED BAG,15974,MAIL,TAKE BACK RETURN,16.00,14496.00,0.03,1995-04-30,2-HIGH,101185.41,Customer#000000547,BUILDING,6058.08,RUSSIA,EUROPE,20,SAUDI ARABIA,4,se slyly across the blithely regular deposits. deposits use carefully regular 
6,bisque cornflower lawn forest magenta,PROMO PLATED STEEL,MED BAG,15974,MAIL,TAKE BACK RETURN,16.00,14496.00,0.03,1995-04-30,2-HIGH,101185.41,Customer#000000547,BUILDING,6058.08,RUSSIA,EUROPE,21,VIETNAM,2,lly across the quickly even pinto beans. caref
6,bisque cornflower lawn forest magenta,PROMO PLATED STEEL,MED BAG,15974,MAIL,TAKE BACK RETURN,16.00,14496.00,0.03,1995-04-30,2-HIGH,101185.41,Customer#000000547,BUILDING,6058.08,RUSSIA,EUROPE,22,RUSSIA,3,uctions. furiously unusual instructions sleep furiously ironic packages. slyly 
6,bisque cornflower lawn forest magenta,PROMO PLATED STEEL,MED BAG,15974,MAIL,TAKE BACK RETURN,16.00,14496.00,0.03,1995-04-30,2-HIGH,101185.41,Customer#000000547,BUILDING,6058.08,RUSSIA,EUROPE,23,UNITED KINGDOM,3,"carefully pending courts sleep above the ironic, regular theo"
6,bisque cornflower lawn forest magenta,PROMO PLATED STEEL,MED BAG,15974,MAIL,TAKE BACK RETURN,16.00,14496.00,0.03,1995-04-30,2-HIGH,101185.41,Customer#000000547,BUILDING,6058.08,RUSSIA,EUROPE,24,UNITED STATES,1,ly ironic requests along the slyly bold ideas hang after the blithely special notornis; blithely even accounts
17,indian navy coral pink deep,ECONOMY BRUSHED STEEL,LG BOX,17478,TRUCK,DELIVER IN PERSON,15.00,13755.15,0.08,1996-11-24,3-MEDIUM,125381.06,Customer#000000118,AUTOMOBILE,3582.37,CHINA,ASIA,0,ALGERIA,0,furiously regular requests. platelets affix furious
17,indian navy coral pink deep,ECONOMY BRUSHED STEEL,LG BOX,17478,TRUCK,DELIVER IN PERSON,15.00,13755.15,0.08,1996-11-24,3-MEDIUM,125381.06,Customer#000000118,AUTOMOBILE,3582.37,CHINA,ASIA,1,ARGENTINA,1,"instructions wake quickly. final deposits haggle. final, silent theodolites "
17,indian navy coral pink deep,ECONOMY BRUSHED STEEL,LG BOX,17478,TRUCK,DELIVER IN PERSON,15.00,13755.15,0.08,1996-11-24,3-MEDIUM,125381.06,Customer#000000118,AUTOMOBILE,3582.37,CHINA,ASIA,2,BRAZIL,1,asymptotes use fluffily quickly bold instructions. slyly bold dependencies sleep carefully pending accounts
17,indian navy coral pink deep,ECONOMY BRUSHED STEEL,LG BOX,17478,TRUCK,DELIVER IN PERSON,15.00,13755.15,0.08,1996-11-24,3-MEDIUM,125381.06,Customer#000000118,AUTOMOBILE,3582.37,CHINA,ASIA,3,CANADA,1,ss deposits wake across the pending foxes. packages after the carefully bold requests integrate caref
17,indian navy coral pink deep,ECONOMY BRUSHED STEEL,LG BOX,17478,TRUCK,DELIVER IN PERSON,15.00,13755.15,0.08,1996-11-24,3-MEDIUM,125381.06,Customer#000000118,AUTOMOBILE,3582.37,CHINA,ASIA,4,EGYPT,4,"usly ironic, pending foxes. even, special instructions nag. sly, final foxes detect slyly fluffily "
17,indian navy coral pink deep,ECONOMY BRUSHED STEEL,LG BOX,17478,TRUCK,DELIVER IN PERSON,15.00,13755.15,0.08,1996-11-24,3-MEDIUM,125381.06,Customer#000000118,AUTOMOBILE,3582.37,CHINA,ASIA,5,ETHIOPIA,0,regular requests sleep carefull
17,indian navy coral pink deep,ECONOMY BRUSHED STEEL,LG BOX,17478,TRUCK,DELIVER IN PERSON,15.00,13755.15,0.08,1996-11-24,3-MEDIUM,125381.06,Customer#000000118,AUTOMOBILE,3582.37,CHINA,ASIA,6,FRANCE,3,oggedly. regular packages solve across
17,indian navy coral pink deep,ECONOMY BRUSHED STEEL,LG BOX,17478,TRUCK,DELIVER IN PERSON,15.00,13755.15,0.08,1996-11-24,3-MEDIUM,125381.06,Customer#000000118,AUTOMOBILE,3582.37,CHINA,ASIA,7,GERMANY,3,ong the regular requests: blithely silent pinto beans hagg
17,indian navy coral pink deep,ECONOMY BRUSHED STEEL,LG BOX,17478,TRUCK,DELIVER IN PERSON,15.00,13755.15,0.08,1996-11-24,3-MEDIUM,125381.06,Customer#000000118,AUTOMOBILE,3582.37,CHINA,ASIA,8,INDIA,2,uriously unusual deposits about the slyly final pinto beans could
17,indian navy coral pink deep,ECONOMY BRUSHED STEEL,LG BOX,17478,TRUCK,DELIVER IN PERSON,15.00,13755.15,0.08,1996-11-24,3-MEDIUM,125381.06,Customer#000000118,AUTOMOBILE,3582.37,CHINA,ASIA,9,INDONESIA,2,"d deposits sleep quickly according to the dogged, regular dolphins. special excuses haggle furiously special reque"
17,indian navy coral pink deep,ECONOMY BRUSHED STEEL,LG BOX,17478,TRUCK,DELIVER IN PERSON,15.00,13755.15,0.08,1996-11-24,3-MEDIUM,125381.06,Customer#000000118,AUTOMOBILE,3582.37,CHINA,ASIA,10,IRAN,4,furiously idle platelets nag. express asymptotes s
17,indian navy coral pink deep,ECONOMY BRUSHED STEEL,LG BOX,17478,TRUCK,DELIVER IN PERSON,15.00,13755.15,0.08,1996-11-24,3-MEDIUM,125381.06,Customer#000000118,AUTOMOBILE,3582.37,CHINA,ASIA,11,IRAQ,4,pendencies; slyly express foxes integrate carefully across the reg
17,indian navy coral pink deep,ECONOMY BRUSHED STEEL,LG BOX,17478,TRUCK,DELIVER IN PERSON,15.00,13755.15,0.08,1996-11-24,3-MEDIUM,125381.06,Customer#000000118,AUTOMOBILE,3582.37,CHINA,ASIA,12,JAPAN,2, quickly final packages. furiously i
17,indian navy coral pink deep,ECONOMY BRUSHED STEEL,LG BOX,17478,TRUCK,DELIVER IN PERSON,15.00,13755.15,0.08,1996-11-24,3-MEDIUM,125381.06,Customer#000000118,AUTOMOBILE,3582.37,CHINA,ASIA,13,JORDAN,4,the slyly regular ideas. silent Tiresias affix slyly fu
17,indian navy coral pink deep,ECONOMY BRUSHED STEEL,LG BOX,17478,TRUCK,DELIVER IN PERSON,15.00,13755.15,0.08,1996-11-24,3-MEDIUM,125381.06,Customer#000000118,AUTOMOBILE,3582.37,CHINA,ASIA,14,KENYA,0,lyly special foxes. slyly regular deposits sleep carefully. carefully permanent accounts slee
17,indian navy coral pink deep,ECONOMY BRUSHED STEEL,LG BOX,17478,TRUCK,DELIVER IN PERSON,15.00,13755.15,0.08,1996-11-24,3-MEDIUM,125381.06,Customer#000000118,AUTOMOBILE,3582.37,CHINA,ASIA,15,MOROCCO,0,ct blithely: blithely express accounts nag carefully. silent packages haggle carefully abo
17,indian navy coral pink deep,ECONOMY BRUSHED STEEL,LG BOX,17478,TRUCK,DELIVER IN PERSON,15.00,13755.15,0.08,1996-11-24,3-MEDIUM,125381.06,Customer#000000118,AUTOMOBILE,3582.37,CHINA,ASIA,16,MOZAMBIQUE,0, beans after the carefully regular accounts r
17,indian navy coral pink deep,ECONOMY BRUSHED STEEL,LG BOX,17478,TRUCK,DELIVER IN PERSON,15.00,13755.15,0.08,1996-11-24,3-MEDIUM,125381.06,Customer#000000118,AUTOMOBILE,3582.37,CHINA,ASIA,17,PERU,1,ly final foxes. blithely ironic accounts haggle. regular foxes about the regular deposits are furiously ir
17,indian navy coral pink deep,ECONOMY BRUSHED STEEL,LG BOX,17478,TRUCK,DELIVER IN PERSON,15.00,13755.15,0.08,1996-11-24,3-MEDIUM,125381.06,Customer#000000118,AUTOMOBILE,3582.37,CHINA,ASIA,18,CHINA,2,"ckly special packages cajole slyly. unusual, unusual theodolites mold furiously. slyly sile"
17,indian navy coral pink deep,ECONOMY BRUSHED STEEL,LG BOX,17478,TRUCK,DELIVER IN PERSON,15.00,13755.15,0.08,1996-11-24,3-MEDIUM,125381.06,Customer#000000118,AUTOMOBILE,3582.37,CHINA,ASIA,19,ROMANIA,3,"sly blithe requests. thinly bold deposits above the blithely regular accounts nag special, final requests. care"
17,indian navy coral pink deep,ECONOMY BRUSHED STEEL,LG BOX,17478,TRUCK,DELIVER IN PERSON,15.00,13755.15,0.08,1996-11-24,3-MEDIUM,125381.06,Customer#000000118,AUTOMOBILE,3582.37,CHINA,ASIA,20,SAUDI ARABIA,4,se slyly across the blithely regular deposits. deposits use carefully regular 
17,indian navy coral pink deep,ECONOMY BRUSHED STEEL,LG BOX,17478,TRUCK,DELIVER IN PERSON,15.00,13755.15,0.08,1996-11-24,3-MEDIUM,125381.06,Customer#000000118,AUTOMOBILE,3582.37,CHINA,ASIA,21,VIETNAM,2,lly across the quickly even pinto beans. caref
17,indian navy coral pink deep,ECONOMY BRUSHED STEEL,LG BOX,17478,TRUCK,DELIVER IN PERSON,15.00,13755.15,0.08,1996-11-24,3-MEDIUM,125381.06,Customer#000000118,AUTOMOBILE,3582.37,CHINA,ASIA,22,RUSSIA,3,uctions. furiously unusual instructions sleep furiously ironic packages. slyly 
17,indian navy coral pink deep,ECONOMY BRUSHED STEEL,LG BOX,17478,TRUCK,DELIVER IN PERSON,15.00,13755.15,0.08,1996-11-24,3-MEDIUM,125381.06,Customer#000000118,AUTOMOBILE,3582.37,CHINA,ASIA,23,UNITED KINGDOM,3,"carefully pending courts sleep above the ironic, regular theo"
17,indian navy coral pink deep,ECONOMY BRUSHED STEEL,LG BOX,17478,TRUCK,DELIVER IN PERSON,15.00,13755.15,0.08,1996-11-24,3-MEDIUM,125381.06,Customer#000000118,AUTOMOBILE,3582.37,CHINA,ASIA,24,UNITED STATES,1,ly ironic requests along the slyly bold ideas hang after the blithely special notornis; blithely even accounts
17,indian navy coral pink deep,ECONOMY BRUSHED STEEL,LG BOX,28739,AIR,DELIVER IN PERSON,45.00,41265.45,0.07,1996-09-10,2-HIGH,154154.14,Customer#000000728,BUILDING,4349.73,UNITED STATES,AMERICA,0,ALGERIA,0,furiously regular requests. platelets affix furious
17,indian navy coral pink deep,ECONOMY BRUSHED STEEL,LG BOX,28739,AIR,DELIVER IN PERSON,45.00,41265.45,0.07,1996-09-10,2-HIGH,154154.14,Customer#000000728,BUILDING,4349.73,UNITED STATES,AMERICA,1,ARGENTINA,1,"instructions wake quickly. final deposits haggle. final, silent theodolites "
17,indian navy coral pink deep,ECONOMY BRUSHED STEEL,LG BOX,28739,AIR,DELIVER IN PERSON,45.00,41265.45,0.07,1996-09-10,2-HIGH,154154.14,Customer#000000728,BUILDING,4349.73,UNITED STATES,AMERICA,2,BRAZIL,1,asymptotes use fluffily quickly bold instructions. slyly bold dependencies sleep carefully pending accounts
17,indian navy coral pink deep,ECONOMY BRUSHED STEEL,LG BOX,28739,AIR,DELIVER IN PERSON,45.00,41265.45,0.07,1996-09-10,2-HIGH,154154.14,Customer#000000728,BUILDING,4349.73,UNITED STATES,AMERICA,3,CANADA,1,ss deposits wake across the pending foxes. packages after the carefully bold requests integrate caref
17,indian navy coral pink deep,ECONOMY BRUSHED STEEL,LG BOX,28739,AIR,DELIVER IN PERSON,45.00,41265.45,0.07,1996-09-10,2-HIGH,154154.14,Customer#000000728,BUILDING,4349.73,UNITED STATES,AMERICA,4,EGYPT,4,"usly ironic, pending foxes. even, special instructions nag. sly, final foxes detect slyly fluffily "
17,indian navy coral pink deep,ECONOMY BRUSHED STEEL,LG BOX,28739,AIR,DELIVER IN PERSON,45.00,41265.45,0.07,1996-09-10,2-HIGH,154154.14,Customer#000000728,BUILDING,4349.73,UNITED STATES,AMERICA,5,ETHIOPIA,0,regular requests sleep carefull
17,indian navy coral pink deep,ECONOMY BRUSHED STEEL,LG BOX,28739,AIR,DELIVER IN PERSON,45.00,41265.45,0.07,1996-09-10,2-HIGH,154154.14,Customer#000000728,BUILDING,4349.73,UNITED STATES,AMERICA,6,FRANCE,3,oggedly. regular packages solve across
17,indian navy coral pink deep,ECONOMY BRUSHED STEEL,LG BOX,28739,AIR,DELIVER IN PERSON,45.00,41265.45,0.07,1996-09-10,2-HIGH,154154.14,Customer#000000728,BUILDING,4349.73,UNITED STATES,AMERICA,7,GERMANY,3,ong the regular requests: blithely silent pinto beans hagg
17,indian navy coral pink deep,ECONOMY BRUSHED STEEL,LG BOX,28739,AIR,DELIVER IN PERSON,45.00,41265.45,0.07,1996-09-10,2-HIGH,154154.14,Customer#000000728,BUILDING,4349.73,UNITED STATES,AMERICA,8,INDIA,2,uriously unusual deposits about the slyly final pinto beans could
17,indian navy coral pink deep,ECONOMY BRUSHED STEEL,LG BOX,28739,AIR,DELIVER IN PERSON,45.00,41265.45,0.07,1996-09-10,2-HIGH,154154.14,Customer#000000728,BUILDING,4349.73,UNITED STATES,AMERICA,9,INDONESIA,2,"d deposits sleep quickly according to the dogged, regular dolphins. special excuses haggle furiously special reque"
17,indian navy coral pink deep,ECONOMY BRUSHED STEEL,LG BOX,28739,AIR,DELIVER IN PERSON,45.00,41265.45,0.07,1996-09-10,2-HIGH,154154.14,Customer#000000728,BUILDING,4349.73,UNITED STATES,AMERICA,10,IRAN,4,furiously idle platelets nag. express asymptotes s
17,indian navy coral pink deep,ECONOMY BRUSHED STEEL,LG BOX,28739,AIR,DELIVER IN PERSON,45.00,41265.45,0.07,1996-09-10,2-HIGH,154154.14,Customer#000000728,BUILDING,4349.73,UNITED STATES,AMERICA,11,IRAQ,4,pendencies; slyly express foxes integrate carefully across the reg
17,indian navy coral pink deep,ECONOMY BRUSHED STEEL,LG BOX,28739,AIR,DELIVER IN PERSON,45.00,41265.45,0.07,1996-09-10,2-HIGH,154154.14,Customer#000000728,BUILDING,4349.73,UNITED STATES,AMERICA,12,JAPAN,2, quickly final packages. furiously i
17,indian navy coral pink deep,ECONOMY BRUSHED STEEL,LG BOX,28739,AIR,DELIVER IN PERSON,45.00,41265.45,0.07,1996-09-10,2-HIGH,154154.14,Customer#000000728,BUILDING,4349.73,UNITED STATES,AMERICA,13,JORDAN,4,the slyly regular ideas. silent Tiresias affix slyly fu
17,indian navy coral pink deep,ECONOMY BRUSHED STEEL,LG BOX,28739,AIR,DELIVER IN PERSON,45.00,41265.45,0.07,1996-09-10,2-HIGH,154154.14,Customer#000000728,BUILDING,4349.73,UNITED STATES,AMERICA,14,KENYA,0,lyly special foxes. slyly regular deposits sleep carefully. carefully permanent accounts slee
17,indian navy coral pink deep,ECONOMY BRUSHED STEEL,LG BOX,28739,AIR,DELIVER IN PERSON,45.00,41265.45,0.07,1996-09-10,2-HIGH,154154.14,Customer#000000728,BUILDING,4349.73,UNITED STATES,AMERICA,15,MOROCCO,0,ct blithely: blithely express accounts nag carefully. silent packages haggle carefully abo
17,indian navy coral pink deep,ECONOMY BRUSHED STEEL,LG BOX,28739,AIR,DELIVER IN PERSON,45.00,41265.45,0.07,1996-09-10,2-HIGH,154154.14,Customer#000000728,BUILDING,4349.73,UNITED STATES,AMERICA,16,MOZAMBIQUE,0, beans after the carefully regular accounts r
17,indian navy coral pink deep,ECONOMY BRUSHED STEEL,LG BOX,28739,AIR,DELIVER IN PERSON,45.00,41265.45,0.07,1996-09-10,2-HIGH,154154.14,Customer#000000728,BUILDING,4349.73,UNITED STATES,AMERICA,17,PERU,1,ly final foxes. blithely ironic accounts haggle. regular foxes about the regular deposits are furiously ir
17,indian navy coral pink deep,ECONOMY BRUSHED STEEL,LG BOX,28739,AIR,DELIVER IN PERSON,45.00,41265.45,0.07,1996-09-10,2-HIGH,154154.14,Customer#000000728,BUILDING,4349.73,UNITED STATES,AMERICA,18,CHINA,2,"ckly special packages cajole slyly. unusual, unusual theodolites mold furiously. slyly sile"
17,indian navy coral pink deep,ECONOMY BRUSHED STEEL,LG BOX,28739,AIR,DELIVER IN PERSON,45.00,41265.45,0.07,1996-09-10,2-HIGH,154154.14,Customer#000000728,BUILDING,4349.73,UNITED STATES,AMERICA,19,ROMANIA,3,"sly blithe requests. thinly bold deposits above the blithely regular accounts nag special, final requests. care"
17,indian navy coral pink deep,ECONOMY BRUSHED STEEL,LG BOX,28739,AIR,DELIVER IN PERSON,45.00,41265.45,0.07,1996-09-10,2-HIGH,154154.14,Customer#000000728,BUILDING,4349.73,UNITED STATES,AMERICA,20,SAUDI ARABIA,4,se slyly across the blithely regular deposits. deposits use carefully regular 
17,indian navy coral pink deep,ECONOMY BRUSHED STEEL,LG BOX,28739,AIR,DELIVER IN PERSON,45.00,41265.45,0.07,1996-09-10,2-HIGH,154154.14,Customer#000000728,BUILDING,4349.73,UNITED STATES,AMERICA,21,VIETNAM,2,lly across the quickly even pinto beans. caref
17,indian navy coral pink deep,ECONOMY BRUSHED STEEL,LG BOX,28739,AIR,DELIVER IN PERSON,45.00,41265.45,0.07,1996-09-10,2-HIGH,154154.14,Customer#000000728,BUILDING,4349.73,UNITED STATES,AMERICA,22,RUSSIA,3,uctions. furiously unusual instructions sleep furiously ironic packages. slyly 
17,indian navy coral pink deep,ECONOMY BRUSHED STEEL,LG BOX,28739,AIR,DELIVER IN PERSON,45.00,41265.45,0.07,1996-09-10,2-HIGH,154154.14,Customer#000000728,BUILDING,4349.73,UNITED STATES,AMERICA,23,UNITED KINGDOM,3,"carefully pending courts sleep above the ironic, regular theo"
17,indian navy coral pink deep,ECONOMY BRUSHED STEEL,LG BOX,28739,AIR,DELIVER IN PERSON,45.00,41265.45,0.07,1996-09-10,2-HIGH,154154.14,Customer#000000728,BUILDING,4349.73,UNITED STATES,AMERICA,24,UNITED STATES,1,ly ironic requests along the slyly bold ideas hang after the blithely special notornis; blithely even accounts
17,indian navy coral pink deep,ECONOMY BRUSHED STEEL,LG BOX,29316,REG AIR,DELIVER IN PERSON,11.00,10087.11,0.02,1997-05-03,5-LOW,117532.18,Customer#000000683,MACHINERY,9120.93,FRANCE,EUROPE,0,ALGERIA,0,furiously regular requests. platelets affix furious
17,indian navy coral pink deep,ECONOMY BRUSHED STEEL,LG BOX,29316,REG AIR,DELIVER IN PERSON,11.00,10087.11,0.02,1997-05-03,5-LOW,117532.18,Customer#000000683,MACHINERY,9120.93,FRANCE,EUROPE,1,ARGENTINA,1,"instructions wake quickly. final deposits haggle. final, silent theodolites "
17,indian navy coral pink deep,ECONOMY BRUSHED STEEL,LG BOX,29316,REG AIR,DELIVER IN PERSON,11.00,10087.11,0.02,1997-05-03,5-LOW,117532.18,Customer#000000683,MACHINERY,9120.93,FRANCE,EUROPE,2,BRAZIL,1,asymptotes use fluffily quickly bold instructions. slyly bold dependencies sleep carefully pending accounts
17,indian navy coral pink deep,ECONOMY BRUSHED STEEL,LG BOX,29316,REG AIR,DELIVER IN PERSON,11.00,10087.11,0.02,1997-05-03,5-LOW,117532.18,Customer#000000683,MACHINERY,9120.93,FRANCE,EUROPE,3,CANADA,1,ss deposits wake across the pending foxes. packages after the carefully bold requests integrate caref
17,indian navy coral pink deep,ECONOMY BRUSHED STEEL,LG BOX,29316,REG AIR,DELIVER IN PERSON,11.00,10087.11,0.02,1997-05-03,5-LOW,117532.18,Customer#000000683,MACHINERY,9120.93,FRANCE,EUROPE,4,EGYPT,4,"usly ironic, pending foxes. even, special instructions nag. sly, final foxes detect slyly fluffily "
17,indian navy coral pink deep,ECONOMY BRUSHED STEEL,LG BOX,29316,REG AIR,DELIVER IN PERSON,11.00,10087.11,0.02,1997-05-03,5-LOW,117532.18,Customer#000000683,MACHINERY,9120.93,FRANCE,EUROPE,5,ETHIOPIA,0,regular requests sleep carefull
17,indian navy coral pink deep,ECONOMY BRUSHED STEEL,LG BOX,29316,REG AIR,DELIVER IN PERSON,11.00,10087.11,0.02,1997-05-03,5-LOW,117532.18,Customer#000000683,MACHINERY,9120.93,FRANCE,EUROPE,6,FRANCE,3,oggedly. regular packages solve across
17,indian navy coral pink deep,ECONOMY BRUSHED STEEL,LG BOX,29316,REG AIR,DELIVER IN PERSON,11.00,10087.11,0.02,1997-05-03,5-LOW,117532.18,Customer#000000683,MACHINERY,9120.93,FRANCE,EUROPE,7,GERMANY,3,ong the regular requests: blithely silent pinto beans hagg
17,indian navy coral pink deep,ECONOMY BRUSHED STEEL,LG BOX,29316,REG AIR,DELIVER IN PERSON,11.00,10087.11,0.02,1997-05-03,5-LOW,117532.18,Customer#000000683,MACHINERY,9120.93,FRANCE,EUROPE,8,INDIA,2,uriously unusual deposits about the slyly final pinto beans could
17,indian navy coral pink deep,ECONOMY BRUSHED STEEL,LG BOX,29316,REG AIR,DELIVER IN PERSON,11.00,10087.11,0.02,1997-05-03,5-LOW,117532.18,Customer#000000683,MACHINERY,9120.93,FRANCE,EUROPE,9,INDONESIA,2,"d deposits sleep quickly according to the dogged, regular dolphins. special excuses haggle furiously special reque"
17,indian navy coral pink deep,ECONOMY BRUSHED STEEL,LG BOX,29316,REG AIR,DELIVER IN PERSON,11.00,10087.11,0.02,1997-05-03,5-LOW,117532.18,Customer#000000683,MACHINERY,9120.93,FRANCE,EUROPE,10,IRAN,4,furiously idle platelets nag. express asymptotes s
17,indian navy coral pink deep,ECONOMY BRUSHED STEEL,LG BOX,29316,REG AIR,DELIVER IN PERSON,11.00,10087.11,0.02,1997-05-03,5-LOW,117532.18,Customer#000000683,MACHINERY,9120.93,FRANCE,EUROPE,11,IRAQ,4,pendencies; slyly express foxes integrate carefully across the reg
17,indian navy coral pink deep,ECONOMY BRUSHED STEEL,LG BOX,29316,REG AIR,DELIVER IN PERSON,11.00,10087.11,0.02,1997-05-03,5-LOW,117532.18,Customer#000000683,MACHINERY,9120.93,FRANCE,EUROPE,12,JAPAN,2, quickly final packages. furiously i
17,indian navy coral pink deep,ECONOMY BRUSHED STEEL,LG BOX,29316,REG AIR,DELIVER IN PERSON,11.00,10087.11,0.02,1997-05-03,5-LOW,117532.18,Customer#000000683,MACHINERY,9120.93,FRANCE,EUROPE,13,JORDAN,4,the slyly regular ideas. silent Tiresias affix slyly fu
17,indian navy coral pink deep,ECONOMY BRUSHED STEEL,LG BOX,29316,REG AIR,DELIVER IN PERSON,11.00,10087.11,0.02,1997-05-03,5-LOW,117532.18,Customer#000000683,MACHINERY,9120.93,FRANCE,EUROPE,14,KENYA,0,lyly special foxes. slyly regular deposits sleep carefully. carefully permanent accounts slee
17,indian navy coral pink deep,ECONOMY BRUSHED STEEL,LG BOX,29316,REG AIR,DELIVER IN PERSON,11.00,10087.11,0.02,1997-05-03,5-LOW,117532.18,Customer#000000683,MACHINERY,9120.93,FRANCE,EUROPE,15,MOROCCO,0,ct blithely: blithely express accounts nag carefully. silent packages haggle carefully abo
17,indian navy coral pink deep,ECONOMY BRUSHED STEEL,LG BOX,29316,REG AIR,DELIVER IN PERSON,11.00,10087.11,0.02,1997-05-03,5-LOW,117532.18,Customer#000000683,MACHINERY,9120.93,FRANCE,EUROPE,16,MOZAMBIQUE,0, beans after the carefully regular accounts r
17,indian navy coral pink deep,ECONOMY BRUSHED STEEL,LG BOX,29316,REG AIR,DELIVER IN PERSON,11.00,10087.11,0.02,1997-05-03,5-LOW,117532.18,Customer#000000683,MACHINERY,9120.93,FRANCE,EUROPE,17,PERU,1,ly final foxes. blithely ironic accounts haggle. regular foxes about the regular deposits are furiously ir
17,indian navy coral pink deep,ECONOMY BRUSHED STEEL,LG BOX,29316,REG AIR,DELIVER IN PERSON,11.00,10087.11,0.02,1997-05-03,5-LOW,117532.18,Customer#000000683,MACHINERY,9120.93,FRANCE,EUROPE,18,CHINA,2,"ckly special packages cajole slyly. unusual, unusual theodolites mold furiously. slyly sile"
17,indian navy coral pink deep,ECONOMY BRUSHED STEEL,LG BOX,29316,REG AIR,DELIVER IN PERSON,11.00,10087.11,0.02,1997-05-03,5-LOW,117532.18,Customer#000000683,MACHINERY,9120.93,FRANCE,EUROPE,19,ROMANIA,3,"sly blithe requests. thinly bold deposits above the blithely regular accounts nag special, final requests. care"
17,indian navy coral pink deep,ECONOMY BRUSHED STEEL,LG BOX,29316,REG AIR,DELIVER IN PERSON,11.00,10087.11,0.02,1997-05-03,5-LOW,117532.18,Customer#000000683,MACHINERY,9120.93,FRANCE,EUROPE,20,SAUDI ARABIA,4,se slyly across the blithely regular deposits. deposits use carefully regular 
17,indian navy coral pink deep,ECONOMY BRUSHED STEEL,LG BOX,29316,REG AIR,DELIVER IN PERSON,11.00,10087.11,0.02,1997-05-03,5-LOW,117532.18,Customer#000000683,MACHINERY,9120.93,FRANCE,EUROPE,21,VIETNAM,2,lly across the quickly even pinto beans. caref
17,indian navy coral pink deep,ECONOMY BRUSHED STEEL,LG BOX,29316,REG AIR,DELIVER IN PERSON,11.00,10087.11,0.02,1997-05-03,5-LOW,117532.18,Customer#000000683,MACHINERY,9120.93,FRANCE,EUROPE,22,RUSSIA,3,uctions. furiously unusual instructions sleep furiously ironic packages. slyly 
17,indian navy coral pink deep,ECONOMY BRUSHED STEEL,LG BOX,29316,REG AIR,DELIVER IN PERSON,11.00,10087.11,0.02,1997-05-03,5-LOW,117532.18,Customer#000000683,MACHINERY,9120.93,FRANCE,EUROPE,23,UNITED KINGDOM,3,"carefully pending courts sleep above the ironic, regular theo"
17,indian navy coral pink deep,ECONOMY BRUSHED STEEL,LG BOX,29316,REG AIR,DELIVER IN PERSON,11.00,10087.11,0.02,1997-05-03,5-LOW,117532.18,Customer#000000683,MACHINERY,9120.93,FRANCE,EUROPE,24,UNITED STATES,1,ly ironic requests along the slyly bold ideas hang after the blithely special notornis; blithely even accounts
30,cream misty steel spring medium,PROMO ANODIZED TIN,LG BOX,10375,TRUCK,TAKE BACK RETURN,23.00,21390.69,0.06,1997-01-08,2-HIGH,60612.14,Customer#000000407,MACHINERY,9537.08,ARGENTINA,AMERICA,0,ALGERIA,0,furiously regular requests. platelets affix furious
30,cream misty steel spring medium,PROMO ANODIZED TIN,LG BOX,10375,TRUCK,TAKE BACK RETURN,23.00,21390.69,0.06,1997-01-08,2-HIGH,60612.14,Customer#000000407,MACHINERY,9537.08,ARGENTINA,AMERICA,1,ARGENTINA,1,"instructions wake quickly. final deposits haggle. final, silent theodolites "
30,cream misty steel spring medium,PROMO ANODIZED TIN,LG BOX,10375,TRUCK,TAKE BACK RETURN,23.00,21390.69,0.06,1997-01-08,2-HIGH,60612.14,Customer#000000407,MACHINERY,9537.08,ARGENTINA,AMERICA,2,BRAZIL,1,asymptotes use fluffily quickly bold instructions. slyly bold dependencies sleep carefully pending accounts
30,cream misty steel spring medium,PROMO ANODIZED TIN,LG BOX,10375,TRUCK,TAKE BACK RETURN,23.00,21390.69,0.06,1997-01-08,2-HIGH,60612.14,Customer#000000407,MACHINERY,9537.08,ARGENTINA,AMERICA,3,CANADA,1,ss deposits wake across the pending foxes. packages after the carefully bold requests integrate caref
30,cream misty steel spring medium,PROMO ANODIZED TIN,LG BOX,10375,TRUCK,TAKE BACK RETURN,23.00,21390.69,0.06,1997-01-08,2-HIGH,60612.14,Customer#000000407,MACHINERY,9537.08,ARGENTINA,AMERICA,4,EGYPT,4,"usly ironic, pending foxes. even, special instructions nag. sly, final foxes detect slyly fluffily "
30,cream misty steel spring medium,PROMO ANODIZED TIN,LG BOX,10375,TRUCK,TAKE BACK RETURN,23.00,21390.69,0.06,1997-01-08,2-HIGH,60612.14,Customer#000000407,MACHINERY,9537.08,ARGENTINA,AMERICA,5,ETHIOPIA,0,regular requests sleep carefull
30,cream misty steel spring medium,PROMO ANODIZED TIN,LG BOX,10375,TRUCK,TAKE BACK RETURN,23.00,21390.69,0.06,1997-01-08,2-HIGH,60612.14,Customer#000000407,MACHINERY,9537.08,ARGENTINA,AMERICA,6,FRANCE,3,oggedly. regular packages solve across
30,cream misty steel spring medium,PROMO ANODIZED TIN,LG BOX,10375,TRUCK,TAKE BACK RETURN,23.00,21390.69,0.06,1997-01-08,2-HIGH,60612.14,Customer#000000407,MACHINERY,9537.08,ARGENTINA,AMERICA,7,GERMANY,3,ong the regular requests: blithely silent pinto beans hagg
30,cream misty steel spring medium,PROMO ANODIZED TIN,LG BOX,10375,TRUCK,TAKE BACK RETURN,23.00,21390.69,0.06,1997-01-08,2-HIGH,60612.14,Customer#000000407,MACHINERY,9537.08,ARGENTINA,AMERICA,8,INDIA,2,uriously unusual deposits about the slyly final pinto beans could
30,cream misty steel spring medium,PROMO ANODIZED TIN,LG BOX,10375,TRUCK,TAKE BACK RETURN,23.00,21390.69,0.06,1997-01-08,2-HIGH,60612.14,Customer#000000407,MACHINERY,9537.08,ARGENTINA,AMERICA,9,INDONESIA,2,"d deposits sleep quickly according to the dogged, regular dolphins. special excuses haggle furiously special reque"
30,cream misty steel spring medium,PROMO ANODIZED TIN,LG BOX,10375,TRUCK,TAKE BACK RETURN,23.00,21390.69,0.06,1997-01-08,2-HIGH,60612.14,Customer#000000407,MACHINERY,9537.08,ARGENTINA,AMERICA,10,IRAN,4,furiously idle platelets nag. express asymptotes s
30,cream misty steel spring medium,PROMO ANODIZED TIN,LG BOX,10375,TRUCK,TAKE BACK RETURN,23.00,21390.69,0.06,1997-01-08,2-HIGH,60612.14,Customer#000000407,MACHINERY,9537.08,ARGENTINA,AMERICA,11,IRAQ,4,pendencies; slyly express foxes integrate carefully across the reg
30,cream misty steel spring medium,PROMO ANODIZED TIN,LG BOX,10375,TRUCK,TAKE BACK RETURN,23.00,21390.69,0.06,1997-01-08,2-HIGH,60612.14,Customer#000000407,MACHINERY,9537.08,ARGENTINA,AMERICA,12,JAPAN,2, quickly final packages. furiously i
30,cream misty steel spring medium,PROMO ANODIZED TIN,LG BOX,10375,TRUCK,TAKE BACK RETURN,23.00,21390.69,0.06,1997-01-08,2-HIGH,60612.14,Customer#000000407,MACHINERY,9537.08,ARGENTINA,AMERICA,13,JORDAN,4,the slyly regular ideas. silent Tiresias affix slyly fu
30,cream misty steel spring medium,PROMO ANODIZED TIN,LG BOX,10375,TRUCK,TAKE BACK RETURN,23.00,21390.69,0.06,1997-01-08,2-HIGH,60612.14,Customer#000000407,MACHINERY,9537.08,ARGENTINA,AMERICA,14,KENYA,0,lyly special foxes. slyly regular deposits sleep carefully. carefully permanent accounts slee
30,cream misty steel spring medium,PROMO ANODIZED TIN,LG BOX,10375,TRUCK,TAKE BACK RETURN,23.00,21390.69,0.06,1997-01-08,2-HIGH,60612.14,Customer#000000407,MACHINERY,9537.08,ARGENTINA,AMERICA,15,MOROCCO,0,ct blithely: blithely express accounts nag carefully. silent packages haggle carefully abo
30,cream misty steel spring medium,PROMO ANODIZED TIN,LG BOX,10375,TRUCK,TAKE BACK RETURN,23.00,21390.69,0.06,1997-01-08,2-HIGH,60612.14,Customer#000000407,MACHINERY,9537.08,ARGENTINA,AMERICA,16,MOZAMBIQUE,0, beans after the carefully regular accounts r
30,cream misty steel spring medium,PROMO ANODIZED TIN,LG BOX,10375,TRUCK,TAKE BACK RETURN,23.00,21390.69,0.06,1997-01-08,2-HIGH,60612.14,Customer#000000407,MACHINERY,9537.08,ARGENTINA,AMERICA,17,PERU,1,ly final foxes. blithely ironic accounts haggle. regular foxes about the regular deposits are furiously ir
30,cream misty steel spring medium,PROMO ANODIZED TIN,LG BOX,10375,TRUCK,TAKE BACK RETURN,23.00,21390.69,0.06,1997-01-08,2-HIGH,60612.14,Customer#000000407,MACHINERY,9537.08,ARGENTINA,AMERICA,18,CHINA,2,"ckly special packages cajole slyly. unusual, unusual theodolites mold furiously. slyly sile"
30,cream misty steel spring medium,PROMO ANODIZED TIN,LG BOX,10375,TRUCK,TAKE BACK RETURN,23.00,21390.69,0.06,1997-01-08,2-HIGH,60612.14,Customer#000000407,MACHINERY,9537.08,ARGENTINA,AMERICA,19,ROMANIA,3,"sly blithe requests. thinly bold deposits above the blithely regular accounts nag special, final requests. care"
30,cream misty steel spring medium,PROMO ANODIZED TIN,LG BOX,10375,TRUCK,TAKE BACK RETURN,23.00,21390.69,0.06,1997-01-08,2-HIGH,60612.14,Customer#000000407,MACHINERY,9537.08,ARGENTINA,AMERICA,20,SAUDI ARABIA,4,se slyly across the blithely regular deposits. deposits use carefully regular 
30,cream misty steel spring medium,PROMO ANODIZED TIN,LG BOX,10375,TRUCK,TAKE BACK RETURN,23.00,21390.69,0.06,1997-01-08,2-HIGH,60612.14,Customer#000000407,MACHINERY,9537.08,ARGENTINA,AMERICA,21,VIETNAM,2,lly across the quickly even pinto beans. caref
30,cream misty steel spring medium,PROMO ANODIZED TIN,LG BOX,10375,TRUCK,TAKE BACK RETURN,23.00,21390.69,0.06,1997-01-08,2-HIGH,60612.14,Customer#000000407,MACHINERY,9537.08,ARGENTINA,AMERICA,22,RUSSIA,3,uctions. furiously unusual instructions sleep furiously ironic packages. slyly 
30,cream misty steel spring medium,PROMO ANODIZED TIN,LG BOX,10375,TRUCK,TAKE BACK RETURN,23.00,21390.69,0.06,1997-01-08,2-HIGH,60612.14,Customer#000000407,MACHINERY,9537.08,ARGENTINA,AMERICA,23,UNITED KINGDOM,3,"carefully pending courts sleep above the ironic, regular theo"
30,cream misty steel spring medium,PROMO ANODIZED TIN,LG BOX,10375,TRUCK,TAKE BACK RETURN,23.00,21390.69,0.06,1997-01-08,2-HIGH,60612.14,Customer#000000407,MACHINERY,9537.08,ARGENTINA,AMERICA,24,UNITED STATES,1,ly ironic requests along the slyly bold ideas hang after the blithely special notornis; blithely even accounts
40,lemon midnight metallic sienna steel,ECONOMY BURNISHED COPPER,SM CASE,12772,MAIL,DELIVER IN PERSON,37.00,34781.48,0.09,1995-05-12,4-NOT SPECIFIED,257926.54,Customer#000000727,FURNITURE,807.37,CHINA,ASIA,0,ALGERIA,0,furiously regular requests. platelets affix furious
40,lemon midnight metallic sienna steel,ECONOMY BURNISHED COPPER,SM CASE,12772,MAIL,DELIVER IN PERSON,37.00,34781.48,0.09,1995-05-12,4-NOT SPECIFIED,257926.54,Customer#000000727,FURNITURE,807.37,CHINA,ASIA,1,ARGENTINA,1,"instructions wake quickly. final deposits haggle. final, silent theodolites "
40,lemon midnight metallic sienna steel,ECONOMY BURNISHED COPPER,SM CASE,12772,MAIL,DELIVER IN PERSON,37.00,34781.48,0.09,1995-05-12,4-NOT SPECIFIED,257926.54,Customer#000000727,FURNITURE,807.37,CHINA,ASIA,2,BRAZIL,1,asymptotes use fluffily quickly bold instructions. slyly bold dependencies sleep carefully pending accounts
40,lemon midnight metallic sienna steel,ECONOMY BURNISHED COPPER,SM CASE,12772,MAIL,DELIVER IN PERSON,37.00,34781.48,0.09,1995-05-12,4-NOT SPECIFIED,257926.54,Customer#000000727,FURNITURE,807.37,CHINA,ASIA,3,CANADA,1,ss deposits wake across the pending foxes. packages after the carefully bold requests integrate caref
40,lemon midnight metallic sienna steel,ECONOMY BURNISHED COPPER,SM CASE,12772,MAIL,DELIVER IN PERSON,37.00,34781.48,0.09,1995-05-12,4-NOT SPECIFIED,257926.54,Customer#000000727,FURNITURE,807.37,CHINA,ASIA,4,EGYPT,4,"usly ironic, pending foxes. even, special instructions nag. sly, final foxes detect slyly fluffily "
40,lemon midnight metallic sienna steel,ECONOMY BURNISHED COPPER,SM CASE,12772,MAIL,DELIVER IN PERSON,37.00,34781.48,0.09,1995-05-12,4-NOT SPECIFIED,257926.54,Customer#000000727,FURNITURE,807.37,CHINA,ASIA,5,ETHIOPIA,0,regular requests sleep carefull
40,lemon midnight metallic sienna steel,ECONOMY BURNISHED COPPER,SM CASE,12772,MAIL,DELIVER IN PERSON,37.00,34781.48,0.09,1995-05-12,4-NOT SPECIFIED,257926.54,Customer#000000727,FURNITURE,807.37,CHINA,ASIA,6,FRANCE,3,oggedly. regular packages solve across
40,lemon midnight metallic sienna steel,ECONOMY BURNISHED COPPER,SM CASE,12772,MAIL,DELIVER IN PERSON,37.00,34781.48,0.09,1995-05-12,4-NOT SPECIFIED,257926.54,Customer#000000727,FURNITURE,807.37,CHINA,ASIA,7,GERMANY,3,ong the regular requests: blithely silent pinto beans hagg
40,lemon midnight metallic sienna steel,ECONOMY BURNISHED COPPER,SM CASE,12772,MAIL,DELIVER IN PERSON,37.00,34781.48,0.09,1995-05-12,4-NOT SPECIFIED,257926.54,Customer#000000727,FURNITURE,807.37,CHINA,ASIA,8,INDIA,2,uriously unusual deposits about the slyly final pinto beans could
40,lemon midnight metallic sienna steel,ECONOMY BURNISHED COPPER,SM CASE,12772,MAIL,DELIVER IN PERSON,37.00,34781.48,0.09,1995-05-12,4-NOT SPECIFIED,257926.54,Customer#000000727,FURNITURE,807.37,CHINA,ASIA,9,INDONESIA,2,"d deposits sleep quickly according to the dogged, regular dolphins. special excuses haggle furiously special reque"
40,lemon midnight metallic sienna steel,ECONOMY BURNISHED COPPER,SM CASE,12772,MAIL,DELIVER IN PERSON,37.00,34781.48,0.09,1995-05-12,4-NOT SPECIFIED,257926.54,Customer#000000727,FURNITURE,807.37,CHINA,ASIA,10,IRAN,4,furiously idle platelets nag. express asymptotes s
40,lemon midnight metallic sienna steel,ECONOMY BURNISHED COPPER,SM CASE,12772,MAIL,DELIVER IN PERSON,37.00,34781.48,0.09,1995-05-12,4-NOT SPECIFIED,257926.54,Customer#000000727,FURNITURE,807.37,CHINA,ASIA,11,IRAQ,4,pendencies; slyly express foxes integrate carefully across the reg
40,lemon midnight metallic sienna steel,ECONOMY BURNISHED COPPER,SM CASE,12772,MAIL,DELIVER IN PERSON,37.00,34781.48,0.09,1995-05-12,4-NOT SPECIFIED,257926.54,Customer#000000727,FURNITURE,807.37,CHINA,ASIA,12,JAPAN,2, quickly final packages. furiously i
40,lemon midnight metallic sienna steel,ECONOMY BURNISHED COPPER,SM CASE,12772,MAIL,DELIVER IN PERSON,37.00,34781.48,0.09,1995-05-12,4-NOT SPECIFIED,257926.54,Customer#000000727,FURNITURE,807.37,CHINA,ASIA,13,JORDAN,4,the slyly regular ideas. silent Tiresias affix slyly fu
40,lemon midnight metallic sienna steel,ECONOMY BURNISHED COPPER,SM CASE,12772,MAIL,DELIVER IN PERSON,37.00,34781.48,0.09,1995-05-12,4-NOT SPECIFIED,257926.54,Customer#000000727,FURNITURE,807.37,CHINA,ASIA,14,KENYA,0,lyly special foxes. slyly regular deposits sleep carefully. carefully permanent accounts slee
40,lemon midnight metallic sienna steel,ECONOMY BURNISHED COPPER,SM CASE,12772,MAIL,DELIVER IN PERSON,37.00,34781.48,0.09,1995-05-12,4-NOT SPECIFIED,257926.54,Customer#000000727,FURNITURE,807.37,CHINA,ASIA,15,MOROCCO,0,ct blithely: blithely express accounts nag carefully. silent packages haggle carefully abo
40,lemon midnight metallic sienna steel,ECONOMY BURNISHED COPPER,SM CASE,12772,MAIL,DELIVER IN PERSON,37.00,34781.48,0.09,1995-05-12,4-NOT SPECIFIED,257926.54,Customer#000000727,FURNITURE,807.37,CHINA,ASIA,16,MOZAMBIQUE,0, beans after the carefully regular accounts r
40,lemon midnight metallic sienna steel,ECONOMY BURNISHED COPPER,SM CASE,12772,MAIL,DELIVER IN PERSON,37.00,34781.48,0.09,1995-05-12,4-NOT SPECIFIED,257926.54,Customer#000000727,FURNITURE,807.37,CHINA,ASIA,17,PERU,1,ly final foxes. blithely ironic accounts haggle. regular foxes about the regular deposits are furiously ir
40,lemon midnight metallic sienna steel,ECONOMY BURNISHED COPPER,SM CASE,12772,MAIL,DELIVER IN PERSON,37.00,34781.48,0.09,1995-05-12,4-NOT SPECIFIED,257926.54,Customer#000000727,FURNITURE,807.37,CHINA,ASIA,18,CHINA,2,"ckly special packages cajole slyly. unusual, unusual theodolites mold furiously. slyly sile"
40,lemon midnight metallic sienna steel,ECONOMY BURNISHED COPPER,SM CASE,12772,MAIL,DELIVER IN PERSON,37.00,34781.48,0.09,1995-05-12,4-NOT SPECIFIED,257926.54,Customer#000000727,FURNITURE,807.37,CHINA,ASIA,19,ROMANIA,3,"sly blithe requests. thinly bold deposits above the blithely regular accounts nag special, final requests. care"
40,lemon midnight metallic sienna steel,ECONOMY BURNISHED COPPER,SM CASE,12772,MAIL,DELIVER IN PERSON,37.00,34781.48,0.09,1995-05-12,4-NOT SPECIFIED,257926.54,Customer#000000727,FURNITURE,807.37,CHINA,ASIA,20,SAUDI ARABIA,4,se slyly across the blithely regular deposits. deposits use carefully regular 
40,lemon midnight metallic sienna steel,ECONOMY BURNISHED COPPER,SM CASE,12772,MAIL,DELIVER IN PERSON,37.00,34781.48,0.09,1995-05-12,4-NOT SPECIFIED,257926.54,Customer#000000727,FURNITURE,807.37,CHINA,ASIA,21,VIETNAM,2,lly across the quickly even pinto beans. caref
40,lemon midnight metallic sienna steel,ECONOMY BURNISHED COPPER,SM CASE,12772,MAIL,DELIVER IN PERSON,37.00,34781.48,0.09,1995-05-12,4-NOT SPECIFIED,257926.54,Customer#000000727,FURNITURE,807.37,CHINA,ASIA,22,RUSSIA,3,uctions. furiously unusual instructions sleep furiously ironic packages. slyly 
40,lemon midnight metallic sienna steel,ECONOMY BURNISHED COPPER,SM CASE,12772,MAIL,DELIVER IN PERSON,37.00,34781.48,0.09,1995-05-12,4-NOT SPECIFIED,257926.54,Customer#000000727,FURNITURE,807.37,CHINA,ASIA,23,UNITED KINGDOM,3,"carefully pending courts sleep above the ironic, regular theo"
40,lemon midnight metallic sienna steel,ECONOMY BURNISHED COPPER,SM CASE,12772,MAIL,DELIVER IN PERSON,37.00,34781.48,0.09,1995-05-12,4-NOT SPECIFIED,257926.54,Customer#000000727,FURNITURE,807.37,CHINA,ASIA,24,UNITED STATES,1,ly ironic requests along the slyly bold ideas hang after the blithely special notornis; blithely even accounts
40,lemon midnight metallic sienna steel,ECONOMY BURNISHED COPPER,SM CASE,15111,REG AIR,DELIVER IN PERSON,13.00,12220.52,0.07,1994-12-18,4-NOT SPECIFIED,145457.88,Customer#000000025,FURNITURE,7133.70,JAPAN,ASIA,0,ALGERIA,0,furiously regular requests. platelets affix furious
40,lemon midnight metallic sienna steel,ECONOMY BURNISHED COPPER,SM CASE,15111,REG AIR,DELIVER IN PERSON,13.00,12220.52,0.07,1994-12-18,4-NOT SPECIFIED,145457.88,Customer#000000025,FURNITURE,7133.70,JAPAN,ASIA,1,ARGENTINA,1,"instructions wake quickly. final deposits haggle. final, silent theodolites "
40,lemon midnight metallic sienna steel,ECONOMY BURNISHED COPPER,SM CASE,15111,REG AIR,DELIVER IN PERSON,13.00,12220.52,0.07,1994-12-18,4-NOT SPECIFIED,145457.88,Customer#000000025,FURNITURE,7133.70,JAPAN,ASIA,2,BRAZIL,1,asymptotes use fluffily quickly bold instructions. slyly bold dependencies sleep carefully pending accounts
40,lemon midnight metallic sienna steel,ECONOMY BURNISHED COPPER,SM CASE,15111,REG AIR,DELIVER IN PERSON,13.00,12220.52,0.07,1994-12-18,4-NOT SPECIFIED,145457.88,Customer#000000025,FURNITURE,7133.70,JAPAN,ASIA,3,CANADA,1,ss deposits wake across the pending foxes. packages after the carefully bold requests integrate caref
40,lemon midnight metallic sienna steel,ECONOMY BURNISHED COPPER,SM CASE,15111,REG AIR,DELIVER IN PERSON,13.00,12220.52,0.07,1994-12-18,4-NOT SPECIFIED,145457.88,Customer#000000025,FURNITURE,7133.70,JAPAN,ASIA,4,EGYPT,4,"usly ironic, pending foxes. even, special instructions nag. sly, final foxes detect slyly fluffily "
40,lemon midnight metallic sienna steel,ECONOMY BURNISHED COPPER,SM CASE,15111,REG AIR,DELIVER IN PERSON,13.00,12220.52,0.07,1994-12-18,4-NOT SPECIFIED,145457.88,Customer#000000025,FURNITURE,7133.70,JAPAN,ASIA,5,ETHIOPIA,0,regular requests sleep carefull
40,lemon midnight metallic sienna steel,ECONOMY BURNISHED COPPER,SM CASE,15111,REG AIR,DELIVER IN PERSON,13.00,12220.52,0.07,1994-12-18,4-NOT SPECIFIED,145457.88,Customer#000000025,FURNITURE,7133.70,JAPAN,ASIA,6,FRANCE,3,oggedly. regular packages solve across
40,lemon midnight metallic sienna steel,ECONOMY BURNISHED COPPER,SM CASE,15111,REG AIR,DELIVER IN PERSON,13.00,12220.52,0.07,1994-12-18,4-NOT SPECIFIED,145457.88,Customer#000000025,FURNITURE,7133.70,JAPAN,ASIA,7,GERMANY,3,ong the regular requests: blithely silent pinto beans hagg
40,lemon midnight metallic sienna steel,ECONOMY BURNISHED COPPER,SM CASE,15111,REG AIR,DELIVER IN PERSON,13.00,12220.52,0.07,1994-12-18,4-NOT SPECIFIED,145457.88,Customer#000000025,FURNITURE,7133.70,JAPAN,ASIA,8,INDIA,2,uriously unusual deposits about the slyly final pinto beans could
40,lemon midnight metallic sienna steel,ECONOMY BURNISHED COPPER,SM CASE,15111,REG AIR,DELIVER IN PERSON,13.00,12220.52,0.07,1994-12-18,4-NOT SPECIFIED,145457.88,Customer#000000025,FURNITURE,7133.70,JAPAN,ASIA,9,INDONESIA,2,"d deposits sleep quickly according to the dogged, regular dolphins. special excuses haggle furiously special reque"
40,lemon midnight metallic sienna steel,ECONOMY BURNISHED COPPER,SM CASE,15111,REG AIR,DELIVER IN PERSON,13.00,12220.52,0.07,1994-12-18,4-NOT SPECIFIED,145457.88,Customer#000000025,FURNITURE,7133.70,JAPAN,ASIA,10,IRAN,4,furiously idle platelets nag. express asymptotes s
40,lemon midnight metallic sienna steel,ECONOMY BURNISHED COPPER,SM CASE,15111,REG AIR,DELIVER IN PERSON,13.00,12220.52,0.07,1994-12-18,4-NOT SPECIFIED,145457.88,Customer#000000025,FURNITURE,7133.70,JAPAN,ASIA,11,IRAQ,4,pendencies; slyly express foxes integrate carefully across the reg
40,lemon midnight metallic sienna steel,ECONOMY BURNISHED COPPER,SM CASE,15111,REG AIR,DELIVER IN PERSON,13.00,12220.52,0.07,1994-12-18,4-NOT SPECIFIED,145457.88,Customer#000000025,FURNITURE,7133.70,JAPAN,ASIA,12,JAPAN,2, quickly final packages. furiously i
40,lemon midnight metallic sienna steel,ECONOMY BURNISHED COPPER,SM CASE,15111,REG AIR,DELIVER IN PERSON,13.00,12220.52,0.07,1994-12-18,4-NOT SPECIFIED,145457.88,Customer#000000025,FURNITURE,7133.70,JAPAN,ASIA,13,JORDAN,4,the slyly regular ideas. silent Tiresias affix slyly fu
40,lemon midnight metallic sienna steel,ECONOMY BURNISHED COPPER,SM CASE,15111,REG AIR,DELIVER IN PERSON,13.00,12220.52,0.07,1994-12-18,4-NOT SPECIFIED,145457.88,Customer#000000025,FURNITURE,7133.70,JAPAN,ASIA,14,KENYA,0,lyly special foxes. slyly regular deposits sleep carefully. carefully permanent accounts slee
40,lemon midnight metallic sienna steel,ECONOMY BURNISHED COPPER,SM CASE,15111,REG AIR,DELIVER IN PERSON,13.00,12220.52,0.07,1994-12-18,4-NOT SPECIFIED,145457.88,Customer#000000025,FURNITURE,7133.70,JAPAN,ASIA,15,MOROCCO,0,ct blithely: blithely express accounts nag carefully. silent packages haggle carefully abo
40,lemon midnight metallic sienna steel,ECONOMY BURNISHED COPPER,SM CASE,15111,REG AIR,DELIVER IN PERSON,13.00,12220.52,0.07,1994-12-18,4-NOT SPECIFIED,145457.88,Customer#000000025,FURNITURE,7133.70,JAPAN,ASIA,16,MOZAMBIQUE,0, beans after the carefully regular accounts r
40,lemon midnight metallic sienna steel,ECONOMY BURNISHED COPPER,SM CASE,15111,REG AIR,DELIVER IN PERSON,13.00,12220.52,0.07,1994-12-18,4-NOT SPECIFIED,145457.88,Customer#000000025,FURNITURE,7133.70,JAPAN,ASIA,17,PERU,1,ly final foxes. blithely ironic accounts haggle. regular foxes about the regular deposits are furiously ir
40,lemon midnight metallic sienna steel,ECONOMY BURNISHED COPPER,SM CASE,15111,REG AIR,DELIVER IN PERSON,13.00,12220.52,0.07,1994-12-18,4-NOT SPECIFIED,145457.88,Customer#000000025,FURNITURE,7133.70,JAPAN,ASIA,18,CHINA,2,"ckly special packages cajole slyly. unusual, unusual theodolites mold furiously. slyly sile"
40,lemon midnight metallic sienna steel,ECONOMY BURNISHED COPPER,SM CASE,15111,REG AIR,DELIVER IN PERSON,13.00,12220.52,0.07,1994-12-18,4-NOT SPECIFIED,145457.88,Customer#000000025,FURNITURE,7133.70,JAPAN,ASIA,19,ROMANIA,3,"sly blithe requests. thinly bold deposits above the blithely regular accounts nag special, final requests. care"
40,lemon midnight metallic sienna steel,ECONOMY BURNISHED COPPER,SM CASE,15111,REG AIR,DELIVER IN PERSON,13.00,12220.52,0.07,1994-12-18,4-NOT SPECIFIED,145457.88,Customer#000000025,FURNITURE,7133.70,JAPAN,ASIA,20,SAUDI ARABIA,4,se slyly across the blithely regular deposits. deposits use carefully regular 
40,lemon midnight metallic sienna steel,ECONOMY BURNISHED COPPER,SM CASE,15111,REG AIR,DELIVER IN PERSON,13.00,12220.52,0.07,1994-12-18,4-NOT SPECIFIED,145457.88,Customer#000000025,FURNITURE,7133.70,JAPAN,ASIA,21,VIETNAM,2,lly across the quickly even pinto beans. caref
40,lemon midnight metallic sienna steel,ECONOMY BURNISHED COPPER,SM CASE,15111,REG AIR,DELIVER IN PERSON,13.00,12220.52,0.07,1994-12-18,4-NOT SPECIFIED,145457.88,Customer#000000025,FURNITURE,7133.70,JAPAN,ASIA,22,RUSSIA,3,uctions. furiously unusual instructions sleep furiously ironic packages. slyly 
40,lemon midnight metallic sienna steel,ECONOMY BURNISHED COPPER,SM CASE,15111,REG AIR,DELIVER IN PERSON,13.00,12220.52,0.07,1994-12-18,4-NOT SPECIFIED,145457.88,Customer#000000025,FURNITURE,7133.70,JAPAN,ASIA,23,UNITED KINGDOM,3,"carefully pending courts sleep above the ironic, regular theo"
40,lemon midnight metallic sienna steel,ECONOMY BURNISHED COPPER,SM CASE,15111,REG AIR,DELIVER IN PERSON,13.00,12220.52,0.07,1994-12-18,4-NOT SPECIFIED,145457.88,Customer#000000025,FURNITURE,7133.70,JAPAN,ASIA,24,UNITED STATES,1,ly ironic requests along the slyly bold ideas hang after the blithely special notornis; blithely even accounts
40,lemon midnight metallic sienna steel,ECONOMY BURNISHED COPPER,SM CASE,16550,MAIL,DELIVER IN PERSON,40.00,37601.60,0.08,1996-08-10,3-MEDIUM,189896.86,Customer#000000064,BUILDING,-646.64,CANADA,AMERICA,0,ALGERIA,0,furiously regular requests. platelets affix furious
40,lemon midnight metallic sienna steel,ECONOMY BURNISHED COPPER,SM CASE,16550,MAIL,DELIVER IN PERSON,40.00,37601.60,0.08,1996-08-10,3-MEDIUM,189896.86,Customer#000000064,BUILDING,-646.64,CANADA,AMERICA,1,ARGENTINA,1,"instructions wake quickly. final deposits haggle. final, silent theodolites "
40,lemon midnight metallic sienna steel,ECONOMY BURNISHED COPPER,SM CASE,16550,MAIL,DELIVER IN PERSON,40.00,37601.60,0.08,1996-08-10,3-MEDIUM,189896.86,Customer#000000064,BUILDING,-646.64,CANADA,AMERICA,2,BRAZIL,1,asymptotes use fluffily quickly bold instructions. slyly bold dependencies sleep carefully pending accounts
40,lemon midnight metallic sienna steel,ECONOMY BURNISHED COPPER,SM CASE,16550,MAIL,DELIVER IN PERSON,40.00,37601.60,0.08,1996-08-10,3-MEDIUM,189896.86,Customer#000000064,BUILDING,-646.64,CANADA,AMERICA,3,CANADA,1,ss deposits wake across the pending foxes. packages after the carefully bold requests integrate caref
40,lemon midnight metallic sienna steel,ECONOMY BURNISHED COPPER,SM CASE,16550,MAIL,DELIVER IN PERSON,40.00,37601.60,0.08,1996-08-10,3-MEDIUM,189896.86,Customer#000000064,BUILDING,-646.64,CANADA,AMERICA,4,EGYPT,4,"usly ironic, pending foxes. even, special instructions nag. sly, final foxes detect slyly fluffily "
40,lemon midnight metallic sienna steel,ECONOMY BURNISHED COPPER,SM CASE,16550,MAIL,DELIVER IN PERSON,40.00,37601.60,0.08,1996-08-10,3-MEDIUM,189896.86,Customer#000000064,BUILDING,-646.64,CANADA,AMERICA,5,ETHIOPIA,0,regular requests sleep carefull
40,lemon midnight metallic sienna steel,ECONOMY BURNISHED COPPER,SM CASE,16550,MAIL,DELIVER IN PERSON,40.00,37601.60,0.08,1996-08-10,3-MEDIUM,189896.86,Customer#000000064,BUILDING,-646.64,CANADA,AMERICA,6,FRANCE,3,oggedly. regular packages solve across
40,lemon midnight metallic sienna steel,ECONOMY BURNISHED COPPER,SM CASE,16550,MAIL,DELIVER IN PERSON,40.00,37601.60,0.08,1996-08-10,3-MEDIUM,189896.86,Customer#000000064,BUILDING,-646.64,CANADA,AMERICA,7,GERMANY,3,ong the regular requests: blithely silent pinto beans hagg
40,lemon midnight metallic sienna steel,ECONOMY BURNISHED COPPER,SM CASE,16550,MAIL,DELIVER IN PERSON,40.00,37601.60,0.08,1996-08-10,3-MEDIUM,189896.86,Customer#000000064,BUILDING,-646.64,CANADA,AMERICA,8,INDIA,2,uriously unusual deposits about the slyly final pinto beans could
40,lemon midnight metallic sienna steel,ECONOMY BURNISHED COPPER,SM CASE,16550,MAIL,DELIVER IN PERSON,40.00,37601.60,0.08,1996-08-10,3-MEDIUM,189896.86,Customer#000000064,BUILDING,-646.64,CANADA,AMERICA,9,INDONESIA,2,"d deposits sleep quickly according to the dogged, regular dolphins. special excuses haggle furiously special reque"
40,lemon midnight metallic sienna steel,ECONOMY BURNISHED COPPER,SM CASE,16550,MAIL,DELIVER IN PERSON,40.00,37601.60,0.08,1996-08-10,3-MEDIUM,189896.86,Customer#000000064,BUILDING,-646.64,CANADA,AMERICA,10,IRAN,4,furiously idle platelets nag. express asymptotes s
40,lemon midnight metallic sienna steel,ECONOMY BURNISHED COPPER,SM CASE,16550,MAIL,DELIVER IN PERSON,40.00,37601.60,0.08,1996-08-10,3-MEDIUM,189896.86,Customer#000000064,BUILDING,-646.64,CANADA,AMERICA,11,IRAQ,4,pendencies; slyly express foxes integrate carefully across the reg
40,lemon midnight metallic sienna steel,ECONOMY BURNISHED COPPER,SM CASE,16550,MAIL,DELIVER IN PERSON,40.00,37601.60,0.08,1996-08-10,3-MEDIUM,189896.86,Customer#000000064,BUILDING,-646.64,CANADA,AMERICA,12,JAPAN,2, quickly final packages. furiously i
40,lemon midnight metallic sienna steel,ECONOMY BURNISHED COPPER,SM CASE,16550,MAIL,DELIVER IN PERSON,40.00,37601.60,0.08,1996-08-10,3-MEDIUM,189896.86,Customer#000000064,BUILDING,-646.64,CANADA,AMERICA,13,JORDAN,4,the slyly regular ideas. silent Tiresias affix slyly fu
40,lemon midnight metallic sienna steel,ECONOMY BURNISHED COPPER,SM CASE,16550,MAIL,DELIVER IN PERSON,40.00,37601.60,0.08,1996-08-10,3-MEDIUM,189896.86,Customer#000000064,BUILDING,-646.64,CANADA,AMERICA,14,KENYA,0,lyly special foxes. slyly regular deposits sleep carefully. carefully permanent accounts slee
40,lemon midnight metallic sienna steel,ECONOMY BURNISHED COPPER,SM CASE,16550,MAIL,DELIVER IN PERSON,40.00,37601.60,0.08,1996-08-10,3-MEDIUM,189896.86,Customer#000000064,BUILDING,-646.64,CANADA,AMERICA,15,MOROCCO,0,ct blithely: blithely express accounts nag carefully. silent packages haggle carefully abo
40,lemon midnight metallic sienna steel,ECONOMY BURNISHED COPPER,SM CASE,16550,MAIL,DELIVER IN PERSON,40.00,37601.60,0.08,1996-08-10,3-MEDIUM,189896.86,Customer#000000064,BUILDING,-646.64,CANADA,AMERICA,16,MOZAMBIQUE,0, beans after the carefully regular accounts r
40,lemon midnight metallic sienna steel,ECONOMY BURNISHED COPPER,SM CASE,16550,MAIL,DELIVER IN PERSON,40.00,37601.60,0.08,1996-08-10,3-MEDIUM,189896.86,Customer#000000064,BUILDING,-646.64,CANADA,AMERICA,17,PERU,1,ly final foxes. blithely ironic accounts haggle. regular foxes about the regular deposits are furiously ir
40,lemon midnight metallic sienna steel,ECONOMY BURNISHED COPPER,SM CASE,16550,MAIL,DELIVER IN PERSON,40.00,37601.60,0.08,1996-08-10,3-MEDIUM,189896.86,Customer#000000064,BUILDING,-646.64,CANADA,AMERICA,18,CHINA,2,"ckly special packages cajole slyly. unusual, unusual theodolites mold furiously. slyly sile"
40,lemon midnight metallic sienna steel,ECONOMY BURNISHED COPPER,SM CASE,16550,MAIL,DELIVER IN PERSON,40.00,37601.60,0.08,1996-08-10,3-MEDIUM,189896.86,Customer#000000064,BUILDING,-646.64,CANADA,AMERICA,19,ROMANIA,3,"sly blithe requests. thinly bold deposits above the blithely regular accounts nag special, final requests. care"
40,lemon midnight metallic sienna steel,ECONOMY BURNISHED COPPER,SM CASE,16550,MAIL,DELIVER IN PERSON,40.00,37601.60,0.08,1996-08-10,3-MEDIUM,189896.86,Customer#000000064,BUILDING,-646.64,CANADA,AMERICA,20,SAUDI ARABIA,4,se slyly across the blithely regular deposits. deposits use carefully regular 
40,lemon midnight metallic sienna steel,ECONOMY BURNISHED COPPER,SM CASE,16550,MAIL,DELIVER IN PERSON,40.00,37601.60,0.08,1996-08-10,3-MEDIUM,189896.86,Customer#000000064,BUILDING,-646.64,CANADA,AMERICA,21,VIETNAM,2,lly across the quickly even pinto beans. caref
40,lemon midnight metallic sienna steel,ECONOMY BURNISHED COPPER,SM CASE,16550,MAIL,DELIVER IN PERSON,40.00,37601.60,0.08,1996-08-10,3-MEDIUM,189896.86,Customer#000000064,BUILDING,-646.64,CANADA,AMERICA,22,RUSSIA,3,uctions. furiously unusual instructions sleep furiously ironic packages. slyly 
40,lemon midnight metallic sienna steel,ECONOMY BURNISHED COPPER,SM CASE,16550,MAIL,DELIVER IN PERSON,40.00,37601.60,0.08,1996-08-10,3-MEDIUM,189896.86,Customer#000000064,BUILDING,-646.64,CANADA,AMERICA,23,UNITED KINGDOM,3,"carefully pending courts sleep above the ironic, regular theo"
40,lemon midnight metallic sienna steel,ECONOMY BURNISHED COPPER,SM CASE,16550,MAIL,DELIVER IN PERSON,40.00,37601.60,0.08,1996-08-10,3-MEDIUM,189896.86,Customer#000000064,BUILDING,-646.64,CANADA,AMERICA,24,UNITED STATES,1,ly ironic requests along the slyly bold ideas hang after the blithely special notornis; blithely even accounts
40,lemon midnight metallic sienna steel,ECONOMY BURNISHED COPPER,SM CASE,25027,REG AIR,TAKE BACK RETURN,20.00,18800.80,0.02,1994-12-17,3-MEDIUM,167023.70,Customer#000000037,FURNITURE,-917.75,INDIA,ASIA,0,ALGERIA,0,furiously regular requests. platelets affix furious
40,lemon midnight metallic sienna steel,ECONOMY BURNISHED COPPER,SM CASE,25027,REG AIR,TAKE BACK RETURN,20.00,18800.80,0.02,1994-12-17,3-MEDIUM,167023.70,Customer#000000037,FURNITURE,-917.75,INDIA,ASIA,1,ARGENTINA,1,"instructions wake quickly. final deposits haggle. final, silent theodolites "
40,lemon midnight metallic sienna steel,ECONOMY BURNISHED COPPER,SM CASE,25027,REG AIR,TAKE BACK RETURN,20.00,18800.80,0.02,1994-12-17,3-MEDIUM,167023.70,Customer#000000037,FURNITURE,-917.75,INDIA,ASIA,2,BRAZIL,1,asymptotes use fluffily quickly bold instructions. slyly bold dependencies sleep carefully pending accounts
40,lemon midnight metallic sienna steel,ECONOMY BURNISHED COPPER,SM CASE,25027,REG AIR,TAKE BACK RETURN,20.00,18800.80,0.02,1994-12-17,3-MEDIUM,167023.70,Customer#000000037,FURNITURE,-917.75,INDIA,ASIA,3,CANADA,1,ss deposits wake across the pending foxes. packages after the carefully bold requests integrate caref
40,lemon midnight metallic sienna steel,ECONOMY BURNISHED COPPER,SM CASE,25027,REG AIR,TAKE BACK RETURN,20.00,18800.80,0.02,1994-12-17,3-MEDIUM,167023.70,Customer#000000037,FURNITURE,-917.75,INDIA,ASIA,4,EGYPT,4,"usly ironic, pending foxes. even, special instructions nag. sly, final foxes detect slyly fluffily "
40,lemon midnight metallic sienna steel,ECONOMY BURNISHED COPPER,SM CASE,25027,REG AIR,TAKE BACK RETURN,20.00,18800.80,0.02,1994-12-17,3-MEDIUM,167023.70,Customer#000000037,FURNITURE,-917.75,INDIA,ASIA,5,ETHIOPIA,0,regular requests sleep carefull
40,lemon midnight metallic sienna steel,ECONOMY BURNISHED COPPER,SM CASE,25027,REG AIR,TAKE BACK RETURN,20.00,18800.80,0.02,1994-12-17,3-MEDIUM,167023.70,Customer#000000037,FURNITURE,-917.75,INDIA,ASIA,6,FRANCE,3,oggedly. regular packages solve across
40,lemon midnight metallic sienna steel,ECONOMY BURNISHED COPPER,SM CASE,25027,REG AIR,TAKE BACK RETURN,20.00,18800.80,0.02,1994-12-17,3-MEDIUM,167023.70,Customer#000000037,FURNITURE,-917.75,INDIA,ASIA,7,GERMANY,3,ong the regular requests: blithely silent pinto beans hagg
40,lemon midnight metallic sienna steel,ECONOMY BURNISHED COPPER,SM CASE,25027,REG AIR,TAKE BACK RETURN,20.00,18800.80,0.02,1994-12-17,3-MEDIUM,167023.70,Customer#000000037,FURNITURE,-917.75,INDIA,ASIA,8,INDIA,2,uriously unusual deposits about the slyly final pinto beans could
40,lemon midnight metallic sienna steel,ECONOMY BURNISHED COPPER,SM CASE,25027,REG AIR,TAKE BACK RETURN,20.00,18800.80,0.02,1994-12-17,3-MEDIUM,167023.70,Customer#000000037,FURNITURE,-917.75,INDIA,ASIA,9,INDONESIA,2,"d deposits sleep quickly according to the dogged, regular dolphins. special excuses haggle furiously special reque"
40,lemon midnight metallic sienna steel,ECONOMY BURNISHED COPPER,SM CASE,25027,REG AIR,TAKE BACK RETURN,20.00,18800.80,0.02,1994-12-17,3-MEDIUM,167023.70,Customer#000000037,FURNITURE,-917.75,INDIA,ASIA,10,IRAN,4,furiously idle platelets nag. express asymptotes s
40,lemon midnight metallic sienna steel,ECONOMY BURNISHED COPPER,SM CASE,25027,REG AIR,TAKE BACK RETURN,20.00,18800.80,0.02,1994-12-17,3-MEDIUM,167023.70,Customer#000000037,FURNITURE,-917.75,INDIA,ASIA,11,IRAQ,4,pendencies; slyly express foxes integrate carefully across the reg
40,lemon midnight metallic sienna steel,ECONOMY BURNISHED COPPER,SM CASE,25027,REG AIR,TAKE BACK RETURN,20.00,18800.80,0.02,1994-12-17,3-MEDIUM,167023.70,Customer#000000037,FURNITURE,-917.75,INDIA,ASIA,12,JAPAN,2, quickly final packages. furiously i
40,lemon midnight metallic sienna steel,ECONOMY BURNISHED COPPER,SM CASE,25027,REG AIR,TAKE BACK RETURN,20.00,18800.80,0.02,1994-12-17,3-MEDIUM,167023.70,Customer#000000037,FURNITURE,-917.75,INDIA,ASIA,13,JORDAN,4,the slyly regular ideas. silent Tiresias affix slyly fu
40,lemon midnight metallic sienna steel,ECONOMY BURNISHED COPPER,SM CASE,25027,REG AIR,TAKE BACK RETURN,20.00,18800.80,0.02,1994-12-17,3-MEDIUM,167023.70,Customer#000000037,FURNITURE,-917.75,INDIA,ASIA,14,KENYA,0,lyly special foxes. slyly regular deposits sleep carefully. carefully permanent accounts slee
40,lemon midnight metallic sienna steel,ECONOMY BURNISHED COPPER,SM CASE,25027,REG AIR,TAKE BACK RETURN,20.00,18800.80,0.02,1994-12-17,3-MEDIUM,167023.70,Customer#000000037,FURNITURE,-917.75,INDIA,ASIA,15,MOROCCO,0,ct blithely: blithely express accounts nag carefully. silent packages haggle carefully abo
40,lemon midnight metallic sienna steel,ECONOMY BURNISHED COPPER,SM CASE,25027,REG AIR,TAKE BACK RETURN,20.00,18800.80,0.02,1994-12-17,3-MEDIUM,167023.70,Customer#000000037,FURNITURE,-917.75,INDIA,ASIA,16,MOZAMBIQUE,0, beans after the carefully regular accounts r
40,lemon midnight metallic sienna steel,ECONOMY BURNISHED COPPER,SM CASE,25027,REG AIR,TAKE BACK RETURN,20.00,18800.80,0.02,1994-12-17,3-MEDIUM,167023.70,Customer#000000037,FURNITURE,-917.75,INDIA,ASIA,17,PERU,1,ly final foxes. blithely ironic accounts haggle. regular foxes about the regular deposits are furiously ir
40,lemon midnight metallic sienna steel,ECONOMY BURNISHED COPPER,SM CASE,25027,REG AIR,TAKE BACK RETURN,20.00,18800.80,0.02,1994-12-17,3-MEDIUM,167023.70,Customer#000000037,FURNITURE,-917.75,INDIA,ASIA,18,CHINA,2,"ckly special packages cajole slyly. unusual, unusual theodolites mold furiously. slyly sile"
40,lemon midnight metallic sienna steel,ECONOMY BURNISHED COPPER,SM CASE,25027,REG AIR,TAKE BACK RETURN,20.00,18800.80,0.02,1994-12-17,3-MEDIUM,167023.70,Customer#000000037,FURNITURE,-917.75,INDIA,ASIA,19,ROMANIA,3,"sly blithe requests. thinly bold deposits above the blithely regular accounts nag special, final requests. care"
40,lemon midnight metallic sienna steel,ECONOMY BURNISHED COPPER,SM CASE,25027,REG AIR,TAKE BACK RETURN,20.00,18800.80,0.02,1994-12-17,3-MEDIUM,167023.70,Customer#000000037,FURNITURE,-917.75,INDIA,ASIA,20,SAUDI ARABIA,4,se slyly across the blithely regular deposits. deposits use carefully regular 
40,lemon midnight metallic sienna steel,ECONOMY BURNISHED COPPER,SM CASE,25027,REG AIR,TAKE BACK RETURN,20.00,18800.80,0.02,1994-12-17,3-MEDIUM,167023.70,Customer#000000037,FURNITURE,-917.75,INDIA,ASIA,21,VIETNAM,2,lly across the quickly even pinto beans. caref
40,lemon midnight metallic sienna steel,ECONOMY BURNISHED COPPER,SM CASE,25027,REG AIR,TAKE BACK RETURN,20.00,18800.80,0.02,1994-12-17,3-MEDIUM,167023.70,Customer#000000037,FURNITURE,-917.75,INDIA,ASIA,22,RUSSIA,3,uctions. furiously unusual instructions sleep furiously ironic packages. slyly 
40,lemon midnight metallic sienna steel,ECONOMY BURNISHED COPPER,SM CASE,25027,REG AIR,TAKE BACK RETURN,20.00,18800.80,0.02,1994-12-17,3-MEDIUM,167023.70,Customer#000000037,FURNITURE,-917.75,INDIA,ASIA,23,UNITED KINGDOM,3,"carefully pending courts sleep above the ironic, regular theo"
40,lemon midnight metallic sienna steel,ECONOMY BURNISHED COPPER,SM CASE,25027,REG AIR,TAKE BACK RETURN,20.00,18800.80,0.02,1994-12-17,3-MEDIUM,167023.70,Customer#000000037,FURNITURE,-917.75,INDIA,ASIA,24,UNITED STATES,1,ly ironic requests along the slyly bold ideas hang after the blithely special notornis; blithely even accounts
55,sky cream deep tomato rosy,ECONOMY BRUSHED COPPER,MED BAG,6721,MAIL,DELIVER IN PERSON,20.00,19101.00,0.07,1996-11-29,4-NOT SPECIFIED,144116.45,Customer#000000497,BUILDING,2191.59,UNITED KINGDOM,EUROPE,0,ALGERIA,0,furiously regular requests. platelets affix furious
55,sky cream deep tomato rosy,ECONOMY BRUSHED COPPER,MED BAG,6721,MAIL,DELIVER IN PERSON,20.00,19101.00,0.07,1996-11-29,4-NOT SPECIFIED,144116.45,Customer#000000497,BUILDING,2191.59,UNITED KINGDOM,EUROPE,1,ARGENTINA,1,"instructions wake quickly. final deposits haggle. final, silent theodolites "
55,sky cream deep tomato rosy,ECONOMY BRUSHED COPPER,MED BAG,6721,MAIL,DELIVER IN PERSON,20.00,19101.00,0.07,1996-11-29,4-NOT SPECIFIED,144116.45,Customer#000000497,BUILDING,2191.59,UNITED KINGDOM,EUROPE,2,BRAZIL,1,asymptotes use fluffily quickly bold instructions. slyly bold dependencies sleep carefully pending accounts
55,sky cream deep tomato rosy,ECONOMY BRUSHED COPPER,MED BAG,6721,MAIL,DELIVER IN PERSON,20.00,19101.00,0.07,1996-11-29,4-NOT SPECIFIED,144116.45,Customer#000000497,BUILDING,2191.59,UNITED KINGDOM,EUROPE,3,CANADA,1,ss deposits wake across the pending foxes. packages after the carefully bold requests integrate caref
55,sky cream deep tomato rosy,ECONOMY BRUSHED COPPER,MED BAG,6721,MAIL,DELIVER IN PERSON,20.00,19101.00,0.07,1996-11-29,4-NOT SPECIFIED,144116.45,Customer#000000497,BUILDING,2191.59,UNITED KINGDOM,EUROPE,4,EGYPT,4,"usly ironic, pending foxes. even, special instructions nag. sly, final foxes detect slyly fluffily "
55,sky cream deep tomato rosy,ECONOMY BRUSHED COPPER,MED BAG,6721,MAIL,DELIVER IN PERSON,20.00,19101.00,0.07,1996-11-29,4-NOT SPECIFIED,144116.45,Customer#000000497,BUILDING,2191.59,UNITED KINGDOM,EUROPE,5,ETHIOPIA,0,regular requests sleep carefull
55,sky cream deep tomato rosy,ECONOMY BRUSHED COPPER,MED BAG,6721,MAIL,DELIVER IN PERSON,20.00,19101.00,0.07,1996-11-29,4-NOT SPECIFIED,144116.45,Customer#000000497,BUILDING,2191.59,UNITED KINGDOM,EUROPE,6,FRANCE,3,oggedly. regular packages solve across
55,sky cream deep tomato rosy,ECONOMY BRUSHED COPPER,MED BAG,6721,MAIL,DELIVER IN PERSON,20.00,19101.00,0.07,1996-11-29,4-NOT SPECIFIED,144116.45,Customer#000000497,BUILDING,2191.59,UNITED KINGDOM,EUROPE,7,GERMANY,3,ong the regular requests: blithely silent pinto beans hagg
55,sky cream deep tomato rosy,ECONOMY BRUSHED COPPER,MED BAG,6721,MAIL,DELIVER IN PERSON,20.00,19101.00,0.07,1996-11-29,4-NOT SPECIFIED,144116.45,Customer#000000497,BUILDING,2191.59,UNITED KINGDOM,EUROPE,8,INDIA,2,uriously unusual deposits about the slyly final pinto beans could
55,sky cream deep tomato rosy,ECONOMY BRUSHED COPPER,MED BAG,6721,MAIL,DELIVER IN PERSON,20.00,19101.00,0.07,1996-11-29,4-NOT SPECIFIED,144116.45,Customer#000000497,BUILDING,2191.59,UNITED KINGDOM,EUROPE,9,INDONESIA,2,"d deposits sleep quickly according to the dogged, regular dolphins. special excuses haggle furiously special reque"
55,sky cream deep tomato rosy,ECONOMY BRUSHED COPPER,MED BAG,6721,MAIL,DELIVER IN PERSON,20.00,19101.00,0.07,1996-11-29,4-NOT SPECIFIED,144116.45,Customer#000000497,BUILDING,2191.59,UNITED KINGDOM,EUROPE,10,IRAN,4,furiously idle platelets nag. express asymptotes s
55,sky cream deep tomato rosy,ECONOMY BRUSHED COPPER,MED BAG,6721,MAIL,DELIVER IN PERSON,20.00,19101.00,0.07,1996-11-29,4-NOT SPECIFIED,144116.45,Customer#000000497,BUILDING,2191.59,UNITED KINGDOM,EUROPE,11,IRAQ,4,pendencies; slyly express foxes integrate carefully across the reg
55,sky cream deep tomato rosy,ECONOMY BRUSHED COPPER,MED BAG,6721,MAIL,DELIVER IN PERSON,20.00,19101.00,0.07,1996-11-29,4-NOT SPECIFIED,144116.45,Customer#000000497,BUILDING,2191.59,UNITED KINGDOM,EUROPE,12,JAPAN,2, quickly final packages. furiously i
55,sky cream deep tomato rosy,ECONOMY BRUSHED COPPER,MED BAG,6721,MAIL,DELIVER IN PERSON,20.00,19101.00,0.07,1996-11-29,4-NOT SPECIFIED,144116.45,Customer#000000497,BUILDING,2191.59,UNITED KINGDOM,EUROPE,13,JORDAN,4,the slyly regular ideas. silent Tiresias affix slyly fu
55,sky cream deep tomato rosy,ECONOMY BRUSHED COPPER,MED BAG,6721,MAIL,DELIVER IN PERSON,20.00,19101.00,0.07,1996-11-29,4-NOT SPECIFIED,144116.45,Customer#000000497,BUILDING,2191.59,UNITED KINGDOM,EUROPE,14,KENYA,0,lyly special foxes. slyly regular deposits sleep carefully. carefully permanent accounts slee
55,sky cream deep tomato rosy,ECONOMY BRUSHED COPPER,MED BAG,6721,MAIL,DELIVER IN PERSON,20.00,19101.00,0.07,1996-11-29,4-NOT SPECIFIED,144116.45,Customer#000000497,BUILDING,2191.59,UNITED KINGDOM,EUROPE,15,MOROCCO,0,ct blithely: blithely express accounts nag carefully. silent packages haggle carefully abo
55,sky cream deep tomato rosy,ECONOMY BRUSHED COPPER,MED BAG,6721,MAIL,DELIVER IN PERSON,20.00,19101.00,0.07,1996-11-29,4-NOT SPECIFIED,144116.45,Customer#000000497,BUILDING,2191.59,UNITED KINGDOM,EUROPE,16,MOZAMBIQUE,0, beans after the carefully regular accounts r
55,sky cream deep tomato rosy,ECONOMY BRUSHED COPPER,MED BAG,6721,MAIL,DELIVER IN PERSON,20.00,19101.00,0.07,1996-11-29,4-NOT SPECIFIED,144116.45,Customer#000000497,BUILDING,2191.59,UNITED KINGDOM,EUROPE,17,PERU,1,ly final foxes. blithely ironic accounts haggle. regular foxes about the regular deposits are furiously ir
55,sky cream deep tomato rosy,ECONOMY BRUSHED COPPER,MED BAG,6721,MAIL,DELIVER IN PERSON,20.00,19101.00,0.07,1996-11-29,4-NOT SPECIFIED,144116.45,Customer#000000497,BUILDING,2191.59,UNITED KINGDOM,EUROPE,18,CHINA,2,"ckly special packages cajole slyly. unusual, unusual theodolites mold furiously. slyly sile"
55,sky cream deep tomato rosy,ECONOMY BRUSHED COPPER,MED BAG,6721,MAIL,DELIVER IN PERSON,20.00,19101.00,0.07,1996-11-29,4-NOT SPECIFIED,144116.45,Customer#000000497,BUILDING,2191.59,UNITED KINGDOM,EUROPE,19,ROMANIA,3,"sly blithe requests. thinly bold deposits above the blithely regular accounts nag special, final requests. care"
55,sky cream deep tomato rosy,ECONOMY BRUSHED COPPER,MED BAG,6721,MAIL,DELIVER IN PERSON,20.00,19101.00,0.07,1996-11-29,4-NOT SPECIFIED,144116.45,Customer#000000497,BUILDING,2191.59,UNITED KINGDOM,EUROPE,20,SAUDI ARABIA,4,se slyly across the blithely regular deposits. deposits use carefully regular 
55,sky cream deep tomato rosy,ECONOMY BRUSHED COPPER,MED BAG,6721,MAIL,DELIVER IN PERSON,20.00,19101.00,0.07,1996-11-29,4-NOT SPECIFIED,144116.45,Customer#000000497,BUILDING,2191.59,UNITED KINGDOM,EUROPE,21,VIETNAM,2,lly across the quickly even pinto beans. caref
55,sky cream deep tomato rosy,ECONOMY BRUSHED COPPER,MED BAG,6721,MAIL,DELIVER IN PERSON,20.00,19101.00,0.07,1996-11-29,4-NOT SPECIFIED,144116.45,Customer#000000497,BUILDING,2191.59,UNITED KINGDOM,EUROPE,22,RUSSIA,3,uctions. furiously unusual instructions sleep furiously ironic packages. slyly 
55,sky cream deep tomato rosy,ECONOMY BRUSHED COPPER,MED BAG,6721,MAIL,DELIVER IN PERSON,20.00,19101.00,0.07,1996-11-29,4-NOT SPECIFIED,144116.45,Customer#000000497,BUILDING,2191.59,UNITED KINGDOM,EUROPE,23,UNITED KINGDOM,3,"carefully pending courts sleep above the ironic, regular theo"
55,sky cream deep tomato rosy,ECONOMY BRUSHED COPPER,MED BAG,6721,MAIL,DELIVER IN PERSON,20.00,19101.00,0.07,1996-11-29,4-NOT SPECIFIED,144116.45,Customer#000000497,BUILDING,2191.59,UNITED KINGDOM,EUROPE,24,UNITED STATES,1,ly ironic requests along the slyly bold ideas hang after the blithely special notornis; blithely even accounts
55,sky cream deep tomato rosy,ECONOMY BRUSHED COPPER,MED BAG,8004,AIR,DELIVER IN PERSON,40.00,38202.00,0.03,1995-05-12,1-URGENT,264330.61,Customer#000000463,HOUSEHOLD,-654.50,INDIA,ASIA,0,ALGERIA,0,furiously regular requests. platelets affix furious
55,sky cream deep tomato rosy,ECONOMY BRUSHED COPPER,MED BAG,8004,AIR,DELIVER IN PERSON,40.00,38202.00,0.03,1995-05-12,1-URGENT,264330.61,Customer#000000463,HOUSEHOLD,-654.50,INDIA,ASIA,1,ARGENTINA,1,"instructions wake quickly. final deposits haggle. final, silent theodolites "
55,sky cream deep tomato rosy,ECONOMY BRUSHED COPPER,MED BAG,8004,AIR,DELIVER IN PERSON,40.00,38202.00,0.03,1995-05-12,1-URGENT,264330.61,Customer#000000463,HOUSEHOLD,-654.50,INDIA,ASIA,2,BRAZIL,1,asymptotes use fluffily quickly bold instructions. slyly bold dependencies sleep carefully pending accounts
55,sky cream deep tomato rosy,ECONOMY BRUSHED COPPER,MED BAG,8004,AIR,DELIVER IN PERSON,40.00,38202.00,0.03,1995-05-12,1-URGENT,264330.61,Customer#000000463,HOUSEHOLD,-654.50,INDIA,ASIA,3,CANADA,1,ss deposits wake across the pending foxes. packages after the carefully bold requests integrate caref
55,sky cream deep tomato rosy,ECONOMY BRUSHED COPPER,MED BAG,8004,AIR,DELIVER IN PERSON,40.00,38202.00,0.03,1995-05-12,1-URGENT,264330.61,Customer#000000463,HOUSEHOLD,-654.50,INDIA,ASIA,4,EGYPT,4,"usly ironic, pending foxes. even, special instructions nag. sly, final foxes detect slyly fluffily "
55,sky cream deep tomato rosy,ECONOMY BRUSHED COPPER,MED BAG,8004,AIR,DELIVER IN PERSON,40.00,38202.00,0.03,1995-05-12,1-URGENT,264330.61,Customer#000000463,HOUSEHOLD,-654.50,INDIA,ASIA,5,ETHIOPIA,0,regular requests sleep carefull
55,sky cream deep tomato rosy,ECONOMY BRUSHED COPPER,MED BAG,8004,AIR,DELIVER IN PERSON,40.00,38202.00,0.03,1995-05-12,1-URGENT,264330.61,Customer#000000463,HOUSEHOLD,-654.50,INDIA,ASIA,6,FRANCE,3,oggedly. regular packages solve across
55,sky cream deep tomato rosy,ECONOMY BRUSHED COPPER,MED BAG,8004,AIR,DELIVER IN PERSON,40.00,38202.00,0.03,1995-05-12,1-URGENT,264330.61,Customer#000000463,HOUSEHOLD,-654.50,INDIA,ASIA,7,GERMANY,3,ong the regular requests: blithely silent pinto beans hagg
55,sky cream deep tomato rosy,ECONOMY BRUSHED COPPER,MED BAG,8004,AIR,DELIVER IN PERSON,40.00,38202.00,0.03,1995-05-12,1-URGENT,264330.61,Customer#000000463,HOUSEHOLD,-654.50,INDIA,ASIA,8,INDIA,2,uriously unusual deposits about the slyly final pinto beans could
55,sky cream deep tomato rosy,ECONOMY BRUSHED COPPER,MED BAG,8004,AIR,DELIVER IN PERSON,40.00,38202.00,0.03,1995-05-12,1-URGENT,264330.61,Customer#000000463,HOUSEHOLD,-654.50,INDIA,ASIA,9,INDONESIA,2,"d deposits sleep quickly according to the dogged, regular dolphins. special excuses haggle furiously special reque"
55,sky cream deep tomato rosy,ECONOMY BRUSHED COPPER,MED BAG,8004,AIR,DELIVER IN PERSON,40.00,38202.00,0.03,1995-05-12,1-URGENT,264330.61,Customer#000000463,HOUSEHOLD,-654.50,INDIA,ASIA,10,IRAN,4,furiously idle platelets nag. express asymptotes s
55,sky cream deep tomato rosy,ECONOMY BRUSHED COPPER,MED BAG,8004,AIR,DELIVER IN PERSON,40.00,38202.00,0.03,1995-05-12,1-URGENT,264330.61,Customer#000000463,HOUSEHOLD,-654.50,INDIA,ASIA,11,IRAQ,4,pendencies; slyly express foxes integrate carefully across the reg
55,sky cream deep tomato rosy,ECONOMY BRUSHED COPPER,MED BAG,8004,AIR,DELIVER IN PERSON,40.00,38202.00,0.03,1995-05-12,1-URGENT,264330.61,Customer#000000463,HOUSEHOLD,-654.50,INDIA,ASIA,12,JAPAN,2, quickly final packages. furiously i
55,sky cream deep tomato rosy,ECONOMY BRUSHED COPPER,MED BAG,8004,AIR,DELIVER IN PERSON,40.00,38202.00,0.03,1995-05-12,1-URGENT,264330.61,Customer#000000463,HOUSEHOLD,-654.50,INDIA,ASIA,13,JORDAN,4,the slyly regular ideas. silent Tiresias affix slyly fu
55,sky cream deep tomato rosy,ECONOMY BRUSHED COPPER,MED BAG,8004,AIR,DELIVER IN PERSON,40.00,38202.00,0.03,1995-05-12,1-URGENT,264330.61,Customer#000000463,HOUSEHOLD,-654.50,INDIA,ASIA,14,KENYA,0,lyly special foxes. slyly regular deposits sleep carefully. carefully permanent accounts slee
55,sky cream deep tomato rosy,ECONOMY BRUSHED COPPER,MED BAG,8004,AIR,DELIVER IN PERSON,40.00,38202.00,0.03,1995-05-12,1-URGENT,264330.61,Customer#000000463,HOUSEHOLD,-654.50,INDIA,ASIA,15,MOROCCO,0,ct blithely: blithely express accounts nag carefully. silent packages haggle carefully abo
55,sky cream deep tomato rosy,ECONOMY BRUSHED COPPER,MED BAG,8004,AIR,DELIVER IN PERSON,40.00,38202.00,0.03,1995-05-12,1-URGENT,264330.61,Customer#000000463,HOUSEHOLD,-654.50,INDIA,ASIA,16,MOZAMBIQUE,0, beans after the carefully regular accounts r
55,sky cream deep tomato rosy,ECONOMY BRUSHED COPPER,MED BAG,8004,AIR,DELIVER IN PERSON,40.00,38202.00,0.03,1995-05-12,1-URGENT,264330.61,Customer#000000463,HOUSEHOLD,-654.50,INDIA,ASIA,17,PERU,1,ly final foxes. blithely ironic accounts haggle. regular foxes about the regular deposits are furiously ir
55,sky cream deep tomato rosy,ECONOMY BRUSHED COPPER,MED BAG,8004,AIR,DELIVER IN PERSON,40.00,38202.00,0.03,1995-05-12,1-URGENT,264330.61,Customer#000000463,HOUSEHOLD,-654.50,INDIA,ASIA,18,CHINA,2,"ckly special packages cajole slyly. unusual, unusual theodolites mold furiously. slyly sile"
55,sky cream deep tomato rosy,ECONOMY BRUSHED COPPER,MED BAG,8004,AIR,DELIVER IN PERSON,40.00,38202.00,0.03,1995-05-12,1-URGENT,264330.61,Customer#000000463,HOUSEHOLD,-654.50,INDIA,ASIA,19,ROMANIA,3,"sly blithe requests. thinly bold deposits above the blithely regular accounts nag special, final requests. care"
55,sky cream deep tomato rosy,ECONOMY BRUSHED COPPER,MED BAG,8004,AIR,DELIVER IN PERSON,40.00,38202.00,0.03,1995-05-12,1-URGENT,264330.61,Customer#000000463,HOUSEHOLD,-654.50,INDIA,ASIA,20,SAUDI ARABIA,4,se slyly across the blithely regular deposits. deposits use carefully regular 
55,sky cream deep tomato rosy,ECONOMY BRUSHED COPPER,MED BAG,8004,AIR,DELIVER IN PERSON,40.00,38202.00,0.03,1995-05-12,1-URGENT,264330.61,Customer#000000463,HOUSEHOLD,-654.50,INDIA,ASIA,21,VIETNAM,2,lly across the quickly even pinto beans. caref
55,sky cream deep tomato rosy,ECONOMY BRUSHED COPPER,MED BAG,8004,AIR,DELIVER IN PERSON,40.00,38202.00,0.03,1995-05-12,1-URGENT,264330.61,Customer#000000463,HOUSEHOLD,-654.50,INDIA,ASIA,22,RUSSIA,3,uctions. furiously unusual instructions sleep furiously ironic packages. slyly 
55,sky cream deep tomato rosy,ECONOMY BRUSHED COPPER,MED BAG,8004,AIR,DELIVER IN PERSON,40.00,38202.00,0.03,1995-05-12,1-URGENT,264330.61,Customer#000000463,HOUSEHOLD,-654.50,INDIA,ASIA,23,UNITED KINGDOM,3,"carefully pending courts sleep above the ironic, regular theo"
55,sky cream deep tomato rosy,ECONOMY BRUSHED COPPER,MED BAG,8004,AIR,DELIVER IN PERSON,40.00,38202.00,0.03,1995-05-12,1-URGENT,264330.61,Customer#000000463,HOUSEHOLD,-654.50,INDIA,ASIA,24,UNITED STATES,1,ly ironic requests along the slyly bold ideas hang after the blithely special notornis; blithely even accounts
55,sky cream deep tomato rosy,ECONOMY BRUSHED COPPER,MED BAG,20263,REG AIR,DELIVER IN PERSON,42.00,40112.10,0.02,1994-11-15,3-MEDIUM,244956.34,Customer#000000125,FURNITURE,-234.12,ROMANIA,EUROPE,0,ALGERIA,0,furiously regular requests. platelets affix furious
55,sky cream deep tomato rosy,ECONOMY BRUSHED COPPER,MED BAG,20263,REG AIR,DELIVER IN PERSON,42.00,40112.10,0.02,1994-11-15,3-MEDIUM,244956.34,Customer#000000125,FURNITURE,-234.12,ROMANIA,EUROPE,1,ARGENTINA,1,"instructions wake quickly. final deposits haggle. final, silent theodolites "
55,sky cream deep tomato rosy,ECONOMY BRUSHED COPPER,MED BAG,20263,REG AIR,DELIVER IN PERSON,42.00,40112.10,0.02,1994-11-15,3-MEDIUM,244956.34,Customer#000000125,FURNITURE,-234.12,ROMANIA,EUROPE,2,BRAZIL,1,asymptotes use fluffily quickly bold instructions. slyly bold dependencies sleep carefully pending accounts
55,sky cream deep tomato rosy,ECONOMY BRUSHED COPPER,MED BAG,20263,REG AIR,DELIVER IN PERSON,42.00,40112.10,0.02,1994-11-15,3-MEDIUM,244956.34,Customer#000000125,FURNITURE,-234.12,ROMANIA,EUROPE,3,CANADA,1,ss deposits wake across the pending foxes. packages after the carefully bold requests integrate caref
55,sky cream deep tomato rosy,ECONOMY BRUSHED COPPER,MED BAG,20263,REG AIR,DELIVER IN PERSON,42.00,40112.10,0.02,1994-11-15,3-MEDIUM,244956.34,Customer#000000125,FURNITURE,-234.12,ROMANIA,EUROPE,4,EGYPT,4,"usly ironic, pending foxes. even, special instructions nag. sly, final foxes detect slyly fluffily "
55,sky cream deep tomato rosy,ECONOMY BRUSHED COPPER,MED BAG,20263,REG AIR,DELIVER IN PERSON,42.00,40112.10,0.02,1994-11-15,3-MEDIUM,244956.34,Customer#000000125,FURNITURE,-234.12,ROMANIA,EUROPE,5,ETHIOPIA,0,regular requests sleep carefull
55,sky cream deep tomato rosy,ECONOMY BRUSHED COPPER,MED BAG,20263,REG AIR,DELIVER IN PERSON,42.00,40112.10,0.02,1994-11-15,3-MEDIUM,244956.34,Customer#000000125,FURNITURE,-234.12,ROMANIA,EUROPE,6,FRANCE,3,oggedly. regular packages solve across
55,sky cream deep tomato rosy,ECONOMY BRUSHED COPPER,MED BAG,20263,REG AIR,DELIVER IN PERSON,42.00,40112.10,0.02,1994-11-15,3-MEDIUM,244956.34,Customer#000000125,FURNITURE,-234.12,ROMANIA,EUROPE,7,GERMANY,3,ong the regular requests: blithely silent pinto beans hagg
55,sky cream deep tomato rosy,ECONOMY BRUSHED COPPER,MED BAG,20263,REG AIR,DELIVER IN PERSON,42.00,40112.10,0.02,1994-11-15,3-MEDIUM,244956.34,Customer#000000125,FURNITURE,-234.12,ROMANIA,EUROPE,8,INDIA,2,uriously unusual deposits about the slyly final pinto beans could
55,sky cream deep tomato rosy,ECONOMY BRUSHED COPPER,MED BAG,20263,REG AIR,DELIVER IN PERSON,42.00,40112.10,0.02,1994-11-15,3-MEDIUM,244956.34,Customer#000000125,FURNITURE,-234.12,ROMANIA,EUROPE,9,INDONESIA,2,"d deposits sleep quickly according to the dogged, regular dolphins. special excuses haggle furiously special reque"
55,sky cream deep tomato rosy,ECONOMY BRUSHED COPPER,MED BAG,20263,REG AIR,DELIVER IN PERSON,42.00,40112.10,0.02,1994-11-15,3-MEDIUM,244956.34,Customer#000000125,FURNITURE,-234.12,ROMANIA,EUROPE,10,IRAN,4,furiously idle platelets nag. express asymptotes s
55,sky cream deep tomato rosy,ECONOMY BRUSHED COPPER,MED BAG,20263,REG AIR,DELIVER IN PERSON,42.00,40112.10,0.02,1994-11-15,3-MEDIUM,244956.34,Customer#000000125,FURNITURE,-234.12,ROMANIA,EUROPE,11,IRAQ,4,pendencies; slyly express foxes integrate carefully across the reg
55,sky cream deep tomato rosy,ECONOMY BRUSHED COPPER,MED BAG,20263,REG AIR,DELIVER IN PERSON,42.00,40112.10,0.02,1994-11-15,3-MEDIUM,244956.34,Customer#000000125,FURNITURE,-234.12,ROMANIA,EUROPE,12,JAPAN,2, quickly final packages. furiously i
55,sky cream deep tomato rosy,ECONOMY BRUSHED COPPER,MED BAG,20263,REG AIR,DELIVER IN PERSON,42.00,40112.10,0.02,1994-11-15,3-MEDIUM,244956.34,Customer#000000125,FURNITURE,-234.12,ROMANIA,EUROPE,13,JORDAN,4,the slyly regular ideas. silent Tiresias affix slyly fu
55,sky cream deep tomato rosy,ECONOMY BRUSHED COPPER,MED BAG,20263,REG AIR,DELIVER IN PERSON,42.00,40112.10,0.02,1994-11-15,3-MEDIUM,244956.34,Customer#000000125,FURNITURE,-234.12,ROMANIA,EUROPE,14,KENYA,0,lyly special foxes. slyly regular deposits sleep carefully. carefully permanent accounts slee
55,sky cream deep tomato rosy,ECONOMY BRUSHED COPPER,MED BAG,20263,REG AIR,DELIVER IN PERSON,42.00,40112.10,0.02,1994-11-15,3-MEDIUM,244956.34,Customer#000000125,FURNITURE,-234.12,ROMANIA,EUROPE,15,MOROCCO,0,ct blithely: blithely express accounts nag carefully. silent packages haggle carefully abo
55,sky cream deep tomato rosy,ECONOMY BRUSHED COPPER,MED BAG,20263,REG AIR,DELIVER IN PERSON,42.00,40112.10,0.02,1994-11-15,3-MEDIUM,244956.34,Customer#000000125,FURNITURE,-234.12,ROMANIA,EUROPE,16,MOZAMBIQUE,0, beans after the carefully regular accounts r
55,sky cream deep tomato rosy,ECONOMY BRUSHED COPPER,MED BAG,20263,REG AIR,DELIVER IN PERSON,42.00,40112.10,0.02,1994-11-15,3-MEDIUM,244956.34,Customer#000000125,FURNITURE,-234.12,ROMANIA,EUROPE,17,PERU,1,ly final foxes. blithely ironic accounts haggle. regular foxes about the regular deposits are furiously ir
55,sky cream deep tomato rosy,ECONOMY BRUSHED COPPER,MED BAG,20263,REG AIR,DELIVER IN PERSON,42.00,40112.10,0.02,1994-11-15,3-MEDIUM,244956.34,Customer#000000125,FURNITURE,-234.12,ROMANIA,EUROPE,18,CHINA,2,"ckly special packages cajole slyly. unusual, unusual theodolites mold furiously. slyly sile"
55,sky cream deep tomato rosy,ECONOMY BRUSHED COPPER,MED BAG,20263,REG AIR,DELIVER IN PERSON,42.00,40112.10,0.02,1994-11-15,3-MEDIUM,244956.34,Customer#000000125,FURNITURE,-234.12,ROMANIA,EUROPE,19,ROMANIA,3,"sly blithe requests. thinly bold deposits above the blithely regular accounts nag special, final requests. care"
55,sky cream deep tomato rosy,ECONOMY BRUSHED COPPER,MED BAG,20263,REG AIR,DELIVER IN PERSON,42.00,40112.10,0.02,1994-11-15,3-MEDIUM,244956.34,Customer#000000125,FURNITURE,-234.12,ROMANIA,EUROPE,20,SAUDI ARABIA,4,se slyly across the blithely regular deposits. deposits use carefully regular 
55,sky cream deep tomato rosy,ECONOMY BRUSHED COPPER,MED BAG,20263,REG AIR,DELIVER IN PERSON,42.00,40112.10,0.02,1994-11-15,3-MEDIUM,244956.34,Customer#000000125,FURNITURE,-234.12,ROMANIA,EUROPE,21,VIETNAM,2,lly across the quickly even pinto beans. caref
55,sky cream deep tomato rosy,ECONOMY BRUSHED COPPER,MED BAG,20263,REG AIR,DELIVER IN PERSON,42.00,40112.10,0.02,1994-11-15,3-MEDIUM,244956.34,Customer#000000125,FURNITURE,-234.12,ROMANIA,EUROPE,22,RUSSIA,3,uctions. furiously unusual instructions sleep furiously ironic packages. slyly 
55,sky cream deep tomato rosy,ECONOMY BRUSHED COPPER,MED BAG,20263,REG AIR,DELIVER IN PERSON,42.00,40112.10,0.02,1994-11-15,3-MEDIUM,244956.34,Customer#000000125,FURNITURE,-234.12,ROMANIA,EUROPE,23,UNITED KINGDOM,3,"carefully pending courts sleep above the ironic, regular theo"
55,sky cream deep tomato rosy,ECONOMY BRUSHED COPPER,MED BAG,20263,REG AIR,DELIVER IN PERSON,42.00,40112.10,0.02,1994-11-15,3-MEDIUM,244956.34,Customer#000000125,FURNITURE,-234.12,ROMANIA,EUROPE,24,UNITED STATES,1,ly ironic requests along the slyly bold ideas hang after the blithely special notornis; blithely even accounts
81,misty sandy cornsilk dodger blush,ECONOMY BRUSHED TIN,MED BAG,13154,MAIL,TAKE BACK RETURN,42.00,41205.36,0.09,1997-10-22,5-LOW,262523.82,Customer#000000260,MACHINERY,9196.11,ARGENTINA,AMERICA,0,ALGERIA,0,furiously regular requests. platelets affix furious
81,misty sandy cornsilk dodger blush,ECONOMY BRUSHED TIN,MED BAG,13154,MAIL,TAKE BACK RETURN,42.00,41205.36,0.09,1997-10-22,5-LOW,262523.82,Customer#000000260,MACHINERY,9196.11,ARGENTINA,AMERICA,1,ARGENTINA,1,"instructions wake quickly. final deposits haggle. final, silent theodolites "
81,misty sandy cornsilk dodger blush,ECONOMY BRUSHED TIN,MED BAG,13154,MAIL,TAKE BACK RETURN,42.00,41205.36,0.09,1997-10-22,5-LOW,262523.82,Customer#000000260,MACHINERY,9196.11,ARGENTINA,AMERICA,2,BRAZIL,1,asymptotes use fluffily quickly bold instructions. slyly bold dependencies sleep carefully pending accounts
81,misty sandy cornsilk dodger blush,ECONOMY BRUSHED TIN,MED BAG,13154,MAIL,TAKE BACK RETURN,42.00,41205.36,0.09,1997-10-22,5-LOW,262523.82,Customer#000000260,MACHINERY,9196.11,ARGENTINA,AMERICA,3,CANADA,1,ss deposits wake across the pending foxes. packages after the carefully bold requests integrate caref
81,misty sandy cornsilk dodger blush,ECONOMY BRUSHED TIN,MED BAG,13154,MAIL,TAKE BACK RETURN,42.00,41205.36,0.09,1997-10-22,5-LOW,262523.82,Customer#000000260,MACHINERY,9196.11,ARGENTINA,AMERICA,4,EGYPT,4,"usly ironic, pending foxes. even, special instructions nag. sly, final foxes detect slyly fluffily "
81,misty sandy cornsilk dodger blush,ECONOMY BRUSHED TIN,MED BAG,13154,MAIL,TAKE BACK RETURN,42.00,41205.36,0.09,1997-10-22,5-LOW,262523.82,Customer#000000260,MACHINERY,9196.11,ARGENTINA,AMERICA,5,ETHIOPIA,0,regular requests sleep carefull
81,misty sandy cornsilk dodger blush,ECONOMY BRUSHED TIN,MED BAG,13154,MAIL,TAKE BACK RETURN,42.00,41205.36,0.09,1997-10-22,5-LOW,262523.82,Customer#000000260,MACHINERY,9196.11,ARGENTINA,AMERICA,6,FRANCE,3,oggedly. regular packages solve across
81,misty sandy cornsilk dodger blush,ECONOMY BRUSHED TIN,MED BAG,13154,MAIL,TAKE BACK RETURN,42.00,41205.36,0.09,1997-10-22,5-LOW,262523.82,Customer#000000260,MACHINERY,9196.11,ARGENTINA,AMERICA,7,GERMANY,3,ong the regular requests: blithely silent pinto beans hagg
81,misty sandy cornsilk dodger blush,ECONOMY BRUSHED TIN,MED BAG,13154,MAIL,TAKE BACK RETURN,42.00,41205.36,0.09,1997-10-22,5-LOW,262523.82,Customer#000000260,MACHINERY,9196.11,ARGENTINA,AMERICA,8,INDIA,2,uriously unusual deposits about the slyly final pinto beans could
81,misty sandy cornsilk dodger blush,ECONOMY BRUSHED TIN,MED BAG,13154,MAIL,TAKE BACK RETURN,42.00,41205.36,0.09,1997-10-22,5-LOW,262523.82,Customer#000000260,MACHINERY,9196.11,ARGENTINA,AMERICA,9,INDONESIA,2,"d deposits sleep quickly according to the dogged, regular dolphins. special excuses haggle furiously special reque"
81,misty sandy cornsilk dodger blush,ECONOMY BRUSHED TIN,MED BAG,13154,MAIL,TAKE BACK RETURN,42.00,41205.36,0.09,1997-10-22,5-LOW,262523.82,Customer#000000260,MACHINERY,9196.11,ARGENTINA,AMERICA,10,IRAN,4,furiously idle platelets nag. express asymptotes s
81,misty sandy cornsilk dodger blush,ECONOMY BRUSHED TIN,MED BAG,13154,MAIL,TAKE BACK RETURN,42.00,41205.36,0.09,1997-10-22,5-LOW,262523.82,Customer#000000260,MACHINERY,9196.11,ARGENTINA,AMERICA,11,IRAQ,4,pendencies; slyly express foxes integrate carefully across the reg
81,misty sandy cornsilk dodger blush,ECONOMY BRUSHED TIN,MED BAG,13154,MAIL,TAKE BACK RETURN,42.00,41205.36,0.09,1997-10-22,5-LOW,262523.82,Customer#000000260,MACHINERY,9196.11,ARGENTINA,AMERICA,12,JAPAN,2, quickly final packages. furiously i
81,misty sandy cornsilk dodger blush,ECONOMY BRUSHED TIN,MED BAG,13154,MAIL,TAKE BACK RETURN,42.00,41205.36,0.09,1997-10-22,5-LOW,262523.82,Customer#000000260,MACHINERY,9196.11,ARGENTINA,AMERICA,13,JORDAN,4,the slyly regular ideas. silent Tiresias affix slyly fu
81,misty sandy cornsilk dodger blush,ECONOMY BRUSHED TIN,MED BAG,13154,MAIL,TAKE BACK RETURN,42.00,41205.36,0.09,1997-10-22,5-LOW,262523.82,Customer#000000260,MACHINERY,9196.11,ARGENTINA,AMERICA,14,KENYA,0,lyly special foxes. slyly regular deposits sleep carefully. carefully permanent accounts slee
81,misty sandy cornsilk dodger blush,ECONOMY BRUSHED TIN,MED BAG,13154,MAIL,TAKE BACK RETURN,42.00,41205.36,0.09,1997-10-22,5-LOW,262523.82,Customer#000000260,MACHINERY,9196.11,ARGENTINA,AMERICA,15,MOROCCO,0,ct blithely: blithely express accounts nag carefully. silent packages haggle carefully abo
81,misty sandy cornsilk dodger blush,ECONOMY BRUSHED TIN,MED BAG,13154,MAIL,TAKE BACK RETURN,42.00,41205.36,0.09,1997-10-22,5-LOW,262523.82,Customer#000000260,MACHINERY,9196.11,ARGENTINA,AMERICA,16,MOZAMBIQUE,0, beans after the carefully regular accounts r
81,misty sandy cornsilk dodger blush,ECONOMY BRUSHED TIN,MED BAG,13154,MAIL,TAKE BACK RETURN,42.00,41205.36,0.09,1997-10-22,5-LOW,262523.82,Customer#000000260,MACHINERY,9196.11,ARGENTINA,AMERICA,17,PERU,1,ly final foxes. blithely ironic accounts haggle. regular foxes about the regular deposits are furiously ir
81,misty sandy cornsilk dodger blush,ECONOMY BRUSHED TIN,MED BAG,13154,MAIL,TAKE BACK RETURN,42.00,41205.36,0.09,1997-10-22,5-LOW,262523.82,Customer#000000260,MACHINERY,9196.11,ARGENTINA,AMERICA,18,CHINA,2,"ckly special packages cajole slyly. unusual, unusual theodolites mold furiously. slyly sile"
81,misty sandy cornsilk dodger blush,ECONOMY BRUSHED TIN,MED BAG,13154,MAIL,TAKE BACK RETURN,42.00,41205.36,0.09,1997-10-22,5-LOW,262523.82,Customer#000000260,MACHINERY,9196.11,ARGENTINA,AMERICA,19,ROMANIA,3,"sly blithe requests. thinly bold deposits above the blithely regular accounts nag special, final requests. care"
81,misty sandy cornsilk dodger blush,ECONOMY BRUSHED TIN,MED BAG,13154,MAIL,TAKE BACK RETURN,42.00,41205.36,0.09,1997-10-22,5-LOW,262523.82,Customer#000000260,MACHINERY,9196.11,ARGENTINA,AMERICA,20,SAUDI ARABIA,4,se slyly across the blithely regular deposits. deposits use carefully regular 
81,misty sandy cornsilk dodger blush,ECONOMY BRUSHED TIN,MED BAG,13154,MAIL,TAKE BACK RETURN,42.00,41205.36,0.09,1997-10-22,5-LOW,262523.82,Customer#000000260,MACHINERY,9196.11,ARGENTINA,AMERICA,21,VIETNAM,2,lly across the quickly even pinto beans. caref
81,misty sandy cornsilk dodger blush,ECONOMY BRUSHED TIN,MED BAG,13154,MAIL,TAKE BACK RETURN,42.00,41205.36,0.09,1997-10-22,5-LOW,262523.82,Customer#000000260,MACHINERY,9196.11,ARGENTINA,AMERICA,22,RUSSIA,3,uctions. furiously unusual instructions sleep furiously ironic packages. slyly 
81,misty sandy cornsilk dodger blush,ECONOMY BRUSHED TIN,MED BAG,13154,MAIL,TAKE BACK RETURN,42.00,41205.36,0.09,1997-10-22,5-LOW,262523.82,Customer#000000260,MACHINERY,9196.11,ARGENTINA,AMERICA,23,UNITED KINGDOM,3,"carefully pending courts sleep above the ironic, regular theo"
81,misty sandy cornsilk dodger blush,ECONOMY BRUSHED TIN,MED BAG,13154,MAIL,TAKE BACK RETURN,42.00,41205.36,0.09,1997-10-22,5-LOW,262523.82,Customer#000000260,MACHINERY,9196.11,ARGENTINA,AMERICA,24,UNITED STATES,1,ly ironic requests along the slyly bold ideas hang after the blithely special notornis; blithely even accounts
81,misty sandy cornsilk dodger blush,ECONOMY BRUSHED TIN,MED BAG,21606,TRUCK,TAKE BACK RETURN,29.00,28451.32,0.10,1995-01-23,4-NOT SPECIFIED,154080.01,Customer#000000343,HOUSEHOLD,5521.36,CANADA,AMERICA,0,ALGERIA,0,furiously regular requests. platelets affix furious
81,misty sandy cornsilk dodger blush,ECONOMY BRUSHED TIN,MED BAG,21606,TRUCK,TAKE BACK RETURN,29.00,28451.32,0.10,1995-01-23,4-NOT SPECIFIED,154080.01,Customer#000000343,HOUSEHOLD,5521.36,CANADA,AMERICA,1,ARGENTINA,1,"instructions wake quickly. final deposits haggle. final, silent theodolites "
81,misty sandy cornsilk dodger blush,ECONOMY BRUSHED TIN,MED BAG,21606,TRUCK,TAKE BACK RETURN,29.00,28451.32,0.10,1995-01-23,4-NOT SPECIFIED,154080.01,Customer#000000343,HOUSEHOLD,5521.36,CANADA,AMERICA,2,BRAZIL,1,asymptotes use fluffily quickly bold instructions. slyly bold dependencies sleep carefully pending accounts
81,misty sandy cornsilk dodger blush,ECONOMY BRUSHED TIN,MED BAG,21606,TRUCK,TAKE BACK RETURN,29.00,28451.32,0.10,1995-01-23,4-NOT SPECIFIED,154080.01,Customer#000000343,HOUSEHOLD,5521.36,CANADA,AMERICA,3,CANADA,1,ss deposits wake across the pending foxes. packages after the carefully bold requests integrate caref
81,misty sandy cornsilk dodger blush,ECONOMY BRUSHED TIN,MED BAG,21606,TRUCK,TAKE BACK RETURN,29.00,28451.32,0.10,1995-01-23,4-NOT SPECIFIED,154080.01,Customer#000000343,HOUSEHOLD,5521.36,CANADA,AMERICA,4,EGYPT,4,"usly ironic, pending foxes. even, special instructions nag. sly, final foxes detect slyly fluffily "
81,misty sandy cornsilk dodger blush,ECONOMY BRUSHED TIN,MED BAG,21606,TRUCK,TAKE BACK RETURN,29.00,28451.32,0.10,1995-01-23,4-NOT SPECIFIED,154080.01,Customer#000000343,HOUSEHOLD,5521.36,CANADA,AMERICA,5,ETHIOPIA,0,regular requests sleep carefull
81,misty sandy cornsilk dodger blush,ECONOMY BRUSHED TIN,MED BAG,21606,TRUCK,TAKE BACK RETURN,29.00,28451.32,0.10,1995-01-23,4-NOT SPECIFIED,154080.01,Customer#000000343,HOUSEHOLD,5521.36,CANADA,AMERICA,6,FRANCE,3,oggedly. regular packages solve across
81,misty sandy cornsilk dodger blush,ECONOMY BRUSHED TIN,MED BAG,21606,TRUCK,TAKE BACK RETURN,29.00,28451.32,0.10,1995-01-23,4-NOT SPECIFIED,154080.01,Customer#000000343,HOUSEHOLD,5521.36,CANADA,AMERICA,7,GERMANY,3,ong the regular requests: blithely silent pinto beans hagg
81,misty sandy cornsilk dodger blush,ECONOMY BRUSHED TIN,MED BAG,21606,TRUCK,TAKE BACK RETURN,29.00,28451.32,0.10,1995-01-23,4-NOT SPECIFIED,154080.01,Customer#000000343,HOUSEHOLD,5521.36,CANADA,AMERICA,8,INDIA,2,uriously unusual deposits about the slyly final pinto beans could
81,misty sandy cornsilk dodger blush,ECONOMY BRUSHED TIN,MED BAG,21606,TRUCK,TAKE BACK RETURN,29.00,28451.32,0.10,1995-01-23,4-NOT SPECIFIED,154080.01,Customer#000000343,HOUSEHOLD,5521.36,CANADA,AMERICA,9,INDONESIA,2,"d deposits sleep quickly according to the dogged, regular dolphins. special excuses haggle furiously special reque"
81,misty sandy cornsilk dodger blush,ECONOMY BRUSHED TIN,MED BAG,21606,TRUCK,TAKE BACK RETURN,29.00,28451.32,0.10,1995-01-23,4-NOT SPECIFIED,154080.01,Customer#000000343,HOUSEHOLD,5521.36,CANADA,AMERICA,10,IRAN,4,furiously idle platelets nag. express asymptotes s
81,misty sandy cornsilk dodger blush,ECONOMY BRUSHED TIN,MED BAG,21606,TRUCK,TAKE BACK RETURN,29.00,28451.32,0.10,1995-01-23,4-NOT SPECIFIED,154080.01,Customer#000000343,HOUSEHOLD,5521.36,CANADA,AMERICA,11,IRAQ,4,pendencies; slyly express foxes integrate carefully across the reg
81,misty sandy cornsilk dodger blush,ECONOMY BRUSHED TIN,MED BAG,21606,TRUCK,TAKE BACK RETURN,29.00,28451.32,0.10,1995-01-23,4-NOT SPECIFIED,154080.01,Customer#000000343,HOUSEHOLD,5521.36,CANADA,AMERICA,12,JAPAN,2, quickly final packages. furiously i
81,misty sandy cornsilk dodger blush,ECONOMY BRUSHED TIN,MED BAG,21606,TRUCK,TAKE BACK RETURN,29.00,28451.32,0.10,1995-01-23,4-NOT SPECIFIED,154080.01,Customer#000000343,HOUSEHOLD,5521.36,CANADA,AMERICA,13,JORDAN,4,the slyly regular ideas. silent Tiresias affix slyly fu
81,misty sandy cornsilk dodger blush,ECONOMY BRUSHED TIN,MED BAG,21606,TRUCK,TAKE BACK RETURN,29.00,28451.32,0.10,1995-01-23,4-NOT SPECIFIED,154080.01,Customer#000000343,HOUSEHOLD,5521.36,CANADA,AMERICA,14,KENYA,0,lyly special foxes. slyly regular deposits sleep carefully. carefully permanent accounts slee
81,misty sandy cornsilk dodger blush,ECONOMY BRUSHED TIN,MED BAG,21606,TRUCK,TAKE BACK RETURN,29.00,28451.32,0.10,1995-01-23,4-NOT SPECIFIED,154080.01,Customer#000000343,HOUSEHOLD,5521.36,CANADA,AMERICA,15,MOROCCO,0,ct blithely: blithely express accounts nag carefully. silent packages haggle carefully abo
81,misty sandy cornsilk dodger blush,ECONOMY BRUSHED TIN,MED BAG,21606,TRUCK,TAKE BACK RETURN,29.00,28451.32,0.10,1995-01-23,4-NOT SPECIFIED,154080.01,Customer#000000343,HOUSEHOLD,5521.36,CANADA,AMERICA,16,MOZAMBIQUE,0, beans after the carefully regular accounts r
81,misty sandy cornsilk dodger blush,ECONOMY BRUSHED TIN,MED BAG,21606,TRUCK,TAKE BACK RETURN,29.00,28451.32,0.10,1995-01-23,4-NOT SPECIFIED,154080.01,Customer#000000343,HOUSEHOLD,5521.36,CANADA,AMERICA,17,PERU,1,ly final foxes. blithely ironic accounts haggle. regular foxes about the regular deposits are furiously ir
81,misty sandy cornsilk dodger blush,ECONOMY BRUSHED TIN,MED BAG,21606,TRUCK,TAKE BACK RETURN,29.00,28451.32,0.10,1995-01-23,4-NOT SPECIFIED,154080.01,Customer#000000343,HOUSEHOLD,5521.36,CANADA,AMERICA,18,CHINA,2,"ckly special packages cajole slyly. unusual, unusual theodolites mold furiously. slyly sile"
81,misty sandy cornsilk dodger blush,ECONOMY BRUSHED TIN,MED BAG,21606,TRUCK,TAKE BACK RETURN,29.00,28451.32,0.10,1995-01-23,4-NOT SPECIFIED,154080.01,Customer#000000343,HOUSEHOLD,5521.36,CANADA,AMERICA,19,ROMANIA,3,"sly blithe requests. thinly bold deposits above the blithely regular accounts nag special, final requests. care"
81,misty sandy cornsilk dodger blush,ECONOMY BRUSHED TIN,MED BAG,21606,TRUCK,TAKE BACK RETURN,29.00,28451.32,0.10,1995-01-23,4-NOT SPECIFIED,154080.01,Customer#000000343,HOUSEHOLD,5521.36,CANADA,AMERICA,20,SAUDI ARABIA,4,se slyly across the blithely regular deposits. deposits use carefully regular 
81,misty sandy cornsilk dodger blush,ECONOMY BRUSHED TIN,MED BAG,21606,TRUCK,TAKE BACK RETURN,29.00,28451.32,0.10,1995-01-23,4-NOT SPECIFIED,154080.01,Customer#000000343,HOUSEHOLD,5521.36,CANADA,AMERICA,21,VIETNAM,2,lly across the quickly even pinto beans. caref
81,misty sandy cornsilk dodger blush,ECONOMY BRUSHED TIN,MED BAG,21606,TRUCK,TAKE BACK RETURN,29.00,28451.32,0.10,1995-01-23,4-NOT SPECIFIED,154080.01,Customer#000000343,HOUSEHOLD,5521.36,CANADA,AMERICA,22,RUSSIA,3,uctions. furiously unusual instructions sleep furiously ironic packages. slyly 
81,misty sandy cornsilk dodger blush,ECONOMY BRUSHED TIN,MED BAG,21606,TRUCK,TAKE BACK RETURN,29.00,28451.32,0.10,1995-01-23,4-NOT SPECIFIED,154080.01,Customer#000000343,HOUSEHOLD,5521.36,CANADA,AMERICA,23,UNITED KINGDOM,3,"carefully pending courts sleep above the ironic, regular theo"
81,misty sandy cornsilk dodger blush,ECONOMY BRUSHED TIN,MED BAG,21606,TRUCK,TAKE BACK RETURN,29.00,28451.32,0.10,1995-01-23,4-NOT SPECIFIED,154080.01,Customer#000000343,HOUSEHOLD,5521.36,CANADA,AMERICA,24,UNITED STATES,1,ly ironic requests along the slyly bold ideas hang after the blithely special notornis; blithely even accounts
81,misty sandy cornsilk dodger blush,ECONOMY BRUSHED TIN,MED BAG,27296,REG AIR,DELIVER IN PERSON,26.00,25508.08,0.00,1997-08-30,4-NOT SPECIFIED,217953.54,Customer#000000341,FURNITURE,8247.11,INDONESIA,ASIA,0,ALGERIA,0,furiously regular requests. platelets affix furious
81,misty sandy cornsilk dodger blush,ECONOMY BRUSHED TIN,MED BAG,27296,REG AIR,DELIVER IN PERSON,26.00,25508.08,0.00,1997-08-30,4-NOT SPECIFIED,217953.54,Customer#000000341,FURNITURE,8247.11,INDONESIA,ASIA,1,ARGENTINA,1,"instructions wake quickly. final deposits haggle. final, silent theodolites "
81,misty sandy cornsilk dodger blush,ECONOMY BRUSHED TIN,MED BAG,27296,REG AIR,DELIVER IN PERSON,26.00,25508.08,0.00,1997-08-30,4-NOT SPECIFIED,217953.54,Customer#000000341,FURNITURE,8247.11,INDONESIA,ASIA,2,BRAZIL,1,asymptotes use fluffily quickly bold instructions. slyly bold dependencies sleep carefully pending accounts
81,misty sandy cornsilk dodger blush,ECONOMY BRUSHED TIN,MED BAG,27296,REG AIR,DELIVER IN PERSON,26.00,25508.08,0.00,1997-08-30,4-NOT SPECIFIED,217953.54,Customer#000000341,FURNITURE,8247.11,INDONESIA,ASIA,3,CANADA,1,ss deposits wake across the pending foxes. packages after the carefully bold requests integrate caref
81,misty sandy cornsilk dodger blush,ECONOMY BRUSHED TIN,MED BAG,27296,REG AIR,DELIVER IN PERSON,26.00,25508.08,0.00,1997-08-30,4-NOT SPECIFIED,217953.54,Customer#000000341,FURNITURE,8247.11,INDONESIA,ASIA,4,EGYPT,4,"usly ironic, pending foxes. even, special instructions nag. sly, final foxes detect slyly fluffily "
81,misty sandy cornsilk dodger blush,ECONOMY BRUSHED TIN,MED BAG,27296,REG AIR,DELIVER IN PERSON,26.00,25508.08,0.00,1997-08-30,4-NOT SPECIFIED,217953.54,Customer#000000341,FURNITURE,8247.11,INDONESIA,ASIA,5,ETHIOPIA,0,regular requests sleep carefull
81,misty sandy cornsilk dodger blush,ECONOMY BRUSHED TIN,MED BAG,27296,REG AIR,DELIVER IN PERSON,26.00,25508.08,0.00,1997-08-30,4-NOT SPECIFIED,217953.54,Customer#000000341,FURNITURE,8247.11,INDONESIA,ASIA,6,FRANCE,3,oggedly. regular packages solve across
81,misty sandy cornsilk dodger blush,ECONOMY BRUSHED TIN,MED BAG,27296,REG AIR,DELIVER IN PERSON,26.00,25508.08,0.00,1997-08-30,4-NOT SPECIFIED,217953.54,Customer#000000341,FURNITURE,8247.11,INDONESIA,ASIA,7,GERMANY,3,ong the regular requests: blithely silent pinto beans hagg
81,misty sandy cornsilk dodger blush,ECONOMY BRUSHED TIN,MED BAG,27296,REG AIR,DELIVER IN PERSON,26.00,25508.08,0.00,1997-08-30,4-NOT SPECIFIED,217953.54,Customer#000000341,FURNITURE,8247.11,INDONESIA,ASIA,8,INDIA,2,uriously unusual deposits about the slyly final pinto beans could
81,misty sandy cornsilk dodger blush,ECONOMY BRUSHED TIN,MED BAG,27296,REG AIR,DELIVER IN PERSON,26.00,25508.08,0.00,1997-08-30,4-NOT SPECIFIED,217953.54,Customer#000000341,FURNITURE,8247.11,INDONESIA,ASIA,9,INDONESIA,2,"d deposits sleep quickly according to the dogged, regular dolphins. special excuses haggle furiously special reque"
81,misty sandy cornsilk dodger blush,ECONOMY BRUSHED TIN,MED BAG,27296,REG AIR,DELIVER IN PERSON,26.00,25508.08,0.00,1997-08-30,4-NOT SPECIFIED,217953.54,Customer#000000341,FURNITURE,8247.11,INDONESIA,ASIA,10,IRAN,4,furiously idle platelets nag. express asymptotes s
81,misty sandy cornsilk dodger blush,ECONOMY BRUSHED TIN,MED BAG,27296,REG AIR,DELIVER IN PERSON,26.00,25508.08,0.00,1997-08-30,4-NOT SPECIFIED,217953.54,Customer#000000341,FURNITURE,8247.11,INDONESIA,ASIA,11,IRAQ,4,pendencies; slyly express foxes integrate carefully across the reg
81,misty sandy cornsilk dodger blush,ECONOMY BRUSHED TIN,MED BAG,27296,REG AIR,DELIVER IN PERSON,26.00,25508.08,0.00,1997-08-30,4-NOT SPECIFIED,217953.54,Customer#000000341,FURNITURE,8247.11,INDONESIA,ASIA,12,JAPAN,2, quickly final packages. furiously i
81,misty sandy cornsilk dodger blush,ECONOMY BRUSHED TIN,MED BAG,27296,REG AIR,DELIVER IN PERSON,26.00,25508.08,0.00,1997-08-30,4-NOT SPECIFIED,217953.54,Customer#000000341,FURNITURE,8247.11,INDONESIA,ASIA,13,JORDAN,4,the slyly regular ideas. silent Tiresias affix slyly fu
81,misty sandy cornsilk dodger blush,ECONOMY BRUSHED TIN,MED BAG,27296,REG AIR,DELIVER IN PERSON,26.00,25508.08,0.00,1997-08-30,4-NOT SPECIFIED,217953.54,Customer#000000341,FURNITURE,8247.11,INDONESIA,ASIA,14,KENYA,0,lyly special foxes. slyly regular deposits sleep carefully. carefully permanent accounts slee
81,misty sandy cornsilk dodger blush,ECONOMY BRUSHED TIN,MED BAG,27296,REG AIR,DELIVER IN PERSON,26.00,25508.08,0.00,1997-08-30,4-NOT SPECIFIED,217953.54,Customer#000000341,FURNITURE,8247.11,INDONESIA,ASIA,15,MOROCCO,0,ct blithely: blithely express accounts nag carefully. silent packages haggle carefully abo
81,misty sandy cornsilk dodger blush,ECONOMY BRUSHED TIN,MED BAG,27296,REG AIR,DELIVER IN PERSON,26.00,25508.08,0.00,1997-08-30,4-NOT SPECIFIED,217953.54,Customer#000000341,FURNITURE,8247.11,INDONESIA,ASIA,16,MOZAMBIQUE,0, beans after the carefully regular accounts r
81,misty sandy cornsilk dodger blush,ECONOMY BRUSHED TIN,MED BAG,27296,REG AIR,DELIVER IN PERSON,26.00,25508.08,0.00,1997-08-30,4-NOT SPECIFIED,217953.54,Customer#000000341,FURNITURE,8247.11,INDONESIA,ASIA,17,PERU,1,ly final foxes. blithely ironic accounts haggle. regular foxes about the regular deposits are furiously ir
81,misty sandy cornsilk dodger blush,ECONOMY BRUSHED TIN,MED BAG,27296,REG AIR,DELIVER IN PERSON,26.00,25508.08,0.00,1997-08-30,4-NOT SPECIFIED,217953.54,Customer#000000341,FURNITURE,8247.11,INDONESIA,ASIA,18,CHINA,2,"ckly special packages cajole slyly. unusual, unusual theodolites mold furiously. slyly sile"
81,misty sandy cornsilk dodger blush,ECONOMY BRUSHED TIN,MED BAG,27296,REG AIR,DELIVER IN PERSON,26.00,25508.08,0.00,1997-08-30,4-NOT SPECIFIED,217953.54,Customer#000000341,FURNITURE,8247.11,INDONESIA,ASIA,19,ROMANIA,3,"sly blithe requests. thinly bold deposits above the blithely regular accounts nag special, final requests. care"
81,misty sandy cornsilk dodger blush,ECONOMY BRUSHED TIN,MED BAG,27296,REG AIR,DELIVER IN PERSON,26.00,25508.08,0.00,1997-08-30,4-NOT SPECIFIED,217953.54,Customer#000000341,FURNITURE,8247.11,INDONESIA,ASIA,20,SAUDI ARABIA,4,se slyly across the blithely regular deposits. deposits use carefully regular 
81,misty sandy cornsilk dodger blush,ECONOMY BRUSHED TIN,MED BAG,27296,REG AIR,DELIVER IN PERSON,26.00,25508.08,0.00,1997-08-30,4-NOT SPECIFIED,217953.54,Customer#000000341,FURNITURE,8247.11,INDONESIA,ASIA,21,VIETNAM,2,lly across the quickly even pinto beans. caref
81,misty sandy cornsilk dodger blush,ECONOMY BRUSHED TIN,MED BAG,27296,REG AIR,DELIVER IN PERSON,26.00,25508.08,0.00,1997-08-30,4-NOT SPECIFIED,217953.54,Customer#000000341,FURNITURE,8247.11,INDONESIA,ASIA,22,RUSSIA,3,uctions. furiously unusual instructions sleep furiously ironic packages. slyly 
81,misty sandy cornsilk dodger blush,ECONOMY BRUSHED TIN,MED BAG,27296,REG AIR,DELIVER IN PERSON,26.00,25508.08,0.00,1997-08-30,4-NOT SPECIFIED,217953.54,Customer#000000341,FURNITURE,8247.11,INDONESIA,ASIA,23,UNITED KINGDOM,3,"carefully pending courts sleep above the ironic, regular theo"
81,misty sandy cornsilk dodger blush,ECONOMY BRUSHED TIN,MED BAG,27296,REG AIR,DELIVER IN PERSON,26.00,25508.08,0.00,1997-08-30,4-NOT SPECIFIED,217953.54,Customer#000000341,FURNITURE,8247.11,INDONESIA,ASIA,24,UNITED STATES,1,ly ironic requests along the slyly bold ideas hang after the blithely special notornis; blithely even accounts
107,violet honeydew bisque sienna orchid,SMALL BURNISHED TIN,MED BOX,5090,TRUCK,TAKE BACK RETURN,22.00,22156.20,0.07,1997-03-09,1-URGENT,171523.81,Customer#000000442,FURNITURE,4157.00,ARGENTINA,AMERICA,0,ALGERIA,0,furiously regular requests. platelets affix furious
107,violet honeydew bisque sienna orchid,SMALL BURNISHED TIN,MED BOX,5090,TRUCK,TAKE BACK RETURN,22.00,22156.20,0.07,1997-03-09,1-URGENT,171523.81,Customer#000000442,FURNITURE,4157.00,ARGENTINA,AMERICA,1,ARGENTINA,1,"instructions wake quickly. final deposits haggle. final, silent theodolites "
107,violet honeydew bisque sienna orchid,SMALL BURNISHED TIN,MED BOX,5090,TRUCK,TAKE BACK RETURN,22.00,22156.20,0.07,1997-03-09,1-URGENT,171523.81,Customer#000000442,FURNITURE,4157.00,ARGENTINA,AMERICA,2,BRAZIL,1,asymptotes use fluffily quickly bold instructions. slyly bold dependencies sleep carefully pending accounts
107,violet honeydew bisque sienna orchid,SMALL BURNISHED TIN,MED BOX,5090,TRUCK,TAKE BACK RETURN,22.00,22156.20,0.07,1997-03-09,1-URGENT,171523.81,Customer#000000442,FURNITURE,4157.00,ARGENTINA,AMERICA,3,CANADA,1,ss deposits wake across the pending foxes. packages after the carefully bold requests integrate caref
107,violet honeydew bisque sienna orchid,SMALL BURNISHED TIN,MED BOX,5090,TRUCK,TAKE BACK RETURN,22.00,22156.20,0.07,1997-03-09,1-URGENT,171523.81,Customer#000000442,FURNITURE,4157.00,ARGENTINA,AMERICA,4,EGYPT,4,"usly ironic, pending foxes. even, special instructions nag. sly, final foxes detect slyly fluffily "
107,violet honeydew bisque sienna orchid,SMALL BURNISHED TIN,MED BOX,5090,TRUCK,TAKE BACK RETURN,22.00,22156.20,0.07,1997-03-09,1-URGENT,171523.81,Customer#000000442,FURNITURE,4157.00,ARGENTINA,AMERICA,5,ETHIOPIA,0,regular requests sleep carefull
107,violet honeydew bisque sienna orchid,SMALL BURNISHED TIN,MED BOX,5090,TRUCK,TAKE BACK RETURN,22.00,22156.20,0.07,1997-03-09,1-URGENT,171523.81,Customer#000000442,FURNITURE,4157.00,ARGENTINA,AMERICA,6,FRANCE,3,oggedly. regular packages solve across
107,violet honeydew bisque sienna orchid,SMALL BURNISHED TIN,MED BOX,5090,TRUCK,TAKE BACK RETURN,22.00,22156.20,0.07,1997-03-09,1-URGENT,171523.81,Customer#000000442,FURNITURE,4157.00,ARGENTINA,AMERICA,7,GERMANY,3,ong the regular requests: blithely silent pinto beans hagg
107,violet honeydew bisque sienna orchid,SMALL BURNISHED TIN,MED BOX,5090,TRUCK,TAKE BACK RETURN,22.00,22156.20,0.07,1997-03-09,1-URGENT,171523.81,Customer#000000442,FURNITURE,4157.00,ARGENTINA,AMERICA,8,INDIA,2,uriously unusual deposits about the slyly final pinto beans could
107,violet honeydew bisque sienna orchid,SMALL BURNISHED TIN,MED BOX,5090,TRUCK,TAKE BACK RETURN,22.00,22156.20,0.07,1997-03-09,1-URGENT,171523.81,Customer#000000442,FURNITURE,4157.00,ARGENTINA,AMERICA,9,INDONESIA,2,"d deposits sleep quickly according to the dogged, regular dolphins. special excuses haggle furiously special reque"
107,violet honeydew bisque sienna orchid,SMALL BURNISHED TIN,MED BOX,5090,TRUCK,TAKE BACK RETURN,22.00,22156.20,0.07,1997-03-09,1-URGENT,171523.81,Customer#000000442,FURNITURE,4157.00,ARGENTINA,AMERICA,10,IRAN,4,furiously idle platelets nag. express asymptotes s
107,violet honeydew bisque sienna orchid,SMALL BURNISHED TIN,MED BOX,5090,TRUCK,TAKE BACK RETURN,22.00,22156.20,0.07,1997-03-09,1-URGENT,171523.81,Customer#000000442,FURNITURE,4157.00,ARGENTINA,AMERICA,11,IRAQ,4,pendencies; slyly express foxes integrate carefully across the reg
107,violet honeydew bisque sienna orchid,SMALL BURNISHED TIN,MED BOX,5090,TRUCK,TAKE BACK RETURN,22.00,22156.20,0.07,1997-03-09,1-URGENT,171523.81,Customer#000000442,FURNITURE,4157.00,ARGENTINA,AMERICA,12,JAPAN,2, quickly final packages. furiously i
107,violet honeydew bisque sienna orchid,SMALL BURNISHED TIN,MED BOX,5090,TRUCK,TAKE BACK RETURN,22.00,22156.20,0.07,1997-03-09,1-URGENT,171523.81,Customer#000000442,FURNITURE,4157.00,ARGENTINA,AMERICA,13,JORDAN,4,the slyly regular ideas. silent Tiresias affix slyly fu
107,violet honeydew bisque sienna orchid,SMALL BURNISHED TIN,MED BOX,5090,TRUCK,TAKE BACK RETURN,22.00,22156.20,0.07,1997-03-09,1-URGENT,171523.81,Customer#000000442,FURNITURE,4157.00,ARGENTINA,AMERICA,14,KENYA,0,lyly special foxes. slyly regular deposits sleep carefully. carefully permanent accounts slee
107,violet honeydew bisque sienna orchid,SMALL BURNISHED TIN,MED BOX,5090,TRUCK,TAKE BACK RETURN,22.00,22156.20,0.07,1997-03-09,1-URGENT,171523.81,Customer#000000442,FURNITURE,4157.00,ARGENTINA,AMERICA,15,MOROCCO,0,ct blithely: blithely express accounts nag carefully. silent packages haggle carefully abo
107,violet honeydew bisque sienna orchid,SMALL BURNISHED TIN,MED BOX,5090,TRUCK,TAKE BACK RETURN,22.00,22156.20,0.07,1997-03-09,1-URGENT,171523.81,Customer#000000442,FURNITURE,4157.00,ARGENTINA,AMERICA,16,MOZAMBIQUE,0, beans after the carefully regular accounts r
107,violet honeydew bisque sienna orchid,SMALL BURNISHED TIN,MED BOX,5090,TRUCK,TAKE BACK RETURN,22.00,22156.20,0.07,1997-03-09,1-URGENT,171523.81,Customer#000000442,FURNITURE,4157.00,ARGENTINA,AMERICA,17,PERU,1,ly final foxes. blithely ironic accounts haggle. regular foxes about the regular deposits are furiously ir
107,violet honeydew bisque sienna orchid,SMALL BURNISHED TIN,MED BOX,5090,TRUCK,TAKE BACK RETURN,22.00,22156.20,0.07,1997-03-09,1-URGENT,171523.81,Customer#000000442,FURNITURE,4157.00,ARGENTINA,AMERICA,18,CHINA,2,"ckly special packages cajole slyly. unusual, unusual theodolites mold furiously. slyly sile"
107,violet honeydew bisque sienna orchid,SMALL BURNISHED TIN,MED BOX,5090,TRUCK,TAKE BACK RETURN,22.00,22156.20,0.07,1997-03-09,1-URGENT,171523.81,Customer#000000442,FURNITURE,4157.00,ARGENTINA,AMERICA,19,ROMANIA,3,"sly blithe requests. thinly bold deposits above the blithely regular accounts nag special, final requests. care"
107,violet honeydew bisque sienna orchid,SMALL BURNISHED TIN,MED BOX,5090,TRUCK,TAKE BACK RETURN,22.00,22156.20,0.07,1997-03-09,1-URGENT,171523.81,Customer#000000442,FURNITURE,4157.00,ARGENTINA,AMERICA,20,SAUDI ARABIA,4,se slyly across the blithely regular deposits. deposits use carefully regular 
107,violet honeydew bisque sienna orchid,SMALL BURNISHED TIN,MED BOX,5090,TRUCK,TAKE BACK RETURN,22.00,22156.20,0.07,1997-03-09,1-URGENT,171523.81,Customer#000000442,FURNITURE,4157.00,ARGENTINA,AMERICA,21,VIETNAM,2,lly across the quickly even pinto beans. caref
107,violet honeydew bisque sienna orchid,SMALL BURNISHED TIN,MED BOX,5090,TRUCK,TAKE BACK RETURN,22.00,22156.20,0.07,1997-03-09,1-URGENT,171523.81,Customer#000000442,FURNITURE,4157.00,ARGENTINA,AMERICA,22,RUSSIA,3,uctions. furiously unusual instructions sleep furiously ironic packages. slyly 
107,violet honeydew bisque sienna orchid,SMALL BURNISHED TIN,MED BOX,5090,TRUCK,TAKE BACK RETURN,22.00,22156.20,0.07,1997-03-09,1-URGENT,171523.81,Customer#000000442,FURNITURE,4157.00,ARGENTINA,AMERICA,23,UNITED KINGDOM,3,"carefully pending courts sleep above the ironic, regular theo"
107,violet honeydew bisque sienna orchid,SMALL BURNISHED TIN,MED BOX,5090,TRUCK,TAKE BACK RETURN,22.00,22156.20,0.07,1997-03-09,1-URGENT,171523.81,Customer#000000442,FURNITURE,4157.00,ARGENTINA,AMERICA,24,UNITED STATES,1,ly ironic requests along the slyly bold ideas hang after the blithely special notornis; blithely even accounts
107,violet honeydew bisque sienna orchid,SMALL BURNISHED TIN,MED BOX,8451,AIR,TAKE BACK RETURN,19.00,19134.90,0.04,1995-12-14,3-MEDIUM,53487.23,Customer#000000163,FURNITURE,2948.61,VIETNAM,ASIA,0,ALGERIA,0,furiously regular requests. platelets affix furious
107,violet honeydew bisque sienna orchid,SMALL BURNISHED TIN,MED BOX,8451,AIR,TAKE BACK RETURN,19.00,19134.90,0.04,1995-12-14,3-MEDIUM,53487.23,Customer#000000163,FURNITURE,2948.61,VIETNAM,ASIA,1,ARGENTINA,1,"instructions wake quickly. final deposits haggle. final, silent theodolites "
107,violet honeydew bisque sienna orchid,SMALL BURNISHED TIN,MED BOX,8451,AIR,TAKE BACK RETURN,19.00,19134.90,0.04,1995-12-14,3-MEDIUM,53487.23,Customer#000000163,FURNITURE,2948.61,VIETNAM,ASIA,2,BRAZIL,1,asymptotes use fluffily quickly bold instructions. slyly bold dependencies sleep carefully pending accounts
107,violet honeydew bisque sienna orchid,SMALL BURNISHED TIN,MED BOX,8451,AIR,TAKE BACK RETURN,19.00,19134.90,0.04,1995-12-14,3-MEDIUM,53487.23,Customer#000000163,FURNITURE,2948.61,VIETNAM,ASIA,3,CANADA,1,ss deposits wake across the pending foxes. packages after the carefully bold requests integrate caref
107,violet honeydew bisque sienna orchid,SMALL BURNISHED TIN,MED BOX,8451,AIR,TAKE BACK RETURN,19.00,19134.90,0.04,1995-12-14,3-MEDIUM,53487.23,Customer#000000163,FURNITURE,2948.61,VIETNAM,ASIA,4,EGYPT,4,"usly ironic, pending foxes. even, special instructions nag. sly, final foxes detect slyly fluffily "
107,violet honeydew bisque sienna orchid,SMALL BURNISHED TIN,MED BOX,8451,AIR,TAKE BACK RETURN,19.00,19134.90,0.04,1995-12-14,3-MEDIUM,53487.23,Customer#000000163,FURNITURE,2948.61,VIETNAM,ASIA,5,ETHIOPIA,0,regular requests sleep carefull
107,violet honeydew bisque sienna orchid,SMALL BURNISHED TIN,MED BOX,8451,AIR,TAKE BACK RETURN,19.00,19134.90,0.04,1995-12-14,3-MEDIUM,53487.23,Customer#000000163,FURNITURE,2948.61,VIETNAM,ASIA,6,FRANCE,3,oggedly. regular packages solve across
107,violet honeydew bisque sienna orchid,SMALL BURNISHED TIN,MED BOX,8451,AIR,TAKE BACK RETURN,19.00,19134.90,0.04,1995-12-14,3-MEDIUM,53487.23,Customer#000000163,FURNITURE,2948.61,VIETNAM,ASIA,7,GERMANY,3,ong the regular requests: blithely silent pinto beans hagg
107,violet honeydew bisque sienna orchid,SMALL BURNISHED TIN,MED BOX,8451,AIR,TAKE BACK RETURN,19.00,19134.90,0.04,1995-12-14,3-MEDIUM,53487.23,Customer#000000163,FURNITURE,2948.61,VIETNAM,ASIA,8,INDIA,2,uriously unusual deposits about the slyly final pinto beans could
107,violet honeydew bisque sienna orchid,SMALL BURNISHED TIN,MED BOX,8451,AIR,TAKE BACK RETURN,19.00,19134.90,0.04,1995-12-14,3-MEDIUM,53487.23,Customer#000000163,FURNITURE,2948.61,VIETNAM,ASIA,9,INDONESIA,2,"d deposits sleep quickly according to the dogged, regular dolphins. special excuses haggle furiously special reque"
107,violet honeydew bisque sienna orchid,SMALL BURNISHED TIN,MED BOX,8451,AIR,TAKE BACK RETURN,19.00,19134.90,0.04,1995-12-14,3-MEDIUM,53487.23,Customer#000000163,FURNITURE,2948.61,VIETNAM,ASIA,10,IRAN,4,furiously idle platelets nag. express asymptotes s
107,violet honeydew bisque sienna orchid,SMALL BURNISHED TIN,MED BOX,8451,AIR,TAKE BACK RETURN,19.00,19134.90,0.04,1995-12-14,3-MEDIUM,53487.23,Customer#000000163,FURNITURE,2948.61,VIETNAM,ASIA,11,IRAQ,4,pendencies; slyly express foxes integrate carefully across the reg
107,violet honeydew bisque sienna orchid,SMALL BURNISHED TIN,MED BOX,8451,AIR,TAKE BACK RETURN,19.00,19134.90,0.04,1995-12-14,3-MEDIUM,53487.23,Customer#000000163,FURNITURE,2948.61,VIETNAM,ASIA,12,JAPAN,2, quickly final packages. furiously i
107,violet honeydew bisque sienna orchid,SMALL BURNISHED TIN,MED BOX,8451,AIR,TAKE BACK RETURN,19.00,19134.90,0.04,1995-12-14,3-MEDIUM,53487.23,Customer#000000163,FURNITURE,2948.61,VIETNAM,ASIA,13,JORDAN,4,the slyly regular ideas. silent Tiresias affix slyly fu
107,violet honeydew bisque sienna orchid,SMALL BURNISHED TIN,MED BOX,8451,AIR,TAKE BACK RETURN,19.00,19134.90,0.04,1995-12-14,3-MEDIUM,53487.23,Customer#000000163,FURNITURE,2948.61,VIETNAM,ASIA,14,KENYA,0,lyly special foxes. slyly regular deposits sleep carefully. carefully permanent accounts slee
107,violet honeydew bisque sienna orchid,SMALL BURNISHED TIN,MED BOX,8451,AIR,TAKE BACK RETURN,19.00,19134.90,0.04,1995-12-14,3-MEDIUM,53487.23,Customer#000000163,FURNITURE,2948.61,VIETNAM,ASIA,15,MOROCCO,0,ct blithely: blithely express accounts nag carefully. silent packages haggle carefully abo
107,violet honeydew bisque sienna orchid,SMALL BURNISHED TIN,MED BOX,8451,AIR,TAKE BACK RETURN,19.00,19134.90,0.04,1995-12-14,3-MEDIUM,53487.23,Customer#000000163,FURNITURE,2948.61,VIETNAM,ASIA,16,MOZAMBIQUE,0, beans after the carefully regular accounts r
107,violet honeydew bisque sienna orchid,SMALL BURNISHED TIN,MED BOX,8451,AIR,TAKE BACK RETURN,19.00,19134.90,0.04,1995-12-14,3-MEDIUM,53487.23,Customer#000000163,FURNITURE,2948.61,VIETNAM,ASIA,17,PERU,1,ly final foxes. blithely ironic accounts haggle. regular foxes about the regular deposits are furiously ir
107,violet honeydew bisque sienna orchid,SMALL BURNISHED TIN,MED BOX,8451,AIR,TAKE BACK RETURN,19.00,19134.90,0.04,1995-12-14,3-MEDIUM,53487.23,Customer#000000163,FURNITURE,2948.61,VIETNAM,ASIA,18,CHINA,2,"ckly special packages cajole slyly. unusual, unusual theodolites mold furiously. slyly sile"
107,violet honeydew bisque sienna orchid,SMALL BURNISHED TIN,MED BOX,8451,AIR,TAKE BACK RETURN,19.00,19134.90,0.04,1995-12-14,3-MEDIUM,53487.23,Customer#000000163,FURNITURE,2948.61,VIETNAM,ASIA,19,ROMANIA,3,"sly blithe requests. thinly bold deposits above the blithely regular accounts nag special, final requests. care"
107,violet honeydew bisque sienna orchid,SMALL BURNISHED TIN,MED BOX,8451,AIR,TAKE BACK RETURN,19.00,19134.90,0.04,1995-12-14,3-MEDIUM,53487.23,Customer#000000163,FURNITURE,2948.61,VIETNAM,ASIA,20,SAUDI ARABIA,4,se slyly across the blithely regular deposits. deposits use carefully regular 
107,violet honeydew bisque sienna orchid,SMALL BURNISHED TIN,MED BOX,8451,AIR,TAKE BACK RETURN,19.00,19134.90,0.04,1995-12-14,3-MEDIUM,53487.23,Customer#000000163,FURNITURE,2948.61,VIETNAM,ASIA,21,VIETNAM,2,lly across the quickly even pinto beans. caref
107,violet honeydew bisque sienna orchid,SMALL BURNISHED TIN,MED BOX,8451,AIR,TAKE BACK RETURN,19.00,19134.90,0.04,1995-12-14,3-MEDIUM,53487.23,Customer#000000163,FURNITURE,2948.61,VIETNAM,ASIA,22,RUSSIA,3,uctions. furiously unusual instructions sleep furiously ironic packages. slyly 
107,violet honeydew bisque sienna orchid,SMALL BURNISHED TIN,MED BOX,8451,AIR,TAKE BACK RETURN,19.00,19134.90,0.04,1995-12-14,3-MEDIUM,53487.23,Customer#000000163,FURNITURE,2948.61,VIETNAM,ASIA,23,UNITED KINGDOM,3,"carefully pending courts sleep above the ironic, regular theo"
107,violet honeydew bisque sienna orchid,SMALL BURNISHED TIN,MED BOX,8451,AIR,TAKE BACK RETURN,19.00,19134.90,0.04,1995-12-14,3-MEDIUM,53487.23,Customer#000000163,FURNITURE,2948.61,VIETNAM,ASIA,24,UNITED STATES,1,ly ironic requests along the slyly bold ideas hang after the blithely special notornis; blithely even accounts
107,violet honeydew bisque sienna orchid,SMALL BURNISHED TIN,MED BOX,10145,REG AIR,DELIVER IN PERSON,37.00,37262.70,0.10,1995-05-25,5-LOW,314527.26,Customer#000000323,AUTOMOBILE,1137.67,CHINA,ASIA,0,ALGERIA,0,furiously regular requests. platelets affix furious
107,violet honeydew bisque sienna orchid,SMALL BURNISHED TIN,MED BOX,10145,REG AIR,DELIVER IN PERSON,37.00,37262.70,0.10,1995-05-25,5-LOW,314527.26,Customer#000000323,AUTOMOBILE,1137.67,CHINA,ASIA,1,ARGENTINA,1,"instructions wake quickly. final deposits haggle. final, silent theodolites "
107,violet honeydew bisque sienna orchid,SMALL BURNISHED TIN,MED BOX,10145,REG AIR,DELIVER IN PERSON,37.00,37262.70,0.10,1995-05-25,5-LOW,314527.26,Customer#000000323,AUTOMOBILE,1137.67,CHINA,ASIA,2,BRAZIL,1,asymptotes use fluffily quickly bold instructions. slyly bold dependencies sleep carefully pending accounts
107,violet honeydew bisque sienna orchid,SMALL BURNISHED TIN,MED BOX,10145,REG AIR,DELIVER IN PERSON,37.00,37262.70,0.10,1995-05-25,5-LOW,314527.26,Customer#000000323,AUTOMOBILE,1137.67,CHINA,ASIA,3,CANADA,1,ss deposits wake across the pending foxes. packages after the carefully bold requests integrate caref
107,violet honeydew bisque sienna orchid,SMALL BURNISHED TIN,MED BOX,10145,REG AIR,DELIVER IN PERSON,37.00,37262.70,0.10,1995-05-25,5-LOW,314527.26,Customer#000000323,AUTOMOBILE,1137.67,CHINA,ASIA,4,EGYPT,4,"usly ironic, pending foxes. even, special instructions nag. sly, final foxes detect slyly fluffily "
107,violet honeydew bisque sienna orchid,SMALL BURNISHED TIN,MED BOX,10145,REG AIR,DELIVER IN PERSON,37.00,37262.70,0.10,1995-05-25,5-LOW,314527.26,Customer#000000323,AUTOMOBILE,1137.67,CHINA,ASIA,5,ETHIOPIA,0,regular requests sleep carefull
107,violet honeydew bisque sienna orchid,SMALL BURNISHED TIN,MED BOX,10145,REG AIR,DELIVER IN PERSON,37.00,37262.70,0.10,1995-05-25,5-LOW,314527.26,Customer#000000323,AUTOMOBILE,1137.67,CHINA,ASIA,6,FRANCE,3,oggedly. regular packages solve across
107,violet honeydew bisque sienna orchid,SMALL BURNISHED TIN,MED BOX,10145,REG AIR,DELIVER IN PERSON,37.00,37262.70,0.10,1995-05-25,5-LOW,314527.26,Customer#000000323,AUTOMOBILE,1137.67,CHINA,ASIA,7,GERMANY,3,ong the regular requests: blithely silent pinto beans hagg
107,violet honeydew bisque sienna orchid,SMALL BURNISHED TIN,MED BOX,10145,REG AIR,DELIVER IN PERSON,37.00,37262.70,0.10,1995-05-25,5-LOW,314527.26,Customer#000000323,AUTOMOBILE,1137.67,CHINA,ASIA,8,INDIA,2,uriously unusual deposits about the slyly final pinto beans could
107,violet honeydew bisque sienna orchid,SMALL BURNISHED TIN,MED BOX,10145,REG AIR,DELIVER IN PERSON,37.00,37262.70,0.10,1995-05-25,5-LOW,314527.26,Customer#000000323,AUTOMOBILE,1137.67,CHINA,ASIA,9,INDONESIA,2,"d deposits sleep quickly according to the dogged, regular dolphins. special excuses haggle furiously special reque"
107,violet honeydew bisque sienna orchid,SMALL BURNISHED TIN,MED BOX,10145,REG AIR,DELIVER IN PERSON,37.00,37262.70,0.10,1995-05-25,5-LOW,314527.26,Customer#000000323,AUTOMOBILE,1137.67,CHINA,ASIA,10,IRAN,4,furiously idle platelets nag. express asymptotes s
107,violet honeydew bisque sienna orchid,SMALL BURNISHED TIN,MED BOX,10145,REG AIR,DELIVER IN PERSON,37.00,37262.70,0.10,1995-05-25,5-LOW,314527.26,Customer#000000323,AUTOMOBILE,1137.67,CHINA,ASIA,11,IRAQ,4,pendencies; slyly express foxes integrate carefully across the reg
107,violet honeydew bisque sienna orchid,SMALL BURNISHED TIN,MED BOX,10145,REG AIR,DELIVER IN PERSON,37.00,37262.70,0.10,1995-05-25,5-LOW,314527.26,Customer#000000323,AUTOMOBILE,1137.67,CHINA,ASIA,12,JAPAN,2, quickly final packages. furiously i
107,violet honeydew bisque sienna orchid,SMALL BURNISHED TIN,MED BOX,10145,REG AIR,DELIVER IN PERSON,37.00,37262.70,0.10,1995-05-25,5-LOW,314527.26,Customer#000000323,AUTOMOBILE,1137.67,CHINA,ASIA,13,JORDAN,4,the slyly regular ideas. silent Tiresias affix slyly fu
107,violet honeydew bisque sienna orchid,SMALL BURNISHED TIN,MED BOX,10145,REG AIR,DELIVER IN PERSON,37.00,37262.70,0.10,1995-05-25,5-LOW,314527.26,Customer#000000323,AUTOMOBILE,1137.67,CHINA,ASIA,14,KENYA,0,lyly special foxes. slyly regular deposits sleep carefully. carefully permanent accounts slee
107,violet honeydew bisque sienna orchid,SMALL BURNISHED TIN,MED BOX,10145,REG AIR,DELIVER IN PERSON,37.00,37262.70,0.10,1995-05-25,5-LOW,314527.26,Customer#000000323,AUTOMOBILE,1137.67,CHINA,ASIA,15,MOROCCO,0,ct blithely: blithely express accounts nag carefully. silent packages haggle carefully abo
107,violet honeydew bisque sienna orchid,SMALL BURNISHED TIN,MED BOX,10145,REG AIR,DELIVER IN PERSON,37.00,37262.70,0.10,1995-05-25,5-LOW,314527.26,Customer#000000323,AUTOMOBILE,1137.67,CHINA,ASIA,16,MOZAMBIQUE,0, beans after the carefully regular accounts r
107,violet honeydew bisque sienna orchid,SMALL BURNISHED TIN,MED BOX,10145,REG AIR,DELIVER IN PERSON,37.00,37262.70,0.10,1995-05-25,5-LOW,314527.26,Customer#000000323,AUTOMOBILE,1137.67,CHINA,ASIA,17,PERU,1,ly final foxes. blithely ironic accounts haggle. regular foxes about the regular deposits are furiously ir
107,violet honeydew bisque sienna orchid,SMALL BURNISHED TIN,MED BOX,10145,REG AIR,DELIVER IN PERSON,37.00,37262.70,0.10,1995-05-25,5-LOW,314527.26,Customer#000000323,AUTOMOBILE,1137.67,CHINA,ASIA,18,CHINA,2,"ckly special packages cajole slyly. unusual, unusual theodolites mold furiously. slyly sile"
107,violet honeydew bisque sienna orchid,SMALL BURNISHED TIN,MED BOX,10145,REG AIR,DELIVER IN PERSON,37.00,37262.70,0.10,1995-05-25,5-LOW,314527.26,Customer#000000323,AUTOMOBILE,1137.67,CHINA,ASIA,19,ROMANIA,3,"sly blithe requests. thinly bold deposits above the blithely regular accounts nag special, final requests. care"
107,violet honeydew bisque sienna orchid,SMALL BURNISHED TIN,MED BOX,10145,REG AIR,DELIVER IN PERSON,37.00,37262.70,0.10,1995-05-25,5-LOW,314527.26,Customer#000000323,AUTOMOBILE,1137.67,CHINA,ASIA,20,SAUDI ARABIA,4,se slyly across the blithely regular deposits. deposits use carefully regular 
107,violet honeydew bisque sienna orchid,SMALL BURNISHED TIN,MED BOX,10145,REG AIR,DELIVER IN PERSON,37.00,37262.70,0.10,1995-05-25,5-LOW,314527.26,Customer#000000323,AUTOMOBILE,1137.67,CHINA,ASIA,21,VIETNAM,2,lly across the quickly even pinto beans. caref
107,violet honeydew bisque sienna orchid,SMALL BURNISHED TIN,MED BOX,10145,REG AIR,DELIVER IN PERSON,37.00,37262.70,0.10,1995-05-25,5-LOW,314527.26,Customer#000000323,AUTOMOBILE,1137.67,CHINA,ASIA,22,RUSSIA,3,uctions. furiously unusual instructions sleep furiously ironic packages. slyly 
107,violet honeydew bisque sienna orchid,SMALL BURNISHED TIN,MED BOX,10145,REG AIR,DELIVER IN PERSON,37.00,37262.70,0.10,1995-05-25,5-LOW,314527.26,Customer#000000323,AUTOMOBILE,1137.67,CHINA,ASIA,23,UNITED KINGDOM,3,"carefully pending courts sleep above the ironic, regular theo"
107,violet honeydew bisque sienna orchid,SMALL BURNISHED TIN,MED BOX,10145,REG AIR,DELIVER IN PERSON,37.00,37262.70,0.10,1995-05-25,5-LOW,314527.26,Customer#000000323,AUTOMOBILE,1137.67,CHINA,ASIA,24,UNITED STATES,1,ly ironic requests along the slyly bold ideas hang after the blithely special notornis; blithely even accounts
130,gainsboro powder cyan pale rosy,SMALL PLATED NICKEL,LG BOX,577,AIR,TAKE BACK RETURN,25.00,25753.25,0.06,1994-12-19,5-LOW,40599.44,Customer#000000277,BUILDING,8876.10,UNITED KINGDOM,EUROPE,0,ALGERIA,0,furiously regular requests. platelets affix furious
130,gainsboro powder cyan pale rosy,SMALL PLATED NICKEL,LG BOX,577,AIR,TAKE BACK RETURN,25.00,25753.25,0.06,1994-12-19,5-LOW,40599.44,Customer#000000277,BUILDING,8876.10,UNITED KINGDOM,EUROPE,1,ARGENTINA,1,"instructions wake quickly. final deposits haggle. final, silent theodolites "
130,gainsboro powder cyan pale rosy,SMALL PLATED NICKEL,LG BOX,577,AIR,TAKE BACK RETURN,25.00,25753.25,0.06,1994-12-19,5-LOW,40599.44,Customer#000000277,BUILDING,8876.10,UNITED KINGDOM,EUROPE,2,BRAZIL,1,asymptotes use fluffily quickly bold instructions. slyly bold dependencies sleep carefully pending accounts
130,gainsboro powder cyan pale rosy,SMALL PLATED NICKEL,LG BOX,577,AIR,TAKE BACK RETURN,25.00,25753.25,0.06,1994-12-19,5-LOW,40599.44,Customer#000000277,BUILDING,8876.10,UNITED KINGDOM,EUROPE,3,CANADA,1,ss deposits wake across the pending foxes. packages after the carefully bold requests integrate caref
130,gainsboro powder cyan pale rosy,SMALL PLATED NICKEL,LG BOX,577,AIR,TAKE BACK RETURN,25.00,25753.25,0.06,1994-12-19,5-LOW,40599.44,Customer#000000277,BUILDING,8876.10,UNITED KINGDOM,EUROPE,4,EGYPT,4,"usly ironic, pending foxes. even, special instructions nag. sly, final foxes detect slyly fluffily "
130,gainsboro powder cyan pale rosy,SMALL PLATED NICKEL,LG BOX,577,AIR,TAKE BACK RETURN,25.00,25753.25,0.06,1994-12-19,5-LOW,40599.44,Customer#000000277,BUILDING,8876.10,UNITED KINGDOM,EUROPE,5,ETHIOPIA,0,regular requests sleep carefull
130,gainsboro powder cyan pale rosy,SMALL PLATED NICKEL,LG BOX,577,AIR,TAKE BACK RETURN,25.00,25753.25,0.06,1994-12-19,5-LOW,40599.44,Customer#000000277,BUILDING,8876.10,UNITED KINGDOM,EUROPE,6,FRANCE,3,oggedly. regular packages solve across
130,gainsboro powder cyan pale rosy,SMALL PLATED NICKEL,LG BOX,577,AIR,TAKE BACK RETURN,25.00,25753.25,0.06,1994-12-19,5-LOW,40599.44,Customer#000000277,BUILDING,8876.10,UNITED KINGDOM,EUROPE,7,GERMANY,3,ong the regular requests: blithely silent pinto beans hagg
130,gainsboro powder cyan pale rosy,SMALL PLATED NICKEL,LG BOX,577,AIR,TAKE BACK RETURN,25.00,25753.25,0.06,1994-12-19,5-LOW,40599.44,Customer#000000277,BUILDING,8876.10,UNITED KINGDOM,EUROPE,8,INDIA,2,uriously unusual deposits about the slyly final pinto beans could
130,gainsboro powder cyan pale rosy,SMALL PLATED NICKEL,LG BOX,577,AIR,TAKE BACK RETURN,25.00,25753.25,0.06,1994-12-19,5-LOW,40599.44,Customer#000000277,BUILDING,8876.10,UNITED KINGDOM,EUROPE,9,INDONESIA,2,"d deposits sleep quickly according to the dogged, regular dolphins. special excuses haggle furiously special reque"
130,gainsboro powder cyan pale rosy,SMALL PLATED NICKEL,LG BOX,577,AIR,TAKE BACK RETURN,25.00,25753.25,0.06,1994-12-19,5-LOW,40599.44,Customer#000000277,BUILDING,8876.10,UNITED KINGDOM,EUROPE,10,IRAN,4,furiously idle platelets nag. express asymptotes s
130,gainsboro powder cyan pale rosy,SMALL PLATED NICKEL,LG BOX,577,AIR,TAKE BACK RETURN,25.00,25753.25,0.06,1994-12-19,5-LOW,40599.44,Customer#000000277,BUILDING,8876.10,UNITED KINGDOM,EUROPE,11,IRAQ,4,pendencies; slyly express foxes integrate carefully across the reg
130,gainsboro powder cyan pale rosy,SMALL PLATED NICKEL,LG BOX,577,AIR,TAKE BACK RETURN,25.00,25753.25,0.06,1994-12-19,5-LOW,40599.44,Customer#000000277,BUILDING,8876.10,UNITED KINGDOM,EUROPE,12,JAPAN,2, quickly final packages. furiously i
130,gainsboro powder cyan pale rosy,SMALL PLATED NICKEL,LG BOX,577,AIR,TAKE BACK RETURN,25.00,25753.25,0.06,1994-12-19,5-LOW,40599.44,Customer#000000277,BUILDING,8876.10,UNITED KINGDOM,EUROPE,13,JORDAN,4,the slyly regular ideas. silent Tiresias affix slyly fu
130,gainsboro powder cyan pale rosy,SMALL PLATED NICKEL,LG BOX,577,AIR,TAKE BACK RETURN,25.00,25753.25,0.06,1994-12-19,5-LOW,40599.44,Customer#000000277,BUILDING,8876.10,UNITED KINGDOM,EUROPE,14,KENYA,0,lyly special foxes. slyly regular deposits sleep carefully. carefully permanent accounts slee
130,gainsboro powder cyan pale rosy,SMALL PLATED NICKEL,LG BOX,577,AIR,TAKE BACK RETURN,25.00,25753.25,0.06,1994-12-19,5-LOW,40599.44,Customer#000000277,BUILDING,8876.10,UNITED KINGDOM,EUROPE,15,MOROCCO,0,ct blithely: blithely express accounts nag carefully. silent packages haggle carefully abo
130,gainsboro powder cyan pale rosy,SMALL PLATED NICKEL,LG BOX,577,AIR,TAKE BACK RETURN,25.00,25753.25,0.06,1994-12-19,5-LOW,40599.44,Customer#000000277,BUILDING,8876.10,UNITED KINGDOM,EUROPE,16,MOZAMBIQUE,0, beans after the carefully regular accounts r
130,gainsboro powder cyan pale rosy,SMALL PLATED NICKEL,LG BOX,577,AIR,TAKE BACK RETURN,25.00,25753.25,0.06,1994-12-19,5-LOW,40599.44,Customer#000000277,BUILDING,8876.10,UNITED KINGDOM,EUROPE,17,PERU,1,ly final foxes. blithely ironic accounts haggle. regular foxes about the regular deposits are furiously ir
130,gainsboro powder cyan pale rosy,SMALL PLATED NICKEL,LG BOX,577,AIR,TAKE BACK RETURN,25.00,25753.25,0.06,1994-12-19,5-LOW,40599.44,Customer#000000277,BUILDING,8876.10,UNITED KINGDOM,EUROPE,18,CHINA,2,"ckly special packages cajole slyly. unusual, unusual theodolites mold furiously. slyly sile"
130,gainsboro powder cyan pale rosy,SMALL PLATED NICKEL,LG BOX,577,AIR,TAKE BACK RETURN,25.00,25753.25,0.06,1994-12-19,5-LOW,40599.44,Customer#000000277,BUILDING,8876.10,UNITED KINGDOM,EUROPE,19,ROMANIA,3,"sly blithe requests. thinly bold deposits above the blithely regular accounts nag special, final requests. care"
130,gainsboro powder cyan pale rosy,SMALL PLATED NICKEL,LG BOX,577,AIR,TAKE BACK RETURN,25.00,25753.25,0.06,1994-12-19,5-LOW,40599.44,Customer#000000277,BUILDING,8876.10,UNITED KINGDOM,EUROPE,20,SAUDI ARABIA,4,se slyly across the blithely regular deposits. deposits use carefully regular 
130,gainsboro powder cyan pale rosy,SMALL PLATED NICKEL,LG BOX,577,AIR,TAKE BACK RETURN,25.00,25753.25,0.06,1994-12-19,5-LOW,40599.44,Customer#000000277,BUILDING,8876.10,UNITED KINGDOM,EUROPE,21,VIETNAM,2,lly across the quickly even pinto beans. caref
130,gainsboro powder cyan pale rosy,SMALL PLATED NICKEL,LG BOX,577,AIR,TAKE BACK RETURN,25.00,25753.25,0.06,1994-12-19,5-LOW,40599.44,Customer#000000277,BUILDING,8876.10,UNITED KINGDOM,EUROPE,22,RUSSIA,3,uctions. furiously unusual instructions sleep furiously ironic packages. slyly 
130,gainsboro powder cyan pale rosy,SMALL PLATED NICKEL,LG BOX,577,AIR,TAKE BACK RETURN,25.00,25753.25,0.06,1994-12-19,5-LOW,40599.44,Customer#000000277,BUILDING,8876.10,UNITED KINGDOM,EUROPE,23,UNITED KINGDOM,3,"carefully pending courts sleep above the ironic, regular theo"
130,gainsboro powder cyan pale rosy,SMALL PLATED NICKEL,LG BOX,577,AIR,TAKE BACK RETURN,25.00,25753.25,0.06,1994-12-19,5-LOW,40599.44,Customer#000000277,BUILDING,8876.10,UNITED KINGDOM,EUROPE,24,UNITED STATES,1,ly ironic requests along the slyly bold ideas hang after the blithely special notornis; blithely even accounts
130,gainsboro powder cyan pale rosy,SMALL PLATED NICKEL,LG BOX,4646,MAIL,DELIVER IN PERSON,22.00,22662.86,0.01,1996-06-18,1-URGENT,170926.97,Customer#000000413,FURNITURE,5817.90,FRANCE,EUROPE,0,ALGERIA,0,furiously regular requests. platelets affix furious
130,gainsboro powder cyan pale rosy,SMALL PLATED NICKEL,LG BOX,4646,MAIL,DELIVER IN PERSON,22.00,22662.86,0.01,1996-06-18,1-URGENT,170926.97,Customer#000000413,FURNITURE,5817.90,FRANCE,EUROPE,1,ARGENTINA,1,"instructions wake quickly. final deposits haggle. final, silent theodolites "
130,gainsboro powder cyan pale rosy,SMALL PLATED NICKEL,LG BOX,4646,MAIL,DELIVER IN PERSON,22.00,22662.86,0.01,1996-06-18,1-URGENT,170926.97,Customer#000000413,FURNITURE,5817.90,FRANCE,EUROPE,2,BRAZIL,1,asymptotes use fluffily quickly bold instructions. slyly bold dependencies sleep carefully pending accounts
130,gainsboro powder cyan pale rosy,SMALL PLATED NICKEL,LG BOX,4646,MAIL,DELIVER IN PERSON,22.00,22662.86,0.01,1996-06-18,1-URGENT,170926.97,Customer#000000413,FURNITURE,5817.90,FRANCE,EUROPE,3,CANADA,1,ss deposits wake across the pending foxes. packages after the carefully bold requests integrate caref
130,gainsboro powder cyan pale rosy,SMALL PLATED NICKEL,LG BOX,4646,MAIL,DELIVER IN PERSON,22.00,22662.86,0.01,1996-06-18,1-URGENT,170926.97,Customer#000000413,FURNITURE,5817.90,FRANCE,EUROPE,4,EGYPT,4,"usly ironic, pending foxes. even, special instructions nag. sly, final foxes detect slyly fluffily "
130,gainsboro powder cyan pale rosy,SMALL PLATED NICKEL,LG BOX,4646,MAIL,DELIVER IN PERSON,22.00,22662.86,0.01,1996-06-18,1-URGENT,170926.97,Customer#000000413,FURNITURE,5817.90,FRANCE,EUROPE,5,ETHIOPIA,0,regular requests sleep carefull
130,gainsboro powder cyan pale rosy,SMALL PLATED NICKEL,LG BOX,4646,MAIL,DELIVER IN PERSON,22.00,22662.86,0.01,1996-06-18,1-URGENT,170926.97,Customer#000000413,FURNITURE,5817.90,FRANCE,EUROPE,6,FRANCE,3,oggedly. regular packages solve across
130,gainsboro powder cyan pale rosy,SMALL PLATED NICKEL,LG BOX,4646,MAIL,DELIVER IN PERSON,22.00,22662.86,0.01,1996-06-18,1-URGENT,170926.97,Customer#000000413,FURNITURE,5817.90,FRANCE,EUROPE,7,GERMANY,3,ong the regular requests: blithely silent pinto beans hagg
130,gainsboro powder cyan pale rosy,SMALL PLATED NICKEL,LG BOX,4646,MAIL,DELIVER IN PERSON,22.00,22662.86,0.01,1996-06-18,1-URGENT,170926.97,Customer#000000413,FURNITURE,5817.90,FRANCE,EUROPE,8,INDIA,2,uriously unusual deposits about the slyly final pinto beans could
130,gainsboro powder cyan pale rosy,SMALL PLATED NICKEL,LG BOX,4646,MAIL,DELIVER IN PERSON,22.00,22662.86,0.01,1996-06-18,1-URGENT,170926.97,Customer#000000413,FURNITURE,5817.90,FRANCE,EUROPE,9,INDONESIA,2,"d deposits sleep quickly according to the dogged, regular dolphins. special excuses haggle furiously special reque"
130,gainsboro powder cyan pale rosy,SMALL PLATED NICKEL,LG BOX,4646,MAIL,DELIVER IN PERSON,22.00,22662.86,0.01,1996-06-18,1-URGENT,170926.97,Customer#000000413,FURNITURE,5817.90,FRANCE,EUROPE,10,IRAN,4,furiously idle platelets nag. express asymptotes s
130,gainsboro powder cyan pale rosy,SMALL PLATED NICKEL,LG BOX,4646,MAIL,DELIVER IN PERSON,22.00,22662.86,0.01,1996-06-18,1-URGENT,170926.97,Customer#000000413,FURNITURE,5817.90,FRANCE,EUROPE,11,IRAQ,4,pendencies; slyly express foxes integrate carefully across the reg
130,gainsboro powder cyan pale rosy,SMALL PLATED NICKEL,LG BOX,4646,MAIL,DELIVER IN PERSON,22.00,22662.86,0.01,1996-06-18,1-URGENT,170926.97,Customer#000000413,FURNITURE,5817.90,FRANCE,EUROPE,12,JAPAN,2, quickly final packages. furiously i
130,gainsboro powder cyan pale rosy,SMALL PLATED NICKEL,LG BOX,4646,MAIL,DELIVER IN PERSON,22.00,22662.86,0.01,1996-06-18,1-URGENT,170926.97,Customer#000000413,FURNITURE,5817.90,FRANCE,EUROPE,13,JORDAN,4,the slyly regular ideas. silent Tiresias affix slyly fu
130,gainsboro powder cyan pale rosy,SMALL PLATED NICKEL,LG BOX,4646,MAIL,DELIVER IN PERSON,22.00,22662.86,0.01,1996-06-18,1-URGENT,170926.97,Customer#000000413,FURNITURE,5817.90,FRANCE,EUROPE,14,KENYA,0,lyly special foxes. slyly regular deposits sleep carefully. carefully permanent accounts slee
130,gainsboro powder cyan pale rosy,SMALL PLATED NICKEL,LG BOX,4646,MAIL,DELIVER IN PERSON,22.00,22662.86,0.01,1996-06-18,1-URGENT,170926.97,Customer#000000413,FURNITURE,5817.90,FRANCE,EUROPE,15,MOROCCO,0,ct blithely: blithely express accounts nag carefully. silent packages haggle carefully abo
130,gainsboro powder cyan pale rosy,SMALL PLATED NICKEL,LG BOX,4646,MAIL,DELIVER IN PERSON,22.00,22662.86,0.01,1996-06-18,1-URGENT,170926.97,Customer#000000413,FURNITURE,5817.90,FRANCE,EUROPE,16,MOZAMBIQUE,0, beans after the carefully regular accounts r
130,gainsboro powder cyan pale rosy,SMALL PLATED NICKEL,LG BOX,4646,MAIL,DELIVER IN PERSON,22.00,22662.86,0.01,1996-06-18,1-URGENT,170926.97,Customer#000000413,FURNITURE,5817.90,FRANCE,EUROPE,17,PERU,1,ly final foxes. blithely ironic accounts haggle. regular foxes about the regular deposits are furiously ir
130,gainsboro powder cyan pale rosy,SMALL PLATED NICKEL,LG BOX,4646,MAIL,DELIVER IN PERSON,22.00,22662.86,0.01,1996-06-18,1-URGENT,170926.97,Customer#000000413,FURNITURE,5817.90,FRANCE,EUROPE,18,CHINA,2,"ckly special packages cajole slyly. unusual, unusual theodolites mold furiously. slyly sile"
130,gainsboro powder cyan pale rosy,SMALL PLATED NICKEL,LG BOX,4646,MAIL,DELIVER IN PERSON,22.00,22662.86,0.01,1996-06-18,1-URGENT,170926.97,Customer#000000413,FURNITURE,5817.90,FRANCE,EUROPE,19,ROMANIA,3,"sly blithe requests. thinly bold deposits above the blithely regular accounts nag special, final requests. care"
130,gainsboro powder cyan pale rosy,SMALL PLATED NICKEL,LG BOX,4646,MAIL,DELIVER IN PERSON,22.00,22662.86,0.01,1996-06-18,1-URGENT,170926.97,Customer#000000413,FURNITURE,5817.90,FRANCE,EUROPE,20,SAUDI ARABIA,4,se slyly across the blithely regular deposits. deposits use carefully regular 
130,gainsboro powder cyan pale rosy,SMALL PLATED NICKEL,LG BOX,4646,MAIL,DELIVER IN PERSON,22.00,22662.86,0.01,1996-06-18,1-URGENT,170926.97,Customer#000000413,FURNITURE,5817.90,FRANCE,EUROPE,21,VIETNAM,2,lly across the quickly even pinto beans. caref
130,gainsboro powder cyan pale rosy,SMALL PLATED NICKEL,LG BOX,4646,MAIL,DELIVER IN PERSON,22.00,22662.86,0.01,1996-06-18,1-URGENT,170926.97,Customer#000000413,FURNITURE,5817.90,FRANCE,EUROPE,22,RUSSIA,3,uctions. furiously unusual instructions sleep furiously ironic packages. slyly 
130,gainsboro powder cyan pale rosy,SMALL PLATED NICKEL,LG BOX,4646,MAIL,DELIVER IN PERSON,22.00,22662.86,0.01,1996-06-18,1-URGENT,170926.97,Customer#000000413,FURNITURE,5817.90,FRANCE,EUROPE,23,UNITED KINGDOM,3,"carefully pending courts sleep above the ironic, regular theo"
130,gainsboro powder cyan pale rosy,SMALL PLATED NICKEL,LG BOX,4646,MAIL,DELIVER IN PERSON,22.00,22662.86,0.01,1996-06-18,1-URGENT,170926.97,Customer#000000413,FURNITURE,5817.90,FRANCE,EUROPE,24,UNITED STATES,1,ly ironic requests along the slyly bold ideas hang after the blithely special notornis; blithely even accounts
144,hot midnight orchid dim steel,SMALL ANODIZED TIN,SM BOX,2791,AIR,DELIVER IN PERSON,26.00,27147.64,0.06,1994-10-10,2-HIGH,214697.04,Customer#000000604,HOUSEHOLD,3195.96,VIETNAM,ASIA,0,ALGERIA,0,furiously regular requests. platelets affix furious
144,hot midnight orchid dim steel,SMALL ANODIZED TIN,SM BOX,2791,AIR,DELIVER IN PERSON,26.00,27147.64,0.06,1994-10-10,2-HIGH,214697.04,Customer#000000604,HOUSEHOLD,3195.96,VIETNAM,ASIA,1,ARGENTINA,1,"instructions wake quickly. final deposits haggle. final, silent theodolites "
144,hot midnight orchid dim steel,SMALL ANODIZED TIN,SM BOX,2791,AIR,DELIVER IN PERSON,26.00,27147.64,0.06,1994-10-10,2-HIGH,214697.04,Customer#000000604,HOUSEHOLD,3195.96,VIETNAM,ASIA,2,BRAZIL,1,asymptotes use fluffily quickly bold instructions. slyly bold dependencies sleep carefully pending accounts
144,hot midnight orchid dim steel,SMALL ANODIZED TIN,SM BOX,2791,AIR,DELIVER IN PERSON,26.00,27147.64,0.06,1994-10-10,2-HIGH,214697.04,Customer#000000604,HOUSEHOLD,3195.96,VIETNAM,ASIA,3,CANADA,1,ss deposits wake across the pending foxes. packages after the carefully bold requests integrate caref
144,hot midnight orchid dim steel,SMALL ANODIZED TIN,SM BOX,2791,AIR,DELIVER IN PERSON,26.00,27147.64,0.06,1994-10-10,2-HIGH,214697.04,Customer#000000604,HOUSEHOLD,3195.96,VIETNAM,ASIA,4,EGYPT,4,"usly ironic, pending foxes. even, special instructions nag. sly, final foxes detect slyly fluffily "
144,hot midnight orchid dim steel,SMALL ANODIZED TIN,SM BOX,2791,AIR,DELIVER IN PERSON,26.00,27147.64,0.06,1994-10-10,2-HIGH,214697.04,Customer#000000604,HOUSEHOLD,3195.96,VIETNAM,ASIA,5,ETHIOPIA,0,regular requests sleep carefull
144,hot midnight orchid dim steel,SMALL ANODIZED TIN,SM BOX,2791,AIR,DELIVER IN PERSON,26.00,27147.64,0.06,1994-10-10,2-HIGH,214697.04,Customer#000000604,HOUSEHOLD,3195.96,VIETNAM,ASIA,6,FRANCE,3,oggedly. regular packages solve across
144,hot midnight orchid dim steel,SMALL ANODIZED TIN,SM BOX,2791,AIR,DELIVER IN PERSON,26.00,27147.64,0.06,1994-10-10,2-HIGH,214697.04,Customer#000000604,HOUSEHOLD,3195.96,VIETNAM,ASIA,7,GERMANY,3,ong the regular requests: blithely silent pinto beans hagg
144,hot midnight orchid dim steel,SMALL ANODIZED TIN,SM BOX,2791,AIR,DELIVER IN PERSON,26.00,27147.64,0.06,1994-10-10,2-HIGH,214697.04,Customer#000000604,HOUSEHOLD,3195.96,VIETNAM,ASIA,8,INDIA,2,uriously unusual deposits about the slyly final pinto beans could
144,hot midnight orchid dim steel,SMALL ANODIZED TIN,SM BOX,2791,AIR,DELIVER IN PERSON,26.00,27147.64,0.06,1994-10-10,2-HIGH,214697.04,Customer#000000604,HOUSEHOLD,3195.96,VIETNAM,ASIA,9,INDONESIA,2,"d deposits sleep quickly according to the dogged, regular dolphins. special excuses haggle furiously special reque"
144,hot midnight orchid dim steel,SMALL ANODIZED TIN,SM BOX,2791,AIR,DELIVER IN PERSON,26.00,27147.64,0.06,1994-10-10,2-HIGH,214697.04,Customer#000000604,HOUSEHOLD,3195.96,VIETNAM,ASIA,10,IRAN,4,furiously idle platelets nag. express asymptotes s
144,hot midnight orchid dim steel,SMALL ANODIZED TIN,SM BOX,2791,AIR,DELIVER IN PERSON,26.00,27147.64,0.06,1994-10-10,2-HIGH,214697.04,Customer#000000604,HOUSEHOLD,3195.96,VIETNAM,ASIA,11,IRAQ,4,pendencies; slyly express foxes integrate carefully across the reg
144,hot midnight orchid dim steel,SMALL ANODIZED TIN,SM BOX,2791,AIR,DELIVER IN PERSON,26.00,27147.64,0.06,1994-10-10,2-HIGH,214697.04,Customer#000000604,HOUSEHOLD,3195.96,VIETNAM,ASIA,12,JAPAN,2, quickly final packages. furiously i
144,hot midnight orchid dim steel,SMALL ANODIZED TIN,SM BOX,2791,AIR,DELIVER IN PERSON,26.00,27147.64,0.06,1994-10-10,2-HIGH,214697.04,Customer#000000604,HOUSEHOLD,3195.96,VIETNAM,ASIA,13,JORDAN,4,the slyly regular ideas. silent Tiresias affix slyly fu
144,hot midnight orchid dim steel,SMALL ANODIZED TIN,SM BOX,2791,AIR,DELIVER IN PERSON,26.00,27147.64,0.06,1994-10-10,2-HIGH,214697.04,Customer#000000604,HOUSEHOLD,3195.96,VIETNAM,ASIA,14,KENYA,0,lyly special foxes. slyly regular deposits sleep carefully. carefully permanent accounts slee
144,hot midnight orchid dim steel,SMALL ANODIZED TIN,SM BOX,2791,AIR,DELIVER IN PERSON,26.00,27147.64,0.06,1994-10-10,2-HIGH,214697.04,Customer#000000604,HOUSEHOLD,3195.96,VIETNAM,ASIA,15,MOROCCO,0,ct blithely: blithely express accounts nag carefully. silent packages haggle carefully abo
144,hot midnight orchid dim steel,SMALL ANODIZED TIN,SM BOX,2791,AIR,DELIVER IN PERSON,26.00,27147.64,0.06,1994-10-10,2-HIGH,214697.04,Customer#000000604,HOUSEHOLD,3195.96,VIETNAM,ASIA,16,MOZAMBIQUE,0, beans after the carefully regular accounts r
144,hot midnight orchid dim steel,SMALL ANODIZED TIN,SM BOX,2791,AIR,DELIVER IN PERSON,26.00,27147.64,0.06,1994-10-10,2-HIGH,214697.04,Customer#000000604,HOUSEHOLD,3195.96,VIETNAM,ASIA,17,PERU,1,ly final foxes. blithely ironic accounts haggle. regular foxes about the regular deposits are furiously ir
144,hot midnight orchid dim steel,SMALL ANODIZED TIN,SM BOX,2791,AIR,DELIVER IN PERSON,26.00,27147.64,0.06,1994-10-10,2-HIGH,214697.04,Customer#000000604,HOUSEHOLD,3195.96,VIETNAM,ASIA,18,CHINA,2,"ckly special packages cajole slyly. unusual, unusual theodolites mold furiously. slyly sile"
144,hot midnight orchid dim steel,SMALL ANODIZED TIN,SM BOX,2791,AIR,DELIVER IN PERSON,26.00,27147.64,0.06,1994-10-10,2-HIGH,214697.04,Customer#000000604,HOUSEHOLD,3195.96,VIETNAM,ASIA,19,ROMANIA,3,"sly blithe requests. thinly bold deposits above the blithely regular accounts nag special, final requests. care"
144,hot midnight orchid dim steel,SMALL ANODIZED TIN,SM BOX,2791,AIR,DELIVER IN PERSON,26.00,27147.64,0.06,1994-10-10,2-HIGH,214697.04,Customer#000000604,HOUSEHOLD,3195.96,VIETNAM,ASIA,20,SAUDI ARABIA,4,se slyly across the blithely regular deposits. deposits use carefully regular 
144,hot midnight orchid dim steel,SMALL ANODIZED TIN,SM BOX,2791,AIR,DELIVER IN PERSON,26.00,27147.64,0.06,1994-10-10,2-HIGH,214697.04,Customer#000000604,HOUSEHOLD,3195.96,VIETNAM,ASIA,21,VIETNAM,2,lly across the quickly even pinto beans. caref
144,hot midnight orchid dim steel,SMALL ANODIZED TIN,SM BOX,2791,AIR,DELIVER IN PERSON,26.00,27147.64,0.06,1994-10-10,2-HIGH,214697.04,Customer#000000604,HOUSEHOLD,3195.96,VIETNAM,ASIA,22,RUSSIA,3,uctions. furiously unusual instructions sleep furiously ironic packages. slyly 
144,hot midnight orchid dim steel,SMALL ANODIZED TIN,SM BOX,2791,AIR,DELIVER IN PERSON,26.00,27147.64,0.06,1994-10-10,2-HIGH,214697.04,Customer#000000604,HOUSEHOLD,3195.96,VIETNAM,ASIA,23,UNITED KINGDOM,3,"carefully pending courts sleep above the ironic, regular theo"
144,hot midnight orchid dim steel,SMALL ANODIZED TIN,SM BOX,2791,AIR,DELIVER IN PERSON,26.00,27147.64,0.06,1994-10-10,2-HIGH,214697.04,Customer#000000604,HOUSEHOLD,3195.96,VIETNAM,ASIA,24,UNITED STATES,1,ly ironic requests along the slyly bold ideas hang after the blithely special notornis; blithely even accounts
144,hot midnight orchid dim steel,SMALL ANODIZED TIN,SM BOX,17476,MAIL,TAKE BACK RETURN,39.00,40721.46,0.01,1996-05-29,1-URGENT,116707.45,Customer#000000268,MACHINERY,6821.01,CANADA,AMERICA,0,ALGERIA,0,furiously regular requests. platelets affix furious
144,hot midnight orchid dim steel,SMALL ANODIZED TIN,SM BOX,17476,MAIL,TAKE BACK RETURN,39.00,40721.46,0.01,1996-05-29,1-URGENT,116707.45,Customer#000000268,MACHINERY,6821.01,CANADA,AMERICA,1,ARGENTINA,1,"instructions wake quickly. final deposits haggle. final, silent theodolites "
144,hot midnight orchid dim steel,SMALL ANODIZED TIN,SM BOX,17476,MAIL,TAKE BACK RETURN,39.00,40721.46,0.01,1996-05-29,1-URGENT,116707.45,Customer#000000268,MACHINERY,6821.01,CANADA,AMERICA,2,BRAZIL,1,asymptotes use fluffily quickly bold instructions. slyly bold dependencies sleep carefully pending accounts
144,hot midnight orchid dim steel,SMALL ANODIZED TIN,SM BOX,17476,MAIL,TAKE BACK RETURN,39.00,40721.46,0.01,1996-05-29,1-URGENT,116707.45,Customer#000000268,MACHINERY,6821.01,CANADA,AMERICA,3,CANADA,1,ss deposits wake across the pending foxes. packages after the carefully bold requests integrate caref
144,hot midnight orchid dim steel,SMALL ANODIZED TIN,SM BOX,17476,MAIL,TAKE BACK RETURN,39.00,40721.46,0.01,1996-05-29,1-URGENT,116707.45,Customer#000000268,MACHINERY,6821.01,CANADA,AMERICA,4,EGYPT,4,"usly ironic, pending foxes. even, special instructions nag. sly, final foxes detect slyly fluffily "
144,hot midnight orchid dim steel,SMALL ANODIZED TIN,SM BOX,17476,MAIL,TAKE BACK RETURN,39.00,40721.46,0.01,1996-05-29,1-URGENT,116707.45,Customer#000000268,MACHINERY,6821.01,CANADA,AMERICA,5,ETHIOPIA,0,regular requests sleep carefull
144,hot midnight orchid dim steel,SMALL ANODIZED TIN,SM BOX,17476,MAIL,TAKE BACK RETURN,39.00,40721.46,0.01,1996-05-29,1-URGENT,116707.45,Customer#000000268,MACHINERY,6821.01,CANADA,AMERICA,6,FRANCE,3,oggedly. regular packages solve across
144,hot midnight orchid dim steel,SMALL ANODIZED TIN,SM BOX,17476,MAIL,TAKE BACK RETURN,39.00,40721.46,0.01,1996-05-29,1-URGENT,116707.45,Customer#000000268,MACHINERY,6821.01,CANADA,AMERICA,7,GERMANY,3,ong the regular requests: blithely silent pinto beans hagg
144,hot midnight orchid dim steel,SMALL ANODIZED TIN,SM BOX,17476,MAIL,TAKE BACK RETURN,39.00,40721.46,0.01,1996-05-29,1-URGENT,116707.45,Customer#000000268,MACHINERY,6821.01,CANADA,AMERICA,8,INDIA,2,uriously unusual deposits about the slyly final pinto beans could
144,hot midnight orchid dim steel,SMALL ANODIZED TIN,SM BOX,17476,MAIL,TAKE BACK RETURN,39.00,40721.46,0.01,1996-05-29,1-URGENT,116707.45,Customer#000000268,MACHINERY,6821.01,CANADA,AMERICA,9,INDONESIA,2,"d deposits sleep quickly according to the dogged, regular dolphins. special excuses haggle furiously special reque"
144,hot midnight orchid dim steel,SMALL ANODIZED TIN,SM BOX,17476,MAIL,TAKE BACK RETURN,39.00,40721.46,0.01,1996-05-29,1-URGENT,116707.45,Customer#000000268,MACHINERY,6821.01,CANADA,AMERICA,10,IRAN,4,furiously idle platelets nag. express asymptotes s
144,hot midnight orchid dim steel,SMALL ANODIZED TIN,SM BOX,17476,MAIL,TAKE BACK RETURN,39.00,40721.46,0.01,1996-05-29,1-URGENT,116707.45,Customer#000000268,MACHINERY,6821.01,CANADA,AMERICA,11,IRAQ,4,pendencies; slyly express foxes integrate carefully across the reg
144,hot midnight orchid dim steel,SMALL ANODIZED TIN,SM BOX,17476,MAIL,TAKE BACK RETURN,39.00,40721.46,0.01,1996-05-29,1-URGENT,116707.45,Customer#000000268,MACHINERY,6821.01,CANADA,AMERICA,12,JAPAN,2, quickly final packages. furiously i
144,hot midnight orchid dim steel,SMALL ANODIZED TIN,SM BOX,17476,MAIL,TAKE BACK RETURN,39.00,40721.46,0.01,1996-05-29,1-URGENT,116707.45,Customer#000000268,MACHINERY,6821.01,CANADA,AMERICA,13,JORDAN,4,the slyly regular ideas. silent Tiresias affix slyly fu
144,hot midnight orchid dim steel,SMALL ANODIZED TIN,SM BOX,17476,MAIL,TAKE BACK RETURN,39.00,40721.46,0.01,1996-05-29,1-URGENT,116707.45,Customer#000000268,MACHINERY,6821.01,CANADA,AMERICA,14,KENYA,0,lyly special foxes. slyly regular deposits sleep carefully. carefully permanent accounts slee
144,hot midnight orchid dim steel,SMALL ANODIZED TIN,SM BOX,17476,MAIL,TAKE BACK RETURN,39.00,40721.46,0.01,1996-05-29,1-URGENT,116707.45,Customer#000000268,MACHINERY,6821.01,CANADA,AMERICA,15,MOROCCO,0,ct blithely: blithely express accounts nag carefully. silent packages haggle carefully abo
144,hot midnight orchid dim steel,SMALL ANODIZED TIN,SM BOX,17476,MAIL,TAKE BACK RETURN,39.00,40721.46,0.01,1996-05-29,1-URGENT,116707.45,Customer#000000268,MACHINERY,6821.01,CANADA,AMERICA,16,MOZAMBIQUE,0, beans after the carefully regular accounts r
144,hot midnight orchid dim steel,SMALL ANODIZED TIN,SM BOX,17476,MAIL,TAKE BACK RETURN,39.00,40721.46,0.01,1996-05-29,1-URGENT,116707.45,Customer#000000268,MACHINERY,6821.01,CANADA,AMERICA,17,PERU,1,ly final foxes. blithely ironic accounts haggle. regular foxes about the regular deposits are furiously ir
144,hot midnight orchid dim steel,SMALL ANODIZED TIN,SM BOX,17476,MAIL,TAKE BACK RETURN,39.00,40721.46,0.01,1996-05-29,1-URGENT,116707.45,Customer#000000268,MACHINERY,6821.01,CANADA,AMERICA,18,CHINA,2,"ckly special packages cajole slyly. unusual, unusual theodolites mold furiously. slyly sile"
144,hot midnight orchid dim steel,SMALL ANODIZED TIN,SM BOX,17476,MAIL,TAKE BACK RETURN,39.00,40721.46,0.01,1996-05-29,1-URGENT,116707.45,Customer#000000268,MACHINERY,6821.01,CANADA,AMERICA,19,ROMANIA,3,"sly blithe requests. thinly bold deposits above the blithely regular accounts nag special, final requests. care"
144,hot midnight orchid dim steel,SMALL ANODIZED TIN,SM BOX,17476,MAIL,TAKE BACK RETURN,39.00,40721.46,0.01,1996-05-29,1-URGENT,116707.45,Customer#000000268,MACHINERY,6821.01,CANADA,AMERICA,20,SAUDI ARABIA,4,se slyly across the blithely regular deposits. deposits use carefully regular 
144,hot midnight orchid dim steel,SMALL ANODIZED TIN,SM BOX,17476,MAIL,TAKE BACK RETURN,39.00,40721.46,0.01,1996-05-29,1-URGENT,116707.45,Customer#000000268,MACHINERY,6821.01,CANADA,AMERICA,21,VIETNAM,2,lly across the quickly even pinto beans. caref
144,hot midnight orchid dim steel,SMALL ANODIZED TIN,SM BOX,17476,MAIL,TAKE BACK RETURN,39.00,40721.46,0.01,1996-05-29,1-URGENT,116707.45,Customer#000000268,MACHINERY,6821.01,CANADA,AMERICA,22,RUSSIA,3,uctions. furiously unusual instructions sleep furiously ironic packages. slyly 
144,hot midnight orchid dim steel,SMALL ANODIZED TIN,SM BOX,17476,MAIL,TAKE BACK RETURN,39.00,40721.46,0.01,1996-05-29,1-URGENT,116707.45,Customer#000000268,MACHINERY,6821.01,CANADA,AMERICA,23,UNITED KINGDOM,3,"carefully pending courts sleep above the ironic, regular theo"
144,hot midnight orchid dim steel,SMALL ANODIZED TIN,SM BOX,17476,MAIL,TAKE BACK RETURN,39.00,40721.46,0.01,1996-05-29,1-URGENT,116707.45,Customer#000000268,MACHINERY,6821.01,CANADA,AMERICA,24,UNITED STATES,1,ly ironic requests along the slyly bold ideas hang after the blithely special notornis; blithely even accounts
144,hot midnight orchid dim steel,SMALL ANODIZED TIN,SM BOX,21222,TRUCK,DELIVER IN PERSON,34.00,35500.76,0.05,1994-02-04,4-NOT SPECIFIED,222826.57,Customer#000000407,MACHINERY,9537.08,ARGENTINA,AMERICA,0,ALGERIA,0,furiously regular requests. platelets affix furious
144,hot midnight orchid dim steel,SMALL ANODIZED TIN,SM BOX,21222,TRUCK,DELIVER IN PERSON,34.00,35500.76,0.05,1994-02-04,4-NOT SPECIFIED,222826.57,Customer#000000407,MACHINERY,9537.08,ARGENTINA,AMERICA,1,ARGENTINA,1,"instructions wake quickly. final deposits haggle. final, silent theodolites "
144,hot midnight orchid dim steel,SMALL ANODIZED TIN,SM BOX,21222,TRUCK,DELIVER IN PERSON,34.00,35500.76,0.05,1994-02-04,4-NOT SPECIFIED,222826.57,Customer#000000407,MACHINERY,9537.08,ARGENTINA,AMERICA,2,BRAZIL,1,asymptotes use fluffily quickly bold instructions. slyly bold dependencies sleep carefully pending accounts
144,hot midnight orchid dim steel,SMALL ANODIZED TIN,SM BOX,21222,TRUCK,DELIVER IN PERSON,34.00,35500.76,0.05,1994-02-04,4-NOT SPECIFIED,222826.57,Customer#000000407,MACHINERY,9537.08,ARGENTINA,AMERICA,3,CANADA,1,ss deposits wake across the pending foxes. packages after the carefully bold requests integrate caref
144,hot midnight orchid dim steel,SMALL ANODIZED TIN,SM BOX,21222,TRUCK,DELIVER IN PERSON,34.00,35500.76,0.05,1994-02-04,4-NOT SPECIFIED,222826.57,Customer#000000407,MACHINERY,9537.08,ARGENTINA,AMERICA,4,EGYPT,4,"usly ironic, pending foxes. even, special instructions nag. sly, final foxes detect slyly fluffily "
144,hot midnight orchid dim steel,SMALL ANODIZED TIN,SM BOX,21222,TRUCK,DELIVER IN PERSON,34.00,35500.76,0.05,1994-02-04,4-NOT SPECIFIED,222826.57,Customer#000000407,MACHINERY,9537.08,ARGENTINA,AMERICA,5,ETHIOPIA,0,regular requests sleep carefull
144,hot midnight orchid dim steel,SMALL ANODIZED TIN,SM BOX,21222,TRUCK,DELIVER IN PERSON,34.00,35500.76,0.05,1994-02-04,4-NOT SPECIFIED,222826.57,Customer#000000407,MACHINERY,9537.08,ARGENTINA,AMERICA,6,FRANCE,3,oggedly. regular packages solve across
144,hot midnight orchid dim steel,SMALL ANODIZED TIN,SM BOX,21222,TRUCK,DELIVER IN PERSON,34.00,35500.76,0.05,1994-02-04,4-NOT SPECIFIED,222826.57,Customer#000000407,MACHINERY,9537.08,ARGENTINA,AMERICA,7,GERMANY,3,ong the regular requests: blithely silent pinto beans hagg
144,hot midnight orchid dim steel,SMALL ANODIZED TIN,SM BOX,21222,TRUCK,DELIVER IN PERSON,34.00,35500.76,0.05,1994-02-04,4-NOT SPECIFIED,222826.57,Customer#000000407,MACHINERY,9537.08,ARGENTINA,AMERICA,8,INDIA,2,uriously unusual deposits about the slyly final pinto beans could
144,hot midnight orchid dim steel,SMALL ANODIZED TIN,SM BOX,21222,TRUCK,DELIVER IN PERSON,34.00,35500.76,0.05,1994-02-04,4-NOT SPECIFIED,222826.57,Customer#000000407,MACHINERY,9537.08,ARGENTINA,AMERICA,9,INDONESIA,2,"d deposits sleep quickly according to the dogged, regular dolphins. special excuses haggle furiously special reque"
144,hot midnight orchid dim steel,SMALL ANODIZED TIN,SM BOX,21222,TRUCK,DELIVER IN PERSON,34.00,35500.76,0.05,1994-02-04,4-NOT SPECIFIED,222826.57,Customer#000000407,MACHINERY,9537.08,ARGENTINA,AMERICA,10,IRAN,4,furiously idle platelets nag. express asymptotes s
144,hot midnight orchid dim steel,SMALL ANODIZED TIN,SM BOX,21222,TRUCK,DELIVER IN PERSON,34.00,35500.76,0.05,1994-02-04,4-NOT SPECIFIED,222826.57,Customer#000000407,MACHINERY,9537.08,ARGENTINA,AMERICA,11,IRAQ,4,pendencies; slyly express foxes integrate carefully across the reg
144,hot midnight orchid dim steel,SMALL ANODIZED TIN,SM BOX,21222,TRUCK,DELIVER IN PERSON,34.00,35500.76,0.05,1994-02-04,4-NOT SPECIFIED,222826.57,Customer#000000407,MACHINERY,9537.08,ARGENTINA,AMERICA,12,JAPAN,2, quickly final packages. furiously i
144,hot midnight orchid dim steel,SMALL ANODIZED TIN,SM BOX,21222,TRUCK,DELIVER IN PERSON,34.00,35500.76,0.05,1994-02-04,4-NOT SPECIFIED,222826.57,Customer#000000407,MACHINERY,9537.08,ARGENTINA,AMERICA,13,JORDAN,4,the slyly regular ideas. silent Tiresias affix slyly fu
144,hot midnight orchid dim steel,SMALL ANODIZED TIN,SM BOX,21222,TRUCK,DELIVER IN PERSON,34.00,35500.76,0.05,1994-02-04,4-NOT SPECIFIED,222826.57,Customer#000000407,MACHINERY,9537.08,ARGENTINA,AMERICA,14,KENYA,0,lyly special foxes. slyly regular deposits sleep carefully. carefully permanent accounts slee
144,hot midnight orchid dim steel,SMALL ANODIZED TIN,SM BOX,21222,TRUCK,DELIVER IN PERSON,34.00,35500.76,0.05,1994-02-04,4-NOT SPECIFIED,222826.57,Customer#000000407,MACHINERY,9537.08,ARGENTINA,AMERICA,15,MOROCCO,0,ct blithely: blithely express accounts nag carefully. silent packages haggle carefully abo
144,hot midnight orchid dim steel,SMALL ANODIZED TIN,SM BOX,21222,TRUCK,DELIVER IN PERSON,34.00,35500.76,0.05,1994-02-04,4-NOT SPECIFIED,222826.57,Customer#000000407,MACHINERY,9537.08,ARGENTINA,AMERICA,16,MOZAMBIQUE,0, beans after the carefully regular accounts r
144,hot midnight orchid dim steel,SMALL ANODIZED TIN,SM BOX,21222,TRUCK,DELIVER IN PERSON,34.00,35500.76,0.05,1994-02-04,4-NOT SPECIFIED,222826.57,Customer#000000407,MACHINERY,9537.08,ARGENTINA,AMERICA,17,PERU,1,ly final foxes. blithely ironic accounts haggle. regular foxes about the regular deposits are furiously ir
144,hot midnight orchid dim steel,SMALL ANODIZED TIN,SM BOX,21222,TRUCK,DELIVER IN PERSON,34.00,35500.76,0.05,1994-02-04,4-NOT SPECIFIED,222826.57,Customer#000000407,MACHINERY,9537.08,ARGENTINA,AMERICA,18,CHINA,2,"ckly special packages cajole slyly. unusual, unusual theodolites mold furiously. slyly sile"
144,hot midnight orchid dim steel,SMALL ANODIZED TIN,SM BOX,21222,TRUCK,DELIVER IN PERSON,34.00,35500.76,0.05,1994-02-04,4-NOT SPECIFIED,222826.57,Customer#000000407,MACHINERY,9537.08,ARGENTINA,AMERICA,19,ROMANIA,3,"sly blithe requests. thinly bold deposits above the blithely regular accounts nag special, final requests. care"
144,hot midnight orchid dim steel,SMALL ANODIZED TIN,SM BOX,21222,TRUCK,DELIVER IN PERSON,34.00,35500.76,0.05,1994-02-04,4-NOT SPECIFIED,222826.57,Customer#000000407,MACHINERY,9537.08,ARGENTINA,AMERICA,20,SAUDI ARABIA,4,se slyly across the blithely regular deposits. deposits use carefully regular 
144,hot midnight orchid dim steel,SMALL ANODIZED TIN,SM BOX,21222,TRUCK,DELIVER IN PERSON,34.00,35500.76,0.05,1994-02-04,4-NOT SPECIFIED,222826.57,Customer#000000407,MACHINERY,9537.08,ARGENTINA,AMERICA,21,VIETNAM,2,lly across the quickly even pinto beans. caref
144,hot midnight orchid dim steel,SMALL ANODIZED TIN,SM BOX,21222,TRUCK,DELIVER IN PERSON,34.00,35500.76,0.05,1994-02-04,4-NOT SPECIFIED,222826.57,Customer#000000407,MACHINERY,9537.08,ARGENTINA,AMERICA,22,RUSSIA,3,uctions. furiously unusual instructions sleep furiously ironic packages. slyly 
144,hot midnight orchid dim steel,SMALL ANODIZED TIN,SM BOX,21222,TRUCK,DELIVER IN PERSON,34.00,35500.76,0.05,1994-02-04,4-NOT SPECIFIED,222826.57,Customer#000000407,MACHINERY,9537.08,ARGENTINA,AMERICA,23,UNITED KINGDOM,3,"carefully pending courts sleep above the ironic, regular theo"
144,hot midnight orchid dim steel,SMALL ANODIZED TIN,SM BOX,21222,TRUCK,DELIVER IN PERSON,34.00,35500.76,0.05,1994-02-04,4-NOT SPECIFIED,222826.57,Customer#000000407,MACHINERY,9537.08,ARGENTINA,AMERICA,24,UNITED STATES,1,ly ironic requests along the slyly bold ideas hang after the blithely special notornis; blithely even accounts
148,yellow white ghost lavender salmon,STANDARD PLATED STEEL,SM BOX,2208,MAIL,TAKE BACK RETURN,43.00,45070.02,0.03,1995-05-01,4-NOT SPECIFIED,298951.83,Customer#000000338,FURNITURE,4092.49,UNITED KINGDOM,EUROPE,0,ALGERIA,0,furiously regular requests. platelets affix furious
148,yellow white ghost lavender salmon,STANDARD PLATED STEEL,SM BOX,2208,MAIL,TAKE BACK RETURN,43.00,45070.02,0.03,1995-05-01,4-NOT SPECIFIED,298951.83,Customer#000000338,FURNITURE,4092.49,UNITED KINGDOM,EUROPE,1,ARGENTINA,1,"instructions wake quickly. final deposits haggle. final, silent theodolites "
148,yellow white ghost lavender salmon,STANDARD PLATED STEEL,SM BOX,2208,MAIL,TAKE BACK RETURN,43.00,45070.02,0.03,1995-05-01,4-NOT SPECIFIED,298951.83,Customer#000000338,FURNITURE,4092.49,UNITED KINGDOM,EUROPE,2,BRAZIL,1,asymptotes use fluffily quickly bold instructions. slyly bold dependencies sleep carefully pending accounts
148,yellow white ghost lavender salmon,STANDARD PLATED STEEL,SM BOX,2208,MAIL,TAKE BACK RETURN,43.00,45070.02,0.03,1995-05-01,4-NOT SPECIFIED,298951.83,Customer#000000338,FURNITURE,4092.49,UNITED KINGDOM,EUROPE,3,CANADA,1,ss deposits wake across the pending foxes. packages after the carefully bold requests integrate caref
148,yellow white ghost lavender salmon,STANDARD PLATED STEEL,SM BOX,2208,MAIL,TAKE BACK RETURN,43.00,45070.02,0.03,1995-05-01,4-NOT SPECIFIED,298951.83,Customer#000000338,FURNITURE,4092.49,UNITED KINGDOM,EUROPE,4,EGYPT,4,"usly ironic, pending foxes. even, special instructions nag. sly, final foxes detect slyly fluffily "
148,yellow white ghost lavender salmon,STANDARD PLATED STEEL,SM BOX,2208,MAIL,TAKE BACK RETURN,43.00,45070.02,0.03,1995-05-01,4-NOT SPECIFIED,298951.83,Customer#000000338,FURNITURE,4092.49,UNITED KINGDOM,EUROPE,5,ETHIOPIA,0,regular requests sleep carefull
148,yellow white ghost lavender salmon,STANDARD PLATED STEEL,SM BOX,2208,MAIL,TAKE BACK RETURN,43.00,45070.02,0.03,1995-05-01,4-NOT SPECIFIED,298951.83,Customer#000000338,FURNITURE,4092.49,UNITED KINGDOM,EUROPE,6,FRANCE,3,oggedly. regular packages solve across
148,yellow white ghost lavender salmon,STANDARD PLATED STEEL,SM BOX,2208,MAIL,TAKE BACK RETURN,43.00,45070.02,0.03,1995-05-01,4-NOT SPECIFIED,298951.83,Customer#000000338,FURNITURE,4092.49,UNITED KINGDOM,EUROPE,7,GERMANY,3,ong the regular requests: blithely silent pinto beans hagg
148,yellow white ghost lavender salmon,STANDARD PLATED STEEL,SM BOX,2208,MAIL,TAKE BACK RETURN,43.00,45070.02,0.03,1995-05-01,4-NOT SPECIFIED,298951.83,Customer#000000338,FURNITURE,4092.49,UNITED KINGDOM,EUROPE,8,INDIA,2,uriously unusual deposits about the slyly final pinto beans could
148,yellow white ghost lavender salmon,STANDARD PLATED STEEL,SM BOX,2208,MAIL,TAKE BACK RETURN,43.00,45070.02,0.03,1995-05-01,4-NOT SPECIFIED,298951.83,Customer#000000338,FURNITURE,4092.49,UNITED KINGDOM,EUROPE,9,INDONESIA,2,"d deposits sleep quickly according to the dogged, regular dolphins. special excuses haggle furiously special reque"
148,yellow white ghost lavender salmon,STANDARD PLATED STEEL,SM BOX,2208,MAIL,TAKE BACK RETURN,43.00,45070.02,0.03,1995-05-01,4-NOT SPECIFIED,298951.83,Customer#000000338,FURNITURE,4092.49,UNITED KINGDOM,EUROPE,10,IRAN,4,furiously idle platelets nag. express asymptotes s
148,yellow white ghost lavender salmon,STANDARD PLATED STEEL,SM BOX,2208,MAIL,TAKE BACK RETURN,43.00,45070.02,0.03,1995-05-01,4-NOT SPECIFIED,298951.83,Customer#000000338,FURNITURE,4092.49,UNITED KINGDOM,EUROPE,11,IRAQ,4,pendencies; slyly express foxes integrate carefully across the reg
148,yellow white ghost lavender salmon,STANDARD PLATED STEEL,SM BOX,2208,MAIL,TAKE BACK RETURN,43.00,45070.02,0.03,1995-05-01,4-NOT SPECIFIED,298951.83,Customer#000000338,FURNITURE,4092.49,UNITED KINGDOM,EUROPE,12,JAPAN,2, quickly final packages. furiously i
148,yellow white ghost lavender salmon,STANDARD PLATED STEEL,SM BOX,2208,MAIL,TAKE BACK RETURN,43.00,45070.02,0.03,1995-05-01,4-NOT SPECIFIED,298951.83,Customer#000000338,FURNITURE,4092.49,UNITED KINGDOM,EUROPE,13,JORDAN,4,the slyly regular ideas. silent Tiresias affix slyly fu
148,yellow white ghost lavender salmon,STANDARD PLATED STEEL,SM BOX,2208,MAIL,TAKE BACK RETURN,43.00,45070.02,0.03,1995-05-01,4-NOT SPECIFIED,298951.83,Customer#000000338,FURNITURE,4092.49,UNITED KINGDOM,EUROPE,14,KENYA,0,lyly special foxes. slyly regular deposits sleep carefully. carefully permanent accounts slee
148,yellow white ghost lavender salmon,STANDARD PLATED STEEL,SM BOX,2208,MAIL,TAKE BACK RETURN,43.00,45070.02,0.03,1995-05-01,4-NOT SPECIFIED,298951.83,Customer#000000338,FURNITURE,4092.49,UNITED KINGDOM,EUROPE,15,MOROCCO,0,ct blithely: blithely express accounts nag carefully. silent packages haggle carefully abo
148,yellow white ghost lavender salmon,STANDARD PLATED STEEL,SM BOX,2208,MAIL,TAKE BACK RETURN,43.00,45070.02,0.03,1995-05-01,4-NOT SPECIFIED,298951.83,Customer#000000338,FURNITURE,4092.49,UNITED KINGDOM,EUROPE,16,MOZAMBIQUE,0, beans after the carefully regular accounts r
148,yellow white ghost lavender salmon,STANDARD PLATED STEEL,SM BOX,2208,MAIL,TAKE BACK RETURN,43.00,45070.02,0.03,1995-05-01,4-NOT SPECIFIED,298951.83,Customer#000000338,FURNITURE,4092.49,UNITED KINGDOM,EUROPE,17,PERU,1,ly final foxes. blithely ironic accounts haggle. regular foxes about the regular deposits are furiously ir
148,yellow white ghost lavender salmon,STANDARD PLATED STEEL,SM BOX,2208,MAIL,TAKE BACK RETURN,43.00,45070.02,0.03,1995-05-01,4-NOT SPECIFIED,298951.83,Customer#000000338,FURNITURE,4092.49,UNITED KINGDOM,EUROPE,18,CHINA,2,"ckly special packages cajole slyly. unusual, unusual theodolites mold furiously. slyly sile"
148,yellow white ghost lavender salmon,STANDARD PLATED STEEL,SM BOX,2208,MAIL,TAKE BACK RETURN,43.00,45070.02,0.03,1995-05-01,4-NOT SPECIFIED,298951.83,Customer#000000338,FURNITURE,4092.49,UNITED KINGDOM,EUROPE,19,ROMANIA,3,"sly blithe requests. thinly bold deposits above the blithely regular accounts nag special, final requests. care"
148,yellow white ghost lavender salmon,STANDARD PLATED STEEL,SM BOX,2208,MAIL,TAKE BACK RETURN,43.00,45070.02,0.03,1995-05-01,4-NOT SPECIFIED,298951.83,Customer#000000338,FURNITURE,4092.49,UNITED KINGDOM,EUROPE,20,SAUDI ARABIA,4,se slyly across the blithely regular deposits. deposits use carefully regular 
148,yellow white ghost lavender salmon,STANDARD PLATED STEEL,SM BOX,2208,MAIL,TAKE BACK RETURN,43.00,45070.02,0.03,1995-05-01,4-NOT SPECIFIED,298951.83,Customer#000000338,FURNITURE,4092.49,UNITED KINGDOM,EUROPE,21,VIETNAM,2,lly across the quickly even pinto beans. caref
148,yellow white ghost lavender salmon,STANDARD PLATED STEEL,SM BOX,2208,MAIL,TAKE BACK RETURN,43.00,45070.02,0.03,1995-05-01,4-NOT SPECIFIED,298951.83,Customer#000000338,FURNITURE,4092.49,UNITED KINGDOM,EUROPE,22,RUSSIA,3,uctions. furiously unusual instructions sleep furiously ironic packages. slyly 
148,yellow white ghost lavender salmon,STANDARD PLATED STEEL,SM BOX,2208,MAIL,TAKE BACK RETURN,43.00,45070.02,0.03,1995-05-01,4-NOT SPECIFIED,298951.83,Customer#000000338,FURNITURE,4092.49,UNITED KINGDOM,EUROPE,23,UNITED KINGDOM,3,"carefully pending courts sleep above the ironic, regular theo"
148,yellow white ghost lavender salmon,STANDARD PLATED STEEL,SM BOX,2208,MAIL,TAKE BACK RETURN,43.00,45070.02,0.03,1995-05-01,4-NOT SPECIFIED,298951.83,Customer#000000338,FURNITURE,4092.49,UNITED KINGDOM,EUROPE,24,UNITED STATES,1,ly ironic requests along the slyly bold ideas hang after the blithely special notornis; blithely even accounts
148,yellow white ghost lavender salmon,STANDARD PLATED STEEL,SM BOX,27363,REG AIR,TAKE BACK RETURN,21.00,22010.94,0.10,1995-10-19,3-MEDIUM,106063.70,Customer#000000518,BUILDING,9871.66,PERU,AMERICA,0,ALGERIA,0,furiously regular requests. platelets affix furious
148,yellow white ghost lavender salmon,STANDARD PLATED STEEL,SM BOX,27363,REG AIR,TAKE BACK RETURN,21.00,22010.94,0.10,1995-10-19,3-MEDIUM,106063.70,Customer#000000518,BUILDING,9871.66,PERU,AMERICA,1,ARGENTINA,1,"instructions wake quickly. final deposits haggle. final, silent theodolites "
148,yellow white ghost lavender salmon,STANDARD PLATED STEEL,SM BOX,27363,REG AIR,TAKE BACK RETURN,21.00,22010.94,0.10,1995-10-19,3-MEDIUM,106063.70,Customer#000000518,BUILDING,9871.66,PERU,AMERICA,2,BRAZIL,1,asymptotes use fluffily quickly bold instructions. slyly bold dependencies sleep carefully pending accounts
148,yellow white ghost lavender salmon,STANDARD PLATED STEEL,SM BOX,27363,REG AIR,TAKE BACK RETURN,21.00,22010.94,0.10,1995-10-19,3-MEDIUM,106063.70,Customer#000000518,BUILDING,9871.66,PERU,AMERICA,3,CANADA,1,ss deposits wake across the pending foxes. packages after the carefully bold requests integrate caref
148,yellow white ghost lavender salmon,STANDARD PLATED STEEL,SM BOX,27363,REG AIR,TAKE BACK RETURN,21.00,22010.94,0.10,1995-10-19,3-MEDIUM,106063.70,Customer#000000518,BUILDING,9871.66,PERU,AMERICA,4,EGYPT,4,"usly ironic, pending foxes. even, special instructions nag. sly, final foxes detect slyly fluffily "
148,yellow white ghost lavender salmon,STANDARD PLATED STEEL,SM BOX,27363,REG AIR,TAKE BACK RETURN,21.00,22010.94,0.10,1995-10-19,3-MEDIUM,106063.70,Customer#000000518,BUILDING,9871.66,PERU,AMERICA,5,ETHIOPIA,0,regular requests sleep carefull
148,yellow white ghost lavender salmon,STANDARD PLATED STEEL,SM BOX,27363,REG AIR,TAKE BACK RETURN,21.00,22010.94,0.10,1995-10-19,3-MEDIUM,106063.70,Customer#000000518,BUILDING,9871.66,PERU,AMERICA,6,FRANCE,3,oggedly. regular packages solve across
148,yellow white ghost lavender salmon,STANDARD PLATED STEEL,SM BOX,27363,REG AIR,TAKE BACK RETURN,21.00,22010.94,0.10,1995-10-19,3-MEDIUM,106063.70,Customer#000000518,BUILDING,9871.66,PERU,AMERICA,7,GERMANY,3,ong the regular requests: blithely silent pinto beans hagg
148,yellow white ghost lavender salmon,STANDARD PLATED STEEL,SM BOX,27363,REG AIR,TAKE BACK RETURN,21.00,22010.94,0.10,1995-10-19,3-MEDIUM,106063.70,Customer#000000518,BUILDING,9871.66,PERU,AMERICA,8,INDIA,2,uriously unusual deposits about the slyly final pinto beans could
148,yellow white ghost lavender salmon,STANDARD PLATED STEEL,SM BOX,27363,REG AIR,TAKE BACK RETURN,21.00,22010.94,0.10,1995-10-19,3-MEDIUM,106063.70,Customer#000000518,BUILDING,9871.66,PERU,AMERICA,9,INDONESIA,2,"d deposits sleep quickly according to the dogged, regular dolphins. special excuses haggle furiously special reque"
148,yellow white ghost lavender salmon,STANDARD PLATED STEEL,SM BOX,27363,REG AIR,TAKE BACK RETURN,21.00,22010.94,0.10,1995-10-19,3-MEDIUM,106063.70,Customer#000000518,BUILDING,9871.66,PERU,AMERICA,10,IRAN,4,furiously idle platelets nag. express asymptotes s
148,yellow white ghost lavender salmon,STANDARD PLATED STEEL,SM BOX,27363,REG AIR,TAKE BACK RETURN,21.00,22010.94,0.10,1995-10-19,3-MEDIUM,106063.70,Customer#000000518,BUILDING,9871.66,PERU,AMERICA,11,IRAQ,4,pendencies; slyly express foxes integrate carefully across the reg
148,yellow white ghost lavender salmon,STANDARD PLATED STEEL,SM BOX,27363,REG AIR,TAKE BACK RETURN,21.00,22010.94,0.10,1995-10-19,3-MEDIUM,106063.70,Customer#000000518,BUILDING,9871.66,PERU,AMERICA,12,JAPAN,2, quickly final packages. furiously i
148,yellow white ghost lavender salmon,STANDARD PLATED STEEL,SM BOX,27363,REG AIR,TAKE BACK RETURN,21.00,22010.94,0.10,1995-10-19,3-MEDIUM,106063.70,Customer#000000518,BUILDING,9871.66,PERU,AMERICA,13,JORDAN,4,the slyly regular ideas. silent Tiresias affix slyly fu
148,yellow white ghost lavender salmon,STANDARD PLATED STEEL,SM BOX,27363,REG AIR,TAKE BACK RETURN,21.00,22010.94,0.10,1995-10-19,3-MEDIUM,106063.70,Customer#000000518,BUILDING,9871.66,PERU,AMERICA,14,KENYA,0,lyly special foxes. slyly regular deposits sleep carefully. carefully permanent accounts slee
148,yellow white ghost lavender salmon,STANDARD PLATED STEEL,SM BOX,27363,REG AIR,TAKE BACK RETURN,21.00,22010.94,0.10,1995-10-19,3-MEDIUM,106063.70,Customer#000000518,BUILDING,9871.66,PERU,AMERICA,15,MOROCCO,0,ct blithely: blithely express accounts nag carefully. silent packages haggle carefully abo
148,yellow white ghost lavender salmon,STANDARD PLATED STEEL,SM BOX,27363,REG AIR,TAKE BACK RETURN,21.00,22010.94,0.10,1995-10-19,3-MEDIUM,106063.70,Customer#000000518,BUILDING,9871.66,PERU,AMERICA,16,MOZAMBIQUE,0, beans after the carefully regular accounts r
148,yellow white ghost lavender salmon,STANDARD PLATED STEEL,SM BOX,27363,REG AIR,TAKE BACK RETURN,21.00,22010.94,0.10,1995-10-19,3-MEDIUM,106063.70,Customer#000000518,BUILDING,9871.66,PERU,AMERICA,17,PERU,1,ly final foxes. blithely ironic accounts haggle. regular foxes about the regular deposits are furiously ir
148,yellow white ghost lavender salmon,STANDARD PLATED STEEL,SM BOX,27363,REG AIR,TAKE BACK RETURN,21.00,22010.94,0.10,1995-10-19,3-MEDIUM,106063.70,Customer#000000518,BUILDING,9871.66,PERU,AMERICA,18,CHINA,2,"ckly special packages cajole slyly. unusual, unusual theodolites mold furiously. slyly sile"
148,yellow white ghost lavender salmon,STANDARD PLATED STEEL,SM BOX,27363,REG AIR,TAKE BACK RETURN,21.00,22010.94,0.10,1995-10-19,3-MEDIUM,106063.70,Customer#000000518,BUILDING,9871.66,PERU,AMERICA,19,ROMANIA,3,"sly blithe requests. thinly bold deposits above the blithely regular accounts nag special, final requests. care"
148,yellow white ghost lavender salmon,STANDARD PLATED STEEL,SM BOX,27363,REG AIR,TAKE BACK RETURN,21.00,22010.94,0.10,1995-10-19,3-MEDIUM,106063.70,Customer#000000518,BUILDING,9871.66,PERU,AMERICA,20,SAUDI ARABIA,4,se slyly across the blithely regular deposits. deposits use carefully regular 
148,yellow white ghost lavender salmon,STANDARD PLATED STEEL,SM BOX,27363,REG AIR,TAKE BACK RETURN,21.00,22010.94,0.10,1995-10-19,3-MEDIUM,106063.70,Customer#000000518,BUILDING,9871.66,PERU,AMERICA,21,VIETNAM,2,lly across the quickly even pinto beans. caref
148,yellow white ghost lavender salmon,STANDARD PLATED STEEL,SM BOX,27363,REG AIR,TAKE BACK RETURN,21.00,22010.94,0.10,1995-10-19,3-MEDIUM,106063.70,Customer#000000518,BUILDING,9871.66,PERU,AMERICA,22,RUSSIA,3,uctions. furiously unusual instructions sleep furiously ironic packages. slyly 
148,yellow white ghost lavender salmon,STANDARD PLATED STEEL,SM BOX,27363,REG AIR,TAKE BACK RETURN,21.00,22010.94,0.10,1995-10-19,3-MEDIUM,106063.70,Customer#000000518,BUILDING,9871.66,PERU,AMERICA,23,UNITED KINGDOM,3,"carefully pending courts sleep above the ironic, regular theo"
148,yellow white ghost lavender salmon,STANDARD PLATED STEEL,SM BOX,27363,REG AIR,TAKE BACK RETURN,21.00,22010.94,0.10,1995-10-19,3-MEDIUM,106063.70,Customer#000000518,BUILDING,9871.66,PERU,AMERICA,24,UNITED STATES,1,ly ironic requests along the slyly bold ideas hang after the blithely special notornis; blithely even accounts
166,linen bisque tomato gainsboro goldenrod,LARGE POLISHED COPPER,MED BAG,4646,TRUCK,TAKE BACK RETURN,18.00,19190.88,0.01,1996-06-18,1-URGENT,170926.97,Customer#000000413,FURNITURE,5817.90,FRANCE,EUROPE,0,ALGERIA,0,furiously regular requests. platelets affix furious
166,linen bisque tomato gainsboro goldenrod,LARGE POLISHED COPPER,MED BAG,4646,TRUCK,TAKE BACK RETURN,18.00,19190.88,0.01,1996-06-18,1-URGENT,170926.97,Customer#000000413,FURNITURE,5817.90,FRANCE,EUROPE,1,ARGENTINA,1,"instructions wake quickly. final deposits haggle. final, silent theodolites "
166,linen bisque tomato gainsboro goldenrod,LARGE POLISHED COPPER,MED BAG,4646,TRUCK,TAKE BACK RETURN,18.00,19190.88,0.01,1996-06-18,1-URGENT,170926.97,Customer#000000413,FURNITURE,5817.90,FRANCE,EUROPE,2,BRAZIL,1,asymptotes use fluffily quickly bold instructions. slyly bold dependencies sleep carefully pending accounts
166,linen bisque tomato gainsboro goldenrod,LARGE POLISHED COPPER,MED BAG,4646,TRUCK,TAKE BACK RETURN,18.00,19190.88,0.01,1996-06-18,1-URGENT,170926.97,Customer#000000413,FURNITURE,5817.90,FRANCE,EUROPE,3,CANADA,1,ss deposits wake across the pending foxes. packages after the carefully bold requests integrate caref
166,linen bisque tomato gainsboro goldenrod,LARGE POLISHED COPPER,MED BAG,4646,TRUCK,TAKE BACK RETURN,18.00,19190.88,0.01,1996-06-18,1-URGENT,170926.97,Customer#000000413,FURNITURE,5817.90,FRANCE,EUROPE,4,EGYPT,4,"usly ironic, pending foxes. even, special instructions nag. sly, final foxes detect slyly fluffily "
166,linen bisque tomato gainsboro goldenrod,LARGE POLISHED COPPER,MED BAG,4646,TRUCK,TAKE BACK RETURN,18.00,19190.88,0.01,1996-06-18,1-URGENT,170926.97,Customer#000000413,FURNITURE,5817.90,FRANCE,EUROPE,5,ETHIOPIA,0,regular requests sleep carefull
166,linen bisque tomato gainsboro goldenrod,LARGE POLISHED COPPER,MED BAG,4646,TRUCK,TAKE BACK RETURN,18.00,19190.88,0.01,1996-06-18,1-URGENT,170926.97,Customer#000000413,FURNITURE,5817.90,FRANCE,EUROPE,6,FRANCE,3,oggedly. regular packages solve across
166,linen bisque tomato gainsboro goldenrod,LARGE POLISHED COPPER,MED BAG,4646,TRUCK,TAKE BACK RETURN,18.00,19190.88,0.01,1996-06-18,1-URGENT,170926.97,Customer#000000413,FURNITURE,5817.90,FRANCE,EUROPE,7,GERMANY,3,ong the regular requests: blithely silent pinto beans hagg
166,linen bisque tomato gainsboro goldenrod,LARGE POLISHED COPPER,MED BAG,4646,TRUCK,TAKE BACK RETURN,18.00,19190.88,0.01,1996-06-18,1-URGENT,170926.97,Customer#000000413,FURNITURE,5817.90,FRANCE,EUROPE,8,INDIA,2,uriously unusual deposits about the slyly final pinto beans could
166,linen bisque tomato gainsboro goldenrod,LARGE POLISHED COPPER,MED BAG,4646,TRUCK,TAKE BACK RETURN,18.00,19190.88,0.01,1996-06-18,1-URGENT,170926.97,Customer#000000413,FURNITURE,5817.90,FRANCE,EUROPE,9,INDONESIA,2,"d deposits sleep quickly according to the dogged, regular dolphins. special excuses haggle furiously special reque"
166,linen bisque tomato gainsboro goldenrod,LARGE POLISHED COPPER,MED BAG,4646,TRUCK,TAKE BACK RETURN,18.00,19190.88,0.01,1996-06-18,1-URGENT,170926.97,Customer#000000413,FURNITURE,5817.90,FRANCE,EUROPE,10,IRAN,4,furiously idle platelets nag. express asymptotes s
166,linen bisque tomato gainsboro goldenrod,LARGE POLISHED COPPER,MED BAG,4646,TRUCK,TAKE BACK RETURN,18.00,19190.88,0.01,1996-06-18,1-URGENT,170926.97,Customer#000000413,FURNITURE,5817.90,FRANCE,EUROPE,11,IRAQ,4,pendencies; slyly express foxes integrate carefully across the reg
166,linen bisque tomato gainsboro goldenrod,LARGE POLISHED COPPER,MED BAG,4646,TRUCK,TAKE BACK RETURN,18.00,19190.88,0.01,1996-06-18,1-URGENT,170926.97,Customer#000000413,FURNITURE,5817.90,FRANCE,EUROPE,12,JAPAN,2, quickly final packages. furiously i
166,linen bisque tomato gainsboro goldenrod,LARGE POLISHED COPPER,MED BAG,4646,TRUCK,TAKE BACK RETURN,18.00,19190.88,0.01,1996-06-18,1-URGENT,170926.97,Customer#000000413,FURNITURE,5817.90,FRANCE,EUROPE,13,JORDAN,4,the slyly regular ideas. silent Tiresias affix slyly fu
166,linen bisque tomato gainsboro goldenrod,LARGE POLISHED COPPER,MED BAG,4646,TRUCK,TAKE BACK RETURN,18.00,19190.88,0.01,1996-06-18,1-URGENT,170926.97,Customer#000000413,FURNITURE,5817.90,FRANCE,EUROPE,14,KENYA,0,lyly special foxes. slyly regular deposits sleep carefully. carefully permanent accounts slee
166,linen bisque tomato gainsboro goldenrod,LARGE POLISHED COPPER,MED BAG,4646,TRUCK,TAKE BACK RETURN,18.00,19190.88,0.01,1996-06-18,1-URGENT,170926.97,Customer#000000413,FURNITURE,5817.90,FRANCE,EUROPE,15,MOROCCO,0,ct blithely: blithely express accounts nag carefully. silent packages haggle carefully abo
166,linen bisque tomato gainsboro goldenrod,LARGE POLISHED COPPER,MED BAG,4646,TRUCK,TAKE BACK RETURN,18.00,19190.88,0.01,1996-06-18,1-URGENT,170926.97,Customer#000000413,FURNITURE,5817.90,FRANCE,EUROPE,16,MOZAMBIQUE,0, beans after the carefully regular accounts r
166,linen bisque tomato gainsboro goldenrod,LARGE POLISHED COPPER,MED BAG,4646,TRUCK,TAKE BACK RETURN,18.00,19190.88,0.01,1996-06-18,1-URGENT,170926.97,Customer#000000413,FURNITURE,5817.90,FRANCE,EUROPE,17,PERU,1,ly final foxes. blithely ironic accounts haggle. regular foxes about the regular deposits are furiously ir
166,linen bisque tomato gainsboro goldenrod,LARGE POLISHED COPPER,MED BAG,4646,TRUCK,TAKE BACK RETURN,18.00,19190.88,0.01,1996-06-18,1-URGENT,170926.97,Customer#000000413,FURNITURE,5817.90,FRANCE,EUROPE,18,CHINA,2,"ckly special packages cajole slyly. unusual, unusual theodolites mold furiously. slyly sile"
166,linen bisque tomato gainsboro goldenrod,LARGE POLISHED COPPER,MED BAG,4646,TRUCK,TAKE BACK RETURN,18.00,19190.88,0.01,1996-06-18,1-URGENT,170926.97,Customer#000000413,FURNITURE,5817.90,FRANCE,EUROPE,19,ROMANIA,3,"sly blithe requests. thinly bold deposits above the blithely regular accounts nag special, final requests. care"
166,linen bisque tomato gainsboro goldenrod,LARGE POLISHED COPPER,MED BAG,4646,TRUCK,TAKE BACK RETURN,18.00,19190.88,0.01,1996-06-18,1-URGENT,170926.97,Customer#000000413,FURNITURE,5817.90,FRANCE,EUROPE,20,SAUDI ARABIA,4,se slyly across the blithely regular deposits. deposits use carefully regular 
166,linen bisque tomato gainsboro goldenrod,LARGE POLISHED COPPER,MED BAG,4646,TRUCK,TAKE BACK RETURN,18.00,19190.88,0.01,1996-06-18,1-URGENT,170926.97,Customer#000000413,FURNITURE,5817.90,FRANCE,EUROPE,21,VIETNAM,2,lly across the quickly even pinto beans. caref
166,linen bisque tomato gainsboro goldenrod,LARGE POLISHED COPPER,MED BAG,4646,TRUCK,TAKE BACK RETURN,18.00,19190.88,0.01,1996-06-18,1-URGENT,170926.97,Customer#000000413,FURNITURE,5817.90,FRANCE,EUROPE,22,RUSSIA,3,uctions. furiously unusual instructions sleep furiously ironic packages. slyly 
166,linen bisque tomato gainsboro goldenrod,LARGE POLISHED COPPER,MED BAG,4646,TRUCK,TAKE BACK RETURN,18.00,19190.88,0.01,1996-06-18,1-URGENT,170926.97,Customer#000000413,FURNITURE,5817.90,FRANCE,EUROPE,23,UNITED KINGDOM,3,"carefully pending courts sleep above the ironic, regular theo"
166,linen bisque tomato gainsboro goldenrod,LARGE POLISHED COPPER,MED BAG,4646,TRUCK,TAKE BACK RETURN,18.00,19190.88,0.01,1996-06-18,1-URGENT,170926.97,Customer#000000413,FURNITURE,5817.90,FRANCE,EUROPE,24,UNITED STATES,1,ly ironic requests along the slyly bold ideas hang after the blithely special notornis; blithely even accounts
192,thistle puff pink cream orange,STANDARD BRUSHED COPPER,MED BAG,19232,REG AIR,TAKE BACK RETURN,29.00,31673.51,0.10,1994-07-13,5-LOW,155251.15,Customer#000000268,MACHINERY,6821.01,CANADA,AMERICA,0,ALGERIA,0,furiously regular requests. platelets affix furious
192,thistle puff pink cream orange,STANDARD BRUSHED COPPER,MED BAG,19232,REG AIR,TAKE BACK RETURN,29.00,31673.51,0.10,1994-07-13,5-LOW,155251.15,Customer#000000268,MACHINERY,6821.01,CANADA,AMERICA,1,ARGENTINA,1,"instructions wake quickly. final deposits haggle. final, silent theodolites "
192,thistle puff pink cream orange,STANDARD BRUSHED COPPER,MED BAG,19232,REG AIR,TAKE BACK RETURN,29.00,31673.51,0.10,1994-07-13,5-LOW,155251.15,Customer#000000268,MACHINERY,6821.01,CANADA,AMERICA,2,BRAZIL,1,asymptotes use fluffily quickly bold instructions. slyly bold dependencies sleep carefully pending accounts
192,thistle puff pink cream orange,STANDARD BRUSHED COPPER,MED BAG,19232,REG AIR,TAKE BACK RETURN,29.00,31673.51,0.10,1994-07-13,5-LOW,155251.15,Customer#000000268,MACHINERY,6821.01,CANADA,AMERICA,3,CANADA,1,ss deposits wake across the pending foxes. packages after the carefully bold requests integrate caref
192,thistle puff pink cream orange,STANDARD BRUSHED COPPER,MED BAG,19232,REG AIR,TAKE BACK RETURN,29.00,31673.51,0.10,1994-07-13,5-LOW,155251.15,Customer#000000268,MACHINERY,6821.01,CANADA,AMERICA,4,EGYPT,4,"usly ironic, pending foxes. even, special instructions nag. sly, final foxes detect slyly fluffily "
192,thistle puff pink cream orange,STANDARD BRUSHED COPPER,MED BAG,19232,REG AIR,TAKE BACK RETURN,29.00,31673.51,0.10,1994-07-13,5-LOW,155251.15,Customer#000000268,MACHINERY,6821.01,CANADA,AMERICA,5,ETHIOPIA,0,regular requests sleep carefull
192,thistle puff pink cream orange,STANDARD BRUSHED COPPER,MED BAG,19232,REG AIR,TAKE BACK RETURN,29.00,31673.51,0.10,1994-07-13,5-LOW,155251.15,Customer#000000268,MACHINERY,6821.01,CANADA,AMERICA,6,FRANCE,3,oggedly. regular packages solve across
192,thistle puff pink cream orange,STANDARD BRUSHED COPPER,MED BAG,19232,REG AIR,TAKE BACK RETURN,29.00,31673.51,0.10,1994-07-13,5-LOW,155251.15,Customer#000000268,MACHINERY,6821.01,CANADA,AMERICA,7,GERMANY,3,ong the regular requests: blithely silent pinto beans hagg
192,thistle puff pink cream orange,STANDARD BRUSHED COPPER,MED BAG,19232,REG AIR,TAKE BACK RETURN,29.00,31673.51,0.10,1994-07-13,5-LOW,155251.15,Customer#000000268,MACHINERY,6821.01,CANADA,AMERICA,8,INDIA,2,uriously unusual deposits about the slyly final pinto beans could
192,thistle puff pink cream orange,STANDARD BRUSHED COPPER,MED BAG,19232,REG AIR,TAKE BACK RETURN,29.00,31673.51,0.10,1994-07-13,5-LOW,155251.15,Customer#000000268,MACHINERY,6821.01,CANADA,AMERICA,9,INDONESIA,2,"d deposits sleep quickly according to the dogged, regular dolphins. special excuses haggle furiously special reque"
192,thistle puff pink cream orange,STANDARD BRUSHED COPPER,MED BAG,19232,REG AIR,TAKE BACK RETURN,29.00,31673.51,0.10,1994-07-13,5-LOW,155251.15,Customer#000000268,MACHINERY,6821.01,CANADA,AMERICA,10,IRAN,4,furiously idle platelets nag. express asymptotes s
192,thistle puff pink cream orange,STANDARD BRUSHED COPPER,MED BAG,19232,REG AIR,TAKE BACK RETURN,29.00,31673.51,0.10,1994-07-13,5-LOW,155251.15,Customer#000000268,MACHINERY,6821.01,CANADA,AMERICA,11,IRAQ,4,pendencies; slyly express foxes integrate carefully across the reg
192,thistle puff pink cream orange,STANDARD BRUSHED COPPER,MED BAG,19232,REG AIR,TAKE BACK RETURN,29.00,31673.51,0.10,1994-07-13,5-LOW,155251.15,Customer#000000268,MACHINERY,6821.01,CANADA,AMERICA,12,JAPAN,2, quickly final packages. furiously i
192,thistle puff pink cream orange,STANDARD BRUSHED COPPER,MED BAG,19232,REG AIR,TAKE BACK RETURN,29.00,31673.51,0.10,1994-07-13,5-LOW,155251.15,Customer#000000268,MACHINERY,6821.01,CANADA,AMERICA,13,JORDAN,4,the slyly regular ideas. silent Tiresias affix slyly fu
192,thistle puff pink cream orange,STANDARD BRUSHED COPPER,MED BAG,19232,REG AIR,TAKE BACK RETURN,29.00,31673.51,0.10,1994-07-13,5-LOW,155251.15,Customer#000000268,MACHINERY,6821.01,CANADA,AMERICA,14,KENYA,0,lyly special foxes. slyly regular deposits sleep carefully. carefully permanent accounts slee
192,thistle puff pink cream orange,STANDARD BRUSHED COPPER,MED BAG,19232,REG AIR,TAKE BACK RETURN,29.00,31673.51,0.10,1994-07-13,5-LOW,155251.15,Customer#000000268,MACHINERY,6821.01,CANADA,AMERICA,15,MOROCCO,0,ct blithely: blithely express accounts nag carefully. silent packages haggle carefully abo
192,thistle puff pink cream orange,STANDARD BRUSHED COPPER,MED BAG,19232,REG AIR,TAKE BACK RETURN,29.00,31673.51,0.10,1994-07-13,5-LOW,155251.15,Customer#000000268,MACHINERY,6821.01,CANADA,AMERICA,16,MOZAMBIQUE,0, beans after the carefully regular accounts r
192,thistle puff pink cream orange,STANDARD BRUSHED COPPER,MED BAG,19232,REG AIR,TAKE BACK RETURN,29.00,31673.51,0.10,1994-07-13,5-LOW,155251.15,Customer#000000268,MACHINERY,6821.01,CANADA,AMERICA,17,PERU,1,ly final foxes. blithely ironic accounts haggle. regular foxes about the regular deposits are furiously ir
192,thistle puff pink cream orange,STANDARD BRUSHED COPPER,MED BAG,19232,REG AIR,TAKE BACK RETURN,29.00,31673.51,0.10,1994-07-13,5-LOW,155251.15,Customer#000000268,MACHINERY,6821.01,CANADA,AMERICA,18,CHINA,2,"ckly special packages cajole slyly. unusual, unusual theodolites mold furiously. slyly sile"
192,thistle puff pink cream orange,STANDARD BRUSHED COPPER,MED BAG,19232,REG AIR,TAKE BACK RETURN,29.00,31673.51,0.10,1994-07-13,5-LOW,155251.15,Customer#000000268,MACHINERY,6821.01,CANADA,AMERICA,19,ROMANIA,3,"sly blithe requests. thinly bold deposits above the blithely regular accounts nag special, final requests. care"
192,thistle puff pink cream orange,STANDARD BRUSHED COPPER,MED BAG,19232,REG AIR,TAKE BACK RETURN,29.00,31673.51,0.10,1994-07-13,5-LOW,155251.15,Customer#000000268,MACHINERY,6821.01,CANADA,AMERICA,20,SAUDI ARABIA,4,se slyly across the blithely regular deposits. deposits use carefully regular 
192,thistle puff pink cream orange,STANDARD BRUSHED COPPER,MED BAG,19232,REG AIR,TAKE BACK RETURN,29.00,31673.51,0.10,1994-07-13,5-LOW,155251.15,Customer#000000268,MACHINERY,6821.01,CANADA,AMERICA,21,VIETNAM,2,lly across the quickly even pinto beans. caref
192,thistle puff pink cream orange,STANDARD BRUSHED COPPER,MED BAG,19232,REG AIR,TAKE BACK RETURN,29.00,31673.51,0.10,1994-07-13,5-LOW,155251.15,Customer#000000268,MACHINERY,6821.01,CANADA,AMERICA,22,RUSSIA,3,uctions. furiously unusual instructions sleep furiously ironic packages. slyly 
192,thistle puff pink cream orange,STANDARD BRUSHED COPPER,MED BAG,19232,REG AIR,TAKE BACK RETURN,29.00,31673.51,0.10,1994-07-13,5-LOW,155251.15,Customer#000000268,MACHINERY,6821.01,CANADA,AMERICA,23,UNITED KINGDOM,3,"carefully pending courts sleep above the ironic, regular theo"
192,thistle puff pink cream orange,STANDARD BRUSHED COPPER,MED BAG,19232,REG AIR,TAKE BACK RETURN,29.00,31673.51,0.10,1994-07-13,5-LOW,155251.15,Customer#000000268,MACHINERY,6821.01,CANADA,AMERICA,24,UNITED STATES,1,ly ironic requests along the slyly bold ideas hang after the blithely special notornis; blithely even accounts
192,thistle puff pink cream orange,STANDARD BRUSHED COPPER,MED BAG,22372,MAIL,TAKE BACK RETURN,35.00,38226.65,0.01,1997-04-04,2-HIGH,269175.62,Customer#000000385,AUTOMOBILE,2457.09,CANADA,AMERICA,0,ALGERIA,0,furiously regular requests. platelets affix furious
192,thistle puff pink cream orange,STANDARD BRUSHED COPPER,MED BAG,22372,MAIL,TAKE BACK RETURN,35.00,38226.65,0.01,1997-04-04,2-HIGH,269175.62,Customer#000000385,AUTOMOBILE,2457.09,CANADA,AMERICA,1,ARGENTINA,1,"instructions wake quickly. final deposits haggle. final, silent theodolites "
192,thistle puff pink cream orange,STANDARD BRUSHED COPPER,MED BAG,22372,MAIL,TAKE BACK RETURN,35.00,38226.65,0.01,1997-04-04,2-HIGH,269175.62,Customer#000000385,AUTOMOBILE,2457.09,CANADA,AMERICA,2,BRAZIL,1,asymptotes use fluffily quickly bold instructions. slyly bold dependencies sleep carefully pending accounts
192,thistle puff pink cream orange,STANDARD BRUSHED COPPER,MED BAG,22372,MAIL,TAKE BACK RETURN,35.00,38226.65,0.01,1997-04-04,2-HIGH,269175.62,Customer#000000385,AUTOMOBILE,2457.09,CANADA,AMERICA,3,CANADA,1,ss deposits wake across the pending foxes. packages after the carefully bold requests integrate caref
192,thistle puff pink cream orange,STANDARD BRUSHED COPPER,MED BAG,22372,MAIL,TAKE BACK RETURN,35.00,38226.65,0.01,1997-04-04,2-HIGH,269175.62,Customer#000000385,AUTOMOBILE,2457.09,CANADA,AMERICA,4,EGYPT,4,"usly ironic, pending foxes. even, special instructions nag. sly, final foxes detect slyly fluffily "
192,thistle puff pink cream orange,STANDARD BRUSHED COPPER,MED BAG,22372,MAIL,TAKE BACK RETURN,35.00,38226.65,0.01,1997-04-04,2-HIGH,269175.62,Customer#000000385,AUTOMOBILE,2457.09,CANADA,AMERICA,5,ETHIOPIA,0,regular requests sleep carefull
192,thistle puff pink cream orange,STANDARD BRUSHED COPPER,MED BAG,22372,MAIL,TAKE BACK RETURN,35.00,38226.65,0.01,1997-04-04,2-HIGH,269175.62,Customer#000000385,AUTOMOBILE,2457.09,CANADA,AMERICA,6,FRANCE,3,oggedly. regular packages solve across
192,thistle puff pink cream orange,STANDARD BRUSHED COPPER,MED BAG,22372,MAIL,TAKE BACK RETURN,35.00,38226.65,0.01,1997-04-04,2-HIGH,269175.62,Customer#000000385,AUTOMOBILE,2457.09,CANADA,AMERICA,7,GERMANY,3,ong the regular requests: blithely silent pinto beans hagg
192,thistle puff pink cream orange,STANDARD BRUSHED COPPER,MED BAG,22372,MAIL,TAKE BACK RETURN,35.00,38226.65,0.01,1997-04-04,2-HIGH,269175.62,Customer#000000385,AUTOMOBILE,2457.09,CANADA,AMERICA,8,INDIA,2,uriously unusual deposits about the slyly final pinto beans could
192,thistle puff pink cream orange,STANDARD BRUSHED COPPER,MED BAG,22372,MAIL,TAKE BACK RETURN,35.00,38226.65,0.01,1997-04-04,2-HIGH,269175.62,Customer#000000385,AUTOMOBILE,2457.09,CANADA,AMERICA,9,INDONESIA,2,"d deposits sleep quickly according to the dogged, regular dolphins. special excuses haggle furiously special reque"
192,thistle puff pink cream orange,STANDARD BRUSHED COPPER,MED BAG,22372,MAIL,TAKE BACK RETURN,35.00,38226.65,0.01,1997-04-04,2-HIGH,269175.62,Customer#000000385,AUTOMOBILE,2457.09,CANADA,AMERICA,10,IRAN,4,furiously idle platelets nag. express asymptotes s
192,thistle puff pink cream orange,STANDARD BRUSHED COPPER,MED BAG,22372,MAIL,TAKE BACK RETURN,35.00,38226.65,0.01,1997-04-04,2-HIGH,269175.62,Customer#000000385,AUTOMOBILE,2457.09,CANADA,AMERICA,11,IRAQ,4,pendencies; slyly express foxes integrate carefully across the reg
192,thistle puff pink cream orange,STANDARD BRUSHED COPPER,MED BAG,22372,MAIL,TAKE BACK RETURN,35.00,38226.65,0.01,1997-04-04,2-HIGH,269175.62,Customer#000000385,AUTOMOBILE,2457.09,CANADA,AMERICA,12,JAPAN,2, quickly final packages. furiously i
192,thistle puff pink cream orange,STANDARD BRUSHED COPPER,MED BAG,22372,MAIL,TAKE BACK RETURN,35.00,38226.65,0.01,1997-04-04,2-HIGH,269175.62,Customer#000000385,AUTOMOBILE,2457.09,CANADA,AMERICA,13,JORDAN,4,the slyly regular ideas. silent Tiresias affix slyly fu
192,thistle puff pink cream orange,STANDARD BRUSHED COPPER,MED BAG,22372,MAIL,TAKE BACK RETURN,35.00,38226.65,0.01,1997-04-04,2-HIGH,269175.62,Customer#000000385,AUTOMOBILE,2457.09,CANADA,AMERICA,14,KENYA,0,lyly special foxes. slyly regular deposits sleep carefully. carefully permanent accounts slee
192,thistle puff pink cream orange,STANDARD BRUSHED COPPER,MED BAG,22372,MAIL,TAKE BACK RETURN,35.00,38226.65,0.01,1997-04-04,2-HIGH,269175.62,Customer#000000385,AUTOMOBILE,2457.09,CANADA,AMERICA,15,MOROCCO,0,ct blithely: blithely express accounts nag carefully. silent packages haggle carefully abo
192,thistle puff pink cream orange,STANDARD BRUSHED COPPER,MED BAG,22372,MAIL,TAKE BACK RETURN,35.00,38226.65,0.01,1997-04-04,2-HIGH,269175.62,Customer#000000385,AUTOMOBILE,2457.09,CANADA,AMERICA,16,MOZAMBIQUE,0, beans after the carefully regular accounts r
192,thistle puff pink cream orange,STANDARD BRUSHED COPPER,MED BAG,22372,MAIL,TAKE BACK RETURN,35.00,38226.65,0.01,1997-04-04,2-HIGH,269175.62,Customer#000000385,AUTOMOBILE,2457.09,CANADA,AMERICA,17,PERU,1,ly final foxes. blithely ironic accounts haggle. regular foxes about the regular deposits are furiously ir
192,thistle puff pink cream orange,STANDARD BRUSHED COPPER,MED BAG,22372,MAIL,TAKE BACK RETURN,35.00,38226.65,0.01,1997-04-04,2-HIGH,269175.62,Customer#000000385,AUTOMOBILE,2457.09,CANADA,AMERICA,18,CHINA,2,"ckly special packages cajole slyly. unusual, unusual theodolites mold furiously. slyly sile"
192,thistle puff pink cream orange,STANDARD BRUSHED COPPER,MED BAG,22372,MAIL,TAKE BACK RETURN,35.00,38226.65,0.01,1997-04-04,2-HIGH,269175.62,Customer#000000385,AUTOMOBILE,2457.09,CANADA,AMERICA,19,ROMANIA,3,"sly blithe requests. thinly bold deposits above the blithely regular accounts nag special, final requests. care"
192,thistle puff pink cream orange,STANDARD BRUSHED COPPER,MED BAG,22372,MAIL,TAKE BACK RETURN,35.00,38226.65,0.01,1997-04-04,2-HIGH,269175.62,Customer#000000385,AUTOMOBILE,2457.09,CANADA,AMERICA,20,SAUDI ARABIA,4,se slyly across the blithely regular deposits. deposits use carefully regular 
192,thistle puff pink cream orange,STANDARD BRUSHED COPPER,MED BAG,22372,MAIL,TAKE BACK RETURN,35.00,38226.65,0.01,1997-04-04,2-HIGH,269175.62,Customer#000000385,AUTOMOBILE,2457.09,CANADA,AMERICA,21,VIETNAM,2,lly across the quickly even pinto beans. caref
192,thistle puff pink cream orange,STANDARD BRUSHED COPPER,MED BAG,22372,MAIL,TAKE BACK RETURN,35.00,38226.65,0.01,1997-04-04,2-HIGH,269175.62,Customer#000000385,AUTOMOBILE,2457.09,CANADA,AMERICA,22,RUSSIA,3,uctions. furiously unusual instructions sleep furiously ironic packages. slyly 
192,thistle puff pink cream orange,STANDARD BRUSHED COPPER,MED BAG,22372,MAIL,TAKE BACK RETURN,35.00,38226.65,0.01,1997-04-04,2-HIGH,269175.62,Customer#000000385,AUTOMOBILE,2457.09,CANADA,AMERICA,23,UNITED KINGDOM,3,"carefully pending courts sleep above the ironic, regular theo"
192,thistle puff pink cream orange,STANDARD BRUSHED COPPER,MED BAG,22372,MAIL,TAKE BACK RETURN,35.00,38226.65,0.01,1997-04-04,2-HIGH,269175.62,Customer#000000385,AUTOMOBILE,2457.09,CANADA,AMERICA,24,UNITED STATES,1,ly ironic requests along the slyly bold ideas hang after the blithely special notornis; blithely even accounts
192,thistle puff pink cream orange,STANDARD BRUSHED COPPER,MED BAG,24103,MAIL,TAKE BACK RETURN,34.00,37134.46,0.03,1994-09-14,3-MEDIUM,326771.83,Customer#000000434,MACHINERY,2940.46,CANADA,AMERICA,0,ALGERIA,0,furiously regular requests. platelets affix furious
192,thistle puff pink cream orange,STANDARD BRUSHED COPPER,MED BAG,24103,MAIL,TAKE BACK RETURN,34.00,37134.46,0.03,1994-09-14,3-MEDIUM,326771.83,Customer#000000434,MACHINERY,2940.46,CANADA,AMERICA,1,ARGENTINA,1,"instructions wake quickly. final deposits haggle. final, silent theodolites "
192,thistle puff pink cream orange,STANDARD BRUSHED COPPER,MED BAG,24103,MAIL,TAKE BACK RETURN,34.00,37134.46,0.03,1994-09-14,3-MEDIUM,326771.83,Customer#000000434,MACHINERY,2940.46,CANADA,AMERICA,2,BRAZIL,1,asymptotes use fluffily quickly bold instructions. slyly bold dependencies sleep carefully pending accounts
192,thistle puff pink cream orange,STANDARD BRUSHED COPPER,MED BAG,24103,MAIL,TAKE BACK RETURN,34.00,37134.46,0.03,1994-09-14,3-MEDIUM,326771.83,Customer#000000434,MACHINERY,2940.46,CANADA,AMERICA,3,CANADA,1,ss deposits wake across the pending foxes. packages after the carefully bold requests integrate caref
192,thistle puff pink cream orange,STANDARD BRUSHED COPPER,MED BAG,24103,MAIL,TAKE BACK RETURN,34.00,37134.46,0.03,1994-09-14,3-MEDIUM,326771.83,Customer#000000434,MACHINERY,2940.46,CANADA,AMERICA,4,EGYPT,4,"usly ironic, pending foxes. even, special instructions nag. sly, final foxes detect slyly fluffily "
192,thistle puff pink cream orange,STANDARD BRUSHED COPPER,MED BAG,24103,MAIL,TAKE BACK RETURN,34.00,37134.46,0.03,1994-09-14,3-MEDIUM,326771.83,Customer#000000434,MACHINERY,2940.46,CANADA,AMERICA,5,ETHIOPIA,0,regular requests sleep carefull
192,thistle puff pink cream orange,STANDARD BRUSHED COPPER,MED BAG,24103,MAIL,TAKE BACK RETURN,34.00,37134.46,0.03,1994-09-14,3-MEDIUM,326771.83,Customer#000000434,MACHINERY,2940.46,CANADA,AMERICA,6,FRANCE,3,oggedly. regular packages solve across
192,thistle puff pink cream orange,STANDARD BRUSHED COPPER,MED BAG,24103,MAIL,TAKE BACK RETURN,34.00,37134.46,0.03,1994-09-14,3-MEDIUM,326771.83,Customer#000000434,MACHINERY,2940.46,CANADA,AMERICA,7,GERMANY,3,ong the regular requests: blithely silent pinto beans hagg
192,thistle puff pink cream orange,STANDARD BRUSHED COPPER,MED BAG,24103,MAIL,TAKE BACK RETURN,34.00,37134.46,0.03,1994-09-14,3-MEDIUM,326771.83,Customer#000000434,MACHINERY,2940.46,CANADA,AMERICA,8,INDIA,2,uriously unusual deposits about the slyly final pinto beans could
192,thistle puff pink cream orange,STANDARD BRUSHED COPPER,MED BAG,24103,MAIL,TAKE BACK RETURN,34.00,37134.46,0.03,1994-09-14,3-MEDIUM,326771.83,Customer#000000434,MACHINERY,2940.46,CANADA,AMERICA,9,INDONESIA,2,"d deposits sleep quickly according to the dogged, regular dolphins. special excuses haggle furiously special reque"
192,thistle puff pink cream orange,STANDARD BRUSHED COPPER,MED BAG,24103,MAIL,TAKE BACK RETURN,34.00,37134.46,0.03,1994-09-14,3-MEDIUM,326771.83,Customer#000000434,MACHINERY,2940.46,CANADA,AMERICA,10,IRAN,4,furiously idle platelets nag. express asymptotes s
192,thistle puff pink cream orange,STANDARD BRUSHED COPPER,MED BAG,24103,MAIL,TAKE BACK RETURN,34.00,37134.46,0.03,1994-09-14,3-MEDIUM,326771.83,Customer#000000434,MACHINERY,2940.46,CANADA,AMERICA,11,IRAQ,4,pendencies; slyly express foxes integrate carefully across the reg
192,thistle puff pink cream orange,STANDARD BRUSHED COPPER,MED BAG,24103,MAIL,TAKE BACK RETURN,34.00,37134.46,0.03,1994-09-14,3-MEDIUM,326771.83,Customer#000000434,MACHINERY,2940.46,CANADA,AMERICA,12,JAPAN,2, quickly final packages. furiously i
192,thistle puff pink cream orange,STANDARD BRUSHED COPPER,MED BAG,24103,MAIL,TAKE BACK RETURN,34.00,37134.46,0.03,1994-09-14,3-MEDIUM,326771.83,Customer#000000434,MACHINERY,2940.46,CANADA,AMERICA,13,JORDAN,4,the slyly regular ideas. silent Tiresias affix slyly fu
192,thistle puff pink cream orange,STANDARD BRUSHED COPPER,MED BAG,24103,MAIL,TAKE BACK RETURN,34.00,37134.46,0.03,1994-09-14,3-MEDIUM,326771.83,Customer#000000434,MACHINERY,2940.46,CANADA,AMERICA,14,KENYA,0,lyly special foxes. slyly regular deposits sleep carefully. carefully permanent accounts slee
192,thistle puff pink cream orange,STANDARD BRUSHED COPPER,MED BAG,24103,MAIL,TAKE BACK RETURN,34.00,37134.46,0.03,1994-09-14,3-MEDIUM,326771.83,Customer#000000434,MACHINERY,2940.46,CANADA,AMERICA,15,MOROCCO,0,ct blithely: blithely express accounts nag carefully. silent packages haggle carefully abo
192,thistle puff pink cream orange,STANDARD BRUSHED COPPER,MED BAG,24103,MAIL,TAKE BACK RETURN,34.00,37134.46,0.03,1994-09-14,3-MEDIUM,326771.83,Customer#000000434,MACHINERY,2940.46,CANADA,AMERICA,16,MOZAMBIQUE,0, beans after the carefully regular accounts r
192,thistle puff pink cream orange,STANDARD BRUSHED COPPER,MED BAG,24103,MAIL,TAKE BACK RETURN,34.00,37134.46,0.03,1994-09-14,3-MEDIUM,326771.83,Customer#000000434,MACHINERY,2940.46,CANADA,AMERICA,17,PERU,1,ly final foxes. blithely ironic accounts haggle. regular foxes about the regular deposits are furiously ir
192,thistle puff pink cream orange,STANDARD BRUSHED COPPER,MED BAG,24103,MAIL,TAKE BACK RETURN,34.00,37134.46,0.03,1994-09-14,3-MEDIUM,326771.83,Customer#000000434,MACHINERY,2940.46,CANADA,AMERICA,18,CHINA,2,"ckly special packages cajole slyly. unusual, unusual theodolites mold furiously. slyly sile"
192,thistle puff pink cream orange,STANDARD BRUSHED COPPER,MED BAG,24103,MAIL,TAKE BACK RETURN,34.00,37134.46,0.03,1994-09-14,3-MEDIUM,326771.83,Customer#000000434,MACHINERY,2940.46,CANADA,AMERICA,19,ROMANIA,3,"sly blithe requests. thinly bold deposits above the blithely regular accounts nag special, final requests. care"
192,thistle puff pink cream orange,STANDARD BRUSHED COPPER,MED BAG,24103,MAIL,TAKE BACK RETURN,34.00,37134.46,0.03,1994-09-14,3-MEDIUM,326771.83,Customer#000000434,MACHINERY,2940.46,CANADA,AMERICA,20,SAUDI ARABIA,4,se slyly across the blithely regular deposits. deposits use carefully regular 
192,thistle puff pink cream orange,STANDARD BRUSHED COPPER,MED BAG,24103,MAIL,TAKE BACK RETURN,34.00,37134.46,0.03,1994-09-14,3-MEDIUM,326771.83,Customer#000000434,MACHINERY,2940.46,CANADA,AMERICA,21,VIETNAM,2,lly across the quickly even pinto beans. caref
192,thistle puff pink cream orange,STANDARD BRUSHED COPPER,MED BAG,24103,MAIL,TAKE BACK RETURN,34.00,37134.46,0.03,1994-09-14,3-MEDIUM,326771.83,Customer#000000434,MACHINERY,2940.46,CANADA,AMERICA,22,RUSSIA,3,uctions. furiously unusual instructions sleep furiously ironic packages. slyly 
192,thistle puff pink cream orange,STANDARD BRUSHED COPPER,MED BAG,24103,MAIL,TAKE BACK RETURN,34.00,37134.46,0.03,1994-09-14,3-MEDIUM,326771.83,Customer#000000434,MACHINERY,2940.46,CANADA,AMERICA,23,UNITED KINGDOM,3,"carefully pending courts sleep above the ironic, regular theo"
192,thistle puff pink cream orange,STANDARD BRUSHED COPPER,MED BAG,24103,MAIL,TAKE BACK RETURN,34.00,37134.46,0.03,1994-09-14,3-MEDIUM,326771.83,Customer#000000434,MACHINERY,2940.46,CANADA,AMERICA,24,UNITED STATES,1,ly ironic requests along the slyly bold ideas hang after the blithely special notornis; blithely even accounts
223,rose salmon yellow turquoise grey,LARGE ANODIZED STEEL,MED BAG,21799,MAIL,DELIVER IN PERSON,30.00,33696.60,0.06,1995-04-20,4-NOT SPECIFIED,199120.57,Customer#000000193,MACHINERY,8024.55,UNITED KINGDOM,EUROPE,0,ALGERIA,0,furiously regular requests. platelets affix furious
223,rose salmon yellow turquoise grey,LARGE ANODIZED STEEL,MED BAG,21799,MAIL,DELIVER IN PERSON,30.00,33696.60,0.06,1995-04-20,4-NOT SPECIFIED,199120.57,Customer#000000193,MACHINERY,8024.55,UNITED KINGDOM,EUROPE,1,ARGENTINA,1,"instructions wake quickly. final deposits haggle. final, silent theodolites "
223,rose salmon yellow turquoise grey,LARGE ANODIZED STEEL,MED BAG,21799,MAIL,DELIVER IN PERSON,30.00,33696.60,0.06,1995-04-20,4-NOT SPECIFIED,199120.57,Customer#000000193,MACHINERY,8024.55,UNITED KINGDOM,EUROPE,2,BRAZIL,1,asymptotes use fluffily quickly bold instructions. slyly bold dependencies sleep carefully pending accounts
223,rose salmon yellow turquoise grey,LARGE ANODIZED STEEL,MED BAG,21799,MAIL,DELIVER IN PERSON,30.00,33696.60,0.06,1995-04-20,4-NOT SPECIFIED,199120.57,Customer#000000193,MACHINERY,8024.55,UNITED KINGDOM,EUROPE,3,CANADA,1,ss deposits wake across the pending foxes. packages after the carefully bold requests integrate caref
223,rose salmon yellow turquoise grey,LARGE ANODIZED STEEL,MED BAG,21799,MAIL,DELIVER IN PERSON,30.00,33696.60,0.06,1995-04-20,4-NOT SPECIFIED,199120.57,Customer#000000193,MACHINERY,8024.55,UNITED KINGDOM,EUROPE,4,EGYPT,4,"usly ironic, pending foxes. even, special instructions nag. sly, final foxes detect slyly fluffily "
223,rose salmon yellow turquoise grey,LARGE ANODIZED STEEL,MED BAG,21799,MAIL,DELIVER IN PERSON,30.00,33696.60,0.06,1995-04-20,4-NOT SPECIFIED,199120.57,Customer#000000193,MACHINERY,8024.55,UNITED KINGDOM,EUROPE,5,ETHIOPIA,0,regular requests sleep carefull
223,rose salmon yellow turquoise grey,LARGE ANODIZED STEEL,MED BAG,21799,MAIL,DELIVER IN PERSON,30.00,33696.60,0.06,1995-04-20,4-NOT SPECIFIED,199120.57,Customer#000000193,MACHINERY,8024.55,UNITED KINGDOM,EUROPE,6,FRANCE,3,oggedly. regular packages solve across
223,rose salmon yellow turquoise grey,LARGE ANODIZED STEEL,MED BAG,21799,MAIL,DELIVER IN PERSON,30.00,33696.60,0.06,1995-04-20,4-NOT SPECIFIED,199120.57,Customer#000000193,MACHINERY,8024.55,UNITED KINGDOM,EUROPE,7,GERMANY,3,ong the regular requests: blithely silent pinto beans hagg
223,rose salmon yellow turquoise grey,LARGE ANODIZED STEEL,MED BAG,21799,MAIL,DELIVER IN PERSON,30.00,33696.60,0.06,1995-04-20,4-NOT SPECIFIED,199120.57,Customer#000000193,MACHINERY,8024.55,UNITED KINGDOM,EUROPE,8,INDIA,2,uriously unusual deposits about the slyly final pinto beans could
223,rose salmon yellow turquoise grey,LARGE ANODIZED STEEL,MED BAG,21799,MAIL,DELIVER IN PERSON,30.00,33696.60,0.06,1995-04-20,4-NOT SPECIFIED,199120.57,Customer#000000193,MACHINERY,8024.55,UNITED KINGDOM,EUROPE,9,INDONESIA,2,"d deposits sleep quickly according to the dogged, regular dolphins. special excuses haggle furiously special reque"
223,rose salmon yellow turquoise grey,LARGE ANODIZED STEEL,MED BAG,21799,MAIL,DELIVER IN PERSON,30.00,33696.60,0.06,1995-04-20,4-NOT SPECIFIED,199120.57,Customer#000000193,MACHINERY,8024.55,UNITED KINGDOM,EUROPE,10,IRAN,4,furiously idle platelets nag. express asymptotes s
223,rose salmon yellow turquoise grey,LARGE ANODIZED STEEL,MED BAG,21799,MAIL,DELIVER IN PERSON,30.00,33696.60,0.06,1995-04-20,4-NOT SPECIFIED,199120.57,Customer#000000193,MACHINERY,8024.55,UNITED KINGDOM,EUROPE,11,IRAQ,4,pendencies; slyly express foxes integrate carefully across the reg
223,rose salmon yellow turquoise grey,LARGE ANODIZED STEEL,MED BAG,21799,MAIL,DELIVER IN PERSON,30.00,33696.60,0.06,1995-04-20,4-NOT SPECIFIED,199120.57,Customer#000000193,MACHINERY,8024.55,UNITED KINGDOM,EUROPE,12,JAPAN,2, quickly final packages. furiously i
223,rose salmon yellow turquoise grey,LARGE ANODIZED STEEL,MED BAG,21799,MAIL,DELIVER IN PERSON,30.00,33696.60,0.06,1995-04-20,4-NOT SPECIFIED,199120.57,Customer#000000193,MACHINERY,8024.55,UNITED KINGDOM,EUROPE,13,JORDAN,4,the slyly regular ideas. silent Tiresias affix slyly fu
223,rose salmon yellow turquoise grey,LARGE ANODIZED STEEL,MED BAG,21799,MAIL,DELIVER IN PERSON,30.00,33696.60,0.06,1995-04-20,4-NOT SPECIFIED,199120.57,Customer#000000193,MACHINERY,8024.55,UNITED KINGDOM,EUROPE,14,KENYA,0,lyly special foxes. slyly regular deposits sleep carefully. carefully permanent accounts slee
223,rose salmon yellow turquoise grey,LARGE ANODIZED STEEL,MED BAG,21799,MAIL,DELIVER IN PERSON,30.00,33696.60,0.06,1995-04-20,4-NOT SPECIFIED,199120.57,Customer#000000193,MACHINERY,8024.55,UNITED KINGDOM,EUROPE,15,MOROCCO,0,ct blithely: blithely express accounts nag carefully. silent packages haggle carefully abo
223,rose salmon yellow turquoise grey,LARGE ANODIZED STEEL,MED BAG,21799,MAIL,DELIVER IN PERSON,30.00,33696.60,0.06,1995-04-20,4-NOT SPECIFIED,199120.57,Customer#000000193,MACHINERY,8024.55,UNITED KINGDOM,EUROPE,16,MOZAMBIQUE,0, beans after the carefully regular accounts r
223,rose salmon yellow turquoise grey,LARGE ANODIZED STEEL,MED BAG,21799,MAIL,DELIVER IN PERSON,30.00,33696.60,0.06,1995-04-20,4-NOT SPECIFIED,199120.57,Customer#000000193,MACHINERY,8024.55,UNITED KINGDOM,EUROPE,17,PERU,1,ly final foxes. blithely ironic accounts haggle. regular foxes about the regular deposits are furiously ir
223,rose salmon yellow turquoise grey,LARGE ANODIZED STEEL,MED BAG,21799,MAIL,DELIVER IN PERSON,30.00,33696.60,0.06,1995-04-20,4-NOT SPECIFIED,199120.57,Customer#000000193,MACHINERY,8024.55,UNITED KINGDOM,EUROPE,18,CHINA,2,"ckly special packages cajole slyly. unusual, unusual theodolites mold furiously. slyly sile"
223,rose salmon yellow turquoise grey,LARGE ANODIZED STEEL,MED BAG,21799,MAIL,DELIVER IN PERSON,30.00,33696.60,0.06,1995-04-20,4-NOT SPECIFIED,199120.57,Customer#000000193,MACHINERY,8024.55,UNITED KINGDOM,EUROPE,19,ROMANIA,3,"sly blithe requests. thinly bold deposits above the blithely regular accounts nag special, final requests. care"
223,rose salmon yellow turquoise grey,LARGE ANODIZED STEEL,MED BAG,21799,MAIL,DELIVER IN PERSON,30.00,33696.60,0.06,1995-04-20,4-NOT SPECIFIED,199120.57,Customer#000000193,MACHINERY,8024.55,UNITED KINGDOM,EUROPE,20,SAUDI ARABIA,4,se slyly across the blithely regular deposits. deposits use carefully regular 
223,rose salmon yellow turquoise grey,LARGE ANODIZED STEEL,MED BAG,21799,MAIL,DELIVER IN PERSON,30.00,33696.60,0.06,1995-04-20,4-NOT SPECIFIED,199120.57,Customer#000000193,MACHINERY,8024.55,UNITED KINGDOM,EUROPE,21,VIETNAM,2,lly across the quickly even pinto beans. caref
223,rose salmon yellow turquoise grey,LARGE ANODIZED STEEL,MED BAG,21799,MAIL,DELIVER IN PERSON,30.00,33696.60,0.06,1995-04-20,4-NOT SPECIFIED,199120.57,Customer#000000193,MACHINERY,8024.55,UNITED KINGDOM,EUROPE,22,RUSSIA,3,uctions. furiously unusual instructions sleep furiously ironic packages. slyly 
223,rose salmon yellow turquoise grey,LARGE ANODIZED STEEL,MED BAG,21799,MAIL,DELIVER IN PERSON,30.00,33696.60,0.06,1995-04-20,4-NOT SPECIFIED,199120.57,Customer#000000193,MACHINERY,8024.55,UNITED KINGDOM,EUROPE,23,UNITED KINGDOM,3,"carefully pending courts sleep above the ironic, regular theo"
223,rose salmon yellow turquoise grey,LARGE ANODIZED STEEL,MED BAG,21799,MAIL,DELIVER IN PERSON,30.00,33696.60,0.06,1995-04-20,4-NOT SPECIFIED,199120.57,Customer#000000193,MACHINERY,8024.55,UNITED KINGDOM,EUROPE,24,UNITED STATES,1,ly ironic requests along the slyly bold ideas hang after the blithely special notornis; blithely even accounts
223,rose salmon yellow turquoise grey,LARGE ANODIZED STEEL,MED BAG,27587,AIR,DELIVER IN PERSON,25.00,28080.50,0.01,1996-10-23,4-NOT SPECIFIED,96283.99,Customer#000000386,BUILDING,232.01,UNITED STATES,AMERICA,0,ALGERIA,0,furiously regular requests. platelets affix furious
223,rose salmon yellow turquoise grey,LARGE ANODIZED STEEL,MED BAG,27587,AIR,DELIVER IN PERSON,25.00,28080.50,0.01,1996-10-23,4-NOT SPECIFIED,96283.99,Customer#000000386,BUILDING,232.01,UNITED STATES,AMERICA,1,ARGENTINA,1,"instructions wake quickly. final deposits haggle. final, silent theodolites "
223,rose salmon yellow turquoise grey,LARGE ANODIZED STEEL,MED BAG,27587,AIR,DELIVER IN PERSON,25.00,28080.50,0.01,1996-10-23,4-NOT SPECIFIED,96283.99,Customer#000000386,BUILDING,232.01,UNITED STATES,AMERICA,2,BRAZIL,1,asymptotes use fluffily quickly bold instructions. slyly bold dependencies sleep carefully pending accounts
223,rose salmon yellow turquoise grey,LARGE ANODIZED STEEL,MED BAG,27587,AIR,DELIVER IN PERSON,25.00,28080.50,0.01,1996-10-23,4-NOT SPECIFIED,96283.99,Customer#000000386,BUILDING,232.01,UNITED STATES,AMERICA,3,CANADA,1,ss deposits wake across the pending foxes. packages after the carefully bold requests integrate caref
223,rose salmon yellow turquoise grey,LARGE ANODIZED STEEL,MED BAG,27587,AIR,DELIVER IN PERSON,25.00,28080.50,0.01,1996-10-23,4-NOT SPECIFIED,96283.99,Customer#000000386,BUILDING,232.01,UNITED STATES,AMERICA,4,EGYPT,4,"usly ironic, pending foxes. even, special instructions nag. sly, final foxes detect slyly fluffily "
223,rose salmon yellow turquoise grey,LARGE ANODIZED STEEL,MED BAG,27587,AIR,DELIVER IN PERSON,25.00,28080.50,0.01,1996-10-23,4-NOT SPECIFIED,96283.99,Customer#000000386,BUILDING,232.01,UNITED STATES,AMERICA,5,ETHIOPIA,0,regular requests sleep carefull
223,rose salmon yellow turquoise grey,LARGE ANODIZED STEEL,MED BAG,27587,AIR,DELIVER IN PERSON,25.00,28080.50,0.01,1996-10-23,4-NOT SPECIFIED,96283.99,Customer#000000386,BUILDING,232.01,UNITED STATES,AMERICA,6,FRANCE,3,oggedly. regular packages solve across
223,rose salmon yellow turquoise grey,LARGE ANODIZED STEEL,MED BAG,27587,AIR,DELIVER IN PERSON,25.00,28080.50,0.01,1996-10-23,4-NOT SPECIFIED,96283.99,Customer#000000386,BUILDING,232.01,UNITED STATES,AMERICA,7,GERMANY,3,ong the regular requests: blithely silent pinto beans hagg
223,rose salmon yellow turquoise grey,LARGE ANODIZED STEEL,MED BAG,27587,AIR,DELIVER IN PERSON,25.00,28080.50,0.01,1996-10-23,4-NOT SPECIFIED,96283.99,Customer#000000386,BUILDING,232.01,UNITED STATES,AMERICA,8,INDIA,2,uriously unusual deposits about the slyly final pinto beans could
223,rose salmon yellow turquoise grey,LARGE ANODIZED STEEL,MED BAG,27587,AIR,DELIVER IN PERSON,25.00,28080.50,0.01,1996-10-23,4-NOT SPECIFIED,96283.99,Customer#000000386,BUILDING,232.01,UNITED STATES,AMERICA,9,INDONESIA,2,"d deposits sleep quickly according to the dogged, regular dolphins. special excuses haggle furiously special reque"
223,rose salmon yellow turquoise grey,LARGE ANODIZED STEEL,MED BAG,27587,AIR,DELIVER IN PERSON,25.00,28080.50,0.01,1996-10-23,4-NOT SPECIFIED,96283.99,Customer#000000386,BUILDING,232.01,UNITED STATES,AMERICA,10,IRAN,4,furiously idle platelets nag. express asymptotes s
223,rose salmon yellow turquoise grey,LARGE ANODIZED STEEL,MED BAG,27587,AIR,DELIVER IN PERSON,25.00,28080.50,0.01,1996-10-23,4-NOT SPECIFIED,96283.99,Customer#000000386,BUILDING,232.01,UNITED STATES,AMERICA,11,IRAQ,4,pendencies; slyly express foxes integrate carefully across the reg
223,rose salmon yellow turquoise grey,LARGE ANODIZED STEEL,MED BAG,27587,AIR,DELIVER IN PERSON,25.00,28080.50,0.01,1996-10-23,4-NOT SPECIFIED,96283.99,Customer#000000386,BUILDING,232.01,UNITED STATES,AMERICA,12,JAPAN,2, quickly final packages. furiously i
223,rose salmon yellow turquoise grey,LARGE ANODIZED STEEL,MED BAG,27587,AIR,DELIVER IN PERSON,25.00,28080.50,0.01,1996-10-23,4-NOT SPECIFIED,96283.99,Customer#000000386,BUILDING,232.01,UNITED STATES,AMERICA,13,JORDAN,4,the slyly regular ideas. silent Tiresias affix slyly fu
223,rose salmon yellow turquoise grey,LARGE ANODIZED STEEL,MED BAG,27587,AIR,DELIVER IN PERSON,25.00,28080.50,0.01,1996-10-23,4-NOT SPECIFIED,96283.99,Customer#000000386,BUILDING,232.01,UNITED STATES,AMERICA,14,KENYA,0,lyly special foxes. slyly regular deposits sleep carefully. carefully permanent accounts slee
223,rose salmon yellow turquoise grey,LARGE ANODIZED STEEL,MED BAG,27587,AIR,DELIVER IN PERSON,25.00,28080.50,0.01,1996-10-23,4-NOT SPECIFIED,96283.99,Customer#000000386,BUILDING,232.01,UNITED STATES,AMERICA,15,MOROCCO,0,ct blithely: blithely express accounts nag carefully. silent packages haggle carefully abo
223,rose salmon yellow turquoise grey,LARGE ANODIZED STEEL,MED BAG,27587,AIR,DELIVER IN PERSON,25.00,28080.50,0.01,1996-10-23,4-NOT SPECIFIED,96283.99,Customer#000000386,BUILDING,232.01,UNITED STATES,AMERICA,16,MOZAMBIQUE,0, beans after the carefully regular accounts r
223,rose salmon yellow turquoise grey,LARGE ANODIZED STEEL,MED BAG,27587,AIR,DELIVER IN PERSON,25.00,28080.50,0.01,1996-10-23,4-NOT SPECIFIED,96283.99,Customer#000000386,BUILDING,232.01,UNITED STATES,AMERICA,17,PERU,1,ly final foxes. blithely ironic accounts haggle. regular foxes about the regular deposits are furiously ir
223,rose salmon yellow turquoise grey,LARGE ANODIZED STEEL,MED BAG,27587,AIR,DELIVER IN PERSON,25.00,28080.50,0.01,1996-10-23,4-NOT SPECIFIED,96283.99,Customer#000000386,BUILDING,232.01,UNITED STATES,AMERICA,18,CHINA,2,"ckly special packages cajole slyly. unusual, unusual theodolites mold furiously. slyly sile"
223,rose salmon yellow turquoise grey,LARGE ANODIZED STEEL,MED BAG,27587,AIR,DELIVER IN PERSON,25.00,28080.50,0.01,1996-10-23,4-NOT SPECIFIED,96283.99,Customer#000000386,BUILDING,232.01,UNITED STATES,AMERICA,19,ROMANIA,3,"sly blithe requests. thinly bold deposits above the blithely regular accounts nag special, final requests. care"
223,rose salmon yellow turquoise grey,LARGE ANODIZED STEEL,MED BAG,27587,AIR,DELIVER IN PERSON,25.00,28080.50,0.01,1996-10-23,4-NOT SPECIFIED,96283.99,Customer#000000386,BUILDING,232.01,UNITED STATES,AMERICA,20,SAUDI ARABIA,4,se slyly across the blithely regular deposits. deposits use carefully regular 
223,rose salmon yellow turquoise grey,LARGE ANODIZED STEEL,MED BAG,27587,AIR,DELIVER IN PERSON,25.00,28080.50,0.01,1996-10-23,4-NOT SPECIFIED,96283.99,Customer#000000386,BUILDING,232.01,UNITED STATES,AMERICA,21,VIETNAM,2,lly across the quickly even pinto beans. caref
223,rose salmon yellow turquoise grey,LARGE ANODIZED STEEL,MED BAG,27587,AIR,DELIVER IN PERSON,25.00,28080.50,0.01,1996-10-23,4-NOT SPECIFIED,96283.99,Customer#000000386,BUILDING,232.01,UNITED STATES,AMERICA,22,RUSSIA,3,uctions. furiously unusual instructions sleep furiously ironic packages. slyly 
223,rose salmon yellow turquoise grey,LARGE ANODIZED STEEL,MED BAG,27587,AIR,DELIVER IN PERSON,25.00,28080.50,0.01,1996-10-23,4-NOT SPECIFIED,96283.99,Customer#000000386,BUILDING,232.01,UNITED STATES,AMERICA,23,UNITED KINGDOM,3,"carefully pending courts sleep above the ironic, regular theo"
223,rose salmon yellow turquoise grey,LARGE ANODIZED STEEL,MED BAG,27587,AIR,DELIVER IN PERSON,25.00,28080.50,0.01,1996-10-23,4-NOT SPECIFIED,96283.99,Customer#000000386,BUILDING,232.01,UNITED STATES,AMERICA,24,UNITED STATES,1,ly ironic requests along the slyly bold ideas hang after the blithely special notornis; blithely even accounts
369,drab plum olive firebrick beige,SMALL POLISHED BRASS,SM BOX,17030,REG AIR,DELIVER IN PERSON,14.00,17771.04,0.10,1997-07-26,3-MEDIUM,238315.05,Customer#000000215,FURNITURE,3379.20,INDONESIA,ASIA,0,ALGERIA,0,furiously regular requests. platelets affix furious
369,drab plum olive firebrick beige,SMALL POLISHED BRASS,SM BOX,17030,REG AIR,DELIVER IN PERSON,14.00,17771.04,0.10,1997-07-26,3-MEDIUM,238315.05,Customer#000000215,FURNITURE,3379.20,INDONESIA,ASIA,1,ARGENTINA,1,"instructions wake quickly. final deposits haggle. final, silent theodolites "
369,drab plum olive firebrick beige,SMALL POLISHED BRASS,SM BOX,17030,REG AIR,DELIVER IN PERSON,14.00,17771.04,0.10,1997-07-26,3-MEDIUM,238315.05,Customer#000000215,FURNITURE,3379.20,INDONESIA,ASIA,2,BRAZIL,1,asymptotes use fluffily quickly bold instructions. slyly bold dependencies sleep carefully pending accounts
369,drab plum olive firebrick beige,SMALL POLISHED BRASS,SM BOX,17030,REG AIR,DELIVER IN PERSON,14.00,17771.04,0.10,1997-07-26,3-MEDIUM,238315.05,Customer#000000215,FURNITURE,3379.20,INDONESIA,ASIA,3,CANADA,1,ss deposits wake across the pending foxes. packages after the carefully bold requests integrate caref
369,drab plum olive firebrick beige,SMALL POLISHED BRASS,SM BOX,17030,REG AIR,DELIVER IN PERSON,14.00,17771.04,0.10,1997-07-26,3-MEDIUM,238315.05,Customer#000000215,FURNITURE,3379.20,INDONESIA,ASIA,4,EGYPT,4,"usly ironic, pending foxes. even, special instructions nag. sly, final foxes detect slyly fluffily "
369,drab plum olive firebrick beige,SMALL POLISHED BRASS,SM BOX,17030,REG AIR,DELIVER IN PERSON,14.00,17771.04,0.10,1997-07-26,3-MEDIUM,238315.05,Customer#000000215,FURNITURE,3379.20,INDONESIA,ASIA,5,ETHIOPIA,0,regular requests sleep carefull
369,drab plum olive firebrick beige,SMALL POLISHED BRASS,SM BOX,17030,REG AIR,DELIVER IN PERSON,14.00,17771.04,0.10,1997-07-26,3-MEDIUM,238315.05,Customer#000000215,FURNITURE,3379.20,INDONESIA,ASIA,6,FRANCE,3,oggedly. regular packages solve across
369,drab plum olive firebrick beige,SMALL POLISHED BRASS,SM BOX,17030,REG AIR,DELIVER IN PERSON,14.00,17771.04,0.10,1997-07-26,3-MEDIUM,238315.05,Customer#000000215,FURNITURE,3379.20,INDONESIA,ASIA,7,GERMANY,3,ong the regular requests: blithely silent pinto beans hagg
369,drab plum olive firebrick beige,SMALL POLISHED BRASS,SM BOX,17030,REG AIR,DELIVER IN PERSON,14.00,17771.04,0.10,1997-07-26,3-MEDIUM,238315.05,Customer#000000215,FURNITURE,3379.20,INDONESIA,ASIA,8,INDIA,2,uriously unusual deposits about the slyly final pinto beans could
369,drab plum olive firebrick beige,SMALL POLISHED BRASS,SM BOX,17030,REG AIR,DELIVER IN PERSON,14.00,17771.04,0.10,1997-07-26,3-MEDIUM,238315.05,Customer#000000215,FURNITURE,3379.20,INDONESIA,ASIA,9,INDONESIA,2,"d deposits sleep quickly according to the dogged, regular dolphins. special excuses haggle furiously special reque"
369,drab plum olive firebrick beige,SMALL POLISHED BRASS,SM BOX,17030,REG AIR,DELIVER IN PERSON,14.00,17771.04,0.10,1997-07-26,3-MEDIUM,238315.05,Customer#000000215,FURNITURE,3379.20,INDONESIA,ASIA,10,IRAN,4,furiously idle platelets nag. express asymptotes s
369,drab plum olive firebrick beige,SMALL POLISHED BRASS,SM BOX,17030,REG AIR,DELIVER IN PERSON,14.00,17771.04,0.10,1997-07-26,3-MEDIUM,238315.05,Customer#000000215,FURNITURE,3379.20,INDONESIA,ASIA,11,IRAQ,4,pendencies; slyly express foxes integrate carefully across the reg
369,drab plum olive firebrick beige,SMALL POLISHED BRASS,SM BOX,17030,REG AIR,DELIVER IN PERSON,14.00,17771.04,0.10,1997-07-26,3-MEDIUM,238315.05,Customer#000000215,FURNITURE,3379.20,INDONESIA,ASIA,12,JAPAN,2, quickly final packages. furiously i
369,drab plum olive firebrick beige,SMALL POLISHED BRASS,SM BOX,17030,REG AIR,DELIVER IN PERSON,14.00,17771.04,0.10,1997-07-26,3-MEDIUM,238315.05,Customer#000000215,FURNITURE,3379.20,INDONESIA,ASIA,13,JORDAN,4,the slyly regular ideas. silent Tiresias affix slyly fu
369,drab plum olive firebrick beige,SMALL POLISHED BRASS,SM BOX,17030,REG AIR,DELIVER IN PERSON,14.00,17771.04,0.10,1997-07-26,3-MEDIUM,238315.05,Customer#000000215,FURNITURE,3379.20,INDONESIA,ASIA,14,KENYA,0,lyly special foxes. slyly regular deposits sleep carefully. carefully permanent accounts slee
369,drab plum olive firebrick beige,SMALL POLISHED BRASS,SM BOX,17030,REG AIR,DELIVER IN PERSON,14.00,17771.04,0.10,1997-07-26,3-MEDIUM,238315.05,Customer#000000215,FURNITURE,3379.20,INDONESIA,ASIA,15,MOROCCO,0,ct blithely: blithely express accounts nag carefully. silent packages haggle carefully abo
369,drab plum olive firebrick beige,SMALL POLISHED BRASS,SM BOX,17030,REG AIR,DELIVER IN PERSON,14.00,17771.04,0.10,1997-07-26,3-MEDIUM,238315.05,Customer#000000215,FURNITURE,3379.20,INDONESIA,ASIA,16,MOZAMBIQUE,0, beans after the carefully regular accounts r
369,drab plum olive firebrick beige,SMALL POLISHED BRASS,SM BOX,17030,REG AIR,DELIVER IN PERSON,14.00,17771.04,0.10,1997-07-26,3-MEDIUM,238315.05,Customer#000000215,FURNITURE,3379.20,INDONESIA,ASIA,17,PERU,1,ly final foxes. blithely ironic accounts haggle. regular foxes about the regular deposits are furiously ir
369,drab plum olive firebrick beige,SMALL POLISHED BRASS,SM BOX,17030,REG AIR,DELIVER IN PERSON,14.00,17771.04,0.10,1997-07-26,3-MEDIUM,238315.05,Customer#000000215,FURNITURE,3379.20,INDONESIA,ASIA,18,CHINA,2,"ckly special packages cajole slyly. unusual, unusual theodolites mold furiously. slyly sile"
369,drab plum olive firebrick beige,SMALL POLISHED BRASS,SM BOX,17030,REG AIR,DELIVER IN PERSON,14.00,17771.04,0.10,1997-07-26,3-MEDIUM,238315.05,Customer#000000215,FURNITURE,3379.20,INDONESIA,ASIA,19,ROMANIA,3,"sly blithe requests. thinly bold deposits above the blithely regular accounts nag special, final requests. care"
369,drab plum olive firebrick beige,SMALL POLISHED BRASS,SM BOX,17030,REG AIR,DELIVER IN PERSON,14.00,17771.04,0.10,1997-07-26,3-MEDIUM,238315.05,Customer#000000215,FURNITURE,3379.20,INDONESIA,ASIA,20,SAUDI ARABIA,4,se slyly across the blithely regular deposits. deposits use carefully regular 
369,drab plum olive firebrick beige,SMALL POLISHED BRASS,SM BOX,17030,REG AIR,DELIVER IN PERSON,14.00,17771.04,0.10,1997-07-26,3-MEDIUM,238315.05,Customer#000000215,FURNITURE,3379.20,INDONESIA,ASIA,21,VIETNAM,2,lly across the quickly even pinto beans. caref
369,drab plum olive firebrick beige,SMALL POLISHED BRASS,SM BOX,17030,REG AIR,DELIVER IN PERSON,14.00,17771.04,0.10,1997-07-26,3-MEDIUM,238315.05,Customer#000000215,FURNITURE,3379.20,INDONESIA,ASIA,22,RUSSIA,3,uctions. furiously unusual instructions sleep furiously ironic packages. slyly 
369,drab plum olive firebrick beige,SMALL POLISHED BRASS,SM BOX,17030,REG AIR,DELIVER IN PERSON,14.00,17771.04,0.10,1997-07-26,3-MEDIUM,238315.05,Customer#000000215,FURNITURE,3379.20,INDONESIA,ASIA,23,UNITED KINGDOM,3,"carefully pending courts sleep above the ironic, regular theo"
369,drab plum olive firebrick beige,SMALL POLISHED BRASS,SM BOX,17030,REG AIR,DELIVER IN PERSON,14.00,17771.04,0.10,1997-07-26,3-MEDIUM,238315.05,Customer#000000215,FURNITURE,3379.20,INDONESIA,ASIA,24,UNITED STATES,1,ly ironic requests along the slyly bold ideas hang after the blithely special notornis; blithely even accounts
371,maroon dark beige forest drab,ECONOMY ANODIZED COPPER,MED BAG,27430,TRUCK,TAKE BACK RETURN,16.00,20341.92,0.00,1995-02-01,2-HIGH,84687.09,Customer#000000316,MACHINERY,4571.78,INDIA,ASIA,0,ALGERIA,0,furiously regular requests. platelets affix furious
371,maroon dark beige forest drab,ECONOMY ANODIZED COPPER,MED BAG,27430,TRUCK,TAKE BACK RETURN,16.00,20341.92,0.00,1995-02-01,2-HIGH,84687.09,Customer#000000316,MACHINERY,4571.78,INDIA,ASIA,1,ARGENTINA,1,"instructions wake quickly. final deposits haggle. final, silent theodolites "
371,maroon dark beige forest drab,ECONOMY ANODIZED COPPER,MED BAG,27430,TRUCK,TAKE BACK RETURN,16.00,20341.92,0.00,1995-02-01,2-HIGH,84687.09,Customer#000000316,MACHINERY,4571.78,INDIA,ASIA,2,BRAZIL,1,asymptotes use fluffily quickly bold instructions. slyly bold dependencies sleep carefully pending accounts
371,maroon dark beige forest drab,ECONOMY ANODIZED COPPER,MED BAG,27430,TRUCK,TAKE BACK RETURN,16.00,20341.92,0.00,1995-02-01,2-HIGH,84687.09,Customer#000000316,MACHINERY,4571.78,INDIA,ASIA,3,CANADA,1,ss deposits wake across the pending foxes. packages after the carefully bold requests integrate caref
371,maroon dark beige forest drab,ECONOMY ANODIZED COPPER,MED BAG,27430,TRUCK,TAKE BACK RETURN,16.00,20341.92,0.00,1995-02-01,2-HIGH,84687.09,Customer#000000316,MACHINERY,4571.78,INDIA,ASIA,4,EGYPT,4,"usly ironic, pending foxes. even, special instructions nag. sly, final foxes detect slyly fluffily "
371,maroon dark beige forest drab,ECONOMY ANODIZED COPPER,MED BAG,27430,TRUCK,TAKE BACK RETURN,16.00,20341.92,0.00,1995-02-01,2-HIGH,84687.09,Customer#000000316,MACHINERY,4571.78,INDIA,ASIA,5,ETHIOPIA,0,regular requests sleep carefull
371,maroon dark beige forest drab,ECONOMY ANODIZED COPPER,MED BAG,27430,TRUCK,TAKE BACK RETURN,16.00,20341.92,0.00,1995-02-01,2-HIGH,84687.09,Customer#000000316,MACHINERY,4571.78,INDIA,ASIA,6,FRANCE,3,oggedly. regular packages solve across
371,maroon dark beige forest drab,ECONOMY ANODIZED COPPER,MED BAG,27430,TRUCK,TAKE BACK RETURN,16.00,20341.92,0.00,1995-02-01,2-HIGH,84687.09,Customer#000000316,MACHINERY,4571.78,INDIA,ASIA,7,GERMANY,3,ong the regular requests: blithely silent pinto beans hagg
371,maroon dark beige forest drab,ECONOMY ANODIZED COPPER,MED BAG,27430,TRUCK,TAKE BACK RETURN,16.00,20341.92,0.00,1995-02-01,2-HIGH,84687.09,Customer#000000316,MACHINERY,4571.78,INDIA,ASIA,8,INDIA,2,uriously unusual deposits about the slyly final pinto beans could
371,maroon dark beige forest drab,ECONOMY ANODIZED COPPER,MED BAG,27430,TRUCK,TAKE BACK RETURN,16.00,20341.92,0.00,1995-02-01,2-HIGH,84687.09,Customer#000000316,MACHINERY,4571.78,INDIA,ASIA,9,INDONESIA,2,"d deposits sleep quickly according to the dogged, regular dolphins. special excuses haggle furiously special reque"
371,maroon dark beige forest drab,ECONOMY ANODIZED COPPER,MED BAG,27430,TRUCK,TAKE BACK RETURN,16.00,20341.92,0.00,1995-02-01,2-HIGH,84687.09,Customer#000000316,MACHINERY,4571.78,INDIA,ASIA,10,IRAN,4,furiously idle platelets nag. express asymptotes s
371,maroon dark beige forest drab,ECONOMY ANODIZED COPPER,MED BAG,27430,TRUCK,TAKE BACK RETURN,16.00,20341.92,0.00,1995-02-01,2-HIGH,84687.09,Customer#000000316,MACHINERY,4571.78,INDIA,ASIA,11,IRAQ,4,pendencies; slyly express foxes integrate carefully across the reg
371,maroon dark beige forest drab,ECONOMY ANODIZED COPPER,MED BAG,27430,TRUCK,TAKE BACK RETURN,16.00,20341.92,0.00,1995-02-01,2-HIGH,84687.09,Customer#000000316,MACHINERY,4571.78,INDIA,ASIA,12,JAPAN,2, quickly final packages. furiously i
371,maroon dark beige forest drab,ECONOMY ANODIZED COPPER,MED BAG,27430,TRUCK,TAKE BACK RETURN,16.00,20341.92,0.00,1995-02-01,2-HIGH,84687.09,Customer#000000316,MACHINERY,4571.78,INDIA,ASIA,13,JORDAN,4,the slyly regular ideas. silent Tiresias affix slyly fu
371,maroon dark beige forest drab,ECONOMY ANODIZED COPPER,MED BAG,27430,TRUCK,TAKE BACK RETURN,16.00,20341.92,0.00,1995-02-01,2-HIGH,84687.09,Customer#000000316,MACHINERY,4571.78,INDIA,ASIA,14,KENYA,0,lyly special foxes. slyly regular deposits sleep carefully. carefully permanent accounts slee
371,maroon dark beige forest drab,ECONOMY ANODIZED COPPER,MED BAG,27430,TRUCK,TAKE BACK RETURN,16.00,20341.92,0.00,1995-02-01,2-HIGH,84687.09,Customer#000000316,MACHINERY,4571.78,INDIA,ASIA,15,MOROCCO,0,ct blithely: blithely express accounts nag carefully. silent packages haggle carefully abo
371,maroon dark beige forest drab,ECONOMY ANODIZED COPPER,MED BAG,27430,TRUCK,TAKE BACK RETURN,16.00,20341.92,0.00,1995-02-01,2-HIGH,84687.09,Customer#000000316,MACHINERY,4571.78,INDIA,ASIA,16,MOZAMBIQUE,0, beans after the carefully regular accounts r
371,maroon dark beige forest drab,ECONOMY ANODIZED COPPER,MED BAG,27430,TRUCK,TAKE BACK RETURN,16.00,20341.92,0.00,1995-02-01,2-HIGH,84687.09,Customer#000000316,MACHINERY,4571.78,INDIA,ASIA,17,PERU,1,ly final foxes. blithely ironic accounts haggle. regular foxes about the regular deposits are furiously ir
371,maroon dark beige forest drab,ECONOMY ANODIZED COPPER,MED BAG,27430,TRUCK,TAKE BACK RETURN,16.00,20341.92,0.00,1995-02-01,2-HIGH,84687.09,Customer#000000316,MACHINERY,4571.78,INDIA,ASIA,18,CHINA,2,"ckly special packages cajole slyly. unusual, unusual theodolites mold furiously. slyly sile"
371,maroon dark beige forest drab,ECONOMY ANODIZED COPPER,MED BAG,27430,TRUCK,TAKE BACK RETURN,16.00,20341.92,0.00,1995-02-01,2-HIGH,84687.09,Customer#000000316,MACHINERY,4571.78,INDIA,ASIA,19,ROMANIA,3,"sly blithe requests. thinly bold deposits above the blithely regular accounts nag special, final requests. care"
371,maroon dark beige forest drab,ECONOMY ANODIZED COPPER,MED BAG,27430,TRUCK,TAKE BACK RETURN,16.00,20341.92,0.00,1995-02-01,2-HIGH,84687.09,Customer#000000316,MACHINERY,4571.78,INDIA,ASIA,20,SAUDI ARABIA,4,se slyly across the blithely regular deposits. deposits use carefully regular 
371,maroon dark beige forest drab,ECONOMY ANODIZED COPPER,MED BAG,27430,TRUCK,TAKE BACK RETURN,16.00,20341.92,0.00,1995-02-01,2-HIGH,84687.09,Customer#000000316,MACHINERY,4571.78,INDIA,ASIA,21,VIETNAM,2,lly across the quickly even pinto beans. caref
371,maroon dark beige forest drab,ECONOMY ANODIZED COPPER,MED BAG,27430,TRUCK,TAKE BACK RETURN,16.00,20341.92,0.00,1995-02-01,2-HIGH,84687.09,Customer#000000316,MACHINERY,4571.78,INDIA,ASIA,22,RUSSIA,3,uctions. furiously unusual instructions sleep furiously ironic packages. slyly 
371,maroon dark beige forest drab,ECONOMY ANODIZED COPPER,MED BAG,27430,TRUCK,TAKE BACK RETURN,16.00,20341.92,0.00,1995-02-01,2-HIGH,84687.09,Customer#000000316,MACHINERY,4571.78,INDIA,ASIA,23,UNITED KINGDOM,3,"carefully pending courts sleep above the ironic, regular theo"
371,maroon dark beige forest drab,ECONOMY ANODIZED COPPER,MED BAG,27430,TRUCK,TAKE BACK RETURN,16.00,20341.92,0.00,1995-02-01,2-HIGH,84687.09,Customer#000000316,MACHINERY,4571.78,INDIA,ASIA,24,UNITED STATES,1,ly ironic requests along the slyly bold ideas hang after the blithely special notornis; blithely even accounts
371,maroon dark beige forest drab,ECONOMY ANODIZED COPPER,MED BAG,28963,REG AIR,DELIVER IN PERSON,37.00,47040.69,0.06,1995-12-05,4-NOT SPECIFIED,169453.22,Customer#000000727,FURNITURE,807.37,CHINA,ASIA,0,ALGERIA,0,furiously regular requests. platelets affix furious
371,maroon dark beige forest drab,ECONOMY ANODIZED COPPER,MED BAG,28963,REG AIR,DELIVER IN PERSON,37.00,47040.69,0.06,1995-12-05,4-NOT SPECIFIED,169453.22,Customer#000000727,FURNITURE,807.37,CHINA,ASIA,1,ARGENTINA,1,"instructions wake quickly. final deposits haggle. final, silent theodolites "
371,maroon dark beige forest drab,ECONOMY ANODIZED COPPER,MED BAG,28963,REG AIR,DELIVER IN PERSON,37.00,47040.69,0.06,1995-12-05,4-NOT SPECIFIED,169453.22,Customer#000000727,FURNITURE,807.37,CHINA,ASIA,2,BRAZIL,1,asymptotes use fluffily quickly bold instructions. slyly bold dependencies sleep carefully pending accounts
371,maroon dark beige forest drab,ECONOMY ANODIZED COPPER,MED BAG,28963,REG AIR,DELIVER IN PERSON,37.00,47040.69,0.06,1995-12-05,4-NOT SPECIFIED,169453.22,Customer#000000727,FURNITURE,807.37,CHINA,ASIA,3,CANADA,1,ss deposits wake across the pending foxes. packages after the carefully bold requests integrate caref
371,maroon dark beige forest drab,ECONOMY ANODIZED COPPER,MED BAG,28963,REG AIR,DELIVER IN PERSON,37.00,47040.69,0.06,1995-12-05,4-NOT SPECIFIED,169453.22,Customer#000000727,FURNITURE,807.37,CHINA,ASIA,4,EGYPT,4,"usly ironic, pending foxes. even, special instructions nag. sly, final foxes detect slyly fluffily "
371,maroon dark beige forest drab,ECONOMY ANODIZED COPPER,MED BAG,28963,REG AIR,DELIVER IN PERSON,37.00,47040.69,0.06,1995-12-05,4-NOT SPECIFIED,169453.22,Customer#000000727,FURNITURE,807.37,CHINA,ASIA,5,ETHIOPIA,0,regular requests sleep carefull
371,maroon dark beige forest drab,ECONOMY ANODIZED COPPER,MED BAG,28963,REG AIR,DELIVER IN PERSON,37.00,47040.69,0.06,1995-12-05,4-NOT SPECIFIED,169453.22,Customer#000000727,FURNITURE,807.37,CHINA,ASIA,6,FRANCE,3,oggedly. regular packages solve across
371,maroon dark beige forest drab,ECONOMY ANODIZED COPPER,MED BAG,28963,REG AIR,DELIVER IN PERSON,37.00,47040.69,0.06,1995-12-05,4-NOT SPECIFIED,169453.22,Customer#000000727,FURNITURE,807.37,CHINA,ASIA,7,GERMANY,3,ong the regular requests: blithely silent pinto beans hagg
371,maroon dark beige forest drab,ECONOMY ANODIZED COPPER,MED BAG,28963,REG AIR,DELIVER IN PERSON,37.00,47040.69,0.06,1995-12-05,4-NOT SPECIFIED,169453.22,Customer#000000727,FURNITURE,807.37,CHINA,ASIA,8,INDIA,2,uriously unusual deposits about the slyly final pinto beans could
371,maroon dark beige forest drab,ECONOMY ANODIZED COPPER,MED BAG,28963,REG AIR,DELIVER IN PERSON,37.00,47040.69,0.06,1995-12-05,4-NOT SPECIFIED,169453.22,Customer#000000727,FURNITURE,807.37,CHINA,ASIA,9,INDONESIA,2,"d deposits sleep quickly according to the dogged, regular dolphins. special excuses haggle furiously special reque"
371,maroon dark beige forest drab,ECONOMY ANODIZED COPPER,MED BAG,28963,REG AIR,DELIVER IN PERSON,37.00,47040.69,0.06,1995-12-05,4-NOT SPECIFIED,169453.22,Customer#000000727,FURNITURE,807.37,CHINA,ASIA,10,IRAN,4,furiously idle platelets nag. express asymptotes s
371,maroon dark beige forest drab,ECONOMY ANODIZED COPPER,MED BAG,28963,REG AIR,DELIVER IN PERSON,37.00,47040.69,0.06,1995-12-05,4-NOT SPECIFIED,169453.22,Customer#000000727,FURNITURE,807.37,CHINA,ASIA,11,IRAQ,4,pendencies; slyly express foxes integrate carefully across the reg
371,maroon dark beige forest drab,ECONOMY ANODIZED COPPER,MED BAG,28963,REG AIR,DELIVER IN PERSON,37.00,47040.69,0.06,1995-12-05,4-NOT SPECIFIED,169453.22,Customer#000000727,FURNITURE,807.37,CHINA,ASIA,12,JAPAN,2, quickly final packages. furiously i
371,maroon dark beige forest drab,ECONOMY ANODIZED COPPER,MED BAG,28963,REG AIR,DELIVER IN PERSON,37.00,47040.69,0.06,1995-12-05,4-NOT SPECIFIED,169453.22,Customer#000000727,FURNITURE,807.37,CHINA,ASIA,13,JORDAN,4,the slyly regular ideas. silent Tiresias affix slyly fu
371,maroon dark beige forest drab,ECONOMY ANODIZED COPPER,MED BAG,28963,REG AIR,DELIVER IN PERSON,37.00,47040.69,0.06,1995-12-05,4-NOT SPECIFIED,169453.22,Customer#000000727,FURNITURE,807.37,CHINA,ASIA,14,KENYA,0,lyly special foxes. slyly regular deposits sleep carefully. carefully permanent accounts slee
371,maroon dark beige forest drab,ECONOMY ANODIZED COPPER,MED BAG,28963,REG AIR,DELIVER IN PERSON,37.00,47040.69,0.06,1995-12-05,4-NOT SPECIFIED,169453.22,Customer#000000727,FURNITURE,807.37,CHINA,ASIA,15,MOROCCO,0,ct blithely: blithely express accounts nag carefully. silent packages haggle carefully abo
371,maroon dark beige forest drab,ECONOMY ANODIZED COPPER,MED BAG,28963,REG AIR,DELIVER IN PERSON,37.00,47040.69,0.06,1995-12-05,4-NOT SPECIFIED,169453.22,Customer#000000727,FURNITURE,807.37,CHINA,ASIA,16,MOZAMBIQUE,0, beans after the carefully regular accounts r
371,maroon dark beige forest drab,ECONOMY ANODIZED COPPER,MED BAG,28963,REG AIR,DELIVER IN PERSON,37.00,47040.69,0.06,1995-12-05,4-NOT SPECIFIED,169453.22,Customer#000000727,FURNITURE,807.37,CHINA,ASIA,17,PERU,1,ly final foxes. blithely ironic accounts haggle. regular foxes about the regular deposits are furiously ir
371,maroon dark beige forest drab,ECONOMY ANODIZED COPPER,MED BAG,28963,REG AIR,DELIVER IN PERSON,37.00,47040.69,0.06,1995-12-05,4-NOT SPECIFIED,169453.22,Customer#000000727,FURNITURE,807.37,CHINA,ASIA,18,CHINA,2,"ckly special packages cajole slyly. unusual, unusual theodolites mold furiously. slyly sile"
371,maroon dark beige forest drab,ECONOMY ANODIZED COPPER,MED BAG,28963,REG AIR,DELIVER IN PERSON,37.00,47040.69,0.06,1995-12-05,4-NOT SPECIFIED,169453.22,Customer#000000727,FURNITURE,807.37,CHINA,ASIA,19,ROMANIA,3,"sly blithe requests. thinly bold deposits above the blithely regular accounts nag special, final requests. care"
371,maroon dark beige forest drab,ECONOMY ANODIZED COPPER,MED BAG,28963,REG AIR,DELIVER IN PERSON,37.00,47040.69,0.06,1995-12-05,4-NOT SPECIFIED,169453.22,Customer#000000727,FURNITURE,807.37,CHINA,ASIA,20,SAUDI ARABIA,4,se slyly across the blithely regular deposits. deposits use carefully regular 
371,maroon dark beige forest drab,ECONOMY ANODIZED COPPER,MED BAG,28963,REG AIR,DELIVER IN PERSON,37.00,47040.69,0.06,1995-12-05,4-NOT SPECIFIED,169453.22,Customer#000000727,FURNITURE,807.37,CHINA,ASIA,21,VIETNAM,2,lly across the quickly even pinto beans. caref
371,maroon dark beige forest drab,ECONOMY ANODIZED COPPER,MED BAG,28963,REG AIR,DELIVER IN PERSON,37.00,47040.69,0.06,1995-12-05,4-NOT SPECIFIED,169453.22,Customer#000000727,FURNITURE,807.37,CHINA,ASIA,22,RUSSIA,3,uctions. furiously unusual instructions sleep furiously ironic packages. slyly 
371,maroon dark beige forest drab,ECONOMY ANODIZED COPPER,MED BAG,28963,REG AIR,DELIVER IN PERSON,37.00,47040.69,0.06,1995-12-05,4-NOT SPECIFIED,169453.22,Customer#000000727,FURNITURE,807.37,CHINA,ASIA,23,UNITED KINGDOM,3,"carefully pending courts sleep above the ironic, regular theo"
371,maroon dark beige forest drab,ECONOMY ANODIZED COPPER,MED BAG,28963,REG AIR,DELIVER IN PERSON,37.00,47040.69,0.06,1995-12-05,4-NOT SPECIFIED,169453.22,Customer#000000727,FURNITURE,807.37,CHINA,ASIA,24,UNITED STATES,1,ly ironic requests along the slyly bold ideas hang after the blithely special notornis; blithely even accounts
374,orange lemon cream dim midnight,LARGE PLATED STEEL,MED BOX,13539,MAIL,TAKE BACK RETURN,11.00,14018.07,0.01,1997-02-13,3-MEDIUM,207436.46,Customer#000000616,FURNITURE,6898.65,ARGENTINA,AMERICA,0,ALGERIA,0,furiously regular requests. platelets affix furious
374,orange lemon cream dim midnight,LARGE PLATED STEEL,MED BOX,13539,MAIL,TAKE BACK RETURN,11.00,14018.07,0.01,1997-02-13,3-MEDIUM,207436.46,Customer#000000616,FURNITURE,6898.65,ARGENTINA,AMERICA,1,ARGENTINA,1,"instructions wake quickly. final deposits haggle. final, silent theodolites "
374,orange lemon cream dim midnight,LARGE PLATED STEEL,MED BOX,13539,MAIL,TAKE BACK RETURN,11.00,14018.07,0.01,1997-02-13,3-MEDIUM,207436.46,Customer#000000616,FURNITURE,6898.65,ARGENTINA,AMERICA,2,BRAZIL,1,asymptotes use fluffily quickly bold instructions. slyly bold dependencies sleep carefully pending accounts
374,orange lemon cream dim midnight,LARGE PLATED STEEL,MED BOX,13539,MAIL,TAKE BACK RETURN,11.00,14018.07,0.01,1997-02-13,3-MEDIUM,207436.46,Customer#000000616,FURNITURE,6898.65,ARGENTINA,AMERICA,3,CANADA,1,ss deposits wake across the pending foxes. packages after the carefully bold requests integrate caref
374,orange lemon cream dim midnight,LARGE PLATED STEEL,MED BOX,13539,MAIL,TAKE BACK RETURN,11.00,14018.07,0.01,1997-02-13,3-MEDIUM,207436.46,Customer#000000616,FURNITURE,6898.65,ARGENTINA,AMERICA,4,EGYPT,4,"usly ironic, pending foxes. even, special instructions nag. sly, final foxes detect slyly fluffily "
374,orange lemon cream dim midnight,LARGE PLATED STEEL,MED BOX,13539,MAIL,TAKE BACK RETURN,11.00,14018.07,0.01,1997-02-13,3-MEDIUM,207436.46,Customer#000000616,FURNITURE,6898.65,ARGENTINA,AMERICA,5,ETHIOPIA,0,regular requests sleep carefull
374,orange lemon cream dim midnight,LARGE PLATED STEEL,MED BOX,13539,MAIL,TAKE BACK RETURN,11.00,14018.07,0.01,1997-02-13,3-MEDIUM,207436.46,Customer#000000616,FURNITURE,6898.65,ARGENTINA,AMERICA,6,FRANCE,3,oggedly. regular packages solve across
374,orange lemon cream dim midnight,LARGE PLATED STEEL,MED BOX,13539,MAIL,TAKE BACK RETURN,11.00,14018.07,0.01,1997-02-13,3-MEDIUM,207436.46,Customer#000000616,FURNITURE,6898.65,ARGENTINA,AMERICA,7,GERMANY,3,ong the regular requests: blithely silent pinto beans hagg
374,orange lemon cream dim midnight,LARGE PLATED STEEL,MED BOX,13539,MAIL,TAKE BACK RETURN,11.00,14018.07,0.01,1997-02-13,3-MEDIUM,207436.46,Customer#000000616,FURNITURE,6898.65,ARGENTINA,AMERICA,8,INDIA,2,uriously unusual deposits about the slyly final pinto beans could
374,orange lemon cream dim midnight,LARGE PLATED STEEL,MED BOX,13539,MAIL,TAKE BACK RETURN,11.00,14018.07,0.01,1997-02-13,3-MEDIUM,207436.46,Customer#000000616,FURNITURE,6898.65,ARGENTINA,AMERICA,9,INDONESIA,2,"d deposits sleep quickly according to the dogged, regular dolphins. special excuses haggle furiously special reque"
374,orange lemon cream dim midnight,LARGE PLATED STEEL,MED BOX,13539,MAIL,TAKE BACK RETURN,11.00,14018.07,0.01,1997-02-13,3-MEDIUM,207436.46,Customer#000000616,FURNITURE,6898.65,ARGENTINA,AMERICA,10,IRAN,4,furiously idle platelets nag. express asymptotes s
374,orange lemon cream dim midnight,LARGE PLATED STEEL,MED BOX,13539,MAIL,TAKE BACK RETURN,11.00,14018.07,0.01,1997-02-13,3-MEDIUM,207436.46,Customer#000000616,FURNITURE,6898.65,ARGENTINA,AMERICA,11,IRAQ,4,pendencies; slyly express foxes integrate carefully across the reg
374,orange lemon cream dim midnight,LARGE PLATED STEEL,MED BOX,13539,MAIL,TAKE BACK RETURN,11.00,14018.07,0.01,1997-02-13,3-MEDIUM,207436.46,Customer#000000616,FURNITURE,6898.65,ARGENTINA,AMERICA,12,JAPAN,2, quickly final packages. furiously i
374,orange lemon cream dim midnight,LARGE PLATED STEEL,MED BOX,13539,MAIL,TAKE BACK RETURN,11.00,14018.07,0.01,1997-02-13,3-MEDIUM,207436.46,Customer#000000616,FURNITURE,6898.65,ARGENTINA,AMERICA,13,JORDAN,4,the slyly regular ideas. silent Tiresias affix slyly fu
374,orange lemon cream dim midnight,LARGE PLATED STEEL,MED BOX,13539,MAIL,TAKE BACK RETURN,11.00,14018.07,0.01,1997-02-13,3-MEDIUM,207436.46,Customer#000000616,FURNITURE,6898.65,ARGENTINA,AMERICA,14,KENYA,0,lyly special foxes. slyly regular deposits sleep carefully. carefully permanent accounts slee
374,orange lemon cream dim midnight,LARGE PLATED STEEL,MED BOX,13539,MAIL,TAKE BACK RETURN,11.00,14018.07,0.01,1997-02-13,3-MEDIUM,207436.46,Customer#000000616,FURNITURE,6898.65,ARGENTINA,AMERICA,15,MOROCCO,0,ct blithely: blithely express accounts nag carefully. silent packages haggle carefully abo
374,orange lemon cream dim midnight,LARGE PLATED STEEL,MED BOX,13539,MAIL,TAKE BACK RETURN,11.00,14018.07,0.01,1997-02-13,3-MEDIUM,207436.46,Customer#000000616,FURNITURE,6898.65,ARGENTINA,AMERICA,16,MOZAMBIQUE,0, beans after the carefully regular accounts r
374,orange lemon cream dim midnight,LARGE PLATED STEEL,MED BOX,13539,MAIL,TAKE BACK RETURN,11.00,14018.07,0.01,1997-02-13,3-MEDIUM,207436.46,Customer#000000616,FURNITURE,6898.65,ARGENTINA,AMERICA,17,PERU,1,ly final foxes. blithely ironic accounts haggle. regular foxes about the regular deposits are furiously ir
374,orange lemon cream dim midnight,LARGE PLATED STEEL,MED BOX,13539,MAIL,TAKE BACK RETURN,11.00,14018.07,0.01,1997-02-13,3-MEDIUM,207436.46,Customer#000000616,FURNITURE,6898.65,ARGENTINA,AMERICA,18,CHINA,2,"ckly special packages cajole slyly. unusual, unusual theodolites mold furiously. slyly sile"
374,orange lemon cream dim midnight,LARGE PLATED STEEL,MED BOX,13539,MAIL,TAKE BACK RETURN,11.00,14018.07,0.01,1997-02-13,3-MEDIUM,207436.46,Customer#000000616,FURNITURE,6898.65,ARGENTINA,AMERICA,19,ROMANIA,3,"sly blithe requests. thinly bold deposits above the blithely regular accounts nag special, final requests. care"
374,orange lemon cream dim midnight,LARGE PLATED STEEL,MED BOX,13539,MAIL,TAKE BACK RETURN,11.00,14018.07,0.01,1997-02-13,3-MEDIUM,207436.46,Customer#000000616,FURNITURE,6898.65,ARGENTINA,AMERICA,20,SAUDI ARABIA,4,se slyly across the blithely regular deposits. deposits use carefully regular 
374,orange lemon cream dim midnight,LARGE PLATED STEEL,MED BOX,13539,MAIL,TAKE BACK RETURN,11.00,14018.07,0.01,1997-02-13,3-MEDIUM,207436.46,Customer#000000616,FURNITURE,6898.65,ARGENTINA,AMERICA,21,VIETNAM,2,lly across the quickly even pinto beans. caref
374,orange lemon cream dim midnight,LARGE PLATED STEEL,MED BOX,13539,MAIL,TAKE BACK RETURN,11.00,14018.07,0.01,1997-02-13,3-MEDIUM,207436.46,Customer#000000616,FURNITURE,6898.65,ARGENTINA,AMERICA,22,RUSSIA,3,uctions. furiously unusual instructions sleep furiously ironic packages. slyly 
374,orange lemon cream dim midnight,LARGE PLATED STEEL,MED BOX,13539,MAIL,TAKE BACK RETURN,11.00,14018.07,0.01,1997-02-13,3-MEDIUM,207436.46,Customer#000000616,FURNITURE,6898.65,ARGENTINA,AMERICA,23,UNITED KINGDOM,3,"carefully pending courts sleep above the ironic, regular theo"
374,orange lemon cream dim midnight,LARGE PLATED STEEL,MED BOX,13539,MAIL,TAKE BACK RETURN,11.00,14018.07,0.01,1997-02-13,3-MEDIUM,207436.46,Customer#000000616,FURNITURE,6898.65,ARGENTINA,AMERICA,24,UNITED STATES,1,ly ironic requests along the slyly bold ideas hang after the blithely special notornis; blithely even accounts
374,orange lemon cream dim midnight,LARGE PLATED STEEL,MED BOX,14211,REG AIR,DELIVER IN PERSON,29.00,36956.73,0.08,1994-02-13,4-NOT SPECIFIED,183285.01,Customer#000000601,BUILDING,9768.21,ARGENTINA,AMERICA,0,ALGERIA,0,furiously regular requests. platelets affix furious
374,orange lemon cream dim midnight,LARGE PLATED STEEL,MED BOX,14211,REG AIR,DELIVER IN PERSON,29.00,36956.73,0.08,1994-02-13,4-NOT SPECIFIED,183285.01,Customer#000000601,BUILDING,9768.21,ARGENTINA,AMERICA,1,ARGENTINA,1,"instructions wake quickly. final deposits haggle. final, silent theodolites "
374,orange lemon cream dim midnight,LARGE PLATED STEEL,MED BOX,14211,REG AIR,DELIVER IN PERSON,29.00,36956.73,0.08,1994-02-13,4-NOT SPECIFIED,183285.01,Customer#000000601,BUILDING,9768.21,ARGENTINA,AMERICA,2,BRAZIL,1,asymptotes use fluffily quickly bold instructions. slyly bold dependencies sleep carefully pending accounts
374,orange lemon cream dim midnight,LARGE PLATED STEEL,MED BOX,14211,REG AIR,DELIVER IN PERSON,29.00,36956.73,0.08,1994-02-13,4-NOT SPECIFIED,183285.01,Customer#000000601,BUILDING,9768.21,ARGENTINA,AMERICA,3,CANADA,1,ss deposits wake across the pending foxes. packages after the carefully bold requests integrate caref
374,orange lemon cream dim midnight,LARGE PLATED STEEL,MED BOX,14211,REG AIR,DELIVER IN PERSON,29.00,36956.73,0.08,1994-02-13,4-NOT SPECIFIED,183285.01,Customer#000000601,BUILDING,9768.21,ARGENTINA,AMERICA,4,EGYPT,4,"usly ironic, pending foxes. even, special instructions nag. sly, final foxes detect slyly fluffily "
374,orange lemon cream dim midnight,LARGE PLATED STEEL,MED BOX,14211,REG AIR,DELIVER IN PERSON,29.00,36956.73,0.08,1994-02-13,4-NOT SPECIFIED,183285.01,Customer#000000601,BUILDING,9768.21,ARGENTINA,AMERICA,5,ETHIOPIA,0,regular requests sleep carefull
374,orange lemon cream dim midnight,LARGE PLATED STEEL,MED BOX,14211,REG AIR,DELIVER IN PERSON,29.00,36956.73,0.08,1994-02-13,4-NOT SPECIFIED,183285.01,Customer#000000601,BUILDING,9768.21,ARGENTINA,AMERICA,6,FRANCE,3,oggedly. regular packages solve across
374,orange lemon cream dim midnight,LARGE PLATED STEEL,MED BOX,14211,REG AIR,DELIVER IN PERSON,29.00,36956.73,0.08,1994-02-13,4-NOT SPECIFIED,183285.01,Customer#000000601,BUILDING,9768.21,ARGENTINA,AMERICA,7,GERMANY,3,ong the regular requests: blithely silent pinto beans hagg
374,orange lemon cream dim midnight,LARGE PLATED STEEL,MED BOX,14211,REG AIR,DELIVER IN PERSON,29.00,36956.73,0.08,1994-02-13,4-NOT SPECIFIED,183285.01,Customer#000000601,BUILDING,9768.21,ARGENTINA,AMERICA,8,INDIA,2,uriously unusual deposits about the slyly final pinto beans could
374,orange lemon cream dim midnight,LARGE PLATED STEEL,MED BOX,14211,REG AIR,DELIVER IN PERSON,29.00,36956.73,0.08,1994-02-13,4-NOT SPECIFIED,183285.01,Customer#000000601,BUILDING,9768.21,ARGENTINA,AMERICA,9,INDONESIA,2,"d deposits sleep quickly according to the dogged, regular dolphins. special excuses haggle furiously special reque"
374,orange lemon cream dim midnight,LARGE PLATED STEEL,MED BOX,14211,REG AIR,DELIVER IN PERSON,29.00,36956.73,0.08,1994-02-13,4-NOT SPECIFIED,183285.01,Customer#000000601,BUILDING,9768.21,ARGENTINA,AMERICA,10,IRAN,4,furiously idle platelets nag. express asymptotes s
374,orange lemon cream dim midnight,LARGE PLATED STEEL,MED BOX,14211,REG AIR,DELIVER IN PERSON,29.00,36956.73,0.08,1994-02-13,4-NOT SPECIFIED,183285.01,Customer#000000601,BUILDING,9768.21,ARGENTINA,AMERICA,11,IRAQ,4,pendencies; slyly express foxes integrate carefully across the reg
374,orange lemon cream dim midnight,LARGE PLATED STEEL,MED BOX,14211,REG AIR,DELIVER IN PERSON,29.00,36956.73,0.08,1994-02-13,4-NOT SPECIFIED,183285.01,Customer#000000601,BUILDING,9768.21,ARGENTINA,AMERICA,12,JAPAN,2, quickly final packages. furiously i
374,orange lemon cream dim midnight,LARGE PLATED STEEL,MED BOX,14211,REG AIR,DELIVER IN PERSON,29.00,36956.73,0.08,1994-02-13,4-NOT SPECIFIED,183285.01,Customer#000000601,BUILDING,9768.21,ARGENTINA,AMERICA,13,JORDAN,4,the slyly regular ideas. silent Tiresias affix slyly fu
374,orange lemon cream dim midnight,LARGE PLATED STEEL,MED BOX,14211,REG AIR,DELIVER IN PERSON,29.00,36956.73,0.08,1994-02-13,4-NOT SPECIFIED,183285.01,Customer#000000601,BUILDING,9768.21,ARGENTINA,AMERICA,14,KENYA,0,lyly special foxes. slyly regular deposits sleep carefully. carefully permanent accounts slee
374,orange lemon cream dim midnight,LARGE PLATED STEEL,MED BOX,14211,REG AIR,DELIVER IN PERSON,29.00,36956.73,0.08,1994-02-13,4-NOT SPECIFIED,183285.01,Customer#000000601,BUILDING,9768.21,ARGENTINA,AMERICA,15,MOROCCO,0,ct blithely: blithely express accounts nag carefully. silent packages haggle carefully abo
374,orange lemon cream dim midnight,LARGE PLATED STEEL,MED BOX,14211,REG AIR,DELIVER IN PERSON,29.00,36956.73,0.08,1994-02-13,4-NOT SPECIFIED,183285.01,Customer#000000601,BUILDING,9768.21,ARGENTINA,AMERICA,16,MOZAMBIQUE,0, beans after the carefully regular accounts r
374,orange lemon cream dim midnight,LARGE PLATED STEEL,MED BOX,14211,REG AIR,DELIVER IN PERSON,29.00,36956.73,0.08,1994-02-13,4-NOT SPECIFIED,183285.01,Customer#000000601,BUILDING,9768.21,ARGENTINA,AMERICA,17,PERU,1,ly final foxes. blithely ironic accounts haggle. regular foxes about the regular deposits are furiously ir
374,orange lemon cream dim midnight,LARGE PLATED STEEL,MED BOX,14211,REG AIR,DELIVER IN PERSON,29.00,36956.73,0.08,1994-02-13,4-NOT SPECIFIED,183285.01,Customer#000000601,BUILDING,9768.21,ARGENTINA,AMERICA,18,CHINA,2,"ckly special packages cajole slyly. unusual, unusual theodolites mold furiously. slyly sile"
374,orange lemon cream dim midnight,LARGE PLATED STEEL,MED BOX,14211,REG AIR,DELIVER IN PERSON,29.00,36956.73,0.08,1994-02-13,4-NOT SPECIFIED,183285.01,Customer#000000601,BUILDING,9768.21,ARGENTINA,AMERICA,19,ROMANIA,3,"sly blithe requests. thinly bold deposits above the blithely regular accounts nag special, final requests. care"
374,orange lemon cream dim midnight,LARGE PLATED STEEL,MED BOX,14211,REG AIR,DELIVER IN PERSON,29.00,36956.73,0.08,1994-02-13,4-NOT SPECIFIED,183285.01,Customer#000000601,BUILDING,9768.21,ARGENTINA,AMERICA,20,SAUDI ARABIA,4,se slyly across the blithely regular deposits. deposits use carefully regular 
374,orange lemon cream dim midnight,LARGE PLATED STEEL,MED BOX,14211,REG AIR,DELIVER IN PERSON,29.00,36956.73,0.08,1994-02-13,4-NOT SPECIFIED,183285.01,Customer#000000601,BUILDING,9768.21,ARGENTINA,AMERICA,21,VIETNAM,2,lly across the quickly even pinto beans. caref
374,orange lemon cream dim midnight,LARGE PLATED STEEL,MED BOX,14211,REG AIR,DELIVER IN PERSON,29.00,36956.73,0.08,1994-02-13,4-NOT SPECIFIED,183285.01,Customer#000000601,BUILDING,9768.21,ARGENTINA,AMERICA,22,RUSSIA,3,uctions. furiously unusual instructions sleep furiously ironic packages. slyly 
374,orange lemon cream dim midnight,LARGE PLATED STEEL,MED BOX,14211,REG AIR,DELIVER IN PERSON,29.00,36956.73,0.08,1994-02-13,4-NOT SPECIFIED,183285.01,Customer#000000601,BUILDING,9768.21,ARGENTINA,AMERICA,23,UNITED KINGDOM,3,"carefully pending courts sleep above the ironic, regular theo"
374,orange lemon cream dim midnight,LARGE PLATED STEEL,MED BOX,14211,REG AIR,DELIVER IN PERSON,29.00,36956.73,0.08,1994-02-13,4-NOT SPECIFIED,183285.01,Customer#000000601,BUILDING,9768.21,ARGENTINA,AMERICA,24,UNITED STATES,1,ly ironic requests along the slyly bold ideas hang after the blithely special notornis; blithely even accounts
374,orange lemon cream dim midnight,LARGE PLATED STEEL,MED BOX,26500,MAIL,TAKE BACK RETURN,29.00,36956.73,0.10,1996-11-29,4-NOT SPECIFIED,138891.97,Customer#000000524,HOUSEHOLD,5706.19,INDONESIA,ASIA,0,ALGERIA,0,furiously regular requests. platelets affix furious
374,orange lemon cream dim midnight,LARGE PLATED STEEL,MED BOX,26500,MAIL,TAKE BACK RETURN,29.00,36956.73,0.10,1996-11-29,4-NOT SPECIFIED,138891.97,Customer#000000524,HOUSEHOLD,5706.19,INDONESIA,ASIA,1,ARGENTINA,1,"instructions wake quickly. final deposits haggle. final, silent theodolites "
374,orange lemon cream dim midnight,LARGE PLATED STEEL,MED BOX,26500,MAIL,TAKE BACK RETURN,29.00,36956.73,0.10,1996-11-29,4-NOT SPECIFIED,138891.97,Customer#000000524,HOUSEHOLD,5706.19,INDONESIA,ASIA,2,BRAZIL,1,asymptotes use fluffily quickly bold instructions. slyly bold dependencies sleep carefully pending accounts
374,orange lemon cream dim midnight,LARGE PLATED STEEL,MED BOX,26500,MAIL,TAKE BACK RETURN,29.00,36956.73,0.10,1996-11-29,4-NOT SPECIFIED,138891.97,Customer#000000524,HOUSEHOLD,5706.19,INDONESIA,ASIA,3,CANADA,1,ss deposits wake across the pending foxes. packages after the carefully bold requests integrate caref
374,orange lemon cream dim midnight,LARGE PLATED STEEL,MED BOX,26500,MAIL,TAKE BACK RETURN,29.00,36956.73,0.10,1996-11-29,4-NOT SPECIFIED,138891.97,Customer#000000524,HOUSEHOLD,5706.19,INDONESIA,ASIA,4,EGYPT,4,"usly ironic, pending foxes. even, special instructions nag. sly, final foxes detect slyly fluffily "
374,orange lemon cream dim midnight,LARGE PLATED STEEL,MED BOX,26500,MAIL,TAKE BACK RETURN,29.00,36956.73,0.10,1996-11-29,4-NOT SPECIFIED,138891.97,Customer#000000524,HOUSEHOLD,5706.19,INDONESIA,ASIA,5,ETHIOPIA,0,regular requests sleep carefull
374,orange lemon cream dim midnight,LARGE PLATED STEEL,MED BOX,26500,MAIL,TAKE BACK RETURN,29.00,36956.73,0.10,1996-11-29,4-NOT SPECIFIED,138891.97,Customer#000000524,HOUSEHOLD,5706.19,INDONESIA,ASIA,6,FRANCE,3,oggedly. regular packages solve across
374,orange lemon cream dim midnight,LARGE PLATED STEEL,MED BOX,26500,MAIL,TAKE BACK RETURN,29.00,36956.73,0.10,1996-11-29,4-NOT SPECIFIED,138891.97,Customer#000000524,HOUSEHOLD,5706.19,INDONESIA,ASIA,7,GERMANY,3,ong the regular requests: blithely silent pinto beans hagg
374,orange lemon cream dim midnight,LARGE PLATED STEEL,MED BOX,26500,MAIL,TAKE BACK RETURN,29.00,36956.73,0.10,1996-11-29,4-NOT SPECIFIED,138891.97,Customer#000000524,HOUSEHOLD,5706.19,INDONESIA,ASIA,8,INDIA,2,uriously unusual deposits about the slyly final pinto beans could
374,orange lemon cream dim midnight,LARGE PLATED STEEL,MED BOX,26500,MAIL,TAKE BACK RETURN,29.00,36956.73,0.10,1996-11-29,4-NOT SPECIFIED,138891.97,Customer#000000524,HOUSEHOLD,5706.19,INDONESIA,ASIA,9,INDONESIA,2,"d deposits sleep quickly according to the dogged, regular dolphins. special excuses haggle furiously special reque"
374,orange lemon cream dim midnight,LARGE PLATED STEEL,MED BOX,26500,MAIL,TAKE BACK RETURN,29.00,36956.73,0.10,1996-11-29,4-NOT SPECIFIED,138891.97,Customer#000000524,HOUSEHOLD,5706.19,INDONESIA,ASIA,10,IRAN,4,furiously idle platelets nag. express asymptotes s
374,orange lemon cream dim midnight,LARGE PLATED STEEL,MED BOX,26500,MAIL,TAKE BACK RETURN,29.00,36956.73,0.10,1996-11-29,4-NOT SPECIFIED,138891.97,Customer#000000524,HOUSEHOLD,5706.19,INDONESIA,ASIA,11,IRAQ,4,pendencies; slyly express foxes integrate carefully across the reg
374,orange lemon cream dim midnight,LARGE PLATED STEEL,MED BOX,26500,MAIL,TAKE BACK RETURN,29.00,36956.73,0.10,1996-11-29,4-NOT SPECIFIED,138891.97,Customer#000000524,HOUSEHOLD,5706.19,INDONESIA,ASIA,12,JAPAN,2, quickly final packages. furiously i
374,orange lemon cream dim midnight,LARGE PLATED STEEL,MED BOX,26500,MAIL,TAKE BACK RETURN,29.00,36956.73,0.10,1996-11-29,4-NOT SPECIFIED,138891.97,Customer#000000524,HOUSEHOLD,5706.19,INDONESIA,ASIA,13,JORDAN,4,the slyly regular ideas. silent Tiresias affix slyly fu
374,orange lemon cream dim midnight,LARGE PLATED STEEL,MED BOX,26500,MAIL,TAKE BACK RETURN,29.00,36956.73,0.10,1996-11-29,4-NOT SPECIFIED,138891.97,Customer#000000524,HOUSEHOLD,5706.19,INDONESIA,ASIA,14,KENYA,0,lyly special foxes. slyly regular deposits sleep carefully. carefully permanent accounts slee
374,orange lemon cream dim midnight,LARGE PLATED STEEL,MED BOX,26500,MAIL,TAKE BACK RETURN,29.00,36956.73,0.10,1996-11-29,4-NOT SPECIFIED,138891.97,Customer#000000524,HOUSEHOLD,5706.19,INDONESIA,ASIA,15,MOROCCO,0,ct blithely: blithely express accounts nag carefully. silent packages haggle carefully abo
374,orange lemon cream dim midnight,LARGE PLATED STEEL,MED BOX,26500,MAIL,TAKE BACK RETURN,29.00,36956.73,0.10,1996-11-29,4-NOT SPECIFIED,138891.97,Customer#000000524,HOUSEHOLD,5706.19,INDONESIA,ASIA,16,MOZAMBIQUE,0, beans after the carefully regular accounts r
374,orange lemon cream dim midnight,LARGE PLATED STEEL,MED BOX,26500,MAIL,TAKE BACK RETURN,29.00,36956.73,0.10,1996-11-29,4-NOT SPECIFIED,138891.97,Customer#000000524,HOUSEHOLD,5706.19,INDONESIA,ASIA,17,PERU,1,ly final foxes. blithely ironic accounts haggle. regular foxes about the regular deposits are furiously ir
374,orange lemon cream dim midnight,LARGE PLATED STEEL,MED BOX,26500,MAIL,TAKE BACK RETURN,29.00,36956.73,0.10,1996-11-29,4-NOT SPECIFIED,138891.97,Customer#000000524,HOUSEHOLD,5706.19,INDONESIA,ASIA,18,CHINA,2,"ckly special packages cajole slyly. unusual, unusual theodolites mold furiously. slyly sile"
374,orange lemon cream dim midnight,LARGE PLATED STEEL,MED BOX,26500,MAIL,TAKE BACK RETURN,29.00,36956.73,0.10,1996-11-29,4-NOT SPECIFIED,138891.97,Customer#000000524,HOUSEHOLD,5706.19,INDONESIA,ASIA,19,ROMANIA,3,"sly blithe requests. thinly bold deposits above the blithely regular accounts nag special, final requests. care"
374,orange lemon cream dim midnight,LARGE PLATED STEEL,MED BOX,26500,MAIL,TAKE BACK RETURN,29.00,36956.73,0.10,1996-11-29,4-NOT SPECIFIED,138891.97,Customer#000000524,HOUSEHOLD,5706.19,INDONESIA,ASIA,20,SAUDI ARABIA,4,se slyly across the blithely regular deposits. deposits use carefully regular 
374,orange lemon cream dim midnight,LARGE PLATED STEEL,MED BOX,26500,MAIL,TAKE BACK RETURN,29.00,36956.73,0.10,1996-11-29,4-NOT SPECIFIED,138891.97,Customer#000000524,HOUSEHOLD,5706.19,INDONESIA,ASIA,21,VIETNAM,2,lly across the quickly even pinto beans. caref
374,orange lemon cream dim midnight,LARGE PLATED STEEL,MED BOX,26500,MAIL,TAKE BACK RETURN,29.00,36956.73,0.10,1996-11-29,4-NOT SPECIFIED,138891.97,Customer#000000524,HOUSEHOLD,5706.19,INDONESIA,ASIA,22,RUSSIA,3,uctions. furiously unusual instructions sleep furiously ironic packages. slyly 
374,orange lemon cream dim midnight,LARGE PLATED STEEL,MED BOX,26500,MAIL,TAKE BACK RETURN,29.00,36956.73,0.10,1996-11-29,4-NOT SPECIFIED,138891.97,Customer#000000524,HOUSEHOLD,5706.19,INDONESIA,ASIA,23,UNITED KINGDOM,3,"carefully pending courts sleep above the ironic, regular theo"
374,orange lemon cream dim midnight,LARGE PLATED STEEL,MED BOX,26500,MAIL,TAKE BACK RETURN,29.00,36956.73,0.10,1996-11-29,4-NOT SPECIFIED,138891.97,Customer#000000524,HOUSEHOLD,5706.19,INDONESIA,ASIA,24,UNITED STATES,1,ly ironic requests along the slyly bold ideas hang after the blithely special notornis; blithely even accounts
392,medium plum powder blush yellow,MEDIUM BRUSHED COPPER,SM BOX,14754,TRUCK,DELIVER IN PERSON,36.00,46526.04,0.10,1996-06-23,3-MEDIUM,99648.70,Customer#000000043,MACHINERY,9904.28,ROMANIA,EUROPE,0,ALGERIA,0,furiously regular requests. platelets affix furious
392,medium plum powder blush yellow,MEDIUM BRUSHED COPPER,SM BOX,14754,TRUCK,DELIVER IN PERSON,36.00,46526.04,0.10,1996-06-23,3-MEDIUM,99648.70,Customer#000000043,MACHINERY,9904.28,ROMANIA,EUROPE,1,ARGENTINA,1,"instructions wake quickly. final deposits haggle. final, silent theodolites "
392,medium plum powder blush yellow,MEDIUM BRUSHED COPPER,SM BOX,14754,TRUCK,DELIVER IN PERSON,36.00,46526.04,0.10,1996-06-23,3-MEDIUM,99648.70,Customer#000000043,MACHINERY,9904.28,ROMANIA,EUROPE,2,BRAZIL,1,asymptotes use fluffily quickly bold instructions. slyly bold dependencies sleep carefully pending accounts
392,medium plum powder blush yellow,MEDIUM BRUSHED COPPER,SM BOX,14754,TRUCK,DELIVER IN PERSON,36.00,46526.04,0.10,1996-06-23,3-MEDIUM,99648.70,Customer#000000043,MACHINERY,9904.28,ROMANIA,EUROPE,3,CANADA,1,ss deposits wake across the pending foxes. packages after the carefully bold requests integrate caref
392,medium plum powder blush yellow,MEDIUM BRUSHED COPPER,SM BOX,14754,TRUCK,DELIVER IN PERSON,36.00,46526.04,0.10,1996-06-23,3-MEDIUM,99648.70,Customer#000000043,MACHINERY,9904.28,ROMANIA,EUROPE,4,EGYPT,4,"usly ironic, pending foxes. even, special instructions nag. sly, final foxes detect slyly fluffily "
392,medium plum powder blush yellow,MEDIUM BRUSHED COPPER,SM BOX,14754,TRUCK,DELIVER IN PERSON,36.00,46526.04,0.10,1996-06-23,3-MEDIUM,99648.70,Customer#000000043,MACHINERY,9904.28,ROMANIA,EUROPE,5,ETHIOPIA,0,regular requests sleep carefull
392,medium plum powder blush yellow,MEDIUM BRUSHED COPPER,SM BOX,14754,TRUCK,DELIVER IN PERSON,36.00,46526.04,0.10,1996-06-23,3-MEDIUM,99648.70,Customer#000000043,MACHINERY,9904.28,ROMANIA,EUROPE,6,FRANCE,3,oggedly. regular packages solve across
392,medium plum powder blush yellow,MEDIUM BRUSHED COPPER,SM BOX,14754,TRUCK,DELIVER IN PERSON,36.00,46526.04,0.10,1996-06-23,3-MEDIUM,99648.70,Customer#000000043,MACHINERY,9904.28,ROMANIA,EUROPE,7,GERMANY,3,ong the regular requests: blithely silent pinto beans hagg
392,medium plum powder blush yellow,MEDIUM BRUSHED COPPER,SM BOX,14754,TRUCK,DELIVER IN PERSON,36.00,46526.04,0.10,1996-06-23,3-MEDIUM,99648.70,Customer#000000043,MACHINERY,9904.28,ROMANIA,EUROPE,8,INDIA,2,uriously unusual deposits about the slyly final pinto beans could
392,medium plum powder blush yellow,MEDIUM BRUSHED COPPER,SM BOX,14754,TRUCK,DELIVER IN PERSON,36.00,46526.04,0.10,1996-06-23,3-MEDIUM,99648.70,Customer#000000043,MACHINERY,9904.28,ROMANIA,EUROPE,9,INDONESIA,2,"d deposits sleep quickly according to the dogged, regular dolphins. special excuses haggle furiously special reque"
392,medium plum powder blush yellow,MEDIUM BRUSHED COPPER,SM BOX,14754,TRUCK,DELIVER IN PERSON,36.00,46526.04,0.10,1996-06-23,3-MEDIUM,99648.70,Customer#000000043,MACHINERY,9904.28,ROMANIA,EUROPE,10,IRAN,4,furiously idle platelets nag. express asymptotes s
392,medium plum powder blush yellow,MEDIUM BRUSHED COPPER,SM BOX,14754,TRUCK,DELIVER IN PERSON,36.00,46526.04,0.10,1996-06-23,3-MEDIUM,99648.70,Customer#000000043,MACHINERY,9904.28,ROMANIA,EUROPE,11,IRAQ,4,pendencies; slyly express foxes integrate carefully across the reg
392,medium plum powder blush yellow,MEDIUM BRUSHED COPPER,SM BOX,14754,TRUCK,DELIVER IN PERSON,36.00,46526.04,0.10,1996-06-23,3-MEDIUM,99648.70,Customer#000000043,MACHINERY,9904.28,ROMANIA,EUROPE,12,JAPAN,2, quickly final packages. furiously i
392,medium plum powder blush yellow,MEDIUM BRUSHED COPPER,SM BOX,14754,TRUCK,DELIVER IN PERSON,36.00,46526.04,0.10,1996-06-23,3-MEDIUM,99648.70,Customer#000000043,MACHINERY,9904.28,ROMANIA,EUROPE,13,JORDAN,4,the slyly regular ideas. silent Tiresias affix slyly fu
392,medium plum powder blush yellow,MEDIUM BRUSHED COPPER,SM BOX,14754,TRUCK,DELIVER IN PERSON,36.00,46526.04,0.10,1996-06-23,3-MEDIUM,99648.70,Customer#000000043,MACHINERY,9904.28,ROMANIA,EUROPE,14,KENYA,0,lyly special foxes. slyly regular deposits sleep carefully. carefully permanent accounts slee
392,medium plum powder blush yellow,MEDIUM BRUSHED COPPER,SM BOX,14754,TRUCK,DELIVER IN PERSON,36.00,46526.04,0.10,1996-06-23,3-MEDIUM,99648.70,Customer#000000043,MACHINERY,9904.28,ROMANIA,EUROPE,15,MOROCCO,0,ct blithely: blithely express accounts nag carefully. silent packages haggle carefully abo
392,medium plum powder blush yellow,MEDIUM BRUSHED COPPER,SM BOX,14754,TRUCK,DELIVER IN PERSON,36.00,46526.04,0.10,1996-06-23,3-MEDIUM,99648.70,Customer#000000043,MACHINERY,9904.28,ROMANIA,EUROPE,16,MOZAMBIQUE,0, beans after the carefully regular accounts r
392,medium plum powder blush yellow,MEDIUM BRUSHED COPPER,SM BOX,14754,TRUCK,DELIVER IN PERSON,36.00,46526.04,0.10,1996-06-23,3-MEDIUM,99648.70,Customer#000000043,MACHINERY,9904.28,ROMANIA,EUROPE,17,PERU,1,ly final foxes. blithely ironic accounts haggle. regular foxes about the regular deposits are furiously ir
392,medium plum powder blush yellow,MEDIUM BRUSHED COPPER,SM BOX,14754,TRUCK,DELIVER IN PERSON,36.00,46526.04,0.10,1996-06-23,3-MEDIUM,99648.70,Customer#000000043,MACHINERY,9904.28,ROMANIA,EUROPE,18,CHINA,2,"ckly special packages cajole slyly. unusual, unusual theodolites mold furiously. slyly sile"
392,medium plum powder blush yellow,MEDIUM BRUSHED COPPER,SM BOX,14754,TRUCK,DELIVER IN PERSON,36.00,46526.04,0.10,1996-06-23,3-MEDIUM,99648.70,Customer#000000043,MACHINERY,9904.28,ROMANIA,EUROPE,19,ROMANIA,3,"sly blithe requests. thinly bold deposits above the blithely regular accounts nag special, final requests. care"
392,medium plum powder blush yellow,MEDIUM BRUSHED COPPER,SM BOX,14754,TRUCK,DELIVER IN PERSON,36.00,46526.04,0.10,1996-06-23,3-MEDIUM,99648.70,Customer#000000043,MACHINERY,9904.28,ROMANIA,EUROPE,20,SAUDI ARABIA,4,se slyly across the blithely regular deposits. deposits use carefully regular 
392,medium plum powder blush yellow,MEDIUM BRUSHED COPPER,SM BOX,14754,TRUCK,DELIVER IN PERSON,36.00,46526.04,0.10,1996-06-23,3-MEDIUM,99648.70,Customer#000000043,MACHINERY,9904.28,ROMANIA,EUROPE,21,VIETNAM,2,lly across the quickly even pinto beans. caref
392,medium plum powder blush yellow,MEDIUM BRUSHED COPPER,SM BOX,14754,TRUCK,DELIVER IN PERSON,36.00,46526.04,0.10,1996-06-23,3-MEDIUM,99648.70,Customer#000000043,MACHINERY,9904.28,ROMANIA,EUROPE,22,RUSSIA,3,uctions. furiously unusual instructions sleep furiously ironic packages. slyly 
392,medium plum powder blush yellow,MEDIUM BRUSHED COPPER,SM BOX,14754,TRUCK,DELIVER IN PERSON,36.00,46526.04,0.10,1996-06-23,3-MEDIUM,99648.70,Customer#000000043,MACHINERY,9904.28,ROMANIA,EUROPE,23,UNITED KINGDOM,3,"carefully pending courts sleep above the ironic, regular theo"
392,medium plum powder blush yellow,MEDIUM BRUSHED COPPER,SM BOX,14754,TRUCK,DELIVER IN PERSON,36.00,46526.04,0.10,1996-06-23,3-MEDIUM,99648.70,Customer#000000043,MACHINERY,9904.28,ROMANIA,EUROPE,24,UNITED STATES,1,ly ironic requests along the slyly bold ideas hang after the blithely special notornis; blithely even accounts
395,drab steel royal medium chartreuse,MEDIUM BURNISHED BRASS,LG BOX,3234,TRUCK,DELIVER IN PERSON,45.00,58292.55,0.01,1996-04-05,4-NOT SPECIFIED,207014.44,Customer#000000070,FURNITURE,4867.52,RUSSIA,EUROPE,0,ALGERIA,0,furiously regular requests. platelets affix furious
395,drab steel royal medium chartreuse,MEDIUM BURNISHED BRASS,LG BOX,3234,TRUCK,DELIVER IN PERSON,45.00,58292.55,0.01,1996-04-05,4-NOT SPECIFIED,207014.44,Customer#000000070,FURNITURE,4867.52,RUSSIA,EUROPE,1,ARGENTINA,1,"instructions wake quickly. final deposits haggle. final, silent theodolites "
395,drab steel royal medium chartreuse,MEDIUM BURNISHED BRASS,LG BOX,3234,TRUCK,DELIVER IN PERSON,45.00,58292.55,0.01,1996-04-05,4-NOT SPECIFIED,207014.44,Customer#000000070,FURNITURE,4867.52,RUSSIA,EUROPE,2,BRAZIL,1,asymptotes use fluffily quickly bold instructions. slyly bold dependencies sleep carefully pending accounts
395,drab steel royal medium chartreuse,MEDIUM BURNISHED BRASS,LG BOX,3234,TRUCK,DELIVER IN PERSON,45.00,58292.55,0.01,1996-04-05,4-NOT SPECIFIED,207014.44,Customer#000000070,FURNITURE,4867.52,RUSSIA,EUROPE,3,CANADA,1,ss deposits wake across the pending foxes. packages after the carefully bold requests integrate caref
395,drab steel royal medium chartreuse,MEDIUM BURNISHED BRASS,LG BOX,3234,TRUCK,DELIVER IN PERSON,45.00,58292.55,0.01,1996-04-05,4-NOT SPECIFIED,207014.44,Customer#000000070,FURNITURE,4867.52,RUSSIA,EUROPE,4,EGYPT,4,"usly ironic, pending foxes. even, special instructions nag. sly, final foxes detect slyly fluffily "
395,drab steel royal medium chartreuse,MEDIUM BURNISHED BRASS,LG BOX,3234,TRUCK,DELIVER IN PERSON,45.00,58292.55,0.01,1996-04-05,4-NOT SPECIFIED,207014.44,Customer#000000070,FURNITURE,4867.52,RUSSIA,EUROPE,5,ETHIOPIA,0,regular requests sleep carefull
395,drab steel royal medium chartreuse,MEDIUM BURNISHED BRASS,LG BOX,3234,TRUCK,DELIVER IN PERSON,45.00,58292.55,0.01,1996-04-05,4-NOT SPECIFIED,207014.44,Customer#000000070,FURNITURE,4867.52,RUSSIA,EUROPE,6,FRANCE,3,oggedly. regular packages solve across
395,drab steel royal medium chartreuse,MEDIUM BURNISHED BRASS,LG BOX,3234,TRUCK,DELIVER IN PERSON,45.00,58292.55,0.01,1996-04-05,4-NOT SPECIFIED,207014.44,Customer#000000070,FURNITURE,4867.52,RUSSIA,EUROPE,7,GERMANY,3,ong the regular requests: blithely silent pinto beans hagg
395,drab steel royal medium chartreuse,MEDIUM BURNISHED BRASS,LG BOX,3234,TRUCK,DELIVER IN PERSON,45.00,58292.55,0.01,1996-04-05,4-NOT SPECIFIED,207014.44,Customer#000000070,FURNITURE,4867.52,RUSSIA,EUROPE,8,INDIA,2,uriously unusual deposits about the slyly final pinto beans could
395,drab steel royal medium chartreuse,MEDIUM BURNISHED BRASS,LG BOX,3234,TRUCK,DELIVER IN PERSON,45.00,58292.55,0.01,1996-04-05,4-NOT SPECIFIED,207014.44,Customer#000000070,FURNITURE,4867.52,RUSSIA,EUROPE,9,INDONESIA,2,"d deposits sleep quickly according to the dogged, regular dolphins. special excuses haggle furiously special reque"
395,drab steel royal medium chartreuse,MEDIUM BURNISHED BRASS,LG BOX,3234,TRUCK,DELIVER IN PERSON,45.00,58292.55,0.01,1996-04-05,4-NOT SPECIFIED,207014.44,Customer#000000070,FURNITURE,4867.52,RUSSIA,EUROPE,10,IRAN,4,furiously idle platelets nag. express asymptotes s
395,drab steel royal medium chartreuse,MEDIUM BURNISHED BRASS,LG BOX,3234,TRUCK,DELIVER IN PERSON,45.00,58292.55,0.01,1996-04-05,4-NOT SPECIFIED,207014.44,Customer#000000070,FURNITURE,4867.52,RUSSIA,EUROPE,11,IRAQ,4,pendencies; slyly express foxes integrate carefully across the reg
395,drab steel royal medium chartreuse,MEDIUM BURNISHED BRASS,LG BOX,3234,TRUCK,DELIVER IN PERSON,45.00,58292.55,0.01,1996-04-05,4-NOT SPECIFIED,207014.44,Customer#000000070,FURNITURE,4867.52,RUSSIA,EUROPE,12,JAPAN,2, quickly final packages. furiously i
395,drab steel royal medium chartreuse,MEDIUM BURNISHED BRASS,LG BOX,3234,TRUCK,DELIVER IN PERSON,45.00,58292.55,0.01,1996-04-05,4-NOT SPECIFIED,207014.44,Customer#000000070,FURNITURE,4867.52,RUSSIA,EUROPE,13,JORDAN,4,the slyly regular ideas. silent Tiresias affix slyly fu
395,drab steel royal medium chartreuse,MEDIUM BURNISHED BRASS,LG BOX,3234,TRUCK,DELIVER IN PERSON,45.00,58292.55,0.01,1996-04-05,4-NOT SPECIFIED,207014.44,Customer#000000070,FURNITURE,4867.52,RUSSIA,EUROPE,14,KENYA,0,lyly special foxes. slyly regular deposits sleep carefully. carefully permanent accounts slee
395,drab steel royal medium chartreuse,MEDIUM BURNISHED BRASS,LG BOX,3234,TRUCK,DELIVER IN PERSON,45.00,58292.55,0.01,1996-04-05,4-NOT SPECIFIED,207014.44,Customer#000000070,FURNITURE,4867.52,RUSSIA,EUROPE,15,MOROCCO,0,ct blithely: blithely express accounts nag carefully. silent packages haggle carefully abo
395,drab steel royal medium chartreuse,MEDIUM BURNISHED BRASS,LG BOX,3234,TRUCK,DELIVER IN PERSON,45.00,58292.55,0.01,1996-04-05,4-NOT SPECIFIED,207014.44,Customer#000000070,FURNITURE,4867.52,RUSSIA,EUROPE,16,MOZAMBIQUE,0, beans after the carefully regular accounts r
395,drab steel royal medium chartreuse,MEDIUM BURNISHED BRASS,LG BOX,3234,TRUCK,DELIVER IN PERSON,45.00,58292.55,0.01,1996-04-05,4-NOT SPECIFIED,207014.44,Customer#000000070,FURNITURE,4867.52,RUSSIA,EUROPE,17,PERU,1,ly final foxes. blithely ironic accounts haggle. regular foxes about the regular deposits are furiously ir
395,drab steel royal medium chartreuse,MEDIUM BURNISHED BRASS,LG BOX,3234,TRUCK,DELIVER IN PERSON,45.00,58292.55,0.01,1996-04-05,4-NOT SPECIFIED,207014.44,Customer#000000070,FURNITURE,4867.52,RUSSIA,EUROPE,18,CHINA,2,"ckly special packages cajole slyly. unusual, unusual theodolites mold furiously. slyly sile"
395,drab steel royal medium chartreuse,MEDIUM BURNISHED BRASS,LG BOX,3234,TRUCK,DELIVER IN PERSON,45.00,58292.55,0.01,1996-04-05,4-NOT SPECIFIED,207014.44,Customer#000000070,FURNITURE,4867.52,RUSSIA,EUROPE,19,ROMANIA,3,"sly blithe requests. thinly bold deposits above the blithely regular accounts nag special, final requests. care"
395,drab steel royal medium chartreuse,MEDIUM BURNISHED BRASS,LG BOX,3234,TRUCK,DELIVER IN PERSON,45.00,58292.55,0.01,1996-04-05,4-NOT SPECIFIED,207014.44,Customer#000000070,FURNITURE,4867.52,RUSSIA,EUROPE,20,SAUDI ARABIA,4,se slyly across the blithely regular deposits. deposits use carefully regular 
395,drab steel royal medium chartreuse,MEDIUM BURNISHED BRASS,LG BOX,3234,TRUCK,DELIVER IN PERSON,45.00,58292.55,0.01,1996-04-05,4-NOT SPECIFIED,207014.44,Customer#000000070,FURNITURE,4867.52,RUSSIA,EUROPE,21,VIETNAM,2,lly across the quickly even pinto beans. caref
395,drab steel royal medium chartreuse,MEDIUM BURNISHED BRASS,LG BOX,3234,TRUCK,DELIVER IN PERSON,45.00,58292.55,0.01,1996-04-05,4-NOT SPECIFIED,207014.44,Customer#000000070,FURNITURE,4867.52,RUSSIA,EUROPE,22,RUSSIA,3,uctions. furiously unusual instructions sleep furiously ironic packages. slyly 
395,drab steel royal medium chartreuse,MEDIUM BURNISHED BRASS,LG BOX,3234,TRUCK,DELIVER IN PERSON,45.00,58292.55,0.01,1996-04-05,4-NOT SPECIFIED,207014.44,Customer#000000070,FURNITURE,4867.52,RUSSIA,EUROPE,23,UNITED KINGDOM,3,"carefully pending courts sleep above the ironic, regular theo"
395,drab steel royal medium chartreuse,MEDIUM BURNISHED BRASS,LG BOX,3234,TRUCK,DELIVER IN PERSON,45.00,58292.55,0.01,1996-04-05,4-NOT SPECIFIED,207014.44,Customer#000000070,FURNITURE,4867.52,RUSSIA,EUROPE,24,UNITED STATES,1,ly ironic requests along the slyly bold ideas hang after the blithely special notornis; blithely even accounts
395,drab steel royal medium chartreuse,MEDIUM BURNISHED BRASS,LG BOX,14150,MAIL,DELIVER IN PERSON,38.00,49224.82,0.02,1994-02-09,2-HIGH,186818.41,Customer#000000046,AUTOMOBILE,5744.59,FRANCE,EUROPE,0,ALGERIA,0,furiously regular requests. platelets affix furious
395,drab steel royal medium chartreuse,MEDIUM BURNISHED BRASS,LG BOX,14150,MAIL,DELIVER IN PERSON,38.00,49224.82,0.02,1994-02-09,2-HIGH,186818.41,Customer#000000046,AUTOMOBILE,5744.59,FRANCE,EUROPE,1,ARGENTINA,1,"instructions wake quickly. final deposits haggle. final, silent theodolites "
395,drab steel royal medium chartreuse,MEDIUM BURNISHED BRASS,LG BOX,14150,MAIL,DELIVER IN PERSON,38.00,49224.82,0.02,1994-02-09,2-HIGH,186818.41,Customer#000000046,AUTOMOBILE,5744.59,FRANCE,EUROPE,2,BRAZIL,1,asymptotes use fluffily quickly bold instructions. slyly bold dependencies sleep carefully pending accounts
395,drab steel royal medium chartreuse,MEDIUM BURNISHED BRASS,LG BOX,14150,MAIL,DELIVER IN PERSON,38.00,49224.82,0.02,1994-02-09,2-HIGH,186818.41,Customer#000000046,AUTOMOBILE,5744.59,FRANCE,EUROPE,3,CANADA,1,ss deposits wake across the pending foxes. packages after the carefully bold requests integrate caref
395,drab steel royal medium chartreuse,MEDIUM BURNISHED BRASS,LG BOX,14150,MAIL,DELIVER IN PERSON,38.00,49224.82,0.02,1994-02-09,2-HIGH,186818.41,Customer#000000046,AUTOMOBILE,5744.59,FRANCE,EUROPE,4,EGYPT,4,"usly ironic, pending foxes. even, special instructions nag. sly, final foxes detect slyly fluffily "
395,drab steel royal medium chartreuse,MEDIUM BURNISHED BRASS,LG BOX,14150,MAIL,DELIVER IN PERSON,38.00,49224.82,0.02,1994-02-09,2-HIGH,186818.41,Customer#000000046,AUTOMOBILE,5744.59,FRANCE,EUROPE,5,ETHIOPIA,0,regular requests sleep carefull
395,drab steel royal medium chartreuse,MEDIUM BURNISHED BRASS,LG BOX,14150,MAIL,DELIVER IN PERSON,38.00,49224.82,0.02,1994-02-09,2-HIGH,186818.41,Customer#000000046,AUTOMOBILE,5744.59,FRANCE,EUROPE,6,FRANCE,3,oggedly. regular packages solve across
395,drab steel royal medium chartreuse,MEDIUM BURNISHED BRASS,LG BOX,14150,MAIL,DELIVER IN PERSON,38.00,49224.82,0.02,1994-02-09,2-HIGH,186818.41,Customer#000000046,AUTOMOBILE,5744.59,FRANCE,EUROPE,7,GERMANY,3,ong the regular requests: blithely silent pinto beans hagg
395,drab steel royal medium chartreuse,MEDIUM BURNISHED BRASS,LG BOX,14150,MAIL,DELIVER IN PERSON,38.00,49224.82,0.02,1994-02-09,2-HIGH,186818.41,Customer#000000046,AUTOMOBILE,5744.59,FRANCE,EUROPE,8,INDIA,2,uriously unusual deposits about the slyly final pinto beans could
395,drab steel royal medium chartreuse,MEDIUM BURNISHED BRASS,LG BOX,14150,MAIL,DELIVER IN PERSON,38.00,49224.82,0.02,1994-02-09,2-HIGH,186818.41,Customer#000000046,AUTOMOBILE,5744.59,FRANCE,EUROPE,9,INDONESIA,2,"d deposits sleep quickly according to the dogged, regular dolphins. special excuses haggle furiously special reque"
395,drab steel royal medium chartreuse,MEDIUM BURNISHED BRASS,LG BOX,14150,MAIL,DELIVER IN PERSON,38.00,49224.82,0.02,1994-02-09,2-HIGH,186818.41,Customer#000000046,AUTOMOBILE,5744.59,FRANCE,EUROPE,10,IRAN,4,furiously idle platelets nag. express asymptotes s
395,drab steel royal medium chartreuse,MEDIUM BURNISHED BRASS,LG BOX,14150,MAIL,DELIVER IN PERSON,38.00,49224.82,0.02,1994-02-09,2-HIGH,186818.41,Customer#000000046,AUTOMOBILE,5744.59,FRANCE,EUROPE,11,IRAQ,4,pendencies; slyly express foxes integrate carefully across the reg
395,drab steel royal medium chartreuse,MEDIUM BURNISHED BRASS,LG BOX,14150,MAIL,DELIVER IN PERSON,38.00,49224.82,0.02,1994-02-09,2-HIGH,186818.41,Customer#000000046,AUTOMOBILE,5744.59,FRANCE,EUROPE,12,JAPAN,2, quickly final packages. furiously i
395,drab steel royal medium chartreuse,MEDIUM BURNISHED BRASS,LG BOX,14150,MAIL,DELIVER IN PERSON,38.00,49224.82,0.02,1994-02-09,2-HIGH,186818.41,Customer#000000046,AUTOMOBILE,5744.59,FRANCE,EUROPE,13,JORDAN,4,the slyly regular ideas. silent Tiresias affix slyly fu
395,drab steel royal medium chartreuse,MEDIUM BURNISHED BRASS,LG BOX,14150,MAIL,DELIVER IN PERSON,38.00,49224.82,0.02,1994-02-09,2-HIGH,186818.41,Customer#000000046,AUTOMOBILE,5744.59,FRANCE,EUROPE,14,KENYA,0,lyly special foxes. slyly regular deposits sleep carefully. carefully permanent accounts slee
395,drab steel royal medium chartreuse,MEDIUM BURNISHED BRASS,LG BOX,14150,MAIL,DELIVER IN PERSON,38.00,49224.82,0.02,1994-02-09,2-HIGH,186818.41,Customer#000000046,AUTOMOBILE,5744.59,FRANCE,EUROPE,15,MOROCCO,0,ct blithely: blithely express accounts nag carefully. silent packages haggle carefully abo
395,drab steel royal medium chartreuse,MEDIUM BURNISHED BRASS,LG BOX,14150,MAIL,DELIVER IN PERSON,38.00,49224.82,0.02,1994-02-09,2-HIGH,186818.41,Customer#000000046,AUTOMOBILE,5744.59,FRANCE,EUROPE,16,MOZAMBIQUE,0, beans after the carefully regular accounts r
395,drab steel royal medium chartreuse,MEDIUM BURNISHED BRASS,LG BOX,14150,MAIL,DELIVER IN PERSON,38.00,49224.82,0.02,1994-02-09,2-HIGH,186818.41,Customer#000000046,AUTOMOBILE,5744.59,FRANCE,EUROPE,17,PERU,1,ly final foxes. blithely ironic accounts haggle. regular foxes about the regular deposits are furiously ir
395,drab steel royal medium chartreuse,MEDIUM BURNISHED BRASS,LG BOX,14150,MAIL,DELIVER IN PERSON,38.00,49224.82,0.02,1994-02-09,2-HIGH,186818.41,Customer#000000046,AUTOMOBILE,5744.59,FRANCE,EUROPE,18,CHINA,2,"ckly special packages cajole slyly. unusual, unusual theodolites mold furiously. slyly sile"
395,drab steel royal medium chartreuse,MEDIUM BURNISHED BRASS,LG BOX,14150,MAIL,DELIVER IN PERSON,38.00,49224.82,0.02,1994-02-09,2-HIGH,186818.41,Customer#000000046,AUTOMOBILE,5744.59,FRANCE,EUROPE,19,ROMANIA,3,"sly blithe requests. thinly bold deposits above the blithely regular accounts nag special, final requests. care"
395,drab steel royal medium chartreuse,MEDIUM BURNISHED BRASS,LG BOX,14150,MAIL,DELIVER IN PERSON,38.00,49224.82,0.02,1994-02-09,2-HIGH,186818.41,Customer#000000046,AUTOMOBILE,5744.59,FRANCE,EUROPE,20,SAUDI ARABIA,4,se slyly across the blithely regular deposits. deposits use carefully regular 
395,drab steel royal medium chartreuse,MEDIUM BURNISHED BRASS,LG BOX,14150,MAIL,DELIVER IN PERSON,38.00,49224.82,0.02,1994-02-09,2-HIGH,186818.41,Customer#000000046,AUTOMOBILE,5744.59,FRANCE,EUROPE,21,VIETNAM,2,lly across the quickly even pinto beans. caref
395,drab steel royal medium chartreuse,MEDIUM BURNISHED BRASS,LG BOX,14150,MAIL,DELIVER IN PERSON,38.00,49224.82,0.02,1994-02-09,2-HIGH,186818.41,Customer#000000046,AUTOMOBILE,5744.59,FRANCE,EUROPE,22,RUSSIA,3,uctions. furiously unusual instructions sleep furiously ironic packages. slyly 
395,drab steel royal medium chartreuse,MEDIUM BURNISHED BRASS,LG BOX,14150,MAIL,DELIVER IN PERSON,38.00,49224.82,0.02,1994-02-09,2-HIGH,186818.41,Customer#000000046,AUTOMOBILE,5744.59,FRANCE,EUROPE,23,UNITED KINGDOM,3,"carefully pending courts sleep above the ironic, regular theo"
395,drab steel royal medium chartreuse,MEDIUM BURNISHED BRASS,LG BOX,14150,MAIL,DELIVER IN PERSON,38.00,49224.82,0.02,1994-02-09,2-HIGH,186818.41,Customer#000000046,AUTOMOBILE,5744.59,FRANCE,EUROPE,24,UNITED STATES,1,ly ironic requests along the slyly bold ideas hang after the blithely special notornis; blithely even accounts
395,drab steel royal medium chartreuse,MEDIUM BURNISHED BRASS,LG BOX,16610,MAIL,TAKE BACK RETURN,42.00,54406.38,0.00,1994-10-11,2-HIGH,181988.84,Customer#000000017,AUTOMOBILE,6.34,BRAZIL,AMERICA,0,ALGERIA,0,furiously regular requests. platelets affix furious
395,drab steel royal medium chartreuse,MEDIUM BURNISHED BRASS,LG BOX,16610,MAIL,TAKE BACK RETURN,42.00,54406.38,0.00,1994-10-11,2-HIGH,181988.84,Customer#000000017,AUTOMOBILE,6.34,BRAZIL,AMERICA,1,ARGENTINA,1,"instructions wake quickly. final deposits haggle. final, silent theodolites "
395,drab steel royal medium chartreuse,MEDIUM BURNISHED BRASS,LG BOX,16610,MAIL,TAKE BACK RETURN,42.00,54406.38,0.00,1994-10-11,2-HIGH,181988.84,Customer#000000017,AUTOMOBILE,6.34,BRAZIL,AMERICA,2,BRAZIL,1,asymptotes use fluffily quickly bold instructions. slyly bold dependencies sleep carefully pending accounts
395,drab steel royal medium chartreuse,MEDIUM BURNISHED BRASS,LG BOX,16610,MAIL,TAKE BACK RETURN,42.00,54406.38,0.00,1994-10-11,2-HIGH,181988.84,Customer#000000017,AUTOMOBILE,6.34,BRAZIL,AMERICA,3,CANADA,1,ss deposits wake across the pending foxes. packages after the carefully bold requests integrate caref
395,drab steel royal medium chartreuse,MEDIUM BURNISHED BRASS,LG BOX,16610,MAIL,TAKE BACK RETURN,42.00,54406.38,0.00,1994-10-11,2-HIGH,181988.84,Customer#000000017,AUTOMOBILE,6.34,BRAZIL,AMERICA,4,EGYPT,4,"usly ironic, pending foxes. even, special instructions nag. sly, final foxes detect slyly fluffily "
395,drab steel royal medium chartreuse,MEDIUM BURNISHED BRASS,LG BOX,16610,MAIL,TAKE BACK RETURN,42.00,54406.38,0.00,1994-10-11,2-HIGH,181988.84,Customer#000000017,AUTOMOBILE,6.34,BRAZIL,AMERICA,5,ETHIOPIA,0,regular requests sleep carefull
395,drab steel royal medium chartreuse,MEDIUM BURNISHED BRASS,LG BOX,16610,MAIL,TAKE BACK RETURN,42.00,54406.38,0.00,1994-10-11,2-HIGH,181988.84,Customer#000000017,AUTOMOBILE,6.34,BRAZIL,AMERICA,6,FRANCE,3,oggedly. regular packages solve across
395,drab steel royal medium chartreuse,MEDIUM BURNISHED BRASS,LG BOX,16610,MAIL,TAKE BACK RETURN,42.00,54406.38,0.00,1994-10-11,2-HIGH,181988.84,Customer#000000017,AUTOMOBILE,6.34,BRAZIL,AMERICA,7,GERMANY,3,ong the regular requests: blithely silent pinto beans hagg
395,drab steel royal medium chartreuse,MEDIUM BURNISHED BRASS,LG BOX,16610,MAIL,TAKE BACK RETURN,42.00,54406.38,0.00,1994-10-11,2-HIGH,181988.84,Customer#000000017,AUTOMOBILE,6.34,BRAZIL,AMERICA,8,INDIA,2,uriously unusual deposits about the slyly final pinto beans could
395,drab steel royal medium chartreuse,MEDIUM BURNISHED BRASS,LG BOX,16610,MAIL,TAKE BACK RETURN,42.00,54406.38,0.00,1994-10-11,2-HIGH,181988.84,Customer#000000017,AUTOMOBILE,6.34,BRAZIL,AMERICA,9,INDONESIA,2,"d deposits sleep quickly according to the dogged, regular dolphins. special excuses haggle furiously special reque"
395,drab steel royal medium chartreuse,MEDIUM BURNISHED BRASS,LG BOX,16610,MAIL,TAKE BACK RETURN,42.00,54406.38,0.00,1994-10-11,2-HIGH,181988.84,Customer#000000017,AUTOMOBILE,6.34,BRAZIL,AMERICA,10,IRAN,4,furiously idle platelets nag. express asymptotes s
395,drab steel royal medium chartreuse,MEDIUM BURNISHED BRASS,LG BOX,16610,MAIL,TAKE BACK RETURN,42.00,54406.38,0.00,1994-10-11,2-HIGH,181988.84,Customer#000000017,AUTOMOBILE,6.34,BRAZIL,AMERICA,11,IRAQ,4,pendencies; slyly express foxes integrate carefully across the reg
395,drab steel royal medium chartreuse,MEDIUM BURNISHED BRASS,LG BOX,16610,MAIL,TAKE BACK RETURN,42.00,54406.38,0.00,1994-10-11,2-HIGH,181988.84,Customer#000000017,AUTOMOBILE,6.34,BRAZIL,AMERICA,12,JAPAN,2, quickly final packages. furiously i
395,drab steel royal medium chartreuse,MEDIUM BURNISHED BRASS,LG BOX,16610,MAIL,TAKE BACK RETURN,42.00,54406.38,0.00,1994-10-11,2-HIGH,181988.84,Customer#000000017,AUTOMOBILE,6.34,BRAZIL,AMERICA,13,JORDAN,4,the slyly regular ideas. silent Tiresias affix slyly fu
395,drab steel royal medium chartreuse,MEDIUM BURNISHED BRASS,LG BOX,16610,MAIL,TAKE BACK RETURN,42.00,54406.38,0.00,1994-10-11,2-HIGH,181988.84,Customer#000000017,AUTOMOBILE,6.34,BRAZIL,AMERICA,14,KENYA,0,lyly special foxes. slyly regular deposits sleep carefully. carefully permanent accounts slee
395,drab steel royal medium chartreuse,MEDIUM BURNISHED BRASS,LG BOX,16610,MAIL,TAKE BACK RETURN,42.00,54406.38,0.00,1994-10-11,2-HIGH,181988.84,Customer#000000017,AUTOMOBILE,6.34,BRAZIL,AMERICA,15,MOROCCO,0,ct blithely: blithely express accounts nag carefully. silent packages haggle carefully abo
395,drab steel royal medium chartreuse,MEDIUM BURNISHED BRASS,LG BOX,16610,MAIL,TAKE BACK RETURN,42.00,54406.38,0.00,1994-10-11,2-HIGH,181988.84,Customer#000000017,AUTOMOBILE,6.34,BRAZIL,AMERICA,16,MOZAMBIQUE,0, beans after the carefully regular accounts r
395,drab steel royal medium chartreuse,MEDIUM BURNISHED BRASS,LG BOX,16610,MAIL,TAKE BACK RETURN,42.00,54406.38,0.00,1994-10-11,2-HIGH,181988.84,Customer#000000017,AUTOMOBILE,6.34,BRAZIL,AMERICA,17,PERU,1,ly final foxes. blithely ironic accounts haggle. regular foxes about the regular deposits are furiously ir
395,drab steel royal medium chartreuse,MEDIUM BURNISHED BRASS,LG BOX,16610,MAIL,TAKE BACK RETURN,42.00,54406.38,0.00,1994-10-11,2-HIGH,181988.84,Customer#000000017,AUTOMOBILE,6.34,BRAZIL,AMERICA,18,CHINA,2,"ckly special packages cajole slyly. unusual, unusual theodolites mold furiously. slyly sile"
395,drab steel royal medium chartreuse,MEDIUM BURNISHED BRASS,LG BOX,16610,MAIL,TAKE BACK RETURN,42.00,54406.38,0.00,1994-10-11,2-HIGH,181988.84,Customer#000000017,AUTOMOBILE,6.34,BRAZIL,AMERICA,19,ROMANIA,3,"sly blithe requests. thinly bold deposits above the blithely regular accounts nag special, final requests. care"
395,drab steel royal medium chartreuse,MEDIUM BURNISHED BRASS,LG BOX,16610,MAIL,TAKE BACK RETURN,42.00,54406.38,0.00,1994-10-11,2-HIGH,181988.84,Customer#000000017,AUTOMOBILE,6.34,BRAZIL,AMERICA,20,SAUDI ARABIA,4,se slyly across the blithely regular deposits. deposits use carefully regular 
395,drab steel royal medium chartreuse,MEDIUM BURNISHED BRASS,LG BOX,16610,MAIL,TAKE BACK RETURN,42.00,54406.38,0.00,1994-10-11,2-HIGH,181988.84,Customer#000000017,AUTOMOBILE,6.34,BRAZIL,AMERICA,21,VIETNAM,2,lly across the quickly even pinto beans. caref
395,drab steel royal medium chartreuse,MEDIUM BURNISHED BRASS,LG BOX,16610,MAIL,TAKE BACK RETURN,42.00,54406.38,0.00,1994-10-11,2-HIGH,181988.84,Customer#000000017,AUTOMOBILE,6.34,BRAZIL,AMERICA,22,RUSSIA,3,uctions. furiously unusual instructions sleep furiously ironic packages. slyly 
395,drab steel royal medium chartreuse,MEDIUM BURNISHED BRASS,LG BOX,16610,MAIL,TAKE BACK RETURN,42.00,54406.38,0.00,1994-10-11,2-HIGH,181988.84,Customer#000000017,AUTOMOBILE,6.34,BRAZIL,AMERICA,23,UNITED KINGDOM,3,"carefully pending courts sleep above the ironic, regular theo"
395,drab steel royal medium chartreuse,MEDIUM BURNISHED BRASS,LG BOX,16610,MAIL,TAKE BACK RETURN,42.00,54406.38,0.00,1994-10-11,2-HIGH,181988.84,Customer#000000017,AUTOMOBILE,6.34,BRAZIL,AMERICA,24,UNITED STATES,1,ly ironic requests along the slyly bold ideas hang after the blithely special notornis; blithely even accounts
395,drab steel royal medium chartreuse,MEDIUM BURNISHED BRASS,LG BOX,23169,AIR,TAKE BACK RETURN,39.00,50520.21,0.04,1995-06-24,1-URGENT,227411.29,Customer#000000265,MACHINERY,8275.80,PERU,AMERICA,0,ALGERIA,0,furiously regular requests. platelets affix furious
395,drab steel royal medium chartreuse,MEDIUM BURNISHED BRASS,LG BOX,23169,AIR,TAKE BACK RETURN,39.00,50520.21,0.04,1995-06-24,1-URGENT,227411.29,Customer#000000265,MACHINERY,8275.80,PERU,AMERICA,1,ARGENTINA,1,"instructions wake quickly. final deposits haggle. final, silent theodolites "
395,drab steel royal medium chartreuse,MEDIUM BURNISHED BRASS,LG BOX,23169,AIR,TAKE BACK RETURN,39.00,50520.21,0.04,1995-06-24,1-URGENT,227411.29,Customer#000000265,MACHINERY,8275.80,PERU,AMERICA,2,BRAZIL,1,asymptotes use fluffily quickly bold instructions. slyly bold dependencies sleep carefully pending accounts
395,drab steel royal medium chartreuse,MEDIUM BURNISHED BRASS,LG BOX,23169,AIR,TAKE BACK RETURN,39.00,50520.21,0.04,1995-06-24,1-URGENT,227411.29,Customer#000000265,MACHINERY,8275.80,PERU,AMERICA,3,CANADA,1,ss deposits wake across the pending foxes. packages after the carefully bold requests integrate caref
395,drab steel royal medium chartreuse,MEDIUM BURNISHED BRASS,LG BOX,23169,AIR,TAKE BACK RETURN,39.00,50520.21,0.04,1995-06-24,1-URGENT,227411.29,Customer#000000265,MACHINERY,8275.80,PERU,AMERICA,4,EGYPT,4,"usly ironic, pending foxes. even, special instructions nag. sly, final foxes detect slyly fluffily "
395,drab steel royal medium chartreuse,MEDIUM BURNISHED BRASS,LG BOX,23169,AIR,TAKE BACK RETURN,39.00,50520.21,0.04,1995-06-24,1-URGENT,227411.29,Customer#000000265,MACHINERY,8275.80,PERU,AMERICA,5,ETHIOPIA,0,regular requests sleep carefull
395,drab steel royal medium chartreuse,MEDIUM BURNISHED BRASS,LG BOX,23169,AIR,TAKE BACK RETURN,39.00,50520.21,0.04,1995-06-24,1-URGENT,227411.29,Customer#000000265,MACHINERY,8275.80,PERU,AMERICA,6,FRANCE,3,oggedly. regular packages solve across
395,drab steel royal medium chartreuse,MEDIUM BURNISHED BRASS,LG BOX,23169,AIR,TAKE BACK RETURN,39.00,50520.21,0.04,1995-06-24,1-URGENT,227411.29,Customer#000000265,MACHINERY,8275.80,PERU,AMERICA,7,GERMANY,3,ong the regular requests: blithely silent pinto beans hagg
395,drab steel royal medium chartreuse,MEDIUM BURNISHED BRASS,LG BOX,23169,AIR,TAKE BACK RETURN,39.00,50520.21,0.04,1995-06-24,1-URGENT,227411.29,Customer#000000265,MACHINERY,8275.80,PERU,AMERICA,8,INDIA,2,uriously unusual deposits about the slyly final pinto beans could
395,drab steel royal medium chartreuse,MEDIUM BURNISHED BRASS,LG BOX,23169,AIR,TAKE BACK RETURN,39.00,50520.21,0.04,1995-06-24,1-URGENT,227411.29,Customer#000000265,MACHINERY,8275.80,PERU,AMERICA,9,INDONESIA,2,"d deposits sleep quickly according to the dogged, regular dolphins. special excuses haggle furiously special reque"
395,drab steel royal medium chartreuse,MEDIUM BURNISHED BRASS,LG BOX,23169,AIR,TAKE BACK RETURN,39.00,50520.21,0.04,1995-06-24,1-URGENT,227411.29,Customer#000000265,MACHINERY,8275.80,PERU,AMERICA,10,IRAN,4,furiously idle platelets nag. express asymptotes s
395,drab steel royal medium chartreuse,MEDIUM BURNISHED BRASS,LG BOX,23169,AIR,TAKE BACK RETURN,39.00,50520.21,0.04,1995-06-24,1-URGENT,227411.29,Customer#000000265,MACHINERY,8275.80,PERU,AMERICA,11,IRAQ,4,pendencies; slyly express foxes integrate carefully across the reg
395,drab steel royal medium chartreuse,MEDIUM BURNISHED BRASS,LG BOX,23169,AIR,TAKE BACK RETURN,39.00,50520.21,0.04,1995-06-24,1-URGENT,227411.29,Customer#000000265,MACHINERY,8275.80,PERU,AMERICA,12,JAPAN,2, quickly final packages. furiously i
395,drab steel royal medium chartreuse,MEDIUM BURNISHED BRASS,LG BOX,23169,AIR,TAKE BACK RETURN,39.00,50520.21,0.04,1995-06-24,1-URGENT,227411.29,Customer#000000265,MACHINERY,8275.80,PERU,AMERICA,13,JORDAN,4,the slyly regular ideas. silent Tiresias affix slyly fu
395,drab steel royal medium chartreuse,MEDIUM BURNISHED BRASS,LG BOX,23169,AIR,TAKE BACK RETURN,39.00,50520.21,0.04,1995-06-24,1-URGENT,227411.29,Customer#000000265,MACHINERY,8275.80,PERU,AMERICA,14,KENYA,0,lyly special foxes. slyly regular deposits sleep carefully. carefully permanent accounts slee
395,drab steel royal medium chartreuse,MEDIUM BURNISHED BRASS,LG BOX,23169,AIR,TAKE BACK RETURN,39.00,50520.21,0.04,1995-06-24,1-URGENT,227411.29,Customer#000000265,MACHINERY,8275.80,PERU,AMERICA,15,MOROCCO,0,ct blithely: blithely express accounts nag carefully. silent packages haggle carefully abo
395,drab steel royal medium chartreuse,MEDIUM BURNISHED BRASS,LG BOX,23169,AIR,TAKE BACK RETURN,39.00,50520.21,0.04,1995-06-24,1-URGENT,227411.29,Customer#000000265,MACHINERY,8275.80,PERU,AMERICA,16,MOZAMBIQUE,0, beans after the carefully regular accounts r
395,drab steel royal medium chartreuse,MEDIUM BURNISHED BRASS,LG BOX,23169,AIR,TAKE BACK RETURN,39.00,50520.21,0.04,1995-06-24,1-URGENT,227411.29,Customer#000000265,MACHINERY,8275.80,PERU,AMERICA,17,PERU,1,ly final foxes. blithely ironic accounts haggle. regular foxes about the regular deposits are furiously ir
395,drab steel royal medium chartreuse,MEDIUM BURNISHED BRASS,LG BOX,23169,AIR,TAKE BACK RETURN,39.00,50520.21,0.04,1995-06-24,1-URGENT,227411.29,Customer#000000265,MACHINERY,8275.80,PERU,AMERICA,18,CHINA,2,"ckly special packages cajole slyly. unusual, unusual theodolites mold furiously. slyly sile"
395,drab steel royal medium chartreuse,MEDIUM BURNISHED BRASS,LG BOX,23169,AIR,TAKE BACK RETURN,39.00,50520.21,0.04,1995-06-24,1-URGENT,227411.29,Customer#000000265,MACHINERY,8275.80,PERU,AMERICA,19,ROMANIA,3,"sly blithe requests. thinly bold deposits above the blithely regular accounts nag special, final requests. care"
395,drab steel royal medium chartreuse,MEDIUM BURNISHED BRASS,LG BOX,23169,AIR,TAKE BACK RETURN,39.00,50520.21,0.04,1995-06-24,1-URGENT,227411.29,Customer#000000265,MACHINERY,8275.80,PERU,AMERICA,20,SAUDI ARABIA,4,se slyly across the blithely regular deposits. deposits use carefully regular 
395,drab steel royal medium chartreuse,MEDIUM BURNISHED BRASS,LG BOX,23169,AIR,TAKE BACK RETURN,39.00,50520.21,0.04,1995-06-24,1-URGENT,227411.29,Customer#000000265,MACHINERY,8275.80,PERU,AMERICA,21,VIETNAM,2,lly across the quickly even pinto beans. caref
395,drab steel royal medium chartreuse,MEDIUM BURNISHED BRASS,LG BOX,23169,AIR,TAKE BACK RETURN,39.00,50520.21,0.04,1995-06-24,1-URGENT,227411.29,Customer#000000265,MACHINERY,8275.80,PERU,AMERICA,22,RUSSIA,3,uctions. furiously unusual instructions sleep furiously ironic packages. slyly 
395,drab steel royal medium chartreuse,MEDIUM BURNISHED BRASS,LG BOX,23169,AIR,TAKE BACK RETURN,39.00,50520.21,0.04,1995-06-24,1-URGENT,227411.29,Customer#000000265,MACHINERY,8275.80,PERU,AMERICA,23,UNITED KINGDOM,3,"carefully pending courts sleep above the ironic, regular theo"
395,drab steel royal medium chartreuse,MEDIUM BURNISHED BRASS,LG BOX,23169,AIR,TAKE BACK RETURN,39.00,50520.21,0.04,1995-06-24,1-URGENT,227411.29,Customer#000000265,MACHINERY,8275.80,PERU,AMERICA,24,UNITED STATES,1,ly ironic requests along the slyly bold ideas hang after the blithely special notornis; blithely even accounts
404,maroon olive pink rose cornflower,STANDARD ANODIZED NICKEL,SM CASE,18049,REG AIR,DELIVER IN PERSON,34.00,44349.60,0.08,1994-08-14,3-MEDIUM,187262.62,Customer#000000383,MACHINERY,-849.44,BRAZIL,AMERICA,0,ALGERIA,0,furiously regular requests. platelets affix furious
404,maroon olive pink rose cornflower,STANDARD ANODIZED NICKEL,SM CASE,18049,REG AIR,DELIVER IN PERSON,34.00,44349.60,0.08,1994-08-14,3-MEDIUM,187262.62,Customer#000000383,MACHINERY,-849.44,BRAZIL,AMERICA,1,ARGENTINA,1,"instructions wake quickly. final deposits haggle. final, silent theodolites "
404,maroon olive pink rose cornflower,STANDARD ANODIZED NICKEL,SM CASE,18049,REG AIR,DELIVER IN PERSON,34.00,44349.60,0.08,1994-08-14,3-MEDIUM,187262.62,Customer#000000383,MACHINERY,-849.44,BRAZIL,AMERICA,2,BRAZIL,1,asymptotes use fluffily quickly bold instructions. slyly bold dependencies sleep carefully pending accounts
404,maroon olive pink rose cornflower,STANDARD ANODIZED NICKEL,SM CASE,18049,REG AIR,DELIVER IN PERSON,34.00,44349.60,0.08,1994-08-14,3-MEDIUM,187262.62,Customer#000000383,MACHINERY,-849.44,BRAZIL,AMERICA,3,CANADA,1,ss deposits wake across the pending foxes. packages after the carefully bold requests integrate caref
404,maroon olive pink rose cornflower,STANDARD ANODIZED NICKEL,SM CASE,18049,REG AIR,DELIVER IN PERSON,34.00,44349.60,0.08,1994-08-14,3-MEDIUM,187262.62,Customer#000000383,MACHINERY,-849.44,BRAZIL,AMERICA,4,EGYPT,4,"usly ironic, pending foxes. even, special instructions nag. sly, final foxes detect slyly fluffily "
404,maroon olive pink rose cornflower,STANDARD ANODIZED NICKEL,SM CASE,18049,REG AIR,DELIVER IN PERSON,34.00,44349.60,0.08,1994-08-14,3-MEDIUM,187262.62,Customer#000000383,MACHINERY,-849.44,BRAZIL,AMERICA,5,ETHIOPIA,0,regular requests sleep carefull
404,maroon olive pink rose cornflower,STANDARD ANODIZED NICKEL,SM CASE,18049,REG AIR,DELIVER IN PERSON,34.00,44349.60,0.08,1994-08-14,3-MEDIUM,187262.62,Customer#000000383,MACHINERY,-849.44,BRAZIL,AMERICA,6,FRANCE,3,oggedly. regular packages solve across
404,maroon olive pink rose cornflower,STANDARD ANODIZED NICKEL,SM CASE,18049,REG AIR,DELIVER IN PERSON,34.00,44349.60,0.08,1994-08-14,3-MEDIUM,187262.62,Customer#000000383,MACHINERY,-849.44,BRAZIL,AMERICA,7,GERMANY,3,ong the regular requests: blithely silent pinto beans hagg
404,maroon olive pink rose cornflower,STANDARD ANODIZED NICKEL,SM CASE,18049,REG AIR,DELIVER IN PERSON,34.00,44349.60,0.08,1994-08-14,3-MEDIUM,187262.62,Customer#000000383,MACHINERY,-849.44,BRAZIL,AMERICA,8,INDIA,2,uriously unusual deposits about the slyly final pinto beans could
404,maroon olive pink rose cornflower,STANDARD ANODIZED NICKEL,SM CASE,18049,REG AIR,DELIVER IN PERSON,34.00,44349.60,0.08,1994-08-14,3-MEDIUM,187262.62,Customer#000000383,MACHINERY,-849.44,BRAZIL,AMERICA,9,INDONESIA,2,"d deposits sleep quickly according to the dogged, regular dolphins. special excuses haggle furiously special reque"
404,maroon olive pink rose cornflower,STANDARD ANODIZED NICKEL,SM CASE,18049,REG AIR,DELIVER IN PERSON,34.00,44349.60,0.08,1994-08-14,3-MEDIUM,187262.62,Customer#000000383,MACHINERY,-849.44,BRAZIL,AMERICA,10,IRAN,4,furiously idle platelets nag. express asymptotes s
404,maroon olive pink rose cornflower,STANDARD ANODIZED NICKEL,SM CASE,18049,REG AIR,DELIVER IN PERSON,34.00,44349.60,0.08,1994-08-14,3-MEDIUM,187262.62,Customer#000000383,MACHINERY,-849.44,BRAZIL,AMERICA,11,IRAQ,4,pendencies; slyly express foxes integrate carefully across the reg
404,maroon olive pink rose cornflower,STANDARD ANODIZED NICKEL,SM CASE,18049,REG AIR,DELIVER IN PERSON,34.00,44349.60,0.08,1994-08-14,3-MEDIUM,187262.62,Customer#000000383,MACHINERY,-849.44,BRAZIL,AMERICA,12,JAPAN,2, quickly final packages. furiously i
404,maroon olive pink rose cornflower,STANDARD ANODIZED NICKEL,SM CASE,18049,REG AIR,DELIVER IN PERSON,34.00,44349.60,0.08,1994-08-14,3-MEDIUM,187262.62,Customer#000000383,MACHINERY,-849.44,BRAZIL,AMERICA,13,JORDAN,4,the slyly regular ideas. silent Tiresias affix slyly fu
404,maroon olive pink rose cornflower,STANDARD ANODIZED NICKEL,SM CASE,18049,REG AIR,DELIVER IN PERSON,34.00,44349.60,0.08,1994-08-14,3-MEDIUM,187262.62,Customer#000000383,MACHINERY,-849.44,BRAZIL,AMERICA,14,KENYA,0,lyly special foxes. slyly regular deposits sleep carefully. carefully permanent accounts slee
404,maroon olive pink rose cornflower,STANDARD ANODIZED NICKEL,SM CASE,18049,REG AIR,DELIVER IN PERSON,34.00,44349.60,0.08,1994-08-14,3-MEDIUM,187262.62,Customer#000000383,MACHINERY,-849.44,BRAZIL,AMERICA,15,MOROCCO,0,ct blithely: blithely express accounts nag carefully. silent packages haggle carefully abo
404,maroon olive pink rose cornflower,STANDARD ANODIZED NICKEL,SM CASE,18049,REG AIR,DELIVER IN PERSON,34.00,44349.60,0.08,1994-08-14,3-MEDIUM,187262.62,Customer#000000383,MACHINERY,-849.44,BRAZIL,AMERICA,16,MOZAMBIQUE,0, beans after the carefully regular accounts r
404,maroon olive pink rose cornflower,STANDARD ANODIZED NICKEL,SM CASE,18049,REG AIR,DELIVER IN PERSON,34.00,44349.60,0.08,1994-08-14,3-MEDIUM,187262.62,Customer#000000383,MACHINERY,-849.44,BRAZIL,AMERICA,17,PERU,1,ly final foxes. blithely ironic accounts haggle. regular foxes about the regular deposits are furiously ir
404,maroon olive pink rose cornflower,STANDARD ANODIZED NICKEL,SM CASE,18049,REG AIR,DELIVER IN PERSON,34.00,44349.60,0.08,1994-08-14,3-MEDIUM,187262.62,Customer#000000383,MACHINERY,-849.44,BRAZIL,AMERICA,18,CHINA,2,"ckly special packages cajole slyly. unusual, unusual theodolites mold furiously. slyly sile"
404,maroon olive pink rose cornflower,STANDARD ANODIZED NICKEL,SM CASE,18049,REG AIR,DELIVER IN PERSON,34.00,44349.60,0.08,1994-08-14,3-MEDIUM,187262.62,Customer#000000383,MACHINERY,-849.44,BRAZIL,AMERICA,19,ROMANIA,3,"sly blithe requests. thinly bold deposits above the blithely regular accounts nag special, final requests. care"
404,maroon olive pink rose cornflower,STANDARD ANODIZED NICKEL,SM CASE,18049,REG AIR,DELIVER IN PERSON,34.00,44349.60,0.08,1994-08-14,3-MEDIUM,187262.62,Customer#000000383,MACHINERY,-849.44,BRAZIL,AMERICA,20,SAUDI ARABIA,4,se slyly across the blithely regular deposits. deposits use carefully regular 
404,maroon olive pink rose cornflower,STANDARD ANODIZED NICKEL,SM CASE,18049,REG AIR,DELIVER IN PERSON,34.00,44349.60,0.08,1994-08-14,3-MEDIUM,187262.62,Customer#000000383,MACHINERY,-849.44,BRAZIL,AMERICA,21,VIETNAM,2,lly across the quickly even pinto beans. caref
404,maroon olive pink rose cornflower,STANDARD ANODIZED NICKEL,SM CASE,18049,REG AIR,DELIVER IN PERSON,34.00,44349.60,0.08,1994-08-14,3-MEDIUM,187262.62,Customer#000000383,MACHINERY,-849.44,BRAZIL,AMERICA,22,RUSSIA,3,uctions. furiously unusual instructions sleep furiously ironic packages. slyly 
404,maroon olive pink rose cornflower,STANDARD ANODIZED NICKEL,SM CASE,18049,REG AIR,DELIVER IN PERSON,34.00,44349.60,0.08,1994-08-14,3-MEDIUM,187262.62,Customer#000000383,MACHINERY,-849.44,BRAZIL,AMERICA,23,UNITED KINGDOM,3,"carefully pending courts sleep above the ironic, regular theo"
404,maroon olive pink rose cornflower,STANDARD ANODIZED NICKEL,SM CASE,18049,REG AIR,DELIVER IN PERSON,34.00,44349.60,0.08,1994-08-14,3-MEDIUM,187262.62,Customer#000000383,MACHINERY,-849.44,BRAZIL,AMERICA,24,UNITED STATES,1,ly ironic requests along the slyly bold ideas hang after the blithely special notornis; blithely even accounts
404,maroon olive pink rose cornflower,STANDARD ANODIZED NICKEL,SM CASE,21570,REG AIR,TAKE BACK RETURN,27.00,35218.80,0.02,1996-02-03,2-HIGH,47947.59,Customer#000000547,BUILDING,6058.08,RUSSIA,EUROPE,0,ALGERIA,0,furiously regular requests. platelets affix furious
404,maroon olive pink rose cornflower,STANDARD ANODIZED NICKEL,SM CASE,21570,REG AIR,TAKE BACK RETURN,27.00,35218.80,0.02,1996-02-03,2-HIGH,47947.59,Customer#000000547,BUILDING,6058.08,RUSSIA,EUROPE,1,ARGENTINA,1,"instructions wake quickly. final deposits haggle. final, silent theodolites "
404,maroon olive pink rose cornflower,STANDARD ANODIZED NICKEL,SM CASE,21570,REG AIR,TAKE BACK RETURN,27.00,35218.80,0.02,1996-02-03,2-HIGH,47947.59,Customer#000000547,BUILDING,6058.08,RUSSIA,EUROPE,2,BRAZIL,1,asymptotes use fluffily quickly bold instructions. slyly bold dependencies sleep carefully pending accounts
404,maroon olive pink rose cornflower,STANDARD ANODIZED NICKEL,SM CASE,21570,REG AIR,TAKE BACK RETURN,27.00,35218.80,0.02,1996-02-03,2-HIGH,47947.59,Customer#000000547,BUILDING,6058.08,RUSSIA,EUROPE,3,CANADA,1,ss deposits wake across the pending foxes. packages after the carefully bold requests integrate caref
404,maroon olive pink rose cornflower,STANDARD ANODIZED NICKEL,SM CASE,21570,REG AIR,TAKE BACK RETURN,27.00,35218.80,0.02,1996-02-03,2-HIGH,47947.59,Customer#000000547,BUILDING,6058.08,RUSSIA,EUROPE,4,EGYPT,4,"usly ironic, pending foxes. even, special instructions nag. sly, final foxes detect slyly fluffily "
404,maroon olive pink rose cornflower,STANDARD ANODIZED NICKEL,SM CASE,21570,REG AIR,TAKE BACK RETURN,27.00,35218.80,0.02,1996-02-03,2-HIGH,47947.59,Customer#000000547,BUILDING,6058.08,RUSSIA,EUROPE,5,ETHIOPIA,0,regular requests sleep carefull
404,maroon olive pink rose cornflower,STANDARD ANODIZED NICKEL,SM CASE,21570,REG AIR,TAKE BACK RETURN,27.00,35218.80,0.02,1996-02-03,2-HIGH,47947.59,Customer#000000547,BUILDING,6058.08,RUSSIA,EUROPE,6,FRANCE,3,oggedly. regular packages solve across
404,maroon olive pink rose cornflower,STANDARD ANODIZED NICKEL,SM CASE,21570,REG AIR,TAKE BACK RETURN,27.00,35218.80,0.02,1996-02-03,2-HIGH,47947.59,Customer#000000547,BUILDING,6058.08,RUSSIA,EUROPE,7,GERMANY,3,ong the regular requests: blithely silent pinto beans hagg
404,maroon olive pink rose cornflower,STANDARD ANODIZED NICKEL,SM CASE,21570,REG AIR,TAKE BACK RETURN,27.00,35218.80,0.02,1996-02-03,2-HIGH,47947.59,Customer#000000547,BUILDING,6058.08,RUSSIA,EUROPE,8,INDIA,2,uriously unusual deposits about the slyly final pinto beans could
404,maroon olive pink rose cornflower,STANDARD ANODIZED NICKEL,SM CASE,21570,REG AIR,TAKE BACK RETURN,27.00,35218.80,0.02,1996-02-03,2-HIGH,47947.59,Customer#000000547,BUILDING,6058.08,RUSSIA,EUROPE,9,INDONESIA,2,"d deposits sleep quickly according to the dogged, regular dolphins. special excuses haggle furiously special reque"
404,maroon olive pink rose cornflower,STANDARD ANODIZED NICKEL,SM CASE,21570,REG AIR,TAKE BACK RETURN,27.00,35218.80,0.02,1996-02-03,2-HIGH,47947.59,Customer#000000547,BUILDING,6058.08,RUSSIA,EUROPE,10,IRAN,4,furiously idle platelets nag. express asymptotes s
404,maroon olive pink rose cornflower,STANDARD ANODIZED NICKEL,SM CASE,21570,REG AIR,TAKE BACK RETURN,27.00,35218.80,0.02,1996-02-03,2-HIGH,47947.59,Customer#000000547,BUILDING,6058.08,RUSSIA,EUROPE,11,IRAQ,4,pendencies; slyly express foxes integrate carefully across the reg
404,maroon olive pink rose cornflower,STANDARD ANODIZED NICKEL,SM CASE,21570,REG AIR,TAKE BACK RETURN,27.00,35218.80,0.02,1996-02-03,2-HIGH,47947.59,Customer#000000547,BUILDING,6058.08,RUSSIA,EUROPE,12,JAPAN,2, quickly final packages. furiously i
404,maroon olive pink rose cornflower,STANDARD ANODIZED NICKEL,SM CASE,21570,REG AIR,TAKE BACK RETURN,27.00,35218.80,0.02,1996-02-03,2-HIGH,47947.59,Customer#000000547,BUILDING,6058.08,RUSSIA,EUROPE,13,JORDAN,4,the slyly regular ideas. silent Tiresias affix slyly fu
404,maroon olive pink rose cornflower,STANDARD ANODIZED NICKEL,SM CASE,21570,REG AIR,TAKE BACK RETURN,27.00,35218.80,0.02,1996-02-03,2-HIGH,47947.59,Customer#000000547,BUILDING,6058.08,RUSSIA,EUROPE,14,KENYA,0,lyly special foxes. slyly regular deposits sleep carefully. carefully permanent accounts slee
404,maroon olive pink rose cornflower,STANDARD ANODIZED NICKEL,SM CASE,21570,REG AIR,TAKE BACK RETURN,27.00,35218.80,0.02,1996-02-03,2-HIGH,47947.59,Customer#000000547,BUILDING,6058.08,RUSSIA,EUROPE,15,MOROCCO,0,ct blithely: blithely express accounts nag carefully. silent packages haggle carefully abo
404,maroon olive pink rose cornflower,STANDARD ANODIZED NICKEL,SM CASE,21570,REG AIR,TAKE BACK RETURN,27.00,35218.80,0.02,1996-02-03,2-HIGH,47947.59,Customer#000000547,BUILDING,6058.08,RUSSIA,EUROPE,16,MOZAMBIQUE,0, beans after the carefully regular accounts r
404,maroon olive pink rose cornflower,STANDARD ANODIZED NICKEL,SM CASE,21570,REG AIR,TAKE BACK RETURN,27.00,35218.80,0.02,1996-02-03,2-HIGH,47947.59,Customer#000000547,BUILDING,6058.08,RUSSIA,EUROPE,17,PERU,1,ly final foxes. blithely ironic accounts haggle. regular foxes about the regular deposits are furiously ir
404,maroon olive pink rose cornflower,STANDARD ANODIZED NICKEL,SM CASE,21570,REG AIR,TAKE BACK RETURN,27.00,35218.80,0.02,1996-02-03,2-HIGH,47947.59,Customer#000000547,BUILDING,6058.08,RUSSIA,EUROPE,18,CHINA,2,"ckly special packages cajole slyly. unusual, unusual theodolites mold furiously. slyly sile"
404,maroon olive pink rose cornflower,STANDARD ANODIZED NICKEL,SM CASE,21570,REG AIR,TAKE BACK RETURN,27.00,35218.80,0.02,1996-02-03,2-HIGH,47947.59,Customer#000000547,BUILDING,6058.08,RUSSIA,EUROPE,19,ROMANIA,3,"sly blithe requests. thinly bold deposits above the blithely regular accounts nag special, final requests. care"
404,maroon olive pink rose cornflower,STANDARD ANODIZED NICKEL,SM CASE,21570,REG AIR,TAKE BACK RETURN,27.00,35218.80,0.02,1996-02-03,2-HIGH,47947.59,Customer#000000547,BUILDING,6058.08,RUSSIA,EUROPE,20,SAUDI ARABIA,4,se slyly across the blithely regular deposits. deposits use carefully regular 
404,maroon olive pink rose cornflower,STANDARD ANODIZED NICKEL,SM CASE,21570,REG AIR,TAKE BACK RETURN,27.00,35218.80,0.02,1996-02-03,2-HIGH,47947.59,Customer#000000547,BUILDING,6058.08,RUSSIA,EUROPE,21,VIETNAM,2,lly across the quickly even pinto beans. caref
404,maroon olive pink rose cornflower,STANDARD ANODIZED NICKEL,SM CASE,21570,REG AIR,TAKE BACK RETURN,27.00,35218.80,0.02,1996-02-03,2-HIGH,47947.59,Customer#000000547,BUILDING,6058.08,RUSSIA,EUROPE,22,RUSSIA,3,uctions. furiously unusual instructions sleep furiously ironic packages. slyly 
404,maroon olive pink rose cornflower,STANDARD ANODIZED NICKEL,SM CASE,21570,REG AIR,TAKE BACK RETURN,27.00,35218.80,0.02,1996-02-03,2-HIGH,47947.59,Customer#000000547,BUILDING,6058.08,RUSSIA,EUROPE,23,UNITED KINGDOM,3,"carefully pending courts sleep above the ironic, regular theo"
404,maroon olive pink rose cornflower,STANDARD ANODIZED NICKEL,SM CASE,21570,REG AIR,TAKE BACK RETURN,27.00,35218.80,0.02,1996-02-03,2-HIGH,47947.59,Customer#000000547,BUILDING,6058.08,RUSSIA,EUROPE,24,UNITED STATES,1,ly ironic requests along the slyly bold ideas hang after the blithely special notornis; blithely even accounts
404,maroon olive pink rose cornflower,STANDARD ANODIZED NICKEL,SM CASE,22374,MAIL,TAKE BACK RETURN,21.00,27392.40,0.03,1994-09-25,1-URGENT,74430.33,Customer#000000490,FURNITURE,-213.85,RUSSIA,EUROPE,0,ALGERIA,0,furiously regular requests. platelets affix furious
404,maroon olive pink rose cornflower,STANDARD ANODIZED NICKEL,SM CASE,22374,MAIL,TAKE BACK RETURN,21.00,27392.40,0.03,1994-09-25,1-URGENT,74430.33,Customer#000000490,FURNITURE,-213.85,RUSSIA,EUROPE,1,ARGENTINA,1,"instructions wake quickly. final deposits haggle. final, silent theodolites "
404,maroon olive pink rose cornflower,STANDARD ANODIZED NICKEL,SM CASE,22374,MAIL,TAKE BACK RETURN,21.00,27392.40,0.03,1994-09-25,1-URGENT,74430.33,Customer#000000490,FURNITURE,-213.85,RUSSIA,EUROPE,2,BRAZIL,1,asymptotes use fluffily quickly bold instructions. slyly bold dependencies sleep carefully pending accounts
404,maroon olive pink rose cornflower,STANDARD ANODIZED NICKEL,SM CASE,22374,MAIL,TAKE BACK RETURN,21.00,27392.40,0.03,1994-09-25,1-URGENT,74430.33,Customer#000000490,FURNITURE,-213.85,RUSSIA,EUROPE,3,CANADA,1,ss deposits wake across the pending foxes. packages after the carefully bold requests integrate caref
404,maroon olive pink rose cornflower,STANDARD ANODIZED NICKEL,SM CASE,22374,MAIL,TAKE BACK RETURN,21.00,27392.40,0.03,1994-09-25,1-URGENT,74430.33,Customer#000000490,FURNITURE,-213.85,RUSSIA,EUROPE,4,EGYPT,4,"usly ironic, pending foxes. even, special instructions nag. sly, final foxes detect slyly fluffily "
404,maroon olive pink rose cornflower,STANDARD ANODIZED NICKEL,SM CASE,22374,MAIL,TAKE BACK RETURN,21.00,27392.40,0.03,1994-09-25,1-URGENT,74430.33,Customer#000000490,FURNITURE,-213.85,RUSSIA,EUROPE,5,ETHIOPIA,0,regular requests sleep carefull
404,maroon olive pink rose cornflower,STANDARD ANODIZED NICKEL,SM CASE,22374,MAIL,TAKE BACK RETURN,21.00,27392.40,0.03,1994-09-25,1-URGENT,74430.33,Customer#000000490,FURNITURE,-213.85,RUSSIA,EUROPE,6,FRANCE,3,oggedly. regular packages solve across
404,maroon olive pink rose cornflower,STANDARD ANODIZED NICKEL,SM CASE,22374,MAIL,TAKE BACK RETURN,21.00,27392.40,0.03,1994-09-25,1-URGENT,74430.33,Customer#000000490,FURNITURE,-213.85,RUSSIA,EUROPE,7,GERMANY,3,ong the regular requests: blithely silent pinto beans hagg
404,maroon olive pink rose cornflower,STANDARD ANODIZED NICKEL,SM CASE,22374,MAIL,TAKE BACK RETURN,21.00,27392.40,0.03,1994-09-25,1-URGENT,74430.33,Customer#000000490,FURNITURE,-213.85,RUSSIA,EUROPE,8,INDIA,2,uriously unusual deposits about the slyly final pinto beans could
404,maroon olive pink rose cornflower,STANDARD ANODIZED NICKEL,SM CASE,22374,MAIL,TAKE BACK RETURN,21.00,27392.40,0.03,1994-09-25,1-URGENT,74430.33,Customer#000000490,FURNITURE,-213.85,RUSSIA,EUROPE,9,INDONESIA,2,"d deposits sleep quickly according to the dogged, regular dolphins. special excuses haggle furiously special reque"
404,maroon olive pink rose cornflower,STANDARD ANODIZED NICKEL,SM CASE,22374,MAIL,TAKE BACK RETURN,21.00,27392.40,0.03,1994-09-25,1-URGENT,74430.33,Customer#000000490,FURNITURE,-213.85,RUSSIA,EUROPE,10,IRAN,4,furiously idle platelets nag. express asymptotes s
404,maroon olive pink rose cornflower,STANDARD ANODIZED NICKEL,SM CASE,22374,MAIL,TAKE BACK RETURN,21.00,27392.40,0.03,1994-09-25,1-URGENT,74430.33,Customer#000000490,FURNITURE,-213.85,RUSSIA,EUROPE,11,IRAQ,4,pendencies; slyly express foxes integrate carefully across the reg
404,maroon olive pink rose cornflower,STANDARD ANODIZED NICKEL,SM CASE,22374,MAIL,TAKE BACK RETURN,21.00,27392.40,0.03,1994-09-25,1-URGENT,74430.33,Customer#000000490,FURNITURE,-213.85,RUSSIA,EUROPE,12,JAPAN,2, quickly final packages. furiously i
404,maroon olive pink rose cornflower,STANDARD ANODIZED NICKEL,SM CASE,22374,MAIL,TAKE BACK RETURN,21.00,27392.40,0.03,1994-09-25,1-URGENT,74430.33,Customer#000000490,FURNITURE,-213.85,RUSSIA,EUROPE,13,JORDAN,4,the slyly regular ideas. silent Tiresias affix slyly fu
404,maroon olive pink rose cornflower,STANDARD ANODIZED NICKEL,SM CASE,22374,MAIL,TAKE BACK RETURN,21.00,27392.40,0.03,1994-09-25,1-URGENT,74430.33,Customer#000000490,FURNITURE,-213.85,RUSSIA,EUROPE,14,KENYA,0,lyly special foxes. slyly regular deposits sleep carefully. carefully permanent accounts slee
404,maroon olive pink rose cornflower,STANDARD ANODIZED NICKEL,SM CASE,22374,MAIL,TAKE BACK RETURN,21.00,27392.40,0.03,1994-09-25,1-URGENT,74430.33,Customer#000000490,FURNITURE,-213.85,RUSSIA,EUROPE,15,MOROCCO,0,ct blithely: blithely express accounts nag carefully. silent packages haggle carefully abo
404,maroon olive pink rose cornflower,STANDARD ANODIZED NICKEL,SM CASE,22374,MAIL,TAKE BACK RETURN,21.00,27392.40,0.03,1994-09-25,1-URGENT,74430.33,Customer#000000490,FURNITURE,-213.85,RUSSIA,EUROPE,16,MOZAMBIQUE,0, beans after the carefully regular accounts r
404,maroon olive pink rose cornflower,STANDARD ANODIZED NICKEL,SM CASE,22374,MAIL,TAKE BACK RETURN,21.00,27392.40,0.03,1994-09-25,1-URGENT,74430.33,Customer#000000490,FURNITURE,-213.85,RUSSIA,EUROPE,17,PERU,1,ly final foxes. blithely ironic accounts haggle. regular foxes about the regular deposits are furiously ir
404,maroon olive pink rose cornflower,STANDARD ANODIZED NICKEL,SM CASE,22374,MAIL,TAKE BACK RETURN,21.00,27392.40,0.03,1994-09-25,1-URGENT,74430.33,Customer#000000490,FURNITURE,-213.85,RUSSIA,EUROPE,18,CHINA,2,"ckly special packages cajole slyly. unusual, unusual theodolites mold furiously. slyly sile"
404,maroon olive pink rose cornflower,STANDARD ANODIZED NICKEL,SM CASE,22374,MAIL,TAKE BACK RETURN,21.00,27392.40,0.03,1994-09-25,1-URGENT,74430.33,Customer#000000490,FURNITURE,-213.85,RUSSIA,EUROPE,19,ROMANIA,3,"sly blithe requests. thinly bold deposits above the blithely regular accounts nag special, final requests. care"
404,maroon olive pink rose cornflower,STANDARD ANODIZED NICKEL,SM CASE,22374,MAIL,TAKE BACK RETURN,21.00,27392.40,0.03,1994-09-25,1-URGENT,74430.33,Customer#000000490,FURNITURE,-213.85,RUSSIA,EUROPE,20,SAUDI ARABIA,4,se slyly across the blithely regular deposits. deposits use carefully regular 
404,maroon olive pink rose cornflower,STANDARD ANODIZED NICKEL,SM CASE,22374,MAIL,TAKE BACK RETURN,21.00,27392.40,0.03,1994-09-25,1-URGENT,74430.33,Customer#000000490,FURNITURE,-213.85,RUSSIA,EUROPE,21,VIETNAM,2,lly across the quickly even pinto beans. caref
404,maroon olive pink rose cornflower,STANDARD ANODIZED NICKEL,SM CASE,22374,MAIL,TAKE BACK RETURN,21.00,27392.40,0.03,1994-09-25,1-URGENT,74430.33,Customer#000000490,FURNITURE,-213.85,RUSSIA,EUROPE,22,RUSSIA,3,uctions. furiously unusual instructions sleep furiously ironic packages. slyly 
404,maroon olive pink rose cornflower,STANDARD ANODIZED NICKEL,SM CASE,22374,MAIL,TAKE BACK RETURN,21.00,27392.40,0.03,1994-09-25,1-URGENT,74430.33,Customer#000000490,FURNITURE,-213.85,RUSSIA,EUROPE,23,UNITED KINGDOM,3,"carefully pending courts sleep above the ironic, regular theo"
404,maroon olive pink rose cornflower,STANDARD ANODIZED NICKEL,SM CASE,22374,MAIL,TAKE BACK RETURN,21.00,27392.40,0.03,1994-09-25,1-URGENT,74430.33,Customer#000000490,FURNITURE,-213.85,RUSSIA,EUROPE,24,UNITED STATES,1,ly ironic requests along the slyly bold ideas hang after the blithely special notornis; blithely even accounts
441,goldenrod royal slate grey burlywood,PROMO BURNISHED STEEL,MED BOX,4,REG AIR,DELIVER IN PERSON,30.00,40243.20,0.03,1995-10-11,5-LOW,42158.77,Customer#000000685,MACHINERY,2039.84,PERU,AMERICA,0,ALGERIA,0,furiously regular requests. platelets affix furious
441,goldenrod royal slate grey burlywood,PROMO BURNISHED STEEL,MED BOX,4,REG AIR,DELIVER IN PERSON,30.00,40243.20,0.03,1995-10-11,5-LOW,42158.77,Customer#000000685,MACHINERY,2039.84,PERU,AMERICA,1,ARGENTINA,1,"instructions wake quickly. final deposits haggle. final, silent theodolites "
441,goldenrod royal slate grey burlywood,PROMO BURNISHED STEEL,MED BOX,4,REG AIR,DELIVER IN PERSON,30.00,40243.20,0.03,1995-10-11,5-LOW,42158.77,Customer#000000685,MACHINERY,2039.84,PERU,AMERICA,2,BRAZIL,1,asymptotes use fluffily quickly bold instructions. slyly bold dependencies sleep carefully pending accounts
441,goldenrod royal slate grey burlywood,PROMO BURNISHED STEEL,MED BOX,4,REG AIR,DELIVER IN PERSON,30.00,40243.20,0.03,1995-10-11,5-LOW,42158.77,Customer#000000685,MACHINERY,2039.84,PERU,AMERICA,3,CANADA,1,ss deposits wake across the pending foxes. packages after the carefully bold requests integrate caref
441,goldenrod royal slate grey burlywood,PROMO BURNISHED STEEL,MED BOX,4,REG AIR,DELIVER IN PERSON,30.00,40243.20,0.03,1995-10-11,5-LOW,42158.77,Customer#000000685,MACHINERY,2039.84,PERU,AMERICA,4,EGYPT,4,"usly ironic, pending foxes. even, special instructions nag. sly, final foxes detect slyly fluffily "
441,goldenrod royal slate grey burlywood,PROMO BURNISHED STEEL,MED BOX,4,REG AIR,DELIVER IN PERSON,30.00,40243.20,0.03,1995-10-11,5-LOW,42158.77,Customer#000000685,MACHINERY,2039.84,PERU,AMERICA,5,ETHIOPIA,0,regular requests sleep carefull
441,goldenrod royal slate grey burlywood,PROMO BURNISHED STEEL,MED BOX,4,REG AIR,DELIVER IN PERSON,30.00,40243.20,0.03,1995-10-11,5-LOW,42158.77,Customer#000000685,MACHINERY,2039.84,PERU,AMERICA,6,FRANCE,3,oggedly. regular packages solve across
441,goldenrod royal slate grey burlywood,PROMO BURNISHED STEEL,MED BOX,4,REG AIR,DELIVER IN PERSON,30.00,40243.20,0.03,1995-10-11,5-LOW,42158.77,Customer#000000685,MACHINERY,2039.84,PERU,AMERICA,7,GERMANY,3,ong the regular requests: blithely silent pinto beans hagg
441,goldenrod royal slate grey burlywood,PROMO BURNISHED STEEL,MED BOX,4,REG AIR,DELIVER IN PERSON,30.00,40243.20,0.03,1995-10-11,5-LOW,42158.77,Customer#000000685,MACHINERY,2039.84,PERU,AMERICA,8,INDIA,2,uriously unusual deposits about the slyly final pinto beans could
441,goldenrod royal slate grey burlywood,PROMO BURNISHED STEEL,MED BOX,4,REG AIR,DELIVER IN PERSON,30.00,40243.20,0.03,1995-10-11,5-LOW,42158.77,Customer#000000685,MACHINERY,2039.84,PERU,AMERICA,9,INDONESIA,2,"d deposits sleep quickly according to the dogged, regular dolphins. special excuses haggle furiously special reque"
441,goldenrod royal slate grey burlywood,PROMO BURNISHED STEEL,MED BOX,4,REG AIR,DELIVER IN PERSON,30.00,40243.20,0.03,1995-10-11,5-LOW,42158.77,Customer#000000685,MACHINERY,2039.84,PERU,AMERICA,10,IRAN,4,furiously idle platelets nag. express asymptotes s
441,goldenrod royal slate grey burlywood,PROMO BURNISHED STEEL,MED BOX,4,REG AIR,DELIVER IN PERSON,30.00,40243.20,0.03,1995-10-11,5-LOW,42158.77,Customer#000000685,MACHINERY,2039.84,PERU,AMERICA,11,IRAQ,4,pendencies; slyly express foxes integrate carefully across the reg
441,goldenrod royal slate grey burlywood,PROMO BURNISHED STEEL,MED BOX,4,REG AIR,DELIVER IN PERSON,30.00,40243.20,0.03,1995-10-11,5-LOW,42158.77,Customer#000000685,MACHINERY,2039.84,PERU,AMERICA,12,JAPAN,2, quickly final packages. furiously i
441,goldenrod royal slate grey burlywood,PROMO BURNISHED STEEL,MED BOX,4,REG AIR,DELIVER IN PERSON,30.00,40243.20,0.03,1995-10-11,5-LOW,42158.77,Customer#000000685,MACHINERY,2039.84,PERU,AMERICA,13,JORDAN,4,the slyly regular ideas. silent Tiresias affix slyly fu
441,goldenrod royal slate grey burlywood,PROMO BURNISHED STEEL,MED BOX,4,REG AIR,DELIVER IN PERSON,30.00,40243.20,0.03,1995-10-11,5-LOW,42158.77,Customer#000000685,MACHINERY,2039.84,PERU,AMERICA,14,KENYA,0,lyly special foxes. slyly regular deposits sleep carefully. carefully permanent accounts slee
441,goldenrod royal slate grey burlywood,PROMO BURNISHED STEEL,MED BOX,4,REG AIR,DELIVER IN PERSON,30.00,40243.20,0.03,1995-10-11,5-LOW,42158.77,Customer#000000685,MACHINERY,2039.84,PERU,AMERICA,15,MOROCCO,0,ct blithely: blithely express accounts nag carefully. silent packages haggle carefully abo
441,goldenrod royal slate grey burlywood,PROMO BURNISHED STEEL,MED BOX,4,REG AIR,DELIVER IN PERSON,30.00,40243.20,0.03,1995-10-11,5-LOW,42158.77,Customer#000000685,MACHINERY,2039.84,PERU,AMERICA,16,MOZAMBIQUE,0, beans after the carefully regular accounts r
441,goldenrod royal slate grey burlywood,PROMO BURNISHED STEEL,MED BOX,4,REG AIR,DELIVER IN PERSON,30.00,40243.20,0.03,1995-10-11,5-LOW,42158.77,Customer#000000685,MACHINERY,2039.84,PERU,AMERICA,17,PERU,1,ly final foxes. blithely ironic accounts haggle. regular foxes about the regular deposits are furiously ir
441,goldenrod royal slate grey burlywood,PROMO BURNISHED STEEL,MED BOX,4,REG AIR,DELIVER IN PERSON,30.00,40243.20,0.03,1995-10-11,5-LOW,42158.77,Customer#000000685,MACHINERY,2039.84,PERU,AMERICA,18,CHINA,2,"ckly special packages cajole slyly. unusual, unusual theodolites mold furiously. slyly sile"
441,goldenrod royal slate grey burlywood,PROMO BURNISHED STEEL,MED BOX,4,REG AIR,DELIVER IN PERSON,30.00,40243.20,0.03,1995-10-11,5-LOW,42158.77,Customer#000000685,MACHINERY,2039.84,PERU,AMERICA,19,ROMANIA,3,"sly blithe requests. thinly bold deposits above the blithely regular accounts nag special, final requests. care"
441,goldenrod royal slate grey burlywood,PROMO BURNISHED STEEL,MED BOX,4,REG AIR,DELIVER IN PERSON,30.00,40243.20,0.03,1995-10-11,5-LOW,42158.77,Customer#000000685,MACHINERY,2039.84,PERU,AMERICA,20,SAUDI ARABIA,4,se slyly across the blithely regular deposits. deposits use carefully regular 
441,goldenrod royal slate grey burlywood,PROMO BURNISHED STEEL,MED BOX,4,REG AIR,DELIVER IN PERSON,30.00,40243.20,0.03,1995-10-11,5-LOW,42158.77,Customer#000000685,MACHINERY,2039.84,PERU,AMERICA,21,VIETNAM,2,lly across the quickly even pinto beans. caref
441,goldenrod royal slate grey burlywood,PROMO BURNISHED STEEL,MED BOX,4,REG AIR,DELIVER IN PERSON,30.00,40243.20,0.03,1995-10-11,5-LOW,42158.77,Customer#000000685,MACHINERY,2039.84,PERU,AMERICA,22,RUSSIA,3,uctions. furiously unusual instructions sleep furiously ironic packages. slyly 
441,goldenrod royal slate grey burlywood,PROMO BURNISHED STEEL,MED BOX,4,REG AIR,DELIVER IN PERSON,30.00,40243.20,0.03,1995-10-11,5-LOW,42158.77,Customer#000000685,MACHINERY,2039.84,PERU,AMERICA,23,UNITED KINGDOM,3,"carefully pending courts sleep above the ironic, regular theo"
441,goldenrod royal slate grey burlywood,PROMO BURNISHED STEEL,MED BOX,4,REG AIR,DELIVER IN PERSON,30.00,40243.20,0.03,1995-10-11,5-LOW,42158.77,Customer#000000685,MACHINERY,2039.84,PERU,AMERICA,24,UNITED STATES,1,ly ironic requests along the slyly bold ideas hang after the blithely special notornis; blithely even accounts
441,goldenrod royal slate grey burlywood,PROMO BURNISHED STEEL,MED BOX,19200,REG AIR,TAKE BACK RETURN,35.00,46950.40,0.04,1997-07-27,4-NOT SPECIFIED,186767.21,Customer#000000022,MACHINERY,591.98,CANADA,AMERICA,0,ALGERIA,0,furiously regular requests. platelets affix furious
441,goldenrod royal slate grey burlywood,PROMO BURNISHED STEEL,MED BOX,19200,REG AIR,TAKE BACK RETURN,35.00,46950.40,0.04,1997-07-27,4-NOT SPECIFIED,186767.21,Customer#000000022,MACHINERY,591.98,CANADA,AMERICA,1,ARGENTINA,1,"instructions wake quickly. final deposits haggle. final, silent theodolites "
441,goldenrod royal slate grey burlywood,PROMO BURNISHED STEEL,MED BOX,19200,REG AIR,TAKE BACK RETURN,35.00,46950.40,0.04,1997-07-27,4-NOT SPECIFIED,186767.21,Customer#000000022,MACHINERY,591.98,CANADA,AMERICA,2,BRAZIL,1,asymptotes use fluffily quickly bold instructions. slyly bold dependencies sleep carefully pending accounts
441,goldenrod royal slate grey burlywood,PROMO BURNISHED STEEL,MED BOX,19200,REG AIR,TAKE BACK RETURN,35.00,46950.40,0.04,1997-07-27,4-NOT SPECIFIED,186767.21,Customer#000000022,MACHINERY,591.98,CANADA,AMERICA,3,CANADA,1,ss deposits wake across the pending foxes. packages after the carefully bold requests integrate caref
441,goldenrod royal slate grey burlywood,PROMO BURNISHED STEEL,MED BOX,19200,REG AIR,TAKE BACK RETURN,35.00,46950.40,0.04,1997-07-27,4-NOT SPECIFIED,186767.21,Customer#000000022,MACHINERY,591.98,CANADA,AMERICA,4,EGYPT,4,"usly ironic, pending foxes. even, special instructions nag. sly, final foxes detect slyly fluffily "
441,goldenrod royal slate grey burlywood,PROMO BURNISHED STEEL,MED BOX,19200,REG AIR,TAKE BACK RETURN,35.00,46950.40,0.04,1997-07-27,4-NOT SPECIFIED,186767.21,Customer#000000022,MACHINERY,591.98,CANADA,AMERICA,5,ETHIOPIA,0,regular requests sleep carefull
441,goldenrod royal slate grey burlywood,PROMO BURNISHED STEEL,MED BOX,19200,REG AIR,TAKE BACK RETURN,35.00,46950.40,0.04,1997-07-27,4-NOT SPECIFIED,186767.21,Customer#000000022,MACHINERY,591.98,CANADA,AMERICA,6,FRANCE,3,oggedly. regular packages solve across
441,goldenrod royal slate grey burlywood,PROMO BURNISHED STEEL,MED BOX,19200,REG AIR,TAKE BACK RETURN,35.00,46950.40,0.04,1997-07-27,4-NOT SPECIFIED,186767.21,Customer#000000022,MACHINERY,591.98,CANADA,AMERICA,7,GERMANY,3,ong the regular requests: blithely silent pinto beans hagg
441,goldenrod royal slate grey burlywood,PROMO BURNISHED STEEL,MED BOX,19200,REG AIR,TAKE BACK RETURN,35.00,46950.40,0.04,1997-07-27,4-NOT SPECIFIED,186767.21,Customer#000000022,MACHINERY,591.98,CANADA,AMERICA,8,INDIA,2,uriously unusual deposits about the slyly final pinto beans could
441,goldenrod royal slate grey burlywood,PROMO BURNISHED STEEL,MED BOX,19200,REG AIR,TAKE BACK RETURN,35.00,46950.40,0.04,1997-07-27,4-NOT SPECIFIED,186767.21,Customer#000000022,MACHINERY,591.98,CANADA,AMERICA,9,INDONESIA,2,"d deposits sleep quickly according to the dogged, regular dolphins. special excuses haggle furiously special reque"
441,goldenrod royal slate grey burlywood,PROMO BURNISHED STEEL,MED BOX,19200,REG AIR,TAKE BACK RETURN,35.00,46950.40,0.04,1997-07-27,4-NOT SPECIFIED,186767.21,Customer#000000022,MACHINERY,591.98,CANADA,AMERICA,10,IRAN,4,furiously idle platelets nag. express asymptotes s
441,goldenrod royal slate grey burlywood,PROMO BURNISHED STEEL,MED BOX,19200,REG AIR,TAKE BACK RETURN,35.00,46950.40,0.04,1997-07-27,4-NOT SPECIFIED,186767.21,Customer#000000022,MACHINERY,591.98,CANADA,AMERICA,11,IRAQ,4,pendencies; slyly express foxes integrate carefully across the reg
441,goldenrod royal slate grey burlywood,PROMO BURNISHED STEEL,MED BOX,19200,REG AIR,TAKE BACK RETURN,35.00,46950.40,0.04,1997-07-27,4-NOT SPECIFIED,186767.21,Customer#000000022,MACHINERY,591.98,CANADA,AMERICA,12,JAPAN,2, quickly final packages. furiously i
441,goldenrod royal slate grey burlywood,PROMO BURNISHED STEEL,MED BOX,19200,REG AIR,TAKE BACK RETURN,35.00,46950.40,0.04,1997-07-27,4-NOT SPECIFIED,186767.21,Customer#000000022,MACHINERY,591.98,CANADA,AMERICA,13,JORDAN,4,the slyly regular ideas. silent Tiresias affix slyly fu
441,goldenrod royal slate grey burlywood,PROMO BURNISHED STEEL,MED BOX,19200,REG AIR,TAKE BACK RETURN,35.00,46950.40,0.04,1997-07-27,4-NOT SPECIFIED,186767.21,Customer#000000022,MACHINERY,591.98,CANADA,AMERICA,14,KENYA,0,lyly special foxes. slyly regular deposits sleep carefully. carefully permanent accounts slee
441,goldenrod royal slate grey burlywood,PROMO BURNISHED STEEL,MED BOX,19200,REG AIR,TAKE BACK RETURN,35.00,46950.40,0.04,1997-07-27,4-NOT SPECIFIED,186767.21,Customer#000000022,MACHINERY,591.98,CANADA,AMERICA,15,MOROCCO,0,ct blithely: blithely express accounts nag carefully. silent packages haggle carefully abo
441,goldenrod royal slate grey burlywood,PROMO BURNISHED STEEL,MED BOX,19200,REG AIR,TAKE BACK RETURN,35.00,46950.40,0.04,1997-07-27,4-NOT SPECIFIED,186767.21,Customer#000000022,MACHINERY,591.98,CANADA,AMERICA,16,MOZAMBIQUE,0, beans after the carefully regular accounts r
441,goldenrod royal slate grey burlywood,PROMO BURNISHED STEEL,MED BOX,19200,REG AIR,TAKE BACK RETURN,35.00,46950.40,0.04,1997-07-27,4-NOT SPECIFIED,186767.21,Customer#000000022,MACHINERY,591.98,CANADA,AMERICA,17,PERU,1,ly final foxes. blithely ironic accounts haggle. regular foxes about the regular deposits are furiously ir
441,goldenrod royal slate grey burlywood,PROMO BURNISHED STEEL,MED BOX,19200,REG AIR,TAKE BACK RETURN,35.00,46950.40,0.04,1997-07-27,4-NOT SPECIFIED,186767.21,Customer#000000022,MACHINERY,591.98,CANADA,AMERICA,18,CHINA,2,"ckly special packages cajole slyly. unusual, unusual theodolites mold furiously. slyly sile"
441,goldenrod royal slate grey burlywood,PROMO BURNISHED STEEL,MED BOX,19200,REG AIR,TAKE BACK RETURN,35.00,46950.40,0.04,1997-07-27,4-NOT SPECIFIED,186767.21,Customer#000000022,MACHINERY,591.98,CANADA,AMERICA,19,ROMANIA,3,"sly blithe requests. thinly bold deposits above the blithely regular accounts nag special, final requests. care"
441,goldenrod royal slate grey burlywood,PROMO BURNISHED STEEL,MED BOX,19200,REG AIR,TAKE BACK RETURN,35.00,46950.40,0.04,1997-07-27,4-NOT SPECIFIED,186767.21,Customer#000000022,MACHINERY,591.98,CANADA,AMERICA,20,SAUDI ARABIA,4,se slyly across the blithely regular deposits. deposits use carefully regular 
441,goldenrod royal slate grey burlywood,PROMO BURNISHED STEEL,MED BOX,19200,REG AIR,TAKE BACK RETURN,35.00,46950.40,0.04,1997-07-27,4-NOT SPECIFIED,186767.21,Customer#000000022,MACHINERY,591.98,CANADA,AMERICA,21,VIETNAM,2,lly across the quickly even pinto beans. caref
441,goldenrod royal slate grey burlywood,PROMO BURNISHED STEEL,MED BOX,19200,REG AIR,TAKE BACK RETURN,35.00,46950.40,0.04,1997-07-27,4-NOT SPECIFIED,186767.21,Customer#000000022,MACHINERY,591.98,CANADA,AMERICA,22,RUSSIA,3,uctions. furiously unusual instructions sleep furiously ironic packages. slyly 
441,goldenrod royal slate grey burlywood,PROMO BURNISHED STEEL,MED BOX,19200,REG AIR,TAKE BACK RETURN,35.00,46950.40,0.04,1997-07-27,4-NOT SPECIFIED,186767.21,Customer#000000022,MACHINERY,591.98,CANADA,AMERICA,23,UNITED KINGDOM,3,"carefully pending courts sleep above the ironic, regular theo"
441,goldenrod royal slate grey burlywood,PROMO BURNISHED STEEL,MED BOX,19200,REG AIR,TAKE BACK RETURN,35.00,46950.40,0.04,1997-07-27,4-NOT SPECIFIED,186767.21,Customer#000000022,MACHINERY,591.98,CANADA,AMERICA,24,UNITED STATES,1,ly ironic requests along the slyly bold ideas hang after the blithely special notornis; blithely even accounts
443,chocolate burnished orchid mint royal,STANDARD BURNISHED BRASS,SM BOX,13604,TRUCK,TAKE BACK RETURN,42.00,56424.48,0.01,1994-02-03,4-NOT SPECIFIED,244993.48,Customer#000000571,HOUSEHOLD,8993.23,BRAZIL,AMERICA,0,ALGERIA,0,furiously regular requests. platelets affix furious
443,chocolate burnished orchid mint royal,STANDARD BURNISHED BRASS,SM BOX,13604,TRUCK,TAKE BACK RETURN,42.00,56424.48,0.01,1994-02-03,4-NOT SPECIFIED,244993.48,Customer#000000571,HOUSEHOLD,8993.23,BRAZIL,AMERICA,1,ARGENTINA,1,"instructions wake quickly. final deposits haggle. final, silent theodolites "
443,chocolate burnished orchid mint royal,STANDARD BURNISHED BRASS,SM BOX,13604,TRUCK,TAKE BACK RETURN,42.00,56424.48,0.01,1994-02-03,4-NOT SPECIFIED,244993.48,Customer#000000571,HOUSEHOLD,8993.23,BRAZIL,AMERICA,2,BRAZIL,1,asymptotes use fluffily quickly bold instructions. slyly bold dependencies sleep carefully pending accounts
443,chocolate burnished orchid mint royal,STANDARD BURNISHED BRASS,SM BOX,13604,TRUCK,TAKE BACK RETURN,42.00,56424.48,0.01,1994-02-03,4-NOT SPECIFIED,244993.48,Customer#000000571,HOUSEHOLD,8993.23,BRAZIL,AMERICA,3,CANADA,1,ss deposits wake across the pending foxes. packages after the carefully bold requests integrate caref
443,chocolate burnished orchid mint royal,STANDARD BURNISHED BRASS,SM BOX,13604,TRUCK,TAKE BACK RETURN,42.00,56424.48,0.01,1994-02-03,4-NOT SPECIFIED,244993.48,Customer#000000571,HOUSEHOLD,8993.23,BRAZIL,AMERICA,4,EGYPT,4,"usly ironic, pending foxes. even, special instructions nag. sly, final foxes detect slyly fluffily "
443,chocolate burnished orchid mint royal,STANDARD BURNISHED BRASS,SM BOX,13604,TRUCK,TAKE BACK RETURN,42.00,56424.48,0.01,1994-02-03,4-NOT SPECIFIED,244993.48,Customer#000000571,HOUSEHOLD,8993.23,BRAZIL,AMERICA,5,ETHIOPIA,0,regular requests sleep carefull
443,chocolate burnished orchid mint royal,STANDARD BURNISHED BRASS,SM BOX,13604,TRUCK,TAKE BACK RETURN,42.00,56424.48,0.01,1994-02-03,4-NOT SPECIFIED,244993.48,Customer#000000571,HOUSEHOLD,8993.23,BRAZIL,AMERICA,6,FRANCE,3,oggedly. regular packages solve across
443,chocolate burnished orchid mint royal,STANDARD BURNISHED BRASS,SM BOX,13604,TRUCK,TAKE BACK RETURN,42.00,56424.48,0.01,1994-02-03,4-NOT SPECIFIED,244993.48,Customer#000000571,HOUSEHOLD,8993.23,BRAZIL,AMERICA,7,GERMANY,3,ong the regular requests: blithely silent pinto beans hagg
443,chocolate burnished orchid mint royal,STANDARD BURNISHED BRASS,SM BOX,13604,TRUCK,TAKE BACK RETURN,42.00,56424.48,0.01,1994-02-03,4-NOT SPECIFIED,244993.48,Customer#000000571,HOUSEHOLD,8993.23,BRAZIL,AMERICA,8,INDIA,2,uriously unusual deposits about the slyly final pinto beans could
443,chocolate burnished orchid mint royal,STANDARD BURNISHED BRASS,SM BOX,13604,TRUCK,TAKE BACK RETURN,42.00,56424.48,0.01,1994-02-03,4-NOT SPECIFIED,244993.48,Customer#000000571,HOUSEHOLD,8993.23,BRAZIL,AMERICA,9,INDONESIA,2,"d deposits sleep quickly according to the dogged, regular dolphins. special excuses haggle furiously special reque"
443,chocolate burnished orchid mint royal,STANDARD BURNISHED BRASS,SM BOX,13604,TRUCK,TAKE BACK RETURN,42.00,56424.48,0.01,1994-02-03,4-NOT SPECIFIED,244993.48,Customer#000000571,HOUSEHOLD,8993.23,BRAZIL,AMERICA,10,IRAN,4,furiously idle platelets nag. express asymptotes s
443,chocolate burnished orchid mint royal,STANDARD BURNISHED BRASS,SM BOX,13604,TRUCK,TAKE BACK RETURN,42.00,56424.48,0.01,1994-02-03,4-NOT SPECIFIED,244993.48,Customer#000000571,HOUSEHOLD,8993.23,BRAZIL,AMERICA,11,IRAQ,4,pendencies; slyly express foxes integrate carefully across the reg
443,chocolate burnished orchid mint royal,STANDARD BURNISHED BRASS,SM BOX,13604,TRUCK,TAKE BACK RETURN,42.00,56424.48,0.01,1994-02-03,4-NOT SPECIFIED,244993.48,Customer#000000571,HOUSEHOLD,8993.23,BRAZIL,AMERICA,12,JAPAN,2, quickly final packages. furiously i
443,chocolate burnished orchid mint royal,STANDARD BURNISHED BRASS,SM BOX,13604,TRUCK,TAKE BACK RETURN,42.00,56424.48,0.01,1994-02-03,4-NOT SPECIFIED,244993.48,Customer#000000571,HOUSEHOLD,8993.23,BRAZIL,AMERICA,13,JORDAN,4,the slyly regular ideas. silent Tiresias affix slyly fu
443,chocolate burnished orchid mint royal,STANDARD BURNISHED BRASS,SM BOX,13604,TRUCK,TAKE BACK RETURN,42.00,56424.48,0.01,1994-02-03,4-NOT SPECIFIED,244993.48,Customer#000000571,HOUSEHOLD,8993.23,BRAZIL,AMERICA,14,KENYA,0,lyly special foxes. slyly regular deposits sleep carefully. carefully permanent accounts slee
443,chocolate burnished orchid mint royal,STANDARD BURNISHED BRASS,SM BOX,13604,TRUCK,TAKE BACK RETURN,42.00,56424.48,0.01,1994-02-03,4-NOT SPECIFIED,244993.48,Customer#000000571,HOUSEHOLD,8993.23,BRAZIL,AMERICA,15,MOROCCO,0,ct blithely: blithely express accounts nag carefully. silent packages haggle carefully abo
443,chocolate burnished orchid mint royal,STANDARD BURNISHED BRASS,SM BOX,13604,TRUCK,TAKE BACK RETURN,42.00,56424.48,0.01,1994-02-03,4-NOT SPECIFIED,244993.48,Customer#000000571,HOUSEHOLD,8993.23,BRAZIL,AMERICA,16,MOZAMBIQUE,0, beans after the carefully regular accounts r
443,chocolate burnished orchid mint royal,STANDARD BURNISHED BRASS,SM BOX,13604,TRUCK,TAKE BACK RETURN,42.00,56424.48,0.01,1994-02-03,4-NOT SPECIFIED,244993.48,Customer#000000571,HOUSEHOLD,8993.23,BRAZIL,AMERICA,17,PERU,1,ly final foxes. blithely ironic accounts haggle. regular foxes about the regular deposits are furiously ir
443,chocolate burnished orchid mint royal,STANDARD BURNISHED BRASS,SM BOX,13604,TRUCK,TAKE BACK RETURN,42.00,56424.48,0.01,1994-02-03,4-NOT SPECIFIED,244993.48,Customer#000000571,HOUSEHOLD,8993.23,BRAZIL,AMERICA,18,CHINA,2,"ckly special packages cajole slyly. unusual, unusual theodolites mold furiously. slyly sile"
443,chocolate burnished orchid mint royal,STANDARD BURNISHED BRASS,SM BOX,13604,TRUCK,TAKE BACK RETURN,42.00,56424.48,0.01,1994-02-03,4-NOT SPECIFIED,244993.48,Customer#000000571,HOUSEHOLD,8993.23,BRAZIL,AMERICA,19,ROMANIA,3,"sly blithe requests. thinly bold deposits above the blithely regular accounts nag special, final requests. care"
443,chocolate burnished orchid mint royal,STANDARD BURNISHED BRASS,SM BOX,13604,TRUCK,TAKE BACK RETURN,42.00,56424.48,0.01,1994-02-03,4-NOT SPECIFIED,244993.48,Customer#000000571,HOUSEHOLD,8993.23,BRAZIL,AMERICA,20,SAUDI ARABIA,4,se slyly across the blithely regular deposits. deposits use carefully regular 
443,chocolate burnished orchid mint royal,STANDARD BURNISHED BRASS,SM BOX,13604,TRUCK,TAKE BACK RETURN,42.00,56424.48,0.01,1994-02-03,4-NOT SPECIFIED,244993.48,Customer#000000571,HOUSEHOLD,8993.23,BRAZIL,AMERICA,21,VIETNAM,2,lly across the quickly even pinto beans. caref
443,chocolate burnished orchid mint royal,STANDARD BURNISHED BRASS,SM BOX,13604,TRUCK,TAKE BACK RETURN,42.00,56424.48,0.01,1994-02-03,4-NOT SPECIFIED,244993.48,Customer#000000571,HOUSEHOLD,8993.23,BRAZIL,AMERICA,22,RUSSIA,3,uctions. furiously unusual instructions sleep furiously ironic packages. slyly 
443,chocolate burnished orchid mint royal,STANDARD BURNISHED BRASS,SM BOX,13604,TRUCK,TAKE BACK RETURN,42.00,56424.48,0.01,1994-02-03,4-NOT SPECIFIED,244993.48,Customer#000000571,HOUSEHOLD,8993.23,BRAZIL,AMERICA,23,UNITED KINGDOM,3,"carefully pending courts sleep above the ironic, regular theo"
443,chocolate burnished orchid mint royal,STANDARD BURNISHED BRASS,SM BOX,13604,TRUCK,TAKE BACK RETURN,42.00,56424.48,0.01,1994-02-03,4-NOT SPECIFIED,244993.48,Customer#000000571,HOUSEHOLD,8993.23,BRAZIL,AMERICA,24,UNITED STATES,1,ly ironic requests along the slyly bold ideas hang after the blithely special notornis; blithely even accounts
443,chocolate burnished orchid mint royal,STANDARD BURNISHED BRASS,SM BOX,29986,REG AIR,DELIVER IN PERSON,45.00,60454.80,0.07,1995-07-04,1-URGENT,101116.03,Customer#000000485,MACHINERY,8695.45,ROMANIA,EUROPE,0,ALGERIA,0,furiously regular requests. platelets affix furious
443,chocolate burnished orchid mint royal,STANDARD BURNISHED BRASS,SM BOX,29986,REG AIR,DELIVER IN PERSON,45.00,60454.80,0.07,1995-07-04,1-URGENT,101116.03,Customer#000000485,MACHINERY,8695.45,ROMANIA,EUROPE,1,ARGENTINA,1,"instructions wake quickly. final deposits haggle. final, silent theodolites "
443,chocolate burnished orchid mint royal,STANDARD BURNISHED BRASS,SM BOX,29986,REG AIR,DELIVER IN PERSON,45.00,60454.80,0.07,1995-07-04,1-URGENT,101116.03,Customer#000000485,MACHINERY,8695.45,ROMANIA,EUROPE,2,BRAZIL,1,asymptotes use fluffily quickly bold instructions. slyly bold dependencies sleep carefully pending accounts
443,chocolate burnished orchid mint royal,STANDARD BURNISHED BRASS,SM BOX,29986,REG AIR,DELIVER IN PERSON,45.00,60454.80,0.07,1995-07-04,1-URGENT,101116.03,Customer#000000485,MACHINERY,8695.45,ROMANIA,EUROPE,3,CANADA,1,ss deposits wake across the pending foxes. packages after the carefully bold requests integrate caref
443,chocolate burnished orchid mint royal,STANDARD BURNISHED BRASS,SM BOX,29986,REG AIR,DELIVER IN PERSON,45.00,60454.80,0.07,1995-07-04,1-URGENT,101116.03,Customer#000000485,MACHINERY,8695.45,ROMANIA,EUROPE,4,EGYPT,4,"usly ironic, pending foxes. even, special instructions nag. sly, final foxes detect slyly fluffily "
443,chocolate burnished orchid mint royal,STANDARD BURNISHED BRASS,SM BOX,29986,REG AIR,DELIVER IN PERSON,45.00,60454.80,0.07,1995-07-04,1-URGENT,101116.03,Customer#000000485,MACHINERY,8695.45,ROMANIA,EUROPE,5,ETHIOPIA,0,regular requests sleep carefull
443,chocolate burnished orchid mint royal,STANDARD BURNISHED BRASS,SM BOX,29986,REG AIR,DELIVER IN PERSON,45.00,60454.80,0.07,1995-07-04,1-URGENT,101116.03,Customer#000000485,MACHINERY,8695.45,ROMANIA,EUROPE,6,FRANCE,3,oggedly. regular packages solve across
443,chocolate burnished orchid mint royal,STANDARD BURNISHED BRASS,SM BOX,29986,REG AIR,DELIVER IN PERSON,45.00,60454.80,0.07,1995-07-04,1-URGENT,101116.03,Customer#000000485,MACHINERY,8695.45,ROMANIA,EUROPE,7,GERMANY,3,ong the regular requests: blithely silent pinto beans hagg
443,chocolate burnished orchid mint royal,STANDARD BURNISHED BRASS,SM BOX,29986,REG AIR,DELIVER IN PERSON,45.00,60454.80,0.07,1995-07-04,1-URGENT,101116.03,Customer#000000485,MACHINERY,8695.45,ROMANIA,EUROPE,8,INDIA,2,uriously unusual deposits about the slyly final pinto beans could
443,chocolate burnished orchid mint royal,STANDARD BURNISHED BRASS,SM BOX,29986,REG AIR,DELIVER IN PERSON,45.00,60454.80,0.07,1995-07-04,1-URGENT,101116.03,Customer#000000485,MACHINERY,8695.45,ROMANIA,EUROPE,9,INDONESIA,2,"d deposits sleep quickly according to the dogged, regular dolphins. special excuses haggle furiously special reque"
443,chocolate burnished orchid mint royal,STANDARD BURNISHED BRASS,SM BOX,29986,REG AIR,DELIVER IN PERSON,45.00,60454.80,0.07,1995-07-04,1-URGENT,101116.03,Customer#000000485,MACHINERY,8695.45,ROMANIA,EUROPE,10,IRAN,4,furiously idle platelets nag. express asymptotes s
443,chocolate burnished orchid mint royal,STANDARD BURNISHED BRASS,SM BOX,29986,REG AIR,DELIVER IN PERSON,45.00,60454.80,0.07,1995-07-04,1-URGENT,101116.03,Customer#000000485,MACHINERY,8695.45,ROMANIA,EUROPE,11,IRAQ,4,pendencies; slyly express foxes integrate carefully across the reg
443,chocolate burnished orchid mint royal,STANDARD BURNISHED BRASS,SM BOX,29986,REG AIR,DELIVER IN PERSON,45.00,60454.80,0.07,1995-07-04,1-URGENT,101116.03,Customer#000000485,MACHINERY,8695.45,ROMANIA,EUROPE,12,JAPAN,2, quickly final packages. furiously i
443,chocolate burnished orchid mint royal,STANDARD BURNISHED BRASS,SM BOX,29986,REG AIR,DELIVER IN PERSON,45.00,60454.80,0.07,1995-07-04,1-URGENT,101116.03,Customer#000000485,MACHINERY,8695.45,ROMANIA,EUROPE,13,JORDAN,4,the slyly regular ideas. silent Tiresias affix slyly fu
443,chocolate burnished orchid mint royal,STANDARD BURNISHED BRASS,SM BOX,29986,REG AIR,DELIVER IN PERSON,45.00,60454.80,0.07,1995-07-04,1-URGENT,101116.03,Customer#000000485,MACHINERY,8695.45,ROMANIA,EUROPE,14,KENYA,0,lyly special foxes. slyly regular deposits sleep carefully. carefully permanent accounts slee
443,chocolate burnished orchid mint royal,STANDARD BURNISHED BRASS,SM BOX,29986,REG AIR,DELIVER IN PERSON,45.00,60454.80,0.07,1995-07-04,1-URGENT,101116.03,Customer#000000485,MACHINERY,8695.45,ROMANIA,EUROPE,15,MOROCCO,0,ct blithely: blithely express accounts nag carefully. silent packages haggle carefully abo
443,chocolate burnished orchid mint royal,STANDARD BURNISHED BRASS,SM BOX,29986,REG AIR,DELIVER IN PERSON,45.00,60454.80,0.07,1995-07-04,1-URGENT,101116.03,Customer#000000485,MACHINERY,8695.45,ROMANIA,EUROPE,16,MOZAMBIQUE,0, beans after the carefully regular accounts r
443,chocolate burnished orchid mint royal,STANDARD BURNISHED BRASS,SM BOX,29986,REG AIR,DELIVER IN PERSON,45.00,60454.80,0.07,1995-07-04,1-URGENT,101116.03,Customer#000000485,MACHINERY,8695.45,ROMANIA,EUROPE,17,PERU,1,ly final foxes. blithely ironic accounts haggle. regular foxes about the regular deposits are furiously ir
443,chocolate burnished orchid mint royal,STANDARD BURNISHED BRASS,SM BOX,29986,REG AIR,DELIVER IN PERSON,45.00,60454.80,0.07,1995-07-04,1-URGENT,101116.03,Customer#000000485,MACHINERY,8695.45,ROMANIA,EUROPE,18,CHINA,2,"ckly special packages cajole slyly. unusual, unusual theodolites mold furiously. slyly sile"
443,chocolate burnished orchid mint royal,STANDARD BURNISHED BRASS,SM BOX,29986,REG AIR,DELIVER IN PERSON,45.00,60454.80,0.07,1995-07-04,1-URGENT,101116.03,Customer#000000485,MACHINERY,8695.45,ROMANIA,EUROPE,19,ROMANIA,3,"sly blithe requests. thinly bold deposits above the blithely regular accounts nag special, final requests. care"
443,chocolate burnished orchid mint royal,STANDARD BURNISHED BRASS,SM BOX,29986,REG AIR,DELIVER IN PERSON,45.00,60454.80,0.07,1995-07-04,1-URGENT,101116.03,Customer#000000485,MACHINERY,8695.45,ROMANIA,EUROPE,20,SAUDI ARABIA,4,se slyly across the blithely regular deposits. deposits use carefully regular 
443,chocolate burnished orchid mint royal,STANDARD BURNISHED BRASS,SM BOX,29986,REG AIR,DELIVER IN PERSON,45.00,60454.80,0.07,1995-07-04,1-URGENT,101116.03,Customer#000000485,MACHINERY,8695.45,ROMANIA,EUROPE,21,VIETNAM,2,lly across the quickly even pinto beans. caref
443,chocolate burnished orchid mint royal,STANDARD BURNISHED BRASS,SM BOX,29986,REG AIR,DELIVER IN PERSON,45.00,60454.80,0.07,1995-07-04,1-URGENT,101116.03,Customer#000000485,MACHINERY,8695.45,ROMANIA,EUROPE,22,RUSSIA,3,uctions. furiously unusual instructions sleep furiously ironic packages. slyly 
443,chocolate burnished orchid mint royal,STANDARD BURNISHED BRASS,SM BOX,29986,REG AIR,DELIVER IN PERSON,45.00,60454.80,0.07,1995-07-04,1-URGENT,101116.03,Customer#000000485,MACHINERY,8695.45,ROMANIA,EUROPE,23,UNITED KINGDOM,3,"carefully pending courts sleep above the ironic, regular theo"
443,chocolate burnished orchid mint royal,STANDARD BURNISHED BRASS,SM BOX,29986,REG AIR,DELIVER IN PERSON,45.00,60454.80,0.07,1995-07-04,1-URGENT,101116.03,Customer#000000485,MACHINERY,8695.45,ROMANIA,EUROPE,24,UNITED STATES,1,ly ironic requests along the slyly bold ideas hang after the blithely special notornis; blithely even accounts
450,sky lace green pale lime,MEDIUM BURNISHED TIN,SM CASE,10694,REG AIR,TAKE BACK RETURN,15.00,20256.75,0.07,1997-12-05,2-HIGH,196213.05,Customer#000000712,BUILDING,8667.09,FRANCE,EUROPE,0,ALGERIA,0,furiously regular requests. platelets affix furious
450,sky lace green pale lime,MEDIUM BURNISHED TIN,SM CASE,10694,REG AIR,TAKE BACK RETURN,15.00,20256.75,0.07,1997-12-05,2-HIGH,196213.05,Customer#000000712,BUILDING,8667.09,FRANCE,EUROPE,1,ARGENTINA,1,"instructions wake quickly. final deposits haggle. final, silent theodolites "
450,sky lace green pale lime,MEDIUM BURNISHED TIN,SM CASE,10694,REG AIR,TAKE BACK RETURN,15.00,20256.75,0.07,1997-12-05,2-HIGH,196213.05,Customer#000000712,BUILDING,8667.09,FRANCE,EUROPE,2,BRAZIL,1,asymptotes use fluffily quickly bold instructions. slyly bold dependencies sleep carefully pending accounts
450,sky lace green pale lime,MEDIUM BURNISHED TIN,SM CASE,10694,REG AIR,TAKE BACK RETURN,15.00,20256.75,0.07,1997-12-05,2-HIGH,196213.05,Customer#000000712,BUILDING,8667.09,FRANCE,EUROPE,3,CANADA,1,ss deposits wake across the pending foxes. packages after the carefully bold requests integrate caref
450,sky lace green pale lime,MEDIUM BURNISHED TIN,SM CASE,10694,REG AIR,TAKE BACK RETURN,15.00,20256.75,0.07,1997-12-05,2-HIGH,196213.05,Customer#000000712,BUILDING,8667.09,FRANCE,EUROPE,4,EGYPT,4,"usly ironic, pending foxes. even, special instructions nag. sly, final foxes detect slyly fluffily "
450,sky lace green pale lime,MEDIUM BURNISHED TIN,SM CASE,10694,REG AIR,TAKE BACK RETURN,15.00,20256.75,0.07,1997-12-05,2-HIGH,196213.05,Customer#000000712,BUILDING,8667.09,FRANCE,EUROPE,5,ETHIOPIA,0,regular requests sleep carefull
450,sky lace green pale lime,MEDIUM BURNISHED TIN,SM CASE,10694,REG AIR,TAKE BACK RETURN,15.00,20256.75,0.07,1997-12-05,2-HIGH,196213.05,Customer#000000712,BUILDING,8667.09,FRANCE,EUROPE,6,FRANCE,3,oggedly. regular packages solve across
450,sky lace green pale lime,MEDIUM BURNISHED TIN,SM CASE,10694,REG AIR,TAKE BACK RETURN,15.00,20256.75,0.07,1997-12-05,2-HIGH,196213.05,Customer#000000712,BUILDING,8667.09,FRANCE,EUROPE,7,GERMANY,3,ong the regular requests: blithely silent pinto beans hagg
450,sky lace green pale lime,MEDIUM BURNISHED TIN,SM CASE,10694,REG AIR,TAKE BACK RETURN,15.00,20256.75,0.07,1997-12-05,2-HIGH,196213.05,Customer#000000712,BUILDING,8667.09,FRANCE,EUROPE,8,INDIA,2,uriously unusual deposits about the slyly final pinto beans could
450,sky lace green pale lime,MEDIUM BURNISHED TIN,SM CASE,10694,REG AIR,TAKE BACK RETURN,15.00,20256.75,0.07,1997-12-05,2-HIGH,196213.05,Customer#000000712,BUILDING,8667.09,FRANCE,EUROPE,9,INDONESIA,2,"d deposits sleep quickly according to the dogged, regular dolphins. special excuses haggle furiously special reque"
450,sky lace green pale lime,MEDIUM BURNISHED TIN,SM CASE,10694,REG AIR,TAKE BACK RETURN,15.00,20256.75,0.07,1997-12-05,2-HIGH,196213.05,Customer#000000712,BUILDING,8667.09,FRANCE,EUROPE,10,IRAN,4,furiously idle platelets nag. express asymptotes s
450,sky lace green pale lime,MEDIUM BURNISHED TIN,SM CASE,10694,REG AIR,TAKE BACK RETURN,15.00,20256.75,0.07,1997-12-05,2-HIGH,196213.05,Customer#000000712,BUILDING,8667.09,FRANCE,EUROPE,11,IRAQ,4,pendencies; slyly express foxes integrate carefully across the reg
450,sky lace green pale lime,MEDIUM BURNISHED TIN,SM CASE,10694,REG AIR,TAKE BACK RETURN,15.00,20256.75,0.07,1997-12-05,2-HIGH,196213.05,Customer#000000712,BUILDING,8667.09,FRANCE,EUROPE,12,JAPAN,2, quickly final packages. furiously i
450,sky lace green pale lime,MEDIUM BURNISHED TIN,SM CASE,10694,REG AIR,TAKE BACK RETURN,15.00,20256.75,0.07,1997-12-05,2-HIGH,196213.05,Customer#000000712,BUILDING,8667.09,FRANCE,EUROPE,13,JORDAN,4,the slyly regular ideas. silent Tiresias affix slyly fu
450,sky lace green pale lime,MEDIUM BURNISHED TIN,SM CASE,10694,REG AIR,TAKE BACK RETURN,15.00,20256.75,0.07,1997-12-05,2-HIGH,196213.05,Customer#000000712,BUILDING,8667.09,FRANCE,EUROPE,14,KENYA,0,lyly special foxes. slyly regular deposits sleep carefully. carefully permanent accounts slee
450,sky lace green pale lime,MEDIUM BURNISHED TIN,SM CASE,10694,REG AIR,TAKE BACK RETURN,15.00,20256.75,0.07,1997-12-05,2-HIGH,196213.05,Customer#000000712,BUILDING,8667.09,FRANCE,EUROPE,15,MOROCCO,0,ct blithely: blithely express accounts nag carefully. silent packages haggle carefully abo
450,sky lace green pale lime,MEDIUM BURNISHED TIN,SM CASE,10694,REG AIR,TAKE BACK RETURN,15.00,20256.75,0.07,1997-12-05,2-HIGH,196213.05,Customer#000000712,BUILDING,8667.09,FRANCE,EUROPE,16,MOZAMBIQUE,0, beans after the carefully regular accounts r
450,sky lace green pale lime,MEDIUM BURNISHED TIN,SM CASE,10694,REG AIR,TAKE BACK RETURN,15.00,20256.75,0.07,1997-12-05,2-HIGH,196213.05,Customer#000000712,BUILDING,8667.09,FRANCE,EUROPE,17,PERU,1,ly final foxes. blithely ironic accounts haggle. regular foxes about the regular deposits are furiously ir
450,sky lace green pale lime,MEDIUM BURNISHED TIN,SM CASE,10694,REG AIR,TAKE BACK RETURN,15.00,20256.75,0.07,1997-12-05,2-HIGH,196213.05,Customer#000000712,BUILDING,8667.09,FRANCE,EUROPE,18,CHINA,2,"ckly special packages cajole slyly. unusual, unusual theodolites mold furiously. slyly sile"
450,sky lace green pale lime,MEDIUM BURNISHED TIN,SM CASE,10694,REG AIR,TAKE BACK RETURN,15.00,20256.75,0.07,1997-12-05,2-HIGH,196213.05,Customer#000000712,BUILDING,8667.09,FRANCE,EUROPE,19,ROMANIA,3,"sly blithe requests. thinly bold deposits above the blithely regular accounts nag special, final requests. care"
450,sky lace green pale lime,MEDIUM BURNISHED TIN,SM CASE,10694,REG AIR,TAKE BACK RETURN,15.00,20256.75,0.07,1997-12-05,2-HIGH,196213.05,Customer#000000712,BUILDING,8667.09,FRANCE,EUROPE,20,SAUDI ARABIA,4,se slyly across the blithely regular deposits. deposits use carefully regular 
450,sky lace green pale lime,MEDIUM BURNISHED TIN,SM CASE,10694,REG AIR,TAKE BACK RETURN,15.00,20256.75,0.07,1997-12-05,2-HIGH,196213.05,Customer#000000712,BUILDING,8667.09,FRANCE,EUROPE,21,VIETNAM,2,lly across the quickly even pinto beans. caref
450,sky lace green pale lime,MEDIUM BURNISHED TIN,SM CASE,10694,REG AIR,TAKE BACK RETURN,15.00,20256.75,0.07,1997-12-05,2-HIGH,196213.05,Customer#000000712,BUILDING,8667.09,FRANCE,EUROPE,22,RUSSIA,3,uctions. furiously unusual instructions sleep furiously ironic packages. slyly 
450,sky lace green pale lime,MEDIUM BURNISHED TIN,SM CASE,10694,REG AIR,TAKE BACK RETURN,15.00,20256.75,0.07,1997-12-05,2-HIGH,196213.05,Customer#000000712,BUILDING,8667.09,FRANCE,EUROPE,23,UNITED KINGDOM,3,"carefully pending courts sleep above the ironic, regular theo"
450,sky lace green pale lime,MEDIUM BURNISHED TIN,SM CASE,10694,REG AIR,TAKE BACK RETURN,15.00,20256.75,0.07,1997-12-05,2-HIGH,196213.05,Customer#000000712,BUILDING,8667.09,FRANCE,EUROPE,24,UNITED STATES,1,ly ironic requests along the slyly bold ideas hang after the blithely special notornis; blithely even accounts
450,sky lace green pale lime,MEDIUM BURNISHED TIN,SM CASE,20198,TRUCK,TAKE BACK RETURN,13.00,17555.85,0.02,1995-06-11,4-NOT SPECIFIED,144541.14,Customer#000000478,BUILDING,-210.40,ARGENTINA,AMERICA,0,ALGERIA,0,furiously regular requests. platelets affix furious
450,sky lace green pale lime,MEDIUM BURNISHED TIN,SM CASE,20198,TRUCK,TAKE BACK RETURN,13.00,17555.85,0.02,1995-06-11,4-NOT SPECIFIED,144541.14,Customer#000000478,BUILDING,-210.40,ARGENTINA,AMERICA,1,ARGENTINA,1,"instructions wake quickly. final deposits haggle. final, silent theodolites "
450,sky lace green pale lime,MEDIUM BURNISHED TIN,SM CASE,20198,TRUCK,TAKE BACK RETURN,13.00,17555.85,0.02,1995-06-11,4-NOT SPECIFIED,144541.14,Customer#000000478,BUILDING,-210.40,ARGENTINA,AMERICA,2,BRAZIL,1,asymptotes use fluffily quickly bold instructions. slyly bold dependencies sleep carefully pending accounts
450,sky lace green pale lime,MEDIUM BURNISHED TIN,SM CASE,20198,TRUCK,TAKE BACK RETURN,13.00,17555.85,0.02,1995-06-11,4-NOT SPECIFIED,144541.14,Customer#000000478,BUILDING,-210.40,ARGENTINA,AMERICA,3,CANADA,1,ss deposits wake across the pending foxes. packages after the carefully bold requests integrate caref
450,sky lace green pale lime,MEDIUM BURNISHED TIN,SM CASE,20198,TRUCK,TAKE BACK RETURN,13.00,17555.85,0.02,1995-06-11,4-NOT SPECIFIED,144541.14,Customer#000000478,BUILDING,-210.40,ARGENTINA,AMERICA,4,EGYPT,4,"usly ironic, pending foxes. even, special instructions nag. sly, final foxes detect slyly fluffily "
450,sky lace green pale lime,MEDIUM BURNISHED TIN,SM CASE,20198,TRUCK,TAKE BACK RETURN,13.00,17555.85,0.02,1995-06-11,4-NOT SPECIFIED,144541.14,Customer#000000478,BUILDING,-210.40,ARGENTINA,AMERICA,5,ETHIOPIA,0,regular requests sleep carefull
450,sky lace green pale lime,MEDIUM BURNISHED TIN,SM CASE,20198,TRUCK,TAKE BACK RETURN,13.00,17555.85,0.02,1995-06-11,4-NOT SPECIFIED,144541.14,Customer#000000478,BUILDING,-210.40,ARGENTINA,AMERICA,6,FRANCE,3,oggedly. regular packages solve across
450,sky lace green pale lime,MEDIUM BURNISHED TIN,SM CASE,20198,TRUCK,TAKE BACK RETURN,13.00,17555.85,0.02,1995-06-11,4-NOT SPECIFIED,144541.14,Customer#000000478,BUILDING,-210.40,ARGENTINA,AMERICA,7,GERMANY,3,ong the regular requests: blithely silent pinto beans hagg
450,sky lace green pale lime,MEDIUM BURNISHED TIN,SM CASE,20198,TRUCK,TAKE BACK RETURN,13.00,17555.85,0.02,1995-06-11,4-NOT SPECIFIED,144541.14,Customer#000000478,BUILDING,-210.40,ARGENTINA,AMERICA,8,INDIA,2,uriously unusual deposits about the slyly final pinto beans could
450,sky lace green pale lime,MEDIUM BURNISHED TIN,SM CASE,20198,TRUCK,TAKE BACK RETURN,13.00,17555.85,0.02,1995-06-11,4-NOT SPECIFIED,144541.14,Customer#000000478,BUILDING,-210.40,ARGENTINA,AMERICA,9,INDONESIA,2,"d deposits sleep quickly according to the dogged, regular dolphins. special excuses haggle furiously special reque"
450,sky lace green pale lime,MEDIUM BURNISHED TIN,SM CASE,20198,TRUCK,TAKE BACK RETURN,13.00,17555.85,0.02,1995-06-11,4-NOT SPECIFIED,144541.14,Customer#000000478,BUILDING,-210.40,ARGENTINA,AMERICA,10,IRAN,4,furiously idle platelets nag. express asymptotes s
450,sky lace green pale lime,MEDIUM BURNISHED TIN,SM CASE,20198,TRUCK,TAKE BACK RETURN,13.00,17555.85,0.02,1995-06-11,4-NOT SPECIFIED,144541.14,Customer#000000478,BUILDING,-210.40,ARGENTINA,AMERICA,11,IRAQ,4,pendencies; slyly express foxes integrate carefully across the reg
450,sky lace green pale lime,MEDIUM BURNISHED TIN,SM CASE,20198,TRUCK,TAKE BACK RETURN,13.00,17555.85,0.02,1995-06-11,4-NOT SPECIFIED,144541.14,Customer#000000478,BUILDING,-210.40,ARGENTINA,AMERICA,12,JAPAN,2, quickly final packages. furiously i
450,sky lace green pale lime,MEDIUM BURNISHED TIN,SM CASE,20198,TRUCK,TAKE BACK RETURN,13.00,17555.85,0.02,1995-06-11,4-NOT SPECIFIED,144541.14,Customer#000000478,BUILDING,-210.40,ARGENTINA,AMERICA,13,JORDAN,4,the slyly regular ideas. silent Tiresias affix slyly fu
450,sky lace green pale lime,MEDIUM BURNISHED TIN,SM CASE,20198,TRUCK,TAKE BACK RETURN,13.00,17555.85,0.02,1995-06-11,4-NOT SPECIFIED,144541.14,Customer#000000478,BUILDING,-210.40,ARGENTINA,AMERICA,14,KENYA,0,lyly special foxes. slyly regular deposits sleep carefully. carefully permanent accounts slee
450,sky lace green pale lime,MEDIUM BURNISHED TIN,SM CASE,20198,TRUCK,TAKE BACK RETURN,13.00,17555.85,0.02,1995-06-11,4-NOT SPECIFIED,144541.14,Customer#000000478,BUILDING,-210.40,ARGENTINA,AMERICA,15,MOROCCO,0,ct blithely: blithely express accounts nag carefully. silent packages haggle carefully abo
450,sky lace green pale lime,MEDIUM BURNISHED TIN,SM CASE,20198,TRUCK,TAKE BACK RETURN,13.00,17555.85,0.02,1995-06-11,4-NOT SPECIFIED,144541.14,Customer#000000478,BUILDING,-210.40,ARGENTINA,AMERICA,16,MOZAMBIQUE,0, beans after the carefully regular accounts r
450,sky lace green pale lime,MEDIUM BURNISHED TIN,SM CASE,20198,TRUCK,TAKE BACK RETURN,13.00,17555.85,0.02,1995-06-11,4-NOT SPECIFIED,144541.14,Customer#000000478,BUILDING,-210.40,ARGENTINA,AMERICA,17,PERU,1,ly final foxes. blithely ironic accounts haggle. regular foxes about the regular deposits are furiously ir
450,sky lace green pale lime,MEDIUM BURNISHED TIN,SM CASE,20198,TRUCK,TAKE BACK RETURN,13.00,17555.85,0.02,1995-06-11,4-NOT SPECIFIED,144541.14,Customer#000000478,BUILDING,-210.40,ARGENTINA,AMERICA,18,CHINA,2,"ckly special packages cajole slyly. unusual, unusual theodolites mold furiously. slyly sile"
450,sky lace green pale lime,MEDIUM BURNISHED TIN,SM CASE,20198,TRUCK,TAKE BACK RETURN,13.00,17555.85,0.02,1995-06-11,4-NOT SPECIFIED,144541.14,Customer#000000478,BUILDING,-210.40,ARGENTINA,AMERICA,19,ROMANIA,3,"sly blithe requests. thinly bold deposits above the blithely regular accounts nag special, final requests. care"
450,sky lace green pale lime,MEDIUM BURNISHED TIN,SM CASE,20198,TRUCK,TAKE BACK RETURN,13.00,17555.85,0.02,1995-06-11,4-NOT SPECIFIED,144541.14,Customer#000000478,BUILDING,-210.40,ARGENTINA,AMERICA,20,SAUDI ARABIA,4,se slyly across the blithely regular deposits. deposits use carefully regular 
450,sky lace green pale lime,MEDIUM BURNISHED TIN,SM CASE,20198,TRUCK,TAKE BACK RETURN,13.00,17555.85,0.02,1995-06-11,4-NOT SPECIFIED,144541.14,Customer#000000478,BUILDING,-210.40,ARGENTINA,AMERICA,21,VIETNAM,2,lly across the quickly even pinto beans. caref
450,sky lace green pale lime,MEDIUM BURNISHED TIN,SM CASE,20198,TRUCK,TAKE BACK RETURN,13.00,17555.85,0.02,1995-06-11,4-NOT SPECIFIED,144541.14,Customer#000000478,BUILDING,-210.40,ARGENTINA,AMERICA,22,RUSSIA,3,uctions. furiously unusual instructions sleep furiously ironic packages. slyly 
450,sky lace green pale lime,MEDIUM BURNISHED TIN,SM CASE,20198,TRUCK,TAKE BACK RETURN,13.00,17555.85,0.02,1995-06-11,4-NOT SPECIFIED,144541.14,Customer#000000478,BUILDING,-210.40,ARGENTINA,AMERICA,23,UNITED KINGDOM,3,"carefully pending courts sleep above the ironic, regular theo"
450,sky lace green pale lime,MEDIUM BURNISHED TIN,SM CASE,20198,TRUCK,TAKE BACK RETURN,13.00,17555.85,0.02,1995-06-11,4-NOT SPECIFIED,144541.14,Customer#000000478,BUILDING,-210.40,ARGENTINA,AMERICA,24,UNITED STATES,1,ly ironic requests along the slyly bold ideas hang after the blithely special notornis; blithely even accounts
450,sky lace green pale lime,MEDIUM BURNISHED TIN,SM CASE,24705,AIR,DELIVER IN PERSON,42.00,56718.90,0.09,1995-09-16,1-URGENT,114109.64,Customer#000000268,MACHINERY,6821.01,CANADA,AMERICA,0,ALGERIA,0,furiously regular requests. platelets affix furious
450,sky lace green pale lime,MEDIUM BURNISHED TIN,SM CASE,24705,AIR,DELIVER IN PERSON,42.00,56718.90,0.09,1995-09-16,1-URGENT,114109.64,Customer#000000268,MACHINERY,6821.01,CANADA,AMERICA,1,ARGENTINA,1,"instructions wake quickly. final deposits haggle. final, silent theodolites "
450,sky lace green pale lime,MEDIUM BURNISHED TIN,SM CASE,24705,AIR,DELIVER IN PERSON,42.00,56718.90,0.09,1995-09-16,1-URGENT,114109.64,Customer#000000268,MACHINERY,6821.01,CANADA,AMERICA,2,BRAZIL,1,asymptotes use fluffily quickly bold instructions. slyly bold dependencies sleep carefully pending accounts
450,sky lace green pale lime,MEDIUM BURNISHED TIN,SM CASE,24705,AIR,DELIVER IN PERSON,42.00,56718.90,0.09,1995-09-16,1-URGENT,114109.64,Customer#000000268,MACHINERY,6821.01,CANADA,AMERICA,3,CANADA,1,ss deposits wake across the pending foxes. packages after the carefully bold requests integrate caref
450,sky lace green pale lime,MEDIUM BURNISHED TIN,SM CASE,24705,AIR,DELIVER IN PERSON,42.00,56718.90,0.09,1995-09-16,1-URGENT,114109.64,Customer#000000268,MACHINERY,6821.01,CANADA,AMERICA,4,EGYPT,4,"usly ironic, pending foxes. even, special instructions nag. sly, final foxes detect slyly fluffily "
450,sky lace green pale lime,MEDIUM BURNISHED TIN,SM CASE,24705,AIR,DELIVER IN PERSON,42.00,56718.90,0.09,1995-09-16,1-URGENT,114109.64,Customer#000000268,MACHINERY,6821.01,CANADA,AMERICA,5,ETHIOPIA,0,regular requests sleep carefull
450,sky lace green pale lime,MEDIUM BURNISHED TIN,SM CASE,24705,AIR,DELIVER IN PERSON,42.00,56718.90,0.09,1995-09-16,1-URGENT,114109.64,Customer#000000268,MACHINERY,6821.01,CANADA,AMERICA,6,FRANCE,3,oggedly. regular packages solve across
450,sky lace green pale lime,MEDIUM BURNISHED TIN,SM CASE,24705,AIR,DELIVER IN PERSON,42.00,56718.90,0.09,1995-09-16,1-URGENT,114109.64,Customer#000000268,MACHINERY,6821.01,CANADA,AMERICA,7,GERMANY,3,ong the regular requests: blithely silent pinto beans hagg
450,sky lace green pale lime,MEDIUM BURNISHED TIN,SM CASE,24705,AIR,DELIVER IN PERSON,42.00,56718.90,0.09,1995-09-16,1-URGENT,114109.64,Customer#000000268,MACHINERY,6821.01,CANADA,AMERICA,8,INDIA,2,uriously unusual deposits about the slyly final pinto beans could
450,sky lace green pale lime,MEDIUM BURNISHED TIN,SM CASE,24705,AIR,DELIVER IN PERSON,42.00,56718.90,0.09,1995-09-16,1-URGENT,114109.64,Customer#000000268,MACHINERY,6821.01,CANADA,AMERICA,9,INDONESIA,2,"d deposits sleep quickly according to the dogged, regular dolphins. special excuses haggle furiously special reque"
450,sky lace green pale lime,MEDIUM BURNISHED TIN,SM CASE,24705,AIR,DELIVER IN PERSON,42.00,56718.90,0.09,1995-09-16,1-URGENT,114109.64,Customer#000000268,MACHINERY,6821.01,CANADA,AMERICA,10,IRAN,4,furiously idle platelets nag. express asymptotes s
450,sky lace green pale lime,MEDIUM BURNISHED TIN,SM CASE,24705,AIR,DELIVER IN PERSON,42.00,56718.90,0.09,1995-09-16,1-URGENT,114109.64,Customer#000000268,MACHINERY,6821.01,CANADA,AMERICA,11,IRAQ,4,pendencies; slyly express foxes integrate carefully across the reg
450,sky lace green pale lime,MEDIUM BURNISHED TIN,SM CASE,24705,AIR,DELIVER IN PERSON,42.00,56718.90,0.09,1995-09-16,1-URGENT,114109.64,Customer#000000268,MACHINERY,6821.01,CANADA,AMERICA,12,JAPAN,2, quickly final packages. furiously i
450,sky lace green pale lime,MEDIUM BURNISHED TIN,SM CASE,24705,AIR,DELIVER IN PERSON,42.00,56718.90,0.09,1995-09-16,1-URGENT,114109.64,Customer#000000268,MACHINERY,6821.01,CANADA,AMERICA,13,JORDAN,4,the slyly regular ideas. silent Tiresias affix slyly fu
450,sky lace green pale lime,MEDIUM BURNISHED TIN,SM CASE,24705,AIR,DELIVER IN PERSON,42.00,56718.90,0.09,1995-09-16,1-URGENT,114109.64,Customer#000000268,MACHINERY,6821.01,CANADA,AMERICA,14,KENYA,0,lyly special foxes. slyly regular deposits sleep carefully. carefully permanent accounts slee
450,sky lace green pale lime,MEDIUM BURNISHED TIN,SM CASE,24705,AIR,DELIVER IN PERSON,42.00,56718.90,0.09,1995-09-16,1-URGENT,114109.64,Customer#000000268,MACHINERY,6821.01,CANADA,AMERICA,15,MOROCCO,0,ct blithely: blithely express accounts nag carefully. silent packages haggle carefully abo
450,sky lace green pale lime,MEDIUM BURNISHED TIN,SM CASE,24705,AIR,DELIVER IN PERSON,42.00,56718.90,0.09,1995-09-16,1-URGENT,114109.64,Customer#000000268,MACHINERY,6821.01,CANADA,AMERICA,16,MOZAMBIQUE,0, beans after the carefully regular accounts r
450,sky lace green pale lime,MEDIUM BURNISHED TIN,SM CASE,24705,AIR,DELIVER IN PERSON,42.00,56718.90,0.09,1995-09-16,1-URGENT,114109.64,Customer#000000268,MACHINERY,6821.01,CANADA,AMERICA,17,PERU,1,ly final foxes. blithely ironic accounts haggle. regular foxes about the regular deposits are furiously ir
450,sky lace green pale lime,MEDIUM BURNISHED TIN,SM CASE,24705,AIR,DELIVER IN PERSON,42.00,56718.90,0.09,1995-09-16,1-URGENT,114109.64,Customer#000000268,MACHINERY,6821.01,CANADA,AMERICA,18,CHINA,2,"ckly special packages cajole slyly. unusual, unusual theodolites mold furiously. slyly sile"
450,sky lace green pale lime,MEDIUM BURNISHED TIN,SM CASE,24705,AIR,DELIVER IN PERSON,42.00,56718.90,0.09,1995-09-16,1-URGENT,114109.64,Customer#000000268,MACHINERY,6821.01,CANADA,AMERICA,19,ROMANIA,3,"sly blithe requests. thinly bold deposits above the blithely regular accounts nag special, final requests. care"
450,sky lace green pale lime,MEDIUM BURNISHED TIN,SM CASE,24705,AIR,DELIVER IN PERSON,42.00,56718.90,0.09,1995-09-16,1-URGENT,114109.64,Customer#000000268,MACHINERY,6821.01,CANADA,AMERICA,20,SAUDI ARABIA,4,se slyly across the blithely regular deposits. deposits use carefully regular 
450,sky lace green pale lime,MEDIUM BURNISHED TIN,SM CASE,24705,AIR,DELIVER IN PERSON,42.00,56718.90,0.09,1995-09-16,1-URGENT,114109.64,Customer#000000268,MACHINERY,6821.01,CANADA,AMERICA,21,VIETNAM,2,lly across the quickly even pinto beans. caref
450,sky lace green pale lime,MEDIUM BURNISHED TIN,SM CASE,24705,AIR,DELIVER IN PERSON,42.00,56718.90,0.09,1995-09-16,1-URGENT,114109.64,Customer#000000268,MACHINERY,6821.01,CANADA,AMERICA,22,RUSSIA,3,uctions. furiously unusual instructions sleep furiously ironic packages. slyly 
450,sky lace green pale lime,MEDIUM BURNISHED TIN,SM CASE,24705,AIR,DELIVER IN PERSON,42.00,56718.90,0.09,1995-09-16,1-URGENT,114109.64,Customer#000000268,MACHINERY,6821.01,CANADA,AMERICA,23,UNITED KINGDOM,3,"carefully pending courts sleep above the ironic, regular theo"
450,sky lace green pale lime,MEDIUM BURNISHED TIN,SM CASE,24705,AIR,DELIVER IN PERSON,42.00,56718.90,0.09,1995-09-16,1-URGENT,114109.64,Customer#000000268,MACHINERY,6821.01,CANADA,AMERICA,24,UNITED STATES,1,ly ironic requests along the slyly bold ideas hang after the blithely special notornis; blithely even accounts
450,sky lace green pale lime,MEDIUM BURNISHED TIN,SM CASE,29958,TRUCK,DELIVER IN PERSON,28.00,37812.60,0.10,1995-01-07,2-HIGH,143790.75,Customer#000000514,BUILDING,5840.97,UNITED KINGDOM,EUROPE,0,ALGERIA,0,furiously regular requests. platelets affix furious
450,sky lace green pale lime,MEDIUM BURNISHED TIN,SM CASE,29958,TRUCK,DELIVER IN PERSON,28.00,37812.60,0.10,1995-01-07,2-HIGH,143790.75,Customer#000000514,BUILDING,5840.97,UNITED KINGDOM,EUROPE,1,ARGENTINA,1,"instructions wake quickly. final deposits haggle. final, silent theodolites "
450,sky lace green pale lime,MEDIUM BURNISHED TIN,SM CASE,29958,TRUCK,DELIVER IN PERSON,28.00,37812.60,0.10,1995-01-07,2-HIGH,143790.75,Customer#000000514,BUILDING,5840.97,UNITED KINGDOM,EUROPE,2,BRAZIL,1,asymptotes use fluffily quickly bold instructions. slyly bold dependencies sleep carefully pending accounts
450,sky lace green pale lime,MEDIUM BURNISHED TIN,SM CASE,29958,TRUCK,DELIVER IN PERSON,28.00,37812.60,0.10,1995-01-07,2-HIGH,143790.75,Customer#000000514,BUILDING,5840.97,UNITED KINGDOM,EUROPE,3,CANADA,1,ss deposits wake across the pending foxes. packages after the carefully bold requests integrate caref
450,sky lace green pale lime,MEDIUM BURNISHED TIN,SM CASE,29958,TRUCK,DELIVER IN PERSON,28.00,37812.60,0.10,1995-01-07,2-HIGH,143790.75,Customer#000000514,BUILDING,5840.97,UNITED KINGDOM,EUROPE,4,EGYPT,4,"usly ironic, pending foxes. even, special instructions nag. sly, final foxes detect slyly fluffily "
450,sky lace green pale lime,MEDIUM BURNISHED TIN,SM CASE,29958,TRUCK,DELIVER IN PERSON,28.00,37812.60,0.10,1995-01-07,2-HIGH,143790.75,Customer#000000514,BUILDING,5840.97,UNITED KINGDOM,EUROPE,5,ETHIOPIA,0,regular requests sleep carefull
450,sky lace green pale lime,MEDIUM BURNISHED TIN,SM CASE,29958,TRUCK,DELIVER IN PERSON,28.00,37812.60,0.10,1995-01-07,2-HIGH,143790.75,Customer#000000514,BUILDING,5840.97,UNITED KINGDOM,EUROPE,6,FRANCE,3,oggedly. regular packages solve across
450,sky lace green pale lime,MEDIUM BURNISHED TIN,SM CASE,29958,TRUCK,DELIVER IN PERSON,28.00,37812.60,0.10,1995-01-07,2-HIGH,143790.75,Customer#000000514,BUILDING,5840.97,UNITED KINGDOM,EUROPE,7,GERMANY,3,ong the regular requests: blithely silent pinto beans hagg
450,sky lace green pale lime,MEDIUM BURNISHED TIN,SM CASE,29958,TRUCK,DELIVER IN PERSON,28.00,37812.60,0.10,1995-01-07,2-HIGH,143790.75,Customer#000000514,BUILDING,5840.97,UNITED KINGDOM,EUROPE,8,INDIA,2,uriously unusual deposits about the slyly final pinto beans could
450,sky lace green pale lime,MEDIUM BURNISHED TIN,SM CASE,29958,TRUCK,DELIVER IN PERSON,28.00,37812.60,0.10,1995-01-07,2-HIGH,143790.75,Customer#000000514,BUILDING,5840.97,UNITED KINGDOM,EUROPE,9,INDONESIA,2,"d deposits sleep quickly according to the dogged, regular dolphins. special excuses haggle furiously special reque"
450,sky lace green pale lime,MEDIUM BURNISHED TIN,SM CASE,29958,TRUCK,DELIVER IN PERSON,28.00,37812.60,0.10,1995-01-07,2-HIGH,143790.75,Customer#000000514,BUILDING,5840.97,UNITED KINGDOM,EUROPE,10,IRAN,4,furiously idle platelets nag. express asymptotes s
450,sky lace green pale lime,MEDIUM BURNISHED TIN,SM CASE,29958,TRUCK,DELIVER IN PERSON,28.00,37812.60,0.10,1995-01-07,2-HIGH,143790.75,Customer#000000514,BUILDING,5840.97,UNITED KINGDOM,EUROPE,11,IRAQ,4,pendencies; slyly express foxes integrate carefully across the reg
450,sky lace green pale lime,MEDIUM BURNISHED TIN,SM CASE,29958,TRUCK,DELIVER IN PERSON,28.00,37812.60,0.10,1995-01-07,2-HIGH,143790.75,Customer#000000514,BUILDING,5840.97,UNITED KINGDOM,EUROPE,12,JAPAN,2, quickly final packages. furiously i
450,sky lace green pale lime,MEDIUM BURNISHED TIN,SM CASE,29958,TRUCK,DELIVER IN PERSON,28.00,37812.60,0.10,1995-01-07,2-HIGH,143790.75,Customer#000000514,BUILDING,5840.97,UNITED KINGDOM,EUROPE,13,JORDAN,4,the slyly regular ideas. silent Tiresias affix slyly fu
450,sky lace green pale lime,MEDIUM BURNISHED TIN,SM CASE,29958,TRUCK,DELIVER IN PERSON,28.00,37812.60,0.10,1995-01-07,2-HIGH,143790.75,Customer#000000514,BUILDING,5840.97,UNITED KINGDOM,EUROPE,14,KENYA,0,lyly special foxes. slyly regular deposits sleep carefully. carefully permanent accounts slee
450,sky lace green pale lime,MEDIUM BURNISHED TIN,SM CASE,29958,TRUCK,DELIVER IN PERSON,28.00,37812.60,0.10,1995-01-07,2-HIGH,143790.75,Customer#000000514,BUILDING,5840.97,UNITED KINGDOM,EUROPE,15,MOROCCO,0,ct blithely: blithely express accounts nag carefully. silent packages haggle carefully abo
450,sky lace green pale lime,MEDIUM BURNISHED TIN,SM CASE,29958,TRUCK,DELIVER IN PERSON,28.00,37812.60,0.10,1995-01-07,2-HIGH,143790.75,Customer#000000514,BUILDING,5840.97,UNITED KINGDOM,EUROPE,16,MOZAMBIQUE,0, beans after the carefully regular accounts r
450,sky lace green pale lime,MEDIUM BURNISHED TIN,SM CASE,29958,TRUCK,DELIVER IN PERSON,28.00,37812.60,0.10,1995-01-07,2-HIGH,143790.75,Customer#000000514,BUILDING,5840.97,UNITED KINGDOM,EUROPE,17,PERU,1,ly final foxes. blithely ironic accounts haggle. regular foxes about the regular deposits are furiously ir
450,sky lace green pale lime,MEDIUM BURNISHED TIN,SM CASE,29958,TRUCK,DELIVER IN PERSON,28.00,37812.60,0.10,1995-01-07,2-HIGH,143790.75,Customer#000000514,BUILDING,5840.97,UNITED KINGDOM,EUROPE,18,CHINA,2,"ckly special packages cajole slyly. unusual, unusual theodolites mold furiously. slyly sile"
450,sky lace green pale lime,MEDIUM BURNISHED TIN,SM CASE,29958,TRUCK,DELIVER IN PERSON,28.00,37812.60,0.10,1995-01-07,2-HIGH,143790.75,Customer#000000514,BUILDING,5840.97,UNITED KINGDOM,EUROPE,19,ROMANIA,3,"sly blithe requests. thinly bold deposits above the blithely regular accounts nag special, final requests. care"
450,sky lace green pale lime,MEDIUM BURNISHED TIN,SM CASE,29958,TRUCK,DELIVER IN PERSON,28.00,37812.60,0.10,1995-01-07,2-HIGH,143790.75,Customer#000000514,BUILDING,5840.97,UNITED KINGDOM,EUROPE,20,SAUDI ARABIA,4,se slyly across the blithely regular deposits. deposits use carefully regular 
450,sky lace green pale lime,MEDIUM BURNISHED TIN,SM CASE,29958,TRUCK,DELIVER IN PERSON,28.00,37812.60,0.10,1995-01-07,2-HIGH,143790.75,Customer#000000514,BUILDING,5840.97,UNITED KINGDOM,EUROPE,21,VIETNAM,2,lly across the quickly even pinto beans. caref
450,sky lace green pale lime,MEDIUM BURNISHED TIN,SM CASE,29958,TRUCK,DELIVER IN PERSON,28.00,37812.60,0.10,1995-01-07,2-HIGH,143790.75,Customer#000000514,BUILDING,5840.97,UNITED KINGDOM,EUROPE,22,RUSSIA,3,uctions. furiously unusual instructions sleep furiously ironic packages. slyly 
450,sky lace green pale lime,MEDIUM BURNISHED TIN,SM CASE,29958,TRUCK,DELIVER IN PERSON,28.00,37812.60,0.10,1995-01-07,2-HIGH,143790.75,Customer#000000514,BUILDING,5840.97,UNITED KINGDOM,EUROPE,23,UNITED KINGDOM,3,"carefully pending courts sleep above the ironic, regular theo"
450,sky lace green pale lime,MEDIUM BURNISHED TIN,SM CASE,29958,TRUCK,DELIVER IN PERSON,28.00,37812.60,0.10,1995-01-07,2-HIGH,143790.75,Customer#000000514,BUILDING,5840.97,UNITED KINGDOM,EUROPE,24,UNITED STATES,1,ly ironic requests along the slyly bold ideas hang after the blithely special notornis; blithely even accounts
490,yellow mint saddle dodger orchid,SMALL PLATED NICKEL,MED BOX,16033,MAIL,TAKE BACK RETURN,18.00,25028.82,0.10,1996-04-27,5-LOW,145806.51,Customer#000000094,HOUSEHOLD,5500.11,INDONESIA,ASIA,0,ALGERIA,0,furiously regular requests. platelets affix furious
490,yellow mint saddle dodger orchid,SMALL PLATED NICKEL,MED BOX,16033,MAIL,TAKE BACK RETURN,18.00,25028.82,0.10,1996-04-27,5-LOW,145806.51,Customer#000000094,HOUSEHOLD,5500.11,INDONESIA,ASIA,1,ARGENTINA,1,"instructions wake quickly. final deposits haggle. final, silent theodolites "
490,yellow mint saddle dodger orchid,SMALL PLATED NICKEL,MED BOX,16033,MAIL,TAKE BACK RETURN,18.00,25028.82,0.10,1996-04-27,5-LOW,145806.51,Customer#000000094,HOUSEHOLD,5500.11,INDONESIA,ASIA,2,BRAZIL,1,asymptotes use fluffily quickly bold instructions. slyly bold dependencies sleep carefully pending accounts
490,yellow mint saddle dodger orchid,SMALL PLATED NICKEL,MED BOX,16033,MAIL,TAKE BACK RETURN,18.00,25028.82,0.10,1996-04-27,5-LOW,145806.51,Customer#000000094,HOUSEHOLD,5500.11,INDONESIA,ASIA,3,CANADA,1,ss deposits wake across the pending foxes. packages after the carefully bold requests integrate caref
490,yellow mint saddle dodger orchid,SMALL PLATED NICKEL,MED BOX,16033,MAIL,TAKE BACK RETURN,18.00,25028.82,0.10,1996-04-27,5-LOW,145806.51,Customer#000000094,HOUSEHOLD,5500.11,INDONESIA,ASIA,4,EGYPT,4,"usly ironic, pending foxes. even, special instructions nag. sly, final foxes detect slyly fluffily "
490,yellow mint saddle dodger orchid,SMALL PLATED NICKEL,MED BOX,16033,MAIL,TAKE BACK RETURN,18.00,25028.82,0.10,1996-04-27,5-LOW,145806.51,Customer#000000094,HOUSEHOLD,5500.11,INDONESIA,ASIA,5,ETHIOPIA,0,regular requests sleep carefull
490,yellow mint saddle dodger orchid,SMALL PLATED NICKEL,MED BOX,16033,MAIL,TAKE BACK RETURN,18.00,25028.82,0.10,1996-04-27,5-LOW,145806.51,Customer#000000094,HOUSEHOLD,5500.11,INDONESIA,ASIA,6,FRANCE,3,oggedly. regular packages solve across
490,yellow mint saddle dodger orchid,SMALL PLATED NICKEL,MED BOX,16033,MAIL,TAKE BACK RETURN,18.00,25028.82,0.10,1996-04-27,5-LOW,145806.51,Customer#000000094,HOUSEHOLD,5500.11,INDONESIA,ASIA,7,GERMANY,3,ong the regular requests: blithely silent pinto beans hagg
490,yellow mint saddle dodger orchid,SMALL PLATED NICKEL,MED BOX,16033,MAIL,TAKE BACK RETURN,18.00,25028.82,0.10,1996-04-27,5-LOW,145806.51,Customer#000000094,HOUSEHOLD,5500.11,INDONESIA,ASIA,8,INDIA,2,uriously unusual deposits about the slyly final pinto beans could
490,yellow mint saddle dodger orchid,SMALL PLATED NICKEL,MED BOX,16033,MAIL,TAKE BACK RETURN,18.00,25028.82,0.10,1996-04-27,5-LOW,145806.51,Customer#000000094,HOUSEHOLD,5500.11,INDONESIA,ASIA,9,INDONESIA,2,"d deposits sleep quickly according to the dogged, regular dolphins. special excuses haggle furiously special reque"
490,yellow mint saddle dodger orchid,SMALL PLATED NICKEL,MED BOX,16033,MAIL,TAKE BACK RETURN,18.00,25028.82,0.10,1996-04-27,5-LOW,145806.51,Customer#000000094,HOUSEHOLD,5500.11,INDONESIA,ASIA,10,IRAN,4,furiously idle platelets nag. express asymptotes s
490,yellow mint saddle dodger orchid,SMALL PLATED NICKEL,MED BOX,16033,MAIL,TAKE BACK RETURN,18.00,25028.82,0.10,1996-04-27,5-LOW,145806.51,Customer#000000094,HOUSEHOLD,5500.11,INDONESIA,ASIA,11,IRAQ,4,pendencies; slyly express foxes integrate carefully across the reg
490,yellow mint saddle dodger orchid,SMALL PLATED NICKEL,MED BOX,16033,MAIL,TAKE BACK RETURN,18.00,25028.82,0.10,1996-04-27,5-LOW,145806.51,Customer#000000094,HOUSEHOLD,5500.11,INDONESIA,ASIA,12,JAPAN,2, quickly final packages. furiously i
490,yellow mint saddle dodger orchid,SMALL PLATED NICKEL,MED BOX,16033,MAIL,TAKE BACK RETURN,18.00,25028.82,0.10,1996-04-27,5-LOW,145806.51,Customer#000000094,HOUSEHOLD,5500.11,INDONESIA,ASIA,13,JORDAN,4,the slyly regular ideas. silent Tiresias affix slyly fu
490,yellow mint saddle dodger orchid,SMALL PLATED NICKEL,MED BOX,16033,MAIL,TAKE BACK RETURN,18.00,25028.82,0.10,1996-04-27,5-LOW,145806.51,Customer#000000094,HOUSEHOLD,5500.11,INDONESIA,ASIA,14,KENYA,0,lyly special foxes. slyly regular deposits sleep carefully. carefully permanent accounts slee
490,yellow mint saddle dodger orchid,SMALL PLATED NICKEL,MED BOX,16033,MAIL,TAKE BACK RETURN,18.00,25028.82,0.10,1996-04-27,5-LOW,145806.51,Customer#000000094,HOUSEHOLD,5500.11,INDONESIA,ASIA,15,MOROCCO,0,ct blithely: blithely express accounts nag carefully. silent packages haggle carefully abo
490,yellow mint saddle dodger orchid,SMALL PLATED NICKEL,MED BOX,16033,MAIL,TAKE BACK RETURN,18.00,25028.82,0.10,1996-04-27,5-LOW,145806.51,Customer#000000094,HOUSEHOLD,5500.11,INDONESIA,ASIA,16,MOZAMBIQUE,0, beans after the carefully regular accounts r
490,yellow mint saddle dodger orchid,SMALL PLATED NICKEL,MED BOX,16033,MAIL,TAKE BACK RETURN,18.00,25028.82,0.10,1996-04-27,5-LOW,145806.51,Customer#000000094,HOUSEHOLD,5500.11,INDONESIA,ASIA,17,PERU,1,ly final foxes. blithely ironic accounts haggle. regular foxes about the regular deposits are furiously ir
490,yellow mint saddle dodger orchid,SMALL PLATED NICKEL,MED BOX,16033,MAIL,TAKE BACK RETURN,18.00,25028.82,0.10,1996-04-27,5-LOW,145806.51,Customer#000000094,HOUSEHOLD,5500.11,INDONESIA,ASIA,18,CHINA,2,"ckly special packages cajole slyly. unusual, unusual theodolites mold furiously. slyly sile"
490,yellow mint saddle dodger orchid,SMALL PLATED NICKEL,MED BOX,16033,MAIL,TAKE BACK RETURN,18.00,25028.82,0.10,1996-04-27,5-LOW,145806.51,Customer#000000094,HOUSEHOLD,5500.11,INDONESIA,ASIA,19,ROMANIA,3,"sly blithe requests. thinly bold deposits above the blithely regular accounts nag special, final requests. care"
490,yellow mint saddle dodger orchid,SMALL PLATED NICKEL,MED BOX,16033,MAIL,TAKE BACK RETURN,18.00,25028.82,0.10,1996-04-27,5-LOW,145806.51,Customer#000000094,HOUSEHOLD,5500.11,INDONESIA,ASIA,20,SAUDI ARABIA,4,se slyly across the blithely regular deposits. deposits use carefully regular 
490,yellow mint saddle dodger orchid,SMALL PLATED NICKEL,MED BOX,16033,MAIL,TAKE BACK RETURN,18.00,25028.82,0.10,1996-04-27,5-LOW,145806.51,Customer#000000094,HOUSEHOLD,5500.11,INDONESIA,ASIA,21,VIETNAM,2,lly across the quickly even pinto beans. caref
490,yellow mint saddle dodger orchid,SMALL PLATED NICKEL,MED BOX,16033,MAIL,TAKE BACK RETURN,18.00,25028.82,0.10,1996-04-27,5-LOW,145806.51,Customer#000000094,HOUSEHOLD,5500.11,INDONESIA,ASIA,22,RUSSIA,3,uctions. furiously unusual instructions sleep furiously ironic packages. slyly 
490,yellow mint saddle dodger orchid,SMALL PLATED NICKEL,MED BOX,16033,MAIL,TAKE BACK RETURN,18.00,25028.82,0.10,1996-04-27,5-LOW,145806.51,Customer#000000094,HOUSEHOLD,5500.11,INDONESIA,ASIA,23,UNITED KINGDOM,3,"carefully pending courts sleep above the ironic, regular theo"
490,yellow mint saddle dodger orchid,SMALL PLATED NICKEL,MED BOX,16033,MAIL,TAKE BACK RETURN,18.00,25028.82,0.10,1996-04-27,5-LOW,145806.51,Customer#000000094,HOUSEHOLD,5500.11,INDONESIA,ASIA,24,UNITED STATES,1,ly ironic requests along the slyly bold ideas hang after the blithely special notornis; blithely even accounts
507,red misty salmon ivory khaki,SMALL ANODIZED BRASS,SM CASE,29152,TRUCK,TAKE BACK RETURN,24.00,33780.00,0.06,1995-07-24,5-LOW,201223.31,Customer#000000346,FURNITURE,238.14,BRAZIL,AMERICA,0,ALGERIA,0,furiously regular requests. platelets affix furious
507,red misty salmon ivory khaki,SMALL ANODIZED BRASS,SM CASE,29152,TRUCK,TAKE BACK RETURN,24.00,33780.00,0.06,1995-07-24,5-LOW,201223.31,Customer#000000346,FURNITURE,238.14,BRAZIL,AMERICA,1,ARGENTINA,1,"instructions wake quickly. final deposits haggle. final, silent theodolites "
507,red misty salmon ivory khaki,SMALL ANODIZED BRASS,SM CASE,29152,TRUCK,TAKE BACK RETURN,24.00,33780.00,0.06,1995-07-24,5-LOW,201223.31,Customer#000000346,FURNITURE,238.14,BRAZIL,AMERICA,2,BRAZIL,1,asymptotes use fluffily quickly bold instructions. slyly bold dependencies sleep carefully pending accounts
507,red misty salmon ivory khaki,SMALL ANODIZED BRASS,SM CASE,29152,TRUCK,TAKE BACK RETURN,24.00,33780.00,0.06,1995-07-24,5-LOW,201223.31,Customer#000000346,FURNITURE,238.14,BRAZIL,AMERICA,3,CANADA,1,ss deposits wake across the pending foxes. packages after the carefully bold requests integrate caref
507,red misty salmon ivory khaki,SMALL ANODIZED BRASS,SM CASE,29152,TRUCK,TAKE BACK RETURN,24.00,33780.00,0.06,1995-07-24,5-LOW,201223.31,Customer#000000346,FURNITURE,238.14,BRAZIL,AMERICA,4,EGYPT,4,"usly ironic, pending foxes. even, special instructions nag. sly, final foxes detect slyly fluffily "
507,red misty salmon ivory khaki,SMALL ANODIZED BRASS,SM CASE,29152,TRUCK,TAKE BACK RETURN,24.00,33780.00,0.06,1995-07-24,5-LOW,201223.31,Customer#000000346,FURNITURE,238.14,BRAZIL,AMERICA,5,ETHIOPIA,0,regular requests sleep carefull
507,red misty salmon ivory khaki,SMALL ANODIZED BRASS,SM CASE,29152,TRUCK,TAKE BACK RETURN,24.00,33780.00,0.06,1995-07-24,5-LOW,201223.31,Customer#000000346,FURNITURE,238.14,BRAZIL,AMERICA,6,FRANCE,3,oggedly. regular packages solve across
507,red misty salmon ivory khaki,SMALL ANODIZED BRASS,SM CASE,29152,TRUCK,TAKE BACK RETURN,24.00,33780.00,0.06,1995-07-24,5-LOW,201223.31,Customer#000000346,FURNITURE,238.14,BRAZIL,AMERICA,7,GERMANY,3,ong the regular requests: blithely silent pinto beans hagg
507,red misty salmon ivory khaki,SMALL ANODIZED BRASS,SM CASE,29152,TRUCK,TAKE BACK RETURN,24.00,33780.00,0.06,1995-07-24,5-LOW,201223.31,Customer#000000346,FURNITURE,238.14,BRAZIL,AMERICA,8,INDIA,2,uriously unusual deposits about the slyly final pinto beans could
507,red misty salmon ivory khaki,SMALL ANODIZED BRASS,SM CASE,29152,TRUCK,TAKE BACK RETURN,24.00,33780.00,0.06,1995-07-24,5-LOW,201223.31,Customer#000000346,FURNITURE,238.14,BRAZIL,AMERICA,9,INDONESIA,2,"d deposits sleep quickly according to the dogged, regular dolphins. special excuses haggle furiously special reque"
507,red misty salmon ivory khaki,SMALL ANODIZED BRASS,SM CASE,29152,TRUCK,TAKE BACK RETURN,24.00,33780.00,0.06,1995-07-24,5-LOW,201223.31,Customer#000000346,FURNITURE,238.14,BRAZIL,AMERICA,10,IRAN,4,furiously idle platelets nag. express asymptotes s
507,red misty salmon ivory khaki,SMALL ANODIZED BRASS,SM CASE,29152,TRUCK,TAKE BACK RETURN,24.00,33780.00,0.06,1995-07-24,5-LOW,201223.31,Customer#000000346,FURNITURE,238.14,BRAZIL,AMERICA,11,IRAQ,4,pendencies; slyly express foxes integrate carefully across the reg
507,red misty salmon ivory khaki,SMALL ANODIZED BRASS,SM CASE,29152,TRUCK,TAKE BACK RETURN,24.00,33780.00,0.06,1995-07-24,5-LOW,201223.31,Customer#000000346,FURNITURE,238.14,BRAZIL,AMERICA,12,JAPAN,2, quickly final packages. furiously i
507,red misty salmon ivory khaki,SMALL ANODIZED BRASS,SM CASE,29152,TRUCK,TAKE BACK RETURN,24.00,33780.00,0.06,1995-07-24,5-LOW,201223.31,Customer#000000346,FURNITURE,238.14,BRAZIL,AMERICA,13,JORDAN,4,the slyly regular ideas. silent Tiresias affix slyly fu
507,red misty salmon ivory khaki,SMALL ANODIZED BRASS,SM CASE,29152,TRUCK,TAKE BACK RETURN,24.00,33780.00,0.06,1995-07-24,5-LOW,201223.31,Customer#000000346,FURNITURE,238.14,BRAZIL,AMERICA,14,KENYA,0,lyly special foxes. slyly regular deposits sleep carefully. carefully permanent accounts slee
507,red misty salmon ivory khaki,SMALL ANODIZED BRASS,SM CASE,29152,TRUCK,TAKE BACK RETURN,24.00,33780.00,0.06,1995-07-24,5-LOW,201223.31,Customer#000000346,FURNITURE,238.14,BRAZIL,AMERICA,15,MOROCCO,0,ct blithely: blithely express accounts nag carefully. silent packages haggle carefully abo
507,red misty salmon ivory khaki,SMALL ANODIZED BRASS,SM CASE,29152,TRUCK,TAKE BACK RETURN,24.00,33780.00,0.06,1995-07-24,5-LOW,201223.31,Customer#000000346,FURNITURE,238.14,BRAZIL,AMERICA,16,MOZAMBIQUE,0, beans after the carefully regular accounts r
507,red misty salmon ivory khaki,SMALL ANODIZED BRASS,SM CASE,29152,TRUCK,TAKE BACK RETURN,24.00,33780.00,0.06,1995-07-24,5-LOW,201223.31,Customer#000000346,FURNITURE,238.14,BRAZIL,AMERICA,17,PERU,1,ly final foxes. blithely ironic accounts haggle. regular foxes about the regular deposits are furiously ir
507,red misty salmon ivory khaki,SMALL ANODIZED BRASS,SM CASE,29152,TRUCK,TAKE BACK RETURN,24.00,33780.00,0.06,1995-07-24,5-LOW,201223.31,Customer#000000346,FURNITURE,238.14,BRAZIL,AMERICA,18,CHINA,2,"ckly special packages cajole slyly. unusual, unusual theodolites mold furiously. slyly sile"
507,red misty salmon ivory khaki,SMALL ANODIZED BRASS,SM CASE,29152,TRUCK,TAKE BACK RETURN,24.00,33780.00,0.06,1995-07-24,5-LOW,201223.31,Customer#000000346,FURNITURE,238.14,BRAZIL,AMERICA,19,ROMANIA,3,"sly blithe requests. thinly bold deposits above the blithely regular accounts nag special, final requests. care"
507,red misty salmon ivory khaki,SMALL ANODIZED BRASS,SM CASE,29152,TRUCK,TAKE BACK RETURN,24.00,33780.00,0.06,1995-07-24,5-LOW,201223.31,Customer#000000346,FURNITURE,238.14,BRAZIL,AMERICA,20,SAUDI ARABIA,4,se slyly across the blithely regular deposits. deposits use carefully regular 
507,red misty salmon ivory khaki,SMALL ANODIZED BRASS,SM CASE,29152,TRUCK,TAKE BACK RETURN,24.00,33780.00,0.06,1995-07-24,5-LOW,201223.31,Customer#000000346,FURNITURE,238.14,BRAZIL,AMERICA,21,VIETNAM,2,lly across the quickly even pinto beans. caref
507,red misty salmon ivory khaki,SMALL ANODIZED BRASS,SM CASE,29152,TRUCK,TAKE BACK RETURN,24.00,33780.00,0.06,1995-07-24,5-LOW,201223.31,Customer#000000346,FURNITURE,238.14,BRAZIL,AMERICA,22,RUSSIA,3,uctions. furiously unusual instructions sleep furiously ironic packages. slyly 
507,red misty salmon ivory khaki,SMALL ANODIZED BRASS,SM CASE,29152,TRUCK,TAKE BACK RETURN,24.00,33780.00,0.06,1995-07-24,5-LOW,201223.31,Customer#000000346,FURNITURE,238.14,BRAZIL,AMERICA,23,UNITED KINGDOM,3,"carefully pending courts sleep above the ironic, regular theo"
507,red misty salmon ivory khaki,SMALL ANODIZED BRASS,SM CASE,29152,TRUCK,TAKE BACK RETURN,24.00,33780.00,0.06,1995-07-24,5-LOW,201223.31,Customer#000000346,FURNITURE,238.14,BRAZIL,AMERICA,24,UNITED STATES,1,ly ironic requests along the slyly bold ideas hang after the blithely special notornis; blithely even accounts
558,blanched seashell navy black dim,STANDARD PLATED BRASS,MED BOX,23142,TRUCK,DELIVER IN PERSON,24.00,35005.20,0.06,1996-05-27,3-MEDIUM,142727.51,Customer#000000011,BUILDING,-272.60,UNITED KINGDOM,EUROPE,0,ALGERIA,0,furiously regular requests. platelets affix furious
558,blanched seashell navy black dim,STANDARD PLATED BRASS,MED BOX,23142,TRUCK,DELIVER IN PERSON,24.00,35005.20,0.06,1996-05-27,3-MEDIUM,142727.51,Customer#000000011,BUILDING,-272.60,UNITED KINGDOM,EUROPE,1,ARGENTINA,1,"instructions wake quickly. final deposits haggle. final, silent theodolites "
558,blanched seashell navy black dim,STANDARD PLATED BRASS,MED BOX,23142,TRUCK,DELIVER IN PERSON,24.00,35005.20,0.06,1996-05-27,3-MEDIUM,142727.51,Customer#000000011,BUILDING,-272.60,UNITED KINGDOM,EUROPE,2,BRAZIL,1,asymptotes use fluffily quickly bold instructions. slyly bold dependencies sleep carefully pending accounts
558,blanched seashell navy black dim,STANDARD PLATED BRASS,MED BOX,23142,TRUCK,DELIVER IN PERSON,24.00,35005.20,0.06,1996-05-27,3-MEDIUM,142727.51,Customer#000000011,BUILDING,-272.60,UNITED KINGDOM,EUROPE,3,CANADA,1,ss deposits wake across the pending foxes. packages after the carefully bold requests integrate caref
558,blanched seashell navy black dim,STANDARD PLATED BRASS,MED BOX,23142,TRUCK,DELIVER IN PERSON,24.00,35005.20,0.06,1996-05-27,3-MEDIUM,142727.51,Customer#000000011,BUILDING,-272.60,UNITED KINGDOM,EUROPE,4,EGYPT,4,"usly ironic, pending foxes. even, special instructions nag. sly, final foxes detect slyly fluffily "
558,blanched seashell navy black dim,STANDARD PLATED BRASS,MED BOX,23142,TRUCK,DELIVER IN PERSON,24.00,35005.20,0.06,1996-05-27,3-MEDIUM,142727.51,Customer#000000011,BUILDING,-272.60,UNITED KINGDOM,EUROPE,5,ETHIOPIA,0,regular requests sleep carefull
558,blanched seashell navy black dim,STANDARD PLATED BRASS,MED BOX,23142,TRUCK,DELIVER IN PERSON,24.00,35005.20,0.06,1996-05-27,3-MEDIUM,142727.51,Customer#000000011,BUILDING,-272.60,UNITED KINGDOM,EUROPE,6,FRANCE,3,oggedly. regular packages solve across
558,blanched seashell navy black dim,STANDARD PLATED BRASS,MED BOX,23142,TRUCK,DELIVER IN PERSON,24.00,35005.20,0.06,1996-05-27,3-MEDIUM,142727.51,Customer#000000011,BUILDING,-272.60,UNITED KINGDOM,EUROPE,7,GERMANY,3,ong the regular requests: blithely silent pinto beans hagg
558,blanched seashell navy black dim,STANDARD PLATED BRASS,MED BOX,23142,TRUCK,DELIVER IN PERSON,24.00,35005.20,0.06,1996-05-27,3-MEDIUM,142727.51,Customer#000000011,BUILDING,-272.60,UNITED KINGDOM,EUROPE,8,INDIA,2,uriously unusual deposits about the slyly final pinto beans could
558,blanched seashell navy black dim,STANDARD PLATED BRASS,MED BOX,23142,TRUCK,DELIVER IN PERSON,24.00,35005.20,0.06,1996-05-27,3-MEDIUM,142727.51,Customer#000000011,BUILDING,-272.60,UNITED KINGDOM,EUROPE,9,INDONESIA,2,"d deposits sleep quickly according to the dogged, regular dolphins. special excuses haggle furiously special reque"
558,blanched seashell navy black dim,STANDARD PLATED BRASS,MED BOX,23142,TRUCK,DELIVER IN PERSON,24.00,35005.20,0.06,1996-05-27,3-MEDIUM,142727.51,Customer#000000011,BUILDING,-272.60,UNITED KINGDOM,EUROPE,10,IRAN,4,furiously idle platelets nag. express asymptotes s
558,blanched seashell navy black dim,STANDARD PLATED BRASS,MED BOX,23142,TRUCK,DELIVER IN PERSON,24.00,35005.20,0.06,1996-05-27,3-MEDIUM,142727.51,Customer#000000011,BUILDING,-272.60,UNITED KINGDOM,EUROPE,11,IRAQ,4,pendencies; slyly express foxes integrate carefully across the reg
558,blanched seashell navy black dim,STANDARD PLATED BRASS,MED BOX,23142,TRUCK,DELIVER IN PERSON,24.00,35005.20,0.06,1996-05-27,3-MEDIUM,142727.51,Customer#000000011,BUILDING,-272.60,UNITED KINGDOM,EUROPE,12,JAPAN,2, quickly final packages. furiously i
558,blanched seashell navy black dim,STANDARD PLATED BRASS,MED BOX,23142,TRUCK,DELIVER IN PERSON,24.00,35005.20,0.06,1996-05-27,3-MEDIUM,142727.51,Customer#000000011,BUILDING,-272.60,UNITED KINGDOM,EUROPE,13,JORDAN,4,the slyly regular ideas. silent Tiresias affix slyly fu
558,blanched seashell navy black dim,STANDARD PLATED BRASS,MED BOX,23142,TRUCK,DELIVER IN PERSON,24.00,35005.20,0.06,1996-05-27,3-MEDIUM,142727.51,Customer#000000011,BUILDING,-272.60,UNITED KINGDOM,EUROPE,14,KENYA,0,lyly special foxes. slyly regular deposits sleep carefully. carefully permanent accounts slee
558,blanched seashell navy black dim,STANDARD PLATED BRASS,MED BOX,23142,TRUCK,DELIVER IN PERSON,24.00,35005.20,0.06,1996-05-27,3-MEDIUM,142727.51,Customer#000000011,BUILDING,-272.60,UNITED KINGDOM,EUROPE,15,MOROCCO,0,ct blithely: blithely express accounts nag carefully. silent packages haggle carefully abo
558,blanched seashell navy black dim,STANDARD PLATED BRASS,MED BOX,23142,TRUCK,DELIVER IN PERSON,24.00,35005.20,0.06,1996-05-27,3-MEDIUM,142727.51,Customer#000000011,BUILDING,-272.60,UNITED KINGDOM,EUROPE,16,MOZAMBIQUE,0, beans after the carefully regular accounts r
558,blanched seashell navy black dim,STANDARD PLATED BRASS,MED BOX,23142,TRUCK,DELIVER IN PERSON,24.00,35005.20,0.06,1996-05-27,3-MEDIUM,142727.51,Customer#000000011,BUILDING,-272.60,UNITED KINGDOM,EUROPE,17,PERU,1,ly final foxes. blithely ironic accounts haggle. regular foxes about the regular deposits are furiously ir
558,blanched seashell navy black dim,STANDARD PLATED BRASS,MED BOX,23142,TRUCK,DELIVER IN PERSON,24.00,35005.20,0.06,1996-05-27,3-MEDIUM,142727.51,Customer#000000011,BUILDING,-272.60,UNITED KINGDOM,EUROPE,18,CHINA,2,"ckly special packages cajole slyly. unusual, unusual theodolites mold furiously. slyly sile"
558,blanched seashell navy black dim,STANDARD PLATED BRASS,MED BOX,23142,TRUCK,DELIVER IN PERSON,24.00,35005.20,0.06,1996-05-27,3-MEDIUM,142727.51,Customer#000000011,BUILDING,-272.60,UNITED KINGDOM,EUROPE,19,ROMANIA,3,"sly blithe requests. thinly bold deposits above the blithely regular accounts nag special, final requests. care"
558,blanched seashell navy black dim,STANDARD PLATED BRASS,MED BOX,23142,TRUCK,DELIVER IN PERSON,24.00,35005.20,0.06,1996-05-27,3-MEDIUM,142727.51,Customer#000000011,BUILDING,-272.60,UNITED KINGDOM,EUROPE,20,SAUDI ARABIA,4,se slyly across the blithely regular deposits. deposits use carefully regular 
558,blanched seashell navy black dim,STANDARD PLATED BRASS,MED BOX,23142,TRUCK,DELIVER IN PERSON,24.00,35005.20,0.06,1996-05-27,3-MEDIUM,142727.51,Customer#000000011,BUILDING,-272.60,UNITED KINGDOM,EUROPE,21,VIETNAM,2,lly across the quickly even pinto beans. caref
558,blanched seashell navy black dim,STANDARD PLATED BRASS,MED BOX,23142,TRUCK,DELIVER IN PERSON,24.00,35005.20,0.06,1996-05-27,3-MEDIUM,142727.51,Customer#000000011,BUILDING,-272.60,UNITED KINGDOM,EUROPE,22,RUSSIA,3,uctions. furiously unusual instructions sleep furiously ironic packages. slyly 
558,blanched seashell navy black dim,STANDARD PLATED BRASS,MED BOX,23142,TRUCK,DELIVER IN PERSON,24.00,35005.20,0.06,1996-05-27,3-MEDIUM,142727.51,Customer#000000011,BUILDING,-272.60,UNITED KINGDOM,EUROPE,23,UNITED KINGDOM,3,"carefully pending courts sleep above the ironic, regular theo"
558,blanched seashell navy black dim,STANDARD PLATED BRASS,MED BOX,23142,TRUCK,DELIVER IN PERSON,24.00,35005.20,0.06,1996-05-27,3-MEDIUM,142727.51,Customer#000000011,BUILDING,-272.60,UNITED KINGDOM,EUROPE,24,UNITED STATES,1,ly ironic requests along the slyly bold ideas hang after the blithely special notornis; blithely even accounts
568,purple burlywood pale cornsilk chartreuse,PROMO POLISHED STEEL,SM BOX,5281,MAIL,DELIVER IN PERSON,37.00,54336.72,0.05,1995-11-02,2-HIGH,246033.00,Customer#000000620,AUTOMOBILE,5795.15,INDIA,ASIA,0,ALGERIA,0,furiously regular requests. platelets affix furious
568,purple burlywood pale cornsilk chartreuse,PROMO POLISHED STEEL,SM BOX,5281,MAIL,DELIVER IN PERSON,37.00,54336.72,0.05,1995-11-02,2-HIGH,246033.00,Customer#000000620,AUTOMOBILE,5795.15,INDIA,ASIA,1,ARGENTINA,1,"instructions wake quickly. final deposits haggle. final, silent theodolites "
568,purple burlywood pale cornsilk chartreuse,PROMO POLISHED STEEL,SM BOX,5281,MAIL,DELIVER IN PERSON,37.00,54336.72,0.05,1995-11-02,2-HIGH,246033.00,Customer#000000620,AUTOMOBILE,5795.15,INDIA,ASIA,2,BRAZIL,1,asymptotes use fluffily quickly bold instructions. slyly bold dependencies sleep carefully pending accounts
568,purple burlywood pale cornsilk chartreuse,PROMO POLISHED STEEL,SM BOX,5281,MAIL,DELIVER IN PERSON,37.00,54336.72,0.05,1995-11-02,2-HIGH,246033.00,Customer#000000620,AUTOMOBILE,5795.15,INDIA,ASIA,3,CANADA,1,ss deposits wake across the pending foxes. packages after the carefully bold requests integrate caref
568,purple burlywood pale cornsilk chartreuse,PROMO POLISHED STEEL,SM BOX,5281,MAIL,DELIVER IN PERSON,37.00,54336.72,0.05,1995-11-02,2-HIGH,246033.00,Customer#000000620,AUTOMOBILE,5795.15,INDIA,ASIA,4,EGYPT,4,"usly ironic, pending foxes. even, special instructions nag. sly, final foxes detect slyly fluffily "
568,purple burlywood pale cornsilk chartreuse,PROMO POLISHED STEEL,SM BOX,5281,MAIL,DELIVER IN PERSON,37.00,54336.72,0.05,1995-11-02,2-HIGH,246033.00,Customer#000000620,AUTOMOBILE,5795.15,INDIA,ASIA,5,ETHIOPIA,0,regular requests sleep carefull
568,purple burlywood pale cornsilk chartreuse,PROMO POLISHED STEEL,SM BOX,5281,MAIL,DELIVER IN PERSON,37.00,54336.72,0.05,1995-11-02,2-HIGH,246033.00,Customer#000000620,AUTOMOBILE,5795.15,INDIA,ASIA,6,FRANCE,3,oggedly. regular packages solve across
568,purple burlywood pale cornsilk chartreuse,PROMO POLISHED STEEL,SM BOX,5281,MAIL,DELIVER IN PERSON,37.00,54336.72,0.05,1995-11-02,2-HIGH,246033.00,Customer#000000620,AUTOMOBILE,5795.15,INDIA,ASIA,7,GERMANY,3,ong the regular requests: blithely silent pinto beans hagg
568,purple burlywood pale cornsilk chartreuse,PROMO POLISHED STEEL,SM BOX,5281,MAIL,DELIVER IN PERSON,37.00,54336.72,0.05,1995-11-02,2-HIGH,246033.00,Customer#000000620,AUTOMOBILE,5795.15,INDIA,ASIA,8,INDIA,2,uriously unusual deposits about the slyly final pinto beans could
568,purple burlywood pale cornsilk chartreuse,PROMO POLISHED STEEL,SM BOX,5281,MAIL,DELIVER IN PERSON,37.00,54336.72,0.05,1995-11-02,2-HIGH,246033.00,Customer#000000620,AUTOMOBILE,5795.15,INDIA,ASIA,9,INDONESIA,2,"d deposits sleep quickly according to the dogged, regular dolphins. special excuses haggle furiously special reque"
568,purple burlywood pale cornsilk chartreuse,PROMO POLISHED STEEL,SM BOX,5281,MAIL,DELIVER IN PERSON,37.00,54336.72,0.05,1995-11-02,2-HIGH,246033.00,Customer#000000620,AUTOMOBILE,5795.15,INDIA,ASIA,10,IRAN,4,furiously idle platelets nag. express asymptotes s
568,purple burlywood pale cornsilk chartreuse,PROMO POLISHED STEEL,SM BOX,5281,MAIL,DELIVER IN PERSON,37.00,54336.72,0.05,1995-11-02,2-HIGH,246033.00,Customer#000000620,AUTOMOBILE,5795.15,INDIA,ASIA,11,IRAQ,4,pendencies; slyly express foxes integrate carefully across the reg
568,purple burlywood pale cornsilk chartreuse,PROMO POLISHED STEEL,SM BOX,5281,MAIL,DELIVER IN PERSON,37.00,54336.72,0.05,1995-11-02,2-HIGH,246033.00,Customer#000000620,AUTOMOBILE,5795.15,INDIA,ASIA,12,JAPAN,2, quickly final packages. furiously i
568,purple burlywood pale cornsilk chartreuse,PROMO POLISHED STEEL,SM BOX,5281,MAIL,DELIVER IN PERSON,37.00,54336.72,0.05,1995-11-02,2-HIGH,246033.00,Customer#000000620,AUTOMOBILE,5795.15,INDIA,ASIA,13,JORDAN,4,the slyly regular ideas. silent Tiresias affix slyly fu
568,purple burlywood pale cornsilk chartreuse,PROMO POLISHED STEEL,SM BOX,5281,MAIL,DELIVER IN PERSON,37.00,54336.72,0.05,1995-11-02,2-HIGH,246033.00,Customer#000000620,AUTOMOBILE,5795.15,INDIA,ASIA,14,KENYA,0,lyly special foxes. slyly regular deposits sleep carefully. carefully permanent accounts slee
568,purple burlywood pale cornsilk chartreuse,PROMO POLISHED STEEL,SM BOX,5281,MAIL,DELIVER IN PERSON,37.00,54336.72,0.05,1995-11-02,2-HIGH,246033.00,Customer#000000620,AUTOMOBILE,5795.15,INDIA,ASIA,15,MOROCCO,0,ct blithely: blithely express accounts nag carefully. silent packages haggle carefully abo
568,purple burlywood pale cornsilk chartreuse,PROMO POLISHED STEEL,SM BOX,5281,MAIL,DELIVER IN PERSON,37.00,54336.72,0.05,1995-11-02,2-HIGH,246033.00,Customer#000000620,AUTOMOBILE,5795.15,INDIA,ASIA,16,MOZAMBIQUE,0, beans after the carefully regular accounts r
568,purple burlywood pale cornsilk chartreuse,PROMO POLISHED STEEL,SM BOX,5281,MAIL,DELIVER IN PERSON,37.00,54336.72,0.05,1995-11-02,2-HIGH,246033.00,Customer#000000620,AUTOMOBILE,5795.15,INDIA,ASIA,17,PERU,1,ly final foxes. blithely ironic accounts haggle. regular foxes about the regular deposits are furiously ir
568,purple burlywood pale cornsilk chartreuse,PROMO POLISHED STEEL,SM BOX,5281,MAIL,DELIVER IN PERSON,37.00,54336.72,0.05,1995-11-02,2-HIGH,246033.00,Customer#000000620,AUTOMOBILE,5795.15,INDIA,ASIA,18,CHINA,2,"ckly special packages cajole slyly. unusual, unusual theodolites mold furiously. slyly sile"
568,purple burlywood pale cornsilk chartreuse,PROMO POLISHED STEEL,SM BOX,5281,MAIL,DELIVER IN PERSON,37.00,54336.72,0.05,1995-11-02,2-HIGH,246033.00,Customer#000000620,AUTOMOBILE,5795.15,INDIA,ASIA,19,ROMANIA,3,"sly blithe requests. thinly bold deposits above the blithely regular accounts nag special, final requests. care"
568,purple burlywood pale cornsilk chartreuse,PROMO POLISHED STEEL,SM BOX,5281,MAIL,DELIVER IN PERSON,37.00,54336.72,0.05,1995-11-02,2-HIGH,246033.00,Customer#000000620,AUTOMOBILE,5795.15,INDIA,ASIA,20,SAUDI ARABIA,4,se slyly across the blithely regular deposits. deposits use carefully regular 
568,purple burlywood pale cornsilk chartreuse,PROMO POLISHED STEEL,SM BOX,5281,MAIL,DELIVER IN PERSON,37.00,54336.72,0.05,1995-11-02,2-HIGH,246033.00,Customer#000000620,AUTOMOBILE,5795.15,INDIA,ASIA,21,VIETNAM,2,lly across the quickly even pinto beans. caref
568,purple burlywood pale cornsilk chartreuse,PROMO POLISHED STEEL,SM BOX,5281,MAIL,DELIVER IN PERSON,37.00,54336.72,0.05,1995-11-02,2-HIGH,246033.00,Customer#000000620,AUTOMOBILE,5795.15,INDIA,ASIA,22,RUSSIA,3,uctions. furiously unusual instructions sleep furiously ironic packages. slyly 
568,purple burlywood pale cornsilk chartreuse,PROMO POLISHED STEEL,SM BOX,5281,MAIL,DELIVER IN PERSON,37.00,54336.72,0.05,1995-11-02,2-HIGH,246033.00,Customer#000000620,AUTOMOBILE,5795.15,INDIA,ASIA,23,UNITED KINGDOM,3,"carefully pending courts sleep above the ironic, regular theo"
568,purple burlywood pale cornsilk chartreuse,PROMO POLISHED STEEL,SM BOX,5281,MAIL,DELIVER IN PERSON,37.00,54336.72,0.05,1995-11-02,2-HIGH,246033.00,Customer#000000620,AUTOMOBILE,5795.15,INDIA,ASIA,24,UNITED STATES,1,ly ironic requests along the slyly bold ideas hang after the blithely special notornis; blithely even accounts
568,purple burlywood pale cornsilk chartreuse,PROMO POLISHED STEEL,SM BOX,11174,REG AIR,TAKE BACK RETURN,22.00,32308.32,0.01,1994-04-10,3-MEDIUM,144906.22,Customer#000000658,HOUSEHOLD,4716.68,ARGENTINA,AMERICA,0,ALGERIA,0,furiously regular requests. platelets affix furious
568,purple burlywood pale cornsilk chartreuse,PROMO POLISHED STEEL,SM BOX,11174,REG AIR,TAKE BACK RETURN,22.00,32308.32,0.01,1994-04-10,3-MEDIUM,144906.22,Customer#000000658,HOUSEHOLD,4716.68,ARGENTINA,AMERICA,1,ARGENTINA,1,"instructions wake quickly. final deposits haggle. final, silent theodolites "
568,purple burlywood pale cornsilk chartreuse,PROMO POLISHED STEEL,SM BOX,11174,REG AIR,TAKE BACK RETURN,22.00,32308.32,0.01,1994-04-10,3-MEDIUM,144906.22,Customer#000000658,HOUSEHOLD,4716.68,ARGENTINA,AMERICA,2,BRAZIL,1,asymptotes use fluffily quickly bold instructions. slyly bold dependencies sleep carefully pending accounts
568,purple burlywood pale cornsilk chartreuse,PROMO POLISHED STEEL,SM BOX,11174,REG AIR,TAKE BACK RETURN,22.00,32308.32,0.01,1994-04-10,3-MEDIUM,144906.22,Customer#000000658,HOUSEHOLD,4716.68,ARGENTINA,AMERICA,3,CANADA,1,ss deposits wake across the pending foxes. packages after the carefully bold requests integrate caref
568,purple burlywood pale cornsilk chartreuse,PROMO POLISHED STEEL,SM BOX,11174,REG AIR,TAKE BACK RETURN,22.00,32308.32,0.01,1994-04-10,3-MEDIUM,144906.22,Customer#000000658,HOUSEHOLD,4716.68,ARGENTINA,AMERICA,4,EGYPT,4,"usly ironic, pending foxes. even, special instructions nag. sly, final foxes detect slyly fluffily "
568,purple burlywood pale cornsilk chartreuse,PROMO POLISHED STEEL,SM BOX,11174,REG AIR,TAKE BACK RETURN,22.00,32308.32,0.01,1994-04-10,3-MEDIUM,144906.22,Customer#000000658,HOUSEHOLD,4716.68,ARGENTINA,AMERICA,5,ETHIOPIA,0,regular requests sleep carefull
568,purple burlywood pale cornsilk chartreuse,PROMO POLISHED STEEL,SM BOX,11174,REG AIR,TAKE BACK RETURN,22.00,32308.32,0.01,1994-04-10,3-MEDIUM,144906.22,Customer#000000658,HOUSEHOLD,4716.68,ARGENTINA,AMERICA,6,FRANCE,3,oggedly. regular packages solve across
568,purple burlywood pale cornsilk chartreuse,PROMO POLISHED STEEL,SM BOX,11174,REG AIR,TAKE BACK RETURN,22.00,32308.32,0.01,1994-04-10,3-MEDIUM,144906.22,Customer#000000658,HOUSEHOLD,4716.68,ARGENTINA,AMERICA,7,GERMANY,3,ong the regular requests: blithely silent pinto beans hagg
568,purple burlywood pale cornsilk chartreuse,PROMO POLISHED STEEL,SM BOX,11174,REG AIR,TAKE BACK RETURN,22.00,32308.32,0.01,1994-04-10,3-MEDIUM,144906.22,Customer#000000658,HOUSEHOLD,4716.68,ARGENTINA,AMERICA,8,INDIA,2,uriously unusual deposits about the slyly final pinto beans could
568,purple burlywood pale cornsilk chartreuse,PROMO POLISHED STEEL,SM BOX,11174,REG AIR,TAKE BACK RETURN,22.00,32308.32,0.01,1994-04-10,3-MEDIUM,144906.22,Customer#000000658,HOUSEHOLD,4716.68,ARGENTINA,AMERICA,9,INDONESIA,2,"d deposits sleep quickly according to the dogged, regular dolphins. special excuses haggle furiously special reque"
568,purple burlywood pale cornsilk chartreuse,PROMO POLISHED STEEL,SM BOX,11174,REG AIR,TAKE BACK RETURN,22.00,32308.32,0.01,1994-04-10,3-MEDIUM,144906.22,Customer#000000658,HOUSEHOLD,4716.68,ARGENTINA,AMERICA,10,IRAN,4,furiously idle platelets nag. express asymptotes s
568,purple burlywood pale cornsilk chartreuse,PROMO POLISHED STEEL,SM BOX,11174,REG AIR,TAKE BACK RETURN,22.00,32308.32,0.01,1994-04-10,3-MEDIUM,144906.22,Customer#000000658,HOUSEHOLD,4716.68,ARGENTINA,AMERICA,11,IRAQ,4,pendencies; slyly express foxes integrate carefully across the reg
568,purple burlywood pale cornsilk chartreuse,PROMO POLISHED STEEL,SM BOX,11174,REG AIR,TAKE BACK RETURN,22.00,32308.32,0.01,1994-04-10,3-MEDIUM,144906.22,Customer#000000658,HOUSEHOLD,4716.68,ARGENTINA,AMERICA,12,JAPAN,2, quickly final packages. furiously i
568,purple burlywood pale cornsilk chartreuse,PROMO POLISHED STEEL,SM BOX,11174,REG AIR,TAKE BACK RETURN,22.00,32308.32,0.01,1994-04-10,3-MEDIUM,144906.22,Customer#000000658,HOUSEHOLD,4716.68,ARGENTINA,AMERICA,13,JORDAN,4,the slyly regular ideas. silent Tiresias affix slyly fu
568,purple burlywood pale cornsilk chartreuse,PROMO POLISHED STEEL,SM BOX,11174,REG AIR,TAKE BACK RETURN,22.00,32308.32,0.01,1994-04-10,3-MEDIUM,144906.22,Customer#000000658,HOUSEHOLD,4716.68,ARGENTINA,AMERICA,14,KENYA,0,lyly special foxes. slyly regular deposits sleep carefully. carefully permanent accounts slee
568,purple burlywood pale cornsilk chartreuse,PROMO POLISHED STEEL,SM BOX,11174,REG AIR,TAKE BACK RETURN,22.00,32308.32,0.01,1994-04-10,3-MEDIUM,144906.22,Customer#000000658,HOUSEHOLD,4716.68,ARGENTINA,AMERICA,15,MOROCCO,0,ct blithely: blithely express accounts nag carefully. silent packages haggle carefully abo
568,purple burlywood pale cornsilk chartreuse,PROMO POLISHED STEEL,SM BOX,11174,REG AIR,TAKE BACK RETURN,22.00,32308.32,0.01,1994-04-10,3-MEDIUM,144906.22,Customer#000000658,HOUSEHOLD,4716.68,ARGENTINA,AMERICA,16,MOZAMBIQUE,0, beans after the carefully regular accounts r
568,purple burlywood pale cornsilk chartreuse,PROMO POLISHED STEEL,SM BOX,11174,REG AIR,TAKE BACK RETURN,22.00,32308.32,0.01,1994-04-10,3-MEDIUM,144906.22,Customer#000000658,HOUSEHOLD,4716.68,ARGENTINA,AMERICA,17,PERU,1,ly final foxes. blithely ironic accounts haggle. regular foxes about the regular deposits are furiously ir
568,purple burlywood pale cornsilk chartreuse,PROMO POLISHED STEEL,SM BOX,11174,REG AIR,TAKE BACK RETURN,22.00,32308.32,0.01,1994-04-10,3-MEDIUM,144906.22,Customer#000000658,HOUSEHOLD,4716.68,ARGENTINA,AMERICA,18,CHINA,2,"ckly special packages cajole slyly. unusual, unusual theodolites mold furiously. slyly sile"
568,purple burlywood pale cornsilk chartreuse,PROMO POLISHED STEEL,SM BOX,11174,REG AIR,TAKE BACK RETURN,22.00,32308.32,0.01,1994-04-10,3-MEDIUM,144906.22,Customer#000000658,HOUSEHOLD,4716.68,ARGENTINA,AMERICA,19,ROMANIA,3,"sly blithe requests. thinly bold deposits above the blithely regular accounts nag special, final requests. care"
568,purple burlywood pale cornsilk chartreuse,PROMO POLISHED STEEL,SM BOX,11174,REG AIR,TAKE BACK RETURN,22.00,32308.32,0.01,1994-04-10,3-MEDIUM,144906.22,Customer#000000658,HOUSEHOLD,4716.68,ARGENTINA,AMERICA,20,SAUDI ARABIA,4,se slyly across the blithely regular deposits. deposits use carefully regular 
568,purple burlywood pale cornsilk chartreuse,PROMO POLISHED STEEL,SM BOX,11174,REG AIR,TAKE BACK RETURN,22.00,32308.32,0.01,1994-04-10,3-MEDIUM,144906.22,Customer#000000658,HOUSEHOLD,4716.68,ARGENTINA,AMERICA,21,VIETNAM,2,lly across the quickly even pinto beans. caref
568,purple burlywood pale cornsilk chartreuse,PROMO POLISHED STEEL,SM BOX,11174,REG AIR,TAKE BACK RETURN,22.00,32308.32,0.01,1994-04-10,3-MEDIUM,144906.22,Customer#000000658,HOUSEHOLD,4716.68,ARGENTINA,AMERICA,22,RUSSIA,3,uctions. furiously unusual instructions sleep furiously ironic packages. slyly 
568,purple burlywood pale cornsilk chartreuse,PROMO POLISHED STEEL,SM BOX,11174,REG AIR,TAKE BACK RETURN,22.00,32308.32,0.01,1994-04-10,3-MEDIUM,144906.22,Customer#000000658,HOUSEHOLD,4716.68,ARGENTINA,AMERICA,23,UNITED KINGDOM,3,"carefully pending courts sleep above the ironic, regular theo"
568,purple burlywood pale cornsilk chartreuse,PROMO POLISHED STEEL,SM BOX,11174,REG AIR,TAKE BACK RETURN,22.00,32308.32,0.01,1994-04-10,3-MEDIUM,144906.22,Customer#000000658,HOUSEHOLD,4716.68,ARGENTINA,AMERICA,24,UNITED STATES,1,ly ironic requests along the slyly bold ideas hang after the blithely special notornis; blithely even accounts
568,purple burlywood pale cornsilk chartreuse,PROMO POLISHED STEEL,SM BOX,14592,AIR,TAKE BACK RETURN,36.00,52868.16,0.08,1995-07-06,3-MEDIUM,102639.27,Customer#000000463,HOUSEHOLD,-654.50,INDIA,ASIA,0,ALGERIA,0,furiously regular requests. platelets affix furious
568,purple burlywood pale cornsilk chartreuse,PROMO POLISHED STEEL,SM BOX,14592,AIR,TAKE BACK RETURN,36.00,52868.16,0.08,1995-07-06,3-MEDIUM,102639.27,Customer#000000463,HOUSEHOLD,-654.50,INDIA,ASIA,1,ARGENTINA,1,"instructions wake quickly. final deposits haggle. final, silent theodolites "
568,purple burlywood pale cornsilk chartreuse,PROMO POLISHED STEEL,SM BOX,14592,AIR,TAKE BACK RETURN,36.00,52868.16,0.08,1995-07-06,3-MEDIUM,102639.27,Customer#000000463,HOUSEHOLD,-654.50,INDIA,ASIA,2,BRAZIL,1,asymptotes use fluffily quickly bold instructions. slyly bold dependencies sleep carefully pending accounts
568,purple burlywood pale cornsilk chartreuse,PROMO POLISHED STEEL,SM BOX,14592,AIR,TAKE BACK RETURN,36.00,52868.16,0.08,1995-07-06,3-MEDIUM,102639.27,Customer#000000463,HOUSEHOLD,-654.50,INDIA,ASIA,3,CANADA,1,ss deposits wake across the pending foxes. packages after the carefully bold requests integrate caref
568,purple burlywood pale cornsilk chartreuse,PROMO POLISHED STEEL,SM BOX,14592,AIR,TAKE BACK RETURN,36.00,52868.16,0.08,1995-07-06,3-MEDIUM,102639.27,Customer#000000463,HOUSEHOLD,-654.50,INDIA,ASIA,4,EGYPT,4,"usly ironic, pending foxes. even, special instructions nag. sly, final foxes detect slyly fluffily "
568,purple burlywood pale cornsilk chartreuse,PROMO POLISHED STEEL,SM BOX,14592,AIR,TAKE BACK RETURN,36.00,52868.16,0.08,1995-07-06,3-MEDIUM,102639.27,Customer#000000463,HOUSEHOLD,-654.50,INDIA,ASIA,5,ETHIOPIA,0,regular requests sleep carefull
568,purple burlywood pale cornsilk chartreuse,PROMO POLISHED STEEL,SM BOX,14592,AIR,TAKE BACK RETURN,36.00,52868.16,0.08,1995-07-06,3-MEDIUM,102639.27,Customer#000000463,HOUSEHOLD,-654.50,INDIA,ASIA,6,FRANCE,3,oggedly. regular packages solve across
568,purple burlywood pale cornsilk chartreuse,PROMO POLISHED STEEL,SM BOX,14592,AIR,TAKE BACK RETURN,36.00,52868.16,0.08,1995-07-06,3-MEDIUM,102639.27,Customer#000000463,HOUSEHOLD,-654.50,INDIA,ASIA,7,GERMANY,3,ong the regular requests: blithely silent pinto beans hagg
568,purple burlywood pale cornsilk chartreuse,PROMO POLISHED STEEL,SM BOX,14592,AIR,TAKE BACK RETURN,36.00,52868.16,0.08,1995-07-06,3-MEDIUM,102639.27,Customer#000000463,HOUSEHOLD,-654.50,INDIA,ASIA,8,INDIA,2,uriously unusual deposits about the slyly final pinto beans could
568,purple burlywood pale cornsilk chartreuse,PROMO POLISHED STEEL,SM BOX,14592,AIR,TAKE BACK RETURN,36.00,52868.16,0.08,1995-07-06,3-MEDIUM,102639.27,Customer#000000463,HOUSEHOLD,-654.50,INDIA,ASIA,9,INDONESIA,2,"d deposits sleep quickly according to the dogged, regular dolphins. special excuses haggle furiously special reque"
568,purple burlywood pale cornsilk chartreuse,PROMO POLISHED STEEL,SM BOX,14592,AIR,TAKE BACK RETURN,36.00,52868.16,0.08,1995-07-06,3-MEDIUM,102639.27,Customer#000000463,HOUSEHOLD,-654.50,INDIA,ASIA,10,IRAN,4,furiously idle platelets nag. express asymptotes s
568,purple burlywood pale cornsilk chartreuse,PROMO POLISHED STEEL,SM BOX,14592,AIR,TAKE BACK RETURN,36.00,52868.16,0.08,1995-07-06,3-MEDIUM,102639.27,Customer#000000463,HOUSEHOLD,-654.50,INDIA,ASIA,11,IRAQ,4,pendencies; slyly express foxes integrate carefully across the reg
568,purple burlywood pale cornsilk chartreuse,PROMO POLISHED STEEL,SM BOX,14592,AIR,TAKE BACK RETURN,36.00,52868.16,0.08,1995-07-06,3-MEDIUM,102639.27,Customer#000000463,HOUSEHOLD,-654.50,INDIA,ASIA,12,JAPAN,2, quickly final packages. furiously i
568,purple burlywood pale cornsilk chartreuse,PROMO POLISHED STEEL,SM BOX,14592,AIR,TAKE BACK RETURN,36.00,52868.16,0.08,1995-07-06,3-MEDIUM,102639.27,Customer#000000463,HOUSEHOLD,-654.50,INDIA,ASIA,13,JORDAN,4,the slyly regular ideas. silent Tiresias affix slyly fu
568,purple burlywood pale cornsilk chartreuse,PROMO POLISHED STEEL,SM BOX,14592,AIR,TAKE BACK RETURN,36.00,52868.16,0.08,1995-07-06,3-MEDIUM,102639.27,Customer#000000463,HOUSEHOLD,-654.50,INDIA,ASIA,14,KENYA,0,lyly special foxes. slyly regular deposits sleep carefully. carefully permanent accounts slee
568,purple burlywood pale cornsilk chartreuse,PROMO POLISHED STEEL,SM BOX,14592,AIR,TAKE BACK RETURN,36.00,52868.16,0.08,1995-07-06,3-MEDIUM,102639.27,Customer#000000463,HOUSEHOLD,-654.50,INDIA,ASIA,15,MOROCCO,0,ct blithely: blithely express accounts nag carefully. silent packages haggle carefully abo
568,purple burlywood pale cornsilk chartreuse,PROMO POLISHED STEEL,SM BOX,14592,AIR,TAKE BACK RETURN,36.00,52868.16,0.08,1995-07-06,3-MEDIUM,102639.27,Customer#000000463,HOUSEHOLD,-654.50,INDIA,ASIA,16,MOZAMBIQUE,0, beans after the carefully regular accounts r
568,purple burlywood pale cornsilk chartreuse,PROMO POLISHED STEEL,SM BOX,14592,AIR,TAKE BACK RETURN,36.00,52868.16,0.08,1995-07-06,3-MEDIUM,102639.27,Customer#000000463,HOUSEHOLD,-654.50,INDIA,ASIA,17,PERU,1,ly final foxes. blithely ironic accounts haggle. regular foxes about the regular deposits are furiously ir
568,purple burlywood pale cornsilk chartreuse,PROMO POLISHED STEEL,SM BOX,14592,AIR,TAKE BACK RETURN,36.00,52868.16,0.08,1995-07-06,3-MEDIUM,102639.27,Customer#000000463,HOUSEHOLD,-654.50,INDIA,ASIA,18,CHINA,2,"ckly special packages cajole slyly. unusual, unusual theodolites mold furiously. slyly sile"
568,purple burlywood pale cornsilk chartreuse,PROMO POLISHED STEEL,SM BOX,14592,AIR,TAKE BACK RETURN,36.00,52868.16,0.08,1995-07-06,3-MEDIUM,102639.27,Customer#000000463,HOUSEHOLD,-654.50,INDIA,ASIA,19,ROMANIA,3,"sly blithe requests. thinly bold deposits above the blithely regular accounts nag special, final requests. care"
568,purple burlywood pale cornsilk chartreuse,PROMO POLISHED STEEL,SM BOX,14592,AIR,TAKE BACK RETURN,36.00,52868.16,0.08,1995-07-06,3-MEDIUM,102639.27,Customer#000000463,HOUSEHOLD,-654.50,INDIA,ASIA,20,SAUDI ARABIA,4,se slyly across the blithely regular deposits. deposits use carefully regular 
568,purple burlywood pale cornsilk chartreuse,PROMO POLISHED STEEL,SM BOX,14592,AIR,TAKE BACK RETURN,36.00,52868.16,0.08,1995-07-06,3-MEDIUM,102639.27,Customer#000000463,HOUSEHOLD,-654.50,INDIA,ASIA,21,VIETNAM,2,lly across the quickly even pinto beans. caref
568,purple burlywood pale cornsilk chartreuse,PROMO POLISHED STEEL,SM BOX,14592,AIR,TAKE BACK RETURN,36.00,52868.16,0.08,1995-07-06,3-MEDIUM,102639.27,Customer#000000463,HOUSEHOLD,-654.50,INDIA,ASIA,22,RUSSIA,3,uctions. furiously unusual instructions sleep furiously ironic packages. slyly 
568,purple burlywood pale cornsilk chartreuse,PROMO POLISHED STEEL,SM BOX,14592,AIR,TAKE BACK RETURN,36.00,52868.16,0.08,1995-07-06,3-MEDIUM,102639.27,Customer#000000463,HOUSEHOLD,-654.50,INDIA,ASIA,23,UNITED KINGDOM,3,"carefully pending courts sleep above the ironic, regular theo"
568,purple burlywood pale cornsilk chartreuse,PROMO POLISHED STEEL,SM BOX,14592,AIR,TAKE BACK RETURN,36.00,52868.16,0.08,1995-07-06,3-MEDIUM,102639.27,Customer#000000463,HOUSEHOLD,-654.50,INDIA,ASIA,24,UNITED STATES,1,ly ironic requests along the slyly bold ideas hang after the blithely special notornis; blithely even accounts
572,navy plum lime goldenrod saddle,LARGE BURNISHED COPPER,SM BOX,2657,MAIL,TAKE BACK RETURN,22.00,32396.54,0.02,1995-10-17,2-HIGH,215489.74,Customer#000000124,AUTOMOBILE,1842.49,CHINA,ASIA,0,ALGERIA,0,furiously regular requests. platelets affix furious
572,navy plum lime goldenrod saddle,LARGE BURNISHED COPPER,SM BOX,2657,MAIL,TAKE BACK RETURN,22.00,32396.54,0.02,1995-10-17,2-HIGH,215489.74,Customer#000000124,AUTOMOBILE,1842.49,CHINA,ASIA,1,ARGENTINA,1,"instructions wake quickly. final deposits haggle. final, silent theodolites "
572,navy plum lime goldenrod saddle,LARGE BURNISHED COPPER,SM BOX,2657,MAIL,TAKE BACK RETURN,22.00,32396.54,0.02,1995-10-17,2-HIGH,215489.74,Customer#000000124,AUTOMOBILE,1842.49,CHINA,ASIA,2,BRAZIL,1,asymptotes use fluffily quickly bold instructions. slyly bold dependencies sleep carefully pending accounts
572,navy plum lime goldenrod saddle,LARGE BURNISHED COPPER,SM BOX,2657,MAIL,TAKE BACK RETURN,22.00,32396.54,0.02,1995-10-17,2-HIGH,215489.74,Customer#000000124,AUTOMOBILE,1842.49,CHINA,ASIA,3,CANADA,1,ss deposits wake across the pending foxes. packages after the carefully bold requests integrate caref
572,navy plum lime goldenrod saddle,LARGE BURNISHED COPPER,SM BOX,2657,MAIL,TAKE BACK RETURN,22.00,32396.54,0.02,1995-10-17,2-HIGH,215489.74,Customer#000000124,AUTOMOBILE,1842.49,CHINA,ASIA,4,EGYPT,4,"usly ironic, pending foxes. even, special instructions nag. sly, final foxes detect slyly fluffily "
572,navy plum lime goldenrod saddle,LARGE BURNISHED COPPER,SM BOX,2657,MAIL,TAKE BACK RETURN,22.00,32396.54,0.02,1995-10-17,2-HIGH,215489.74,Customer#000000124,AUTOMOBILE,1842.49,CHINA,ASIA,5,ETHIOPIA,0,regular requests sleep carefull
572,navy plum lime goldenrod saddle,LARGE BURNISHED COPPER,SM BOX,2657,MAIL,TAKE BACK RETURN,22.00,32396.54,0.02,1995-10-17,2-HIGH,215489.74,Customer#000000124,AUTOMOBILE,1842.49,CHINA,ASIA,6,FRANCE,3,oggedly. regular packages solve across
572,navy plum lime goldenrod saddle,LARGE BURNISHED COPPER,SM BOX,2657,MAIL,TAKE BACK RETURN,22.00,32396.54,0.02,1995-10-17,2-HIGH,215489.74,Customer#000000124,AUTOMOBILE,1842.49,CHINA,ASIA,7,GERMANY,3,ong the regular requests: blithely silent pinto beans hagg
572,navy plum lime goldenrod saddle,LARGE BURNISHED COPPER,SM BOX,2657,MAIL,TAKE BACK RETURN,22.00,32396.54,0.02,1995-10-17,2-HIGH,215489.74,Customer#000000124,AUTOMOBILE,1842.49,CHINA,ASIA,8,INDIA,2,uriously unusual deposits about the slyly final pinto beans could
572,navy plum lime goldenrod saddle,LARGE BURNISHED COPPER,SM BOX,2657,MAIL,TAKE BACK RETURN,22.00,32396.54,0.02,1995-10-17,2-HIGH,215489.74,Customer#000000124,AUTOMOBILE,1842.49,CHINA,ASIA,9,INDONESIA,2,"d deposits sleep quickly according to the dogged, regular dolphins. special excuses haggle furiously special reque"
572,navy plum lime goldenrod saddle,LARGE BURNISHED COPPER,SM BOX,2657,MAIL,TAKE BACK RETURN,22.00,32396.54,0.02,1995-10-17,2-HIGH,215489.74,Customer#000000124,AUTOMOBILE,1842.49,CHINA,ASIA,10,IRAN,4,furiously idle platelets nag. express asymptotes s
572,navy plum lime goldenrod saddle,LARGE BURNISHED COPPER,SM BOX,2657,MAIL,TAKE BACK RETURN,22.00,32396.54,0.02,1995-10-17,2-HIGH,215489.74,Customer#000000124,AUTOMOBILE,1842.49,CHINA,ASIA,11,IRAQ,4,pendencies; slyly express foxes integrate carefully across the reg
572,navy plum lime goldenrod saddle,LARGE BURNISHED COPPER,SM BOX,2657,MAIL,TAKE BACK RETURN,22.00,32396.54,0.02,1995-10-17,2-HIGH,215489.74,Customer#000000124,AUTOMOBILE,1842.49,CHINA,ASIA,12,JAPAN,2, quickly final packages. furiously i
572,navy plum lime goldenrod saddle,LARGE BURNISHED COPPER,SM BOX,2657,MAIL,TAKE BACK RETURN,22.00,32396.54,0.02,1995-10-17,2-HIGH,215489.74,Customer#000000124,AUTOMOBILE,1842.49,CHINA,ASIA,13,JORDAN,4,the slyly regular ideas. silent Tiresias affix slyly fu
572,navy plum lime goldenrod saddle,LARGE BURNISHED COPPER,SM BOX,2657,MAIL,TAKE BACK RETURN,22.00,32396.54,0.02,1995-10-17,2-HIGH,215489.74,Customer#000000124,AUTOMOBILE,1842.49,CHINA,ASIA,14,KENYA,0,lyly special foxes. slyly regular deposits sleep carefully. carefully permanent accounts slee
572,navy plum lime goldenrod saddle,LARGE BURNISHED COPPER,SM BOX,2657,MAIL,TAKE BACK RETURN,22.00,32396.54,0.02,1995-10-17,2-HIGH,215489.74,Customer#000000124,AUTOMOBILE,1842.49,CHINA,ASIA,15,MOROCCO,0,ct blithely: blithely express accounts nag carefully. silent packages haggle carefully abo
572,navy plum lime goldenrod saddle,LARGE BURNISHED COPPER,SM BOX,2657,MAIL,TAKE BACK RETURN,22.00,32396.54,0.02,1995-10-17,2-HIGH,215489.74,Customer#000000124,AUTOMOBILE,1842.49,CHINA,ASIA,16,MOZAMBIQUE,0, beans after the carefully regular accounts r
572,navy plum lime goldenrod saddle,LARGE BURNISHED COPPER,SM BOX,2657,MAIL,TAKE BACK RETURN,22.00,32396.54,0.02,1995-10-17,2-HIGH,215489.74,Customer#000000124,AUTOMOBILE,1842.49,CHINA,ASIA,17,PERU,1,ly final foxes. blithely ironic accounts haggle. regular foxes about the regular deposits are furiously ir
572,navy plum lime goldenrod saddle,LARGE BURNISHED COPPER,SM BOX,2657,MAIL,TAKE BACK RETURN,22.00,32396.54,0.02,1995-10-17,2-HIGH,215489.74,Customer#000000124,AUTOMOBILE,1842.49,CHINA,ASIA,18,CHINA,2,"ckly special packages cajole slyly. unusual, unusual theodolites mold furiously. slyly sile"
572,navy plum lime goldenrod saddle,LARGE BURNISHED COPPER,SM BOX,2657,MAIL,TAKE BACK RETURN,22.00,32396.54,0.02,1995-10-17,2-HIGH,215489.74,Customer#000000124,AUTOMOBILE,1842.49,CHINA,ASIA,19,ROMANIA,3,"sly blithe requests. thinly bold deposits above the blithely regular accounts nag special, final requests. care"
572,navy plum lime goldenrod saddle,LARGE BURNISHED COPPER,SM BOX,2657,MAIL,TAKE BACK RETURN,22.00,32396.54,0.02,1995-10-17,2-HIGH,215489.74,Customer#000000124,AUTOMOBILE,1842.49,CHINA,ASIA,20,SAUDI ARABIA,4,se slyly across the blithely regular deposits. deposits use carefully regular 
572,navy plum lime goldenrod saddle,LARGE BURNISHED COPPER,SM BOX,2657,MAIL,TAKE BACK RETURN,22.00,32396.54,0.02,1995-10-17,2-HIGH,215489.74,Customer#000000124,AUTOMOBILE,1842.49,CHINA,ASIA,21,VIETNAM,2,lly across the quickly even pinto beans. caref
572,navy plum lime goldenrod saddle,LARGE BURNISHED COPPER,SM BOX,2657,MAIL,TAKE BACK RETURN,22.00,32396.54,0.02,1995-10-17,2-HIGH,215489.74,Customer#000000124,AUTOMOBILE,1842.49,CHINA,ASIA,22,RUSSIA,3,uctions. furiously unusual instructions sleep furiously ironic packages. slyly 
572,navy plum lime goldenrod saddle,LARGE BURNISHED COPPER,SM BOX,2657,MAIL,TAKE BACK RETURN,22.00,32396.54,0.02,1995-10-17,2-HIGH,215489.74,Customer#000000124,AUTOMOBILE,1842.49,CHINA,ASIA,23,UNITED KINGDOM,3,"carefully pending courts sleep above the ironic, regular theo"
572,navy plum lime goldenrod saddle,LARGE BURNISHED COPPER,SM BOX,2657,MAIL,TAKE BACK RETURN,22.00,32396.54,0.02,1995-10-17,2-HIGH,215489.74,Customer#000000124,AUTOMOBILE,1842.49,CHINA,ASIA,24,UNITED STATES,1,ly ironic requests along the slyly bold ideas hang after the blithely special notornis; blithely even accounts
612,midnight azure moccasin rosy lawn,PROMO PLATED STEEL,LG BOX,6692,MAIL,DELIVER IN PERSON,29.00,43865.69,0.08,1996-09-23,3-MEDIUM,287433.36,Customer#000000124,AUTOMOBILE,1842.49,CHINA,ASIA,0,ALGERIA,0,furiously regular requests. platelets affix furious
612,midnight azure moccasin rosy lawn,PROMO PLATED STEEL,LG BOX,6692,MAIL,DELIVER IN PERSON,29.00,43865.69,0.08,1996-09-23,3-MEDIUM,287433.36,Customer#000000124,AUTOMOBILE,1842.49,CHINA,ASIA,1,ARGENTINA,1,"instructions wake quickly. final deposits haggle. final, silent theodolites "
612,midnight azure moccasin rosy lawn,PROMO PLATED STEEL,LG BOX,6692,MAIL,DELIVER IN PERSON,29.00,43865.69,0.08,1996-09-23,3-MEDIUM,287433.36,Customer#000000124,AUTOMOBILE,1842.49,CHINA,ASIA,2,BRAZIL,1,asymptotes use fluffily quickly bold instructions. slyly bold dependencies sleep carefully pending accounts
612,midnight azure moccasin rosy lawn,PROMO PLATED STEEL,LG BOX,6692,MAIL,DELIVER IN PERSON,29.00,43865.69,0.08,1996-09-23,3-MEDIUM,287433.36,Customer#000000124,AUTOMOBILE,1842.49,CHINA,ASIA,3,CANADA,1,ss deposits wake across the pending foxes. packages after the carefully bold requests integrate caref
612,midnight azure moccasin rosy lawn,PROMO PLATED STEEL,LG BOX,6692,MAIL,DELIVER IN PERSON,29.00,43865.69,0.08,1996-09-23,3-MEDIUM,287433.36,Customer#000000124,AUTOMOBILE,1842.49,CHINA,ASIA,4,EGYPT,4,"usly ironic, pending foxes. even, special instructions nag. sly, final foxes detect slyly fluffily "
612,midnight azure moccasin rosy lawn,PROMO PLATED STEEL,LG BOX,6692,MAIL,DELIVER IN PERSON,29.00,43865.69,0.08,1996-09-23,3-MEDIUM,287433.36,Customer#000000124,AUTOMOBILE,1842.49,CHINA,ASIA,5,ETHIOPIA,0,regular requests sleep carefull
612,midnight azure moccasin rosy lawn,PROMO PLATED STEEL,LG BOX,6692,MAIL,DELIVER IN PERSON,29.00,43865.69,0.08,1996-09-23,3-MEDIUM,287433.36,Customer#000000124,AUTOMOBILE,1842.49,CHINA,ASIA,6,FRANCE,3,oggedly. regular packages solve across
612,midnight azure moccasin rosy lawn,PROMO PLATED STEEL,LG BOX,6692,MAIL,DELIVER IN PERSON,29.00,43865.69,0.08,1996-09-23,3-MEDIUM,287433.36,Customer#000000124,AUTOMOBILE,1842.49,CHINA,ASIA,7,GERMANY,3,ong the regular requests: blithely silent pinto beans hagg
612,midnight azure moccasin rosy lawn,PROMO PLATED STEEL,LG BOX,6692,MAIL,DELIVER IN PERSON,29.00,43865.69,0.08,1996-09-23,3-MEDIUM,287433.36,Customer#000000124,AUTOMOBILE,1842.49,CHINA,ASIA,8,INDIA,2,uriously unusual deposits about the slyly final pinto beans could
612,midnight azure moccasin rosy lawn,PROMO PLATED STEEL,LG BOX,6692,MAIL,DELIVER IN PERSON,29.00,43865.69,0.08,1996-09-23,3-MEDIUM,287433.36,Customer#000000124,AUTOMOBILE,1842.49,CHINA,ASIA,9,INDONESIA,2,"d deposits sleep quickly according to the dogged, regular dolphins. special excuses haggle furiously special reque"
612,midnight azure moccasin rosy lawn,PROMO PLATED STEEL,LG BOX,6692,MAIL,DELIVER IN PERSON,29.00,43865.69,0.08,1996-09-23,3-MEDIUM,287433.36,Customer#000000124,AUTOMOBILE,1842.49,CHINA,ASIA,10,IRAN,4,furiously idle platelets nag. express asymptotes s
612,midnight azure moccasin rosy lawn,PROMO PLATED STEEL,LG BOX,6692,MAIL,DELIVER IN PERSON,29.00,43865.69,0.08,1996-09-23,3-MEDIUM,287433.36,Customer#000000124,AUTOMOBILE,1842.49,CHINA,ASIA,11,IRAQ,4,pendencies; slyly express foxes integrate carefully across the reg
612,midnight azure moccasin rosy lawn,PROMO PLATED STEEL,LG BOX,6692,MAIL,DELIVER IN PERSON,29.00,43865.69,0.08,1996-09-23,3-MEDIUM,287433.36,Customer#000000124,AUTOMOBILE,1842.49,CHINA,ASIA,12,JAPAN,2, quickly final packages. furiously i
612,midnight azure moccasin rosy lawn,PROMO PLATED STEEL,LG BOX,6692,MAIL,DELIVER IN PERSON,29.00,43865.69,0.08,1996-09-23,3-MEDIUM,287433.36,Customer#000000124,AUTOMOBILE,1842.49,CHINA,ASIA,13,JORDAN,4,the slyly regular ideas. silent Tiresias affix slyly fu
612,midnight azure moccasin rosy lawn,PROMO PLATED STEEL,LG BOX,6692,MAIL,DELIVER IN PERSON,29.00,43865.69,0.08,1996-09-23,3-MEDIUM,287433.36,Customer#000000124,AUTOMOBILE,1842.49,CHINA,ASIA,14,KENYA,0,lyly special foxes. slyly regular deposits sleep carefully. carefully permanent accounts slee
612,midnight azure moccasin rosy lawn,PROMO PLATED STEEL,LG BOX,6692,MAIL,DELIVER IN PERSON,29.00,43865.69,0.08,1996-09-23,3-MEDIUM,287433.36,Customer#000000124,AUTOMOBILE,1842.49,CHINA,ASIA,15,MOROCCO,0,ct blithely: blithely express accounts nag carefully. silent packages haggle carefully abo
612,midnight azure moccasin rosy lawn,PROMO PLATED STEEL,LG BOX,6692,MAIL,DELIVER IN PERSON,29.00,43865.69,0.08,1996-09-23,3-MEDIUM,287433.36,Customer#000000124,AUTOMOBILE,1842.49,CHINA,ASIA,16,MOZAMBIQUE,0, beans after the carefully regular accounts r
612,midnight azure moccasin rosy lawn,PROMO PLATED STEEL,LG BOX,6692,MAIL,DELIVER IN PERSON,29.00,43865.69,0.08,1996-09-23,3-MEDIUM,287433.36,Customer#000000124,AUTOMOBILE,1842.49,CHINA,ASIA,17,PERU,1,ly final foxes. blithely ironic accounts haggle. regular foxes about the regular deposits are furiously ir
612,midnight azure moccasin rosy lawn,PROMO PLATED STEEL,LG BOX,6692,MAIL,DELIVER IN PERSON,29.00,43865.69,0.08,1996-09-23,3-MEDIUM,287433.36,Customer#000000124,AUTOMOBILE,1842.49,CHINA,ASIA,18,CHINA,2,"ckly special packages cajole slyly. unusual, unusual theodolites mold furiously. slyly sile"
612,midnight azure moccasin rosy lawn,PROMO PLATED STEEL,LG BOX,6692,MAIL,DELIVER IN PERSON,29.00,43865.69,0.08,1996-09-23,3-MEDIUM,287433.36,Customer#000000124,AUTOMOBILE,1842.49,CHINA,ASIA,19,ROMANIA,3,"sly blithe requests. thinly bold deposits above the blithely regular accounts nag special, final requests. care"
612,midnight azure moccasin rosy lawn,PROMO PLATED STEEL,LG BOX,6692,MAIL,DELIVER IN PERSON,29.00,43865.69,0.08,1996-09-23,3-MEDIUM,287433.36,Customer#000000124,AUTOMOBILE,1842.49,CHINA,ASIA,20,SAUDI ARABIA,4,se slyly across the blithely regular deposits. deposits use carefully regular 
612,midnight azure moccasin rosy lawn,PROMO PLATED STEEL,LG BOX,6692,MAIL,DELIVER IN PERSON,29.00,43865.69,0.08,1996-09-23,3-MEDIUM,287433.36,Customer#000000124,AUTOMOBILE,1842.49,CHINA,ASIA,21,VIETNAM,2,lly across the quickly even pinto beans. caref
612,midnight azure moccasin rosy lawn,PROMO PLATED STEEL,LG BOX,6692,MAIL,DELIVER IN PERSON,29.00,43865.69,0.08,1996-09-23,3-MEDIUM,287433.36,Customer#000000124,AUTOMOBILE,1842.49,CHINA,ASIA,22,RUSSIA,3,uctions. furiously unusual instructions sleep furiously ironic packages. slyly 
612,midnight azure moccasin rosy lawn,PROMO PLATED STEEL,LG BOX,6692,MAIL,DELIVER IN PERSON,29.00,43865.69,0.08,1996-09-23,3-MEDIUM,287433.36,Customer#000000124,AUTOMOBILE,1842.49,CHINA,ASIA,23,UNITED KINGDOM,3,"carefully pending courts sleep above the ironic, regular theo"
612,midnight azure moccasin rosy lawn,PROMO PLATED STEEL,LG BOX,6692,MAIL,DELIVER IN PERSON,29.00,43865.69,0.08,1996-09-23,3-MEDIUM,287433.36,Customer#000000124,AUTOMOBILE,1842.49,CHINA,ASIA,24,UNITED STATES,1,ly ironic requests along the slyly bold ideas hang after the blithely special notornis; blithely even accounts
612,midnight azure moccasin rosy lawn,PROMO PLATED STEEL,LG BOX,17569,AIR,TAKE BACK RETURN,16.00,24201.76,0.02,1997-07-15,4-NOT SPECIFIED,219003.17,Customer#000000688,HOUSEHOLD,3354.47,INDIA,ASIA,0,ALGERIA,0,furiously regular requests. platelets affix furious
612,midnight azure moccasin rosy lawn,PROMO PLATED STEEL,LG BOX,17569,AIR,TAKE BACK RETURN,16.00,24201.76,0.02,1997-07-15,4-NOT SPECIFIED,219003.17,Customer#000000688,HOUSEHOLD,3354.47,INDIA,ASIA,1,ARGENTINA,1,"instructions wake quickly. final deposits haggle. final, silent theodolites "
612,midnight azure moccasin rosy lawn,PROMO PLATED STEEL,LG BOX,17569,AIR,TAKE BACK RETURN,16.00,24201.76,0.02,1997-07-15,4-NOT SPECIFIED,219003.17,Customer#000000688,HOUSEHOLD,3354.47,INDIA,ASIA,2,BRAZIL,1,asymptotes use fluffily quickly bold instructions. slyly bold dependencies sleep carefully pending accounts
612,midnight azure moccasin rosy lawn,PROMO PLATED STEEL,LG BOX,17569,AIR,TAKE BACK RETURN,16.00,24201.76,0.02,1997-07-15,4-NOT SPECIFIED,219003.17,Customer#000000688,HOUSEHOLD,3354.47,INDIA,ASIA,3,CANADA,1,ss deposits wake across the pending foxes. packages after the carefully bold requests integrate caref
612,midnight azure moccasin rosy lawn,PROMO PLATED STEEL,LG BOX,17569,AIR,TAKE BACK RETURN,16.00,24201.76,0.02,1997-07-15,4-NOT SPECIFIED,219003.17,Customer#000000688,HOUSEHOLD,3354.47,INDIA,ASIA,4,EGYPT,4,"usly ironic, pending foxes. even, special instructions nag. sly, final foxes detect slyly fluffily "
612,midnight azure moccasin rosy lawn,PROMO PLATED STEEL,LG BOX,17569,AIR,TAKE BACK RETURN,16.00,24201.76,0.02,1997-07-15,4-NOT SPECIFIED,219003.17,Customer#000000688,HOUSEHOLD,3354.47,INDIA,ASIA,5,ETHIOPIA,0,regular requests sleep carefull
612,midnight azure moccasin rosy lawn,PROMO PLATED STEEL,LG BOX,17569,AIR,TAKE BACK RETURN,16.00,24201.76,0.02,1997-07-15,4-NOT SPECIFIED,219003.17,Customer#000000688,HOUSEHOLD,3354.47,INDIA,ASIA,6,FRANCE,3,oggedly. regular packages solve across
612,midnight azure moccasin rosy lawn,PROMO PLATED STEEL,LG BOX,17569,AIR,TAKE BACK RETURN,16.00,24201.76,0.02,1997-07-15,4-NOT SPECIFIED,219003.17,Customer#000000688,HOUSEHOLD,3354.47,INDIA,ASIA,7,GERMANY,3,ong the regular requests: blithely silent pinto beans hagg
612,midnight azure moccasin rosy lawn,PROMO PLATED STEEL,LG BOX,17569,AIR,TAKE BACK RETURN,16.00,24201.76,0.02,1997-07-15,4-NOT SPECIFIED,219003.17,Customer#000000688,HOUSEHOLD,3354.47,INDIA,ASIA,8,INDIA,2,uriously unusual deposits about the slyly final pinto beans could
612,midnight azure moccasin rosy lawn,PROMO PLATED STEEL,LG BOX,17569,AIR,TAKE BACK RETURN,16.00,24201.76,0.02,1997-07-15,4-NOT SPECIFIED,219003.17,Customer#000000688,HOUSEHOLD,3354.47,INDIA,ASIA,9,INDONESIA,2,"d deposits sleep quickly according to the dogged, regular dolphins. special excuses haggle furiously special reque"
612,midnight azure moccasin rosy lawn,PROMO PLATED STEEL,LG BOX,17569,AIR,TAKE BACK RETURN,16.00,24201.76,0.02,1997-07-15,4-NOT SPECIFIED,219003.17,Customer#000000688,HOUSEHOLD,3354.47,INDIA,ASIA,10,IRAN,4,furiously idle platelets nag. express asymptotes s
612,midnight azure moccasin rosy lawn,PROMO PLATED STEEL,LG BOX,17569,AIR,TAKE BACK RETURN,16.00,24201.76,0.02,1997-07-15,4-NOT SPECIFIED,219003.17,Customer#000000688,HOUSEHOLD,3354.47,INDIA,ASIA,11,IRAQ,4,pendencies; slyly express foxes integrate carefully across the reg
612,midnight azure moccasin rosy lawn,PROMO PLATED STEEL,LG BOX,17569,AIR,TAKE BACK RETURN,16.00,24201.76,0.02,1997-07-15,4-NOT SPECIFIED,219003.17,Customer#000000688,HOUSEHOLD,3354.47,INDIA,ASIA,12,JAPAN,2, quickly final packages. furiously i
612,midnight azure moccasin rosy lawn,PROMO PLATED STEEL,LG BOX,17569,AIR,TAKE BACK RETURN,16.00,24201.76,0.02,1997-07-15,4-NOT SPECIFIED,219003.17,Customer#000000688,HOUSEHOLD,3354.47,INDIA,ASIA,13,JORDAN,4,the slyly regular ideas. silent Tiresias affix slyly fu
612,midnight azure moccasin rosy lawn,PROMO PLATED STEEL,LG BOX,17569,AIR,TAKE BACK RETURN,16.00,24201.76,0.02,1997-07-15,4-NOT SPECIFIED,219003.17,Customer#000000688,HOUSEHOLD,3354.47,INDIA,ASIA,14,KENYA,0,lyly special foxes. slyly regular deposits sleep carefully. carefully permanent accounts slee
612,midnight azure moccasin rosy lawn,PROMO PLATED STEEL,LG BOX,17569,AIR,TAKE BACK RETURN,16.00,24201.76,0.02,1997-07-15,4-NOT SPECIFIED,219003.17,Customer#000000688,HOUSEHOLD,3354.47,INDIA,ASIA,15,MOROCCO,0,ct blithely: blithely express accounts nag carefully. silent packages haggle carefully abo
612,midnight azure moccasin rosy lawn,PROMO PLATED STEEL,LG BOX,17569,AIR,TAKE BACK RETURN,16.00,24201.76,0.02,1997-07-15,4-NOT SPECIFIED,219003.17,Customer#000000688,HOUSEHOLD,3354.47,INDIA,ASIA,16,MOZAMBIQUE,0, beans after the carefully regular accounts r
612,midnight azure moccasin rosy lawn,PROMO PLATED STEEL,LG BOX,17569,AIR,TAKE BACK RETURN,16.00,24201.76,0.02,1997-07-15,4-NOT SPECIFIED,219003.17,Customer#000000688,HOUSEHOLD,3354.47,INDIA,ASIA,17,PERU,1,ly final foxes. blithely ironic accounts haggle. regular foxes about the regular deposits are furiously ir
612,midnight azure moccasin rosy lawn,PROMO PLATED STEEL,LG BOX,17569,AIR,TAKE BACK RETURN,16.00,24201.76,0.02,1997-07-15,4-NOT SPECIFIED,219003.17,Customer#000000688,HOUSEHOLD,3354.47,INDIA,ASIA,18,CHINA,2,"ckly special packages cajole slyly. unusual, unusual theodolites mold furiously. slyly sile"
612,midnight azure moccasin rosy lawn,PROMO PLATED STEEL,LG BOX,17569,AIR,TAKE BACK RETURN,16.00,24201.76,0.02,1997-07-15,4-NOT SPECIFIED,219003.17,Customer#000000688,HOUSEHOLD,3354.47,INDIA,ASIA,19,ROMANIA,3,"sly blithe requests. thinly bold deposits above the blithely regular accounts nag special, final requests. care"
612,midnight azure moccasin rosy lawn,PROMO PLATED STEEL,LG BOX,17569,AIR,TAKE BACK RETURN,16.00,24201.76,0.02,1997-07-15,4-NOT SPECIFIED,219003.17,Customer#000000688,HOUSEHOLD,3354.47,INDIA,ASIA,20,SAUDI ARABIA,4,se slyly across the blithely regular deposits. deposits use carefully regular 
612,midnight azure moccasin rosy lawn,PROMO PLATED STEEL,LG BOX,17569,AIR,TAKE BACK RETURN,16.00,24201.76,0.02,1997-07-15,4-NOT SPECIFIED,219003.17,Customer#000000688,HOUSEHOLD,3354.47,INDIA,ASIA,21,VIETNAM,2,lly across the quickly even pinto beans. caref
612,midnight azure moccasin rosy lawn,PROMO PLATED STEEL,LG BOX,17569,AIR,TAKE BACK RETURN,16.00,24201.76,0.02,1997-07-15,4-NOT SPECIFIED,219003.17,Customer#000000688,HOUSEHOLD,3354.47,INDIA,ASIA,22,RUSSIA,3,uctions. furiously unusual instructions sleep furiously ironic packages. slyly 
612,midnight azure moccasin rosy lawn,PROMO PLATED STEEL,LG BOX,17569,AIR,TAKE BACK RETURN,16.00,24201.76,0.02,1997-07-15,4-NOT SPECIFIED,219003.17,Customer#000000688,HOUSEHOLD,3354.47,INDIA,ASIA,23,UNITED KINGDOM,3,"carefully pending courts sleep above the ironic, regular theo"
612,midnight azure moccasin rosy lawn,PROMO PLATED STEEL,LG BOX,17569,AIR,TAKE BACK RETURN,16.00,24201.76,0.02,1997-07-15,4-NOT SPECIFIED,219003.17,Customer#000000688,HOUSEHOLD,3354.47,INDIA,ASIA,24,UNITED STATES,1,ly ironic requests along the slyly bold ideas hang after the blithely special notornis; blithely even accounts
612,midnight azure moccasin rosy lawn,PROMO PLATED STEEL,LG BOX,29638,TRUCK,TAKE BACK RETURN,21.00,31764.81,0.04,1995-10-25,3-MEDIUM,113545.13,Customer#000000505,HOUSEHOLD,6557.51,BRAZIL,AMERICA,0,ALGERIA,0,furiously regular requests. platelets affix furious
612,midnight azure moccasin rosy lawn,PROMO PLATED STEEL,LG BOX,29638,TRUCK,TAKE BACK RETURN,21.00,31764.81,0.04,1995-10-25,3-MEDIUM,113545.13,Customer#000000505,HOUSEHOLD,6557.51,BRAZIL,AMERICA,1,ARGENTINA,1,"instructions wake quickly. final deposits haggle. final, silent theodolites "
612,midnight azure moccasin rosy lawn,PROMO PLATED STEEL,LG BOX,29638,TRUCK,TAKE BACK RETURN,21.00,31764.81,0.04,1995-10-25,3-MEDIUM,113545.13,Customer#000000505,HOUSEHOLD,6557.51,BRAZIL,AMERICA,2,BRAZIL,1,asymptotes use fluffily quickly bold instructions. slyly bold dependencies sleep carefully pending accounts
612,midnight azure moccasin rosy lawn,PROMO PLATED STEEL,LG BOX,29638,TRUCK,TAKE BACK RETURN,21.00,31764.81,0.04,1995-10-25,3-MEDIUM,113545.13,Customer#000000505,HOUSEHOLD,6557.51,BRAZIL,AMERICA,3,CANADA,1,ss deposits wake across the pending foxes. packages after the carefully bold requests integrate caref
612,midnight azure moccasin rosy lawn,PROMO PLATED STEEL,LG BOX,29638,TRUCK,TAKE BACK RETURN,21.00,31764.81,0.04,1995-10-25,3-MEDIUM,113545.13,Customer#000000505,HOUSEHOLD,6557.51,BRAZIL,AMERICA,4,EGYPT,4,"usly ironic, pending foxes. even, special instructions nag. sly, final foxes detect slyly fluffily "
612,midnight azure moccasin rosy lawn,PROMO PLATED STEEL,LG BOX,29638,TRUCK,TAKE BACK RETURN,21.00,31764.81,0.04,1995-10-25,3-MEDIUM,113545.13,Customer#000000505,HOUSEHOLD,6557.51,BRAZIL,AMERICA,5,ETHIOPIA,0,regular requests sleep carefull
612,midnight azure moccasin rosy lawn,PROMO PLATED STEEL,LG BOX,29638,TRUCK,TAKE BACK RETURN,21.00,31764.81,0.04,1995-10-25,3-MEDIUM,113545.13,Customer#000000505,HOUSEHOLD,6557.51,BRAZIL,AMERICA,6,FRANCE,3,oggedly. regular packages solve across
612,midnight azure moccasin rosy lawn,PROMO PLATED STEEL,LG BOX,29638,TRUCK,TAKE BACK RETURN,21.00,31764.81,0.04,1995-10-25,3-MEDIUM,113545.13,Customer#000000505,HOUSEHOLD,6557.51,BRAZIL,AMERICA,7,GERMANY,3,ong the regular requests: blithely silent pinto beans hagg
612,midnight azure moccasin rosy lawn,PROMO PLATED STEEL,LG BOX,29638,TRUCK,TAKE BACK RETURN,21.00,31764.81,0.04,1995-10-25,3-MEDIUM,113545.13,Customer#000000505,HOUSEHOLD,6557.51,BRAZIL,AMERICA,8,INDIA,2,uriously unusual deposits about the slyly final pinto beans could
612,midnight azure moccasin rosy lawn,PROMO PLATED STEEL,LG BOX,29638,TRUCK,TAKE BACK RETURN,21.00,31764.81,0.04,1995-10-25,3-MEDIUM,113545.13,Customer#000000505,HOUSEHOLD,6557.51,BRAZIL,AMERICA,9,INDONESIA,2,"d deposits sleep quickly according to the dogged, regular dolphins. special excuses haggle furiously special reque"
612,midnight azure moccasin rosy lawn,PROMO PLATED STEEL,LG BOX,29638,TRUCK,TAKE BACK RETURN,21.00,31764.81,0.04,1995-10-25,3-MEDIUM,113545.13,Customer#000000505,HOUSEHOLD,6557.51,BRAZIL,AMERICA,10,IRAN,4,furiously idle platelets nag. express asymptotes s
612,midnight azure moccasin rosy lawn,PROMO PLATED STEEL,LG BOX,29638,TRUCK,TAKE BACK RETURN,21.00,31764.81,0.04,1995-10-25,3-MEDIUM,113545.13,Customer#000000505,HOUSEHOLD,6557.51,BRAZIL,AMERICA,11,IRAQ,4,pendencies; slyly express foxes integrate carefully across the reg
612,midnight azure moccasin rosy lawn,PROMO PLATED STEEL,LG BOX,29638,TRUCK,TAKE BACK RETURN,21.00,31764.81,0.04,1995-10-25,3-MEDIUM,113545.13,Customer#000000505,HOUSEHOLD,6557.51,BRAZIL,AMERICA,12,JAPAN,2, quickly final packages. furiously i
612,midnight azure moccasin rosy lawn,PROMO PLATED STEEL,LG BOX,29638,TRUCK,TAKE BACK RETURN,21.00,31764.81,0.04,1995-10-25,3-MEDIUM,113545.13,Customer#000000505,HOUSEHOLD,6557.51,BRAZIL,AMERICA,13,JORDAN,4,the slyly regular ideas. silent Tiresias affix slyly fu
612,midnight azure moccasin rosy lawn,PROMO PLATED STEEL,LG BOX,29638,TRUCK,TAKE BACK RETURN,21.00,31764.81,0.04,1995-10-25,3-MEDIUM,113545.13,Customer#000000505,HOUSEHOLD,6557.51,BRAZIL,AMERICA,14,KENYA,0,lyly special foxes. slyly regular deposits sleep carefully. carefully permanent accounts slee
612,midnight azure moccasin rosy lawn,PROMO PLATED STEEL,LG BOX,29638,TRUCK,TAKE BACK RETURN,21.00,31764.81,0.04,1995-10-25,3-MEDIUM,113545.13,Customer#000000505,HOUSEHOLD,6557.51,BRAZIL,AMERICA,15,MOROCCO,0,ct blithely: blithely express accounts nag carefully. silent packages haggle carefully abo
612,midnight azure moccasin rosy lawn,PROMO PLATED STEEL,LG BOX,29638,TRUCK,TAKE BACK RETURN,21.00,31764.81,0.04,1995-10-25,3-MEDIUM,113545.13,Customer#000000505,HOUSEHOLD,6557.51,BRAZIL,AMERICA,16,MOZAMBIQUE,0, beans after the carefully regular accounts r
612,midnight azure moccasin rosy lawn,PROMO PLATED STEEL,LG BOX,29638,TRUCK,TAKE BACK RETURN,21.00,31764.81,0.04,1995-10-25,3-MEDIUM,113545.13,Customer#000000505,HOUSEHOLD,6557.51,BRAZIL,AMERICA,17,PERU,1,ly final foxes. blithely ironic accounts haggle. regular foxes about the regular deposits are furiously ir
612,midnight azure moccasin rosy lawn,PROMO PLATED STEEL,LG BOX,29638,TRUCK,TAKE BACK RETURN,21.00,31764.81,0.04,1995-10-25,3-MEDIUM,113545.13,Customer#000000505,HOUSEHOLD,6557.51,BRAZIL,AMERICA,18,CHINA,2,"ckly special packages cajole slyly. unusual, unusual theodolites mold furiously. slyly sile"
612,midnight azure moccasin rosy lawn,PROMO PLATED STEEL,LG BOX,29638,TRUCK,TAKE BACK RETURN,21.00,31764.81,0.04,1995-10-25,3-MEDIUM,113545.13,Customer#000000505,HOUSEHOLD,6557.51,BRAZIL,AMERICA,19,ROMANIA,3,"sly blithe requests. thinly bold deposits above the blithely regular accounts nag special, final requests. care"
612,midnight azure moccasin rosy lawn,PROMO PLATED STEEL,LG BOX,29638,TRUCK,TAKE BACK RETURN,21.00,31764.81,0.04,1995-10-25,3-MEDIUM,113545.13,Customer#000000505,HOUSEHOLD,6557.51,BRAZIL,AMERICA,20,SAUDI ARABIA,4,se slyly across the blithely regular deposits. deposits use carefully regular 
612,midnight azure moccasin rosy lawn,PROMO PLATED STEEL,LG BOX,29638,TRUCK,TAKE BACK RETURN,21.00,31764.81,0.04,1995-10-25,3-MEDIUM,113545.13,Customer#000000505,HOUSEHOLD,6557.51,BRAZIL,AMERICA,21,VIETNAM,2,lly across the quickly even pinto beans. caref
612,midnight azure moccasin rosy lawn,PROMO PLATED STEEL,LG BOX,29638,TRUCK,TAKE BACK RETURN,21.00,31764.81,0.04,1995-10-25,3-MEDIUM,113545.13,Customer#000000505,HOUSEHOLD,6557.51,BRAZIL,AMERICA,22,RUSSIA,3,uctions. furiously unusual instructions sleep furiously ironic packages. slyly 
612,midnight azure moccasin rosy lawn,PROMO PLATED STEEL,LG BOX,29638,TRUCK,TAKE BACK RETURN,21.00,31764.81,0.04,1995-10-25,3-MEDIUM,113545.13,Customer#000000505,HOUSEHOLD,6557.51,BRAZIL,AMERICA,23,UNITED KINGDOM,3,"carefully pending courts sleep above the ironic, regular theo"
612,midnight azure moccasin rosy lawn,PROMO PLATED STEEL,LG BOX,29638,TRUCK,TAKE BACK RETURN,21.00,31764.81,0.04,1995-10-25,3-MEDIUM,113545.13,Customer#000000505,HOUSEHOLD,6557.51,BRAZIL,AMERICA,24,UNITED STATES,1,ly ironic requests along the slyly bold ideas hang after the blithely special notornis; blithely even accounts
618,ivory wheat smoke deep lemon,PROMO BRUSHED BRASS,LG BOX,27108,MAIL,DELIVER IN PERSON,29.00,44039.69,0.00,1996-04-17,3-MEDIUM,214744.13,Customer#000000277,BUILDING,8876.10,UNITED KINGDOM,EUROPE,0,ALGERIA,0,furiously regular requests. platelets affix furious
618,ivory wheat smoke deep lemon,PROMO BRUSHED BRASS,LG BOX,27108,MAIL,DELIVER IN PERSON,29.00,44039.69,0.00,1996-04-17,3-MEDIUM,214744.13,Customer#000000277,BUILDING,8876.10,UNITED KINGDOM,EUROPE,1,ARGENTINA,1,"instructions wake quickly. final deposits haggle. final, silent theodolites "
618,ivory wheat smoke deep lemon,PROMO BRUSHED BRASS,LG BOX,27108,MAIL,DELIVER IN PERSON,29.00,44039.69,0.00,1996-04-17,3-MEDIUM,214744.13,Customer#000000277,BUILDING,8876.10,UNITED KINGDOM,EUROPE,2,BRAZIL,1,asymptotes use fluffily quickly bold instructions. slyly bold dependencies sleep carefully pending accounts
618,ivory wheat smoke deep lemon,PROMO BRUSHED BRASS,LG BOX,27108,MAIL,DELIVER IN PERSON,29.00,44039.69,0.00,1996-04-17,3-MEDIUM,214744.13,Customer#000000277,BUILDING,8876.10,UNITED KINGDOM,EUROPE,3,CANADA,1,ss deposits wake across the pending foxes. packages after the carefully bold requests integrate caref
618,ivory wheat smoke deep lemon,PROMO BRUSHED BRASS,LG BOX,27108,MAIL,DELIVER IN PERSON,29.00,44039.69,0.00,1996-04-17,3-MEDIUM,214744.13,Customer#000000277,BUILDING,8876.10,UNITED KINGDOM,EUROPE,4,EGYPT,4,"usly ironic, pending foxes. even, special instructions nag. sly, final foxes detect slyly fluffily "
618,ivory wheat smoke deep lemon,PROMO BRUSHED BRASS,LG BOX,27108,MAIL,DELIVER IN PERSON,29.00,44039.69,0.00,1996-04-17,3-MEDIUM,214744.13,Customer#000000277,BUILDING,8876.10,UNITED KINGDOM,EUROPE,5,ETHIOPIA,0,regular requests sleep carefull
618,ivory wheat smoke deep lemon,PROMO BRUSHED BRASS,LG BOX,27108,MAIL,DELIVER IN PERSON,29.00,44039.69,0.00,1996-04-17,3-MEDIUM,214744.13,Customer#000000277,BUILDING,8876.10,UNITED KINGDOM,EUROPE,6,FRANCE,3,oggedly. regular packages solve across
618,ivory wheat smoke deep lemon,PROMO BRUSHED BRASS,LG BOX,27108,MAIL,DELIVER IN PERSON,29.00,44039.69,0.00,1996-04-17,3-MEDIUM,214744.13,Customer#000000277,BUILDING,8876.10,UNITED KINGDOM,EUROPE,7,GERMANY,3,ong the regular requests: blithely silent pinto beans hagg
618,ivory wheat smoke deep lemon,PROMO BRUSHED BRASS,LG BOX,27108,MAIL,DELIVER IN PERSON,29.00,44039.69,0.00,1996-04-17,3-MEDIUM,214744.13,Customer#000000277,BUILDING,8876.10,UNITED KINGDOM,EUROPE,8,INDIA,2,uriously unusual deposits about the slyly final pinto beans could
618,ivory wheat smoke deep lemon,PROMO BRUSHED BRASS,LG BOX,27108,MAIL,DELIVER IN PERSON,29.00,44039.69,0.00,1996-04-17,3-MEDIUM,214744.13,Customer#000000277,BUILDING,8876.10,UNITED KINGDOM,EUROPE,9,INDONESIA,2,"d deposits sleep quickly according to the dogged, regular dolphins. special excuses haggle furiously special reque"
618,ivory wheat smoke deep lemon,PROMO BRUSHED BRASS,LG BOX,27108,MAIL,DELIVER IN PERSON,29.00,44039.69,0.00,1996-04-17,3-MEDIUM,214744.13,Customer#000000277,BUILDING,8876.10,UNITED KINGDOM,EUROPE,10,IRAN,4,furiously idle platelets nag. express asymptotes s
618,ivory wheat smoke deep lemon,PROMO BRUSHED BRASS,LG BOX,27108,MAIL,DELIVER IN PERSON,29.00,44039.69,0.00,1996-04-17,3-MEDIUM,214744.13,Customer#000000277,BUILDING,8876.10,UNITED KINGDOM,EUROPE,11,IRAQ,4,pendencies; slyly express foxes integrate carefully across the reg
618,ivory wheat smoke deep lemon,PROMO BRUSHED BRASS,LG BOX,27108,MAIL,DELIVER IN PERSON,29.00,44039.69,0.00,1996-04-17,3-MEDIUM,214744.13,Customer#000000277,BUILDING,8876.10,UNITED KINGDOM,EUROPE,12,JAPAN,2, quickly final packages. furiously i
618,ivory wheat smoke deep lemon,PROMO BRUSHED BRASS,LG BOX,27108,MAIL,DELIVER IN PERSON,29.00,44039.69,0.00,1996-04-17,3-MEDIUM,214744.13,Customer#000000277,BUILDING,8876.10,UNITED KINGDOM,EUROPE,13,JORDAN,4,the slyly regular ideas. silent Tiresias affix slyly fu
618,ivory wheat smoke deep lemon,PROMO BRUSHED BRASS,LG BOX,27108,MAIL,DELIVER IN PERSON,29.00,44039.69,0.00,1996-04-17,3-MEDIUM,214744.13,Customer#000000277,BUILDING,8876.10,UNITED KINGDOM,EUROPE,14,KENYA,0,lyly special foxes. slyly regular deposits sleep carefully. carefully permanent accounts slee
618,ivory wheat smoke deep lemon,PROMO BRUSHED BRASS,LG BOX,27108,MAIL,DELIVER IN PERSON,29.00,44039.69,0.00,1996-04-17,3-MEDIUM,214744.13,Customer#000000277,BUILDING,8876.10,UNITED KINGDOM,EUROPE,15,MOROCCO,0,ct blithely: blithely express accounts nag carefully. silent packages haggle carefully abo
618,ivory wheat smoke deep lemon,PROMO BRUSHED BRASS,LG BOX,27108,MAIL,DELIVER IN PERSON,29.00,44039.69,0.00,1996-04-17,3-MEDIUM,214744.13,Customer#000000277,BUILDING,8876.10,UNITED KINGDOM,EUROPE,16,MOZAMBIQUE,0, beans after the carefully regular accounts r
618,ivory wheat smoke deep lemon,PROMO BRUSHED BRASS,LG BOX,27108,MAIL,DELIVER IN PERSON,29.00,44039.69,0.00,1996-04-17,3-MEDIUM,214744.13,Customer#000000277,BUILDING,8876.10,UNITED KINGDOM,EUROPE,17,PERU,1,ly final foxes. blithely ironic accounts haggle. regular foxes about the regular deposits are furiously ir
618,ivory wheat smoke deep lemon,PROMO BRUSHED BRASS,LG BOX,27108,MAIL,DELIVER IN PERSON,29.00,44039.69,0.00,1996-04-17,3-MEDIUM,214744.13,Customer#000000277,BUILDING,8876.10,UNITED KINGDOM,EUROPE,18,CHINA,2,"ckly special packages cajole slyly. unusual, unusual theodolites mold furiously. slyly sile"
618,ivory wheat smoke deep lemon,PROMO BRUSHED BRASS,LG BOX,27108,MAIL,DELIVER IN PERSON,29.00,44039.69,0.00,1996-04-17,3-MEDIUM,214744.13,Customer#000000277,BUILDING,8876.10,UNITED KINGDOM,EUROPE,19,ROMANIA,3,"sly blithe requests. thinly bold deposits above the blithely regular accounts nag special, final requests. care"
618,ivory wheat smoke deep lemon,PROMO BRUSHED BRASS,LG BOX,27108,MAIL,DELIVER IN PERSON,29.00,44039.69,0.00,1996-04-17,3-MEDIUM,214744.13,Customer#000000277,BUILDING,8876.10,UNITED KINGDOM,EUROPE,20,SAUDI ARABIA,4,se slyly across the blithely regular deposits. deposits use carefully regular 
618,ivory wheat smoke deep lemon,PROMO BRUSHED BRASS,LG BOX,27108,MAIL,DELIVER IN PERSON,29.00,44039.69,0.00,1996-04-17,3-MEDIUM,214744.13,Customer#000000277,BUILDING,8876.10,UNITED KINGDOM,EUROPE,21,VIETNAM,2,lly across the quickly even pinto beans. caref
618,ivory wheat smoke deep lemon,PROMO BRUSHED BRASS,LG BOX,27108,MAIL,DELIVER IN PERSON,29.00,44039.69,0.00,1996-04-17,3-MEDIUM,214744.13,Customer#000000277,BUILDING,8876.10,UNITED KINGDOM,EUROPE,22,RUSSIA,3,uctions. furiously unusual instructions sleep furiously ironic packages. slyly 
618,ivory wheat smoke deep lemon,PROMO BRUSHED BRASS,LG BOX,27108,MAIL,DELIVER IN PERSON,29.00,44039.69,0.00,1996-04-17,3-MEDIUM,214744.13,Customer#000000277,BUILDING,8876.10,UNITED KINGDOM,EUROPE,23,UNITED KINGDOM,3,"carefully pending courts sleep above the ironic, regular theo"
618,ivory wheat smoke deep lemon,PROMO BRUSHED BRASS,LG BOX,27108,MAIL,DELIVER IN PERSON,29.00,44039.69,0.00,1996-04-17,3-MEDIUM,214744.13,Customer#000000277,BUILDING,8876.10,UNITED KINGDOM,EUROPE,24,UNITED STATES,1,ly ironic requests along the slyly bold ideas hang after the blithely special notornis; blithely even accounts
618,ivory wheat smoke deep lemon,PROMO BRUSHED BRASS,LG BOX,27460,AIR,DELIVER IN PERSON,25.00,37965.25,0.06,1994-05-13,4-NOT SPECIFIED,272463.19,Customer#000000581,MACHINERY,3242.10,UNITED STATES,AMERICA,0,ALGERIA,0,furiously regular requests. platelets affix furious
618,ivory wheat smoke deep lemon,PROMO BRUSHED BRASS,LG BOX,27460,AIR,DELIVER IN PERSON,25.00,37965.25,0.06,1994-05-13,4-NOT SPECIFIED,272463.19,Customer#000000581,MACHINERY,3242.10,UNITED STATES,AMERICA,1,ARGENTINA,1,"instructions wake quickly. final deposits haggle. final, silent theodolites "
618,ivory wheat smoke deep lemon,PROMO BRUSHED BRASS,LG BOX,27460,AIR,DELIVER IN PERSON,25.00,37965.25,0.06,1994-05-13,4-NOT SPECIFIED,272463.19,Customer#000000581,MACHINERY,3242.10,UNITED STATES,AMERICA,2,BRAZIL,1,asymptotes use fluffily quickly bold instructions. slyly bold dependencies sleep carefully pending accounts
618,ivory wheat smoke deep lemon,PROMO BRUSHED BRASS,LG BOX,27460,AIR,DELIVER IN PERSON,25.00,37965.25,0.06,1994-05-13,4-NOT SPECIFIED,272463.19,Customer#000000581,MACHINERY,3242.10,UNITED STATES,AMERICA,3,CANADA,1,ss deposits wake across the pending foxes. packages after the carefully bold requests integrate caref
618,ivory wheat smoke deep lemon,PROMO BRUSHED BRASS,LG BOX,27460,AIR,DELIVER IN PERSON,25.00,37965.25,0.06,1994-05-13,4-NOT SPECIFIED,272463.19,Customer#000000581,MACHINERY,3242.10,UNITED STATES,AMERICA,4,EGYPT,4,"usly ironic, pending foxes. even, special instructions nag. sly, final foxes detect slyly fluffily "
618,ivory wheat smoke deep lemon,PROMO BRUSHED BRASS,LG BOX,27460,AIR,DELIVER IN PERSON,25.00,37965.25,0.06,1994-05-13,4-NOT SPECIFIED,272463.19,Customer#000000581,MACHINERY,3242.10,UNITED STATES,AMERICA,5,ETHIOPIA,0,regular requests sleep carefull
618,ivory wheat smoke deep lemon,PROMO BRUSHED BRASS,LG BOX,27460,AIR,DELIVER IN PERSON,25.00,37965.25,0.06,1994-05-13,4-NOT SPECIFIED,272463.19,Customer#000000581,MACHINERY,3242.10,UNITED STATES,AMERICA,6,FRANCE,3,oggedly. regular packages solve across
618,ivory wheat smoke deep lemon,PROMO BRUSHED BRASS,LG BOX,27460,AIR,DELIVER IN PERSON,25.00,37965.25,0.06,1994-05-13,4-NOT SPECIFIED,272463.19,Customer#000000581,MACHINERY,3242.10,UNITED STATES,AMERICA,7,GERMANY,3,ong the regular requests: blithely silent pinto beans hagg
618,ivory wheat smoke deep lemon,PROMO BRUSHED BRASS,LG BOX,27460,AIR,DELIVER IN PERSON,25.00,37965.25,0.06,1994-05-13,4-NOT SPECIFIED,272463.19,Customer#000000581,MACHINERY,3242.10,UNITED STATES,AMERICA,8,INDIA,2,uriously unusual deposits about the slyly final pinto beans could
618,ivory wheat smoke deep lemon,PROMO BRUSHED BRASS,LG BOX,27460,AIR,DELIVER IN PERSON,25.00,37965.25,0.06,1994-05-13,4-NOT SPECIFIED,272463.19,Customer#000000581,MACHINERY,3242.10,UNITED STATES,AMERICA,9,INDONESIA,2,"d deposits sleep quickly according to the dogged, regular dolphins. special excuses haggle furiously special reque"
618,ivory wheat smoke deep lemon,PROMO BRUSHED BRASS,LG BOX,27460,AIR,DELIVER IN PERSON,25.00,37965.25,0.06,1994-05-13,4-NOT SPECIFIED,272463.19,Customer#000000581,MACHINERY,3242.10,UNITED STATES,AMERICA,10,IRAN,4,furiously idle platelets nag. express asymptotes s
618,ivory wheat smoke deep lemon,PROMO BRUSHED BRASS,LG BOX,27460,AIR,DELIVER IN PERSON,25.00,37965.25,0.06,1994-05-13,4-NOT SPECIFIED,272463.19,Customer#000000581,MACHINERY,3242.10,UNITED STATES,AMERICA,11,IRAQ,4,pendencies; slyly express foxes integrate carefully across the reg
618,ivory wheat smoke deep lemon,PROMO BRUSHED BRASS,LG BOX,27460,AIR,DELIVER IN PERSON,25.00,37965.25,0.06,1994-05-13,4-NOT SPECIFIED,272463.19,Customer#000000581,MACHINERY,3242.10,UNITED STATES,AMERICA,12,JAPAN,2, quickly final packages. furiously i
618,ivory wheat smoke deep lemon,PROMO BRUSHED BRASS,LG BOX,27460,AIR,DELIVER IN PERSON,25.00,37965.25,0.06,1994-05-13,4-NOT SPECIFIED,272463.19,Customer#000000581,MACHINERY,3242.10,UNITED STATES,AMERICA,13,JORDAN,4,the slyly regular ideas. silent Tiresias affix slyly fu
618,ivory wheat smoke deep lemon,PROMO BRUSHED BRASS,LG BOX,27460,AIR,DELIVER IN PERSON,25.00,37965.25,0.06,1994-05-13,4-NOT SPECIFIED,272463.19,Customer#000000581,MACHINERY,3242.10,UNITED STATES,AMERICA,14,KENYA,0,lyly special foxes. slyly regular deposits sleep carefully. carefully permanent accounts slee
618,ivory wheat smoke deep lemon,PROMO BRUSHED BRASS,LG BOX,27460,AIR,DELIVER IN PERSON,25.00,37965.25,0.06,1994-05-13,4-NOT SPECIFIED,272463.19,Customer#000000581,MACHINERY,3242.10,UNITED STATES,AMERICA,15,MOROCCO,0,ct blithely: blithely express accounts nag carefully. silent packages haggle carefully abo
618,ivory wheat smoke deep lemon,PROMO BRUSHED BRASS,LG BOX,27460,AIR,DELIVER IN PERSON,25.00,37965.25,0.06,1994-05-13,4-NOT SPECIFIED,272463.19,Customer#000000581,MACHINERY,3242.10,UNITED STATES,AMERICA,16,MOZAMBIQUE,0, beans after the carefully regular accounts r
618,ivory wheat smoke deep lemon,PROMO BRUSHED BRASS,LG BOX,27460,AIR,DELIVER IN PERSON,25.00,37965.25,0.06,1994-05-13,4-NOT SPECIFIED,272463.19,Customer#000000581,MACHINERY,3242.10,UNITED STATES,AMERICA,17,PERU,1,ly final foxes. blithely ironic accounts haggle. regular foxes about the regular deposits are furiously ir
618,ivory wheat smoke deep lemon,PROMO BRUSHED BRASS,LG BOX,27460,AIR,DELIVER IN PERSON,25.00,37965.25,0.06,1994-05-13,4-NOT SPECIFIED,272463.19,Customer#000000581,MACHINERY,3242.10,UNITED STATES,AMERICA,18,CHINA,2,"ckly special packages cajole slyly. unusual, unusual theodolites mold furiously. slyly sile"
618,ivory wheat smoke deep lemon,PROMO BRUSHED BRASS,LG BOX,27460,AIR,DELIVER IN PERSON,25.00,37965.25,0.06,1994-05-13,4-NOT SPECIFIED,272463.19,Customer#000000581,MACHINERY,3242.10,UNITED STATES,AMERICA,19,ROMANIA,3,"sly blithe requests. thinly bold deposits above the blithely regular accounts nag special, final requests. care"
618,ivory wheat smoke deep lemon,PROMO BRUSHED BRASS,LG BOX,27460,AIR,DELIVER IN PERSON,25.00,37965.25,0.06,1994-05-13,4-NOT SPECIFIED,272463.19,Customer#000000581,MACHINERY,3242.10,UNITED STATES,AMERICA,20,SAUDI ARABIA,4,se slyly across the blithely regular deposits. deposits use carefully regular 
618,ivory wheat smoke deep lemon,PROMO BRUSHED BRASS,LG BOX,27460,AIR,DELIVER IN PERSON,25.00,37965.25,0.06,1994-05-13,4-NOT SPECIFIED,272463.19,Customer#000000581,MACHINERY,3242.10,UNITED STATES,AMERICA,21,VIETNAM,2,lly across the quickly even pinto beans. caref
618,ivory wheat smoke deep lemon,PROMO BRUSHED BRASS,LG BOX,27460,AIR,DELIVER IN PERSON,25.00,37965.25,0.06,1994-05-13,4-NOT SPECIFIED,272463.19,Customer#000000581,MACHINERY,3242.10,UNITED STATES,AMERICA,22,RUSSIA,3,uctions. furiously unusual instructions sleep furiously ironic packages. slyly 
618,ivory wheat smoke deep lemon,PROMO BRUSHED BRASS,LG BOX,27460,AIR,DELIVER IN PERSON,25.00,37965.25,0.06,1994-05-13,4-NOT SPECIFIED,272463.19,Customer#000000581,MACHINERY,3242.10,UNITED STATES,AMERICA,23,UNITED KINGDOM,3,"carefully pending courts sleep above the ironic, regular theo"
618,ivory wheat smoke deep lemon,PROMO BRUSHED BRASS,LG BOX,27460,AIR,DELIVER IN PERSON,25.00,37965.25,0.06,1994-05-13,4-NOT SPECIFIED,272463.19,Customer#000000581,MACHINERY,3242.10,UNITED STATES,AMERICA,24,UNITED STATES,1,ly ironic requests along the slyly bold ideas hang after the blithely special notornis; blithely even accounts
623,chiffon bisque steel orange tomato,ECONOMY POLISHED NICKEL,MED BOX,2690,MAIL,DELIVER IN PERSON,45.00,68562.90,0.02,1996-03-31,3-MEDIUM,316808.37,Customer#000000469,BUILDING,6343.64,JAPAN,ASIA,0,ALGERIA,0,furiously regular requests. platelets affix furious
623,chiffon bisque steel orange tomato,ECONOMY POLISHED NICKEL,MED BOX,2690,MAIL,DELIVER IN PERSON,45.00,68562.90,0.02,1996-03-31,3-MEDIUM,316808.37,Customer#000000469,BUILDING,6343.64,JAPAN,ASIA,1,ARGENTINA,1,"instructions wake quickly. final deposits haggle. final, silent theodolites "
623,chiffon bisque steel orange tomato,ECONOMY POLISHED NICKEL,MED BOX,2690,MAIL,DELIVER IN PERSON,45.00,68562.90,0.02,1996-03-31,3-MEDIUM,316808.37,Customer#000000469,BUILDING,6343.64,JAPAN,ASIA,2,BRAZIL,1,asymptotes use fluffily quickly bold instructions. slyly bold dependencies sleep carefully pending accounts
623,chiffon bisque steel orange tomato,ECONOMY POLISHED NICKEL,MED BOX,2690,MAIL,DELIVER IN PERSON,45.00,68562.90,0.02,1996-03-31,3-MEDIUM,316808.37,Customer#000000469,BUILDING,6343.64,JAPAN,ASIA,3,CANADA,1,ss deposits wake across the pending foxes. packages after the carefully bold requests integrate caref
623,chiffon bisque steel orange tomato,ECONOMY POLISHED NICKEL,MED BOX,2690,MAIL,DELIVER IN PERSON,45.00,68562.90,0.02,1996-03-31,3-MEDIUM,316808.37,Customer#000000469,BUILDING,6343.64,JAPAN,ASIA,4,EGYPT,4,"usly ironic, pending foxes. even, special instructions nag. sly, final foxes detect slyly fluffily "
623,chiffon bisque steel orange tomato,ECONOMY POLISHED NICKEL,MED BOX,2690,MAIL,DELIVER IN PERSON,45.00,68562.90,0.02,1996-03-31,3-MEDIUM,316808.37,Customer#000000469,BUILDING,6343.64,JAPAN,ASIA,5,ETHIOPIA,0,regular requests sleep carefull
623,chiffon bisque steel orange tomato,ECONOMY POLISHED NICKEL,MED BOX,2690,MAIL,DELIVER IN PERSON,45.00,68562.90,0.02,1996-03-31,3-MEDIUM,316808.37,Customer#000000469,BUILDING,6343.64,JAPAN,ASIA,6,FRANCE,3,oggedly. regular packages solve across
623,chiffon bisque steel orange tomato,ECONOMY POLISHED NICKEL,MED BOX,2690,MAIL,DELIVER IN PERSON,45.00,68562.90,0.02,1996-03-31,3-MEDIUM,316808.37,Customer#000000469,BUILDING,6343.64,JAPAN,ASIA,7,GERMANY,3,ong the regular requests: blithely silent pinto beans hagg
623,chiffon bisque steel orange tomato,ECONOMY POLISHED NICKEL,MED BOX,2690,MAIL,DELIVER IN PERSON,45.00,68562.90,0.02,1996-03-31,3-MEDIUM,316808.37,Customer#000000469,BUILDING,6343.64,JAPAN,ASIA,8,INDIA,2,uriously unusual deposits about the slyly final pinto beans could
623,chiffon bisque steel orange tomato,ECONOMY POLISHED NICKEL,MED BOX,2690,MAIL,DELIVER IN PERSON,45.00,68562.90,0.02,1996-03-31,3-MEDIUM,316808.37,Customer#000000469,BUILDING,6343.64,JAPAN,ASIA,9,INDONESIA,2,"d deposits sleep quickly according to the dogged, regular dolphins. special excuses haggle furiously special reque"
623,chiffon bisque steel orange tomato,ECONOMY POLISHED NICKEL,MED BOX,2690,MAIL,DELIVER IN PERSON,45.00,68562.90,0.02,1996-03-31,3-MEDIUM,316808.37,Customer#000000469,BUILDING,6343.64,JAPAN,ASIA,10,IRAN,4,furiously idle platelets nag. express asymptotes s
623,chiffon bisque steel orange tomato,ECONOMY POLISHED NICKEL,MED BOX,2690,MAIL,DELIVER IN PERSON,45.00,68562.90,0.02,1996-03-31,3-MEDIUM,316808.37,Customer#000000469,BUILDING,6343.64,JAPAN,ASIA,11,IRAQ,4,pendencies; slyly express foxes integrate carefully across the reg
623,chiffon bisque steel orange tomato,ECONOMY POLISHED NICKEL,MED BOX,2690,MAIL,DELIVER IN PERSON,45.00,68562.90,0.02,1996-03-31,3-MEDIUM,316808.37,Customer#000000469,BUILDING,6343.64,JAPAN,ASIA,12,JAPAN,2, quickly final packages. furiously i
623,chiffon bisque steel orange tomato,ECONOMY POLISHED NICKEL,MED BOX,2690,MAIL,DELIVER IN PERSON,45.00,68562.90,0.02,1996-03-31,3-MEDIUM,316808.37,Customer#000000469,BUILDING,6343.64,JAPAN,ASIA,13,JORDAN,4,the slyly regular ideas. silent Tiresias affix slyly fu
623,chiffon bisque steel orange tomato,ECONOMY POLISHED NICKEL,MED BOX,2690,MAIL,DELIVER IN PERSON,45.00,68562.90,0.02,1996-03-31,3-MEDIUM,316808.37,Customer#000000469,BUILDING,6343.64,JAPAN,ASIA,14,KENYA,0,lyly special foxes. slyly regular deposits sleep carefully. carefully permanent accounts slee
623,chiffon bisque steel orange tomato,ECONOMY POLISHED NICKEL,MED BOX,2690,MAIL,DELIVER IN PERSON,45.00,68562.90,0.02,1996-03-31,3-MEDIUM,316808.37,Customer#000000469,BUILDING,6343.64,JAPAN,ASIA,15,MOROCCO,0,ct blithely: blithely express accounts nag carefully. silent packages haggle carefully abo
623,chiffon bisque steel orange tomato,ECONOMY POLISHED NICKEL,MED BOX,2690,MAIL,DELIVER IN PERSON,45.00,68562.90,0.02,1996-03-31,3-MEDIUM,316808.37,Customer#000000469,BUILDING,6343.64,JAPAN,ASIA,16,MOZAMBIQUE,0, beans after the carefully regular accounts r
623,chiffon bisque steel orange tomato,ECONOMY POLISHED NICKEL,MED BOX,2690,MAIL,DELIVER IN PERSON,45.00,68562.90,0.02,1996-03-31,3-MEDIUM,316808.37,Customer#000000469,BUILDING,6343.64,JAPAN,ASIA,17,PERU,1,ly final foxes. blithely ironic accounts haggle. regular foxes about the regular deposits are furiously ir
623,chiffon bisque steel orange tomato,ECONOMY POLISHED NICKEL,MED BOX,2690,MAIL,DELIVER IN PERSON,45.00,68562.90,0.02,1996-03-31,3-MEDIUM,316808.37,Customer#000000469,BUILDING,6343.64,JAPAN,ASIA,18,CHINA,2,"ckly special packages cajole slyly. unusual, unusual theodolites mold furiously. slyly sile"
623,chiffon bisque steel orange tomato,ECONOMY POLISHED NICKEL,MED BOX,2690,MAIL,DELIVER IN PERSON,45.00,68562.90,0.02,1996-03-31,3-MEDIUM,316808.37,Customer#000000469,BUILDING,6343.64,JAPAN,ASIA,19,ROMANIA,3,"sly blithe requests. thinly bold deposits above the blithely regular accounts nag special, final requests. care"
623,chiffon bisque steel orange tomato,ECONOMY POLISHED NICKEL,MED BOX,2690,MAIL,DELIVER IN PERSON,45.00,68562.90,0.02,1996-03-31,3-MEDIUM,316808.37,Customer#000000469,BUILDING,6343.64,JAPAN,ASIA,20,SAUDI ARABIA,4,se slyly across the blithely regular deposits. deposits use carefully regular 
623,chiffon bisque steel orange tomato,ECONOMY POLISHED NICKEL,MED BOX,2690,MAIL,DELIVER IN PERSON,45.00,68562.90,0.02,1996-03-31,3-MEDIUM,316808.37,Customer#000000469,BUILDING,6343.64,JAPAN,ASIA,21,VIETNAM,2,lly across the quickly even pinto beans. caref
623,chiffon bisque steel orange tomato,ECONOMY POLISHED NICKEL,MED BOX,2690,MAIL,DELIVER IN PERSON,45.00,68562.90,0.02,1996-03-31,3-MEDIUM,316808.37,Customer#000000469,BUILDING,6343.64,JAPAN,ASIA,22,RUSSIA,3,uctions. furiously unusual instructions sleep furiously ironic packages. slyly 
623,chiffon bisque steel orange tomato,ECONOMY POLISHED NICKEL,MED BOX,2690,MAIL,DELIVER IN PERSON,45.00,68562.90,0.02,1996-03-31,3-MEDIUM,316808.37,Customer#000000469,BUILDING,6343.64,JAPAN,ASIA,23,UNITED KINGDOM,3,"carefully pending courts sleep above the ironic, regular theo"
623,chiffon bisque steel orange tomato,ECONOMY POLISHED NICKEL,MED BOX,2690,MAIL,DELIVER IN PERSON,45.00,68562.90,0.02,1996-03-31,3-MEDIUM,316808.37,Customer#000000469,BUILDING,6343.64,JAPAN,ASIA,24,UNITED STATES,1,ly ironic requests along the slyly bold ideas hang after the blithely special notornis; blithely even accounts
712,blanched rose royal tomato hot,ECONOMY BRUSHED COPPER,SM CASE,5921,AIR,DELIVER IN PERSON,41.00,66121.11,0.04,1994-04-07,5-LOW,215313.60,Customer#000000286,HOUSEHOLD,-109.73,RUSSIA,EUROPE,0,ALGERIA,0,furiously regular requests. platelets affix furious
712,blanched rose royal tomato hot,ECONOMY BRUSHED COPPER,SM CASE,5921,AIR,DELIVER IN PERSON,41.00,66121.11,0.04,1994-04-07,5-LOW,215313.60,Customer#000000286,HOUSEHOLD,-109.73,RUSSIA,EUROPE,1,ARGENTINA,1,"instructions wake quickly. final deposits haggle. final, silent theodolites "
712,blanched rose royal tomato hot,ECONOMY BRUSHED COPPER,SM CASE,5921,AIR,DELIVER IN PERSON,41.00,66121.11,0.04,1994-04-07,5-LOW,215313.60,Customer#000000286,HOUSEHOLD,-109.73,RUSSIA,EUROPE,2,BRAZIL,1,asymptotes use fluffily quickly bold instructions. slyly bold dependencies sleep carefully pending accounts
712,blanched rose royal tomato hot,ECONOMY BRUSHED COPPER,SM CASE,5921,AIR,DELIVER IN PERSON,41.00,66121.11,0.04,1994-04-07,5-LOW,215313.60,Customer#000000286,HOUSEHOLD,-109.73,RUSSIA,EUROPE,3,CANADA,1,ss deposits wake across the pending foxes. packages after the carefully bold requests integrate caref
712,blanched rose royal tomato hot,ECONOMY BRUSHED COPPER,SM CASE,5921,AIR,DELIVER IN PERSON,41.00,66121.11,0.04,1994-04-07,5-LOW,215313.60,Customer#000000286,HOUSEHOLD,-109.73,RUSSIA,EUROPE,4,EGYPT,4,"usly ironic, pending foxes. even, special instructions nag. sly, final foxes detect slyly fluffily "
712,blanched rose royal tomato hot,ECONOMY BRUSHED COPPER,SM CASE,5921,AIR,DELIVER IN PERSON,41.00,66121.11,0.04,1994-04-07,5-LOW,215313.60,Customer#000000286,HOUSEHOLD,-109.73,RUSSIA,EUROPE,5,ETHIOPIA,0,regular requests sleep carefull
712,blanched rose royal tomato hot,ECONOMY BRUSHED COPPER,SM CASE,5921,AIR,DELIVER IN PERSON,41.00,66121.11,0.04,1994-04-07,5-LOW,215313.60,Customer#000000286,HOUSEHOLD,-109.73,RUSSIA,EUROPE,6,FRANCE,3,oggedly. regular packages solve across
712,blanched rose royal tomato hot,ECONOMY BRUSHED COPPER,SM CASE,5921,AIR,DELIVER IN PERSON,41.00,66121.11,0.04,1994-04-07,5-LOW,215313.60,Customer#000000286,HOUSEHOLD,-109.73,RUSSIA,EUROPE,7,GERMANY,3,ong the regular requests: blithely silent pinto beans hagg
712,blanched rose royal tomato hot,ECONOMY BRUSHED COPPER,SM CASE,5921,AIR,DELIVER IN PERSON,41.00,66121.11,0.04,1994-04-07,5-LOW,215313.60,Customer#000000286,HOUSEHOLD,-109.73,RUSSIA,EUROPE,8,INDIA,2,uriously unusual deposits about the slyly final pinto beans could
712,blanched rose royal tomato hot,ECONOMY BRUSHED COPPER,SM CASE,5921,AIR,DELIVER IN PERSON,41.00,66121.11,0.04,1994-04-07,5-LOW,215313.60,Customer#000000286,HOUSEHOLD,-109.73,RUSSIA,EUROPE,9,INDONESIA,2,"d deposits sleep quickly according to the dogged, regular dolphins. special excuses haggle furiously special reque"
712,blanched rose royal tomato hot,ECONOMY BRUSHED COPPER,SM CASE,5921,AIR,DELIVER IN PERSON,41.00,66121.11,0.04,1994-04-07,5-LOW,215313.60,Customer#000000286,HOUSEHOLD,-109.73,RUSSIA,EUROPE,10,IRAN,4,furiously idle platelets nag. express asymptotes s
712,blanched rose royal tomato hot,ECONOMY BRUSHED COPPER,SM CASE,5921,AIR,DELIVER IN PERSON,41.00,66121.11,0.04,1994-04-07,5-LOW,215313.60,Customer#000000286,HOUSEHOLD,-109.73,RUSSIA,EUROPE,11,IRAQ,4,pendencies; slyly express foxes integrate carefully across the reg
712,blanched rose royal tomato hot,ECONOMY BRUSHED COPPER,SM CASE,5921,AIR,DELIVER IN PERSON,41.00,66121.11,0.04,1994-04-07,5-LOW,215313.60,Customer#000000286,HOUSEHOLD,-109.73,RUSSIA,EUROPE,12,JAPAN,2, quickly final packages. furiously i
712,blanched rose royal tomato hot,ECONOMY BRUSHED COPPER,SM CASE,5921,AIR,DELIVER IN PERSON,41.00,66121.11,0.04,1994-04-07,5-LOW,215313.60,Customer#000000286,HOUSEHOLD,-109.73,RUSSIA,EUROPE,13,JORDAN,4,the slyly regular ideas. silent Tiresias affix slyly fu
712,blanched rose royal tomato hot,ECONOMY BRUSHED COPPER,SM CASE,5921,AIR,DELIVER IN PERSON,41.00,66121.11,0.04,1994-04-07,5-LOW,215313.60,Customer#000000286,HOUSEHOLD,-109.73,RUSSIA,EUROPE,14,KENYA,0,lyly special foxes. slyly regular deposits sleep carefully. carefully permanent accounts slee
712,blanched rose royal tomato hot,ECONOMY BRUSHED COPPER,SM CASE,5921,AIR,DELIVER IN PERSON,41.00,66121.11,0.04,1994-04-07,5-LOW,215313.60,Customer#000000286,HOUSEHOLD,-109.73,RUSSIA,EUROPE,15,MOROCCO,0,ct blithely: blithely express accounts nag carefully. silent packages haggle carefully abo
712,blanched rose royal tomato hot,ECONOMY BRUSHED COPPER,SM CASE,5921,AIR,DELIVER IN PERSON,41.00,66121.11,0.04,1994-04-07,5-LOW,215313.60,Customer#000000286,HOUSEHOLD,-109.73,RUSSIA,EUROPE,16,MOZAMBIQUE,0, beans after the carefully regular accounts r
712,blanched rose royal tomato hot,ECONOMY BRUSHED COPPER,SM CASE,5921,AIR,DELIVER IN PERSON,41.00,66121.11,0.04,1994-04-07,5-LOW,215313.60,Customer#000000286,HOUSEHOLD,-109.73,RUSSIA,EUROPE,17,PERU,1,ly final foxes. blithely ironic accounts haggle. regular foxes about the regular deposits are furiously ir
712,blanched rose royal tomato hot,ECONOMY BRUSHED COPPER,SM CASE,5921,AIR,DELIVER IN PERSON,41.00,66121.11,0.04,1994-04-07,5-LOW,215313.60,Customer#000000286,HOUSEHOLD,-109.73,RUSSIA,EUROPE,18,CHINA,2,"ckly special packages cajole slyly. unusual, unusual theodolites mold furiously. slyly sile"
712,blanched rose royal tomato hot,ECONOMY BRUSHED COPPER,SM CASE,5921,AIR,DELIVER IN PERSON,41.00,66121.11,0.04,1994-04-07,5-LOW,215313.60,Customer#000000286,HOUSEHOLD,-109.73,RUSSIA,EUROPE,19,ROMANIA,3,"sly blithe requests. thinly bold deposits above the blithely regular accounts nag special, final requests. care"
712,blanched rose royal tomato hot,ECONOMY BRUSHED COPPER,SM CASE,5921,AIR,DELIVER IN PERSON,41.00,66121.11,0.04,1994-04-07,5-LOW,215313.60,Customer#000000286,HOUSEHOLD,-109.73,RUSSIA,EUROPE,20,SAUDI ARABIA,4,se slyly across the blithely regular deposits. deposits use carefully regular 
712,blanched rose royal tomato hot,ECONOMY BRUSHED COPPER,SM CASE,5921,AIR,DELIVER IN PERSON,41.00,66121.11,0.04,1994-04-07,5-LOW,215313.60,Customer#000000286,HOUSEHOLD,-109.73,RUSSIA,EUROPE,21,VIETNAM,2,lly across the quickly even pinto beans. caref
712,blanched rose royal tomato hot,ECONOMY BRUSHED COPPER,SM CASE,5921,AIR,DELIVER IN PERSON,41.00,66121.11,0.04,1994-04-07,5-LOW,215313.60,Customer#000000286,HOUSEHOLD,-109.73,RUSSIA,EUROPE,22,RUSSIA,3,uctions. furiously unusual instructions sleep furiously ironic packages. slyly 
712,blanched rose royal tomato hot,ECONOMY BRUSHED COPPER,SM CASE,5921,AIR,DELIVER IN PERSON,41.00,66121.11,0.04,1994-04-07,5-LOW,215313.60,Customer#000000286,HOUSEHOLD,-109.73,RUSSIA,EUROPE,23,UNITED KINGDOM,3,"carefully pending courts sleep above the ironic, regular theo"
712,blanched rose royal tomato hot,ECONOMY BRUSHED COPPER,SM CASE,5921,AIR,DELIVER IN PERSON,41.00,66121.11,0.04,1994-04-07,5-LOW,215313.60,Customer#000000286,HOUSEHOLD,-109.73,RUSSIA,EUROPE,24,UNITED STATES,1,ly ironic requests along the slyly bold ideas hang after the blithely special notornis; blithely even accounts
758,yellow orchid dim cyan burlywood,ECONOMY ANODIZED TIN,MED BOX,6210,AIR,TAKE BACK RETURN,23.00,38151.25,0.06,1996-11-06,5-LOW,232343.67,Customer#000000343,HOUSEHOLD,5521.36,CANADA,AMERICA,0,ALGERIA,0,furiously regular requests. platelets affix furious
758,yellow orchid dim cyan burlywood,ECONOMY ANODIZED TIN,MED BOX,6210,AIR,TAKE BACK RETURN,23.00,38151.25,0.06,1996-11-06,5-LOW,232343.67,Customer#000000343,HOUSEHOLD,5521.36,CANADA,AMERICA,1,ARGENTINA,1,"instructions wake quickly. final deposits haggle. final, silent theodolites "
758,yellow orchid dim cyan burlywood,ECONOMY ANODIZED TIN,MED BOX,6210,AIR,TAKE BACK RETURN,23.00,38151.25,0.06,1996-11-06,5-LOW,232343.67,Customer#000000343,HOUSEHOLD,5521.36,CANADA,AMERICA,2,BRAZIL,1,asymptotes use fluffily quickly bold instructions. slyly bold dependencies sleep carefully pending accounts
758,yellow orchid dim cyan burlywood,ECONOMY ANODIZED TIN,MED BOX,6210,AIR,TAKE BACK RETURN,23.00,38151.25,0.06,1996-11-06,5-LOW,232343.67,Customer#000000343,HOUSEHOLD,5521.36,CANADA,AMERICA,3,CANADA,1,ss deposits wake across the pending foxes. packages after the carefully bold requests integrate caref
758,yellow orchid dim cyan burlywood,ECONOMY ANODIZED TIN,MED BOX,6210,AIR,TAKE BACK RETURN,23.00,38151.25,0.06,1996-11-06,5-LOW,232343.67,Customer#000000343,HOUSEHOLD,5521.36,CANADA,AMERICA,4,EGYPT,4,"usly ironic, pending foxes. even, special instructions nag. sly, final foxes detect slyly fluffily "
758,yellow orchid dim cyan burlywood,ECONOMY ANODIZED TIN,MED BOX,6210,AIR,TAKE BACK RETURN,23.00,38151.25,0.06,1996-11-06,5-LOW,232343.67,Customer#000000343,HOUSEHOLD,5521.36,CANADA,AMERICA,5,ETHIOPIA,0,regular requests sleep carefull
758,yellow orchid dim cyan burlywood,ECONOMY ANODIZED TIN,MED BOX,6210,AIR,TAKE BACK RETURN,23.00,38151.25,0.06,1996-11-06,5-LOW,232343.67,Customer#000000343,HOUSEHOLD,5521.36,CANADA,AMERICA,6,FRANCE,3,oggedly. regular packages solve across
758,yellow orchid dim cyan burlywood,ECONOMY ANODIZED TIN,MED BOX,6210,AIR,TAKE BACK RETURN,23.00,38151.25,0.06,1996-11-06,5-LOW,232343.67,Customer#000000343,HOUSEHOLD,5521.36,CANADA,AMERICA,7,GERMANY,3,ong the regular requests: blithely silent pinto beans hagg
758,yellow orchid dim cyan burlywood,ECONOMY ANODIZED TIN,MED BOX,6210,AIR,TAKE BACK RETURN,23.00,38151.25,0.06,1996-11-06,5-LOW,232343.67,Customer#000000343,HOUSEHOLD,5521.36,CANADA,AMERICA,8,INDIA,2,uriously unusual deposits about the slyly final pinto beans could
758,yellow orchid dim cyan burlywood,ECONOMY ANODIZED TIN,MED BOX,6210,AIR,TAKE BACK RETURN,23.00,38151.25,0.06,1996-11-06,5-LOW,232343.67,Customer#000000343,HOUSEHOLD,5521.36,CANADA,AMERICA,9,INDONESIA,2,"d deposits sleep quickly according to the dogged, regular dolphins. special excuses haggle furiously special reque"
758,yellow orchid dim cyan burlywood,ECONOMY ANODIZED TIN,MED BOX,6210,AIR,TAKE BACK RETURN,23.00,38151.25,0.06,1996-11-06,5-LOW,232343.67,Customer#000000343,HOUSEHOLD,5521.36,CANADA,AMERICA,10,IRAN,4,furiously idle platelets nag. express asymptotes s
758,yellow orchid dim cyan burlywood,ECONOMY ANODIZED TIN,MED BOX,6210,AIR,TAKE BACK RETURN,23.00,38151.25,0.06,1996-11-06,5-LOW,232343.67,Customer#000000343,HOUSEHOLD,5521.36,CANADA,AMERICA,11,IRAQ,4,pendencies; slyly express foxes integrate carefully across the reg
758,yellow orchid dim cyan burlywood,ECONOMY ANODIZED TIN,MED BOX,6210,AIR,TAKE BACK RETURN,23.00,38151.25,0.06,1996-11-06,5-LOW,232343.67,Customer#000000343,HOUSEHOLD,5521.36,CANADA,AMERICA,12,JAPAN,2, quickly final packages. furiously i
758,yellow orchid dim cyan burlywood,ECONOMY ANODIZED TIN,MED BOX,6210,AIR,TAKE BACK RETURN,23.00,38151.25,0.06,1996-11-06,5-LOW,232343.67,Customer#000000343,HOUSEHOLD,5521.36,CANADA,AMERICA,13,JORDAN,4,the slyly regular ideas. silent Tiresias affix slyly fu
758,yellow orchid dim cyan burlywood,ECONOMY ANODIZED TIN,MED BOX,6210,AIR,TAKE BACK RETURN,23.00,38151.25,0.06,1996-11-06,5-LOW,232343.67,Customer#000000343,HOUSEHOLD,5521.36,CANADA,AMERICA,14,KENYA,0,lyly special foxes. slyly regular deposits sleep carefully. carefully permanent accounts slee
758,yellow orchid dim cyan burlywood,ECONOMY ANODIZED TIN,MED BOX,6210,AIR,TAKE BACK RETURN,23.00,38151.25,0.06,1996-11-06,5-LOW,232343.67,Customer#000000343,HOUSEHOLD,5521.36,CANADA,AMERICA,15,MOROCCO,0,ct blithely: blithely express accounts nag carefully. silent packages haggle carefully abo
758,yellow orchid dim cyan burlywood,ECONOMY ANODIZED TIN,MED BOX,6210,AIR,TAKE BACK RETURN,23.00,38151.25,0.06,1996-11-06,5-LOW,232343.67,Customer#000000343,HOUSEHOLD,5521.36,CANADA,AMERICA,16,MOZAMBIQUE,0, beans after the carefully regular accounts r
758,yellow orchid dim cyan burlywood,ECONOMY ANODIZED TIN,MED BOX,6210,AIR,TAKE BACK RETURN,23.00,38151.25,0.06,1996-11-06,5-LOW,232343.67,Customer#000000343,HOUSEHOLD,5521.36,CANADA,AMERICA,17,PERU,1,ly final foxes. blithely ironic accounts haggle. regular foxes about the regular deposits are furiously ir
758,yellow orchid dim cyan burlywood,ECONOMY ANODIZED TIN,MED BOX,6210,AIR,TAKE BACK RETURN,23.00,38151.25,0.06,1996-11-06,5-LOW,232343.67,Customer#000000343,HOUSEHOLD,5521.36,CANADA,AMERICA,18,CHINA,2,"ckly special packages cajole slyly. unusual, unusual theodolites mold furiously. slyly sile"
758,yellow orchid dim cyan burlywood,ECONOMY ANODIZED TIN,MED BOX,6210,AIR,TAKE BACK RETURN,23.00,38151.25,0.06,1996-11-06,5-LOW,232343.67,Customer#000000343,HOUSEHOLD,5521.36,CANADA,AMERICA,19,ROMANIA,3,"sly blithe requests. thinly bold deposits above the blithely regular accounts nag special, final requests. care"
758,yellow orchid dim cyan burlywood,ECONOMY ANODIZED TIN,MED BOX,6210,AIR,TAKE BACK RETURN,23.00,38151.25,0.06,1996-11-06,5-LOW,232343.67,Customer#000000343,HOUSEHOLD,5521.36,CANADA,AMERICA,20,SAUDI ARABIA,4,se slyly across the blithely regular deposits. deposits use carefully regular 
758,yellow orchid dim cyan burlywood,ECONOMY ANODIZED TIN,MED BOX,6210,AIR,TAKE BACK RETURN,23.00,38151.25,0.06,1996-11-06,5-LOW,232343.67,Customer#000000343,HOUSEHOLD,5521.36,CANADA,AMERICA,21,VIETNAM,2,lly across the quickly even pinto beans. caref
758,yellow orchid dim cyan burlywood,ECONOMY ANODIZED TIN,MED BOX,6210,AIR,TAKE BACK RETURN,23.00,38151.25,0.06,1996-11-06,5-LOW,232343.67,Customer#000000343,HOUSEHOLD,5521.36,CANADA,AMERICA,22,RUSSIA,3,uctions. furiously unusual instructions sleep furiously ironic packages. slyly 
758,yellow orchid dim cyan burlywood,ECONOMY ANODIZED TIN,MED BOX,6210,AIR,TAKE BACK RETURN,23.00,38151.25,0.06,1996-11-06,5-LOW,232343.67,Customer#000000343,HOUSEHOLD,5521.36,CANADA,AMERICA,23,UNITED KINGDOM,3,"carefully pending courts sleep above the ironic, regular theo"
758,yellow orchid dim cyan burlywood,ECONOMY ANODIZED TIN,MED BOX,6210,AIR,TAKE BACK RETURN,23.00,38151.25,0.06,1996-11-06,5-LOW,232343.67,Customer#000000343,HOUSEHOLD,5521.36,CANADA,AMERICA,24,UNITED STATES,1,ly ironic requests along the slyly bold ideas hang after the blithely special notornis; blithely even accounts
758,yellow orchid dim cyan burlywood,ECONOMY ANODIZED TIN,MED BOX,15875,MAIL,DELIVER IN PERSON,21.00,34833.75,0.03,1996-09-01,3-MEDIUM,179557.05,Customer#000000406,FURNITURE,4286.94,INDONESIA,ASIA,0,ALGERIA,0,furiously regular requests. platelets affix furious
758,yellow orchid dim cyan burlywood,ECONOMY ANODIZED TIN,MED BOX,15875,MAIL,DELIVER IN PERSON,21.00,34833.75,0.03,1996-09-01,3-MEDIUM,179557.05,Customer#000000406,FURNITURE,4286.94,INDONESIA,ASIA,1,ARGENTINA,1,"instructions wake quickly. final deposits haggle. final, silent theodolites "
758,yellow orchid dim cyan burlywood,ECONOMY ANODIZED TIN,MED BOX,15875,MAIL,DELIVER IN PERSON,21.00,34833.75,0.03,1996-09-01,3-MEDIUM,179557.05,Customer#000000406,FURNITURE,4286.94,INDONESIA,ASIA,2,BRAZIL,1,asymptotes use fluffily quickly bold instructions. slyly bold dependencies sleep carefully pending accounts
758,yellow orchid dim cyan burlywood,ECONOMY ANODIZED TIN,MED BOX,15875,MAIL,DELIVER IN PERSON,21.00,34833.75,0.03,1996-09-01,3-MEDIUM,179557.05,Customer#000000406,FURNITURE,4286.94,INDONESIA,ASIA,3,CANADA,1,ss deposits wake across the pending foxes. packages after the carefully bold requests integrate caref
758,yellow orchid dim cyan burlywood,ECONOMY ANODIZED TIN,MED BOX,15875,MAIL,DELIVER IN PERSON,21.00,34833.75,0.03,1996-09-01,3-MEDIUM,179557.05,Customer#000000406,FURNITURE,4286.94,INDONESIA,ASIA,4,EGYPT,4,"usly ironic, pending foxes. even, special instructions nag. sly, final foxes detect slyly fluffily "
758,yellow orchid dim cyan burlywood,ECONOMY ANODIZED TIN,MED BOX,15875,MAIL,DELIVER IN PERSON,21.00,34833.75,0.03,1996-09-01,3-MEDIUM,179557.05,Customer#000000406,FURNITURE,4286.94,INDONESIA,ASIA,5,ETHIOPIA,0,regular requests sleep carefull
758,yellow orchid dim cyan burlywood,ECONOMY ANODIZED TIN,MED BOX,15875,MAIL,DELIVER IN PERSON,21.00,34833.75,0.03,1996-09-01,3-MEDIUM,179557.05,Customer#000000406,FURNITURE,4286.94,INDONESIA,ASIA,6,FRANCE,3,oggedly. regular packages solve across
758,yellow orchid dim cyan burlywood,ECONOMY ANODIZED TIN,MED BOX,15875,MAIL,DELIVER IN PERSON,21.00,34833.75,0.03,1996-09-01,3-MEDIUM,179557.05,Customer#000000406,FURNITURE,4286.94,INDONESIA,ASIA,7,GERMANY,3,ong the regular requests: blithely silent pinto beans hagg
758,yellow orchid dim cyan burlywood,ECONOMY ANODIZED TIN,MED BOX,15875,MAIL,DELIVER IN PERSON,21.00,34833.75,0.03,1996-09-01,3-MEDIUM,179557.05,Customer#000000406,FURNITURE,4286.94,INDONESIA,ASIA,8,INDIA,2,uriously unusual deposits about the slyly final pinto beans could
758,yellow orchid dim cyan burlywood,ECONOMY ANODIZED TIN,MED BOX,15875,MAIL,DELIVER IN PERSON,21.00,34833.75,0.03,1996-09-01,3-MEDIUM,179557.05,Customer#000000406,FURNITURE,4286.94,INDONESIA,ASIA,9,INDONESIA,2,"d deposits sleep quickly according to the dogged, regular dolphins. special excuses haggle furiously special reque"
758,yellow orchid dim cyan burlywood,ECONOMY ANODIZED TIN,MED BOX,15875,MAIL,DELIVER IN PERSON,21.00,34833.75,0.03,1996-09-01,3-MEDIUM,179557.05,Customer#000000406,FURNITURE,4286.94,INDONESIA,ASIA,10,IRAN,4,furiously idle platelets nag. express asymptotes s
758,yellow orchid dim cyan burlywood,ECONOMY ANODIZED TIN,MED BOX,15875,MAIL,DELIVER IN PERSON,21.00,34833.75,0.03,1996-09-01,3-MEDIUM,179557.05,Customer#000000406,FURNITURE,4286.94,INDONESIA,ASIA,11,IRAQ,4,pendencies; slyly express foxes integrate carefully across the reg
758,yellow orchid dim cyan burlywood,ECONOMY ANODIZED TIN,MED BOX,15875,MAIL,DELIVER IN PERSON,21.00,34833.75,0.03,1996-09-01,3-MEDIUM,179557.05,Customer#000000406,FURNITURE,4286.94,INDONESIA,ASIA,12,JAPAN,2, quickly final packages. furiously i
758,yellow orchid dim cyan burlywood,ECONOMY ANODIZED TIN,MED BOX,15875,MAIL,DELIVER IN PERSON,21.00,34833.75,0.03,1996-09-01,3-MEDIUM,179557.05,Customer#000000406,FURNITURE,4286.94,INDONESIA,ASIA,13,JORDAN,4,the slyly regular ideas. silent Tiresias affix slyly fu
758,yellow orchid dim cyan burlywood,ECONOMY ANODIZED TIN,MED BOX,15875,MAIL,DELIVER IN PERSON,21.00,34833.75,0.03,1996-09-01,3-MEDIUM,179557.05,Customer#000000406,FURNITURE,4286.94,INDONESIA,ASIA,14,KENYA,0,lyly special foxes. slyly regular deposits sleep carefully. carefully permanent accounts slee
758,yellow orchid dim cyan burlywood,ECONOMY ANODIZED TIN,MED BOX,15875,MAIL,DELIVER IN PERSON,21.00,34833.75,0.03,1996-09-01,3-MEDIUM,179557.05,Customer#000000406,FURNITURE,4286.94,INDONESIA,ASIA,15,MOROCCO,0,ct blithely: blithely express accounts nag carefully. silent packages haggle carefully abo
758,yellow orchid dim cyan burlywood,ECONOMY ANODIZED TIN,MED BOX,15875,MAIL,DELIVER IN PERSON,21.00,34833.75,0.03,1996-09-01,3-MEDIUM,179557.05,Customer#000000406,FURNITURE,4286.94,INDONESIA,ASIA,16,MOZAMBIQUE,0, beans after the carefully regular accounts r
758,yellow orchid dim cyan burlywood,ECONOMY ANODIZED TIN,MED BOX,15875,MAIL,DELIVER IN PERSON,21.00,34833.75,0.03,1996-09-01,3-MEDIUM,179557.05,Customer#000000406,FURNITURE,4286.94,INDONESIA,ASIA,17,PERU,1,ly final foxes. blithely ironic accounts haggle. regular foxes about the regular deposits are furiously ir
758,yellow orchid dim cyan burlywood,ECONOMY ANODIZED TIN,MED BOX,15875,MAIL,DELIVER IN PERSON,21.00,34833.75,0.03,1996-09-01,3-MEDIUM,179557.05,Customer#000000406,FURNITURE,4286.94,INDONESIA,ASIA,18,CHINA,2,"ckly special packages cajole slyly. unusual, unusual theodolites mold furiously. slyly sile"
758,yellow orchid dim cyan burlywood,ECONOMY ANODIZED TIN,MED BOX,15875,MAIL,DELIVER IN PERSON,21.00,34833.75,0.03,1996-09-01,3-MEDIUM,179557.05,Customer#000000406,FURNITURE,4286.94,INDONESIA,ASIA,19,ROMANIA,3,"sly blithe requests. thinly bold deposits above the blithely regular accounts nag special, final requests. care"
758,yellow orchid dim cyan burlywood,ECONOMY ANODIZED TIN,MED BOX,15875,MAIL,DELIVER IN PERSON,21.00,34833.75,0.03,1996-09-01,3-MEDIUM,179557.05,Customer#000000406,FURNITURE,4286.94,INDONESIA,ASIA,20,SAUDI ARABIA,4,se slyly across the blithely regular deposits. deposits use carefully regular 
758,yellow orchid dim cyan burlywood,ECONOMY ANODIZED TIN,MED BOX,15875,MAIL,DELIVER IN PERSON,21.00,34833.75,0.03,1996-09-01,3-MEDIUM,179557.05,Customer#000000406,FURNITURE,4286.94,INDONESIA,ASIA,21,VIETNAM,2,lly across the quickly even pinto beans. caref
758,yellow orchid dim cyan burlywood,ECONOMY ANODIZED TIN,MED BOX,15875,MAIL,DELIVER IN PERSON,21.00,34833.75,0.03,1996-09-01,3-MEDIUM,179557.05,Customer#000000406,FURNITURE,4286.94,INDONESIA,ASIA,22,RUSSIA,3,uctions. furiously unusual instructions sleep furiously ironic packages. slyly 
758,yellow orchid dim cyan burlywood,ECONOMY ANODIZED TIN,MED BOX,15875,MAIL,DELIVER IN PERSON,21.00,34833.75,0.03,1996-09-01,3-MEDIUM,179557.05,Customer#000000406,FURNITURE,4286.94,INDONESIA,ASIA,23,UNITED KINGDOM,3,"carefully pending courts sleep above the ironic, regular theo"
758,yellow orchid dim cyan burlywood,ECONOMY ANODIZED TIN,MED BOX,15875,MAIL,DELIVER IN PERSON,21.00,34833.75,0.03,1996-09-01,3-MEDIUM,179557.05,Customer#000000406,FURNITURE,4286.94,INDONESIA,ASIA,24,UNITED STATES,1,ly ironic requests along the slyly bold ideas hang after the blithely special notornis; blithely even accounts
758,yellow orchid dim cyan burlywood,ECONOMY ANODIZED TIN,MED BOX,29638,AIR,DELIVER IN PERSON,12.00,19905.00,0.06,1995-10-25,3-MEDIUM,113545.13,Customer#000000505,HOUSEHOLD,6557.51,BRAZIL,AMERICA,0,ALGERIA,0,furiously regular requests. platelets affix furious
758,yellow orchid dim cyan burlywood,ECONOMY ANODIZED TIN,MED BOX,29638,AIR,DELIVER IN PERSON,12.00,19905.00,0.06,1995-10-25,3-MEDIUM,113545.13,Customer#000000505,HOUSEHOLD,6557.51,BRAZIL,AMERICA,1,ARGENTINA,1,"instructions wake quickly. final deposits haggle. final, silent theodolites "
758,yellow orchid dim cyan burlywood,ECONOMY ANODIZED TIN,MED BOX,29638,AIR,DELIVER IN PERSON,12.00,19905.00,0.06,1995-10-25,3-MEDIUM,113545.13,Customer#000000505,HOUSEHOLD,6557.51,BRAZIL,AMERICA,2,BRAZIL,1,asymptotes use fluffily quickly bold instructions. slyly bold dependencies sleep carefully pending accounts
758,yellow orchid dim cyan burlywood,ECONOMY ANODIZED TIN,MED BOX,29638,AIR,DELIVER IN PERSON,12.00,19905.00,0.06,1995-10-25,3-MEDIUM,113545.13,Customer#000000505,HOUSEHOLD,6557.51,BRAZIL,AMERICA,3,CANADA,1,ss deposits wake across the pending foxes. packages after the carefully bold requests integrate caref
758,yellow orchid dim cyan burlywood,ECONOMY ANODIZED TIN,MED BOX,29638,AIR,DELIVER IN PERSON,12.00,19905.00,0.06,1995-10-25,3-MEDIUM,113545.13,Customer#000000505,HOUSEHOLD,6557.51,BRAZIL,AMERICA,4,EGYPT,4,"usly ironic, pending foxes. even, special instructions nag. sly, final foxes detect slyly fluffily "
758,yellow orchid dim cyan burlywood,ECONOMY ANODIZED TIN,MED BOX,29638,AIR,DELIVER IN PERSON,12.00,19905.00,0.06,1995-10-25,3-MEDIUM,113545.13,Customer#000000505,HOUSEHOLD,6557.51,BRAZIL,AMERICA,5,ETHIOPIA,0,regular requests sleep carefull
758,yellow orchid dim cyan burlywood,ECONOMY ANODIZED TIN,MED BOX,29638,AIR,DELIVER IN PERSON,12.00,19905.00,0.06,1995-10-25,3-MEDIUM,113545.13,Customer#000000505,HOUSEHOLD,6557.51,BRAZIL,AMERICA,6,FRANCE,3,oggedly. regular packages solve across
758,yellow orchid dim cyan burlywood,ECONOMY ANODIZED TIN,MED BOX,29638,AIR,DELIVER IN PERSON,12.00,19905.00,0.06,1995-10-25,3-MEDIUM,113545.13,Customer#000000505,HOUSEHOLD,6557.51,BRAZIL,AMERICA,7,GERMANY,3,ong the regular requests: blithely silent pinto beans hagg
758,yellow orchid dim cyan burlywood,ECONOMY ANODIZED TIN,MED BOX,29638,AIR,DELIVER IN PERSON,12.00,19905.00,0.06,1995-10-25,3-MEDIUM,113545.13,Customer#000000505,HOUSEHOLD,6557.51,BRAZIL,AMERICA,8,INDIA,2,uriously unusual deposits about the slyly final pinto beans could
758,yellow orchid dim cyan burlywood,ECONOMY ANODIZED TIN,MED BOX,29638,AIR,DELIVER IN PERSON,12.00,19905.00,0.06,1995-10-25,3-MEDIUM,113545.13,Customer#000000505,HOUSEHOLD,6557.51,BRAZIL,AMERICA,9,INDONESIA,2,"d deposits sleep quickly according to the dogged, regular dolphins. special excuses haggle furiously special reque"
758,yellow orchid dim cyan burlywood,ECONOMY ANODIZED TIN,MED BOX,29638,AIR,DELIVER IN PERSON,12.00,19905.00,0.06,1995-10-25,3-MEDIUM,113545.13,Customer#000000505,HOUSEHOLD,6557.51,BRAZIL,AMERICA,10,IRAN,4,furiously idle platelets nag. express asymptotes s
758,yellow orchid dim cyan burlywood,ECONOMY ANODIZED TIN,MED BOX,29638,AIR,DELIVER IN PERSON,12.00,19905.00,0.06,1995-10-25,3-MEDIUM,113545.13,Customer#000000505,HOUSEHOLD,6557.51,BRAZIL,AMERICA,11,IRAQ,4,pendencies; slyly express foxes integrate carefully across the reg
758,yellow orchid dim cyan burlywood,ECONOMY ANODIZED TIN,MED BOX,29638,AIR,DELIVER IN PERSON,12.00,19905.00,0.06,1995-10-25,3-MEDIUM,113545.13,Customer#000000505,HOUSEHOLD,6557.51,BRAZIL,AMERICA,12,JAPAN,2, quickly final packages. furiously i
758,yellow orchid dim cyan burlywood,ECONOMY ANODIZED TIN,MED BOX,29638,AIR,DELIVER IN PERSON,12.00,19905.00,0.06,1995-10-25,3-MEDIUM,113545.13,Customer#000000505,HOUSEHOLD,6557.51,BRAZIL,AMERICA,13,JORDAN,4,the slyly regular ideas. silent Tiresias affix slyly fu
758,yellow orchid dim cyan burlywood,ECONOMY ANODIZED TIN,MED BOX,29638,AIR,DELIVER IN PERSON,12.00,19905.00,0.06,1995-10-25,3-MEDIUM,113545.13,Customer#000000505,HOUSEHOLD,6557.51,BRAZIL,AMERICA,14,KENYA,0,lyly special foxes. slyly regular deposits sleep carefully. carefully permanent accounts slee
758,yellow orchid dim cyan burlywood,ECONOMY ANODIZED TIN,MED BOX,29638,AIR,DELIVER IN PERSON,12.00,19905.00,0.06,1995-10-25,3-MEDIUM,113545.13,Customer#000000505,HOUSEHOLD,6557.51,BRAZIL,AMERICA,15,MOROCCO,0,ct blithely: blithely express accounts nag carefully. silent packages haggle carefully abo
758,yellow orchid dim cyan burlywood,ECONOMY ANODIZED TIN,MED BOX,29638,AIR,DELIVER IN PERSON,12.00,19905.00,0.06,1995-10-25,3-MEDIUM,113545.13,Customer#000000505,HOUSEHOLD,6557.51,BRAZIL,AMERICA,16,MOZAMBIQUE,0, beans after the carefully regular accounts r
758,yellow orchid dim cyan burlywood,ECONOMY ANODIZED TIN,MED BOX,29638,AIR,DELIVER IN PERSON,12.00,19905.00,0.06,1995-10-25,3-MEDIUM,113545.13,Customer#000000505,HOUSEHOLD,6557.51,BRAZIL,AMERICA,17,PERU,1,ly final foxes. blithely ironic accounts haggle. regular foxes about the regular deposits are furiously ir
758,yellow orchid dim cyan burlywood,ECONOMY ANODIZED TIN,MED BOX,29638,AIR,DELIVER IN PERSON,12.00,19905.00,0.06,1995-10-25,3-MEDIUM,113545.13,Customer#000000505,HOUSEHOLD,6557.51,BRAZIL,AMERICA,18,CHINA,2,"ckly special packages cajole slyly. unusual, unusual theodolites mold furiously. slyly sile"
758,yellow orchid dim cyan burlywood,ECONOMY ANODIZED TIN,MED BOX,29638,AIR,DELIVER IN PERSON,12.00,19905.00,0.06,1995-10-25,3-MEDIUM,113545.13,Customer#000000505,HOUSEHOLD,6557.51,BRAZIL,AMERICA,19,ROMANIA,3,"sly blithe requests. thinly bold deposits above the blithely regular accounts nag special, final requests. care"
758,yellow orchid dim cyan burlywood,ECONOMY ANODIZED TIN,MED BOX,29638,AIR,DELIVER IN PERSON,12.00,19905.00,0.06,1995-10-25,3-MEDIUM,113545.13,Customer#000000505,HOUSEHOLD,6557.51,BRAZIL,AMERICA,20,SAUDI ARABIA,4,se slyly across the blithely regular deposits. deposits use carefully regular 
758,yellow orchid dim cyan burlywood,ECONOMY ANODIZED TIN,MED BOX,29638,AIR,DELIVER IN PERSON,12.00,19905.00,0.06,1995-10-25,3-MEDIUM,113545.13,Customer#000000505,HOUSEHOLD,6557.51,BRAZIL,AMERICA,21,VIETNAM,2,lly across the quickly even pinto beans. caref
758,yellow orchid dim cyan burlywood,ECONOMY ANODIZED TIN,MED BOX,29638,AIR,DELIVER IN PERSON,12.00,19905.00,0.06,1995-10-25,3-MEDIUM,113545.13,Customer#000000505,HOUSEHOLD,6557.51,BRAZIL,AMERICA,22,RUSSIA,3,uctions. furiously unusual instructions sleep furiously ironic packages. slyly 
758,yellow orchid dim cyan burlywood,ECONOMY ANODIZED TIN,MED BOX,29638,AIR,DELIVER IN PERSON,12.00,19905.00,0.06,1995-10-25,3-MEDIUM,113545.13,Customer#000000505,HOUSEHOLD,6557.51,BRAZIL,AMERICA,23,UNITED KINGDOM,3,"carefully pending courts sleep above the ironic, regular theo"
758,yellow orchid dim cyan burlywood,ECONOMY ANODIZED TIN,MED BOX,29638,AIR,DELIVER IN PERSON,12.00,19905.00,0.06,1995-10-25,3-MEDIUM,113545.13,Customer#000000505,HOUSEHOLD,6557.51,BRAZIL,AMERICA,24,UNITED STATES,1,ly ironic requests along the slyly bold ideas hang after the blithely special notornis; blithely even accounts
821,smoke drab rose hot spring,PROMO POLISHED TIN,MED BOX,10049,MAIL,DELIVER IN PERSON,30.00,51654.60,0.09,1997-07-23,1-URGENT,167455.41,Customer#000000343,HOUSEHOLD,5521.36,CANADA,AMERICA,0,ALGERIA,0,furiously regular requests. platelets affix furious
821,smoke drab rose hot spring,PROMO POLISHED TIN,MED BOX,10049,MAIL,DELIVER IN PERSON,30.00,51654.60,0.09,1997-07-23,1-URGENT,167455.41,Customer#000000343,HOUSEHOLD,5521.36,CANADA,AMERICA,1,ARGENTINA,1,"instructions wake quickly. final deposits haggle. final, silent theodolites "
821,smoke drab rose hot spring,PROMO POLISHED TIN,MED BOX,10049,MAIL,DELIVER IN PERSON,30.00,51654.60,0.09,1997-07-23,1-URGENT,167455.41,Customer#000000343,HOUSEHOLD,5521.36,CANADA,AMERICA,2,BRAZIL,1,asymptotes use fluffily quickly bold instructions. slyly bold dependencies sleep carefully pending accounts
821,smoke drab rose hot spring,PROMO POLISHED TIN,MED BOX,10049,MAIL,DELIVER IN PERSON,30.00,51654.60,0.09,1997-07-23,1-URGENT,167455.41,Customer#000000343,HOUSEHOLD,5521.36,CANADA,AMERICA,3,CANADA,1,ss deposits wake across the pending foxes. packages after the carefully bold requests integrate caref
821,smoke drab rose hot spring,PROMO POLISHED TIN,MED BOX,10049,MAIL,DELIVER IN PERSON,30.00,51654.60,0.09,1997-07-23,1-URGENT,167455.41,Customer#000000343,HOUSEHOLD,5521.36,CANADA,AMERICA,4,EGYPT,4,"usly ironic, pending foxes. even, special instructions nag. sly, final foxes detect slyly fluffily "
821,smoke drab rose hot spring,PROMO POLISHED TIN,MED BOX,10049,MAIL,DELIVER IN PERSON,30.00,51654.60,0.09,1997-07-23,1-URGENT,167455.41,Customer#000000343,HOUSEHOLD,5521.36,CANADA,AMERICA,5,ETHIOPIA,0,regular requests sleep carefull
821,smoke drab rose hot spring,PROMO POLISHED TIN,MED BOX,10049,MAIL,DELIVER IN PERSON,30.00,51654.60,0.09,1997-07-23,1-URGENT,167455.41,Customer#000000343,HOUSEHOLD,5521.36,CANADA,AMERICA,6,FRANCE,3,oggedly. regular packages solve across
821,smoke drab rose hot spring,PROMO POLISHED TIN,MED BOX,10049,MAIL,DELIVER IN PERSON,30.00,51654.60,0.09,1997-07-23,1-URGENT,167455.41,Customer#000000343,HOUSEHOLD,5521.36,CANADA,AMERICA,7,GERMANY,3,ong the regular requests: blithely silent pinto beans hagg
821,smoke drab rose hot spring,PROMO POLISHED TIN,MED BOX,10049,MAIL,DELIVER IN PERSON,30.00,51654.60,0.09,1997-07-23,1-URGENT,167455.41,Customer#000000343,HOUSEHOLD,5521.36,CANADA,AMERICA,8,INDIA,2,uriously unusual deposits about the slyly final pinto beans could
821,smoke drab rose hot spring,PROMO POLISHED TIN,MED BOX,10049,MAIL,DELIVER IN PERSON,30.00,51654.60,0.09,1997-07-23,1-URGENT,167455.41,Customer#000000343,HOUSEHOLD,5521.36,CANADA,AMERICA,9,INDONESIA,2,"d deposits sleep quickly according to the dogged, regular dolphins. special excuses haggle furiously special reque"
821,smoke drab rose hot spring,PROMO POLISHED TIN,MED BOX,10049,MAIL,DELIVER IN PERSON,30.00,51654.60,0.09,1997-07-23,1-URGENT,167455.41,Customer#000000343,HOUSEHOLD,5521.36,CANADA,AMERICA,10,IRAN,4,furiously idle platelets nag. express asymptotes s
821,smoke drab rose hot spring,PROMO POLISHED TIN,MED BOX,10049,MAIL,DELIVER IN PERSON,30.00,51654.60,0.09,1997-07-23,1-URGENT,167455.41,Customer#000000343,HOUSEHOLD,5521.36,CANADA,AMERICA,11,IRAQ,4,pendencies; slyly express foxes integrate carefully across the reg
821,smoke drab rose hot spring,PROMO POLISHED TIN,MED BOX,10049,MAIL,DELIVER IN PERSON,30.00,51654.60,0.09,1997-07-23,1-URGENT,167455.41,Customer#000000343,HOUSEHOLD,5521.36,CANADA,AMERICA,12,JAPAN,2, quickly final packages. furiously i
821,smoke drab rose hot spring,PROMO POLISHED TIN,MED BOX,10049,MAIL,DELIVER IN PERSON,30.00,51654.60,0.09,1997-07-23,1-URGENT,167455.41,Customer#000000343,HOUSEHOLD,5521.36,CANADA,AMERICA,13,JORDAN,4,the slyly regular ideas. silent Tiresias affix slyly fu
821,smoke drab rose hot spring,PROMO POLISHED TIN,MED BOX,10049,MAIL,DELIVER IN PERSON,30.00,51654.60,0.09,1997-07-23,1-URGENT,167455.41,Customer#000000343,HOUSEHOLD,5521.36,CANADA,AMERICA,14,KENYA,0,lyly special foxes. slyly regular deposits sleep carefully. carefully permanent accounts slee
821,smoke drab rose hot spring,PROMO POLISHED TIN,MED BOX,10049,MAIL,DELIVER IN PERSON,30.00,51654.60,0.09,1997-07-23,1-URGENT,167455.41,Customer#000000343,HOUSEHOLD,5521.36,CANADA,AMERICA,15,MOROCCO,0,ct blithely: blithely express accounts nag carefully. silent packages haggle carefully abo
821,smoke drab rose hot spring,PROMO POLISHED TIN,MED BOX,10049,MAIL,DELIVER IN PERSON,30.00,51654.60,0.09,1997-07-23,1-URGENT,167455.41,Customer#000000343,HOUSEHOLD,5521.36,CANADA,AMERICA,16,MOZAMBIQUE,0, beans after the carefully regular accounts r
821,smoke drab rose hot spring,PROMO POLISHED TIN,MED BOX,10049,MAIL,DELIVER IN PERSON,30.00,51654.60,0.09,1997-07-23,1-URGENT,167455.41,Customer#000000343,HOUSEHOLD,5521.36,CANADA,AMERICA,17,PERU,1,ly final foxes. blithely ironic accounts haggle. regular foxes about the regular deposits are furiously ir
821,smoke drab rose hot spring,PROMO POLISHED TIN,MED BOX,10049,MAIL,DELIVER IN PERSON,30.00,51654.60,0.09,1997-07-23,1-URGENT,167455.41,Customer#000000343,HOUSEHOLD,5521.36,CANADA,AMERICA,18,CHINA,2,"ckly special packages cajole slyly. unusual, unusual theodolites mold furiously. slyly sile"
821,smoke drab rose hot spring,PROMO POLISHED TIN,MED BOX,10049,MAIL,DELIVER IN PERSON,30.00,51654.60,0.09,1997-07-23,1-URGENT,167455.41,Customer#000000343,HOUSEHOLD,5521.36,CANADA,AMERICA,19,ROMANIA,3,"sly blithe requests. thinly bold deposits above the blithely regular accounts nag special, final requests. care"
821,smoke drab rose hot spring,PROMO POLISHED TIN,MED BOX,10049,MAIL,DELIVER IN PERSON,30.00,51654.60,0.09,1997-07-23,1-URGENT,167455.41,Customer#000000343,HOUSEHOLD,5521.36,CANADA,AMERICA,20,SAUDI ARABIA,4,se slyly across the blithely regular deposits. deposits use carefully regular 
821,smoke drab rose hot spring,PROMO POLISHED TIN,MED BOX,10049,MAIL,DELIVER IN PERSON,30.00,51654.60,0.09,1997-07-23,1-URGENT,167455.41,Customer#000000343,HOUSEHOLD,5521.36,CANADA,AMERICA,21,VIETNAM,2,lly across the quickly even pinto beans. caref
821,smoke drab rose hot spring,PROMO POLISHED TIN,MED BOX,10049,MAIL,DELIVER IN PERSON,30.00,51654.60,0.09,1997-07-23,1-URGENT,167455.41,Customer#000000343,HOUSEHOLD,5521.36,CANADA,AMERICA,22,RUSSIA,3,uctions. furiously unusual instructions sleep furiously ironic packages. slyly 
821,smoke drab rose hot spring,PROMO POLISHED TIN,MED BOX,10049,MAIL,DELIVER IN PERSON,30.00,51654.60,0.09,1997-07-23,1-URGENT,167455.41,Customer#000000343,HOUSEHOLD,5521.36,CANADA,AMERICA,23,UNITED KINGDOM,3,"carefully pending courts sleep above the ironic, regular theo"
821,smoke drab rose hot spring,PROMO POLISHED TIN,MED BOX,10049,MAIL,DELIVER IN PERSON,30.00,51654.60,0.09,1997-07-23,1-URGENT,167455.41,Customer#000000343,HOUSEHOLD,5521.36,CANADA,AMERICA,24,UNITED STATES,1,ly ironic requests along the slyly bold ideas hang after the blithely special notornis; blithely even accounts
821,smoke drab rose hot spring,PROMO POLISHED TIN,MED BOX,11652,REG AIR,TAKE BACK RETURN,10.00,17218.20,0.07,1995-11-11,4-NOT SPECIFIED,221817.66,Customer#000000721,AUTOMOBILE,3420.64,VIETNAM,ASIA,0,ALGERIA,0,furiously regular requests. platelets affix furious
821,smoke drab rose hot spring,PROMO POLISHED TIN,MED BOX,11652,REG AIR,TAKE BACK RETURN,10.00,17218.20,0.07,1995-11-11,4-NOT SPECIFIED,221817.66,Customer#000000721,AUTOMOBILE,3420.64,VIETNAM,ASIA,1,ARGENTINA,1,"instructions wake quickly. final deposits haggle. final, silent theodolites "
821,smoke drab rose hot spring,PROMO POLISHED TIN,MED BOX,11652,REG AIR,TAKE BACK RETURN,10.00,17218.20,0.07,1995-11-11,4-NOT SPECIFIED,221817.66,Customer#000000721,AUTOMOBILE,3420.64,VIETNAM,ASIA,2,BRAZIL,1,asymptotes use fluffily quickly bold instructions. slyly bold dependencies sleep carefully pending accounts
821,smoke drab rose hot spring,PROMO POLISHED TIN,MED BOX,11652,REG AIR,TAKE BACK RETURN,10.00,17218.20,0.07,1995-11-11,4-NOT SPECIFIED,221817.66,Customer#000000721,AUTOMOBILE,3420.64,VIETNAM,ASIA,3,CANADA,1,ss deposits wake across the pending foxes. packages after the carefully bold requests integrate caref
821,smoke drab rose hot spring,PROMO POLISHED TIN,MED BOX,11652,REG AIR,TAKE BACK RETURN,10.00,17218.20,0.07,1995-11-11,4-NOT SPECIFIED,221817.66,Customer#000000721,AUTOMOBILE,3420.64,VIETNAM,ASIA,4,EGYPT,4,"usly ironic, pending foxes. even, special instructions nag. sly, final foxes detect slyly fluffily "
821,smoke drab rose hot spring,PROMO POLISHED TIN,MED BOX,11652,REG AIR,TAKE BACK RETURN,10.00,17218.20,0.07,1995-11-11,4-NOT SPECIFIED,221817.66,Customer#000000721,AUTOMOBILE,3420.64,VIETNAM,ASIA,5,ETHIOPIA,0,regular requests sleep carefull
821,smoke drab rose hot spring,PROMO POLISHED TIN,MED BOX,11652,REG AIR,TAKE BACK RETURN,10.00,17218.20,0.07,1995-11-11,4-NOT SPECIFIED,221817.66,Customer#000000721,AUTOMOBILE,3420.64,VIETNAM,ASIA,6,FRANCE,3,oggedly. regular packages solve across
821,smoke drab rose hot spring,PROMO POLISHED TIN,MED BOX,11652,REG AIR,TAKE BACK RETURN,10.00,17218.20,0.07,1995-11-11,4-NOT SPECIFIED,221817.66,Customer#000000721,AUTOMOBILE,3420.64,VIETNAM,ASIA,7,GERMANY,3,ong the regular requests: blithely silent pinto beans hagg
821,smoke drab rose hot spring,PROMO POLISHED TIN,MED BOX,11652,REG AIR,TAKE BACK RETURN,10.00,17218.20,0.07,1995-11-11,4-NOT SPECIFIED,221817.66,Customer#000000721,AUTOMOBILE,3420.64,VIETNAM,ASIA,8,INDIA,2,uriously unusual deposits about the slyly final pinto beans could
821,smoke drab rose hot spring,PROMO POLISHED TIN,MED BOX,11652,REG AIR,TAKE BACK RETURN,10.00,17218.20,0.07,1995-11-11,4-NOT SPECIFIED,221817.66,Customer#000000721,AUTOMOBILE,3420.64,VIETNAM,ASIA,9,INDONESIA,2,"d deposits sleep quickly according to the dogged, regular dolphins. special excuses haggle furiously special reque"
821,smoke drab rose hot spring,PROMO POLISHED TIN,MED BOX,11652,REG AIR,TAKE BACK RETURN,10.00,17218.20,0.07,1995-11-11,4-NOT SPECIFIED,221817.66,Customer#000000721,AUTOMOBILE,3420.64,VIETNAM,ASIA,10,IRAN,4,furiously idle platelets nag. express asymptotes s
821,smoke drab rose hot spring,PROMO POLISHED TIN,MED BOX,11652,REG AIR,TAKE BACK RETURN,10.00,17218.20,0.07,1995-11-11,4-NOT SPECIFIED,221817.66,Customer#000000721,AUTOMOBILE,3420.64,VIETNAM,ASIA,11,IRAQ,4,pendencies; slyly express foxes integrate carefully across the reg
821,smoke drab rose hot spring,PROMO POLISHED TIN,MED BOX,11652,REG AIR,TAKE BACK RETURN,10.00,17218.20,0.07,1995-11-11,4-NOT SPECIFIED,221817.66,Customer#000000721,AUTOMOBILE,3420.64,VIETNAM,ASIA,12,JAPAN,2, quickly final packages. furiously i
821,smoke drab rose hot spring,PROMO POLISHED TIN,MED BOX,11652,REG AIR,TAKE BACK RETURN,10.00,17218.20,0.07,1995-11-11,4-NOT SPECIFIED,221817.66,Customer#000000721,AUTOMOBILE,3420.64,VIETNAM,ASIA,13,JORDAN,4,the slyly regular ideas. silent Tiresias affix slyly fu
821,smoke drab rose hot spring,PROMO POLISHED TIN,MED BOX,11652,REG AIR,TAKE BACK RETURN,10.00,17218.20,0.07,1995-11-11,4-NOT SPECIFIED,221817.66,Customer#000000721,AUTOMOBILE,3420.64,VIETNAM,ASIA,14,KENYA,0,lyly special foxes. slyly regular deposits sleep carefully. carefully permanent accounts slee
821,smoke drab rose hot spring,PROMO POLISHED TIN,MED BOX,11652,REG AIR,TAKE BACK RETURN,10.00,17218.20,0.07,1995-11-11,4-NOT SPECIFIED,221817.66,Customer#000000721,AUTOMOBILE,3420.64,VIETNAM,ASIA,15,MOROCCO,0,ct blithely: blithely express accounts nag carefully. silent packages haggle carefully abo
821,smoke drab rose hot spring,PROMO POLISHED TIN,MED BOX,11652,REG AIR,TAKE BACK RETURN,10.00,17218.20,0.07,1995-11-11,4-NOT SPECIFIED,221817.66,Customer#000000721,AUTOMOBILE,3420.64,VIETNAM,ASIA,16,MOZAMBIQUE,0, beans after the carefully regular accounts r
821,smoke drab rose hot spring,PROMO POLISHED TIN,MED BOX,11652,REG AIR,TAKE BACK RETURN,10.00,17218.20,0.07,1995-11-11,4-NOT SPECIFIED,221817.66,Customer#000000721,AUTOMOBILE,3420.64,VIETNAM,ASIA,17,PERU,1,ly final foxes. blithely ironic accounts haggle. regular foxes about the regular deposits are furiously ir
821,smoke drab rose hot spring,PROMO POLISHED TIN,MED BOX,11652,REG AIR,TAKE BACK RETURN,10.00,17218.20,0.07,1995-11-11,4-NOT SPECIFIED,221817.66,Customer#000000721,AUTOMOBILE,3420.64,VIETNAM,ASIA,18,CHINA,2,"ckly special packages cajole slyly. unusual, unusual theodolites mold furiously. slyly sile"
821,smoke drab rose hot spring,PROMO POLISHED TIN,MED BOX,11652,REG AIR,TAKE BACK RETURN,10.00,17218.20,0.07,1995-11-11,4-NOT SPECIFIED,221817.66,Customer#000000721,AUTOMOBILE,3420.64,VIETNAM,ASIA,19,ROMANIA,3,"sly blithe requests. thinly bold deposits above the blithely regular accounts nag special, final requests. care"
821,smoke drab rose hot spring,PROMO POLISHED TIN,MED BOX,11652,REG AIR,TAKE BACK RETURN,10.00,17218.20,0.07,1995-11-11,4-NOT SPECIFIED,221817.66,Customer#000000721,AUTOMOBILE,3420.64,VIETNAM,ASIA,20,SAUDI ARABIA,4,se slyly across the blithely regular deposits. deposits use carefully regular 
821,smoke drab rose hot spring,PROMO POLISHED TIN,MED BOX,11652,REG AIR,TAKE BACK RETURN,10.00,17218.20,0.07,1995-11-11,4-NOT SPECIFIED,221817.66,Customer#000000721,AUTOMOBILE,3420.64,VIETNAM,ASIA,21,VIETNAM,2,lly across the quickly even pinto beans. caref
821,smoke drab rose hot spring,PROMO POLISHED TIN,MED BOX,11652,REG AIR,TAKE BACK RETURN,10.00,17218.20,0.07,1995-11-11,4-NOT SPECIFIED,221817.66,Customer#000000721,AUTOMOBILE,3420.64,VIETNAM,ASIA,22,RUSSIA,3,uctions. furiously unusual instructions sleep furiously ironic packages. slyly 
821,smoke drab rose hot spring,PROMO POLISHED TIN,MED BOX,11652,REG AIR,TAKE BACK RETURN,10.00,17218.20,0.07,1995-11-11,4-NOT SPECIFIED,221817.66,Customer#000000721,AUTOMOBILE,3420.64,VIETNAM,ASIA,23,UNITED KINGDOM,3,"carefully pending courts sleep above the ironic, regular theo"
821,smoke drab rose hot spring,PROMO POLISHED TIN,MED BOX,11652,REG AIR,TAKE BACK RETURN,10.00,17218.20,0.07,1995-11-11,4-NOT SPECIFIED,221817.66,Customer#000000721,AUTOMOBILE,3420.64,VIETNAM,ASIA,24,UNITED STATES,1,ly ironic requests along the slyly bold ideas hang after the blithely special notornis; blithely even accounts
821,smoke drab rose hot spring,PROMO POLISHED TIN,MED BOX,23621,REG AIR,DELIVER IN PERSON,28.00,48210.96,0.03,1996-12-29,3-MEDIUM,214948.72,Customer#000000394,MACHINERY,5200.96,UNITED KINGDOM,EUROPE,0,ALGERIA,0,furiously regular requests. platelets affix furious
821,smoke drab rose hot spring,PROMO POLISHED TIN,MED BOX,23621,REG AIR,DELIVER IN PERSON,28.00,48210.96,0.03,1996-12-29,3-MEDIUM,214948.72,Customer#000000394,MACHINERY,5200.96,UNITED KINGDOM,EUROPE,1,ARGENTINA,1,"instructions wake quickly. final deposits haggle. final, silent theodolites "
821,smoke drab rose hot spring,PROMO POLISHED TIN,MED BOX,23621,REG AIR,DELIVER IN PERSON,28.00,48210.96,0.03,1996-12-29,3-MEDIUM,214948.72,Customer#000000394,MACHINERY,5200.96,UNITED KINGDOM,EUROPE,2,BRAZIL,1,asymptotes use fluffily quickly bold instructions. slyly bold dependencies sleep carefully pending accounts
821,smoke drab rose hot spring,PROMO POLISHED TIN,MED BOX,23621,REG AIR,DELIVER IN PERSON,28.00,48210.96,0.03,1996-12-29,3-MEDIUM,214948.72,Customer#000000394,MACHINERY,5200.96,UNITED KINGDOM,EUROPE,3,CANADA,1,ss deposits wake across the pending foxes. packages after the carefully bold requests integrate caref
821,smoke drab rose hot spring,PROMO POLISHED TIN,MED BOX,23621,REG AIR,DELIVER IN PERSON,28.00,48210.96,0.03,1996-12-29,3-MEDIUM,214948.72,Customer#000000394,MACHINERY,5200.96,UNITED KINGDOM,EUROPE,4,EGYPT,4,"usly ironic, pending foxes. even, special instructions nag. sly, final foxes detect slyly fluffily "
821,smoke drab rose hot spring,PROMO POLISHED TIN,MED BOX,23621,REG AIR,DELIVER IN PERSON,28.00,48210.96,0.03,1996-12-29,3-MEDIUM,214948.72,Customer#000000394,MACHINERY,5200.96,UNITED KINGDOM,EUROPE,5,ETHIOPIA,0,regular requests sleep carefull
821,smoke drab rose hot spring,PROMO POLISHED TIN,MED BOX,23621,REG AIR,DELIVER IN PERSON,28.00,48210.96,0.03,1996-12-29,3-MEDIUM,214948.72,Customer#000000394,MACHINERY,5200.96,UNITED KINGDOM,EUROPE,6,FRANCE,3,oggedly. regular packages solve across
821,smoke drab rose hot spring,PROMO POLISHED TIN,MED BOX,23621,REG AIR,DELIVER IN PERSON,28.00,48210.96,0.03,1996-12-29,3-MEDIUM,214948.72,Customer#000000394,MACHINERY,5200.96,UNITED KINGDOM,EUROPE,7,GERMANY,3,ong the regular requests: blithely silent pinto beans hagg
821,smoke drab rose hot spring,PROMO POLISHED TIN,MED BOX,23621,REG AIR,DELIVER IN PERSON,28.00,48210.96,0.03,1996-12-29,3-MEDIUM,214948.72,Customer#000000394,MACHINERY,5200.96,UNITED KINGDOM,EUROPE,8,INDIA,2,uriously unusual deposits about the slyly final pinto beans could
821,smoke drab rose hot spring,PROMO POLISHED TIN,MED BOX,23621,REG AIR,DELIVER IN PERSON,28.00,48210.96,0.03,1996-12-29,3-MEDIUM,214948.72,Customer#000000394,MACHINERY,5200.96,UNITED KINGDOM,EUROPE,9,INDONESIA,2,"d deposits sleep quickly according to the dogged, regular dolphins. special excuses haggle furiously special reque"
821,smoke drab rose hot spring,PROMO POLISHED TIN,MED BOX,23621,REG AIR,DELIVER IN PERSON,28.00,48210.96,0.03,1996-12-29,3-MEDIUM,214948.72,Customer#000000394,MACHINERY,5200.96,UNITED KINGDOM,EUROPE,10,IRAN,4,furiously idle platelets nag. express asymptotes s
821,smoke drab rose hot spring,PROMO POLISHED TIN,MED BOX,23621,REG AIR,DELIVER IN PERSON,28.00,48210.96,0.03,1996-12-29,3-MEDIUM,214948.72,Customer#000000394,MACHINERY,5200.96,UNITED KINGDOM,EUROPE,11,IRAQ,4,pendencies; slyly express foxes integrate carefully across the reg
821,smoke drab rose hot spring,PROMO POLISHED TIN,MED BOX,23621,REG AIR,DELIVER IN PERSON,28.00,48210.96,0.03,1996-12-29,3-MEDIUM,214948.72,Customer#000000394,MACHINERY,5200.96,UNITED KINGDOM,EUROPE,12,JAPAN,2, quickly final packages. furiously i
821,smoke drab rose hot spring,PROMO POLISHED TIN,MED BOX,23621,REG AIR,DELIVER IN PERSON,28.00,48210.96,0.03,1996-12-29,3-MEDIUM,214948.72,Customer#000000394,MACHINERY,5200.96,UNITED KINGDOM,EUROPE,13,JORDAN,4,the slyly regular ideas. silent Tiresias affix slyly fu
821,smoke drab rose hot spring,PROMO POLISHED TIN,MED BOX,23621,REG AIR,DELIVER IN PERSON,28.00,48210.96,0.03,1996-12-29,3-MEDIUM,214948.72,Customer#000000394,MACHINERY,5200.96,UNITED KINGDOM,EUROPE,14,KENYA,0,lyly special foxes. slyly regular deposits sleep carefully. carefully permanent accounts slee
821,smoke drab rose hot spring,PROMO POLISHED TIN,MED BOX,23621,REG AIR,DELIVER IN PERSON,28.00,48210.96,0.03,1996-12-29,3-MEDIUM,214948.72,Customer#000000394,MACHINERY,5200.96,UNITED KINGDOM,EUROPE,15,MOROCCO,0,ct blithely: blithely express accounts nag carefully. silent packages haggle carefully abo
821,smoke drab rose hot spring,PROMO POLISHED TIN,MED BOX,23621,REG AIR,DELIVER IN PERSON,28.00,48210.96,0.03,1996-12-29,3-MEDIUM,214948.72,Customer#000000394,MACHINERY,5200.96,UNITED KINGDOM,EUROPE,16,MOZAMBIQUE,0, beans after the carefully regular accounts r
821,smoke drab rose hot spring,PROMO POLISHED TIN,MED BOX,23621,REG AIR,DELIVER IN PERSON,28.00,48210.96,0.03,1996-12-29,3-MEDIUM,214948.72,Customer#000000394,MACHINERY,5200.96,UNITED KINGDOM,EUROPE,17,PERU,1,ly final foxes. blithely ironic accounts haggle. regular foxes about the regular deposits are furiously ir
821,smoke drab rose hot spring,PROMO POLISHED TIN,MED BOX,23621,REG AIR,DELIVER IN PERSON,28.00,48210.96,0.03,1996-12-29,3-MEDIUM,214948.72,Customer#000000394,MACHINERY,5200.96,UNITED KINGDOM,EUROPE,18,CHINA,2,"ckly special packages cajole slyly. unusual, unusual theodolites mold furiously. slyly sile"
821,smoke drab rose hot spring,PROMO POLISHED TIN,MED BOX,23621,REG AIR,DELIVER IN PERSON,28.00,48210.96,0.03,1996-12-29,3-MEDIUM,214948.72,Customer#000000394,MACHINERY,5200.96,UNITED KINGDOM,EUROPE,19,ROMANIA,3,"sly blithe requests. thinly bold deposits above the blithely regular accounts nag special, final requests. care"
821,smoke drab rose hot spring,PROMO POLISHED TIN,MED BOX,23621,REG AIR,DELIVER IN PERSON,28.00,48210.96,0.03,1996-12-29,3-MEDIUM,214948.72,Customer#000000394,MACHINERY,5200.96,UNITED KINGDOM,EUROPE,20,SAUDI ARABIA,4,se slyly across the blithely regular deposits. deposits use carefully regular 
821,smoke drab rose hot spring,PROMO POLISHED TIN,MED BOX,23621,REG AIR,DELIVER IN PERSON,28.00,48210.96,0.03,1996-12-29,3-MEDIUM,214948.72,Customer#000000394,MACHINERY,5200.96,UNITED KINGDOM,EUROPE,21,VIETNAM,2,lly across the quickly even pinto beans. caref
821,smoke drab rose hot spring,PROMO POLISHED TIN,MED BOX,23621,REG AIR,DELIVER IN PERSON,28.00,48210.96,0.03,1996-12-29,3-MEDIUM,214948.72,Customer#000000394,MACHINERY,5200.96,UNITED KINGDOM,EUROPE,22,RUSSIA,3,uctions. furiously unusual instructions sleep furiously ironic packages. slyly 
821,smoke drab rose hot spring,PROMO POLISHED TIN,MED BOX,23621,REG AIR,DELIVER IN PERSON,28.00,48210.96,0.03,1996-12-29,3-MEDIUM,214948.72,Customer#000000394,MACHINERY,5200.96,UNITED KINGDOM,EUROPE,23,UNITED KINGDOM,3,"carefully pending courts sleep above the ironic, regular theo"
821,smoke drab rose hot spring,PROMO POLISHED TIN,MED BOX,23621,REG AIR,DELIVER IN PERSON,28.00,48210.96,0.03,1996-12-29,3-MEDIUM,214948.72,Customer#000000394,MACHINERY,5200.96,UNITED KINGDOM,EUROPE,24,UNITED STATES,1,ly ironic requests along the slyly bold ideas hang after the blithely special notornis; blithely even accounts
826,ghost rosy beige salmon lemon,ECONOMY PLATED TIN,SM CASE,12868,MAIL,DELIVER IN PERSON,45.00,77706.90,0.06,1995-03-02,1-URGENT,212378.63,Customer#000000521,MACHINERY,5830.69,BRAZIL,AMERICA,0,ALGERIA,0,furiously regular requests. platelets affix furious
826,ghost rosy beige salmon lemon,ECONOMY PLATED TIN,SM CASE,12868,MAIL,DELIVER IN PERSON,45.00,77706.90,0.06,1995-03-02,1-URGENT,212378.63,Customer#000000521,MACHINERY,5830.69,BRAZIL,AMERICA,1,ARGENTINA,1,"instructions wake quickly. final deposits haggle. final, silent theodolites "
826,ghost rosy beige salmon lemon,ECONOMY PLATED TIN,SM CASE,12868,MAIL,DELIVER IN PERSON,45.00,77706.90,0.06,1995-03-02,1-URGENT,212378.63,Customer#000000521,MACHINERY,5830.69,BRAZIL,AMERICA,2,BRAZIL,1,asymptotes use fluffily quickly bold instructions. slyly bold dependencies sleep carefully pending accounts
826,ghost rosy beige salmon lemon,ECONOMY PLATED TIN,SM CASE,12868,MAIL,DELIVER IN PERSON,45.00,77706.90,0.06,1995-03-02,1-URGENT,212378.63,Customer#000000521,MACHINERY,5830.69,BRAZIL,AMERICA,3,CANADA,1,ss deposits wake across the pending foxes. packages after the carefully bold requests integrate caref
826,ghost rosy beige salmon lemon,ECONOMY PLATED TIN,SM CASE,12868,MAIL,DELIVER IN PERSON,45.00,77706.90,0.06,1995-03-02,1-URGENT,212378.63,Customer#000000521,MACHINERY,5830.69,BRAZIL,AMERICA,4,EGYPT,4,"usly ironic, pending foxes. even, special instructions nag. sly, final foxes detect slyly fluffily "
826,ghost rosy beige salmon lemon,ECONOMY PLATED TIN,SM CASE,12868,MAIL,DELIVER IN PERSON,45.00,77706.90,0.06,1995-03-02,1-URGENT,212378.63,Customer#000000521,MACHINERY,5830.69,BRAZIL,AMERICA,5,ETHIOPIA,0,regular requests sleep carefull
826,ghost rosy beige salmon lemon,ECONOMY PLATED TIN,SM CASE,12868,MAIL,DELIVER IN PERSON,45.00,77706.90,0.06,1995-03-02,1-URGENT,212378.63,Customer#000000521,MACHINERY,5830.69,BRAZIL,AMERICA,6,FRANCE,3,oggedly. regular packages solve across
826,ghost rosy beige salmon lemon,ECONOMY PLATED TIN,SM CASE,12868,MAIL,DELIVER IN PERSON,45.00,77706.90,0.06,1995-03-02,1-URGENT,212378.63,Customer#000000521,MACHINERY,5830.69,BRAZIL,AMERICA,7,GERMANY,3,ong the regular requests: blithely silent pinto beans hagg
826,ghost rosy beige salmon lemon,ECONOMY PLATED TIN,SM CASE,12868,MAIL,DELIVER IN PERSON,45.00,77706.90,0.06,1995-03-02,1-URGENT,212378.63,Customer#000000521,MACHINERY,5830.69,BRAZIL,AMERICA,8,INDIA,2,uriously unusual deposits about the slyly final pinto beans could
826,ghost rosy beige salmon lemon,ECONOMY PLATED TIN,SM CASE,12868,MAIL,DELIVER IN PERSON,45.00,77706.90,0.06,1995-03-02,1-URGENT,212378.63,Customer#000000521,MACHINERY,5830.69,BRAZIL,AMERICA,9,INDONESIA,2,"d deposits sleep quickly according to the dogged, regular dolphins. special excuses haggle furiously special reque"
826,ghost rosy beige salmon lemon,ECONOMY PLATED TIN,SM CASE,12868,MAIL,DELIVER IN PERSON,45.00,77706.90,0.06,1995-03-02,1-URGENT,212378.63,Customer#000000521,MACHINERY,5830.69,BRAZIL,AMERICA,10,IRAN,4,furiously idle platelets nag. express asymptotes s
826,ghost rosy beige salmon lemon,ECONOMY PLATED TIN,SM CASE,12868,MAIL,DELIVER IN PERSON,45.00,77706.90,0.06,1995-03-02,1-URGENT,212378.63,Customer#000000521,MACHINERY,5830.69,BRAZIL,AMERICA,11,IRAQ,4,pendencies; slyly express foxes integrate carefully across the reg
826,ghost rosy beige salmon lemon,ECONOMY PLATED TIN,SM CASE,12868,MAIL,DELIVER IN PERSON,45.00,77706.90,0.06,1995-03-02,1-URGENT,212378.63,Customer#000000521,MACHINERY,5830.69,BRAZIL,AMERICA,12,JAPAN,2, quickly final packages. furiously i
826,ghost rosy beige salmon lemon,ECONOMY PLATED TIN,SM CASE,12868,MAIL,DELIVER IN PERSON,45.00,77706.90,0.06,1995-03-02,1-URGENT,212378.63,Customer#000000521,MACHINERY,5830.69,BRAZIL,AMERICA,13,JORDAN,4,the slyly regular ideas. silent Tiresias affix slyly fu
826,ghost rosy beige salmon lemon,ECONOMY PLATED TIN,SM CASE,12868,MAIL,DELIVER IN PERSON,45.00,77706.90,0.06,1995-03-02,1-URGENT,212378.63,Customer#000000521,MACHINERY,5830.69,BRAZIL,AMERICA,14,KENYA,0,lyly special foxes. slyly regular deposits sleep carefully. carefully permanent accounts slee
826,ghost rosy beige salmon lemon,ECONOMY PLATED TIN,SM CASE,12868,MAIL,DELIVER IN PERSON,45.00,77706.90,0.06,1995-03-02,1-URGENT,212378.63,Customer#000000521,MACHINERY,5830.69,BRAZIL,AMERICA,15,MOROCCO,0,ct blithely: blithely express accounts nag carefully. silent packages haggle carefully abo
826,ghost rosy beige salmon lemon,ECONOMY PLATED TIN,SM CASE,12868,MAIL,DELIVER IN PERSON,45.00,77706.90,0.06,1995-03-02,1-URGENT,212378.63,Customer#000000521,MACHINERY,5830.69,BRAZIL,AMERICA,16,MOZAMBIQUE,0, beans after the carefully regular accounts r
826,ghost rosy beige salmon lemon,ECONOMY PLATED TIN,SM CASE,12868,MAIL,DELIVER IN PERSON,45.00,77706.90,0.06,1995-03-02,1-URGENT,212378.63,Customer#000000521,MACHINERY,5830.69,BRAZIL,AMERICA,17,PERU,1,ly final foxes. blithely ironic accounts haggle. regular foxes about the regular deposits are furiously ir
826,ghost rosy beige salmon lemon,ECONOMY PLATED TIN,SM CASE,12868,MAIL,DELIVER IN PERSON,45.00,77706.90,0.06,1995-03-02,1-URGENT,212378.63,Customer#000000521,MACHINERY,5830.69,BRAZIL,AMERICA,18,CHINA,2,"ckly special packages cajole slyly. unusual, unusual theodolites mold furiously. slyly sile"
826,ghost rosy beige salmon lemon,ECONOMY PLATED TIN,SM CASE,12868,MAIL,DELIVER IN PERSON,45.00,77706.90,0.06,1995-03-02,1-URGENT,212378.63,Customer#000000521,MACHINERY,5830.69,BRAZIL,AMERICA,19,ROMANIA,3,"sly blithe requests. thinly bold deposits above the blithely regular accounts nag special, final requests. care"
826,ghost rosy beige salmon lemon,ECONOMY PLATED TIN,SM CASE,12868,MAIL,DELIVER IN PERSON,45.00,77706.90,0.06,1995-03-02,1-URGENT,212378.63,Customer#000000521,MACHINERY,5830.69,BRAZIL,AMERICA,20,SAUDI ARABIA,4,se slyly across the blithely regular deposits. deposits use carefully regular 
826,ghost rosy beige salmon lemon,ECONOMY PLATED TIN,SM CASE,12868,MAIL,DELIVER IN PERSON,45.00,77706.90,0.06,1995-03-02,1-URGENT,212378.63,Customer#000000521,MACHINERY,5830.69,BRAZIL,AMERICA,21,VIETNAM,2,lly across the quickly even pinto beans. caref
826,ghost rosy beige salmon lemon,ECONOMY PLATED TIN,SM CASE,12868,MAIL,DELIVER IN PERSON,45.00,77706.90,0.06,1995-03-02,1-URGENT,212378.63,Customer#000000521,MACHINERY,5830.69,BRAZIL,AMERICA,22,RUSSIA,3,uctions. furiously unusual instructions sleep furiously ironic packages. slyly 
826,ghost rosy beige salmon lemon,ECONOMY PLATED TIN,SM CASE,12868,MAIL,DELIVER IN PERSON,45.00,77706.90,0.06,1995-03-02,1-URGENT,212378.63,Customer#000000521,MACHINERY,5830.69,BRAZIL,AMERICA,23,UNITED KINGDOM,3,"carefully pending courts sleep above the ironic, regular theo"
826,ghost rosy beige salmon lemon,ECONOMY PLATED TIN,SM CASE,12868,MAIL,DELIVER IN PERSON,45.00,77706.90,0.06,1995-03-02,1-URGENT,212378.63,Customer#000000521,MACHINERY,5830.69,BRAZIL,AMERICA,24,UNITED STATES,1,ly ironic requests along the slyly bold ideas hang after the blithely special notornis; blithely even accounts
826,ghost rosy beige salmon lemon,ECONOMY PLATED TIN,SM CASE,14531,MAIL,TAKE BACK RETURN,45.00,77706.90,0.06,1997-06-11,2-HIGH,203176.76,Customer#000000667,AUTOMOBILE,3288.76,FRANCE,EUROPE,0,ALGERIA,0,furiously regular requests. platelets affix furious
826,ghost rosy beige salmon lemon,ECONOMY PLATED TIN,SM CASE,14531,MAIL,TAKE BACK RETURN,45.00,77706.90,0.06,1997-06-11,2-HIGH,203176.76,Customer#000000667,AUTOMOBILE,3288.76,FRANCE,EUROPE,1,ARGENTINA,1,"instructions wake quickly. final deposits haggle. final, silent theodolites "
826,ghost rosy beige salmon lemon,ECONOMY PLATED TIN,SM CASE,14531,MAIL,TAKE BACK RETURN,45.00,77706.90,0.06,1997-06-11,2-HIGH,203176.76,Customer#000000667,AUTOMOBILE,3288.76,FRANCE,EUROPE,2,BRAZIL,1,asymptotes use fluffily quickly bold instructions. slyly bold dependencies sleep carefully pending accounts
826,ghost rosy beige salmon lemon,ECONOMY PLATED TIN,SM CASE,14531,MAIL,TAKE BACK RETURN,45.00,77706.90,0.06,1997-06-11,2-HIGH,203176.76,Customer#000000667,AUTOMOBILE,3288.76,FRANCE,EUROPE,3,CANADA,1,ss deposits wake across the pending foxes. packages after the carefully bold requests integrate caref
826,ghost rosy beige salmon lemon,ECONOMY PLATED TIN,SM CASE,14531,MAIL,TAKE BACK RETURN,45.00,77706.90,0.06,1997-06-11,2-HIGH,203176.76,Customer#000000667,AUTOMOBILE,3288.76,FRANCE,EUROPE,4,EGYPT,4,"usly ironic, pending foxes. even, special instructions nag. sly, final foxes detect slyly fluffily "
826,ghost rosy beige salmon lemon,ECONOMY PLATED TIN,SM CASE,14531,MAIL,TAKE BACK RETURN,45.00,77706.90,0.06,1997-06-11,2-HIGH,203176.76,Customer#000000667,AUTOMOBILE,3288.76,FRANCE,EUROPE,5,ETHIOPIA,0,regular requests sleep carefull
826,ghost rosy beige salmon lemon,ECONOMY PLATED TIN,SM CASE,14531,MAIL,TAKE BACK RETURN,45.00,77706.90,0.06,1997-06-11,2-HIGH,203176.76,Customer#000000667,AUTOMOBILE,3288.76,FRANCE,EUROPE,6,FRANCE,3,oggedly. regular packages solve across
826,ghost rosy beige salmon lemon,ECONOMY PLATED TIN,SM CASE,14531,MAIL,TAKE BACK RETURN,45.00,77706.90,0.06,1997-06-11,2-HIGH,203176.76,Customer#000000667,AUTOMOBILE,3288.76,FRANCE,EUROPE,7,GERMANY,3,ong the regular requests: blithely silent pinto beans hagg
826,ghost rosy beige salmon lemon,ECONOMY PLATED TIN,SM CASE,14531,MAIL,TAKE BACK RETURN,45.00,77706.90,0.06,1997-06-11,2-HIGH,203176.76,Customer#000000667,AUTOMOBILE,3288.76,FRANCE,EUROPE,8,INDIA,2,uriously unusual deposits about the slyly final pinto beans could
826,ghost rosy beige salmon lemon,ECONOMY PLATED TIN,SM CASE,14531,MAIL,TAKE BACK RETURN,45.00,77706.90,0.06,1997-06-11,2-HIGH,203176.76,Customer#000000667,AUTOMOBILE,3288.76,FRANCE,EUROPE,9,INDONESIA,2,"d deposits sleep quickly according to the dogged, regular dolphins. special excuses haggle furiously special reque"
826,ghost rosy beige salmon lemon,ECONOMY PLATED TIN,SM CASE,14531,MAIL,TAKE BACK RETURN,45.00,77706.90,0.06,1997-06-11,2-HIGH,203176.76,Customer#000000667,AUTOMOBILE,3288.76,FRANCE,EUROPE,10,IRAN,4,furiously idle platelets nag. express asymptotes s
826,ghost rosy beige salmon lemon,ECONOMY PLATED TIN,SM CASE,14531,MAIL,TAKE BACK RETURN,45.00,77706.90,0.06,1997-06-11,2-HIGH,203176.76,Customer#000000667,AUTOMOBILE,3288.76,FRANCE,EUROPE,11,IRAQ,4,pendencies; slyly express foxes integrate carefully across the reg
826,ghost rosy beige salmon lemon,ECONOMY PLATED TIN,SM CASE,14531,MAIL,TAKE BACK RETURN,45.00,77706.90,0.06,1997-06-11,2-HIGH,203176.76,Customer#000000667,AUTOMOBILE,3288.76,FRANCE,EUROPE,12,JAPAN,2, quickly final packages. furiously i
826,ghost rosy beige salmon lemon,ECONOMY PLATED TIN,SM CASE,14531,MAIL,TAKE BACK RETURN,45.00,77706.90,0.06,1997-06-11,2-HIGH,203176.76,Customer#000000667,AUTOMOBILE,3288.76,FRANCE,EUROPE,13,JORDAN,4,the slyly regular ideas. silent Tiresias affix slyly fu
826,ghost rosy beige salmon lemon,ECONOMY PLATED TIN,SM CASE,14531,MAIL,TAKE BACK RETURN,45.00,77706.90,0.06,1997-06-11,2-HIGH,203176.76,Customer#000000667,AUTOMOBILE,3288.76,FRANCE,EUROPE,14,KENYA,0,lyly special foxes. slyly regular deposits sleep carefully. carefully permanent accounts slee
826,ghost rosy beige salmon lemon,ECONOMY PLATED TIN,SM CASE,14531,MAIL,TAKE BACK RETURN,45.00,77706.90,0.06,1997-06-11,2-HIGH,203176.76,Customer#000000667,AUTOMOBILE,3288.76,FRANCE,EUROPE,15,MOROCCO,0,ct blithely: blithely express accounts nag carefully. silent packages haggle carefully abo
826,ghost rosy beige salmon lemon,ECONOMY PLATED TIN,SM CASE,14531,MAIL,TAKE BACK RETURN,45.00,77706.90,0.06,1997-06-11,2-HIGH,203176.76,Customer#000000667,AUTOMOBILE,3288.76,FRANCE,EUROPE,16,MOZAMBIQUE,0, beans after the carefully regular accounts r
826,ghost rosy beige salmon lemon,ECONOMY PLATED TIN,SM CASE,14531,MAIL,TAKE BACK RETURN,45.00,77706.90,0.06,1997-06-11,2-HIGH,203176.76,Customer#000000667,AUTOMOBILE,3288.76,FRANCE,EUROPE,17,PERU,1,ly final foxes. blithely ironic accounts haggle. regular foxes about the regular deposits are furiously ir
826,ghost rosy beige salmon lemon,ECONOMY PLATED TIN,SM CASE,14531,MAIL,TAKE BACK RETURN,45.00,77706.90,0.06,1997-06-11,2-HIGH,203176.76,Customer#000000667,AUTOMOBILE,3288.76,FRANCE,EUROPE,18,CHINA,2,"ckly special packages cajole slyly. unusual, unusual theodolites mold furiously. slyly sile"
826,ghost rosy beige salmon lemon,ECONOMY PLATED TIN,SM CASE,14531,MAIL,TAKE BACK RETURN,45.00,77706.90,0.06,1997-06-11,2-HIGH,203176.76,Customer#000000667,AUTOMOBILE,3288.76,FRANCE,EUROPE,19,ROMANIA,3,"sly blithe requests. thinly bold deposits above the blithely regular accounts nag special, final requests. care"
826,ghost rosy beige salmon lemon,ECONOMY PLATED TIN,SM CASE,14531,MAIL,TAKE BACK RETURN,45.00,77706.90,0.06,1997-06-11,2-HIGH,203176.76,Customer#000000667,AUTOMOBILE,3288.76,FRANCE,EUROPE,20,SAUDI ARABIA,4,se slyly across the blithely regular deposits. deposits use carefully regular 
826,ghost rosy beige salmon lemon,ECONOMY PLATED TIN,SM CASE,14531,MAIL,TAKE BACK RETURN,45.00,77706.90,0.06,1997-06-11,2-HIGH,203176.76,Customer#000000667,AUTOMOBILE,3288.76,FRANCE,EUROPE,21,VIETNAM,2,lly across the quickly even pinto beans. caref
826,ghost rosy beige salmon lemon,ECONOMY PLATED TIN,SM CASE,14531,MAIL,TAKE BACK RETURN,45.00,77706.90,0.06,1997-06-11,2-HIGH,203176.76,Customer#000000667,AUTOMOBILE,3288.76,FRANCE,EUROPE,22,RUSSIA,3,uctions. furiously unusual instructions sleep furiously ironic packages. slyly 
826,ghost rosy beige salmon lemon,ECONOMY PLATED TIN,SM CASE,14531,MAIL,TAKE BACK RETURN,45.00,77706.90,0.06,1997-06-11,2-HIGH,203176.76,Customer#000000667,AUTOMOBILE,3288.76,FRANCE,EUROPE,23,UNITED KINGDOM,3,"carefully pending courts sleep above the ironic, regular theo"
826,ghost rosy beige salmon lemon,ECONOMY PLATED TIN,SM CASE,14531,MAIL,TAKE BACK RETURN,45.00,77706.90,0.06,1997-06-11,2-HIGH,203176.76,Customer#000000667,AUTOMOBILE,3288.76,FRANCE,EUROPE,24,UNITED STATES,1,ly ironic requests along the slyly bold ideas hang after the blithely special notornis; blithely even accounts
826,ghost rosy beige salmon lemon,ECONOMY PLATED TIN,SM CASE,24674,MAIL,DELIVER IN PERSON,14.00,24175.48,0.06,1996-05-15,2-HIGH,148334.99,Customer#000000046,AUTOMOBILE,5744.59,FRANCE,EUROPE,0,ALGERIA,0,furiously regular requests. platelets affix furious
826,ghost rosy beige salmon lemon,ECONOMY PLATED TIN,SM CASE,24674,MAIL,DELIVER IN PERSON,14.00,24175.48,0.06,1996-05-15,2-HIGH,148334.99,Customer#000000046,AUTOMOBILE,5744.59,FRANCE,EUROPE,1,ARGENTINA,1,"instructions wake quickly. final deposits haggle. final, silent theodolites "
826,ghost rosy beige salmon lemon,ECONOMY PLATED TIN,SM CASE,24674,MAIL,DELIVER IN PERSON,14.00,24175.48,0.06,1996-05-15,2-HIGH,148334.99,Customer#000000046,AUTOMOBILE,5744.59,FRANCE,EUROPE,2,BRAZIL,1,asymptotes use fluffily quickly bold instructions. slyly bold dependencies sleep carefully pending accounts
826,ghost rosy beige salmon lemon,ECONOMY PLATED TIN,SM CASE,24674,MAIL,DELIVER IN PERSON,14.00,24175.48,0.06,1996-05-15,2-HIGH,148334.99,Customer#000000046,AUTOMOBILE,5744.59,FRANCE,EUROPE,3,CANADA,1,ss deposits wake across the pending foxes. packages after the carefully bold requests integrate caref
826,ghost rosy beige salmon lemon,ECONOMY PLATED TIN,SM CASE,24674,MAIL,DELIVER IN PERSON,14.00,24175.48,0.06,1996-05-15,2-HIGH,148334.99,Customer#000000046,AUTOMOBILE,5744.59,FRANCE,EUROPE,4,EGYPT,4,"usly ironic, pending foxes. even, special instructions nag. sly, final foxes detect slyly fluffily "
826,ghost rosy beige salmon lemon,ECONOMY PLATED TIN,SM CASE,24674,MAIL,DELIVER IN PERSON,14.00,24175.48,0.06,1996-05-15,2-HIGH,148334.99,Customer#000000046,AUTOMOBILE,5744.59,FRANCE,EUROPE,5,ETHIOPIA,0,regular requests sleep carefull
826,ghost rosy beige salmon lemon,ECONOMY PLATED TIN,SM CASE,24674,MAIL,DELIVER IN PERSON,14.00,24175.48,0.06,1996-05-15,2-HIGH,148334.99,Customer#000000046,AUTOMOBILE,5744.59,FRANCE,EUROPE,6,FRANCE,3,oggedly. regular packages solve across
826,ghost rosy beige salmon lemon,ECONOMY PLATED TIN,SM CASE,24674,MAIL,DELIVER IN PERSON,14.00,24175.48,0.06,1996-05-15,2-HIGH,148334.99,Customer#000000046,AUTOMOBILE,5744.59,FRANCE,EUROPE,7,GERMANY,3,ong the regular requests: blithely silent pinto beans hagg
826,ghost rosy beige salmon lemon,ECONOMY PLATED TIN,SM CASE,24674,MAIL,DELIVER IN PERSON,14.00,24175.48,0.06,1996-05-15,2-HIGH,148334.99,Customer#000000046,AUTOMOBILE,5744.59,FRANCE,EUROPE,8,INDIA,2,uriously unusual deposits about the slyly final pinto beans could
826,ghost rosy beige salmon lemon,ECONOMY PLATED TIN,SM CASE,24674,MAIL,DELIVER IN PERSON,14.00,24175.48,0.06,1996-05-15,2-HIGH,148334.99,Customer#000000046,AUTOMOBILE,5744.59,FRANCE,EUROPE,9,INDONESIA,2,"d deposits sleep quickly according to the dogged, regular dolphins. special excuses haggle furiously special reque"
826,ghost rosy beige salmon lemon,ECONOMY PLATED TIN,SM CASE,24674,MAIL,DELIVER IN PERSON,14.00,24175.48,0.06,1996-05-15,2-HIGH,148334.99,Customer#000000046,AUTOMOBILE,5744.59,FRANCE,EUROPE,10,IRAN,4,furiously idle platelets nag. express asymptotes s
826,ghost rosy beige salmon lemon,ECONOMY PLATED TIN,SM CASE,24674,MAIL,DELIVER IN PERSON,14.00,24175.48,0.06,1996-05-15,2-HIGH,148334.99,Customer#000000046,AUTOMOBILE,5744.59,FRANCE,EUROPE,11,IRAQ,4,pendencies; slyly express foxes integrate carefully across the reg
826,ghost rosy beige salmon lemon,ECONOMY PLATED TIN,SM CASE,24674,MAIL,DELIVER IN PERSON,14.00,24175.48,0.06,1996-05-15,2-HIGH,148334.99,Customer#000000046,AUTOMOBILE,5744.59,FRANCE,EUROPE,12,JAPAN,2, quickly final packages. furiously i
826,ghost rosy beige salmon lemon,ECONOMY PLATED TIN,SM CASE,24674,MAIL,DELIVER IN PERSON,14.00,24175.48,0.06,1996-05-15,2-HIGH,148334.99,Customer#000000046,AUTOMOBILE,5744.59,FRANCE,EUROPE,13,JORDAN,4,the slyly regular ideas. silent Tiresias affix slyly fu
826,ghost rosy beige salmon lemon,ECONOMY PLATED TIN,SM CASE,24674,MAIL,DELIVER IN PERSON,14.00,24175.48,0.06,1996-05-15,2-HIGH,148334.99,Customer#000000046,AUTOMOBILE,5744.59,FRANCE,EUROPE,14,KENYA,0,lyly special foxes. slyly regular deposits sleep carefully. carefully permanent accounts slee
826,ghost rosy beige salmon lemon,ECONOMY PLATED TIN,SM CASE,24674,MAIL,DELIVER IN PERSON,14.00,24175.48,0.06,1996-05-15,2-HIGH,148334.99,Customer#000000046,AUTOMOBILE,5744.59,FRANCE,EUROPE,15,MOROCCO,0,ct blithely: blithely express accounts nag carefully. silent packages haggle carefully abo
826,ghost rosy beige salmon lemon,ECONOMY PLATED TIN,SM CASE,24674,MAIL,DELIVER IN PERSON,14.00,24175.48,0.06,1996-05-15,2-HIGH,148334.99,Customer#000000046,AUTOMOBILE,5744.59,FRANCE,EUROPE,16,MOZAMBIQUE,0, beans after the carefully regular accounts r
826,ghost rosy beige salmon lemon,ECONOMY PLATED TIN,SM CASE,24674,MAIL,DELIVER IN PERSON,14.00,24175.48,0.06,1996-05-15,2-HIGH,148334.99,Customer#000000046,AUTOMOBILE,5744.59,FRANCE,EUROPE,17,PERU,1,ly final foxes. blithely ironic accounts haggle. regular foxes about the regular deposits are furiously ir
826,ghost rosy beige salmon lemon,ECONOMY PLATED TIN,SM CASE,24674,MAIL,DELIVER IN PERSON,14.00,24175.48,0.06,1996-05-15,2-HIGH,148334.99,Customer#000000046,AUTOMOBILE,5744.59,FRANCE,EUROPE,18,CHINA,2,"ckly special packages cajole slyly. unusual, unusual theodolites mold furiously. slyly sile"
826,ghost rosy beige salmon lemon,ECONOMY PLATED TIN,SM CASE,24674,MAIL,DELIVER IN PERSON,14.00,24175.48,0.06,1996-05-15,2-HIGH,148334.99,Customer#000000046,AUTOMOBILE,5744.59,FRANCE,EUROPE,19,ROMANIA,3,"sly blithe requests. thinly bold deposits above the blithely regular accounts nag special, final requests. care"
826,ghost rosy beige salmon lemon,ECONOMY PLATED TIN,SM CASE,24674,MAIL,DELIVER IN PERSON,14.00,24175.48,0.06,1996-05-15,2-HIGH,148334.99,Customer#000000046,AUTOMOBILE,5744.59,FRANCE,EUROPE,20,SAUDI ARABIA,4,se slyly across the blithely regular deposits. deposits use carefully regular 
826,ghost rosy beige salmon lemon,ECONOMY PLATED TIN,SM CASE,24674,MAIL,DELIVER IN PERSON,14.00,24175.48,0.06,1996-05-15,2-HIGH,148334.99,Customer#000000046,AUTOMOBILE,5744.59,FRANCE,EUROPE,21,VIETNAM,2,lly across the quickly even pinto beans. caref
826,ghost rosy beige salmon lemon,ECONOMY PLATED TIN,SM CASE,24674,MAIL,DELIVER IN PERSON,14.00,24175.48,0.06,1996-05-15,2-HIGH,148334.99,Customer#000000046,AUTOMOBILE,5744.59,FRANCE,EUROPE,22,RUSSIA,3,uctions. furiously unusual instructions sleep furiously ironic packages. slyly 
826,ghost rosy beige salmon lemon,ECONOMY PLATED TIN,SM CASE,24674,MAIL,DELIVER IN PERSON,14.00,24175.48,0.06,1996-05-15,2-HIGH,148334.99,Customer#000000046,AUTOMOBILE,5744.59,FRANCE,EUROPE,23,UNITED KINGDOM,3,"carefully pending courts sleep above the ironic, regular theo"
826,ghost rosy beige salmon lemon,ECONOMY PLATED TIN,SM CASE,24674,MAIL,DELIVER IN PERSON,14.00,24175.48,0.06,1996-05-15,2-HIGH,148334.99,Customer#000000046,AUTOMOBILE,5744.59,FRANCE,EUROPE,24,UNITED STATES,1,ly ironic requests along the slyly bold ideas hang after the blithely special notornis; blithely even accounts
826,ghost rosy beige salmon lemon,ECONOMY PLATED TIN,SM CASE,28161,MAIL,DELIVER IN PERSON,33.00,56985.06,0.09,1994-06-16,4-NOT SPECIFIED,281929.48,Customer#000000316,MACHINERY,4571.78,INDIA,ASIA,0,ALGERIA,0,furiously regular requests. platelets affix furious
826,ghost rosy beige salmon lemon,ECONOMY PLATED TIN,SM CASE,28161,MAIL,DELIVER IN PERSON,33.00,56985.06,0.09,1994-06-16,4-NOT SPECIFIED,281929.48,Customer#000000316,MACHINERY,4571.78,INDIA,ASIA,1,ARGENTINA,1,"instructions wake quickly. final deposits haggle. final, silent theodolites "
826,ghost rosy beige salmon lemon,ECONOMY PLATED TIN,SM CASE,28161,MAIL,DELIVER IN PERSON,33.00,56985.06,0.09,1994-06-16,4-NOT SPECIFIED,281929.48,Customer#000000316,MACHINERY,4571.78,INDIA,ASIA,2,BRAZIL,1,asymptotes use fluffily quickly bold instructions. slyly bold dependencies sleep carefully pending accounts
826,ghost rosy beige salmon lemon,ECONOMY PLATED TIN,SM CASE,28161,MAIL,DELIVER IN PERSON,33.00,56985.06,0.09,1994-06-16,4-NOT SPECIFIED,281929.48,Customer#000000316,MACHINERY,4571.78,INDIA,ASIA,3,CANADA,1,ss deposits wake across the pending foxes. packages after the carefully bold requests integrate caref
826,ghost rosy beige salmon lemon,ECONOMY PLATED TIN,SM CASE,28161,MAIL,DELIVER IN PERSON,33.00,56985.06,0.09,1994-06-16,4-NOT SPECIFIED,281929.48,Customer#000000316,MACHINERY,4571.78,INDIA,ASIA,4,EGYPT,4,"usly ironic, pending foxes. even, special instructions nag. sly, final foxes detect slyly fluffily "
826,ghost rosy beige salmon lemon,ECONOMY PLATED TIN,SM CASE,28161,MAIL,DELIVER IN PERSON,33.00,56985.06,0.09,1994-06-16,4-NOT SPECIFIED,281929.48,Customer#000000316,MACHINERY,4571.78,INDIA,ASIA,5,ETHIOPIA,0,regular requests sleep carefull
826,ghost rosy beige salmon lemon,ECONOMY PLATED TIN,SM CASE,28161,MAIL,DELIVER IN PERSON,33.00,56985.06,0.09,1994-06-16,4-NOT SPECIFIED,281929.48,Customer#000000316,MACHINERY,4571.78,INDIA,ASIA,6,FRANCE,3,oggedly. regular packages solve across
826,ghost rosy beige salmon lemon,ECONOMY PLATED TIN,SM CASE,28161,MAIL,DELIVER IN PERSON,33.00,56985.06,0.09,1994-06-16,4-NOT SPECIFIED,281929.48,Customer#000000316,MACHINERY,4571.78,INDIA,ASIA,7,GERMANY,3,ong the regular requests: blithely silent pinto beans hagg
826,ghost rosy beige salmon lemon,ECONOMY PLATED TIN,SM CASE,28161,MAIL,DELIVER IN PERSON,33.00,56985.06,0.09,1994-06-16,4-NOT SPECIFIED,281929.48,Customer#000000316,MACHINERY,4571.78,INDIA,ASIA,8,INDIA,2,uriously unusual deposits about the slyly final pinto beans could
826,ghost rosy beige salmon lemon,ECONOMY PLATED TIN,SM CASE,28161,MAIL,DELIVER IN PERSON,33.00,56985.06,0.09,1994-06-16,4-NOT SPECIFIED,281929.48,Customer#000000316,MACHINERY,4571.78,INDIA,ASIA,9,INDONESIA,2,"d deposits sleep quickly according to the dogged, regular dolphins. special excuses haggle furiously special reque"
826,ghost rosy beige salmon lemon,ECONOMY PLATED TIN,SM CASE,28161,MAIL,DELIVER IN PERSON,33.00,56985.06,0.09,1994-06-16,4-NOT SPECIFIED,281929.48,Customer#000000316,MACHINERY,4571.78,INDIA,ASIA,10,IRAN,4,furiously idle platelets nag. express asymptotes s
826,ghost rosy beige salmon lemon,ECONOMY PLATED TIN,SM CASE,28161,MAIL,DELIVER IN PERSON,33.00,56985.06,0.09,1994-06-16,4-NOT SPECIFIED,281929.48,Customer#000000316,MACHINERY,4571.78,INDIA,ASIA,11,IRAQ,4,pendencies; slyly express foxes integrate carefully across the reg
826,ghost rosy beige salmon lemon,ECONOMY PLATED TIN,SM CASE,28161,MAIL,DELIVER IN PERSON,33.00,56985.06,0.09,1994-06-16,4-NOT SPECIFIED,281929.48,Customer#000000316,MACHINERY,4571.78,INDIA,ASIA,12,JAPAN,2, quickly final packages. furiously i
826,ghost rosy beige salmon lemon,ECONOMY PLATED TIN,SM CASE,28161,MAIL,DELIVER IN PERSON,33.00,56985.06,0.09,1994-06-16,4-NOT SPECIFIED,281929.48,Customer#000000316,MACHINERY,4571.78,INDIA,ASIA,13,JORDAN,4,the slyly regular ideas. silent Tiresias affix slyly fu
826,ghost rosy beige salmon lemon,ECONOMY PLATED TIN,SM CASE,28161,MAIL,DELIVER IN PERSON,33.00,56985.06,0.09,1994-06-16,4-NOT SPECIFIED,281929.48,Customer#000000316,MACHINERY,4571.78,INDIA,ASIA,14,KENYA,0,lyly special foxes. slyly regular deposits sleep carefully. carefully permanent accounts slee
826,ghost rosy beige salmon lemon,ECONOMY PLATED TIN,SM CASE,28161,MAIL,DELIVER IN PERSON,33.00,56985.06,0.09,1994-06-16,4-NOT SPECIFIED,281929.48,Customer#000000316,MACHINERY,4571.78,INDIA,ASIA,15,MOROCCO,0,ct blithely: blithely express accounts nag carefully. silent packages haggle carefully abo
826,ghost rosy beige salmon lemon,ECONOMY PLATED TIN,SM CASE,28161,MAIL,DELIVER IN PERSON,33.00,56985.06,0.09,1994-06-16,4-NOT SPECIFIED,281929.48,Customer#000000316,MACHINERY,4571.78,INDIA,ASIA,16,MOZAMBIQUE,0, beans after the carefully regular accounts r
826,ghost rosy beige salmon lemon,ECONOMY PLATED TIN,SM CASE,28161,MAIL,DELIVER IN PERSON,33.00,56985.06,0.09,1994-06-16,4-NOT SPECIFIED,281929.48,Customer#000000316,MACHINERY,4571.78,INDIA,ASIA,17,PERU,1,ly final foxes. blithely ironic accounts haggle. regular foxes about the regular deposits are furiously ir
826,ghost rosy beige salmon lemon,ECONOMY PLATED TIN,SM CASE,28161,MAIL,DELIVER IN PERSON,33.00,56985.06,0.09,1994-06-16,4-NOT SPECIFIED,281929.48,Customer#000000316,MACHINERY,4571.78,INDIA,ASIA,18,CHINA,2,"ckly special packages cajole slyly. unusual, unusual theodolites mold furiously. slyly sile"
826,ghost rosy beige salmon lemon,ECONOMY PLATED TIN,SM CASE,28161,MAIL,DELIVER IN PERSON,33.00,56985.06,0.09,1994-06-16,4-NOT SPECIFIED,281929.48,Customer#000000316,MACHINERY,4571.78,INDIA,ASIA,19,ROMANIA,3,"sly blithe requests. thinly bold deposits above the blithely regular accounts nag special, final requests. care"
826,ghost rosy beige salmon lemon,ECONOMY PLATED TIN,SM CASE,28161,MAIL,DELIVER IN PERSON,33.00,56985.06,0.09,1994-06-16,4-NOT SPECIFIED,281929.48,Customer#000000316,MACHINERY,4571.78,INDIA,ASIA,20,SAUDI ARABIA,4,se slyly across the blithely regular deposits. deposits use carefully regular 
826,ghost rosy beige salmon lemon,ECONOMY PLATED TIN,SM CASE,28161,MAIL,DELIVER IN PERSON,33.00,56985.06,0.09,1994-06-16,4-NOT SPECIFIED,281929.48,Customer#000000316,MACHINERY,4571.78,INDIA,ASIA,21,VIETNAM,2,lly across the quickly even pinto beans. caref
826,ghost rosy beige salmon lemon,ECONOMY PLATED TIN,SM CASE,28161,MAIL,DELIVER IN PERSON,33.00,56985.06,0.09,1994-06-16,4-NOT SPECIFIED,281929.48,Customer#000000316,MACHINERY,4571.78,INDIA,ASIA,22,RUSSIA,3,uctions. furiously unusual instructions sleep furiously ironic packages. slyly 
826,ghost rosy beige salmon lemon,ECONOMY PLATED TIN,SM CASE,28161,MAIL,DELIVER IN PERSON,33.00,56985.06,0.09,1994-06-16,4-NOT SPECIFIED,281929.48,Customer#000000316,MACHINERY,4571.78,INDIA,ASIA,23,UNITED KINGDOM,3,"carefully pending courts sleep above the ironic, regular theo"
826,ghost rosy beige salmon lemon,ECONOMY PLATED TIN,SM CASE,28161,MAIL,DELIVER IN PERSON,33.00,56985.06,0.09,1994-06-16,4-NOT SPECIFIED,281929.48,Customer#000000316,MACHINERY,4571.78,INDIA,ASIA,24,UNITED STATES,1,ly ironic requests along the slyly bold ideas hang after the blithely special notornis; blithely even accounts
856,blush frosted powder antique blanched,MEDIUM BRUSHED STEEL,MED BAG,5255,AIR,TAKE BACK RETURN,30.00,52705.50,0.04,1996-07-12,5-LOW,117459.16,Customer#000000317,HOUSEHOLD,956.88,ROMANIA,EUROPE,0,ALGERIA,0,furiously regular requests. platelets affix furious
856,blush frosted powder antique blanched,MEDIUM BRUSHED STEEL,MED BAG,5255,AIR,TAKE BACK RETURN,30.00,52705.50,0.04,1996-07-12,5-LOW,117459.16,Customer#000000317,HOUSEHOLD,956.88,ROMANIA,EUROPE,1,ARGENTINA,1,"instructions wake quickly. final deposits haggle. final, silent theodolites "
856,blush frosted powder antique blanched,MEDIUM BRUSHED STEEL,MED BAG,5255,AIR,TAKE BACK RETURN,30.00,52705.50,0.04,1996-07-12,5-LOW,117459.16,Customer#000000317,HOUSEHOLD,956.88,ROMANIA,EUROPE,2,BRAZIL,1,asymptotes use fluffily quickly bold instructions. slyly bold dependencies sleep carefully pending accounts
856,blush frosted powder antique blanched,MEDIUM BRUSHED STEEL,MED BAG,5255,AIR,TAKE BACK RETURN,30.00,52705.50,0.04,1996-07-12,5-LOW,117459.16,Customer#000000317,HOUSEHOLD,956.88,ROMANIA,EUROPE,3,CANADA,1,ss deposits wake across the pending foxes. packages after the carefully bold requests integrate caref
856,blush frosted powder antique blanched,MEDIUM BRUSHED STEEL,MED BAG,5255,AIR,TAKE BACK RETURN,30.00,52705.50,0.04,1996-07-12,5-LOW,117459.16,Customer#000000317,HOUSEHOLD,956.88,ROMANIA,EUROPE,4,EGYPT,4,"usly ironic, pending foxes. even, special instructions nag. sly, final foxes detect slyly fluffily "
856,blush frosted powder antique blanched,MEDIUM BRUSHED STEEL,MED BAG,5255,AIR,TAKE BACK RETURN,30.00,52705.50,0.04,1996-07-12,5-LOW,117459.16,Customer#000000317,HOUSEHOLD,956.88,ROMANIA,EUROPE,5,ETHIOPIA,0,regular requests sleep carefull
856,blush frosted powder antique blanched,MEDIUM BRUSHED STEEL,MED BAG,5255,AIR,TAKE BACK RETURN,30.00,52705.50,0.04,1996-07-12,5-LOW,117459.16,Customer#000000317,HOUSEHOLD,956.88,ROMANIA,EUROPE,6,FRANCE,3,oggedly. regular packages solve across
856,blush frosted powder antique blanched,MEDIUM BRUSHED STEEL,MED BAG,5255,AIR,TAKE BACK RETURN,30.00,52705.50,0.04,1996-07-12,5-LOW,117459.16,Customer#000000317,HOUSEHOLD,956.88,ROMANIA,EUROPE,7,GERMANY,3,ong the regular requests: blithely silent pinto beans hagg
856,blush frosted powder antique blanched,MEDIUM BRUSHED STEEL,MED BAG,5255,AIR,TAKE BACK RETURN,30.00,52705.50,0.04,1996-07-12,5-LOW,117459.16,Customer#000000317,HOUSEHOLD,956.88,ROMANIA,EUROPE,8,INDIA,2,uriously unusual deposits about the slyly final pinto beans could
856,blush frosted powder antique blanched,MEDIUM BRUSHED STEEL,MED BAG,5255,AIR,TAKE BACK RETURN,30.00,52705.50,0.04,1996-07-12,5-LOW,117459.16,Customer#000000317,HOUSEHOLD,956.88,ROMANIA,EUROPE,9,INDONESIA,2,"d deposits sleep quickly according to the dogged, regular dolphins. special excuses haggle furiously special reque"
856,blush frosted powder antique blanched,MEDIUM BRUSHED STEEL,MED BAG,5255,AIR,TAKE BACK RETURN,30.00,52705.50,0.04,1996-07-12,5-LOW,117459.16,Customer#000000317,HOUSEHOLD,956.88,ROMANIA,EUROPE,10,IRAN,4,furiously idle platelets nag. express asymptotes s
856,blush frosted powder antique blanched,MEDIUM BRUSHED STEEL,MED BAG,5255,AIR,TAKE BACK RETURN,30.00,52705.50,0.04,1996-07-12,5-LOW,117459.16,Customer#000000317,HOUSEHOLD,956.88,ROMANIA,EUROPE,11,IRAQ,4,pendencies; slyly express foxes integrate carefully across the reg
856,blush frosted powder antique blanched,MEDIUM BRUSHED STEEL,MED BAG,5255,AIR,TAKE BACK RETURN,30.00,52705.50,0.04,1996-07-12,5-LOW,117459.16,Customer#000000317,HOUSEHOLD,956.88,ROMANIA,EUROPE,12,JAPAN,2, quickly final packages. furiously i
856,blush frosted powder antique blanched,MEDIUM BRUSHED STEEL,MED BAG,5255,AIR,TAKE BACK RETURN,30.00,52705.50,0.04,1996-07-12,5-LOW,117459.16,Customer#000000317,HOUSEHOLD,956.88,ROMANIA,EUROPE,13,JORDAN,4,the slyly regular ideas. silent Tiresias affix slyly fu
856,blush frosted powder antique blanched,MEDIUM BRUSHED STEEL,MED BAG,5255,AIR,TAKE BACK RETURN,30.00,52705.50,0.04,1996-07-12,5-LOW,117459.16,Customer#000000317,HOUSEHOLD,956.88,ROMANIA,EUROPE,14,KENYA,0,lyly special foxes. slyly regular deposits sleep carefully. carefully permanent accounts slee
856,blush frosted powder antique blanched,MEDIUM BRUSHED STEEL,MED BAG,5255,AIR,TAKE BACK RETURN,30.00,52705.50,0.04,1996-07-12,5-LOW,117459.16,Customer#000000317,HOUSEHOLD,956.88,ROMANIA,EUROPE,15,MOROCCO,0,ct blithely: blithely express accounts nag carefully. silent packages haggle carefully abo
856,blush frosted powder antique blanched,MEDIUM BRUSHED STEEL,MED BAG,5255,AIR,TAKE BACK RETURN,30.00,52705.50,0.04,1996-07-12,5-LOW,117459.16,Customer#000000317,HOUSEHOLD,956.88,ROMANIA,EUROPE,16,MOZAMBIQUE,0, beans after the carefully regular accounts r
856,blush frosted powder antique blanched,MEDIUM BRUSHED STEEL,MED BAG,5255,AIR,TAKE BACK RETURN,30.00,52705.50,0.04,1996-07-12,5-LOW,117459.16,Customer#000000317,HOUSEHOLD,956.88,ROMANIA,EUROPE,17,PERU,1,ly final foxes. blithely ironic accounts haggle. regular foxes about the regular deposits are furiously ir
856,blush frosted powder antique blanched,MEDIUM BRUSHED STEEL,MED BAG,5255,AIR,TAKE BACK RETURN,30.00,52705.50,0.04,1996-07-12,5-LOW,117459.16,Customer#000000317,HOUSEHOLD,956.88,ROMANIA,EUROPE,18,CHINA,2,"ckly special packages cajole slyly. unusual, unusual theodolites mold furiously. slyly sile"
856,blush frosted powder antique blanched,MEDIUM BRUSHED STEEL,MED BAG,5255,AIR,TAKE BACK RETURN,30.00,52705.50,0.04,1996-07-12,5-LOW,117459.16,Customer#000000317,HOUSEHOLD,956.88,ROMANIA,EUROPE,19,ROMANIA,3,"sly blithe requests. thinly bold deposits above the blithely regular accounts nag special, final requests. care"
856,blush frosted powder antique blanched,MEDIUM BRUSHED STEEL,MED BAG,5255,AIR,TAKE BACK RETURN,30.00,52705.50,0.04,1996-07-12,5-LOW,117459.16,Customer#000000317,HOUSEHOLD,956.88,ROMANIA,EUROPE,20,SAUDI ARABIA,4,se slyly across the blithely regular deposits. deposits use carefully regular 
856,blush frosted powder antique blanched,MEDIUM BRUSHED STEEL,MED BAG,5255,AIR,TAKE BACK RETURN,30.00,52705.50,0.04,1996-07-12,5-LOW,117459.16,Customer#000000317,HOUSEHOLD,956.88,ROMANIA,EUROPE,21,VIETNAM,2,lly across the quickly even pinto beans. caref
856,blush frosted powder antique blanched,MEDIUM BRUSHED STEEL,MED BAG,5255,AIR,TAKE BACK RETURN,30.00,52705.50,0.04,1996-07-12,5-LOW,117459.16,Customer#000000317,HOUSEHOLD,956.88,ROMANIA,EUROPE,22,RUSSIA,3,uctions. furiously unusual instructions sleep furiously ironic packages. slyly 
856,blush frosted powder antique blanched,MEDIUM BRUSHED STEEL,MED BAG,5255,AIR,TAKE BACK RETURN,30.00,52705.50,0.04,1996-07-12,5-LOW,117459.16,Customer#000000317,HOUSEHOLD,956.88,ROMANIA,EUROPE,23,UNITED KINGDOM,3,"carefully pending courts sleep above the ironic, regular theo"
856,blush frosted powder antique blanched,MEDIUM BRUSHED STEEL,MED BAG,5255,AIR,TAKE BACK RETURN,30.00,52705.50,0.04,1996-07-12,5-LOW,117459.16,Customer#000000317,HOUSEHOLD,956.88,ROMANIA,EUROPE,24,UNITED STATES,1,ly ironic requests along the slyly bold ideas hang after the blithely special notornis; blithely even accounts
867,snow spring black white burnished,PROMO POLISHED NICKEL,LG BOX,14944,AIR,TAKE BACK RETURN,21.00,37125.06,0.05,1997-10-14,2-HIGH,129269.44,Customer#000000268,MACHINERY,6821.01,CANADA,AMERICA,0,ALGERIA,0,furiously regular requests. platelets affix furious
867,snow spring black white burnished,PROMO POLISHED NICKEL,LG BOX,14944,AIR,TAKE BACK RETURN,21.00,37125.06,0.05,1997-10-14,2-HIGH,129269.44,Customer#000000268,MACHINERY,6821.01,CANADA,AMERICA,1,ARGENTINA,1,"instructions wake quickly. final deposits haggle. final, silent theodolites "
867,snow spring black white burnished,PROMO POLISHED NICKEL,LG BOX,14944,AIR,TAKE BACK RETURN,21.00,37125.06,0.05,1997-10-14,2-HIGH,129269.44,Customer#000000268,MACHINERY,6821.01,CANADA,AMERICA,2,BRAZIL,1,asymptotes use fluffily quickly bold instructions. slyly bold dependencies sleep carefully pending accounts
867,snow spring black white burnished,PROMO POLISHED NICKEL,LG BOX,14944,AIR,TAKE BACK RETURN,21.00,37125.06,0.05,1997-10-14,2-HIGH,129269.44,Customer#000000268,MACHINERY,6821.01,CANADA,AMERICA,3,CANADA,1,ss deposits wake across the pending foxes. packages after the carefully bold requests integrate caref
867,snow spring black white burnished,PROMO POLISHED NICKEL,LG BOX,14944,AIR,TAKE BACK RETURN,21.00,37125.06,0.05,1997-10-14,2-HIGH,129269.44,Customer#000000268,MACHINERY,6821.01,CANADA,AMERICA,4,EGYPT,4,"usly ironic, pending foxes. even, special instructions nag. sly, final foxes detect slyly fluffily "
867,snow spring black white burnished,PROMO POLISHED NICKEL,LG BOX,14944,AIR,TAKE BACK RETURN,21.00,37125.06,0.05,1997-10-14,2-HIGH,129269.44,Customer#000000268,MACHINERY,6821.01,CANADA,AMERICA,5,ETHIOPIA,0,regular requests sleep carefull
867,snow spring black white burnished,PROMO POLISHED NICKEL,LG BOX,14944,AIR,TAKE BACK RETURN,21.00,37125.06,0.05,1997-10-14,2-HIGH,129269.44,Customer#000000268,MACHINERY,6821.01,CANADA,AMERICA,6,FRANCE,3,oggedly. regular packages solve across
867,snow spring black white burnished,PROMO POLISHED NICKEL,LG BOX,14944,AIR,TAKE BACK RETURN,21.00,37125.06,0.05,1997-10-14,2-HIGH,129269.44,Customer#000000268,MACHINERY,6821.01,CANADA,AMERICA,7,GERMANY,3,ong the regular requests: blithely silent pinto beans hagg
867,snow spring black white burnished,PROMO POLISHED NICKEL,LG BOX,14944,AIR,TAKE BACK RETURN,21.00,37125.06,0.05,1997-10-14,2-HIGH,129269.44,Customer#000000268,MACHINERY,6821.01,CANADA,AMERICA,8,INDIA,2,uriously unusual deposits about the slyly final pinto beans could
867,snow spring black white burnished,PROMO POLISHED NICKEL,LG BOX,14944,AIR,TAKE BACK RETURN,21.00,37125.06,0.05,1997-10-14,2-HIGH,129269.44,Customer#000000268,MACHINERY,6821.01,CANADA,AMERICA,9,INDONESIA,2,"d deposits sleep quickly according to the dogged, regular dolphins. special excuses haggle furiously special reque"
867,snow spring black white burnished,PROMO POLISHED NICKEL,LG BOX,14944,AIR,TAKE BACK RETURN,21.00,37125.06,0.05,1997-10-14,2-HIGH,129269.44,Customer#000000268,MACHINERY,6821.01,CANADA,AMERICA,10,IRAN,4,furiously idle platelets nag. express asymptotes s
867,snow spring black white burnished,PROMO POLISHED NICKEL,LG BOX,14944,AIR,TAKE BACK RETURN,21.00,37125.06,0.05,1997-10-14,2-HIGH,129269.44,Customer#000000268,MACHINERY,6821.01,CANADA,AMERICA,11,IRAQ,4,pendencies; slyly express foxes integrate carefully across the reg
867,snow spring black white burnished,PROMO POLISHED NICKEL,LG BOX,14944,AIR,TAKE BACK RETURN,21.00,37125.06,0.05,1997-10-14,2-HIGH,129269.44,Customer#000000268,MACHINERY,6821.01,CANADA,AMERICA,12,JAPAN,2, quickly final packages. furiously i
867,snow spring black white burnished,PROMO POLISHED NICKEL,LG BOX,14944,AIR,TAKE BACK RETURN,21.00,37125.06,0.05,1997-10-14,2-HIGH,129269.44,Customer#000000268,MACHINERY,6821.01,CANADA,AMERICA,13,JORDAN,4,the slyly regular ideas. silent Tiresias affix slyly fu
867,snow spring black white burnished,PROMO POLISHED NICKEL,LG BOX,14944,AIR,TAKE BACK RETURN,21.00,37125.06,0.05,1997-10-14,2-HIGH,129269.44,Customer#000000268,MACHINERY,6821.01,CANADA,AMERICA,14,KENYA,0,lyly special foxes. slyly regular deposits sleep carefully. carefully permanent accounts slee
867,snow spring black white burnished,PROMO POLISHED NICKEL,LG BOX,14944,AIR,TAKE BACK RETURN,21.00,37125.06,0.05,1997-10-14,2-HIGH,129269.44,Customer#000000268,MACHINERY,6821.01,CANADA,AMERICA,15,MOROCCO,0,ct blithely: blithely express accounts nag carefully. silent packages haggle carefully abo
867,snow spring black white burnished,PROMO POLISHED NICKEL,LG BOX,14944,AIR,TAKE BACK RETURN,21.00,37125.06,0.05,1997-10-14,2-HIGH,129269.44,Customer#000000268,MACHINERY,6821.01,CANADA,AMERICA,16,MOZAMBIQUE,0, beans after the carefully regular accounts r
867,snow spring black white burnished,PROMO POLISHED NICKEL,LG BOX,14944,AIR,TAKE BACK RETURN,21.00,37125.06,0.05,1997-10-14,2-HIGH,129269.44,Customer#000000268,MACHINERY,6821.01,CANADA,AMERICA,17,PERU,1,ly final foxes. blithely ironic accounts haggle. regular foxes about the regular deposits are furiously ir
867,snow spring black white burnished,PROMO POLISHED NICKEL,LG BOX,14944,AIR,TAKE BACK RETURN,21.00,37125.06,0.05,1997-10-14,2-HIGH,129269.44,Customer#000000268,MACHINERY,6821.01,CANADA,AMERICA,18,CHINA,2,"ckly special packages cajole slyly. unusual, unusual theodolites mold furiously. slyly sile"
867,snow spring black white burnished,PROMO POLISHED NICKEL,LG BOX,14944,AIR,TAKE BACK RETURN,21.00,37125.06,0.05,1997-10-14,2-HIGH,129269.44,Customer#000000268,MACHINERY,6821.01,CANADA,AMERICA,19,ROMANIA,3,"sly blithe requests. thinly bold deposits above the blithely regular accounts nag special, final requests. care"
867,snow spring black white burnished,PROMO POLISHED NICKEL,LG BOX,14944,AIR,TAKE BACK RETURN,21.00,37125.06,0.05,1997-10-14,2-HIGH,129269.44,Customer#000000268,MACHINERY,6821.01,CANADA,AMERICA,20,SAUDI ARABIA,4,se slyly across the blithely regular deposits. deposits use carefully regular 
867,snow spring black white burnished,PROMO POLISHED NICKEL,LG BOX,14944,AIR,TAKE BACK RETURN,21.00,37125.06,0.05,1997-10-14,2-HIGH,129269.44,Customer#000000268,MACHINERY,6821.01,CANADA,AMERICA,21,VIETNAM,2,lly across the quickly even pinto beans. caref
867,snow spring black white burnished,PROMO POLISHED NICKEL,LG BOX,14944,AIR,TAKE BACK RETURN,21.00,37125.06,0.05,1997-10-14,2-HIGH,129269.44,Customer#000000268,MACHINERY,6821.01,CANADA,AMERICA,22,RUSSIA,3,uctions. furiously unusual instructions sleep furiously ironic packages. slyly 
867,snow spring black white burnished,PROMO POLISHED NICKEL,LG BOX,14944,AIR,TAKE BACK RETURN,21.00,37125.06,0.05,1997-10-14,2-HIGH,129269.44,Customer#000000268,MACHINERY,6821.01,CANADA,AMERICA,23,UNITED KINGDOM,3,"carefully pending courts sleep above the ironic, regular theo"
867,snow spring black white burnished,PROMO POLISHED NICKEL,LG BOX,14944,AIR,TAKE BACK RETURN,21.00,37125.06,0.05,1997-10-14,2-HIGH,129269.44,Customer#000000268,MACHINERY,6821.01,CANADA,AMERICA,24,UNITED STATES,1,ly ironic requests along the slyly bold ideas hang after the blithely special notornis; blithely even accounts
867,snow spring black white burnished,PROMO POLISHED NICKEL,LG BOX,17026,AIR,DELIVER IN PERSON,42.00,74250.12,0.00,1996-06-10,3-MEDIUM,270903.98,Customer#000000202,AUTOMOBILE,2237.64,GERMANY,EUROPE,0,ALGERIA,0,furiously regular requests. platelets affix furious
867,snow spring black white burnished,PROMO POLISHED NICKEL,LG BOX,17026,AIR,DELIVER IN PERSON,42.00,74250.12,0.00,1996-06-10,3-MEDIUM,270903.98,Customer#000000202,AUTOMOBILE,2237.64,GERMANY,EUROPE,1,ARGENTINA,1,"instructions wake quickly. final deposits haggle. final, silent theodolites "
867,snow spring black white burnished,PROMO POLISHED NICKEL,LG BOX,17026,AIR,DELIVER IN PERSON,42.00,74250.12,0.00,1996-06-10,3-MEDIUM,270903.98,Customer#000000202,AUTOMOBILE,2237.64,GERMANY,EUROPE,2,BRAZIL,1,asymptotes use fluffily quickly bold instructions. slyly bold dependencies sleep carefully pending accounts
867,snow spring black white burnished,PROMO POLISHED NICKEL,LG BOX,17026,AIR,DELIVER IN PERSON,42.00,74250.12,0.00,1996-06-10,3-MEDIUM,270903.98,Customer#000000202,AUTOMOBILE,2237.64,GERMANY,EUROPE,3,CANADA,1,ss deposits wake across the pending foxes. packages after the carefully bold requests integrate caref
867,snow spring black white burnished,PROMO POLISHED NICKEL,LG BOX,17026,AIR,DELIVER IN PERSON,42.00,74250.12,0.00,1996-06-10,3-MEDIUM,270903.98,Customer#000000202,AUTOMOBILE,2237.64,GERMANY,EUROPE,4,EGYPT,4,"usly ironic, pending foxes. even, special instructions nag. sly, final foxes detect slyly fluffily "
867,snow spring black white burnished,PROMO POLISHED NICKEL,LG BOX,17026,AIR,DELIVER IN PERSON,42.00,74250.12,0.00,1996-06-10,3-MEDIUM,270903.98,Customer#000000202,AUTOMOBILE,2237.64,GERMANY,EUROPE,5,ETHIOPIA,0,regular requests sleep carefull
867,snow spring black white burnished,PROMO POLISHED NICKEL,LG BOX,17026,AIR,DELIVER IN PERSON,42.00,74250.12,0.00,1996-06-10,3-MEDIUM,270903.98,Customer#000000202,AUTOMOBILE,2237.64,GERMANY,EUROPE,6,FRANCE,3,oggedly. regular packages solve across
867,snow spring black white burnished,PROMO POLISHED NICKEL,LG BOX,17026,AIR,DELIVER IN PERSON,42.00,74250.12,0.00,1996-06-10,3-MEDIUM,270903.98,Customer#000000202,AUTOMOBILE,2237.64,GERMANY,EUROPE,7,GERMANY,3,ong the regular requests: blithely silent pinto beans hagg
867,snow spring black white burnished,PROMO POLISHED NICKEL,LG BOX,17026,AIR,DELIVER IN PERSON,42.00,74250.12,0.00,1996-06-10,3-MEDIUM,270903.98,Customer#000000202,AUTOMOBILE,2237.64,GERMANY,EUROPE,8,INDIA,2,uriously unusual deposits about the slyly final pinto beans could
867,snow spring black white burnished,PROMO POLISHED NICKEL,LG BOX,17026,AIR,DELIVER IN PERSON,42.00,74250.12,0.00,1996-06-10,3-MEDIUM,270903.98,Customer#000000202,AUTOMOBILE,2237.64,GERMANY,EUROPE,9,INDONESIA,2,"d deposits sleep quickly according to the dogged, regular dolphins. special excuses haggle furiously special reque"
867,snow spring black white burnished,PROMO POLISHED NICKEL,LG BOX,17026,AIR,DELIVER IN PERSON,42.00,74250.12,0.00,1996-06-10,3-MEDIUM,270903.98,Customer#000000202,AUTOMOBILE,2237.64,GERMANY,EUROPE,10,IRAN,4,furiously idle platelets nag. express asymptotes s
867,snow spring black white burnished,PROMO POLISHED NICKEL,LG BOX,17026,AIR,DELIVER IN PERSON,42.00,74250.12,0.00,1996-06-10,3-MEDIUM,270903.98,Customer#000000202,AUTOMOBILE,2237.64,GERMANY,EUROPE,11,IRAQ,4,pendencies; slyly express foxes integrate carefully across the reg
867,snow spring black white burnished,PROMO POLISHED NICKEL,LG BOX,17026,AIR,DELIVER IN PERSON,42.00,74250.12,0.00,1996-06-10,3-MEDIUM,270903.98,Customer#000000202,AUTOMOBILE,2237.64,GERMANY,EUROPE,12,JAPAN,2, quickly final packages. furiously i
867,snow spring black white burnished,PROMO POLISHED NICKEL,LG BOX,17026,AIR,DELIVER IN PERSON,42.00,74250.12,0.00,1996-06-10,3-MEDIUM,270903.98,Customer#000000202,AUTOMOBILE,2237.64,GERMANY,EUROPE,13,JORDAN,4,the slyly regular ideas. silent Tiresias affix slyly fu
867,snow spring black white burnished,PROMO POLISHED NICKEL,LG BOX,17026,AIR,DELIVER IN PERSON,42.00,74250.12,0.00,1996-06-10,3-MEDIUM,270903.98,Customer#000000202,AUTOMOBILE,2237.64,GERMANY,EUROPE,14,KENYA,0,lyly special foxes. slyly regular deposits sleep carefully. carefully permanent accounts slee
867,snow spring black white burnished,PROMO POLISHED NICKEL,LG BOX,17026,AIR,DELIVER IN PERSON,42.00,74250.12,0.00,1996-06-10,3-MEDIUM,270903.98,Customer#000000202,AUTOMOBILE,2237.64,GERMANY,EUROPE,15,MOROCCO,0,ct blithely: blithely express accounts nag carefully. silent packages haggle carefully abo
867,snow spring black white burnished,PROMO POLISHED NICKEL,LG BOX,17026,AIR,DELIVER IN PERSON,42.00,74250.12,0.00,1996-06-10,3-MEDIUM,270903.98,Customer#000000202,AUTOMOBILE,2237.64,GERMANY,EUROPE,16,MOZAMBIQUE,0, beans after the carefully regular accounts r
867,snow spring black white burnished,PROMO POLISHED NICKEL,LG BOX,17026,AIR,DELIVER IN PERSON,42.00,74250.12,0.00,1996-06-10,3-MEDIUM,270903.98,Customer#000000202,AUTOMOBILE,2237.64,GERMANY,EUROPE,17,PERU,1,ly final foxes. blithely ironic accounts haggle. regular foxes about the regular deposits are furiously ir
867,snow spring black white burnished,PROMO POLISHED NICKEL,LG BOX,17026,AIR,DELIVER IN PERSON,42.00,74250.12,0.00,1996-06-10,3-MEDIUM,270903.98,Customer#000000202,AUTOMOBILE,2237.64,GERMANY,EUROPE,18,CHINA,2,"ckly special packages cajole slyly. unusual, unusual theodolites mold furiously. slyly sile"
867,snow spring black white burnished,PROMO POLISHED NICKEL,LG BOX,17026,AIR,DELIVER IN PERSON,42.00,74250.12,0.00,1996-06-10,3-MEDIUM,270903.98,Customer#000000202,AUTOMOBILE,2237.64,GERMANY,EUROPE,19,ROMANIA,3,"sly blithe requests. thinly bold deposits above the blithely regular accounts nag special, final requests. care"
867,snow spring black white burnished,PROMO POLISHED NICKEL,LG BOX,17026,AIR,DELIVER IN PERSON,42.00,74250.12,0.00,1996-06-10,3-MEDIUM,270903.98,Customer#000000202,AUTOMOBILE,2237.64,GERMANY,EUROPE,20,SAUDI ARABIA,4,se slyly across the blithely regular deposits. deposits use carefully regular 
867,snow spring black white burnished,PROMO POLISHED NICKEL,LG BOX,17026,AIR,DELIVER IN PERSON,42.00,74250.12,0.00,1996-06-10,3-MEDIUM,270903.98,Customer#000000202,AUTOMOBILE,2237.64,GERMANY,EUROPE,21,VIETNAM,2,lly across the quickly even pinto beans. caref
867,snow spring black white burnished,PROMO POLISHED NICKEL,LG BOX,17026,AIR,DELIVER IN PERSON,42.00,74250.12,0.00,1996-06-10,3-MEDIUM,270903.98,Customer#000000202,AUTOMOBILE,2237.64,GERMANY,EUROPE,22,RUSSIA,3,uctions. furiously unusual instructions sleep furiously ironic packages. slyly 
867,snow spring black white burnished,PROMO POLISHED NICKEL,LG BOX,17026,AIR,DELIVER IN PERSON,42.00,74250.12,0.00,1996-06-10,3-MEDIUM,270903.98,Customer#000000202,AUTOMOBILE,2237.64,GERMANY,EUROPE,23,UNITED KINGDOM,3,"carefully pending courts sleep above the ironic, regular theo"
867,snow spring black white burnished,PROMO POLISHED NICKEL,LG BOX,17026,AIR,DELIVER IN PERSON,42.00,74250.12,0.00,1996-06-10,3-MEDIUM,270903.98,Customer#000000202,AUTOMOBILE,2237.64,GERMANY,EUROPE,24,UNITED STATES,1,ly ironic requests along the slyly bold ideas hang after the blithely special notornis; blithely even accounts
874,drab slate hot black khaki,MEDIUM PLATED TIN,MED BOX,8165,MAIL,DELIVER IN PERSON,17.00,30172.79,0.10,1994-10-16,5-LOW,251613.69,Customer#000000112,FURNITURE,2953.35,ROMANIA,EUROPE,0,ALGERIA,0,furiously regular requests. platelets affix furious
874,drab slate hot black khaki,MEDIUM PLATED TIN,MED BOX,8165,MAIL,DELIVER IN PERSON,17.00,30172.79,0.10,1994-10-16,5-LOW,251613.69,Customer#000000112,FURNITURE,2953.35,ROMANIA,EUROPE,1,ARGENTINA,1,"instructions wake quickly. final deposits haggle. final, silent theodolites "
874,drab slate hot black khaki,MEDIUM PLATED TIN,MED BOX,8165,MAIL,DELIVER IN PERSON,17.00,30172.79,0.10,1994-10-16,5-LOW,251613.69,Customer#000000112,FURNITURE,2953.35,ROMANIA,EUROPE,2,BRAZIL,1,asymptotes use fluffily quickly bold instructions. slyly bold dependencies sleep carefully pending accounts
874,drab slate hot black khaki,MEDIUM PLATED TIN,MED BOX,8165,MAIL,DELIVER IN PERSON,17.00,30172.79,0.10,1994-10-16,5-LOW,251613.69,Customer#000000112,FURNITURE,2953.35,ROMANIA,EUROPE,3,CANADA,1,ss deposits wake across the pending foxes. packages after the carefully bold requests integrate caref
874,drab slate hot black khaki,MEDIUM PLATED TIN,MED BOX,8165,MAIL,DELIVER IN PERSON,17.00,30172.79,0.10,1994-10-16,5-LOW,251613.69,Customer#000000112,FURNITURE,2953.35,ROMANIA,EUROPE,4,EGYPT,4,"usly ironic, pending foxes. even, special instructions nag. sly, final foxes detect slyly fluffily "
874,drab slate hot black khaki,MEDIUM PLATED TIN,MED BOX,8165,MAIL,DELIVER IN PERSON,17.00,30172.79,0.10,1994-10-16,5-LOW,251613.69,Customer#000000112,FURNITURE,2953.35,ROMANIA,EUROPE,5,ETHIOPIA,0,regular requests sleep carefull
874,drab slate hot black khaki,MEDIUM PLATED TIN,MED BOX,8165,MAIL,DELIVER IN PERSON,17.00,30172.79,0.10,1994-10-16,5-LOW,251613.69,Customer#000000112,FURNITURE,2953.35,ROMANIA,EUROPE,6,FRANCE,3,oggedly. regular packages solve across
874,drab slate hot black khaki,MEDIUM PLATED TIN,MED BOX,8165,MAIL,DELIVER IN PERSON,17.00,30172.79,0.10,1994-10-16,5-LOW,251613.69,Customer#000000112,FURNITURE,2953.35,ROMANIA,EUROPE,7,GERMANY,3,ong the regular requests: blithely silent pinto beans hagg
874,drab slate hot black khaki,MEDIUM PLATED TIN,MED BOX,8165,MAIL,DELIVER IN PERSON,17.00,30172.79,0.10,1994-10-16,5-LOW,251613.69,Customer#000000112,FURNITURE,2953.35,ROMANIA,EUROPE,8,INDIA,2,uriously unusual deposits about the slyly final pinto beans could
874,drab slate hot black khaki,MEDIUM PLATED TIN,MED BOX,8165,MAIL,DELIVER IN PERSON,17.00,30172.79,0.10,1994-10-16,5-LOW,251613.69,Customer#000000112,FURNITURE,2953.35,ROMANIA,EUROPE,9,INDONESIA,2,"d deposits sleep quickly according to the dogged, regular dolphins. special excuses haggle furiously special reque"
874,drab slate hot black khaki,MEDIUM PLATED TIN,MED BOX,8165,MAIL,DELIVER IN PERSON,17.00,30172.79,0.10,1994-10-16,5-LOW,251613.69,Customer#000000112,FURNITURE,2953.35,ROMANIA,EUROPE,10,IRAN,4,furiously idle platelets nag. express asymptotes s
874,drab slate hot black khaki,MEDIUM PLATED TIN,MED BOX,8165,MAIL,DELIVER IN PERSON,17.00,30172.79,0.10,1994-10-16,5-LOW,251613.69,Customer#000000112,FURNITURE,2953.35,ROMANIA,EUROPE,11,IRAQ,4,pendencies; slyly express foxes integrate carefully across the reg
874,drab slate hot black khaki,MEDIUM PLATED TIN,MED BOX,8165,MAIL,DELIVER IN PERSON,17.00,30172.79,0.10,1994-10-16,5-LOW,251613.69,Customer#000000112,FURNITURE,2953.35,ROMANIA,EUROPE,12,JAPAN,2, quickly final packages. furiously i
874,drab slate hot black khaki,MEDIUM PLATED TIN,MED BOX,8165,MAIL,DELIVER IN PERSON,17.00,30172.79,0.10,1994-10-16,5-LOW,251613.69,Customer#000000112,FURNITURE,2953.35,ROMANIA,EUROPE,13,JORDAN,4,the slyly regular ideas. silent Tiresias affix slyly fu
874,drab slate hot black khaki,MEDIUM PLATED TIN,MED BOX,8165,MAIL,DELIVER IN PERSON,17.00,30172.79,0.10,1994-10-16,5-LOW,251613.69,Customer#000000112,FURNITURE,2953.35,ROMANIA,EUROPE,14,KENYA,0,lyly special foxes. slyly regular deposits sleep carefully. carefully permanent accounts slee
874,drab slate hot black khaki,MEDIUM PLATED TIN,MED BOX,8165,MAIL,DELIVER IN PERSON,17.00,30172.79,0.10,1994-10-16,5-LOW,251613.69,Customer#000000112,FURNITURE,2953.35,ROMANIA,EUROPE,15,MOROCCO,0,ct blithely: blithely express accounts nag carefully. silent packages haggle carefully abo
874,drab slate hot black khaki,MEDIUM PLATED TIN,MED BOX,8165,MAIL,DELIVER IN PERSON,17.00,30172.79,0.10,1994-10-16,5-LOW,251613.69,Customer#000000112,FURNITURE,2953.35,ROMANIA,EUROPE,16,MOZAMBIQUE,0, beans after the carefully regular accounts r
874,drab slate hot black khaki,MEDIUM PLATED TIN,MED BOX,8165,MAIL,DELIVER IN PERSON,17.00,30172.79,0.10,1994-10-16,5-LOW,251613.69,Customer#000000112,FURNITURE,2953.35,ROMANIA,EUROPE,17,PERU,1,ly final foxes. blithely ironic accounts haggle. regular foxes about the regular deposits are furiously ir
874,drab slate hot black khaki,MEDIUM PLATED TIN,MED BOX,8165,MAIL,DELIVER IN PERSON,17.00,30172.79,0.10,1994-10-16,5-LOW,251613.69,Customer#000000112,FURNITURE,2953.35,ROMANIA,EUROPE,18,CHINA,2,"ckly special packages cajole slyly. unusual, unusual theodolites mold furiously. slyly sile"
874,drab slate hot black khaki,MEDIUM PLATED TIN,MED BOX,8165,MAIL,DELIVER IN PERSON,17.00,30172.79,0.10,1994-10-16,5-LOW,251613.69,Customer#000000112,FURNITURE,2953.35,ROMANIA,EUROPE,19,ROMANIA,3,"sly blithe requests. thinly bold deposits above the blithely regular accounts nag special, final requests. care"
874,drab slate hot black khaki,MEDIUM PLATED TIN,MED BOX,8165,MAIL,DELIVER IN PERSON,17.00,30172.79,0.10,1994-10-16,5-LOW,251613.69,Customer#000000112,FURNITURE,2953.35,ROMANIA,EUROPE,20,SAUDI ARABIA,4,se slyly across the blithely regular deposits. deposits use carefully regular 
874,drab slate hot black khaki,MEDIUM PLATED TIN,MED BOX,8165,MAIL,DELIVER IN PERSON,17.00,30172.79,0.10,1994-10-16,5-LOW,251613.69,Customer#000000112,FURNITURE,2953.35,ROMANIA,EUROPE,21,VIETNAM,2,lly across the quickly even pinto beans. caref
874,drab slate hot black khaki,MEDIUM PLATED TIN,MED BOX,8165,MAIL,DELIVER IN PERSON,17.00,30172.79,0.10,1994-10-16,5-LOW,251613.69,Customer#000000112,FURNITURE,2953.35,ROMANIA,EUROPE,22,RUSSIA,3,uctions. furiously unusual instructions sleep furiously ironic packages. slyly 
874,drab slate hot black khaki,MEDIUM PLATED TIN,MED BOX,8165,MAIL,DELIVER IN PERSON,17.00,30172.79,0.10,1994-10-16,5-LOW,251613.69,Customer#000000112,FURNITURE,2953.35,ROMANIA,EUROPE,23,UNITED KINGDOM,3,"carefully pending courts sleep above the ironic, regular theo"
874,drab slate hot black khaki,MEDIUM PLATED TIN,MED BOX,8165,MAIL,DELIVER IN PERSON,17.00,30172.79,0.10,1994-10-16,5-LOW,251613.69,Customer#000000112,FURNITURE,2953.35,ROMANIA,EUROPE,24,UNITED STATES,1,ly ironic requests along the slyly bold ideas hang after the blithely special notornis; blithely even accounts
874,drab slate hot black khaki,MEDIUM PLATED TIN,MED BOX,17668,REG AIR,TAKE BACK RETURN,43.00,76319.41,0.01,1994-11-26,3-MEDIUM,356016.33,Customer#000000005,HOUSEHOLD,794.47,CANADA,AMERICA,0,ALGERIA,0,furiously regular requests. platelets affix furious
874,drab slate hot black khaki,MEDIUM PLATED TIN,MED BOX,17668,REG AIR,TAKE BACK RETURN,43.00,76319.41,0.01,1994-11-26,3-MEDIUM,356016.33,Customer#000000005,HOUSEHOLD,794.47,CANADA,AMERICA,1,ARGENTINA,1,"instructions wake quickly. final deposits haggle. final, silent theodolites "
874,drab slate hot black khaki,MEDIUM PLATED TIN,MED BOX,17668,REG AIR,TAKE BACK RETURN,43.00,76319.41,0.01,1994-11-26,3-MEDIUM,356016.33,Customer#000000005,HOUSEHOLD,794.47,CANADA,AMERICA,2,BRAZIL,1,asymptotes use fluffily quickly bold instructions. slyly bold dependencies sleep carefully pending accounts
874,drab slate hot black khaki,MEDIUM PLATED TIN,MED BOX,17668,REG AIR,TAKE BACK RETURN,43.00,76319.41,0.01,1994-11-26,3-MEDIUM,356016.33,Customer#000000005,HOUSEHOLD,794.47,CANADA,AMERICA,3,CANADA,1,ss deposits wake across the pending foxes. packages after the carefully bold requests integrate caref
874,drab slate hot black khaki,MEDIUM PLATED TIN,MED BOX,17668,REG AIR,TAKE BACK RETURN,43.00,76319.41,0.01,1994-11-26,3-MEDIUM,356016.33,Customer#000000005,HOUSEHOLD,794.47,CANADA,AMERICA,4,EGYPT,4,"usly ironic, pending foxes. even, special instructions nag. sly, final foxes detect slyly fluffily "
874,drab slate hot black khaki,MEDIUM PLATED TIN,MED BOX,17668,REG AIR,TAKE BACK RETURN,43.00,76319.41,0.01,1994-11-26,3-MEDIUM,356016.33,Customer#000000005,HOUSEHOLD,794.47,CANADA,AMERICA,5,ETHIOPIA,0,regular requests sleep carefull
874,drab slate hot black khaki,MEDIUM PLATED TIN,MED BOX,17668,REG AIR,TAKE BACK RETURN,43.00,76319.41,0.01,1994-11-26,3-MEDIUM,356016.33,Customer#000000005,HOUSEHOLD,794.47,CANADA,AMERICA,6,FRANCE,3,oggedly. regular packages solve across
874,drab slate hot black khaki,MEDIUM PLATED TIN,MED BOX,17668,REG AIR,TAKE BACK RETURN,43.00,76319.41,0.01,1994-11-26,3-MEDIUM,356016.33,Customer#000000005,HOUSEHOLD,794.47,CANADA,AMERICA,7,GERMANY,3,ong the regular requests: blithely silent pinto beans hagg
874,drab slate hot black khaki,MEDIUM PLATED TIN,MED BOX,17668,REG AIR,TAKE BACK RETURN,43.00,76319.41,0.01,1994-11-26,3-MEDIUM,356016.33,Customer#000000005,HOUSEHOLD,794.47,CANADA,AMERICA,8,INDIA,2,uriously unusual deposits about the slyly final pinto beans could
874,drab slate hot black khaki,MEDIUM PLATED TIN,MED BOX,17668,REG AIR,TAKE BACK RETURN,43.00,76319.41,0.01,1994-11-26,3-MEDIUM,356016.33,Customer#000000005,HOUSEHOLD,794.47,CANADA,AMERICA,9,INDONESIA,2,"d deposits sleep quickly according to the dogged, regular dolphins. special excuses haggle furiously special reque"
874,drab slate hot black khaki,MEDIUM PLATED TIN,MED BOX,17668,REG AIR,TAKE BACK RETURN,43.00,76319.41,0.01,1994-11-26,3-MEDIUM,356016.33,Customer#000000005,HOUSEHOLD,794.47,CANADA,AMERICA,10,IRAN,4,furiously idle platelets nag. express asymptotes s
874,drab slate hot black khaki,MEDIUM PLATED TIN,MED BOX,17668,REG AIR,TAKE BACK RETURN,43.00,76319.41,0.01,1994-11-26,3-MEDIUM,356016.33,Customer#000000005,HOUSEHOLD,794.47,CANADA,AMERICA,11,IRAQ,4,pendencies; slyly express foxes integrate carefully across the reg
874,drab slate hot black khaki,MEDIUM PLATED TIN,MED BOX,17668,REG AIR,TAKE BACK RETURN,43.00,76319.41,0.01,1994-11-26,3-MEDIUM,356016.33,Customer#000000005,HOUSEHOLD,794.47,CANADA,AMERICA,12,JAPAN,2, quickly final packages. furiously i
874,drab slate hot black khaki,MEDIUM PLATED TIN,MED BOX,17668,REG AIR,TAKE BACK RETURN,43.00,76319.41,0.01,1994-11-26,3-MEDIUM,356016.33,Customer#000000005,HOUSEHOLD,794.47,CANADA,AMERICA,13,JORDAN,4,the slyly regular ideas. silent Tiresias affix slyly fu
874,drab slate hot black khaki,MEDIUM PLATED TIN,MED BOX,17668,REG AIR,TAKE BACK RETURN,43.00,76319.41,0.01,1994-11-26,3-MEDIUM,356016.33,Customer#000000005,HOUSEHOLD,794.47,CANADA,AMERICA,14,KENYA,0,lyly special foxes. slyly regular deposits sleep carefully. carefully permanent accounts slee
874,drab slate hot black khaki,MEDIUM PLATED TIN,MED BOX,17668,REG AIR,TAKE BACK RETURN,43.00,76319.41,0.01,1994-11-26,3-MEDIUM,356016.33,Customer#000000005,HOUSEHOLD,794.47,CANADA,AMERICA,15,MOROCCO,0,ct blithely: blithely express accounts nag carefully. silent packages haggle carefully abo
874,drab slate hot black khaki,MEDIUM PLATED TIN,MED BOX,17668,REG AIR,TAKE BACK RETURN,43.00,76319.41,0.01,1994-11-26,3-MEDIUM,356016.33,Customer#000000005,HOUSEHOLD,794.47,CANADA,AMERICA,16,MOZAMBIQUE,0, beans after the carefully regular accounts r
874,drab slate hot black khaki,MEDIUM PLATED TIN,MED BOX,17668,REG AIR,TAKE BACK RETURN,43.00,76319.41,0.01,1994-11-26,3-MEDIUM,356016.33,Customer#000000005,HOUSEHOLD,794.47,CANADA,AMERICA,17,PERU,1,ly final foxes. blithely ironic accounts haggle. regular foxes about the regular deposits are furiously ir
874,drab slate hot black khaki,MEDIUM PLATED TIN,MED BOX,17668,REG AIR,TAKE BACK RETURN,43.00,76319.41,0.01,1994-11-26,3-MEDIUM,356016.33,Customer#000000005,HOUSEHOLD,794.47,CANADA,AMERICA,18,CHINA,2,"ckly special packages cajole slyly. unusual, unusual theodolites mold furiously. slyly sile"
874,drab slate hot black khaki,MEDIUM PLATED TIN,MED BOX,17668,REG AIR,TAKE BACK RETURN,43.00,76319.41,0.01,1994-11-26,3-MEDIUM,356016.33,Customer#000000005,HOUSEHOLD,794.47,CANADA,AMERICA,19,ROMANIA,3,"sly blithe requests. thinly bold deposits above the blithely regular accounts nag special, final requests. care"
874,drab slate hot black khaki,MEDIUM PLATED TIN,MED BOX,17668,REG AIR,TAKE BACK RETURN,43.00,76319.41,0.01,1994-11-26,3-MEDIUM,356016.33,Customer#000000005,HOUSEHOLD,794.47,CANADA,AMERICA,20,SAUDI ARABIA,4,se slyly across the blithely regular deposits. deposits use carefully regular 
874,drab slate hot black khaki,MEDIUM PLATED TIN,MED BOX,17668,REG AIR,TAKE BACK RETURN,43.00,76319.41,0.01,1994-11-26,3-MEDIUM,356016.33,Customer#000000005,HOUSEHOLD,794.47,CANADA,AMERICA,21,VIETNAM,2,lly across the quickly even pinto beans. caref
874,drab slate hot black khaki,MEDIUM PLATED TIN,MED BOX,17668,REG AIR,TAKE BACK RETURN,43.00,76319.41,0.01,1994-11-26,3-MEDIUM,356016.33,Customer#000000005,HOUSEHOLD,794.47,CANADA,AMERICA,22,RUSSIA,3,uctions. furiously unusual instructions sleep furiously ironic packages. slyly 
874,drab slate hot black khaki,MEDIUM PLATED TIN,MED BOX,17668,REG AIR,TAKE BACK RETURN,43.00,76319.41,0.01,1994-11-26,3-MEDIUM,356016.33,Customer#000000005,HOUSEHOLD,794.47,CANADA,AMERICA,23,UNITED KINGDOM,3,"carefully pending courts sleep above the ironic, regular theo"
874,drab slate hot black khaki,MEDIUM PLATED TIN,MED BOX,17668,REG AIR,TAKE BACK RETURN,43.00,76319.41,0.01,1994-11-26,3-MEDIUM,356016.33,Customer#000000005,HOUSEHOLD,794.47,CANADA,AMERICA,24,UNITED STATES,1,ly ironic requests along the slyly bold ideas hang after the blithely special notornis; blithely even accounts
895,thistle azure magenta mint burnished,MEDIUM BRUSHED STEEL,SM BOX,2182,TRUCK,TAKE BACK RETURN,37.00,66447.93,0.06,1994-04-05,2-HIGH,171704.77,Customer#000000113,BUILDING,2912.00,JAPAN,ASIA,0,ALGERIA,0,furiously regular requests. platelets affix furious
895,thistle azure magenta mint burnished,MEDIUM BRUSHED STEEL,SM BOX,2182,TRUCK,TAKE BACK RETURN,37.00,66447.93,0.06,1994-04-05,2-HIGH,171704.77,Customer#000000113,BUILDING,2912.00,JAPAN,ASIA,1,ARGENTINA,1,"instructions wake quickly. final deposits haggle. final, silent theodolites "
895,thistle azure magenta mint burnished,MEDIUM BRUSHED STEEL,SM BOX,2182,TRUCK,TAKE BACK RETURN,37.00,66447.93,0.06,1994-04-05,2-HIGH,171704.77,Customer#000000113,BUILDING,2912.00,JAPAN,ASIA,2,BRAZIL,1,asymptotes use fluffily quickly bold instructions. slyly bold dependencies sleep carefully pending accounts
895,thistle azure magenta mint burnished,MEDIUM BRUSHED STEEL,SM BOX,2182,TRUCK,TAKE BACK RETURN,37.00,66447.93,0.06,1994-04-05,2-HIGH,171704.77,Customer#000000113,BUILDING,2912.00,JAPAN,ASIA,3,CANADA,1,ss deposits wake across the pending foxes. packages after the carefully bold requests integrate caref
895,thistle azure magenta mint burnished,MEDIUM BRUSHED STEEL,SM BOX,2182,TRUCK,TAKE BACK RETURN,37.00,66447.93,0.06,1994-04-05,2-HIGH,171704.77,Customer#000000113,BUILDING,2912.00,JAPAN,ASIA,4,EGYPT,4,"usly ironic, pending foxes. even, special instructions nag. sly, final foxes detect slyly fluffily "
895,thistle azure magenta mint burnished,MEDIUM BRUSHED STEEL,SM BOX,2182,TRUCK,TAKE BACK RETURN,37.00,66447.93,0.06,1994-04-05,2-HIGH,171704.77,Customer#000000113,BUILDING,2912.00,JAPAN,ASIA,5,ETHIOPIA,0,regular requests sleep carefull
895,thistle azure magenta mint burnished,MEDIUM BRUSHED STEEL,SM BOX,2182,TRUCK,TAKE BACK RETURN,37.00,66447.93,0.06,1994-04-05,2-HIGH,171704.77,Customer#000000113,BUILDING,2912.00,JAPAN,ASIA,6,FRANCE,3,oggedly. regular packages solve across
895,thistle azure magenta mint burnished,MEDIUM BRUSHED STEEL,SM BOX,2182,TRUCK,TAKE BACK RETURN,37.00,66447.93,0.06,1994-04-05,2-HIGH,171704.77,Customer#000000113,BUILDING,2912.00,JAPAN,ASIA,7,GERMANY,3,ong the regular requests: blithely silent pinto beans hagg
895,thistle azure magenta mint burnished,MEDIUM BRUSHED STEEL,SM BOX,2182,TRUCK,TAKE BACK RETURN,37.00,66447.93,0.06,1994-04-05,2-HIGH,171704.77,Customer#000000113,BUILDING,2912.00,JAPAN,ASIA,8,INDIA,2,uriously unusual deposits about the slyly final pinto beans could
895,thistle azure magenta mint burnished,MEDIUM BRUSHED STEEL,SM BOX,2182,TRUCK,TAKE BACK RETURN,37.00,66447.93,0.06,1994-04-05,2-HIGH,171704.77,Customer#000000113,BUILDING,2912.00,JAPAN,ASIA,9,INDONESIA,2,"d deposits sleep quickly according to the dogged, regular dolphins. special excuses haggle furiously special reque"
895,thistle azure magenta mint burnished,MEDIUM BRUSHED STEEL,SM BOX,2182,TRUCK,TAKE BACK RETURN,37.00,66447.93,0.06,1994-04-05,2-HIGH,171704.77,Customer#000000113,BUILDING,2912.00,JAPAN,ASIA,10,IRAN,4,furiously idle platelets nag. express asymptotes s
895,thistle azure magenta mint burnished,MEDIUM BRUSHED STEEL,SM BOX,2182,TRUCK,TAKE BACK RETURN,37.00,66447.93,0.06,1994-04-05,2-HIGH,171704.77,Customer#000000113,BUILDING,2912.00,JAPAN,ASIA,11,IRAQ,4,pendencies; slyly express foxes integrate carefully across the reg
895,thistle azure magenta mint burnished,MEDIUM BRUSHED STEEL,SM BOX,2182,TRUCK,TAKE BACK RETURN,37.00,66447.93,0.06,1994-04-05,2-HIGH,171704.77,Customer#000000113,BUILDING,2912.00,JAPAN,ASIA,12,JAPAN,2, quickly final packages. furiously i
895,thistle azure magenta mint burnished,MEDIUM BRUSHED STEEL,SM BOX,2182,TRUCK,TAKE BACK RETURN,37.00,66447.93,0.06,1994-04-05,2-HIGH,171704.77,Customer#000000113,BUILDING,2912.00,JAPAN,ASIA,13,JORDAN,4,the slyly regular ideas. silent Tiresias affix slyly fu
895,thistle azure magenta mint burnished,MEDIUM BRUSHED STEEL,SM BOX,2182,TRUCK,TAKE BACK RETURN,37.00,66447.93,0.06,1994-04-05,2-HIGH,171704.77,Customer#000000113,BUILDING,2912.00,JAPAN,ASIA,14,KENYA,0,lyly special foxes. slyly regular deposits sleep carefully. carefully permanent accounts slee
895,thistle azure magenta mint burnished,MEDIUM BRUSHED STEEL,SM BOX,2182,TRUCK,TAKE BACK RETURN,37.00,66447.93,0.06,1994-04-05,2-HIGH,171704.77,Customer#000000113,BUILDING,2912.00,JAPAN,ASIA,15,MOROCCO,0,ct blithely: blithely express accounts nag carefully. silent packages haggle carefully abo
895,thistle azure magenta mint burnished,MEDIUM BRUSHED STEEL,SM BOX,2182,TRUCK,TAKE BACK RETURN,37.00,66447.93,0.06,1994-04-05,2-HIGH,171704.77,Customer#000000113,BUILDING,2912.00,JAPAN,ASIA,16,MOZAMBIQUE,0, beans after the carefully regular accounts r
895,thistle azure magenta mint burnished,MEDIUM BRUSHED STEEL,SM BOX,2182,TRUCK,TAKE BACK RETURN,37.00,66447.93,0.06,1994-04-05,2-HIGH,171704.77,Customer#000000113,BUILDING,2912.00,JAPAN,ASIA,17,PERU,1,ly final foxes. blithely ironic accounts haggle. regular foxes about the regular deposits are furiously ir
895,thistle azure magenta mint burnished,MEDIUM BRUSHED STEEL,SM BOX,2182,TRUCK,TAKE BACK RETURN,37.00,66447.93,0.06,1994-04-05,2-HIGH,171704.77,Customer#000000113,BUILDING,2912.00,JAPAN,ASIA,18,CHINA,2,"ckly special packages cajole slyly. unusual, unusual theodolites mold furiously. slyly sile"
895,thistle azure magenta mint burnished,MEDIUM BRUSHED STEEL,SM BOX,2182,TRUCK,TAKE BACK RETURN,37.00,66447.93,0.06,1994-04-05,2-HIGH,171704.77,Customer#000000113,BUILDING,2912.00,JAPAN,ASIA,19,ROMANIA,3,"sly blithe requests. thinly bold deposits above the blithely regular accounts nag special, final requests. care"
895,thistle azure magenta mint burnished,MEDIUM BRUSHED STEEL,SM BOX,2182,TRUCK,TAKE BACK RETURN,37.00,66447.93,0.06,1994-04-05,2-HIGH,171704.77,Customer#000000113,BUILDING,2912.00,JAPAN,ASIA,20,SAUDI ARABIA,4,se slyly across the blithely regular deposits. deposits use carefully regular 
895,thistle azure magenta mint burnished,MEDIUM BRUSHED STEEL,SM BOX,2182,TRUCK,TAKE BACK RETURN,37.00,66447.93,0.06,1994-04-05,2-HIGH,171704.77,Customer#000000113,BUILDING,2912.00,JAPAN,ASIA,21,VIETNAM,2,lly across the quickly even pinto beans. caref
895,thistle azure magenta mint burnished,MEDIUM BRUSHED STEEL,SM BOX,2182,TRUCK,TAKE BACK RETURN,37.00,66447.93,0.06,1994-04-05,2-HIGH,171704.77,Customer#000000113,BUILDING,2912.00,JAPAN,ASIA,22,RUSSIA,3,uctions. furiously unusual instructions sleep furiously ironic packages. slyly 
895,thistle azure magenta mint burnished,MEDIUM BRUSHED STEEL,SM BOX,2182,TRUCK,TAKE BACK RETURN,37.00,66447.93,0.06,1994-04-05,2-HIGH,171704.77,Customer#000000113,BUILDING,2912.00,JAPAN,ASIA,23,UNITED KINGDOM,3,"carefully pending courts sleep above the ironic, regular theo"
895,thistle azure magenta mint burnished,MEDIUM BRUSHED STEEL,SM BOX,2182,TRUCK,TAKE BACK RETURN,37.00,66447.93,0.06,1994-04-05,2-HIGH,171704.77,Customer#000000113,BUILDING,2912.00,JAPAN,ASIA,24,UNITED STATES,1,ly ironic requests along the slyly bold ideas hang after the blithely special notornis; blithely even accounts
895,thistle azure magenta mint burnished,MEDIUM BRUSHED STEEL,SM BOX,4642,MAIL,DELIVER IN PERSON,41.00,73631.49,0.10,1995-02-27,1-URGENT,185628.40,Customer#000000737,AUTOMOBILE,2501.74,CHINA,ASIA,0,ALGERIA,0,furiously regular requests. platelets affix furious
895,thistle azure magenta mint burnished,MEDIUM BRUSHED STEEL,SM BOX,4642,MAIL,DELIVER IN PERSON,41.00,73631.49,0.10,1995-02-27,1-URGENT,185628.40,Customer#000000737,AUTOMOBILE,2501.74,CHINA,ASIA,1,ARGENTINA,1,"instructions wake quickly. final deposits haggle. final, silent theodolites "
895,thistle azure magenta mint burnished,MEDIUM BRUSHED STEEL,SM BOX,4642,MAIL,DELIVER IN PERSON,41.00,73631.49,0.10,1995-02-27,1-URGENT,185628.40,Customer#000000737,AUTOMOBILE,2501.74,CHINA,ASIA,2,BRAZIL,1,asymptotes use fluffily quickly bold instructions. slyly bold dependencies sleep carefully pending accounts
895,thistle azure magenta mint burnished,MEDIUM BRUSHED STEEL,SM BOX,4642,MAIL,DELIVER IN PERSON,41.00,73631.49,0.10,1995-02-27,1-URGENT,185628.40,Customer#000000737,AUTOMOBILE,2501.74,CHINA,ASIA,3,CANADA,1,ss deposits wake across the pending foxes. packages after the carefully bold requests integrate caref
895,thistle azure magenta mint burnished,MEDIUM BRUSHED STEEL,SM BOX,4642,MAIL,DELIVER IN PERSON,41.00,73631.49,0.10,1995-02-27,1-URGENT,185628.40,Customer#000000737,AUTOMOBILE,2501.74,CHINA,ASIA,4,EGYPT,4,"usly ironic, pending foxes. even, special instructions nag. sly, final foxes detect slyly fluffily "
895,thistle azure magenta mint burnished,MEDIUM BRUSHED STEEL,SM BOX,4642,MAIL,DELIVER IN PERSON,41.00,73631.49,0.10,1995-02-27,1-URGENT,185628.40,Customer#000000737,AUTOMOBILE,2501.74,CHINA,ASIA,5,ETHIOPIA,0,regular requests sleep carefull
895,thistle azure magenta mint burnished,MEDIUM BRUSHED STEEL,SM BOX,4642,MAIL,DELIVER IN PERSON,41.00,73631.49,0.10,1995-02-27,1-URGENT,185628.40,Customer#000000737,AUTOMOBILE,2501.74,CHINA,ASIA,6,FRANCE,3,oggedly. regular packages solve across
895,thistle azure magenta mint burnished,MEDIUM BRUSHED STEEL,SM BOX,4642,MAIL,DELIVER IN PERSON,41.00,73631.49,0.10,1995-02-27,1-URGENT,185628.40,Customer#000000737,AUTOMOBILE,2501.74,CHINA,ASIA,7,GERMANY,3,ong the regular requests: blithely silent pinto beans hagg
895,thistle azure magenta mint burnished,MEDIUM BRUSHED STEEL,SM BOX,4642,MAIL,DELIVER IN PERSON,41.00,73631.49,0.10,1995-02-27,1-URGENT,185628.40,Customer#000000737,AUTOMOBILE,2501.74,CHINA,ASIA,8,INDIA,2,uriously unusual deposits about the slyly final pinto beans could
895,thistle azure magenta mint burnished,MEDIUM BRUSHED STEEL,SM BOX,4642,MAIL,DELIVER IN PERSON,41.00,73631.49,0.10,1995-02-27,1-URGENT,185628.40,Customer#000000737,AUTOMOBILE,2501.74,CHINA,ASIA,9,INDONESIA,2,"d deposits sleep quickly according to the dogged, regular dolphins. special excuses haggle furiously special reque"
895,thistle azure magenta mint burnished,MEDIUM BRUSHED STEEL,SM BOX,4642,MAIL,DELIVER IN PERSON,41.00,73631.49,0.10,1995-02-27,1-URGENT,185628.40,Customer#000000737,AUTOMOBILE,2501.74,CHINA,ASIA,10,IRAN,4,furiously idle platelets nag. express asymptotes s
895,thistle azure magenta mint burnished,MEDIUM BRUSHED STEEL,SM BOX,4642,MAIL,DELIVER IN PERSON,41.00,73631.49,0.10,1995-02-27,1-URGENT,185628.40,Customer#000000737,AUTOMOBILE,2501.74,CHINA,ASIA,11,IRAQ,4,pendencies; slyly express foxes integrate carefully across the reg
895,thistle azure magenta mint burnished,MEDIUM BRUSHED STEEL,SM BOX,4642,MAIL,DELIVER IN PERSON,41.00,73631.49,0.10,1995-02-27,1-URGENT,185628.40,Customer#000000737,AUTOMOBILE,2501.74,CHINA,ASIA,12,JAPAN,2, quickly final packages. furiously i
895,thistle azure magenta mint burnished,MEDIUM BRUSHED STEEL,SM BOX,4642,MAIL,DELIVER IN PERSON,41.00,73631.49,0.10,1995-02-27,1-URGENT,185628.40,Customer#000000737,AUTOMOBILE,2501.74,CHINA,ASIA,13,JORDAN,4,the slyly regular ideas. silent Tiresias affix slyly fu
895,thistle azure magenta mint burnished,MEDIUM BRUSHED STEEL,SM BOX,4642,MAIL,DELIVER IN PERSON,41.00,73631.49,0.10,1995-02-27,1-URGENT,185628.40,Customer#000000737,AUTOMOBILE,2501.74,CHINA,ASIA,14,KENYA,0,lyly special foxes. slyly regular deposits sleep carefully. carefully permanent accounts slee
895,thistle azure magenta mint burnished,MEDIUM BRUSHED STEEL,SM BOX,4642,MAIL,DELIVER IN PERSON,41.00,73631.49,0.10,1995-02-27,1-URGENT,185628.40,Customer#000000737,AUTOMOBILE,2501.74,CHINA,ASIA,15,MOROCCO,0,ct blithely: blithely express accounts nag carefully. silent packages haggle carefully abo
895,thistle azure magenta mint burnished,MEDIUM BRUSHED STEEL,SM BOX,4642,MAIL,DELIVER IN PERSON,41.00,73631.49,0.10,1995-02-27,1-URGENT,185628.40,Customer#000000737,AUTOMOBILE,2501.74,CHINA,ASIA,16,MOZAMBIQUE,0, beans after the carefully regular accounts r
895,thistle azure magenta mint burnished,MEDIUM BRUSHED STEEL,SM BOX,4642,MAIL,DELIVER IN PERSON,41.00,73631.49,0.10,1995-02-27,1-URGENT,185628.40,Customer#000000737,AUTOMOBILE,2501.74,CHINA,ASIA,17,PERU,1,ly final foxes. blithely ironic accounts haggle. regular foxes about the regular deposits are furiously ir
895,thistle azure magenta mint burnished,MEDIUM BRUSHED STEEL,SM BOX,4642,MAIL,DELIVER IN PERSON,41.00,73631.49,0.10,1995-02-27,1-URGENT,185628.40,Customer#000000737,AUTOMOBILE,2501.74,CHINA,ASIA,18,CHINA,2,"ckly special packages cajole slyly. unusual, unusual theodolites mold furiously. slyly sile"
895,thistle azure magenta mint burnished,MEDIUM BRUSHED STEEL,SM BOX,4642,MAIL,DELIVER IN PERSON,41.00,73631.49,0.10,1995-02-27,1-URGENT,185628.40,Customer#000000737,AUTOMOBILE,2501.74,CHINA,ASIA,19,ROMANIA,3,"sly blithe requests. thinly bold deposits above the blithely regular accounts nag special, final requests. care"
895,thistle azure magenta mint burnished,MEDIUM BRUSHED STEEL,SM BOX,4642,MAIL,DELIVER IN PERSON,41.00,73631.49,0.10,1995-02-27,1-URGENT,185628.40,Customer#000000737,AUTOMOBILE,2501.74,CHINA,ASIA,20,SAUDI ARABIA,4,se slyly across the blithely regular deposits. deposits use carefully regular 
895,thistle azure magenta mint burnished,MEDIUM BRUSHED STEEL,SM BOX,4642,MAIL,DELIVER IN PERSON,41.00,73631.49,0.10,1995-02-27,1-URGENT,185628.40,Customer#000000737,AUTOMOBILE,2501.74,CHINA,ASIA,21,VIETNAM,2,lly across the quickly even pinto beans. caref
895,thistle azure magenta mint burnished,MEDIUM BRUSHED STEEL,SM BOX,4642,MAIL,DELIVER IN PERSON,41.00,73631.49,0.10,1995-02-27,1-URGENT,185628.40,Customer#000000737,AUTOMOBILE,2501.74,CHINA,ASIA,22,RUSSIA,3,uctions. furiously unusual instructions sleep furiously ironic packages. slyly 
895,thistle azure magenta mint burnished,MEDIUM BRUSHED STEEL,SM BOX,4642,MAIL,DELIVER IN PERSON,41.00,73631.49,0.10,1995-02-27,1-URGENT,185628.40,Customer#000000737,AUTOMOBILE,2501.74,CHINA,ASIA,23,UNITED KINGDOM,3,"carefully pending courts sleep above the ironic, regular theo"
895,thistle azure magenta mint burnished,MEDIUM BRUSHED STEEL,SM BOX,4642,MAIL,DELIVER IN PERSON,41.00,73631.49,0.10,1995-02-27,1-URGENT,185628.40,Customer#000000737,AUTOMOBILE,2501.74,CHINA,ASIA,24,UNITED STATES,1,ly ironic requests along the slyly bold ideas hang after the blithely special notornis; blithely even accounts
895,thistle azure magenta mint burnished,MEDIUM BRUSHED STEEL,SM BOX,10244,REG AIR,TAKE BACK RETURN,28.00,50284.92,0.01,1996-04-04,3-MEDIUM,140180.15,Customer#000000149,AUTOMOBILE,8959.65,ROMANIA,EUROPE,0,ALGERIA,0,furiously regular requests. platelets affix furious
895,thistle azure magenta mint burnished,MEDIUM BRUSHED STEEL,SM BOX,10244,REG AIR,TAKE BACK RETURN,28.00,50284.92,0.01,1996-04-04,3-MEDIUM,140180.15,Customer#000000149,AUTOMOBILE,8959.65,ROMANIA,EUROPE,1,ARGENTINA,1,"instructions wake quickly. final deposits haggle. final, silent theodolites "
895,thistle azure magenta mint burnished,MEDIUM BRUSHED STEEL,SM BOX,10244,REG AIR,TAKE BACK RETURN,28.00,50284.92,0.01,1996-04-04,3-MEDIUM,140180.15,Customer#000000149,AUTOMOBILE,8959.65,ROMANIA,EUROPE,2,BRAZIL,1,asymptotes use fluffily quickly bold instructions. slyly bold dependencies sleep carefully pending accounts
895,thistle azure magenta mint burnished,MEDIUM BRUSHED STEEL,SM BOX,10244,REG AIR,TAKE BACK RETURN,28.00,50284.92,0.01,1996-04-04,3-MEDIUM,140180.15,Customer#000000149,AUTOMOBILE,8959.65,ROMANIA,EUROPE,3,CANADA,1,ss deposits wake across the pending foxes. packages after the carefully bold requests integrate caref
895,thistle azure magenta mint burnished,MEDIUM BRUSHED STEEL,SM BOX,10244,REG AIR,TAKE BACK RETURN,28.00,50284.92,0.01,1996-04-04,3-MEDIUM,140180.15,Customer#000000149,AUTOMOBILE,8959.65,ROMANIA,EUROPE,4,EGYPT,4,"usly ironic, pending foxes. even, special instructions nag. sly, final foxes detect slyly fluffily "
895,thistle azure magenta mint burnished,MEDIUM BRUSHED STEEL,SM BOX,10244,REG AIR,TAKE BACK RETURN,28.00,50284.92,0.01,1996-04-04,3-MEDIUM,140180.15,Customer#000000149,AUTOMOBILE,8959.65,ROMANIA,EUROPE,5,ETHIOPIA,0,regular requests sleep carefull
895,thistle azure magenta mint burnished,MEDIUM BRUSHED STEEL,SM BOX,10244,REG AIR,TAKE BACK RETURN,28.00,50284.92,0.01,1996-04-04,3-MEDIUM,140180.15,Customer#000000149,AUTOMOBILE,8959.65,ROMANIA,EUROPE,6,FRANCE,3,oggedly. regular packages solve across
895,thistle azure magenta mint burnished,MEDIUM BRUSHED STEEL,SM BOX,10244,REG AIR,TAKE BACK RETURN,28.00,50284.92,0.01,1996-04-04,3-MEDIUM,140180.15,Customer#000000149,AUTOMOBILE,8959.65,ROMANIA,EUROPE,7,GERMANY,3,ong the regular requests: blithely silent pinto beans hagg
895,thistle azure magenta mint burnished,MEDIUM BRUSHED STEEL,SM BOX,10244,REG AIR,TAKE BACK RETURN,28.00,50284.92,0.01,1996-04-04,3-MEDIUM,140180.15,Customer#000000149,AUTOMOBILE,8959.65,ROMANIA,EUROPE,8,INDIA,2,uriously unusual deposits about the slyly final pinto beans could
895,thistle azure magenta mint burnished,MEDIUM BRUSHED STEEL,SM BOX,10244,REG AIR,TAKE BACK RETURN,28.00,50284.92,0.01,1996-04-04,3-MEDIUM,140180.15,Customer#000000149,AUTOMOBILE,8959.65,ROMANIA,EUROPE,9,INDONESIA,2,"d deposits sleep quickly according to the dogged, regular dolphins. special excuses haggle furiously special reque"
895,thistle azure magenta mint burnished,MEDIUM BRUSHED STEEL,SM BOX,10244,REG AIR,TAKE BACK RETURN,28.00,50284.92,0.01,1996-04-04,3-MEDIUM,140180.15,Customer#000000149,AUTOMOBILE,8959.65,ROMANIA,EUROPE,10,IRAN,4,furiously idle platelets nag. express asymptotes s
895,thistle azure magenta mint burnished,MEDIUM BRUSHED STEEL,SM BOX,10244,REG AIR,TAKE BACK RETURN,28.00,50284.92,0.01,1996-04-04,3-MEDIUM,140180.15,Customer#000000149,AUTOMOBILE,8959.65,ROMANIA,EUROPE,11,IRAQ,4,pendencies; slyly express foxes integrate carefully across the reg
895,thistle azure magenta mint burnished,MEDIUM BRUSHED STEEL,SM BOX,10244,REG AIR,TAKE BACK RETURN,28.00,50284.92,0.01,1996-04-04,3-MEDIUM,140180.15,Customer#000000149,AUTOMOBILE,8959.65,ROMANIA,EUROPE,12,JAPAN,2, quickly final packages. furiously i
895,thistle azure magenta mint burnished,MEDIUM BRUSHED STEEL,SM BOX,10244,REG AIR,TAKE BACK RETURN,28.00,50284.92,0.01,1996-04-04,3-MEDIUM,140180.15,Customer#000000149,AUTOMOBILE,8959.65,ROMANIA,EUROPE,13,JORDAN,4,the slyly regular ideas. silent Tiresias affix slyly fu
895,thistle azure magenta mint burnished,MEDIUM BRUSHED STEEL,SM BOX,10244,REG AIR,TAKE BACK RETURN,28.00,50284.92,0.01,1996-04-04,3-MEDIUM,140180.15,Customer#000000149,AUTOMOBILE,8959.65,ROMANIA,EUROPE,14,KENYA,0,lyly special foxes. slyly regular deposits sleep carefully. carefully permanent accounts slee
895,thistle azure magenta mint burnished,MEDIUM BRUSHED STEEL,SM BOX,10244,REG AIR,TAKE BACK RETURN,28.00,50284.92,0.01,1996-04-04,3-MEDIUM,140180.15,Customer#000000149,AUTOMOBILE,8959.65,ROMANIA,EUROPE,15,MOROCCO,0,ct blithely: blithely express accounts nag carefully. silent packages haggle carefully abo
895,thistle azure magenta mint burnished,MEDIUM BRUSHED STEEL,SM BOX,10244,REG AIR,TAKE BACK RETURN,28.00,50284.92,0.01,1996-04-04,3-MEDIUM,140180.15,Customer#000000149,AUTOMOBILE,8959.65,ROMANIA,EUROPE,16,MOZAMBIQUE,0, beans after the carefully regular accounts r
895,thistle azure magenta mint burnished,MEDIUM BRUSHED STEEL,SM BOX,10244,REG AIR,TAKE BACK RETURN,28.00,50284.92,0.01,1996-04-04,3-MEDIUM,140180.15,Customer#000000149,AUTOMOBILE,8959.65,ROMANIA,EUROPE,17,PERU,1,ly final foxes. blithely ironic accounts haggle. regular foxes about the regular deposits are furiously ir
895,thistle azure magenta mint burnished,MEDIUM BRUSHED STEEL,SM BOX,10244,REG AIR,TAKE BACK RETURN,28.00,50284.92,0.01,1996-04-04,3-MEDIUM,140180.15,Customer#000000149,AUTOMOBILE,8959.65,ROMANIA,EUROPE,18,CHINA,2,"ckly special packages cajole slyly. unusual, unusual theodolites mold furiously. slyly sile"
895,thistle azure magenta mint burnished,MEDIUM BRUSHED STEEL,SM BOX,10244,REG AIR,TAKE BACK RETURN,28.00,50284.92,0.01,1996-04-04,3-MEDIUM,140180.15,Customer#000000149,AUTOMOBILE,8959.65,ROMANIA,EUROPE,19,ROMANIA,3,"sly blithe requests. thinly bold deposits above the blithely regular accounts nag special, final requests. care"
895,thistle azure magenta mint burnished,MEDIUM BRUSHED STEEL,SM BOX,10244,REG AIR,TAKE BACK RETURN,28.00,50284.92,0.01,1996-04-04,3-MEDIUM,140180.15,Customer#000000149,AUTOMOBILE,8959.65,ROMANIA,EUROPE,20,SAUDI ARABIA,4,se slyly across the blithely regular deposits. deposits use carefully regular 
895,thistle azure magenta mint burnished,MEDIUM BRUSHED STEEL,SM BOX,10244,REG AIR,TAKE BACK RETURN,28.00,50284.92,0.01,1996-04-04,3-MEDIUM,140180.15,Customer#000000149,AUTOMOBILE,8959.65,ROMANIA,EUROPE,21,VIETNAM,2,lly across the quickly even pinto beans. caref
895,thistle azure magenta mint burnished,MEDIUM BRUSHED STEEL,SM BOX,10244,REG AIR,TAKE BACK RETURN,28.00,50284.92,0.01,1996-04-04,3-MEDIUM,140180.15,Customer#000000149,AUTOMOBILE,8959.65,ROMANIA,EUROPE,22,RUSSIA,3,uctions. furiously unusual instructions sleep furiously ironic packages. slyly 
895,thistle azure magenta mint burnished,MEDIUM BRUSHED STEEL,SM BOX,10244,REG AIR,TAKE BACK RETURN,28.00,50284.92,0.01,1996-04-04,3-MEDIUM,140180.15,Customer#000000149,AUTOMOBILE,8959.65,ROMANIA,EUROPE,23,UNITED KINGDOM,3,"carefully pending courts sleep above the ironic, regular theo"
895,thistle azure magenta mint burnished,MEDIUM BRUSHED STEEL,SM BOX,10244,REG AIR,TAKE BACK RETURN,28.00,50284.92,0.01,1996-04-04,3-MEDIUM,140180.15,Customer#000000149,AUTOMOBILE,8959.65,ROMANIA,EUROPE,24,UNITED STATES,1,ly ironic requests along the slyly bold ideas hang after the blithely special notornis; blithely even accounts
895,thistle azure magenta mint burnished,MEDIUM BRUSHED STEEL,SM BOX,11616,REG AIR,TAKE BACK RETURN,34.00,61060.26,0.03,1996-08-02,2-HIGH,265398.53,Customer#000000202,AUTOMOBILE,2237.64,GERMANY,EUROPE,0,ALGERIA,0,furiously regular requests. platelets affix furious
895,thistle azure magenta mint burnished,MEDIUM BRUSHED STEEL,SM BOX,11616,REG AIR,TAKE BACK RETURN,34.00,61060.26,0.03,1996-08-02,2-HIGH,265398.53,Customer#000000202,AUTOMOBILE,2237.64,GERMANY,EUROPE,1,ARGENTINA,1,"instructions wake quickly. final deposits haggle. final, silent theodolites "
895,thistle azure magenta mint burnished,MEDIUM BRUSHED STEEL,SM BOX,11616,REG AIR,TAKE BACK RETURN,34.00,61060.26,0.03,1996-08-02,2-HIGH,265398.53,Customer#000000202,AUTOMOBILE,2237.64,GERMANY,EUROPE,2,BRAZIL,1,asymptotes use fluffily quickly bold instructions. slyly bold dependencies sleep carefully pending accounts
895,thistle azure magenta mint burnished,MEDIUM BRUSHED STEEL,SM BOX,11616,REG AIR,TAKE BACK RETURN,34.00,61060.26,0.03,1996-08-02,2-HIGH,265398.53,Customer#000000202,AUTOMOBILE,2237.64,GERMANY,EUROPE,3,CANADA,1,ss deposits wake across the pending foxes. packages after the carefully bold requests integrate caref
895,thistle azure magenta mint burnished,MEDIUM BRUSHED STEEL,SM BOX,11616,REG AIR,TAKE BACK RETURN,34.00,61060.26,0.03,1996-08-02,2-HIGH,265398.53,Customer#000000202,AUTOMOBILE,2237.64,GERMANY,EUROPE,4,EGYPT,4,"usly ironic, pending foxes. even, special instructions nag. sly, final foxes detect slyly fluffily "
895,thistle azure magenta mint burnished,MEDIUM BRUSHED STEEL,SM BOX,11616,REG AIR,TAKE BACK RETURN,34.00,61060.26,0.03,1996-08-02,2-HIGH,265398.53,Customer#000000202,AUTOMOBILE,2237.64,GERMANY,EUROPE,5,ETHIOPIA,0,regular requests sleep carefull
895,thistle azure magenta mint burnished,MEDIUM BRUSHED STEEL,SM BOX,11616,REG AIR,TAKE BACK RETURN,34.00,61060.26,0.03,1996-08-02,2-HIGH,265398.53,Customer#000000202,AUTOMOBILE,2237.64,GERMANY,EUROPE,6,FRANCE,3,oggedly. regular packages solve across
895,thistle azure magenta mint burnished,MEDIUM BRUSHED STEEL,SM BOX,11616,REG AIR,TAKE BACK RETURN,34.00,61060.26,0.03,1996-08-02,2-HIGH,265398.53,Customer#000000202,AUTOMOBILE,2237.64,GERMANY,EUROPE,7,GERMANY,3,ong the regular requests: blithely silent pinto beans hagg
895,thistle azure magenta mint burnished,MEDIUM BRUSHED STEEL,SM BOX,11616,REG AIR,TAKE BACK RETURN,34.00,61060.26,0.03,1996-08-02,2-HIGH,265398.53,Customer#000000202,AUTOMOBILE,2237.64,GERMANY,EUROPE,8,INDIA,2,uriously unusual deposits about the slyly final pinto beans could
895,thistle azure magenta mint burnished,MEDIUM BRUSHED STEEL,SM BOX,11616,REG AIR,TAKE BACK RETURN,34.00,61060.26,0.03,1996-08-02,2-HIGH,265398.53,Customer#000000202,AUTOMOBILE,2237.64,GERMANY,EUROPE,9,INDONESIA,2,"d deposits sleep quickly according to the dogged, regular dolphins. special excuses haggle furiously special reque"
895,thistle azure magenta mint burnished,MEDIUM BRUSHED STEEL,SM BOX,11616,REG AIR,TAKE BACK RETURN,34.00,61060.26,0.03,1996-08-02,2-HIGH,265398.53,Customer#000000202,AUTOMOBILE,2237.64,GERMANY,EUROPE,10,IRAN,4,furiously idle platelets nag. express asymptotes s
895,thistle azure magenta mint burnished,MEDIUM BRUSHED STEEL,SM BOX,11616,REG AIR,TAKE BACK RETURN,34.00,61060.26,0.03,1996-08-02,2-HIGH,265398.53,Customer#000000202,AUTOMOBILE,2237.64,GERMANY,EUROPE,11,IRAQ,4,pendencies; slyly express foxes integrate carefully across the reg
895,thistle azure magenta mint burnished,MEDIUM BRUSHED STEEL,SM BOX,11616,REG AIR,TAKE BACK RETURN,34.00,61060.26,0.03,1996-08-02,2-HIGH,265398.53,Customer#000000202,AUTOMOBILE,2237.64,GERMANY,EUROPE,12,JAPAN,2, quickly final packages. furiously i
895,thistle azure magenta mint burnished,MEDIUM BRUSHED STEEL,SM BOX,11616,REG AIR,TAKE BACK RETURN,34.00,61060.26,0.03,1996-08-02,2-HIGH,265398.53,Customer#000000202,AUTOMOBILE,2237.64,GERMANY,EUROPE,13,JORDAN,4,the slyly regular ideas. silent Tiresias affix slyly fu
895,thistle azure magenta mint burnished,MEDIUM BRUSHED STEEL,SM BOX,11616,REG AIR,TAKE BACK RETURN,34.00,61060.26,0.03,1996-08-02,2-HIGH,265398.53,Customer#000000202,AUTOMOBILE,2237.64,GERMANY,EUROPE,14,KENYA,0,lyly special foxes. slyly regular deposits sleep carefully. carefully permanent accounts slee
895,thistle azure magenta mint burnished,MEDIUM BRUSHED STEEL,SM BOX,11616,REG AIR,TAKE BACK RETURN,34.00,61060.26,0.03,1996-08-02,2-HIGH,265398.53,Customer#000000202,AUTOMOBILE,2237.64,GERMANY,EUROPE,15,MOROCCO,0,ct blithely: blithely express accounts nag carefully. silent packages haggle carefully abo
895,thistle azure magenta mint burnished,MEDIUM BRUSHED STEEL,SM BOX,11616,REG AIR,TAKE BACK RETURN,34.00,61060.26,0.03,1996-08-02,2-HIGH,265398.53,Customer#000000202,AUTOMOBILE,2237.64,GERMANY,EUROPE,16,MOZAMBIQUE,0, beans after the carefully regular accounts r
895,thistle azure magenta mint burnished,MEDIUM BRUSHED STEEL,SM BOX,11616,REG AIR,TAKE BACK RETURN,34.00,61060.26,0.03,1996-08-02,2-HIGH,265398.53,Customer#000000202,AUTOMOBILE,2237.64,GERMANY,EUROPE,17,PERU,1,ly final foxes. blithely ironic accounts haggle. regular foxes about the regular deposits are furiously ir
895,thistle azure magenta mint burnished,MEDIUM BRUSHED STEEL,SM BOX,11616,REG AIR,TAKE BACK RETURN,34.00,61060.26,0.03,1996-08-02,2-HIGH,265398.53,Customer#000000202,AUTOMOBILE,2237.64,GERMANY,EUROPE,18,CHINA,2,"ckly special packages cajole slyly. unusual, unusual theodolites mold furiously. slyly sile"
895,thistle azure magenta mint burnished,MEDIUM BRUSHED STEEL,SM BOX,11616,REG AIR,TAKE BACK RETURN,34.00,61060.26,0.03,1996-08-02,2-HIGH,265398.53,Customer#000000202,AUTOMOBILE,2237.64,GERMANY,EUROPE,19,ROMANIA,3,"sly blithe requests. thinly bold deposits above the blithely regular accounts nag special, final requests. care"
895,thistle azure magenta mint burnished,MEDIUM BRUSHED STEEL,SM BOX,11616,REG AIR,TAKE BACK RETURN,34.00,61060.26,0.03,1996-08-02,2-HIGH,265398.53,Customer#000000202,AUTOMOBILE,2237.64,GERMANY,EUROPE,20,SAUDI ARABIA,4,se slyly across the blithely regular deposits. deposits use carefully regular 
895,thistle azure magenta mint burnished,MEDIUM BRUSHED STEEL,SM BOX,11616,REG AIR,TAKE BACK RETURN,34.00,61060.26,0.03,1996-08-02,2-HIGH,265398.53,Customer#000000202,AUTOMOBILE,2237.64,GERMANY,EUROPE,21,VIETNAM,2,lly across the quickly even pinto beans. caref
895,thistle azure magenta mint burnished,MEDIUM BRUSHED STEEL,SM BOX,11616,REG AIR,TAKE BACK RETURN,34.00,61060.26,0.03,1996-08-02,2-HIGH,265398.53,Customer#000000202,AUTOMOBILE,2237.64,GERMANY,EUROPE,22,RUSSIA,3,uctions. furiously unusual instructions sleep furiously ironic packages. slyly 
895,thistle azure magenta mint burnished,MEDIUM BRUSHED STEEL,SM BOX,11616,REG AIR,TAKE BACK RETURN,34.00,61060.26,0.03,1996-08-02,2-HIGH,265398.53,Customer#000000202,AUTOMOBILE,2237.64,GERMANY,EUROPE,23,UNITED KINGDOM,3,"carefully pending courts sleep above the ironic, regular theo"
895,thistle azure magenta mint burnished,MEDIUM BRUSHED STEEL,SM BOX,11616,REG AIR,TAKE BACK RETURN,34.00,61060.26,0.03,1996-08-02,2-HIGH,265398.53,Customer#000000202,AUTOMOBILE,2237.64,GERMANY,EUROPE,24,UNITED STATES,1,ly ironic requests along the slyly bold ideas hang after the blithely special notornis; blithely even accounts
895,thistle azure magenta mint burnished,MEDIUM BRUSHED STEEL,SM BOX,13059,AIR,DELIVER IN PERSON,35.00,62856.15,0.05,1997-05-31,5-LOW,232548.03,Customer#000000068,HOUSEHOLD,6853.37,JAPAN,ASIA,0,ALGERIA,0,furiously regular requests. platelets affix furious
895,thistle azure magenta mint burnished,MEDIUM BRUSHED STEEL,SM BOX,13059,AIR,DELIVER IN PERSON,35.00,62856.15,0.05,1997-05-31,5-LOW,232548.03,Customer#000000068,HOUSEHOLD,6853.37,JAPAN,ASIA,1,ARGENTINA,1,"instructions wake quickly. final deposits haggle. final, silent theodolites "
895,thistle azure magenta mint burnished,MEDIUM BRUSHED STEEL,SM BOX,13059,AIR,DELIVER IN PERSON,35.00,62856.15,0.05,1997-05-31,5-LOW,232548.03,Customer#000000068,HOUSEHOLD,6853.37,JAPAN,ASIA,2,BRAZIL,1,asymptotes use fluffily quickly bold instructions. slyly bold dependencies sleep carefully pending accounts
895,thistle azure magenta mint burnished,MEDIUM BRUSHED STEEL,SM BOX,13059,AIR,DELIVER IN PERSON,35.00,62856.15,0.05,1997-05-31,5-LOW,232548.03,Customer#000000068,HOUSEHOLD,6853.37,JAPAN,ASIA,3,CANADA,1,ss deposits wake across the pending foxes. packages after the carefully bold requests integrate caref
895,thistle azure magenta mint burnished,MEDIUM BRUSHED STEEL,SM BOX,13059,AIR,DELIVER IN PERSON,35.00,62856.15,0.05,1997-05-31,5-LOW,232548.03,Customer#000000068,HOUSEHOLD,6853.37,JAPAN,ASIA,4,EGYPT,4,"usly ironic, pending foxes. even, special instructions nag. sly, final foxes detect slyly fluffily "
895,thistle azure magenta mint burnished,MEDIUM BRUSHED STEEL,SM BOX,13059,AIR,DELIVER IN PERSON,35.00,62856.15,0.05,1997-05-31,5-LOW,232548.03,Customer#000000068,HOUSEHOLD,6853.37,JAPAN,ASIA,5,ETHIOPIA,0,regular requests sleep carefull
895,thistle azure magenta mint burnished,MEDIUM BRUSHED STEEL,SM BOX,13059,AIR,DELIVER IN PERSON,35.00,62856.15,0.05,1997-05-31,5-LOW,232548.03,Customer#000000068,HOUSEHOLD,6853.37,JAPAN,ASIA,6,FRANCE,3,oggedly. regular packages solve across
895,thistle azure magenta mint burnished,MEDIUM BRUSHED STEEL,SM BOX,13059,AIR,DELIVER IN PERSON,35.00,62856.15,0.05,1997-05-31,5-LOW,232548.03,Customer#000000068,HOUSEHOLD,6853.37,JAPAN,ASIA,7,GERMANY,3,ong the regular requests: blithely silent pinto beans hagg
895,thistle azure magenta mint burnished,MEDIUM BRUSHED STEEL,SM BOX,13059,AIR,DELIVER IN PERSON,35.00,62856.15,0.05,1997-05-31,5-LOW,232548.03,Customer#000000068,HOUSEHOLD,6853.37,JAPAN,ASIA,8,INDIA,2,uriously unusual deposits about the slyly final pinto beans could
895,thistle azure magenta mint burnished,MEDIUM BRUSHED STEEL,SM BOX,13059,AIR,DELIVER IN PERSON,35.00,62856.15,0.05,1997-05-31,5-LOW,232548.03,Customer#000000068,HOUSEHOLD,6853.37,JAPAN,ASIA,9,INDONESIA,2,"d deposits sleep quickly according to the dogged, regular dolphins. special excuses haggle furiously special reque"
895,thistle azure magenta mint burnished,MEDIUM BRUSHED STEEL,SM BOX,13059,AIR,DELIVER IN PERSON,35.00,62856.15,0.05,1997-05-31,5-LOW,232548.03,Customer#000000068,HOUSEHOLD,6853.37,JAPAN,ASIA,10,IRAN,4,furiously idle platelets nag. express asymptotes s
895,thistle azure magenta mint burnished,MEDIUM BRUSHED STEEL,SM BOX,13059,AIR,DELIVER IN PERSON,35.00,62856.15,0.05,1997-05-31,5-LOW,232548.03,Customer#000000068,HOUSEHOLD,6853.37,JAPAN,ASIA,11,IRAQ,4,pendencies; slyly express foxes integrate carefully across the reg
895,thistle azure magenta mint burnished,MEDIUM BRUSHED STEEL,SM BOX,13059,AIR,DELIVER IN PERSON,35.00,62856.15,0.05,1997-05-31,5-LOW,232548.03,Customer#000000068,HOUSEHOLD,6853.37,JAPAN,ASIA,12,JAPAN,2, quickly final packages. furiously i
895,thistle azure magenta mint burnished,MEDIUM BRUSHED STEEL,SM BOX,13059,AIR,DELIVER IN PERSON,35.00,62856.15,0.05,1997-05-31,5-LOW,232548.03,Customer#000000068,HOUSEHOLD,6853.37,JAPAN,ASIA,13,JORDAN,4,the slyly regular ideas. silent Tiresias affix slyly fu
895,thistle azure magenta mint burnished,MEDIUM BRUSHED STEEL,SM BOX,13059,AIR,DELIVER IN PERSON,35.00,62856.15,0.05,1997-05-31,5-LOW,232548.03,Customer#000000068,HOUSEHOLD,6853.37,JAPAN,ASIA,14,KENYA,0,lyly special foxes. slyly regular deposits sleep carefully. carefully permanent accounts slee
895,thistle azure magenta mint burnished,MEDIUM BRUSHED STEEL,SM BOX,13059,AIR,DELIVER IN PERSON,35.00,62856.15,0.05,1997-05-31,5-LOW,232548.03,Customer#000000068,HOUSEHOLD,6853.37,JAPAN,ASIA,15,MOROCCO,0,ct blithely: blithely express accounts nag carefully. silent packages haggle carefully abo
895,thistle azure magenta mint burnished,MEDIUM BRUSHED STEEL,SM BOX,13059,AIR,DELIVER IN PERSON,35.00,62856.15,0.05,1997-05-31,5-LOW,232548.03,Customer#000000068,HOUSEHOLD,6853.37,JAPAN,ASIA,16,MOZAMBIQUE,0, beans after the carefully regular accounts r
895,thistle azure magenta mint burnished,MEDIUM BRUSHED STEEL,SM BOX,13059,AIR,DELIVER IN PERSON,35.00,62856.15,0.05,1997-05-31,5-LOW,232548.03,Customer#000000068,HOUSEHOLD,6853.37,JAPAN,ASIA,17,PERU,1,ly final foxes. blithely ironic accounts haggle. regular foxes about the regular deposits are furiously ir
895,thistle azure magenta mint burnished,MEDIUM BRUSHED STEEL,SM BOX,13059,AIR,DELIVER IN PERSON,35.00,62856.15,0.05,1997-05-31,5-LOW,232548.03,Customer#000000068,HOUSEHOLD,6853.37,JAPAN,ASIA,18,CHINA,2,"ckly special packages cajole slyly. unusual, unusual theodolites mold furiously. slyly sile"
895,thistle azure magenta mint burnished,MEDIUM BRUSHED STEEL,SM BOX,13059,AIR,DELIVER IN PERSON,35.00,62856.15,0.05,1997-05-31,5-LOW,232548.03,Customer#000000068,HOUSEHOLD,6853.37,JAPAN,ASIA,19,ROMANIA,3,"sly blithe requests. thinly bold deposits above the blithely regular accounts nag special, final requests. care"
895,thistle azure magenta mint burnished,MEDIUM BRUSHED STEEL,SM BOX,13059,AIR,DELIVER IN PERSON,35.00,62856.15,0.05,1997-05-31,5-LOW,232548.03,Customer#000000068,HOUSEHOLD,6853.37,JAPAN,ASIA,20,SAUDI ARABIA,4,se slyly across the blithely regular deposits. deposits use carefully regular 
895,thistle azure magenta mint burnished,MEDIUM BRUSHED STEEL,SM BOX,13059,AIR,DELIVER IN PERSON,35.00,62856.15,0.05,1997-05-31,5-LOW,232548.03,Customer#000000068,HOUSEHOLD,6853.37,JAPAN,ASIA,21,VIETNAM,2,lly across the quickly even pinto beans. caref
895,thistle azure magenta mint burnished,MEDIUM BRUSHED STEEL,SM BOX,13059,AIR,DELIVER IN PERSON,35.00,62856.15,0.05,1997-05-31,5-LOW,232548.03,Customer#000000068,HOUSEHOLD,6853.37,JAPAN,ASIA,22,RUSSIA,3,uctions. furiously unusual instructions sleep furiously ironic packages. slyly 
895,thistle azure magenta mint burnished,MEDIUM BRUSHED STEEL,SM BOX,13059,AIR,DELIVER IN PERSON,35.00,62856.15,0.05,1997-05-31,5-LOW,232548.03,Customer#000000068,HOUSEHOLD,6853.37,JAPAN,ASIA,23,UNITED KINGDOM,3,"carefully pending courts sleep above the ironic, regular theo"
895,thistle azure magenta mint burnished,MEDIUM BRUSHED STEEL,SM BOX,13059,AIR,DELIVER IN PERSON,35.00,62856.15,0.05,1997-05-31,5-LOW,232548.03,Customer#000000068,HOUSEHOLD,6853.37,JAPAN,ASIA,24,UNITED STATES,1,ly ironic requests along the slyly bold ideas hang after the blithely special notornis; blithely even accounts
895,thistle azure magenta mint burnished,MEDIUM BRUSHED STEEL,SM BOX,19363,AIR,TAKE BACK RETURN,35.00,62856.15,0.07,1995-07-06,2-HIGH,280738.15,Customer#000000172,MACHINERY,1134.40,RUSSIA,EUROPE,0,ALGERIA,0,furiously regular requests. platelets affix furious
895,thistle azure magenta mint burnished,MEDIUM BRUSHED STEEL,SM BOX,19363,AIR,TAKE BACK RETURN,35.00,62856.15,0.07,1995-07-06,2-HIGH,280738.15,Customer#000000172,MACHINERY,1134.40,RUSSIA,EUROPE,1,ARGENTINA,1,"instructions wake quickly. final deposits haggle. final, silent theodolites "
895,thistle azure magenta mint burnished,MEDIUM BRUSHED STEEL,SM BOX,19363,AIR,TAKE BACK RETURN,35.00,62856.15,0.07,1995-07-06,2-HIGH,280738.15,Customer#000000172,MACHINERY,1134.40,RUSSIA,EUROPE,2,BRAZIL,1,asymptotes use fluffily quickly bold instructions. slyly bold dependencies sleep carefully pending accounts
895,thistle azure magenta mint burnished,MEDIUM BRUSHED STEEL,SM BOX,19363,AIR,TAKE BACK RETURN,35.00,62856.15,0.07,1995-07-06,2-HIGH,280738.15,Customer#000000172,MACHINERY,1134.40,RUSSIA,EUROPE,3,CANADA,1,ss deposits wake across the pending foxes. packages after the carefully bold requests integrate caref
895,thistle azure magenta mint burnished,MEDIUM BRUSHED STEEL,SM BOX,19363,AIR,TAKE BACK RETURN,35.00,62856.15,0.07,1995-07-06,2-HIGH,280738.15,Customer#000000172,MACHINERY,1134.40,RUSSIA,EUROPE,4,EGYPT,4,"usly ironic, pending foxes. even, special instructions nag. sly, final foxes detect slyly fluffily "
895,thistle azure magenta mint burnished,MEDIUM BRUSHED STEEL,SM BOX,19363,AIR,TAKE BACK RETURN,35.00,62856.15,0.07,1995-07-06,2-HIGH,280738.15,Customer#000000172,MACHINERY,1134.40,RUSSIA,EUROPE,5,ETHIOPIA,0,regular requests sleep carefull
895,thistle azure magenta mint burnished,MEDIUM BRUSHED STEEL,SM BOX,19363,AIR,TAKE BACK RETURN,35.00,62856.15,0.07,1995-07-06,2-HIGH,280738.15,Customer#000000172,MACHINERY,1134.40,RUSSIA,EUROPE,6,FRANCE,3,oggedly. regular packages solve across
895,thistle azure magenta mint burnished,MEDIUM BRUSHED STEEL,SM BOX,19363,AIR,TAKE BACK RETURN,35.00,62856.15,0.07,1995-07-06,2-HIGH,280738.15,Customer#000000172,MACHINERY,1134.40,RUSSIA,EUROPE,7,GERMANY,3,ong the regular requests: blithely silent pinto beans hagg
895,thistle azure magenta mint burnished,MEDIUM BRUSHED STEEL,SM BOX,19363,AIR,TAKE BACK RETURN,35.00,62856.15,0.07,1995-07-06,2-HIGH,280738.15,Customer#000000172,MACHINERY,1134.40,RUSSIA,EUROPE,8,INDIA,2,uriously unusual deposits about the slyly final pinto beans could
895,thistle azure magenta mint burnished,MEDIUM BRUSHED STEEL,SM BOX,19363,AIR,TAKE BACK RETURN,35.00,62856.15,0.07,1995-07-06,2-HIGH,280738.15,Customer#000000172,MACHINERY,1134.40,RUSSIA,EUROPE,9,INDONESIA,2,"d deposits sleep quickly according to the dogged, regular dolphins. special excuses haggle furiously special reque"
895,thistle azure magenta mint burnished,MEDIUM BRUSHED STEEL,SM BOX,19363,AIR,TAKE BACK RETURN,35.00,62856.15,0.07,1995-07-06,2-HIGH,280738.15,Customer#000000172,MACHINERY,1134.40,RUSSIA,EUROPE,10,IRAN,4,furiously idle platelets nag. express asymptotes s
895,thistle azure magenta mint burnished,MEDIUM BRUSHED STEEL,SM BOX,19363,AIR,TAKE BACK RETURN,35.00,62856.15,0.07,1995-07-06,2-HIGH,280738.15,Customer#000000172,MACHINERY,1134.40,RUSSIA,EUROPE,11,IRAQ,4,pendencies; slyly express foxes integrate carefully across the reg
895,thistle azure magenta mint burnished,MEDIUM BRUSHED STEEL,SM BOX,19363,AIR,TAKE BACK RETURN,35.00,62856.15,0.07,1995-07-06,2-HIGH,280738.15,Customer#000000172,MACHINERY,1134.40,RUSSIA,EUROPE,12,JAPAN,2, quickly final packages. furiously i
895,thistle azure magenta mint burnished,MEDIUM BRUSHED STEEL,SM BOX,19363,AIR,TAKE BACK RETURN,35.00,62856.15,0.07,1995-07-06,2-HIGH,280738.15,Customer#000000172,MACHINERY,1134.40,RUSSIA,EUROPE,13,JORDAN,4,the slyly regular ideas. silent Tiresias affix slyly fu
895,thistle azure magenta mint burnished,MEDIUM BRUSHED STEEL,SM BOX,19363,AIR,TAKE BACK RETURN,35.00,62856.15,0.07,1995-07-06,2-HIGH,280738.15,Customer#000000172,MACHINERY,1134.40,RUSSIA,EUROPE,14,KENYA,0,lyly special foxes. slyly regular deposits sleep carefully. carefully permanent accounts slee
895,thistle azure magenta mint burnished,MEDIUM BRUSHED STEEL,SM BOX,19363,AIR,TAKE BACK RETURN,35.00,62856.15,0.07,1995-07-06,2-HIGH,280738.15,Customer#000000172,MACHINERY,1134.40,RUSSIA,EUROPE,15,MOROCCO,0,ct blithely: blithely express accounts nag carefully. silent packages haggle carefully abo
895,thistle azure magenta mint burnished,MEDIUM BRUSHED STEEL,SM BOX,19363,AIR,TAKE BACK RETURN,35.00,62856.15,0.07,1995-07-06,2-HIGH,280738.15,Customer#000000172,MACHINERY,1134.40,RUSSIA,EUROPE,16,MOZAMBIQUE,0, beans after the carefully regular accounts r
895,thistle azure magenta mint burnished,MEDIUM BRUSHED STEEL,SM BOX,19363,AIR,TAKE BACK RETURN,35.00,62856.15,0.07,1995-07-06,2-HIGH,280738.15,Customer#000000172,MACHINERY,1134.40,RUSSIA,EUROPE,17,PERU,1,ly final foxes. blithely ironic accounts haggle. regular foxes about the regular deposits are furiously ir
895,thistle azure magenta mint burnished,MEDIUM BRUSHED STEEL,SM BOX,19363,AIR,TAKE BACK RETURN,35.00,62856.15,0.07,1995-07-06,2-HIGH,280738.15,Customer#000000172,MACHINERY,1134.40,RUSSIA,EUROPE,18,CHINA,2,"ckly special packages cajole slyly. unusual, unusual theodolites mold furiously. slyly sile"
895,thistle azure magenta mint burnished,MEDIUM BRUSHED STEEL,SM BOX,19363,AIR,TAKE BACK RETURN,35.00,62856.15,0.07,1995-07-06,2-HIGH,280738.15,Customer#000000172,MACHINERY,1134.40,RUSSIA,EUROPE,19,ROMANIA,3,"sly blithe requests. thinly bold deposits above the blithely regular accounts nag special, final requests. care"
895,thistle azure magenta mint burnished,MEDIUM BRUSHED STEEL,SM BOX,19363,AIR,TAKE BACK RETURN,35.00,62856.15,0.07,1995-07-06,2-HIGH,280738.15,Customer#000000172,MACHINERY,1134.40,RUSSIA,EUROPE,20,SAUDI ARABIA,4,se slyly across the blithely regular deposits. deposits use carefully regular 
895,thistle azure magenta mint burnished,MEDIUM BRUSHED STEEL,SM BOX,19363,AIR,TAKE BACK RETURN,35.00,62856.15,0.07,1995-07-06,2-HIGH,280738.15,Customer#000000172,MACHINERY,1134.40,RUSSIA,EUROPE,21,VIETNAM,2,lly across the quickly even pinto beans. caref
895,thistle azure magenta mint burnished,MEDIUM BRUSHED STEEL,SM BOX,19363,AIR,TAKE BACK RETURN,35.00,62856.15,0.07,1995-07-06,2-HIGH,280738.15,Customer#000000172,MACHINERY,1134.40,RUSSIA,EUROPE,22,RUSSIA,3,uctions. furiously unusual instructions sleep furiously ironic packages. slyly 
895,thistle azure magenta mint burnished,MEDIUM BRUSHED STEEL,SM BOX,19363,AIR,TAKE BACK RETURN,35.00,62856.15,0.07,1995-07-06,2-HIGH,280738.15,Customer#000000172,MACHINERY,1134.40,RUSSIA,EUROPE,23,UNITED KINGDOM,3,"carefully pending courts sleep above the ironic, regular theo"
895,thistle azure magenta mint burnished,MEDIUM BRUSHED STEEL,SM BOX,19363,AIR,TAKE BACK RETURN,35.00,62856.15,0.07,1995-07-06,2-HIGH,280738.15,Customer#000000172,MACHINERY,1134.40,RUSSIA,EUROPE,24,UNITED STATES,1,ly ironic requests along the slyly bold ideas hang after the blithely special notornis; blithely even accounts
917,midnight khaki medium linen peru,SMALL ANODIZED COPPER,SM CASE,6656,TRUCK,TAKE BACK RETURN,26.00,47265.66,0.10,1994-05-16,1-URGENT,214641.39,Customer#000000377,MACHINERY,1043.72,UNITED KINGDOM,EUROPE,0,ALGERIA,0,furiously regular requests. platelets affix furious
917,midnight khaki medium linen peru,SMALL ANODIZED COPPER,SM CASE,6656,TRUCK,TAKE BACK RETURN,26.00,47265.66,0.10,1994-05-16,1-URGENT,214641.39,Customer#000000377,MACHINERY,1043.72,UNITED KINGDOM,EUROPE,1,ARGENTINA,1,"instructions wake quickly. final deposits haggle. final, silent theodolites "
917,midnight khaki medium linen peru,SMALL ANODIZED COPPER,SM CASE,6656,TRUCK,TAKE BACK RETURN,26.00,47265.66,0.10,1994-05-16,1-URGENT,214641.39,Customer#000000377,MACHINERY,1043.72,UNITED KINGDOM,EUROPE,2,BRAZIL,1,asymptotes use fluffily quickly bold instructions. slyly bold dependencies sleep carefully pending accounts
917,midnight khaki medium linen peru,SMALL ANODIZED COPPER,SM CASE,6656,TRUCK,TAKE BACK RETURN,26.00,47265.66,0.10,1994-05-16,1-URGENT,214641.39,Customer#000000377,MACHINERY,1043.72,UNITED KINGDOM,EUROPE,3,CANADA,1,ss deposits wake across the pending foxes. packages after the carefully bold requests integrate caref
917,midnight khaki medium linen peru,SMALL ANODIZED COPPER,SM CASE,6656,TRUCK,TAKE BACK RETURN,26.00,47265.66,0.10,1994-05-16,1-URGENT,214641.39,Customer#000000377,MACHINERY,1043.72,UNITED KINGDOM,EUROPE,4,EGYPT,4,"usly ironic, pending foxes. even, special instructions nag. sly, final foxes detect slyly fluffily "
917,midnight khaki medium linen peru,SMALL ANODIZED COPPER,SM CASE,6656,TRUCK,TAKE BACK RETURN,26.00,47265.66,0.10,1994-05-16,1-URGENT,214641.39,Customer#000000377,MACHINERY,1043.72,UNITED KINGDOM,EUROPE,5,ETHIOPIA,0,regular requests sleep carefull
917,midnight khaki medium linen peru,SMALL ANODIZED COPPER,SM CASE,6656,TRUCK,TAKE BACK RETURN,26.00,47265.66,0.10,1994-05-16,1-URGENT,214641.39,Customer#000000377,MACHINERY,1043.72,UNITED KINGDOM,EUROPE,6,FRANCE,3,oggedly. regular packages solve across
917,midnight khaki medium linen peru,SMALL ANODIZED COPPER,SM CASE,6656,TRUCK,TAKE BACK RETURN,26.00,47265.66,0.10,1994-05-16,1-URGENT,214641.39,Customer#000000377,MACHINERY,1043.72,UNITED KINGDOM,EUROPE,7,GERMANY,3,ong the regular requests: blithely silent pinto beans hagg
917,midnight khaki medium linen peru,SMALL ANODIZED COPPER,SM CASE,6656,TRUCK,TAKE BACK RETURN,26.00,47265.66,0.10,1994-05-16,1-URGENT,214641.39,Customer#000000377,MACHINERY,1043.72,UNITED KINGDOM,EUROPE,8,INDIA,2,uriously unusual deposits about the slyly final pinto beans could
917,midnight khaki medium linen peru,SMALL ANODIZED COPPER,SM CASE,6656,TRUCK,TAKE BACK RETURN,26.00,47265.66,0.10,1994-05-16,1-URGENT,214641.39,Customer#000000377,MACHINERY,1043.72,UNITED KINGDOM,EUROPE,9,INDONESIA,2,"d deposits sleep quickly according to the dogged, regular dolphins. special excuses haggle furiously special reque"
917,midnight khaki medium linen peru,SMALL ANODIZED COPPER,SM CASE,6656,TRUCK,TAKE BACK RETURN,26.00,47265.66,0.10,1994-05-16,1-URGENT,214641.39,Customer#000000377,MACHINERY,1043.72,UNITED KINGDOM,EUROPE,10,IRAN,4,furiously idle platelets nag. express asymptotes s
917,midnight khaki medium linen peru,SMALL ANODIZED COPPER,SM CASE,6656,TRUCK,TAKE BACK RETURN,26.00,47265.66,0.10,1994-05-16,1-URGENT,214641.39,Customer#000000377,MACHINERY,1043.72,UNITED KINGDOM,EUROPE,11,IRAQ,4,pendencies; slyly express foxes integrate carefully across the reg
917,midnight khaki medium linen peru,SMALL ANODIZED COPPER,SM CASE,6656,TRUCK,TAKE BACK RETURN,26.00,47265.66,0.10,1994-05-16,1-URGENT,214641.39,Customer#000000377,MACHINERY,1043.72,UNITED KINGDOM,EUROPE,12,JAPAN,2, quickly final packages. furiously i
917,midnight khaki medium linen peru,SMALL ANODIZED COPPER,SM CASE,6656,TRUCK,TAKE BACK RETURN,26.00,47265.66,0.10,1994-05-16,1-URGENT,214641.39,Customer#000000377,MACHINERY,1043.72,UNITED KINGDOM,EUROPE,13,JORDAN,4,the slyly regular ideas. silent Tiresias affix slyly fu
917,midnight khaki medium linen peru,SMALL ANODIZED COPPER,SM CASE,6656,TRUCK,TAKE BACK RETURN,26.00,47265.66,0.10,1994-05-16,1-URGENT,214641.39,Customer#000000377,MACHINERY,1043.72,UNITED KINGDOM,EUROPE,14,KENYA,0,lyly special foxes. slyly regular deposits sleep carefully. carefully permanent accounts slee
917,midnight khaki medium linen peru,SMALL ANODIZED COPPER,SM CASE,6656,TRUCK,TAKE BACK RETURN,26.00,47265.66,0.10,1994-05-16,1-URGENT,214641.39,Customer#000000377,MACHINERY,1043.72,UNITED KINGDOM,EUROPE,15,MOROCCO,0,ct blithely: blithely express accounts nag carefully. silent packages haggle carefully abo
917,midnight khaki medium linen peru,SMALL ANODIZED COPPER,SM CASE,6656,TRUCK,TAKE BACK RETURN,26.00,47265.66,0.10,1994-05-16,1-URGENT,214641.39,Customer#000000377,MACHINERY,1043.72,UNITED KINGDOM,EUROPE,16,MOZAMBIQUE,0, beans after the carefully regular accounts r
917,midnight khaki medium linen peru,SMALL ANODIZED COPPER,SM CASE,6656,TRUCK,TAKE BACK RETURN,26.00,47265.66,0.10,1994-05-16,1-URGENT,214641.39,Customer#000000377,MACHINERY,1043.72,UNITED KINGDOM,EUROPE,17,PERU,1,ly final foxes. blithely ironic accounts haggle. regular foxes about the regular deposits are furiously ir
917,midnight khaki medium linen peru,SMALL ANODIZED COPPER,SM CASE,6656,TRUCK,TAKE BACK RETURN,26.00,47265.66,0.10,1994-05-16,1-URGENT,214641.39,Customer#000000377,MACHINERY,1043.72,UNITED KINGDOM,EUROPE,18,CHINA,2,"ckly special packages cajole slyly. unusual, unusual theodolites mold furiously. slyly sile"
917,midnight khaki medium linen peru,SMALL ANODIZED COPPER,SM CASE,6656,TRUCK,TAKE BACK RETURN,26.00,47265.66,0.10,1994-05-16,1-URGENT,214641.39,Customer#000000377,MACHINERY,1043.72,UNITED KINGDOM,EUROPE,19,ROMANIA,3,"sly blithe requests. thinly bold deposits above the blithely regular accounts nag special, final requests. care"
917,midnight khaki medium linen peru,SMALL ANODIZED COPPER,SM CASE,6656,TRUCK,TAKE BACK RETURN,26.00,47265.66,0.10,1994-05-16,1-URGENT,214641.39,Customer#000000377,MACHINERY,1043.72,UNITED KINGDOM,EUROPE,20,SAUDI ARABIA,4,se slyly across the blithely regular deposits. deposits use carefully regular 
917,midnight khaki medium linen peru,SMALL ANODIZED COPPER,SM CASE,6656,TRUCK,TAKE BACK RETURN,26.00,47265.66,0.10,1994-05-16,1-URGENT,214641.39,Customer#000000377,MACHINERY,1043.72,UNITED KINGDOM,EUROPE,21,VIETNAM,2,lly across the quickly even pinto beans. caref
917,midnight khaki medium linen peru,SMALL ANODIZED COPPER,SM CASE,6656,TRUCK,TAKE BACK RETURN,26.00,47265.66,0.10,1994-05-16,1-URGENT,214641.39,Customer#000000377,MACHINERY,1043.72,UNITED KINGDOM,EUROPE,22,RUSSIA,3,uctions. furiously unusual instructions sleep furiously ironic packages. slyly 
917,midnight khaki medium linen peru,SMALL ANODIZED COPPER,SM CASE,6656,TRUCK,TAKE BACK RETURN,26.00,47265.66,0.10,1994-05-16,1-URGENT,214641.39,Customer#000000377,MACHINERY,1043.72,UNITED KINGDOM,EUROPE,23,UNITED KINGDOM,3,"carefully pending courts sleep above the ironic, regular theo"
917,midnight khaki medium linen peru,SMALL ANODIZED COPPER,SM CASE,6656,TRUCK,TAKE BACK RETURN,26.00,47265.66,0.10,1994-05-16,1-URGENT,214641.39,Customer#000000377,MACHINERY,1043.72,UNITED KINGDOM,EUROPE,24,UNITED STATES,1,ly ironic requests along the slyly bold ideas hang after the blithely special notornis; blithely even accounts
917,midnight khaki medium linen peru,SMALL ANODIZED COPPER,SM CASE,7392,REG AIR,TAKE BACK RETURN,20.00,36358.20,0.00,1996-04-15,1-URGENT,156967.64,Customer#000000614,FURNITURE,9630.24,CHINA,ASIA,0,ALGERIA,0,furiously regular requests. platelets affix furious
917,midnight khaki medium linen peru,SMALL ANODIZED COPPER,SM CASE,7392,REG AIR,TAKE BACK RETURN,20.00,36358.20,0.00,1996-04-15,1-URGENT,156967.64,Customer#000000614,FURNITURE,9630.24,CHINA,ASIA,1,ARGENTINA,1,"instructions wake quickly. final deposits haggle. final, silent theodolites "
917,midnight khaki medium linen peru,SMALL ANODIZED COPPER,SM CASE,7392,REG AIR,TAKE BACK RETURN,20.00,36358.20,0.00,1996-04-15,1-URGENT,156967.64,Customer#000000614,FURNITURE,9630.24,CHINA,ASIA,2,BRAZIL,1,asymptotes use fluffily quickly bold instructions. slyly bold dependencies sleep carefully pending accounts
917,midnight khaki medium linen peru,SMALL ANODIZED COPPER,SM CASE,7392,REG AIR,TAKE BACK RETURN,20.00,36358.20,0.00,1996-04-15,1-URGENT,156967.64,Customer#000000614,FURNITURE,9630.24,CHINA,ASIA,3,CANADA,1,ss deposits wake across the pending foxes. packages after the carefully bold requests integrate caref
917,midnight khaki medium linen peru,SMALL ANODIZED COPPER,SM CASE,7392,REG AIR,TAKE BACK RETURN,20.00,36358.20,0.00,1996-04-15,1-URGENT,156967.64,Customer#000000614,FURNITURE,9630.24,CHINA,ASIA,4,EGYPT,4,"usly ironic, pending foxes. even, special instructions nag. sly, final foxes detect slyly fluffily "
917,midnight khaki medium linen peru,SMALL ANODIZED COPPER,SM CASE,7392,REG AIR,TAKE BACK RETURN,20.00,36358.20,0.00,1996-04-15,1-URGENT,156967.64,Customer#000000614,FURNITURE,9630.24,CHINA,ASIA,5,ETHIOPIA,0,regular requests sleep carefull
917,midnight khaki medium linen peru,SMALL ANODIZED COPPER,SM CASE,7392,REG AIR,TAKE BACK RETURN,20.00,36358.20,0.00,1996-04-15,1-URGENT,156967.64,Customer#000000614,FURNITURE,9630.24,CHINA,ASIA,6,FRANCE,3,oggedly. regular packages solve across
917,midnight khaki medium linen peru,SMALL ANODIZED COPPER,SM CASE,7392,REG AIR,TAKE BACK RETURN,20.00,36358.20,0.00,1996-04-15,1-URGENT,156967.64,Customer#000000614,FURNITURE,9630.24,CHINA,ASIA,7,GERMANY,3,ong the regular requests: blithely silent pinto beans hagg
917,midnight khaki medium linen peru,SMALL ANODIZED COPPER,SM CASE,7392,REG AIR,TAKE BACK RETURN,20.00,36358.20,0.00,1996-04-15,1-URGENT,156967.64,Customer#000000614,FURNITURE,9630.24,CHINA,ASIA,8,INDIA,2,uriously unusual deposits about the slyly final pinto beans could
917,midnight khaki medium linen peru,SMALL ANODIZED COPPER,SM CASE,7392,REG AIR,TAKE BACK RETURN,20.00,36358.20,0.00,1996-04-15,1-URGENT,156967.64,Customer#000000614,FURNITURE,9630.24,CHINA,ASIA,9,INDONESIA,2,"d deposits sleep quickly according to the dogged, regular dolphins. special excuses haggle furiously special reque"
917,midnight khaki medium linen peru,SMALL ANODIZED COPPER,SM CASE,7392,REG AIR,TAKE BACK RETURN,20.00,36358.20,0.00,1996-04-15,1-URGENT,156967.64,Customer#000000614,FURNITURE,9630.24,CHINA,ASIA,10,IRAN,4,furiously idle platelets nag. express asymptotes s
917,midnight khaki medium linen peru,SMALL ANODIZED COPPER,SM CASE,7392,REG AIR,TAKE BACK RETURN,20.00,36358.20,0.00,1996-04-15,1-URGENT,156967.64,Customer#000000614,FURNITURE,9630.24,CHINA,ASIA,11,IRAQ,4,pendencies; slyly express foxes integrate carefully across the reg
917,midnight khaki medium linen peru,SMALL ANODIZED COPPER,SM CASE,7392,REG AIR,TAKE BACK RETURN,20.00,36358.20,0.00,1996-04-15,1-URGENT,156967.64,Customer#000000614,FURNITURE,9630.24,CHINA,ASIA,12,JAPAN,2, quickly final packages. furiously i
917,midnight khaki medium linen peru,SMALL ANODIZED COPPER,SM CASE,7392,REG AIR,TAKE BACK RETURN,20.00,36358.20,0.00,1996-04-15,1-URGENT,156967.64,Customer#000000614,FURNITURE,9630.24,CHINA,ASIA,13,JORDAN,4,the slyly regular ideas. silent Tiresias affix slyly fu
917,midnight khaki medium linen peru,SMALL ANODIZED COPPER,SM CASE,7392,REG AIR,TAKE BACK RETURN,20.00,36358.20,0.00,1996-04-15,1-URGENT,156967.64,Customer#000000614,FURNITURE,9630.24,CHINA,ASIA,14,KENYA,0,lyly special foxes. slyly regular deposits sleep carefully. carefully permanent accounts slee
917,midnight khaki medium linen peru,SMALL ANODIZED COPPER,SM CASE,7392,REG AIR,TAKE BACK RETURN,20.00,36358.20,0.00,1996-04-15,1-URGENT,156967.64,Customer#000000614,FURNITURE,9630.24,CHINA,ASIA,15,MOROCCO,0,ct blithely: blithely express accounts nag carefully. silent packages haggle carefully abo
917,midnight khaki medium linen peru,SMALL ANODIZED COPPER,SM CASE,7392,REG AIR,TAKE BACK RETURN,20.00,36358.20,0.00,1996-04-15,1-URGENT,156967.64,Customer#000000614,FURNITURE,9630.24,CHINA,ASIA,16,MOZAMBIQUE,0, beans after the carefully regular accounts r
917,midnight khaki medium linen peru,SMALL ANODIZED COPPER,SM CASE,7392,REG AIR,TAKE BACK RETURN,20.00,36358.20,0.00,1996-04-15,1-URGENT,156967.64,Customer#000000614,FURNITURE,9630.24,CHINA,ASIA,17,PERU,1,ly final foxes. blithely ironic accounts haggle. regular foxes about the regular deposits are furiously ir
917,midnight khaki medium linen peru,SMALL ANODIZED COPPER,SM CASE,7392,REG AIR,TAKE BACK RETURN,20.00,36358.20,0.00,1996-04-15,1-URGENT,156967.64,Customer#000000614,FURNITURE,9630.24,CHINA,ASIA,18,CHINA,2,"ckly special packages cajole slyly. unusual, unusual theodolites mold furiously. slyly sile"
917,midnight khaki medium linen peru,SMALL ANODIZED COPPER,SM CASE,7392,REG AIR,TAKE BACK RETURN,20.00,36358.20,0.00,1996-04-15,1-URGENT,156967.64,Customer#000000614,FURNITURE,9630.24,CHINA,ASIA,19,ROMANIA,3,"sly blithe requests. thinly bold deposits above the blithely regular accounts nag special, final requests. care"
917,midnight khaki medium linen peru,SMALL ANODIZED COPPER,SM CASE,7392,REG AIR,TAKE BACK RETURN,20.00,36358.20,0.00,1996-04-15,1-URGENT,156967.64,Customer#000000614,FURNITURE,9630.24,CHINA,ASIA,20,SAUDI ARABIA,4,se slyly across the blithely regular deposits. deposits use carefully regular 
917,midnight khaki medium linen peru,SMALL ANODIZED COPPER,SM CASE,7392,REG AIR,TAKE BACK RETURN,20.00,36358.20,0.00,1996-04-15,1-URGENT,156967.64,Customer#000000614,FURNITURE,9630.24,CHINA,ASIA,21,VIETNAM,2,lly across the quickly even pinto beans. caref
917,midnight khaki medium linen peru,SMALL ANODIZED COPPER,SM CASE,7392,REG AIR,TAKE BACK RETURN,20.00,36358.20,0.00,1996-04-15,1-URGENT,156967.64,Customer#000000614,FURNITURE,9630.24,CHINA,ASIA,22,RUSSIA,3,uctions. furiously unusual instructions sleep furiously ironic packages. slyly 
917,midnight khaki medium linen peru,SMALL ANODIZED COPPER,SM CASE,7392,REG AIR,TAKE BACK RETURN,20.00,36358.20,0.00,1996-04-15,1-URGENT,156967.64,Customer#000000614,FURNITURE,9630.24,CHINA,ASIA,23,UNITED KINGDOM,3,"carefully pending courts sleep above the ironic, regular theo"
917,midnight khaki medium linen peru,SMALL ANODIZED COPPER,SM CASE,7392,REG AIR,TAKE BACK RETURN,20.00,36358.20,0.00,1996-04-15,1-URGENT,156967.64,Customer#000000614,FURNITURE,9630.24,CHINA,ASIA,24,UNITED STATES,1,ly ironic requests along the slyly bold ideas hang after the blithely special notornis; blithely even accounts
917,midnight khaki medium linen peru,SMALL ANODIZED COPPER,SM CASE,19140,TRUCK,TAKE BACK RETURN,44.00,79988.04,0.03,1994-10-01,3-MEDIUM,308982.47,Customer#000000526,HOUSEHOLD,705.93,ARGENTINA,AMERICA,0,ALGERIA,0,furiously regular requests. platelets affix furious
917,midnight khaki medium linen peru,SMALL ANODIZED COPPER,SM CASE,19140,TRUCK,TAKE BACK RETURN,44.00,79988.04,0.03,1994-10-01,3-MEDIUM,308982.47,Customer#000000526,HOUSEHOLD,705.93,ARGENTINA,AMERICA,1,ARGENTINA,1,"instructions wake quickly. final deposits haggle. final, silent theodolites "
917,midnight khaki medium linen peru,SMALL ANODIZED COPPER,SM CASE,19140,TRUCK,TAKE BACK RETURN,44.00,79988.04,0.03,1994-10-01,3-MEDIUM,308982.47,Customer#000000526,HOUSEHOLD,705.93,ARGENTINA,AMERICA,2,BRAZIL,1,asymptotes use fluffily quickly bold instructions. slyly bold dependencies sleep carefully pending accounts
917,midnight khaki medium linen peru,SMALL ANODIZED COPPER,SM CASE,19140,TRUCK,TAKE BACK RETURN,44.00,79988.04,0.03,1994-10-01,3-MEDIUM,308982.47,Customer#000000526,HOUSEHOLD,705.93,ARGENTINA,AMERICA,3,CANADA,1,ss deposits wake across the pending foxes. packages after the carefully bold requests integrate caref
917,midnight khaki medium linen peru,SMALL ANODIZED COPPER,SM CASE,19140,TRUCK,TAKE BACK RETURN,44.00,79988.04,0.03,1994-10-01,3-MEDIUM,308982.47,Customer#000000526,HOUSEHOLD,705.93,ARGENTINA,AMERICA,4,EGYPT,4,"usly ironic, pending foxes. even, special instructions nag. sly, final foxes detect slyly fluffily "
917,midnight khaki medium linen peru,SMALL ANODIZED COPPER,SM CASE,19140,TRUCK,TAKE BACK RETURN,44.00,79988.04,0.03,1994-10-01,3-MEDIUM,308982.47,Customer#000000526,HOUSEHOLD,705.93,ARGENTINA,AMERICA,5,ETHIOPIA,0,regular requests sleep carefull
917,midnight khaki medium linen peru,SMALL ANODIZED COPPER,SM CASE,19140,TRUCK,TAKE BACK RETURN,44.00,79988.04,0.03,1994-10-01,3-MEDIUM,308982.47,Customer#000000526,HOUSEHOLD,705.93,ARGENTINA,AMERICA,6,FRANCE,3,oggedly. regular packages solve across
917,midnight khaki medium linen peru,SMALL ANODIZED COPPER,SM CASE,19140,TRUCK,TAKE BACK RETURN,44.00,79988.04,0.03,1994-10-01,3-MEDIUM,308982.47,Customer#000000526,HOUSEHOLD,705.93,ARGENTINA,AMERICA,7,GERMANY,3,ong the regular requests: blithely silent pinto beans hagg
917,midnight khaki medium linen peru,SMALL ANODIZED COPPER,SM CASE,19140,TRUCK,TAKE BACK RETURN,44.00,79988.04,0.03,1994-10-01,3-MEDIUM,308982.47,Customer#000000526,HOUSEHOLD,705.93,ARGENTINA,AMERICA,8,INDIA,2,uriously unusual deposits about the slyly final pinto beans could
917,midnight khaki medium linen peru,SMALL ANODIZED COPPER,SM CASE,19140,TRUCK,TAKE BACK RETURN,44.00,79988.04,0.03,1994-10-01,3-MEDIUM,308982.47,Customer#000000526,HOUSEHOLD,705.93,ARGENTINA,AMERICA,9,INDONESIA,2,"d deposits sleep quickly according to the dogged, regular dolphins. special excuses haggle furiously special reque"
917,midnight khaki medium linen peru,SMALL ANODIZED COPPER,SM CASE,19140,TRUCK,TAKE BACK RETURN,44.00,79988.04,0.03,1994-10-01,3-MEDIUM,308982.47,Customer#000000526,HOUSEHOLD,705.93,ARGENTINA,AMERICA,10,IRAN,4,furiously idle platelets nag. express asymptotes s
917,midnight khaki medium linen peru,SMALL ANODIZED COPPER,SM CASE,19140,TRUCK,TAKE BACK RETURN,44.00,79988.04,0.03,1994-10-01,3-MEDIUM,308982.47,Customer#000000526,HOUSEHOLD,705.93,ARGENTINA,AMERICA,11,IRAQ,4,pendencies; slyly express foxes integrate carefully across the reg
917,midnight khaki medium linen peru,SMALL ANODIZED COPPER,SM CASE,19140,TRUCK,TAKE BACK RETURN,44.00,79988.04,0.03,1994-10-01,3-MEDIUM,308982.47,Customer#000000526,HOUSEHOLD,705.93,ARGENTINA,AMERICA,12,JAPAN,2, quickly final packages. furiously i
917,midnight khaki medium linen peru,SMALL ANODIZED COPPER,SM CASE,19140,TRUCK,TAKE BACK RETURN,44.00,79988.04,0.03,1994-10-01,3-MEDIUM,308982.47,Customer#000000526,HOUSEHOLD,705.93,ARGENTINA,AMERICA,13,JORDAN,4,the slyly regular ideas. silent Tiresias affix slyly fu
917,midnight khaki medium linen peru,SMALL ANODIZED COPPER,SM CASE,19140,TRUCK,TAKE BACK RETURN,44.00,79988.04,0.03,1994-10-01,3-MEDIUM,308982.47,Customer#000000526,HOUSEHOLD,705.93,ARGENTINA,AMERICA,14,KENYA,0,lyly special foxes. slyly regular deposits sleep carefully. carefully permanent accounts slee
917,midnight khaki medium linen peru,SMALL ANODIZED COPPER,SM CASE,19140,TRUCK,TAKE BACK RETURN,44.00,79988.04,0.03,1994-10-01,3-MEDIUM,308982.47,Customer#000000526,HOUSEHOLD,705.93,ARGENTINA,AMERICA,15,MOROCCO,0,ct blithely: blithely express accounts nag carefully. silent packages haggle carefully abo
917,midnight khaki medium linen peru,SMALL ANODIZED COPPER,SM CASE,19140,TRUCK,TAKE BACK RETURN,44.00,79988.04,0.03,1994-10-01,3-MEDIUM,308982.47,Customer#000000526,HOUSEHOLD,705.93,ARGENTINA,AMERICA,16,MOZAMBIQUE,0, beans after the carefully regular accounts r
917,midnight khaki medium linen peru,SMALL ANODIZED COPPER,SM CASE,19140,TRUCK,TAKE BACK RETURN,44.00,79988.04,0.03,1994-10-01,3-MEDIUM,308982.47,Customer#000000526,HOUSEHOLD,705.93,ARGENTINA,AMERICA,17,PERU,1,ly final foxes. blithely ironic accounts haggle. regular foxes about the regular deposits are furiously ir
917,midnight khaki medium linen peru,SMALL ANODIZED COPPER,SM CASE,19140,TRUCK,TAKE BACK RETURN,44.00,79988.04,0.03,1994-10-01,3-MEDIUM,308982.47,Customer#000000526,HOUSEHOLD,705.93,ARGENTINA,AMERICA,18,CHINA,2,"ckly special packages cajole slyly. unusual, unusual theodolites mold furiously. slyly sile"
917,midnight khaki medium linen peru,SMALL ANODIZED COPPER,SM CASE,19140,TRUCK,TAKE BACK RETURN,44.00,79988.04,0.03,1994-10-01,3-MEDIUM,308982.47,Customer#000000526,HOUSEHOLD,705.93,ARGENTINA,AMERICA,19,ROMANIA,3,"sly blithe requests. thinly bold deposits above the blithely regular accounts nag special, final requests. care"
917,midnight khaki medium linen peru,SMALL ANODIZED COPPER,SM CASE,19140,TRUCK,TAKE BACK RETURN,44.00,79988.04,0.03,1994-10-01,3-MEDIUM,308982.47,Customer#000000526,HOUSEHOLD,705.93,ARGENTINA,AMERICA,20,SAUDI ARABIA,4,se slyly across the blithely regular deposits. deposits use carefully regular 
917,midnight khaki medium linen peru,SMALL ANODIZED COPPER,SM CASE,19140,TRUCK,TAKE BACK RETURN,44.00,79988.04,0.03,1994-10-01,3-MEDIUM,308982.47,Customer#000000526,HOUSEHOLD,705.93,ARGENTINA,AMERICA,21,VIETNAM,2,lly across the quickly even pinto beans. caref
917,midnight khaki medium linen peru,SMALL ANODIZED COPPER,SM CASE,19140,TRUCK,TAKE BACK RETURN,44.00,79988.04,0.03,1994-10-01,3-MEDIUM,308982.47,Customer#000000526,HOUSEHOLD,705.93,ARGENTINA,AMERICA,22,RUSSIA,3,uctions. furiously unusual instructions sleep furiously ironic packages. slyly 
917,midnight khaki medium linen peru,SMALL ANODIZED COPPER,SM CASE,19140,TRUCK,TAKE BACK RETURN,44.00,79988.04,0.03,1994-10-01,3-MEDIUM,308982.47,Customer#000000526,HOUSEHOLD,705.93,ARGENTINA,AMERICA,23,UNITED KINGDOM,3,"carefully pending courts sleep above the ironic, regular theo"
917,midnight khaki medium linen peru,SMALL ANODIZED COPPER,SM CASE,19140,TRUCK,TAKE BACK RETURN,44.00,79988.04,0.03,1994-10-01,3-MEDIUM,308982.47,Customer#000000526,HOUSEHOLD,705.93,ARGENTINA,AMERICA,24,UNITED STATES,1,ly ironic requests along the slyly bold ideas hang after the blithely special notornis; blithely even accounts
917,midnight khaki medium linen peru,SMALL ANODIZED COPPER,SM CASE,21893,REG AIR,DELIVER IN PERSON,18.00,32722.38,0.02,1995-10-25,1-URGENT,103411.36,Customer#000000728,BUILDING,4349.73,UNITED STATES,AMERICA,0,ALGERIA,0,furiously regular requests. platelets affix furious
917,midnight khaki medium linen peru,SMALL ANODIZED COPPER,SM CASE,21893,REG AIR,DELIVER IN PERSON,18.00,32722.38,0.02,1995-10-25,1-URGENT,103411.36,Customer#000000728,BUILDING,4349.73,UNITED STATES,AMERICA,1,ARGENTINA,1,"instructions wake quickly. final deposits haggle. final, silent theodolites "
917,midnight khaki medium linen peru,SMALL ANODIZED COPPER,SM CASE,21893,REG AIR,DELIVER IN PERSON,18.00,32722.38,0.02,1995-10-25,1-URGENT,103411.36,Customer#000000728,BUILDING,4349.73,UNITED STATES,AMERICA,2,BRAZIL,1,asymptotes use fluffily quickly bold instructions. slyly bold dependencies sleep carefully pending accounts
917,midnight khaki medium linen peru,SMALL ANODIZED COPPER,SM CASE,21893,REG AIR,DELIVER IN PERSON,18.00,32722.38,0.02,1995-10-25,1-URGENT,103411.36,Customer#000000728,BUILDING,4349.73,UNITED STATES,AMERICA,3,CANADA,1,ss deposits wake across the pending foxes. packages after the carefully bold requests integrate caref
917,midnight khaki medium linen peru,SMALL ANODIZED COPPER,SM CASE,21893,REG AIR,DELIVER IN PERSON,18.00,32722.38,0.02,1995-10-25,1-URGENT,103411.36,Customer#000000728,BUILDING,4349.73,UNITED STATES,AMERICA,4,EGYPT,4,"usly ironic, pending foxes. even, special instructions nag. sly, final foxes detect slyly fluffily "
917,midnight khaki medium linen peru,SMALL ANODIZED COPPER,SM CASE,21893,REG AIR,DELIVER IN PERSON,18.00,32722.38,0.02,1995-10-25,1-URGENT,103411.36,Customer#000000728,BUILDING,4349.73,UNITED STATES,AMERICA,5,ETHIOPIA,0,regular requests sleep carefull
917,midnight khaki medium linen peru,SMALL ANODIZED COPPER,SM CASE,21893,REG AIR,DELIVER IN PERSON,18.00,32722.38,0.02,1995-10-25,1-URGENT,103411.36,Customer#000000728,BUILDING,4349.73,UNITED STATES,AMERICA,6,FRANCE,3,oggedly. regular packages solve across
917,midnight khaki medium linen peru,SMALL ANODIZED COPPER,SM CASE,21893,REG AIR,DELIVER IN PERSON,18.00,32722.38,0.02,1995-10-25,1-URGENT,103411.36,Customer#000000728,BUILDING,4349.73,UNITED STATES,AMERICA,7,GERMANY,3,ong the regular requests: blithely silent pinto beans hagg
917,midnight khaki medium linen peru,SMALL ANODIZED COPPER,SM CASE,21893,REG AIR,DELIVER IN PERSON,18.00,32722.38,0.02,1995-10-25,1-URGENT,103411.36,Customer#000000728,BUILDING,4349.73,UNITED STATES,AMERICA,8,INDIA,2,uriously unusual deposits about the slyly final pinto beans could
917,midnight khaki medium linen peru,SMALL ANODIZED COPPER,SM CASE,21893,REG AIR,DELIVER IN PERSON,18.00,32722.38,0.02,1995-10-25,1-URGENT,103411.36,Customer#000000728,BUILDING,4349.73,UNITED STATES,AMERICA,9,INDONESIA,2,"d deposits sleep quickly according to the dogged, regular dolphins. special excuses haggle furiously special reque"
917,midnight khaki medium linen peru,SMALL ANODIZED COPPER,SM CASE,21893,REG AIR,DELIVER IN PERSON,18.00,32722.38,0.02,1995-10-25,1-URGENT,103411.36,Customer#000000728,BUILDING,4349.73,UNITED STATES,AMERICA,10,IRAN,4,furiously idle platelets nag. express asymptotes s
917,midnight khaki medium linen peru,SMALL ANODIZED COPPER,SM CASE,21893,REG AIR,DELIVER IN PERSON,18.00,32722.38,0.02,1995-10-25,1-URGENT,103411.36,Customer#000000728,BUILDING,4349.73,UNITED STATES,AMERICA,11,IRAQ,4,pendencies; slyly express foxes integrate carefully across the reg
917,midnight khaki medium linen peru,SMALL ANODIZED COPPER,SM CASE,21893,REG AIR,DELIVER IN PERSON,18.00,32722.38,0.02,1995-10-25,1-URGENT,103411.36,Customer#000000728,BUILDING,4349.73,UNITED STATES,AMERICA,12,JAPAN,2, quickly final packages. furiously i
917,midnight khaki medium linen peru,SMALL ANODIZED COPPER,SM CASE,21893,REG AIR,DELIVER IN PERSON,18.00,32722.38,0.02,1995-10-25,1-URGENT,103411.36,Customer#000000728,BUILDING,4349.73,UNITED STATES,AMERICA,13,JORDAN,4,the slyly regular ideas. silent Tiresias affix slyly fu
917,midnight khaki medium linen peru,SMALL ANODIZED COPPER,SM CASE,21893,REG AIR,DELIVER IN PERSON,18.00,32722.38,0.02,1995-10-25,1-URGENT,103411.36,Customer#000000728,BUILDING,4349.73,UNITED STATES,AMERICA,14,KENYA,0,lyly special foxes. slyly regular deposits sleep carefully. carefully permanent accounts slee
917,midnight khaki medium linen peru,SMALL ANODIZED COPPER,SM CASE,21893,REG AIR,DELIVER IN PERSON,18.00,32722.38,0.02,1995-10-25,1-URGENT,103411.36,Customer#000000728,BUILDING,4349.73,UNITED STATES,AMERICA,15,MOROCCO,0,ct blithely: blithely express accounts nag carefully. silent packages haggle carefully abo
917,midnight khaki medium linen peru,SMALL ANODIZED COPPER,SM CASE,21893,REG AIR,DELIVER IN PERSON,18.00,32722.38,0.02,1995-10-25,1-URGENT,103411.36,Customer#000000728,BUILDING,4349.73,UNITED STATES,AMERICA,16,MOZAMBIQUE,0, beans after the carefully regular accounts r
917,midnight khaki medium linen peru,SMALL ANODIZED COPPER,SM CASE,21893,REG AIR,DELIVER IN PERSON,18.00,32722.38,0.02,1995-10-25,1-URGENT,103411.36,Customer#000000728,BUILDING,4349.73,UNITED STATES,AMERICA,17,PERU,1,ly final foxes. blithely ironic accounts haggle. regular foxes about the regular deposits are furiously ir
917,midnight khaki medium linen peru,SMALL ANODIZED COPPER,SM CASE,21893,REG AIR,DELIVER IN PERSON,18.00,32722.38,0.02,1995-10-25,1-URGENT,103411.36,Customer#000000728,BUILDING,4349.73,UNITED STATES,AMERICA,18,CHINA,2,"ckly special packages cajole slyly. unusual, unusual theodolites mold furiously. slyly sile"
917,midnight khaki medium linen peru,SMALL ANODIZED COPPER,SM CASE,21893,REG AIR,DELIVER IN PERSON,18.00,32722.38,0.02,1995-10-25,1-URGENT,103411.36,Customer#000000728,BUILDING,4349.73,UNITED STATES,AMERICA,19,ROMANIA,3,"sly blithe requests. thinly bold deposits above the blithely regular accounts nag special, final requests. care"
917,midnight khaki medium linen peru,SMALL ANODIZED COPPER,SM CASE,21893,REG AIR,DELIVER IN PERSON,18.00,32722.38,0.02,1995-10-25,1-URGENT,103411.36,Customer#000000728,BUILDING,4349.73,UNITED STATES,AMERICA,20,SAUDI ARABIA,4,se slyly across the blithely regular deposits. deposits use carefully regular 
917,midnight khaki medium linen peru,SMALL ANODIZED COPPER,SM CASE,21893,REG AIR,DELIVER IN PERSON,18.00,32722.38,0.02,1995-10-25,1-URGENT,103411.36,Customer#000000728,BUILDING,4349.73,UNITED STATES,AMERICA,21,VIETNAM,2,lly across the quickly even pinto beans. caref
917,midnight khaki medium linen peru,SMALL ANODIZED COPPER,SM CASE,21893,REG AIR,DELIVER IN PERSON,18.00,32722.38,0.02,1995-10-25,1-URGENT,103411.36,Customer#000000728,BUILDING,4349.73,UNITED STATES,AMERICA,22,RUSSIA,3,uctions. furiously unusual instructions sleep furiously ironic packages. slyly 
917,midnight khaki medium linen peru,SMALL ANODIZED COPPER,SM CASE,21893,REG AIR,DELIVER IN PERSON,18.00,32722.38,0.02,1995-10-25,1-URGENT,103411.36,Customer#000000728,BUILDING,4349.73,UNITED STATES,AMERICA,23,UNITED KINGDOM,3,"carefully pending courts sleep above the ironic, regular theo"
917,midnight khaki medium linen peru,SMALL ANODIZED COPPER,SM CASE,21893,REG AIR,DELIVER IN PERSON,18.00,32722.38,0.02,1995-10-25,1-URGENT,103411.36,Customer#000000728,BUILDING,4349.73,UNITED STATES,AMERICA,24,UNITED STATES,1,ly ironic requests along the slyly bold ideas hang after the blithely special notornis; blithely even accounts
922,frosted dodger cyan medium indian,LARGE BURNISHED BRASS,SM CASE,1666,AIR,TAKE BACK RETURN,30.00,54687.60,0.04,1995-10-18,1-URGENT,200335.68,Customer#000000472,MACHINERY,7929.90,JAPAN,ASIA,0,ALGERIA,0,furiously regular requests. platelets affix furious
922,frosted dodger cyan medium indian,LARGE BURNISHED BRASS,SM CASE,1666,AIR,TAKE BACK RETURN,30.00,54687.60,0.04,1995-10-18,1-URGENT,200335.68,Customer#000000472,MACHINERY,7929.90,JAPAN,ASIA,1,ARGENTINA,1,"instructions wake quickly. final deposits haggle. final, silent theodolites "
922,frosted dodger cyan medium indian,LARGE BURNISHED BRASS,SM CASE,1666,AIR,TAKE BACK RETURN,30.00,54687.60,0.04,1995-10-18,1-URGENT,200335.68,Customer#000000472,MACHINERY,7929.90,JAPAN,ASIA,2,BRAZIL,1,asymptotes use fluffily quickly bold instructions. slyly bold dependencies sleep carefully pending accounts
922,frosted dodger cyan medium indian,LARGE BURNISHED BRASS,SM CASE,1666,AIR,TAKE BACK RETURN,30.00,54687.60,0.04,1995-10-18,1-URGENT,200335.68,Customer#000000472,MACHINERY,7929.90,JAPAN,ASIA,3,CANADA,1,ss deposits wake across the pending foxes. packages after the carefully bold requests integrate caref
922,frosted dodger cyan medium indian,LARGE BURNISHED BRASS,SM CASE,1666,AIR,TAKE BACK RETURN,30.00,54687.60,0.04,1995-10-18,1-URGENT,200335.68,Customer#000000472,MACHINERY,7929.90,JAPAN,ASIA,4,EGYPT,4,"usly ironic, pending foxes. even, special instructions nag. sly, final foxes detect slyly fluffily "
922,frosted dodger cyan medium indian,LARGE BURNISHED BRASS,SM CASE,1666,AIR,TAKE BACK RETURN,30.00,54687.60,0.04,1995-10-18,1-URGENT,200335.68,Customer#000000472,MACHINERY,7929.90,JAPAN,ASIA,5,ETHIOPIA,0,regular requests sleep carefull
922,frosted dodger cyan medium indian,LARGE BURNISHED BRASS,SM CASE,1666,AIR,TAKE BACK RETURN,30.00,54687.60,0.04,1995-10-18,1-URGENT,200335.68,Customer#000000472,MACHINERY,7929.90,JAPAN,ASIA,6,FRANCE,3,oggedly. regular packages solve across
922,frosted dodger cyan medium indian,LARGE BURNISHED BRASS,SM CASE,1666,AIR,TAKE BACK RETURN,30.00,54687.60,0.04,1995-10-18,1-URGENT,200335.68,Customer#000000472,MACHINERY,7929.90,JAPAN,ASIA,7,GERMANY,3,ong the regular requests: blithely silent pinto beans hagg
922,frosted dodger cyan medium indian,LARGE BURNISHED BRASS,SM CASE,1666,AIR,TAKE BACK RETURN,30.00,54687.60,0.04,1995-10-18,1-URGENT,200335.68,Customer#000000472,MACHINERY,7929.90,JAPAN,ASIA,8,INDIA,2,uriously unusual deposits about the slyly final pinto beans could
922,frosted dodger cyan medium indian,LARGE BURNISHED BRASS,SM CASE,1666,AIR,TAKE BACK RETURN,30.00,54687.60,0.04,1995-10-18,1-URGENT,200335.68,Customer#000000472,MACHINERY,7929.90,JAPAN,ASIA,9,INDONESIA,2,"d deposits sleep quickly according to the dogged, regular dolphins. special excuses haggle furiously special reque"
922,frosted dodger cyan medium indian,LARGE BURNISHED BRASS,SM CASE,1666,AIR,TAKE BACK RETURN,30.00,54687.60,0.04,1995-10-18,1-URGENT,200335.68,Customer#000000472,MACHINERY,7929.90,JAPAN,ASIA,10,IRAN,4,furiously idle platelets nag. express asymptotes s
922,frosted dodger cyan medium indian,LARGE BURNISHED BRASS,SM CASE,1666,AIR,TAKE BACK RETURN,30.00,54687.60,0.04,1995-10-18,1-URGENT,200335.68,Customer#000000472,MACHINERY,7929.90,JAPAN,ASIA,11,IRAQ,4,pendencies; slyly express foxes integrate carefully across the reg
922,frosted dodger cyan medium indian,LARGE BURNISHED BRASS,SM CASE,1666,AIR,TAKE BACK RETURN,30.00,54687.60,0.04,1995-10-18,1-URGENT,200335.68,Customer#000000472,MACHINERY,7929.90,JAPAN,ASIA,12,JAPAN,2, quickly final packages. furiously i
922,frosted dodger cyan medium indian,LARGE BURNISHED BRASS,SM CASE,1666,AIR,TAKE BACK RETURN,30.00,54687.60,0.04,1995-10-18,1-URGENT,200335.68,Customer#000000472,MACHINERY,7929.90,JAPAN,ASIA,13,JORDAN,4,the slyly regular ideas. silent Tiresias affix slyly fu
922,frosted dodger cyan medium indian,LARGE BURNISHED BRASS,SM CASE,1666,AIR,TAKE BACK RETURN,30.00,54687.60,0.04,1995-10-18,1-URGENT,200335.68,Customer#000000472,MACHINERY,7929.90,JAPAN,ASIA,14,KENYA,0,lyly special foxes. slyly regular deposits sleep carefully. carefully permanent accounts slee
922,frosted dodger cyan medium indian,LARGE BURNISHED BRASS,SM CASE,1666,AIR,TAKE BACK RETURN,30.00,54687.60,0.04,1995-10-18,1-URGENT,200335.68,Customer#000000472,MACHINERY,7929.90,JAPAN,ASIA,15,MOROCCO,0,ct blithely: blithely express accounts nag carefully. silent packages haggle carefully abo
922,frosted dodger cyan medium indian,LARGE BURNISHED BRASS,SM CASE,1666,AIR,TAKE BACK RETURN,30.00,54687.60,0.04,1995-10-18,1-URGENT,200335.68,Customer#000000472,MACHINERY,7929.90,JAPAN,ASIA,16,MOZAMBIQUE,0, beans after the carefully regular accounts r
922,frosted dodger cyan medium indian,LARGE BURNISHED BRASS,SM CASE,1666,AIR,TAKE BACK RETURN,30.00,54687.60,0.04,1995-10-18,1-URGENT,200335.68,Customer#000000472,MACHINERY,7929.90,JAPAN,ASIA,17,PERU,1,ly final foxes. blithely ironic accounts haggle. regular foxes about the regular deposits are furiously ir
922,frosted dodger cyan medium indian,LARGE BURNISHED BRASS,SM CASE,1666,AIR,TAKE BACK RETURN,30.00,54687.60,0.04,1995-10-18,1-URGENT,200335.68,Customer#000000472,MACHINERY,7929.90,JAPAN,ASIA,18,CHINA,2,"ckly special packages cajole slyly. unusual, unusual theodolites mold furiously. slyly sile"
922,frosted dodger cyan medium indian,LARGE BURNISHED BRASS,SM CASE,1666,AIR,TAKE BACK RETURN,30.00,54687.60,0.04,1995-10-18,1-URGENT,200335.68,Customer#000000472,MACHINERY,7929.90,JAPAN,ASIA,19,ROMANIA,3,"sly blithe requests. thinly bold deposits above the blithely regular accounts nag special, final requests. care"
922,frosted dodger cyan medium indian,LARGE BURNISHED BRASS,SM CASE,1666,AIR,TAKE BACK RETURN,30.00,54687.60,0.04,1995-10-18,1-URGENT,200335.68,Customer#000000472,MACHINERY,7929.90,JAPAN,ASIA,20,SAUDI ARABIA,4,se slyly across the blithely regular deposits. deposits use carefully regular 
922,frosted dodger cyan medium indian,LARGE BURNISHED BRASS,SM CASE,1666,AIR,TAKE BACK RETURN,30.00,54687.60,0.04,1995-10-18,1-URGENT,200335.68,Customer#000000472,MACHINERY,7929.90,JAPAN,ASIA,21,VIETNAM,2,lly across the quickly even pinto beans. caref
922,frosted dodger cyan medium indian,LARGE BURNISHED BRASS,SM CASE,1666,AIR,TAKE BACK RETURN,30.00,54687.60,0.04,1995-10-18,1-URGENT,200335.68,Customer#000000472,MACHINERY,7929.90,JAPAN,ASIA,22,RUSSIA,3,uctions. furiously unusual instructions sleep furiously ironic packages. slyly 
922,frosted dodger cyan medium indian,LARGE BURNISHED BRASS,SM CASE,1666,AIR,TAKE BACK RETURN,30.00,54687.60,0.04,1995-10-18,1-URGENT,200335.68,Customer#000000472,MACHINERY,7929.90,JAPAN,ASIA,23,UNITED KINGDOM,3,"carefully pending courts sleep above the ironic, regular theo"
922,frosted dodger cyan medium indian,LARGE BURNISHED BRASS,SM CASE,1666,AIR,TAKE BACK RETURN,30.00,54687.60,0.04,1995-10-18,1-URGENT,200335.68,Customer#000000472,MACHINERY,7929.90,JAPAN,ASIA,24,UNITED STATES,1,ly ironic requests along the slyly bold ideas hang after the blithely special notornis; blithely even accounts
922,frosted dodger cyan medium indian,LARGE BURNISHED BRASS,SM CASE,2790,MAIL,TAKE BACK RETURN,27.00,49218.84,0.06,1994-08-19,2-HIGH,263474.85,Customer#000000125,FURNITURE,-234.12,ROMANIA,EUROPE,0,ALGERIA,0,furiously regular requests. platelets affix furious
922,frosted dodger cyan medium indian,LARGE BURNISHED BRASS,SM CASE,2790,MAIL,TAKE BACK RETURN,27.00,49218.84,0.06,1994-08-19,2-HIGH,263474.85,Customer#000000125,FURNITURE,-234.12,ROMANIA,EUROPE,1,ARGENTINA,1,"instructions wake quickly. final deposits haggle. final, silent theodolites "
922,frosted dodger cyan medium indian,LARGE BURNISHED BRASS,SM CASE,2790,MAIL,TAKE BACK RETURN,27.00,49218.84,0.06,1994-08-19,2-HIGH,263474.85,Customer#000000125,FURNITURE,-234.12,ROMANIA,EUROPE,2,BRAZIL,1,asymptotes use fluffily quickly bold instructions. slyly bold dependencies sleep carefully pending accounts
922,frosted dodger cyan medium indian,LARGE BURNISHED BRASS,SM CASE,2790,MAIL,TAKE BACK RETURN,27.00,49218.84,0.06,1994-08-19,2-HIGH,263474.85,Customer#000000125,FURNITURE,-234.12,ROMANIA,EUROPE,3,CANADA,1,ss deposits wake across the pending foxes. packages after the carefully bold requests integrate caref
922,frosted dodger cyan medium indian,LARGE BURNISHED BRASS,SM CASE,2790,MAIL,TAKE BACK RETURN,27.00,49218.84,0.06,1994-08-19,2-HIGH,263474.85,Customer#000000125,FURNITURE,-234.12,ROMANIA,EUROPE,4,EGYPT,4,"usly ironic, pending foxes. even, special instructions nag. sly, final foxes detect slyly fluffily "
922,frosted dodger cyan medium indian,LARGE BURNISHED BRASS,SM CASE,2790,MAIL,TAKE BACK RETURN,27.00,49218.84,0.06,1994-08-19,2-HIGH,263474.85,Customer#000000125,FURNITURE,-234.12,ROMANIA,EUROPE,5,ETHIOPIA,0,regular requests sleep carefull
922,frosted dodger cyan medium indian,LARGE BURNISHED BRASS,SM CASE,2790,MAIL,TAKE BACK RETURN,27.00,49218.84,0.06,1994-08-19,2-HIGH,263474.85,Customer#000000125,FURNITURE,-234.12,ROMANIA,EUROPE,6,FRANCE,3,oggedly. regular packages solve across
922,frosted dodger cyan medium indian,LARGE BURNISHED BRASS,SM CASE,2790,MAIL,TAKE BACK RETURN,27.00,49218.84,0.06,1994-08-19,2-HIGH,263474.85,Customer#000000125,FURNITURE,-234.12,ROMANIA,EUROPE,7,GERMANY,3,ong the regular requests: blithely silent pinto beans hagg
922,frosted dodger cyan medium indian,LARGE BURNISHED BRASS,SM CASE,2790,MAIL,TAKE BACK RETURN,27.00,49218.84,0.06,1994-08-19,2-HIGH,263474.85,Customer#000000125,FURNITURE,-234.12,ROMANIA,EUROPE,8,INDIA,2,uriously unusual deposits about the slyly final pinto beans could
922,frosted dodger cyan medium indian,LARGE BURNISHED BRASS,SM CASE,2790,MAIL,TAKE BACK RETURN,27.00,49218.84,0.06,1994-08-19,2-HIGH,263474.85,Customer#000000125,FURNITURE,-234.12,ROMANIA,EUROPE,9,INDONESIA,2,"d deposits sleep quickly according to the dogged, regular dolphins. special excuses haggle furiously special reque"
922,frosted dodger cyan medium indian,LARGE BURNISHED BRASS,SM CASE,2790,MAIL,TAKE BACK RETURN,27.00,49218.84,0.06,1994-08-19,2-HIGH,263474.85,Customer#000000125,FURNITURE,-234.12,ROMANIA,EUROPE,10,IRAN,4,furiously idle platelets nag. express asymptotes s
922,frosted dodger cyan medium indian,LARGE BURNISHED BRASS,SM CASE,2790,MAIL,TAKE BACK RETURN,27.00,49218.84,0.06,1994-08-19,2-HIGH,263474.85,Customer#000000125,FURNITURE,-234.12,ROMANIA,EUROPE,11,IRAQ,4,pendencies; slyly express foxes integrate carefully across the reg
922,frosted dodger cyan medium indian,LARGE BURNISHED BRASS,SM CASE,2790,MAIL,TAKE BACK RETURN,27.00,49218.84,0.06,1994-08-19,2-HIGH,263474.85,Customer#000000125,FURNITURE,-234.12,ROMANIA,EUROPE,12,JAPAN,2, quickly final packages. furiously i
922,frosted dodger cyan medium indian,LARGE BURNISHED BRASS,SM CASE,2790,MAIL,TAKE BACK RETURN,27.00,49218.84,0.06,1994-08-19,2-HIGH,263474.85,Customer#000000125,FURNITURE,-234.12,ROMANIA,EUROPE,13,JORDAN,4,the slyly regular ideas. silent Tiresias affix slyly fu
922,frosted dodger cyan medium indian,LARGE BURNISHED BRASS,SM CASE,2790,MAIL,TAKE BACK RETURN,27.00,49218.84,0.06,1994-08-19,2-HIGH,263474.85,Customer#000000125,FURNITURE,-234.12,ROMANIA,EUROPE,14,KENYA,0,lyly special foxes. slyly regular deposits sleep carefully. carefully permanent accounts slee
922,frosted dodger cyan medium indian,LARGE BURNISHED BRASS,SM CASE,2790,MAIL,TAKE BACK RETURN,27.00,49218.84,0.06,1994-08-19,2-HIGH,263474.85,Customer#000000125,FURNITURE,-234.12,ROMANIA,EUROPE,15,MOROCCO,0,ct blithely: blithely express accounts nag carefully. silent packages haggle carefully abo
922,frosted dodger cyan medium indian,LARGE BURNISHED BRASS,SM CASE,2790,MAIL,TAKE BACK RETURN,27.00,49218.84,0.06,1994-08-19,2-HIGH,263474.85,Customer#000000125,FURNITURE,-234.12,ROMANIA,EUROPE,16,MOZAMBIQUE,0, beans after the carefully regular accounts r
922,frosted dodger cyan medium indian,LARGE BURNISHED BRASS,SM CASE,2790,MAIL,TAKE BACK RETURN,27.00,49218.84,0.06,1994-08-19,2-HIGH,263474.85,Customer#000000125,FURNITURE,-234.12,ROMANIA,EUROPE,17,PERU,1,ly final foxes. blithely ironic accounts haggle. regular foxes about the regular deposits are furiously ir
922,frosted dodger cyan medium indian,LARGE BURNISHED BRASS,SM CASE,2790,MAIL,TAKE BACK RETURN,27.00,49218.84,0.06,1994-08-19,2-HIGH,263474.85,Customer#000000125,FURNITURE,-234.12,ROMANIA,EUROPE,18,CHINA,2,"ckly special packages cajole slyly. unusual, unusual theodolites mold furiously. slyly sile"
922,frosted dodger cyan medium indian,LARGE BURNISHED BRASS,SM CASE,2790,MAIL,TAKE BACK RETURN,27.00,49218.84,0.06,1994-08-19,2-HIGH,263474.85,Customer#000000125,FURNITURE,-234.12,ROMANIA,EUROPE,19,ROMANIA,3,"sly blithe requests. thinly bold deposits above the blithely regular accounts nag special, final requests. care"
922,frosted dodger cyan medium indian,LARGE BURNISHED BRASS,SM CASE,2790,MAIL,TAKE BACK RETURN,27.00,49218.84,0.06,1994-08-19,2-HIGH,263474.85,Customer#000000125,FURNITURE,-234.12,ROMANIA,EUROPE,20,SAUDI ARABIA,4,se slyly across the blithely regular deposits. deposits use carefully regular 
922,frosted dodger cyan medium indian,LARGE BURNISHED BRASS,SM CASE,2790,MAIL,TAKE BACK RETURN,27.00,49218.84,0.06,1994-08-19,2-HIGH,263474.85,Customer#000000125,FURNITURE,-234.12,ROMANIA,EUROPE,21,VIETNAM,2,lly across the quickly even pinto beans. caref
922,frosted dodger cyan medium indian,LARGE BURNISHED BRASS,SM CASE,2790,MAIL,TAKE BACK RETURN,27.00,49218.84,0.06,1994-08-19,2-HIGH,263474.85,Customer#000000125,FURNITURE,-234.12,ROMANIA,EUROPE,22,RUSSIA,3,uctions. furiously unusual instructions sleep furiously ironic packages. slyly 
922,frosted dodger cyan medium indian,LARGE BURNISHED BRASS,SM CASE,2790,MAIL,TAKE BACK RETURN,27.00,49218.84,0.06,1994-08-19,2-HIGH,263474.85,Customer#000000125,FURNITURE,-234.12,ROMANIA,EUROPE,23,UNITED KINGDOM,3,"carefully pending courts sleep above the ironic, regular theo"
922,frosted dodger cyan medium indian,LARGE BURNISHED BRASS,SM CASE,2790,MAIL,TAKE BACK RETURN,27.00,49218.84,0.06,1994-08-19,2-HIGH,263474.85,Customer#000000125,FURNITURE,-234.12,ROMANIA,EUROPE,24,UNITED STATES,1,ly ironic requests along the slyly bold ideas hang after the blithely special notornis; blithely even accounts
922,frosted dodger cyan medium indian,LARGE BURNISHED BRASS,SM CASE,3267,AIR,TAKE BACK RETURN,33.00,60156.36,0.06,1997-01-07,5-LOW,57112.43,Customer#000000560,BUILDING,1469.59,ROMANIA,EUROPE,0,ALGERIA,0,furiously regular requests. platelets affix furious
922,frosted dodger cyan medium indian,LARGE BURNISHED BRASS,SM CASE,3267,AIR,TAKE BACK RETURN,33.00,60156.36,0.06,1997-01-07,5-LOW,57112.43,Customer#000000560,BUILDING,1469.59,ROMANIA,EUROPE,1,ARGENTINA,1,"instructions wake quickly. final deposits haggle. final, silent theodolites "
922,frosted dodger cyan medium indian,LARGE BURNISHED BRASS,SM CASE,3267,AIR,TAKE BACK RETURN,33.00,60156.36,0.06,1997-01-07,5-LOW,57112.43,Customer#000000560,BUILDING,1469.59,ROMANIA,EUROPE,2,BRAZIL,1,asymptotes use fluffily quickly bold instructions. slyly bold dependencies sleep carefully pending accounts
922,frosted dodger cyan medium indian,LARGE BURNISHED BRASS,SM CASE,3267,AIR,TAKE BACK RETURN,33.00,60156.36,0.06,1997-01-07,5-LOW,57112.43,Customer#000000560,BUILDING,1469.59,ROMANIA,EUROPE,3,CANADA,1,ss deposits wake across the pending foxes. packages after the carefully bold requests integrate caref
922,frosted dodger cyan medium indian,LARGE BURNISHED BRASS,SM CASE,3267,AIR,TAKE BACK RETURN,33.00,60156.36,0.06,1997-01-07,5-LOW,57112.43,Customer#000000560,BUILDING,1469.59,ROMANIA,EUROPE,4,EGYPT,4,"usly ironic, pending foxes. even, special instructions nag. sly, final foxes detect slyly fluffily "
922,frosted dodger cyan medium indian,LARGE BURNISHED BRASS,SM CASE,3267,AIR,TAKE BACK RETURN,33.00,60156.36,0.06,1997-01-07,5-LOW,57112.43,Customer#000000560,BUILDING,1469.59,ROMANIA,EUROPE,5,ETHIOPIA,0,regular requests sleep carefull
922,frosted dodger cyan medium indian,LARGE BURNISHED BRASS,SM CASE,3267,AIR,TAKE BACK RETURN,33.00,60156.36,0.06,1997-01-07,5-LOW,57112.43,Customer#000000560,BUILDING,1469.59,ROMANIA,EUROPE,6,FRANCE,3,oggedly. regular packages solve across
922,frosted dodger cyan medium indian,LARGE BURNISHED BRASS,SM CASE,3267,AIR,TAKE BACK RETURN,33.00,60156.36,0.06,1997-01-07,5-LOW,57112.43,Customer#000000560,BUILDING,1469.59,ROMANIA,EUROPE,7,GERMANY,3,ong the regular requests: blithely silent pinto beans hagg
922,frosted dodger cyan medium indian,LARGE BURNISHED BRASS,SM CASE,3267,AIR,TAKE BACK RETURN,33.00,60156.36,0.06,1997-01-07,5-LOW,57112.43,Customer#000000560,BUILDING,1469.59,ROMANIA,EUROPE,8,INDIA,2,uriously unusual deposits about the slyly final pinto beans could
922,frosted dodger cyan medium indian,LARGE BURNISHED BRASS,SM CASE,3267,AIR,TAKE BACK RETURN,33.00,60156.36,0.06,1997-01-07,5-LOW,57112.43,Customer#000000560,BUILDING,1469.59,ROMANIA,EUROPE,9,INDONESIA,2,"d deposits sleep quickly according to the dogged, regular dolphins. special excuses haggle furiously special reque"
922,frosted dodger cyan medium indian,LARGE BURNISHED BRASS,SM CASE,3267,AIR,TAKE BACK RETURN,33.00,60156.36,0.06,1997-01-07,5-LOW,57112.43,Customer#000000560,BUILDING,1469.59,ROMANIA,EUROPE,10,IRAN,4,furiously idle platelets nag. express asymptotes s
922,frosted dodger cyan medium indian,LARGE BURNISHED BRASS,SM CASE,3267,AIR,TAKE BACK RETURN,33.00,60156.36,0.06,1997-01-07,5-LOW,57112.43,Customer#000000560,BUILDING,1469.59,ROMANIA,EUROPE,11,IRAQ,4,pendencies; slyly express foxes integrate carefully across the reg
922,frosted dodger cyan medium indian,LARGE BURNISHED BRASS,SM CASE,3267,AIR,TAKE BACK RETURN,33.00,60156.36,0.06,1997-01-07,5-LOW,57112.43,Customer#000000560,BUILDING,1469.59,ROMANIA,EUROPE,12,JAPAN,2, quickly final packages. furiously i
922,frosted dodger cyan medium indian,LARGE BURNISHED BRASS,SM CASE,3267,AIR,TAKE BACK RETURN,33.00,60156.36,0.06,1997-01-07,5-LOW,57112.43,Customer#000000560,BUILDING,1469.59,ROMANIA,EUROPE,13,JORDAN,4,the slyly regular ideas. silent Tiresias affix slyly fu
922,frosted dodger cyan medium indian,LARGE BURNISHED BRASS,SM CASE,3267,AIR,TAKE BACK RETURN,33.00,60156.36,0.06,1997-01-07,5-LOW,57112.43,Customer#000000560,BUILDING,1469.59,ROMANIA,EUROPE,14,KENYA,0,lyly special foxes. slyly regular deposits sleep carefully. carefully permanent accounts slee
922,frosted dodger cyan medium indian,LARGE BURNISHED BRASS,SM CASE,3267,AIR,TAKE BACK RETURN,33.00,60156.36,0.06,1997-01-07,5-LOW,57112.43,Customer#000000560,BUILDING,1469.59,ROMANIA,EUROPE,15,MOROCCO,0,ct blithely: blithely express accounts nag carefully. silent packages haggle carefully abo
922,frosted dodger cyan medium indian,LARGE BURNISHED BRASS,SM CASE,3267,AIR,TAKE BACK RETURN,33.00,60156.36,0.06,1997-01-07,5-LOW,57112.43,Customer#000000560,BUILDING,1469.59,ROMANIA,EUROPE,16,MOZAMBIQUE,0, beans after the carefully regular accounts r
922,frosted dodger cyan medium indian,LARGE BURNISHED BRASS,SM CASE,3267,AIR,TAKE BACK RETURN,33.00,60156.36,0.06,1997-01-07,5-LOW,57112.43,Customer#000000560,BUILDING,1469.59,ROMANIA,EUROPE,17,PERU,1,ly final foxes. blithely ironic accounts haggle. regular foxes about the regular deposits are furiously ir
922,frosted dodger cyan medium indian,LARGE BURNISHED BRASS,SM CASE,3267,AIR,TAKE BACK RETURN,33.00,60156.36,0.06,1997-01-07,5-LOW,57112.43,Customer#000000560,BUILDING,1469.59,ROMANIA,EUROPE,18,CHINA,2,"ckly special packages cajole slyly. unusual, unusual theodolites mold furiously. slyly sile"
922,frosted dodger cyan medium indian,LARGE BURNISHED BRASS,SM CASE,3267,AIR,TAKE BACK RETURN,33.00,60156.36,0.06,1997-01-07,5-LOW,57112.43,Customer#000000560,BUILDING,1469.59,ROMANIA,EUROPE,19,ROMANIA,3,"sly blithe requests. thinly bold deposits above the blithely regular accounts nag special, final requests. care"
922,frosted dodger cyan medium indian,LARGE BURNISHED BRASS,SM CASE,3267,AIR,TAKE BACK RETURN,33.00,60156.36,0.06,1997-01-07,5-LOW,57112.43,Customer#000000560,BUILDING,1469.59,ROMANIA,EUROPE,20,SAUDI ARABIA,4,se slyly across the blithely regular deposits. deposits use carefully regular 
922,frosted dodger cyan medium indian,LARGE BURNISHED BRASS,SM CASE,3267,AIR,TAKE BACK RETURN,33.00,60156.36,0.06,1997-01-07,5-LOW,57112.43,Customer#000000560,BUILDING,1469.59,ROMANIA,EUROPE,21,VIETNAM,2,lly across the quickly even pinto beans. caref
922,frosted dodger cyan medium indian,LARGE BURNISHED BRASS,SM CASE,3267,AIR,TAKE BACK RETURN,33.00,60156.36,0.06,1997-01-07,5-LOW,57112.43,Customer#000000560,BUILDING,1469.59,ROMANIA,EUROPE,22,RUSSIA,3,uctions. furiously unusual instructions sleep furiously ironic packages. slyly 
922,frosted dodger cyan medium indian,LARGE BURNISHED BRASS,SM CASE,3267,AIR,TAKE BACK RETURN,33.00,60156.36,0.06,1997-01-07,5-LOW,57112.43,Customer#000000560,BUILDING,1469.59,ROMANIA,EUROPE,23,UNITED KINGDOM,3,"carefully pending courts sleep above the ironic, regular theo"
922,frosted dodger cyan medium indian,LARGE BURNISHED BRASS,SM CASE,3267,AIR,TAKE BACK RETURN,33.00,60156.36,0.06,1997-01-07,5-LOW,57112.43,Customer#000000560,BUILDING,1469.59,ROMANIA,EUROPE,24,UNITED STATES,1,ly ironic requests along the slyly bold ideas hang after the blithely special notornis; blithely even accounts
922,frosted dodger cyan medium indian,LARGE BURNISHED BRASS,SM CASE,9158,MAIL,DELIVER IN PERSON,32.00,58333.44,0.06,1995-04-25,4-NOT SPECIFIED,92612.70,Customer#000000136,FURNITURE,-842.39,GERMANY,EUROPE,0,ALGERIA,0,furiously regular requests. platelets affix furious
922,frosted dodger cyan medium indian,LARGE BURNISHED BRASS,SM CASE,9158,MAIL,DELIVER IN PERSON,32.00,58333.44,0.06,1995-04-25,4-NOT SPECIFIED,92612.70,Customer#000000136,FURNITURE,-842.39,GERMANY,EUROPE,1,ARGENTINA,1,"instructions wake quickly. final deposits haggle. final, silent theodolites "
922,frosted dodger cyan medium indian,LARGE BURNISHED BRASS,SM CASE,9158,MAIL,DELIVER IN PERSON,32.00,58333.44,0.06,1995-04-25,4-NOT SPECIFIED,92612.70,Customer#000000136,FURNITURE,-842.39,GERMANY,EUROPE,2,BRAZIL,1,asymptotes use fluffily quickly bold instructions. slyly bold dependencies sleep carefully pending accounts
922,frosted dodger cyan medium indian,LARGE BURNISHED BRASS,SM CASE,9158,MAIL,DELIVER IN PERSON,32.00,58333.44,0.06,1995-04-25,4-NOT SPECIFIED,92612.70,Customer#000000136,FURNITURE,-842.39,GERMANY,EUROPE,3,CANADA,1,ss deposits wake across the pending foxes. packages after the carefully bold requests integrate caref
922,frosted dodger cyan medium indian,LARGE BURNISHED BRASS,SM CASE,9158,MAIL,DELIVER IN PERSON,32.00,58333.44,0.06,1995-04-25,4-NOT SPECIFIED,92612.70,Customer#000000136,FURNITURE,-842.39,GERMANY,EUROPE,4,EGYPT,4,"usly ironic, pending foxes. even, special instructions nag. sly, final foxes detect slyly fluffily "
922,frosted dodger cyan medium indian,LARGE BURNISHED BRASS,SM CASE,9158,MAIL,DELIVER IN PERSON,32.00,58333.44,0.06,1995-04-25,4-NOT SPECIFIED,92612.70,Customer#000000136,FURNITURE,-842.39,GERMANY,EUROPE,5,ETHIOPIA,0,regular requests sleep carefull
922,frosted dodger cyan medium indian,LARGE BURNISHED BRASS,SM CASE,9158,MAIL,DELIVER IN PERSON,32.00,58333.44,0.06,1995-04-25,4-NOT SPECIFIED,92612.70,Customer#000000136,FURNITURE,-842.39,GERMANY,EUROPE,6,FRANCE,3,oggedly. regular packages solve across
922,frosted dodger cyan medium indian,LARGE BURNISHED BRASS,SM CASE,9158,MAIL,DELIVER IN PERSON,32.00,58333.44,0.06,1995-04-25,4-NOT SPECIFIED,92612.70,Customer#000000136,FURNITURE,-842.39,GERMANY,EUROPE,7,GERMANY,3,ong the regular requests: blithely silent pinto beans hagg
922,frosted dodger cyan medium indian,LARGE BURNISHED BRASS,SM CASE,9158,MAIL,DELIVER IN PERSON,32.00,58333.44,0.06,1995-04-25,4-NOT SPECIFIED,92612.70,Customer#000000136,FURNITURE,-842.39,GERMANY,EUROPE,8,INDIA,2,uriously unusual deposits about the slyly final pinto beans could
922,frosted dodger cyan medium indian,LARGE BURNISHED BRASS,SM CASE,9158,MAIL,DELIVER IN PERSON,32.00,58333.44,0.06,1995-04-25,4-NOT SPECIFIED,92612.70,Customer#000000136,FURNITURE,-842.39,GERMANY,EUROPE,9,INDONESIA,2,"d deposits sleep quickly according to the dogged, regular dolphins. special excuses haggle furiously special reque"
922,frosted dodger cyan medium indian,LARGE BURNISHED BRASS,SM CASE,9158,MAIL,DELIVER IN PERSON,32.00,58333.44,0.06,1995-04-25,4-NOT SPECIFIED,92612.70,Customer#000000136,FURNITURE,-842.39,GERMANY,EUROPE,10,IRAN,4,furiously idle platelets nag. express asymptotes s
922,frosted dodger cyan medium indian,LARGE BURNISHED BRASS,SM CASE,9158,MAIL,DELIVER IN PERSON,32.00,58333.44,0.06,1995-04-25,4-NOT SPECIFIED,92612.70,Customer#000000136,FURNITURE,-842.39,GERMANY,EUROPE,11,IRAQ,4,pendencies; slyly express foxes integrate carefully across the reg
922,frosted dodger cyan medium indian,LARGE BURNISHED BRASS,SM CASE,9158,MAIL,DELIVER IN PERSON,32.00,58333.44,0.06,1995-04-25,4-NOT SPECIFIED,92612.70,Customer#000000136,FURNITURE,-842.39,GERMANY,EUROPE,12,JAPAN,2, quickly final packages. furiously i
922,frosted dodger cyan medium indian,LARGE BURNISHED BRASS,SM CASE,9158,MAIL,DELIVER IN PERSON,32.00,58333.44,0.06,1995-04-25,4-NOT SPECIFIED,92612.70,Customer#000000136,FURNITURE,-842.39,GERMANY,EUROPE,13,JORDAN,4,the slyly regular ideas. silent Tiresias affix slyly fu
922,frosted dodger cyan medium indian,LARGE BURNISHED BRASS,SM CASE,9158,MAIL,DELIVER IN PERSON,32.00,58333.44,0.06,1995-04-25,4-NOT SPECIFIED,92612.70,Customer#000000136,FURNITURE,-842.39,GERMANY,EUROPE,14,KENYA,0,lyly special foxes. slyly regular deposits sleep carefully. carefully permanent accounts slee
922,frosted dodger cyan medium indian,LARGE BURNISHED BRASS,SM CASE,9158,MAIL,DELIVER IN PERSON,32.00,58333.44,0.06,1995-04-25,4-NOT SPECIFIED,92612.70,Customer#000000136,FURNITURE,-842.39,GERMANY,EUROPE,15,MOROCCO,0,ct blithely: blithely express accounts nag carefully. silent packages haggle carefully abo
922,frosted dodger cyan medium indian,LARGE BURNISHED BRASS,SM CASE,9158,MAIL,DELIVER IN PERSON,32.00,58333.44,0.06,1995-04-25,4-NOT SPECIFIED,92612.70,Customer#000000136,FURNITURE,-842.39,GERMANY,EUROPE,16,MOZAMBIQUE,0, beans after the carefully regular accounts r
922,frosted dodger cyan medium indian,LARGE BURNISHED BRASS,SM CASE,9158,MAIL,DELIVER IN PERSON,32.00,58333.44,0.06,1995-04-25,4-NOT SPECIFIED,92612.70,Customer#000000136,FURNITURE,-842.39,GERMANY,EUROPE,17,PERU,1,ly final foxes. blithely ironic accounts haggle. regular foxes about the regular deposits are furiously ir
922,frosted dodger cyan medium indian,LARGE BURNISHED BRASS,SM CASE,9158,MAIL,DELIVER IN PERSON,32.00,58333.44,0.06,1995-04-25,4-NOT SPECIFIED,92612.70,Customer#000000136,FURNITURE,-842.39,GERMANY,EUROPE,18,CHINA,2,"ckly special packages cajole slyly. unusual, unusual theodolites mold furiously. slyly sile"
922,frosted dodger cyan medium indian,LARGE BURNISHED BRASS,SM CASE,9158,MAIL,DELIVER IN PERSON,32.00,58333.44,0.06,1995-04-25,4-NOT SPECIFIED,92612.70,Customer#000000136,FURNITURE,-842.39,GERMANY,EUROPE,19,ROMANIA,3,"sly blithe requests. thinly bold deposits above the blithely regular accounts nag special, final requests. care"
922,frosted dodger cyan medium indian,LARGE BURNISHED BRASS,SM CASE,9158,MAIL,DELIVER IN PERSON,32.00,58333.44,0.06,1995-04-25,4-NOT SPECIFIED,92612.70,Customer#000000136,FURNITURE,-842.39,GERMANY,EUROPE,20,SAUDI ARABIA,4,se slyly across the blithely regular deposits. deposits use carefully regular 
922,frosted dodger cyan medium indian,LARGE BURNISHED BRASS,SM CASE,9158,MAIL,DELIVER IN PERSON,32.00,58333.44,0.06,1995-04-25,4-NOT SPECIFIED,92612.70,Customer#000000136,FURNITURE,-842.39,GERMANY,EUROPE,21,VIETNAM,2,lly across the quickly even pinto beans. caref
922,frosted dodger cyan medium indian,LARGE BURNISHED BRASS,SM CASE,9158,MAIL,DELIVER IN PERSON,32.00,58333.44,0.06,1995-04-25,4-NOT SPECIFIED,92612.70,Customer#000000136,FURNITURE,-842.39,GERMANY,EUROPE,22,RUSSIA,3,uctions. furiously unusual instructions sleep furiously ironic packages. slyly 
922,frosted dodger cyan medium indian,LARGE BURNISHED BRASS,SM CASE,9158,MAIL,DELIVER IN PERSON,32.00,58333.44,0.06,1995-04-25,4-NOT SPECIFIED,92612.70,Customer#000000136,FURNITURE,-842.39,GERMANY,EUROPE,23,UNITED KINGDOM,3,"carefully pending courts sleep above the ironic, regular theo"
922,frosted dodger cyan medium indian,LARGE BURNISHED BRASS,SM CASE,9158,MAIL,DELIVER IN PERSON,32.00,58333.44,0.06,1995-04-25,4-NOT SPECIFIED,92612.70,Customer#000000136,FURNITURE,-842.39,GERMANY,EUROPE,24,UNITED STATES,1,ly ironic requests along the slyly bold ideas hang after the blithely special notornis; blithely even accounts
922,frosted dodger cyan medium indian,LARGE BURNISHED BRASS,SM CASE,15558,TRUCK,TAKE BACK RETURN,32.00,58333.44,0.02,1997-10-07,2-HIGH,320354.98,Customer#000000040,BUILDING,1335.30,CANADA,AMERICA,0,ALGERIA,0,furiously regular requests. platelets affix furious
922,frosted dodger cyan medium indian,LARGE BURNISHED BRASS,SM CASE,15558,TRUCK,TAKE BACK RETURN,32.00,58333.44,0.02,1997-10-07,2-HIGH,320354.98,Customer#000000040,BUILDING,1335.30,CANADA,AMERICA,1,ARGENTINA,1,"instructions wake quickly. final deposits haggle. final, silent theodolites "
922,frosted dodger cyan medium indian,LARGE BURNISHED BRASS,SM CASE,15558,TRUCK,TAKE BACK RETURN,32.00,58333.44,0.02,1997-10-07,2-HIGH,320354.98,Customer#000000040,BUILDING,1335.30,CANADA,AMERICA,2,BRAZIL,1,asymptotes use fluffily quickly bold instructions. slyly bold dependencies sleep carefully pending accounts
922,frosted dodger cyan medium indian,LARGE BURNISHED BRASS,SM CASE,15558,TRUCK,TAKE BACK RETURN,32.00,58333.44,0.02,1997-10-07,2-HIGH,320354.98,Customer#000000040,BUILDING,1335.30,CANADA,AMERICA,3,CANADA,1,ss deposits wake across the pending foxes. packages after the carefully bold requests integrate caref
922,frosted dodger cyan medium indian,LARGE BURNISHED BRASS,SM CASE,15558,TRUCK,TAKE BACK RETURN,32.00,58333.44,0.02,1997-10-07,2-HIGH,320354.98,Customer#000000040,BUILDING,1335.30,CANADA,AMERICA,4,EGYPT,4,"usly ironic, pending foxes. even, special instructions nag. sly, final foxes detect slyly fluffily "
922,frosted dodger cyan medium indian,LARGE BURNISHED BRASS,SM CASE,15558,TRUCK,TAKE BACK RETURN,32.00,58333.44,0.02,1997-10-07,2-HIGH,320354.98,Customer#000000040,BUILDING,1335.30,CANADA,AMERICA,5,ETHIOPIA,0,regular requests sleep carefull
922,frosted dodger cyan medium indian,LARGE BURNISHED BRASS,SM CASE,15558,TRUCK,TAKE BACK RETURN,32.00,58333.44,0.02,1997-10-07,2-HIGH,320354.98,Customer#000000040,BUILDING,1335.30,CANADA,AMERICA,6,FRANCE,3,oggedly. regular packages solve across
922,frosted dodger cyan medium indian,LARGE BURNISHED BRASS,SM CASE,15558,TRUCK,TAKE BACK RETURN,32.00,58333.44,0.02,1997-10-07,2-HIGH,320354.98,Customer#000000040,BUILDING,1335.30,CANADA,AMERICA,7,GERMANY,3,ong the regular requests: blithely silent pinto beans hagg
922,frosted dodger cyan medium indian,LARGE BURNISHED BRASS,SM CASE,15558,TRUCK,TAKE BACK RETURN,32.00,58333.44,0.02,1997-10-07,2-HIGH,320354.98,Customer#000000040,BUILDING,1335.30,CANADA,AMERICA,8,INDIA,2,uriously unusual deposits about the slyly final pinto beans could
922,frosted dodger cyan medium indian,LARGE BURNISHED BRASS,SM CASE,15558,TRUCK,TAKE BACK RETURN,32.00,58333.44,0.02,1997-10-07,2-HIGH,320354.98,Customer#000000040,BUILDING,1335.30,CANADA,AMERICA,9,INDONESIA,2,"d deposits sleep quickly according to the dogged, regular dolphins. special excuses haggle furiously special reque"
922,frosted dodger cyan medium indian,LARGE BURNISHED BRASS,SM CASE,15558,TRUCK,TAKE BACK RETURN,32.00,58333.44,0.02,1997-10-07,2-HIGH,320354.98,Customer#000000040,BUILDING,1335.30,CANADA,AMERICA,10,IRAN,4,furiously idle platelets nag. express asymptotes s
922,frosted dodger cyan medium indian,LARGE BURNISHED BRASS,SM CASE,15558,TRUCK,TAKE BACK RETURN,32.00,58333.44,0.02,1997-10-07,2-HIGH,320354.98,Customer#000000040,BUILDING,1335.30,CANADA,AMERICA,11,IRAQ,4,pendencies; slyly express foxes integrate carefully across the reg
922,frosted dodger cyan medium indian,LARGE BURNISHED BRASS,SM CASE,15558,TRUCK,TAKE BACK RETURN,32.00,58333.44,0.02,1997-10-07,2-HIGH,320354.98,Customer#000000040,BUILDING,1335.30,CANADA,AMERICA,12,JAPAN,2, quickly final packages. furiously i
922,frosted dodger cyan medium indian,LARGE BURNISHED BRASS,SM CASE,15558,TRUCK,TAKE BACK RETURN,32.00,58333.44,0.02,1997-10-07,2-HIGH,320354.98,Customer#000000040,BUILDING,1335.30,CANADA,AMERICA,13,JORDAN,4,the slyly regular ideas. silent Tiresias affix slyly fu
922,frosted dodger cyan medium indian,LARGE BURNISHED BRASS,SM CASE,15558,TRUCK,TAKE BACK RETURN,32.00,58333.44,0.02,1997-10-07,2-HIGH,320354.98,Customer#000000040,BUILDING,1335.30,CANADA,AMERICA,14,KENYA,0,lyly special foxes. slyly regular deposits sleep carefully. carefully permanent accounts slee
922,frosted dodger cyan medium indian,LARGE BURNISHED BRASS,SM CASE,15558,TRUCK,TAKE BACK RETURN,32.00,58333.44,0.02,1997-10-07,2-HIGH,320354.98,Customer#000000040,BUILDING,1335.30,CANADA,AMERICA,15,MOROCCO,0,ct blithely: blithely express accounts nag carefully. silent packages haggle carefully abo
922,frosted dodger cyan medium indian,LARGE BURNISHED BRASS,SM CASE,15558,TRUCK,TAKE BACK RETURN,32.00,58333.44,0.02,1997-10-07,2-HIGH,320354.98,Customer#000000040,BUILDING,1335.30,CANADA,AMERICA,16,MOZAMBIQUE,0, beans after the carefully regular accounts r
922,frosted dodger cyan medium indian,LARGE BURNISHED BRASS,SM CASE,15558,TRUCK,TAKE BACK RETURN,32.00,58333.44,0.02,1997-10-07,2-HIGH,320354.98,Customer#000000040,BUILDING,1335.30,CANADA,AMERICA,17,PERU,1,ly final foxes. blithely ironic accounts haggle. regular foxes about the regular deposits are furiously ir
922,frosted dodger cyan medium indian,LARGE BURNISHED BRASS,SM CASE,15558,TRUCK,TAKE BACK RETURN,32.00,58333.44,0.02,1997-10-07,2-HIGH,320354.98,Customer#000000040,BUILDING,1335.30,CANADA,AMERICA,18,CHINA,2,"ckly special packages cajole slyly. unusual, unusual theodolites mold furiously. slyly sile"
922,frosted dodger cyan medium indian,LARGE BURNISHED BRASS,SM CASE,15558,TRUCK,TAKE BACK RETURN,32.00,58333.44,0.02,1997-10-07,2-HIGH,320354.98,Customer#000000040,BUILDING,1335.30,CANADA,AMERICA,19,ROMANIA,3,"sly blithe requests. thinly bold deposits above the blithely regular accounts nag special, final requests. care"
922,frosted dodger cyan medium indian,LARGE BURNISHED BRASS,SM CASE,15558,TRUCK,TAKE BACK RETURN,32.00,58333.44,0.02,1997-10-07,2-HIGH,320354.98,Customer#000000040,BUILDING,1335.30,CANADA,AMERICA,20,SAUDI ARABIA,4,se slyly across the blithely regular deposits. deposits use carefully regular 
922,frosted dodger cyan medium indian,LARGE BURNISHED BRASS,SM CASE,15558,TRUCK,TAKE BACK RETURN,32.00,58333.44,0.02,1997-10-07,2-HIGH,320354.98,Customer#000000040,BUILDING,1335.30,CANADA,AMERICA,21,VIETNAM,2,lly across the quickly even pinto beans. caref
922,frosted dodger cyan medium indian,LARGE BURNISHED BRASS,SM CASE,15558,TRUCK,TAKE BACK RETURN,32.00,58333.44,0.02,1997-10-07,2-HIGH,320354.98,Customer#000000040,BUILDING,1335.30,CANADA,AMERICA,22,RUSSIA,3,uctions. furiously unusual instructions sleep furiously ironic packages. slyly 
922,frosted dodger cyan medium indian,LARGE BURNISHED BRASS,SM CASE,15558,TRUCK,TAKE BACK RETURN,32.00,58333.44,0.02,1997-10-07,2-HIGH,320354.98,Customer#000000040,BUILDING,1335.30,CANADA,AMERICA,23,UNITED KINGDOM,3,"carefully pending courts sleep above the ironic, regular theo"
922,frosted dodger cyan medium indian,LARGE BURNISHED BRASS,SM CASE,15558,TRUCK,TAKE BACK RETURN,32.00,58333.44,0.02,1997-10-07,2-HIGH,320354.98,Customer#000000040,BUILDING,1335.30,CANADA,AMERICA,24,UNITED STATES,1,ly ironic requests along the slyly bold ideas hang after the blithely special notornis; blithely even accounts
932,cornflower sky powder cyan linen,SMALL ANODIZED COPPER,LG BOX,5600,MAIL,TAKE BACK RETURN,34.00,62319.62,0.02,1997-02-08,4-NOT SPECIFIED,79054.82,Customer#000000472,MACHINERY,7929.90,JAPAN,ASIA,0,ALGERIA,0,furiously regular requests. platelets affix furious
932,cornflower sky powder cyan linen,SMALL ANODIZED COPPER,LG BOX,5600,MAIL,TAKE BACK RETURN,34.00,62319.62,0.02,1997-02-08,4-NOT SPECIFIED,79054.82,Customer#000000472,MACHINERY,7929.90,JAPAN,ASIA,1,ARGENTINA,1,"instructions wake quickly. final deposits haggle. final, silent theodolites "
932,cornflower sky powder cyan linen,SMALL ANODIZED COPPER,LG BOX,5600,MAIL,TAKE BACK RETURN,34.00,62319.62,0.02,1997-02-08,4-NOT SPECIFIED,79054.82,Customer#000000472,MACHINERY,7929.90,JAPAN,ASIA,2,BRAZIL,1,asymptotes use fluffily quickly bold instructions. slyly bold dependencies sleep carefully pending accounts
932,cornflower sky powder cyan linen,SMALL ANODIZED COPPER,LG BOX,5600,MAIL,TAKE BACK RETURN,34.00,62319.62,0.02,1997-02-08,4-NOT SPECIFIED,79054.82,Customer#000000472,MACHINERY,7929.90,JAPAN,ASIA,3,CANADA,1,ss deposits wake across the pending foxes. packages after the carefully bold requests integrate caref
932,cornflower sky powder cyan linen,SMALL ANODIZED COPPER,LG BOX,5600,MAIL,TAKE BACK RETURN,34.00,62319.62,0.02,1997-02-08,4-NOT SPECIFIED,79054.82,Customer#000000472,MACHINERY,7929.90,JAPAN,ASIA,4,EGYPT,4,"usly ironic, pending foxes. even, special instructions nag. sly, final foxes detect slyly fluffily "
932,cornflower sky powder cyan linen,SMALL ANODIZED COPPER,LG BOX,5600,MAIL,TAKE BACK RETURN,34.00,62319.62,0.02,1997-02-08,4-NOT SPECIFIED,79054.82,Customer#000000472,MACHINERY,7929.90,JAPAN,ASIA,5,ETHIOPIA,0,regular requests sleep carefull
932,cornflower sky powder cyan linen,SMALL ANODIZED COPPER,LG BOX,5600,MAIL,TAKE BACK RETURN,34.00,62319.62,0.02,1997-02-08,4-NOT SPECIFIED,79054.82,Customer#000000472,MACHINERY,7929.90,JAPAN,ASIA,6,FRANCE,3,oggedly. regular packages solve across
932,cornflower sky powder cyan linen,SMALL ANODIZED COPPER,LG BOX,5600,MAIL,TAKE BACK RETURN,34.00,62319.62,0.02,1997-02-08,4-NOT SPECIFIED,79054.82,Customer#000000472,MACHINERY,7929.90,JAPAN,ASIA,7,GERMANY,3,ong the regular requests: blithely silent pinto beans hagg
932,cornflower sky powder cyan linen,SMALL ANODIZED COPPER,LG BOX,5600,MAIL,TAKE BACK RETURN,34.00,62319.62,0.02,1997-02-08,4-NOT SPECIFIED,79054.82,Customer#000000472,MACHINERY,7929.90,JAPAN,ASIA,8,INDIA,2,uriously unusual deposits about the slyly final pinto beans could
932,cornflower sky powder cyan linen,SMALL ANODIZED COPPER,LG BOX,5600,MAIL,TAKE BACK RETURN,34.00,62319.62,0.02,1997-02-08,4-NOT SPECIFIED,79054.82,Customer#000000472,MACHINERY,7929.90,JAPAN,ASIA,9,INDONESIA,2,"d deposits sleep quickly according to the dogged, regular dolphins. special excuses haggle furiously special reque"
932,cornflower sky powder cyan linen,SMALL ANODIZED COPPER,LG BOX,5600,MAIL,TAKE BACK RETURN,34.00,62319.62,0.02,1997-02-08,4-NOT SPECIFIED,79054.82,Customer#000000472,MACHINERY,7929.90,JAPAN,ASIA,10,IRAN,4,furiously idle platelets nag. express asymptotes s
932,cornflower sky powder cyan linen,SMALL ANODIZED COPPER,LG BOX,5600,MAIL,TAKE BACK RETURN,34.00,62319.62,0.02,1997-02-08,4-NOT SPECIFIED,79054.82,Customer#000000472,MACHINERY,7929.90,JAPAN,ASIA,11,IRAQ,4,pendencies; slyly express foxes integrate carefully across the reg
932,cornflower sky powder cyan linen,SMALL ANODIZED COPPER,LG BOX,5600,MAIL,TAKE BACK RETURN,34.00,62319.62,0.02,1997-02-08,4-NOT SPECIFIED,79054.82,Customer#000000472,MACHINERY,7929.90,JAPAN,ASIA,12,JAPAN,2, quickly final packages. furiously i
932,cornflower sky powder cyan linen,SMALL ANODIZED COPPER,LG BOX,5600,MAIL,TAKE BACK RETURN,34.00,62319.62,0.02,1997-02-08,4-NOT SPECIFIED,79054.82,Customer#000000472,MACHINERY,7929.90,JAPAN,ASIA,13,JORDAN,4,the slyly regular ideas. silent Tiresias affix slyly fu
932,cornflower sky powder cyan linen,SMALL ANODIZED COPPER,LG BOX,5600,MAIL,TAKE BACK RETURN,34.00,62319.62,0.02,1997-02-08,4-NOT SPECIFIED,79054.82,Customer#000000472,MACHINERY,7929.90,JAPAN,ASIA,14,KENYA,0,lyly special foxes. slyly regular deposits sleep carefully. carefully permanent accounts slee
932,cornflower sky powder cyan linen,SMALL ANODIZED COPPER,LG BOX,5600,MAIL,TAKE BACK RETURN,34.00,62319.62,0.02,1997-02-08,4-NOT SPECIFIED,79054.82,Customer#000000472,MACHINERY,7929.90,JAPAN,ASIA,15,MOROCCO,0,ct blithely: blithely express accounts nag carefully. silent packages haggle carefully abo
932,cornflower sky powder cyan linen,SMALL ANODIZED COPPER,LG BOX,5600,MAIL,TAKE BACK RETURN,34.00,62319.62,0.02,1997-02-08,4-NOT SPECIFIED,79054.82,Customer#000000472,MACHINERY,7929.90,JAPAN,ASIA,16,MOZAMBIQUE,0, beans after the carefully regular accounts r
932,cornflower sky powder cyan linen,SMALL ANODIZED COPPER,LG BOX,5600,MAIL,TAKE BACK RETURN,34.00,62319.62,0.02,1997-02-08,4-NOT SPECIFIED,79054.82,Customer#000000472,MACHINERY,7929.90,JAPAN,ASIA,17,PERU,1,ly final foxes. blithely ironic accounts haggle. regular foxes about the regular deposits are furiously ir
932,cornflower sky powder cyan linen,SMALL ANODIZED COPPER,LG BOX,5600,MAIL,TAKE BACK RETURN,34.00,62319.62,0.02,1997-02-08,4-NOT SPECIFIED,79054.82,Customer#000000472,MACHINERY,7929.90,JAPAN,ASIA,18,CHINA,2,"ckly special packages cajole slyly. unusual, unusual theodolites mold furiously. slyly sile"
932,cornflower sky powder cyan linen,SMALL ANODIZED COPPER,LG BOX,5600,MAIL,TAKE BACK RETURN,34.00,62319.62,0.02,1997-02-08,4-NOT SPECIFIED,79054.82,Customer#000000472,MACHINERY,7929.90,JAPAN,ASIA,19,ROMANIA,3,"sly blithe requests. thinly bold deposits above the blithely regular accounts nag special, final requests. care"
932,cornflower sky powder cyan linen,SMALL ANODIZED COPPER,LG BOX,5600,MAIL,TAKE BACK RETURN,34.00,62319.62,0.02,1997-02-08,4-NOT SPECIFIED,79054.82,Customer#000000472,MACHINERY,7929.90,JAPAN,ASIA,20,SAUDI ARABIA,4,se slyly across the blithely regular deposits. deposits use carefully regular 
932,cornflower sky powder cyan linen,SMALL ANODIZED COPPER,LG BOX,5600,MAIL,TAKE BACK RETURN,34.00,62319.62,0.02,1997-02-08,4-NOT SPECIFIED,79054.82,Customer#000000472,MACHINERY,7929.90,JAPAN,ASIA,21,VIETNAM,2,lly across the quickly even pinto beans. caref
932,cornflower sky powder cyan linen,SMALL ANODIZED COPPER,LG BOX,5600,MAIL,TAKE BACK RETURN,34.00,62319.62,0.02,1997-02-08,4-NOT SPECIFIED,79054.82,Customer#000000472,MACHINERY,7929.90,JAPAN,ASIA,22,RUSSIA,3,uctions. furiously unusual instructions sleep furiously ironic packages. slyly 
932,cornflower sky powder cyan linen,SMALL ANODIZED COPPER,LG BOX,5600,MAIL,TAKE BACK RETURN,34.00,62319.62,0.02,1997-02-08,4-NOT SPECIFIED,79054.82,Customer#000000472,MACHINERY,7929.90,JAPAN,ASIA,23,UNITED KINGDOM,3,"carefully pending courts sleep above the ironic, regular theo"
932,cornflower sky powder cyan linen,SMALL ANODIZED COPPER,LG BOX,5600,MAIL,TAKE BACK RETURN,34.00,62319.62,0.02,1997-02-08,4-NOT SPECIFIED,79054.82,Customer#000000472,MACHINERY,7929.90,JAPAN,ASIA,24,UNITED STATES,1,ly ironic requests along the slyly bold ideas hang after the blithely special notornis; blithely even accounts
932,cornflower sky powder cyan linen,SMALL ANODIZED COPPER,LG BOX,18564,AIR,TAKE BACK RETURN,39.00,71484.27,0.01,1996-03-18,2-HIGH,173754.81,Customer#000000112,FURNITURE,2953.35,ROMANIA,EUROPE,0,ALGERIA,0,furiously regular requests. platelets affix furious
932,cornflower sky powder cyan linen,SMALL ANODIZED COPPER,LG BOX,18564,AIR,TAKE BACK RETURN,39.00,71484.27,0.01,1996-03-18,2-HIGH,173754.81,Customer#000000112,FURNITURE,2953.35,ROMANIA,EUROPE,1,ARGENTINA,1,"instructions wake quickly. final deposits haggle. final, silent theodolites "
932,cornflower sky powder cyan linen,SMALL ANODIZED COPPER,LG BOX,18564,AIR,TAKE BACK RETURN,39.00,71484.27,0.01,1996-03-18,2-HIGH,173754.81,Customer#000000112,FURNITURE,2953.35,ROMANIA,EUROPE,2,BRAZIL,1,asymptotes use fluffily quickly bold instructions. slyly bold dependencies sleep carefully pending accounts
932,cornflower sky powder cyan linen,SMALL ANODIZED COPPER,LG BOX,18564,AIR,TAKE BACK RETURN,39.00,71484.27,0.01,1996-03-18,2-HIGH,173754.81,Customer#000000112,FURNITURE,2953.35,ROMANIA,EUROPE,3,CANADA,1,ss deposits wake across the pending foxes. packages after the carefully bold requests integrate caref
932,cornflower sky powder cyan linen,SMALL ANODIZED COPPER,LG BOX,18564,AIR,TAKE BACK RETURN,39.00,71484.27,0.01,1996-03-18,2-HIGH,173754.81,Customer#000000112,FURNITURE,2953.35,ROMANIA,EUROPE,4,EGYPT,4,"usly ironic, pending foxes. even, special instructions nag. sly, final foxes detect slyly fluffily "
932,cornflower sky powder cyan linen,SMALL ANODIZED COPPER,LG BOX,18564,AIR,TAKE BACK RETURN,39.00,71484.27,0.01,1996-03-18,2-HIGH,173754.81,Customer#000000112,FURNITURE,2953.35,ROMANIA,EUROPE,5,ETHIOPIA,0,regular requests sleep carefull
932,cornflower sky powder cyan linen,SMALL ANODIZED COPPER,LG BOX,18564,AIR,TAKE BACK RETURN,39.00,71484.27,0.01,1996-03-18,2-HIGH,173754.81,Customer#000000112,FURNITURE,2953.35,ROMANIA,EUROPE,6,FRANCE,3,oggedly. regular packages solve across
932,cornflower sky powder cyan linen,SMALL ANODIZED COPPER,LG BOX,18564,AIR,TAKE BACK RETURN,39.00,71484.27,0.01,1996-03-18,2-HIGH,173754.81,Customer#000000112,FURNITURE,2953.35,ROMANIA,EUROPE,7,GERMANY,3,ong the regular requests: blithely silent pinto beans hagg
932,cornflower sky powder cyan linen,SMALL ANODIZED COPPER,LG BOX,18564,AIR,TAKE BACK RETURN,39.00,71484.27,0.01,1996-03-18,2-HIGH,173754.81,Customer#000000112,FURNITURE,2953.35,ROMANIA,EUROPE,8,INDIA,2,uriously unusual deposits about the slyly final pinto beans could
932,cornflower sky powder cyan linen,SMALL ANODIZED COPPER,LG BOX,18564,AIR,TAKE BACK RETURN,39.00,71484.27,0.01,1996-03-18,2-HIGH,173754.81,Customer#000000112,FURNITURE,2953.35,ROMANIA,EUROPE,9,INDONESIA,2,"d deposits sleep quickly according to the dogged, regular dolphins. special excuses haggle furiously special reque"
932,cornflower sky powder cyan linen,SMALL ANODIZED COPPER,LG BOX,18564,AIR,TAKE BACK RETURN,39.00,71484.27,0.01,1996-03-18,2-HIGH,173754.81,Customer#000000112,FURNITURE,2953.35,ROMANIA,EUROPE,10,IRAN,4,furiously idle platelets nag. express asymptotes s
932,cornflower sky powder cyan linen,SMALL ANODIZED COPPER,LG BOX,18564,AIR,TAKE BACK RETURN,39.00,71484.27,0.01,1996-03-18,2-HIGH,173754.81,Customer#000000112,FURNITURE,2953.35,ROMANIA,EUROPE,11,IRAQ,4,pendencies; slyly express foxes integrate carefully across the reg
932,cornflower sky powder cyan linen,SMALL ANODIZED COPPER,LG BOX,18564,AIR,TAKE BACK RETURN,39.00,71484.27,0.01,1996-03-18,2-HIGH,173754.81,Customer#000000112,FURNITURE,2953.35,ROMANIA,EUROPE,12,JAPAN,2, quickly final packages. furiously i
932,cornflower sky powder cyan linen,SMALL ANODIZED COPPER,LG BOX,18564,AIR,TAKE BACK RETURN,39.00,71484.27,0.01,1996-03-18,2-HIGH,173754.81,Customer#000000112,FURNITURE,2953.35,ROMANIA,EUROPE,13,JORDAN,4,the slyly regular ideas. silent Tiresias affix slyly fu
932,cornflower sky powder cyan linen,SMALL ANODIZED COPPER,LG BOX,18564,AIR,TAKE BACK RETURN,39.00,71484.27,0.01,1996-03-18,2-HIGH,173754.81,Customer#000000112,FURNITURE,2953.35,ROMANIA,EUROPE,14,KENYA,0,lyly special foxes. slyly regular deposits sleep carefully. carefully permanent accounts slee
932,cornflower sky powder cyan linen,SMALL ANODIZED COPPER,LG BOX,18564,AIR,TAKE BACK RETURN,39.00,71484.27,0.01,1996-03-18,2-HIGH,173754.81,Customer#000000112,FURNITURE,2953.35,ROMANIA,EUROPE,15,MOROCCO,0,ct blithely: blithely express accounts nag carefully. silent packages haggle carefully abo
932,cornflower sky powder cyan linen,SMALL ANODIZED COPPER,LG BOX,18564,AIR,TAKE BACK RETURN,39.00,71484.27,0.01,1996-03-18,2-HIGH,173754.81,Customer#000000112,FURNITURE,2953.35,ROMANIA,EUROPE,16,MOZAMBIQUE,0, beans after the carefully regular accounts r
932,cornflower sky powder cyan linen,SMALL ANODIZED COPPER,LG BOX,18564,AIR,TAKE BACK RETURN,39.00,71484.27,0.01,1996-03-18,2-HIGH,173754.81,Customer#000000112,FURNITURE,2953.35,ROMANIA,EUROPE,17,PERU,1,ly final foxes. blithely ironic accounts haggle. regular foxes about the regular deposits are furiously ir
932,cornflower sky powder cyan linen,SMALL ANODIZED COPPER,LG BOX,18564,AIR,TAKE BACK RETURN,39.00,71484.27,0.01,1996-03-18,2-HIGH,173754.81,Customer#000000112,FURNITURE,2953.35,ROMANIA,EUROPE,18,CHINA,2,"ckly special packages cajole slyly. unusual, unusual theodolites mold furiously. slyly sile"
932,cornflower sky powder cyan linen,SMALL ANODIZED COPPER,LG BOX,18564,AIR,TAKE BACK RETURN,39.00,71484.27,0.01,1996-03-18,2-HIGH,173754.81,Customer#000000112,FURNITURE,2953.35,ROMANIA,EUROPE,19,ROMANIA,3,"sly blithe requests. thinly bold deposits above the blithely regular accounts nag special, final requests. care"
932,cornflower sky powder cyan linen,SMALL ANODIZED COPPER,LG BOX,18564,AIR,TAKE BACK RETURN,39.00,71484.27,0.01,1996-03-18,2-HIGH,173754.81,Customer#000000112,FURNITURE,2953.35,ROMANIA,EUROPE,20,SAUDI ARABIA,4,se slyly across the blithely regular deposits. deposits use carefully regular 
932,cornflower sky powder cyan linen,SMALL ANODIZED COPPER,LG BOX,18564,AIR,TAKE BACK RETURN,39.00,71484.27,0.01,1996-03-18,2-HIGH,173754.81,Customer#000000112,FURNITURE,2953.35,ROMANIA,EUROPE,21,VIETNAM,2,lly across the quickly even pinto beans. caref
932,cornflower sky powder cyan linen,SMALL ANODIZED COPPER,LG BOX,18564,AIR,TAKE BACK RETURN,39.00,71484.27,0.01,1996-03-18,2-HIGH,173754.81,Customer#000000112,FURNITURE,2953.35,ROMANIA,EUROPE,22,RUSSIA,3,uctions. furiously unusual instructions sleep furiously ironic packages. slyly 
932,cornflower sky powder cyan linen,SMALL ANODIZED COPPER,LG BOX,18564,AIR,TAKE BACK RETURN,39.00,71484.27,0.01,1996-03-18,2-HIGH,173754.81,Customer#000000112,FURNITURE,2953.35,ROMANIA,EUROPE,23,UNITED KINGDOM,3,"carefully pending courts sleep above the ironic, regular theo"
932,cornflower sky powder cyan linen,SMALL ANODIZED COPPER,LG BOX,18564,AIR,TAKE BACK RETURN,39.00,71484.27,0.01,1996-03-18,2-HIGH,173754.81,Customer#000000112,FURNITURE,2953.35,ROMANIA,EUROPE,24,UNITED STATES,1,ly ironic requests along the slyly bold ideas hang after the blithely special notornis; blithely even accounts
932,cornflower sky powder cyan linen,SMALL ANODIZED COPPER,LG BOX,25568,MAIL,TAKE BACK RETURN,26.00,47656.18,0.08,1996-10-31,1-URGENT,171287.92,Customer#000000514,BUILDING,5840.97,UNITED KINGDOM,EUROPE,0,ALGERIA,0,furiously regular requests. platelets affix furious
932,cornflower sky powder cyan linen,SMALL ANODIZED COPPER,LG BOX,25568,MAIL,TAKE BACK RETURN,26.00,47656.18,0.08,1996-10-31,1-URGENT,171287.92,Customer#000000514,BUILDING,5840.97,UNITED KINGDOM,EUROPE,1,ARGENTINA,1,"instructions wake quickly. final deposits haggle. final, silent theodolites "
932,cornflower sky powder cyan linen,SMALL ANODIZED COPPER,LG BOX,25568,MAIL,TAKE BACK RETURN,26.00,47656.18,0.08,1996-10-31,1-URGENT,171287.92,Customer#000000514,BUILDING,5840.97,UNITED KINGDOM,EUROPE,2,BRAZIL,1,asymptotes use fluffily quickly bold instructions. slyly bold dependencies sleep carefully pending accounts
932,cornflower sky powder cyan linen,SMALL ANODIZED COPPER,LG BOX,25568,MAIL,TAKE BACK RETURN,26.00,47656.18,0.08,1996-10-31,1-URGENT,171287.92,Customer#000000514,BUILDING,5840.97,UNITED KINGDOM,EUROPE,3,CANADA,1,ss deposits wake across the pending foxes. packages after the carefully bold requests integrate caref
932,cornflower sky powder cyan linen,SMALL ANODIZED COPPER,LG BOX,25568,MAIL,TAKE BACK RETURN,26.00,47656.18,0.08,1996-10-31,1-URGENT,171287.92,Customer#000000514,BUILDING,5840.97,UNITED KINGDOM,EUROPE,4,EGYPT,4,"usly ironic, pending foxes. even, special instructions nag. sly, final foxes detect slyly fluffily "
932,cornflower sky powder cyan linen,SMALL ANODIZED COPPER,LG BOX,25568,MAIL,TAKE BACK RETURN,26.00,47656.18,0.08,1996-10-31,1-URGENT,171287.92,Customer#000000514,BUILDING,5840.97,UNITED KINGDOM,EUROPE,5,ETHIOPIA,0,regular requests sleep carefull
932,cornflower sky powder cyan linen,SMALL ANODIZED COPPER,LG BOX,25568,MAIL,TAKE BACK RETURN,26.00,47656.18,0.08,1996-10-31,1-URGENT,171287.92,Customer#000000514,BUILDING,5840.97,UNITED KINGDOM,EUROPE,6,FRANCE,3,oggedly. regular packages solve across
932,cornflower sky powder cyan linen,SMALL ANODIZED COPPER,LG BOX,25568,MAIL,TAKE BACK RETURN,26.00,47656.18,0.08,1996-10-31,1-URGENT,171287.92,Customer#000000514,BUILDING,5840.97,UNITED KINGDOM,EUROPE,7,GERMANY,3,ong the regular requests: blithely silent pinto beans hagg
932,cornflower sky powder cyan linen,SMALL ANODIZED COPPER,LG BOX,25568,MAIL,TAKE BACK RETURN,26.00,47656.18,0.08,1996-10-31,1-URGENT,171287.92,Customer#000000514,BUILDING,5840.97,UNITED KINGDOM,EUROPE,8,INDIA,2,uriously unusual deposits about the slyly final pinto beans could
932,cornflower sky powder cyan linen,SMALL ANODIZED COPPER,LG BOX,25568,MAIL,TAKE BACK RETURN,26.00,47656.18,0.08,1996-10-31,1-URGENT,171287.92,Customer#000000514,BUILDING,5840.97,UNITED KINGDOM,EUROPE,9,INDONESIA,2,"d deposits sleep quickly according to the dogged, regular dolphins. special excuses haggle furiously special reque"
932,cornflower sky powder cyan linen,SMALL ANODIZED COPPER,LG BOX,25568,MAIL,TAKE BACK RETURN,26.00,47656.18,0.08,1996-10-31,1-URGENT,171287.92,Customer#000000514,BUILDING,5840.97,UNITED KINGDOM,EUROPE,10,IRAN,4,furiously idle platelets nag. express asymptotes s
932,cornflower sky powder cyan linen,SMALL ANODIZED COPPER,LG BOX,25568,MAIL,TAKE BACK RETURN,26.00,47656.18,0.08,1996-10-31,1-URGENT,171287.92,Customer#000000514,BUILDING,5840.97,UNITED KINGDOM,EUROPE,11,IRAQ,4,pendencies; slyly express foxes integrate carefully across the reg
932,cornflower sky powder cyan linen,SMALL ANODIZED COPPER,LG BOX,25568,MAIL,TAKE BACK RETURN,26.00,47656.18,0.08,1996-10-31,1-URGENT,171287.92,Customer#000000514,BUILDING,5840.97,UNITED KINGDOM,EUROPE,12,JAPAN,2, quickly final packages. furiously i
932,cornflower sky powder cyan linen,SMALL ANODIZED COPPER,LG BOX,25568,MAIL,TAKE BACK RETURN,26.00,47656.18,0.08,1996-10-31,1-URGENT,171287.92,Customer#000000514,BUILDING,5840.97,UNITED KINGDOM,EUROPE,13,JORDAN,4,the slyly regular ideas. silent Tiresias affix slyly fu
932,cornflower sky powder cyan linen,SMALL ANODIZED COPPER,LG BOX,25568,MAIL,TAKE BACK RETURN,26.00,47656.18,0.08,1996-10-31,1-URGENT,171287.92,Customer#000000514,BUILDING,5840.97,UNITED KINGDOM,EUROPE,14,KENYA,0,lyly special foxes. slyly regular deposits sleep carefully. carefully permanent accounts slee
932,cornflower sky powder cyan linen,SMALL ANODIZED COPPER,LG BOX,25568,MAIL,TAKE BACK RETURN,26.00,47656.18,0.08,1996-10-31,1-URGENT,171287.92,Customer#000000514,BUILDING,5840.97,UNITED KINGDOM,EUROPE,15,MOROCCO,0,ct blithely: blithely express accounts nag carefully. silent packages haggle carefully abo
932,cornflower sky powder cyan linen,SMALL ANODIZED COPPER,LG BOX,25568,MAIL,TAKE BACK RETURN,26.00,47656.18,0.08,1996-10-31,1-URGENT,171287.92,Customer#000000514,BUILDING,5840.97,UNITED KINGDOM,EUROPE,16,MOZAMBIQUE,0, beans after the carefully regular accounts r
932,cornflower sky powder cyan linen,SMALL ANODIZED COPPER,LG BOX,25568,MAIL,TAKE BACK RETURN,26.00,47656.18,0.08,1996-10-31,1-URGENT,171287.92,Customer#000000514,BUILDING,5840.97,UNITED KINGDOM,EUROPE,17,PERU,1,ly final foxes. blithely ironic accounts haggle. regular foxes about the regular deposits are furiously ir
932,cornflower sky powder cyan linen,SMALL ANODIZED COPPER,LG BOX,25568,MAIL,TAKE BACK RETURN,26.00,47656.18,0.08,1996-10-31,1-URGENT,171287.92,Customer#000000514,BUILDING,5840.97,UNITED KINGDOM,EUROPE,18,CHINA,2,"ckly special packages cajole slyly. unusual, unusual theodolites mold furiously. slyly sile"
932,cornflower sky powder cyan linen,SMALL ANODIZED COPPER,LG BOX,25568,MAIL,TAKE BACK RETURN,26.00,47656.18,0.08,1996-10-31,1-URGENT,171287.92,Customer#000000514,BUILDING,5840.97,UNITED KINGDOM,EUROPE,19,ROMANIA,3,"sly blithe requests. thinly bold deposits above the blithely regular accounts nag special, final requests. care"
932,cornflower sky powder cyan linen,SMALL ANODIZED COPPER,LG BOX,25568,MAIL,TAKE BACK RETURN,26.00,47656.18,0.08,1996-10-31,1-URGENT,171287.92,Customer#000000514,BUILDING,5840.97,UNITED KINGDOM,EUROPE,20,SAUDI ARABIA,4,se slyly across the blithely regular deposits. deposits use carefully regular 
932,cornflower sky powder cyan linen,SMALL ANODIZED COPPER,LG BOX,25568,MAIL,TAKE BACK RETURN,26.00,47656.18,0.08,1996-10-31,1-URGENT,171287.92,Customer#000000514,BUILDING,5840.97,UNITED KINGDOM,EUROPE,21,VIETNAM,2,lly across the quickly even pinto beans. caref
932,cornflower sky powder cyan linen,SMALL ANODIZED COPPER,LG BOX,25568,MAIL,TAKE BACK RETURN,26.00,47656.18,0.08,1996-10-31,1-URGENT,171287.92,Customer#000000514,BUILDING,5840.97,UNITED KINGDOM,EUROPE,22,RUSSIA,3,uctions. furiously unusual instructions sleep furiously ironic packages. slyly 
932,cornflower sky powder cyan linen,SMALL ANODIZED COPPER,LG BOX,25568,MAIL,TAKE BACK RETURN,26.00,47656.18,0.08,1996-10-31,1-URGENT,171287.92,Customer#000000514,BUILDING,5840.97,UNITED KINGDOM,EUROPE,23,UNITED KINGDOM,3,"carefully pending courts sleep above the ironic, regular theo"
932,cornflower sky powder cyan linen,SMALL ANODIZED COPPER,LG BOX,25568,MAIL,TAKE BACK RETURN,26.00,47656.18,0.08,1996-10-31,1-URGENT,171287.92,Customer#000000514,BUILDING,5840.97,UNITED KINGDOM,EUROPE,24,UNITED STATES,1,ly ironic requests along the slyly bold ideas hang after the blithely special notornis; blithely even accounts
946,medium drab rosy spring salmon,MEDIUM PLATED TIN,LG BOX,4481,AIR,TAKE BACK RETURN,27.00,49867.38,0.02,1996-03-30,5-LOW,103321.16,Customer#000000734,AUTOMOBILE,9750.71,CHINA,ASIA,0,ALGERIA,0,furiously regular requests. platelets affix furious
946,medium drab rosy spring salmon,MEDIUM PLATED TIN,LG BOX,4481,AIR,TAKE BACK RETURN,27.00,49867.38,0.02,1996-03-30,5-LOW,103321.16,Customer#000000734,AUTOMOBILE,9750.71,CHINA,ASIA,1,ARGENTINA,1,"instructions wake quickly. final deposits haggle. final, silent theodolites "
946,medium drab rosy spring salmon,MEDIUM PLATED TIN,LG BOX,4481,AIR,TAKE BACK RETURN,27.00,49867.38,0.02,1996-03-30,5-LOW,103321.16,Customer#000000734,AUTOMOBILE,9750.71,CHINA,ASIA,2,BRAZIL,1,asymptotes use fluffily quickly bold instructions. slyly bold dependencies sleep carefully pending accounts
946,medium drab rosy spring salmon,MEDIUM PLATED TIN,LG BOX,4481,AIR,TAKE BACK RETURN,27.00,49867.38,0.02,1996-03-30,5-LOW,103321.16,Customer#000000734,AUTOMOBILE,9750.71,CHINA,ASIA,3,CANADA,1,ss deposits wake across the pending foxes. packages after the carefully bold requests integrate caref
946,medium drab rosy spring salmon,MEDIUM PLATED TIN,LG BOX,4481,AIR,TAKE BACK RETURN,27.00,49867.38,0.02,1996-03-30,5-LOW,103321.16,Customer#000000734,AUTOMOBILE,9750.71,CHINA,ASIA,4,EGYPT,4,"usly ironic, pending foxes. even, special instructions nag. sly, final foxes detect slyly fluffily "
946,medium drab rosy spring salmon,MEDIUM PLATED TIN,LG BOX,4481,AIR,TAKE BACK RETURN,27.00,49867.38,0.02,1996-03-30,5-LOW,103321.16,Customer#000000734,AUTOMOBILE,9750.71,CHINA,ASIA,5,ETHIOPIA,0,regular requests sleep carefull
946,medium drab rosy spring salmon,MEDIUM PLATED TIN,LG BOX,4481,AIR,TAKE BACK RETURN,27.00,49867.38,0.02,1996-03-30,5-LOW,103321.16,Customer#000000734,AUTOMOBILE,9750.71,CHINA,ASIA,6,FRANCE,3,oggedly. regular packages solve across
946,medium drab rosy spring salmon,MEDIUM PLATED TIN,LG BOX,4481,AIR,TAKE BACK RETURN,27.00,49867.38,0.02,1996-03-30,5-LOW,103321.16,Customer#000000734,AUTOMOBILE,9750.71,CHINA,ASIA,7,GERMANY,3,ong the regular requests: blithely silent pinto beans hagg
946,medium drab rosy spring salmon,MEDIUM PLATED TIN,LG BOX,4481,AIR,TAKE BACK RETURN,27.00,49867.38,0.02,1996-03-30,5-LOW,103321.16,Customer#000000734,AUTOMOBILE,9750.71,CHINA,ASIA,8,INDIA,2,uriously unusual deposits about the slyly final pinto beans could
946,medium drab rosy spring salmon,MEDIUM PLATED TIN,LG BOX,4481,AIR,TAKE BACK RETURN,27.00,49867.38,0.02,1996-03-30,5-LOW,103321.16,Customer#000000734,AUTOMOBILE,9750.71,CHINA,ASIA,9,INDONESIA,2,"d deposits sleep quickly according to the dogged, regular dolphins. special excuses haggle furiously special reque"
946,medium drab rosy spring salmon,MEDIUM PLATED TIN,LG BOX,4481,AIR,TAKE BACK RETURN,27.00,49867.38,0.02,1996-03-30,5-LOW,103321.16,Customer#000000734,AUTOMOBILE,9750.71,CHINA,ASIA,10,IRAN,4,furiously idle platelets nag. express asymptotes s
946,medium drab rosy spring salmon,MEDIUM PLATED TIN,LG BOX,4481,AIR,TAKE BACK RETURN,27.00,49867.38,0.02,1996-03-30,5-LOW,103321.16,Customer#000000734,AUTOMOBILE,9750.71,CHINA,ASIA,11,IRAQ,4,pendencies; slyly express foxes integrate carefully across the reg
946,medium drab rosy spring salmon,MEDIUM PLATED TIN,LG BOX,4481,AIR,TAKE BACK RETURN,27.00,49867.38,0.02,1996-03-30,5-LOW,103321.16,Customer#000000734,AUTOMOBILE,9750.71,CHINA,ASIA,12,JAPAN,2, quickly final packages. furiously i
946,medium drab rosy spring salmon,MEDIUM PLATED TIN,LG BOX,4481,AIR,TAKE BACK RETURN,27.00,49867.38,0.02,1996-03-30,5-LOW,103321.16,Customer#000000734,AUTOMOBILE,9750.71,CHINA,ASIA,13,JORDAN,4,the slyly regular ideas. silent Tiresias affix slyly fu
946,medium drab rosy spring salmon,MEDIUM PLATED TIN,LG BOX,4481,AIR,TAKE BACK RETURN,27.00,49867.38,0.02,1996-03-30,5-LOW,103321.16,Customer#000000734,AUTOMOBILE,9750.71,CHINA,ASIA,14,KENYA,0,lyly special foxes. slyly regular deposits sleep carefully. carefully permanent accounts slee
946,medium drab rosy spring salmon,MEDIUM PLATED TIN,LG BOX,4481,AIR,TAKE BACK RETURN,27.00,49867.38,0.02,1996-03-30,5-LOW,103321.16,Customer#000000734,AUTOMOBILE,9750.71,CHINA,ASIA,15,MOROCCO,0,ct blithely: blithely express accounts nag carefully. silent packages haggle carefully abo
946,medium drab rosy spring salmon,MEDIUM PLATED TIN,LG BOX,4481,AIR,TAKE BACK RETURN,27.00,49867.38,0.02,1996-03-30,5-LOW,103321.16,Customer#000000734,AUTOMOBILE,9750.71,CHINA,ASIA,16,MOZAMBIQUE,0, beans after the carefully regular accounts r
946,medium drab rosy spring salmon,MEDIUM PLATED TIN,LG BOX,4481,AIR,TAKE BACK RETURN,27.00,49867.38,0.02,1996-03-30,5-LOW,103321.16,Customer#000000734,AUTOMOBILE,9750.71,CHINA,ASIA,17,PERU,1,ly final foxes. blithely ironic accounts haggle. regular foxes about the regular deposits are furiously ir
946,medium drab rosy spring salmon,MEDIUM PLATED TIN,LG BOX,4481,AIR,TAKE BACK RETURN,27.00,49867.38,0.02,1996-03-30,5-LOW,103321.16,Customer#000000734,AUTOMOBILE,9750.71,CHINA,ASIA,18,CHINA,2,"ckly special packages cajole slyly. unusual, unusual theodolites mold furiously. slyly sile"
946,medium drab rosy spring salmon,MEDIUM PLATED TIN,LG BOX,4481,AIR,TAKE BACK RETURN,27.00,49867.38,0.02,1996-03-30,5-LOW,103321.16,Customer#000000734,AUTOMOBILE,9750.71,CHINA,ASIA,19,ROMANIA,3,"sly blithe requests. thinly bold deposits above the blithely regular accounts nag special, final requests. care"
946,medium drab rosy spring salmon,MEDIUM PLATED TIN,LG BOX,4481,AIR,TAKE BACK RETURN,27.00,49867.38,0.02,1996-03-30,5-LOW,103321.16,Customer#000000734,AUTOMOBILE,9750.71,CHINA,ASIA,20,SAUDI ARABIA,4,se slyly across the blithely regular deposits. deposits use carefully regular 
946,medium drab rosy spring salmon,MEDIUM PLATED TIN,LG BOX,4481,AIR,TAKE BACK RETURN,27.00,49867.38,0.02,1996-03-30,5-LOW,103321.16,Customer#000000734,AUTOMOBILE,9750.71,CHINA,ASIA,21,VIETNAM,2,lly across the quickly even pinto beans. caref
946,medium drab rosy spring salmon,MEDIUM PLATED TIN,LG BOX,4481,AIR,TAKE BACK RETURN,27.00,49867.38,0.02,1996-03-30,5-LOW,103321.16,Customer#000000734,AUTOMOBILE,9750.71,CHINA,ASIA,22,RUSSIA,3,uctions. furiously unusual instructions sleep furiously ironic packages. slyly 
946,medium drab rosy spring salmon,MEDIUM PLATED TIN,LG BOX,4481,AIR,TAKE BACK RETURN,27.00,49867.38,0.02,1996-03-30,5-LOW,103321.16,Customer#000000734,AUTOMOBILE,9750.71,CHINA,ASIA,23,UNITED KINGDOM,3,"carefully pending courts sleep above the ironic, regular theo"
946,medium drab rosy spring salmon,MEDIUM PLATED TIN,LG BOX,4481,AIR,TAKE BACK RETURN,27.00,49867.38,0.02,1996-03-30,5-LOW,103321.16,Customer#000000734,AUTOMOBILE,9750.71,CHINA,ASIA,24,UNITED STATES,1,ly ironic requests along the slyly bold ideas hang after the blithely special notornis; blithely even accounts
958,turquoise sandy drab dodger cyan,LARGE PLATED NICKEL,LG BOX,22306,MAIL,DELIVER IN PERSON,13.00,24166.35,0.09,1996-08-16,4-NOT SPECIFIED,131060.76,Customer#000000229,BUILDING,7568.07,ARGENTINA,AMERICA,0,ALGERIA,0,furiously regular requests. platelets affix furious
958,turquoise sandy drab dodger cyan,LARGE PLATED NICKEL,LG BOX,22306,MAIL,DELIVER IN PERSON,13.00,24166.35,0.09,1996-08-16,4-NOT SPECIFIED,131060.76,Customer#000000229,BUILDING,7568.07,ARGENTINA,AMERICA,1,ARGENTINA,1,"instructions wake quickly. final deposits haggle. final, silent theodolites "
958,turquoise sandy drab dodger cyan,LARGE PLATED NICKEL,LG BOX,22306,MAIL,DELIVER IN PERSON,13.00,24166.35,0.09,1996-08-16,4-NOT SPECIFIED,131060.76,Customer#000000229,BUILDING,7568.07,ARGENTINA,AMERICA,2,BRAZIL,1,asymptotes use fluffily quickly bold instructions. slyly bold dependencies sleep carefully pending accounts
958,turquoise sandy drab dodger cyan,LARGE PLATED NICKEL,LG BOX,22306,MAIL,DELIVER IN PERSON,13.00,24166.35,0.09,1996-08-16,4-NOT SPECIFIED,131060.76,Customer#000000229,BUILDING,7568.07,ARGENTINA,AMERICA,3,CANADA,1,ss deposits wake across the pending foxes. packages after the carefully bold requests integrate caref
958,turquoise sandy drab dodger cyan,LARGE PLATED NICKEL,LG BOX,22306,MAIL,DELIVER IN PERSON,13.00,24166.35,0.09,1996-08-16,4-NOT SPECIFIED,131060.76,Customer#000000229,BUILDING,7568.07,ARGENTINA,AMERICA,4,EGYPT,4,"usly ironic, pending foxes. even, special instructions nag. sly, final foxes detect slyly fluffily "
958,turquoise sandy drab dodger cyan,LARGE PLATED NICKEL,LG BOX,22306,MAIL,DELIVER IN PERSON,13.00,24166.35,0.09,1996-08-16,4-NOT SPECIFIED,131060.76,Customer#000000229,BUILDING,7568.07,ARGENTINA,AMERICA,5,ETHIOPIA,0,regular requests sleep carefull
958,turquoise sandy drab dodger cyan,LARGE PLATED NICKEL,LG BOX,22306,MAIL,DELIVER IN PERSON,13.00,24166.35,0.09,1996-08-16,4-NOT SPECIFIED,131060.76,Customer#000000229,BUILDING,7568.07,ARGENTINA,AMERICA,6,FRANCE,3,oggedly. regular packages solve across
958,turquoise sandy drab dodger cyan,LARGE PLATED NICKEL,LG BOX,22306,MAIL,DELIVER IN PERSON,13.00,24166.35,0.09,1996-08-16,4-NOT SPECIFIED,131060.76,Customer#000000229,BUILDING,7568.07,ARGENTINA,AMERICA,7,GERMANY,3,ong the regular requests: blithely silent pinto beans hagg
958,turquoise sandy drab dodger cyan,LARGE PLATED NICKEL,LG BOX,22306,MAIL,DELIVER IN PERSON,13.00,24166.35,0.09,1996-08-16,4-NOT SPECIFIED,131060.76,Customer#000000229,BUILDING,7568.07,ARGENTINA,AMERICA,8,INDIA,2,uriously unusual deposits about the slyly final pinto beans could
958,turquoise sandy drab dodger cyan,LARGE PLATED NICKEL,LG BOX,22306,MAIL,DELIVER IN PERSON,13.00,24166.35,0.09,1996-08-16,4-NOT SPECIFIED,131060.76,Customer#000000229,BUILDING,7568.07,ARGENTINA,AMERICA,9,INDONESIA,2,"d deposits sleep quickly according to the dogged, regular dolphins. special excuses haggle furiously special reque"
958,turquoise sandy drab dodger cyan,LARGE PLATED NICKEL,LG BOX,22306,MAIL,DELIVER IN PERSON,13.00,24166.35,0.09,1996-08-16,4-NOT SPECIFIED,131060.76,Customer#000000229,BUILDING,7568.07,ARGENTINA,AMERICA,10,IRAN,4,furiously idle platelets nag. express asymptotes s
958,turquoise sandy drab dodger cyan,LARGE PLATED NICKEL,LG BOX,22306,MAIL,DELIVER IN PERSON,13.00,24166.35,0.09,1996-08-16,4-NOT SPECIFIED,131060.76,Customer#000000229,BUILDING,7568.07,ARGENTINA,AMERICA,11,IRAQ,4,pendencies; slyly express foxes integrate carefully across the reg
958,turquoise sandy drab dodger cyan,LARGE PLATED NICKEL,LG BOX,22306,MAIL,DELIVER IN PERSON,13.00,24166.35,0.09,1996-08-16,4-NOT SPECIFIED,131060.76,Customer#000000229,BUILDING,7568.07,ARGENTINA,AMERICA,12,JAPAN,2, quickly final packages. furiously i
958,turquoise sandy drab dodger cyan,LARGE PLATED NICKEL,LG BOX,22306,MAIL,DELIVER IN PERSON,13.00,24166.35,0.09,1996-08-16,4-NOT SPECIFIED,131060.76,Customer#000000229,BUILDING,7568.07,ARGENTINA,AMERICA,13,JORDAN,4,the slyly regular ideas. silent Tiresias affix slyly fu
958,turquoise sandy drab dodger cyan,LARGE PLATED NICKEL,LG BOX,22306,MAIL,DELIVER IN PERSON,13.00,24166.35,0.09,1996-08-16,4-NOT SPECIFIED,131060.76,Customer#000000229,BUILDING,7568.07,ARGENTINA,AMERICA,14,KENYA,0,lyly special foxes. slyly regular deposits sleep carefully. carefully permanent accounts slee
958,turquoise sandy drab dodger cyan,LARGE PLATED NICKEL,LG BOX,22306,MAIL,DELIVER IN PERSON,13.00,24166.35,0.09,1996-08-16,4-NOT SPECIFIED,131060.76,Customer#000000229,BUILDING,7568.07,ARGENTINA,AMERICA,15,MOROCCO,0,ct blithely: blithely express accounts nag carefully. silent packages haggle carefully abo
958,turquoise sandy drab dodger cyan,LARGE PLATED NICKEL,LG BOX,22306,MAIL,DELIVER IN PERSON,13.00,24166.35,0.09,1996-08-16,4-NOT SPECIFIED,131060.76,Customer#000000229,BUILDING,7568.07,ARGENTINA,AMERICA,16,MOZAMBIQUE,0, beans after the carefully regular accounts r
958,turquoise sandy drab dodger cyan,LARGE PLATED NICKEL,LG BOX,22306,MAIL,DELIVER IN PERSON,13.00,24166.35,0.09,1996-08-16,4-NOT SPECIFIED,131060.76,Customer#000000229,BUILDING,7568.07,ARGENTINA,AMERICA,17,PERU,1,ly final foxes. blithely ironic accounts haggle. regular foxes about the regular deposits are furiously ir
958,turquoise sandy drab dodger cyan,LARGE PLATED NICKEL,LG BOX,22306,MAIL,DELIVER IN PERSON,13.00,24166.35,0.09,1996-08-16,4-NOT SPECIFIED,131060.76,Customer#000000229,BUILDING,7568.07,ARGENTINA,AMERICA,18,CHINA,2,"ckly special packages cajole slyly. unusual, unusual theodolites mold furiously. slyly sile"
958,turquoise sandy drab dodger cyan,LARGE PLATED NICKEL,LG BOX,22306,MAIL,DELIVER IN PERSON,13.00,24166.35,0.09,1996-08-16,4-NOT SPECIFIED,131060.76,Customer#000000229,BUILDING,7568.07,ARGENTINA,AMERICA,19,ROMANIA,3,"sly blithe requests. thinly bold deposits above the blithely regular accounts nag special, final requests. care"
958,turquoise sandy drab dodger cyan,LARGE PLATED NICKEL,LG BOX,22306,MAIL,DELIVER IN PERSON,13.00,24166.35,0.09,1996-08-16,4-NOT SPECIFIED,131060.76,Customer#000000229,BUILDING,7568.07,ARGENTINA,AMERICA,20,SAUDI ARABIA,4,se slyly across the blithely regular deposits. deposits use carefully regular 
958,turquoise sandy drab dodger cyan,LARGE PLATED NICKEL,LG BOX,22306,MAIL,DELIVER IN PERSON,13.00,24166.35,0.09,1996-08-16,4-NOT SPECIFIED,131060.76,Customer#000000229,BUILDING,7568.07,ARGENTINA,AMERICA,21,VIETNAM,2,lly across the quickly even pinto beans. caref
958,turquoise sandy drab dodger cyan,LARGE PLATED NICKEL,LG BOX,22306,MAIL,DELIVER IN PERSON,13.00,24166.35,0.09,1996-08-16,4-NOT SPECIFIED,131060.76,Customer#000000229,BUILDING,7568.07,ARGENTINA,AMERICA,22,RUSSIA,3,uctions. furiously unusual instructions sleep furiously ironic packages. slyly 
958,turquoise sandy drab dodger cyan,LARGE PLATED NICKEL,LG BOX,22306,MAIL,DELIVER IN PERSON,13.00,24166.35,0.09,1996-08-16,4-NOT SPECIFIED,131060.76,Customer#000000229,BUILDING,7568.07,ARGENTINA,AMERICA,23,UNITED KINGDOM,3,"carefully pending courts sleep above the ironic, regular theo"
958,turquoise sandy drab dodger cyan,LARGE PLATED NICKEL,LG BOX,22306,MAIL,DELIVER IN PERSON,13.00,24166.35,0.09,1996-08-16,4-NOT SPECIFIED,131060.76,Customer#000000229,BUILDING,7568.07,ARGENTINA,AMERICA,24,UNITED STATES,1,ly ironic requests along the slyly bold ideas hang after the blithely special notornis; blithely even accounts
991,indian yellow red lime seashell,MEDIUM POLISHED BRASS,SM CASE,7463,AIR,DELIVER IN PERSON,15.00,28379.85,0.03,1997-08-10,3-MEDIUM,211903.70,Customer#000000139,MACHINERY,7897.78,INDONESIA,ASIA,0,ALGERIA,0,furiously regular requests. platelets affix furious
991,indian yellow red lime seashell,MEDIUM POLISHED BRASS,SM CASE,7463,AIR,DELIVER IN PERSON,15.00,28379.85,0.03,1997-08-10,3-MEDIUM,211903.70,Customer#000000139,MACHINERY,7897.78,INDONESIA,ASIA,1,ARGENTINA,1,"instructions wake quickly. final deposits haggle. final, silent theodolites "
991,indian yellow red lime seashell,MEDIUM POLISHED BRASS,SM CASE,7463,AIR,DELIVER IN PERSON,15.00,28379.85,0.03,1997-08-10,3-MEDIUM,211903.70,Customer#000000139,MACHINERY,7897.78,INDONESIA,ASIA,2,BRAZIL,1,asymptotes use fluffily quickly bold instructions. slyly bold dependencies sleep carefully pending accounts
991,indian yellow red lime seashell,MEDIUM POLISHED BRASS,SM CASE,7463,AIR,DELIVER IN PERSON,15.00,28379.85,0.03,1997-08-10,3-MEDIUM,211903.70,Customer#000000139,MACHINERY,7897.78,INDONESIA,ASIA,3,CANADA,1,ss deposits wake across the pending foxes. packages after the carefully bold requests integrate caref
991,indian yellow red lime seashell,MEDIUM POLISHED BRASS,SM CASE,7463,AIR,DELIVER IN PERSON,15.00,28379.85,0.03,1997-08-10,3-MEDIUM,211903.70,Customer#000000139,MACHINERY,7897.78,INDONESIA,ASIA,4,EGYPT,4,"usly ironic, pending foxes. even, special instructions nag. sly, final foxes detect slyly fluffily "
991,indian yellow red lime seashell,MEDIUM POLISHED BRASS,SM CASE,7463,AIR,DELIVER IN PERSON,15.00,28379.85,0.03,1997-08-10,3-MEDIUM,211903.70,Customer#000000139,MACHINERY,7897.78,INDONESIA,ASIA,5,ETHIOPIA,0,regular requests sleep carefull
991,indian yellow red lime seashell,MEDIUM POLISHED BRASS,SM CASE,7463,AIR,DELIVER IN PERSON,15.00,28379.85,0.03,1997-08-10,3-MEDIUM,211903.70,Customer#000000139,MACHINERY,7897.78,INDONESIA,ASIA,6,FRANCE,3,oggedly. regular packages solve across
991,indian yellow red lime seashell,MEDIUM POLISHED BRASS,SM CASE,7463,AIR,DELIVER IN PERSON,15.00,28379.85,0.03,1997-08-10,3-MEDIUM,211903.70,Customer#000000139,MACHINERY,7897.78,INDONESIA,ASIA,7,GERMANY,3,ong the regular requests: blithely silent pinto beans hagg
991,indian yellow red lime seashell,MEDIUM POLISHED BRASS,SM CASE,7463,AIR,DELIVER IN PERSON,15.00,28379.85,0.03,1997-08-10,3-MEDIUM,211903.70,Customer#000000139,MACHINERY,7897.78,INDONESIA,ASIA,8,INDIA,2,uriously unusual deposits about the slyly final pinto beans could
991,indian yellow red lime seashell,MEDIUM POLISHED BRASS,SM CASE,7463,AIR,DELIVER IN PERSON,15.00,28379.85,0.03,1997-08-10,3-MEDIUM,211903.70,Customer#000000139,MACHINERY,7897.78,INDONESIA,ASIA,9,INDONESIA,2,"d deposits sleep quickly according to the dogged, regular dolphins. special excuses haggle furiously special reque"
991,indian yellow red lime seashell,MEDIUM POLISHED BRASS,SM CASE,7463,AIR,DELIVER IN PERSON,15.00,28379.85,0.03,1997-08-10,3-MEDIUM,211903.70,Customer#000000139,MACHINERY,7897.78,INDONESIA,ASIA,10,IRAN,4,furiously idle platelets nag. express asymptotes s
991,indian yellow red lime seashell,MEDIUM POLISHED BRASS,SM CASE,7463,AIR,DELIVER IN PERSON,15.00,28379.85,0.03,1997-08-10,3-MEDIUM,211903.70,Customer#000000139,MACHINERY,7897.78,INDONESIA,ASIA,11,IRAQ,4,pendencies; slyly express foxes integrate carefully across the reg
991,indian yellow red lime seashell,MEDIUM POLISHED BRASS,SM CASE,7463,AIR,DELIVER IN PERSON,15.00,28379.85,0.03,1997-08-10,3-MEDIUM,211903.70,Customer#000000139,MACHINERY,7897.78,INDONESIA,ASIA,12,JAPAN,2, quickly final packages. furiously i
991,indian yellow red lime seashell,MEDIUM POLISHED BRASS,SM CASE,7463,AIR,DELIVER IN PERSON,15.00,28379.85,0.03,1997-08-10,3-MEDIUM,211903.70,Customer#000000139,MACHINERY,7897.78,INDONESIA,ASIA,13,JORDAN,4,the slyly regular ideas. silent Tiresias affix slyly fu
991,indian yellow red lime seashell,MEDIUM POLISHED BRASS,SM CASE,7463,AIR,DELIVER IN PERSON,15.00,28379.85,0.03,1997-08-10,3-MEDIUM,211903.70,Customer#000000139,MACHINERY,7897.78,INDONESIA,ASIA,14,KENYA,0,lyly special foxes. slyly regular deposits sleep carefully. carefully permanent accounts slee
991,indian yellow red lime seashell,MEDIUM POLISHED BRASS,SM CASE,7463,AIR,DELIVER IN PERSON,15.00,28379.85,0.03,1997-08-10,3-MEDIUM,211903.70,Customer#000000139,MACHINERY,7897.78,INDONESIA,ASIA,15,MOROCCO,0,ct blithely: blithely express accounts nag carefully. silent packages haggle carefully abo
991,indian yellow red lime seashell,MEDIUM POLISHED BRASS,SM CASE,7463,AIR,DELIVER IN PERSON,15.00,28379.85,0.03,1997-08-10,3-MEDIUM,211903.70,Customer#000000139,MACHINERY,7897.78,INDONESIA,ASIA,16,MOZAMBIQUE,0, beans after the carefully regular accounts r
991,indian yellow red lime seashell,MEDIUM POLISHED BRASS,SM CASE,7463,AIR,DELIVER IN PERSON,15.00,28379.85,0.03,1997-08-10,3-MEDIUM,211903.70,Customer#000000139,MACHINERY,7897.78,INDONESIA,ASIA,17,PERU,1,ly final foxes. blithely ironic accounts haggle. regular foxes about the regular deposits are furiously ir
991,indian yellow red lime seashell,MEDIUM POLISHED BRASS,SM CASE,7463,AIR,DELIVER IN PERSON,15.00,28379.85,0.03,1997-08-10,3-MEDIUM,211903.70,Customer#000000139,MACHINERY,7897.78,INDONESIA,ASIA,18,CHINA,2,"ckly special packages cajole slyly. unusual, unusual theodolites mold furiously. slyly sile"
991,indian yellow red lime seashell,MEDIUM POLISHED BRASS,SM CASE,7463,AIR,DELIVER IN PERSON,15.00,28379.85,0.03,1997-08-10,3-MEDIUM,211903.70,Customer#000000139,MACHINERY,7897.78,INDONESIA,ASIA,19,ROMANIA,3,"sly blithe requests. thinly bold deposits above the blithely regular accounts nag special, final requests. care"
991,indian yellow red lime seashell,MEDIUM POLISHED BRASS,SM CASE,7463,AIR,DELIVER IN PERSON,15.00,28379.85,0.03,1997-08-10,3-MEDIUM,211903.70,Customer#000000139,MACHINERY,7897.78,INDONESIA,ASIA,20,SAUDI ARABIA,4,se slyly across the blithely regular deposits. deposits use carefully regular 
991,indian yellow red lime seashell,MEDIUM POLISHED BRASS,SM CASE,7463,AIR,DELIVER IN PERSON,15.00,28379.85,0.03,1997-08-10,3-MEDIUM,211903.70,Customer#000000139,MACHINERY,7897.78,INDONESIA,ASIA,21,VIETNAM,2,lly across the quickly even pinto beans. caref
991,indian yellow red lime seashell,MEDIUM POLISHED BRASS,SM CASE,7463,AIR,DELIVER IN PERSON,15.00,28379.85,0.03,1997-08-10,3-MEDIUM,211903.70,Customer#000000139,MACHINERY,7897.78,INDONESIA,ASIA,22,RUSSIA,3,uctions. furiously unusual instructions sleep furiously ironic packages. slyly 
991,indian yellow red lime seashell,MEDIUM POLISHED BRASS,SM CASE,7463,AIR,DELIVER IN PERSON,15.00,28379.85,0.03,1997-08-10,3-MEDIUM,211903.70,Customer#000000139,MACHINERY,7897.78,INDONESIA,ASIA,23,UNITED KINGDOM,3,"carefully pending courts sleep above the ironic, regular theo"
991,indian yellow red lime seashell,MEDIUM POLISHED BRASS,SM CASE,7463,AIR,DELIVER IN PERSON,15.00,28379.85,0.03,1997-08-10,3-MEDIUM,211903.70,Customer#000000139,MACHINERY,7897.78,INDONESIA,ASIA,24,UNITED STATES,1,ly ironic requests along the slyly bold ideas hang after the blithely special notornis; blithely even accounts
991,indian yellow red lime seashell,MEDIUM POLISHED BRASS,SM CASE,8610,MAIL,TAKE BACK RETURN,42.00,79463.58,0.00,1994-05-09,5-LOW,270058.53,Customer#000000349,BUILDING,-565.35,UNITED KINGDOM,EUROPE,0,ALGERIA,0,furiously regular requests. platelets affix furious
991,indian yellow red lime seashell,MEDIUM POLISHED BRASS,SM CASE,8610,MAIL,TAKE BACK RETURN,42.00,79463.58,0.00,1994-05-09,5-LOW,270058.53,Customer#000000349,BUILDING,-565.35,UNITED KINGDOM,EUROPE,1,ARGENTINA,1,"instructions wake quickly. final deposits haggle. final, silent theodolites "
991,indian yellow red lime seashell,MEDIUM POLISHED BRASS,SM CASE,8610,MAIL,TAKE BACK RETURN,42.00,79463.58,0.00,1994-05-09,5-LOW,270058.53,Customer#000000349,BUILDING,-565.35,UNITED KINGDOM,EUROPE,2,BRAZIL,1,asymptotes use fluffily quickly bold instructions. slyly bold dependencies sleep carefully pending accounts
991,indian yellow red lime seashell,MEDIUM POLISHED BRASS,SM CASE,8610,MAIL,TAKE BACK RETURN,42.00,79463.58,0.00,1994-05-09,5-LOW,270058.53,Customer#000000349,BUILDING,-565.35,UNITED KINGDOM,EUROPE,3,CANADA,1,ss deposits wake across the pending foxes. packages after the carefully bold requests integrate caref
991,indian yellow red lime seashell,MEDIUM POLISHED BRASS,SM CASE,8610,MAIL,TAKE BACK RETURN,42.00,79463.58,0.00,1994-05-09,5-LOW,270058.53,Customer#000000349,BUILDING,-565.35,UNITED KINGDOM,EUROPE,4,EGYPT,4,"usly ironic, pending foxes. even, special instructions nag. sly, final foxes detect slyly fluffily "
991,indian yellow red lime seashell,MEDIUM POLISHED BRASS,SM CASE,8610,MAIL,TAKE BACK RETURN,42.00,79463.58,0.00,1994-05-09,5-LOW,270058.53,Customer#000000349,BUILDING,-565.35,UNITED KINGDOM,EUROPE,5,ETHIOPIA,0,regular requests sleep carefull
991,indian yellow red lime seashell,MEDIUM POLISHED BRASS,SM CASE,8610,MAIL,TAKE BACK RETURN,42.00,79463.58,0.00,1994-05-09,5-LOW,270058.53,Customer#000000349,BUILDING,-565.35,UNITED KINGDOM,EUROPE,6,FRANCE,3,oggedly. regular packages solve across
991,indian yellow red lime seashell,MEDIUM POLISHED BRASS,SM CASE,8610,MAIL,TAKE BACK RETURN,42.00,79463.58,0.00,1994-05-09,5-LOW,270058.53,Customer#000000349,BUILDING,-565.35,UNITED KINGDOM,EUROPE,7,GERMANY,3,ong the regular requests: blithely silent pinto beans hagg
991,indian yellow red lime seashell,MEDIUM POLISHED BRASS,SM CASE,8610,MAIL,TAKE BACK RETURN,42.00,79463.58,0.00,1994-05-09,5-LOW,270058.53,Customer#000000349,BUILDING,-565.35,UNITED KINGDOM,EUROPE,8,INDIA,2,uriously unusual deposits about the slyly final pinto beans could
991,indian yellow red lime seashell,MEDIUM POLISHED BRASS,SM CASE,8610,MAIL,TAKE BACK RETURN,42.00,79463.58,0.00,1994-05-09,5-LOW,270058.53,Customer#000000349,BUILDING,-565.35,UNITED KINGDOM,EUROPE,9,INDONESIA,2,"d deposits sleep quickly according to the dogged, regular dolphins. special excuses haggle furiously special reque"
991,indian yellow red lime seashell,MEDIUM POLISHED BRASS,SM CASE,8610,MAIL,TAKE BACK RETURN,42.00,79463.58,0.00,1994-05-09,5-LOW,270058.53,Customer#000000349,BUILDING,-565.35,UNITED KINGDOM,EUROPE,10,IRAN,4,furiously idle platelets nag. express asymptotes s
991,indian yellow red lime seashell,MEDIUM POLISHED BRASS,SM CASE,8610,MAIL,TAKE BACK RETURN,42.00,79463.58,0.00,1994-05-09,5-LOW,270058.53,Customer#000000349,BUILDING,-565.35,UNITED KINGDOM,EUROPE,11,IRAQ,4,pendencies; slyly express foxes integrate carefully across the reg
991,indian yellow red lime seashell,MEDIUM POLISHED BRASS,SM CASE,8610,MAIL,TAKE BACK RETURN,42.00,79463.58,0.00,1994-05-09,5-LOW,270058.53,Customer#000000349,BUILDING,-565.35,UNITED KINGDOM,EUROPE,12,JAPAN,2, quickly final packages. furiously i
991,indian yellow red lime seashell,MEDIUM POLISHED BRASS,SM CASE,8610,MAIL,TAKE BACK RETURN,42.00,79463.58,0.00,1994-05-09,5-LOW,270058.53,Customer#000000349,BUILDING,-565.35,UNITED KINGDOM,EUROPE,13,JORDAN,4,the slyly regular ideas. silent Tiresias affix slyly fu
991,indian yellow red lime seashell,MEDIUM POLISHED BRASS,SM CASE,8610,MAIL,TAKE BACK RETURN,42.00,79463.58,0.00,1994-05-09,5-LOW,270058.53,Customer#000000349,BUILDING,-565.35,UNITED KINGDOM,EUROPE,14,KENYA,0,lyly special foxes. slyly regular deposits sleep carefully. carefully permanent accounts slee
991,indian yellow red lime seashell,MEDIUM POLISHED BRASS,SM CASE,8610,MAIL,TAKE BACK RETURN,42.00,79463.58,0.00,1994-05-09,5-LOW,270058.53,Customer#000000349,BUILDING,-565.35,UNITED KINGDOM,EUROPE,15,MOROCCO,0,ct blithely: blithely express accounts nag carefully. silent packages haggle carefully abo
991,indian yellow red lime seashell,MEDIUM POLISHED BRASS,SM CASE,8610,MAIL,TAKE BACK RETURN,42.00,79463.58,0.00,1994-05-09,5-LOW,270058.53,Customer#000000349,BUILDING,-565.35,UNITED KINGDOM,EUROPE,16,MOZAMBIQUE,0, beans after the carefully regular accounts r
991,indian yellow red lime seashell,MEDIUM POLISHED BRASS,SM CASE,8610,MAIL,TAKE BACK RETURN,42.00,79463.58,0.00,1994-05-09,5-LOW,270058.53,Customer#000000349,BUILDING,-565.35,UNITED KINGDOM,EUROPE,17,PERU,1,ly final foxes. blithely ironic accounts haggle. regular foxes about the regular deposits are furiously ir
991,indian yellow red lime seashell,MEDIUM POLISHED BRASS,SM CASE,8610,MAIL,TAKE BACK RETURN,42.00,79463.58,0.00,1994-05-09,5-LOW,270058.53,Customer#000000349,BUILDING,-565.35,UNITED KINGDOM,EUROPE,18,CHINA,2,"ckly special packages cajole slyly. unusual, unusual theodolites mold furiously. slyly sile"
991,indian yellow red lime seashell,MEDIUM POLISHED BRASS,SM CASE,8610,MAIL,TAKE BACK RETURN,42.00,79463.58,0.00,1994-05-09,5-LOW,270058.53,Customer#000000349,BUILDING,-565.35,UNITED KINGDOM,EUROPE,19,ROMANIA,3,"sly blithe requests. thinly bold deposits above the blithely regular accounts nag special, final requests. care"
991,indian yellow red lime seashell,MEDIUM POLISHED BRASS,SM CASE,8610,MAIL,TAKE BACK RETURN,42.00,79463.58,0.00,1994-05-09,5-LOW,270058.53,Customer#000000349,BUILDING,-565.35,UNITED KINGDOM,EUROPE,20,SAUDI ARABIA,4,se slyly across the blithely regular deposits. deposits use carefully regular 
991,indian yellow red lime seashell,MEDIUM POLISHED BRASS,SM CASE,8610,MAIL,TAKE BACK RETURN,42.00,79463.58,0.00,1994-05-09,5-LOW,270058.53,Customer#000000349,BUILDING,-565.35,UNITED KINGDOM,EUROPE,21,VIETNAM,2,lly across the quickly even pinto beans. caref
991,indian yellow red lime seashell,MEDIUM POLISHED BRASS,SM CASE,8610,MAIL,TAKE BACK RETURN,42.00,79463.58,0.00,1994-05-09,5-LOW,270058.53,Customer#000000349,BUILDING,-565.35,UNITED KINGDOM,EUROPE,22,RUSSIA,3,uctions. furiously unusual instructions sleep furiously ironic packages. slyly 
991,indian yellow red lime seashell,MEDIUM POLISHED BRASS,SM CASE,8610,MAIL,TAKE BACK RETURN,42.00,79463.58,0.00,1994-05-09,5-LOW,270058.53,Customer#000000349,BUILDING,-565.35,UNITED KINGDOM,EUROPE,23,UNITED KINGDOM,3,"carefully pending courts sleep above the ironic, regular theo"
991,indian yellow red lime seashell,MEDIUM POLISHED BRASS,SM CASE,8610,MAIL,TAKE BACK RETURN,42.00,79463.58,0.00,1994-05-09,5-LOW,270058.53,Customer#000000349,BUILDING,-565.35,UNITED KINGDOM,EUROPE,24,UNITED STATES,1,ly ironic requests along the slyly bold ideas hang after the blithely special notornis; blithely even accounts
