p_partkey,p_name,p_type,p_container,l_orderkey,l_shipmode,l_shipinstruct,l_quantity,l_extendedprice,l_discount,o_orderdate,o_orderpriority,o_totalprice,c_name,c_mktsegment,c_acctbal,customer_nation,customer_region,__p1,You are selecting countries to include in a cross-border freight and trade analysis view. Is this nation likely meaningful enough to keep in a global logistics discussion dataset?
895,thistle azure magenta mint burnished,MEDIUM BRUSHED STEEL,SM BOX,2182,TRUCK,TAKE BACK RETURN,37.00,66447.93,0.06,1994-04-05,2-HIGH,171704.77,Customer#000000113,BUILDING,2912.00,JAPAN,ASIA,"Nation: ALGERIA
Return a single YES or NO, with no other words. If uncertain, return YES.",True
895,thistle azure magenta mint burnished,MEDIUM BRUSHED STEEL,SM BOX,2182,TRUCK,TAKE BACK RETURN,37.00,66447.93,0.06,1994-04-05,2-HIGH,171704.77,Customer#000000113,BUILDING,2912.00,JAPAN,ASIA,"Nation: ARGENTINA
Return a single YES or NO, with no other words. If uncertain, return YES.",True
895,thistle azure magenta mint burnished,MEDIUM BRUSHED STEEL,SM BOX,2182,TRUCK,TAKE BACK RETURN,37.00,66447.93,0.06,1994-04-05,2-HIGH,171704.77,Customer#000000113,BUILDING,2912.00,JAPAN,ASIA,"Nation: BRAZIL
Return a single YES or NO, with no other words. If uncertain, return YES.",True
895,thistle azure magenta mint burnished,MEDIUM BRUSHED STEEL,SM BOX,2182,TRUCK,TAKE BACK RETURN,37.00,66447.93,0.06,1994-04-05,2-HIGH,171704.77,Customer#000000113,BUILDING,2912.00,JAPAN,ASIA,"Nation: CANADA
Return a single YES or NO, with no other words. If uncertain, return YES.",True
895,thistle azure magenta mint burnished,MEDIUM BRUSHED STEEL,SM BOX,2182,TRUCK,TAKE BACK RETURN,37.00,66447.93,0.06,1994-04-05,2-HIGH,171704.77,Customer#000000113,BUILDING,2912.00,JAPAN,ASIA,"Nation: EGYPT
Return a single YES or NO, with no other words. If uncertain, return YES.",True
895,thistle azure magenta mint burnished,MEDIUM BRUSHED STEEL,SM BOX,2182,TRUCK,TAKE BACK RETURN,37.00,66447.93,0.06,1994-04-05,2-HIGH,171704.77,Customer#000000113,BUILDING,2912.00,JAPAN,ASIA,"Nation: ETHIOPIA
Return a single YES or NO, with no other words. If uncertain, return YES.",True
895,thistle azure magenta mint burnished,MEDIUM BRUSHED STEEL,SM BOX,2182,TRUCK,TAKE BACK RETURN,37.00,66447.93,0.06,1994-04-05,2-HIGH,171704.77,Customer#000000113,BUILDING,2912.00,JAPAN,ASIA,"Nation: FRANCE
Return a single YES or NO, with no other words. If uncertain, return YES.",True
895,thistle azure magenta mint burnished,MEDIUM BRUSHED STEEL,SM BOX,2182,TRUCK,TAKE BACK RETURN,37.00,66447.93,0.06,1994-04-05,2-HIGH,171704.77,Customer#000000113,BUILDING,2912.00,JAPAN,ASIA,"Nation: GERMANY
Return a single YES or NO, with no other words. If uncertain, return YES.",True
895,thistle azure magenta mint burnished,MEDIUM BRUSHED STEEL,SM BOX,2182,TRUCK,TAKE BACK RETURN,37.00,66447.93,0.06,1994-04-05,2-HIGH,171704.77,Customer#000000113,BUILDING,2912.00,JAPAN,ASIA,"Nation: INDIA
Return a single YES or NO, with no other words. If uncertain, return YES.",True
895,thistle azure magenta mint burnished,MEDIUM BRUSHED STEEL,SM BOX,2182,TRUCK,TAKE BACK RETURN,37.00,66447.93,0.06,1994-04-05,2-HIGH,171704.77,Customer#000000113,BUILDING,2912.00,JAPAN,ASIA,"Nation: INDONESIA
Return a single YES or NO, with no other words. If uncertain, return YES.",True
895,thistle azure magenta mint burnished,MEDIUM BRUSHED STEEL,SM BOX,2182,TRUCK,TAKE BACK RETURN,37.00,66447.93,0.06,1994-04-05,2-HIGH,171704.77,Customer#000000113,BUILDING,2912.00,JAPAN,ASIA,"Nation: IRAN
Return a single YES or NO, with no other words. If uncertain, return YES.",True
895,thistle azure magenta mint burnished,MEDIUM BRUSHED STEEL,SM BOX,2182,TRUCK,TAKE BACK RETURN,37.00,66447.93,0.06,1994-04-05,2-HIGH,171704.77,Customer#000000113,BUILDING,2912.00,JAPAN,ASIA,"Nation: IRAQ
Return a single YES or NO, with no other words. If uncertain, return YES.",True
895,thistle azure magenta mint burnished,MEDIUM BRUSHED STEEL,SM BOX,2182,TRUCK,TAKE BACK RETURN,37.00,66447.93,0.06,1994-04-05,2-HIGH,171704.77,Customer#000000113,BUILDING,2912.00,JAPAN,ASIA,"Nation: JAPAN
Return a single YES or NO, with no other words. If uncertain, return YES.",True
895,thistle azure magenta mint burnished,MEDIUM BRUSHED STEEL,SM BOX,2182,TRUCK,TAKE BACK RETURN,37.00,66447.93,0.06,1994-04-05,2-HIGH,171704.77,Customer#000000113,BUILDING,2912.00,JAPAN,ASIA,"Nation: JORDAN
Return a single YES or NO, with no other words. If uncertain, return YES.",True
895,thistle azure magenta mint burnished,MEDIUM BRUSHED STEEL,SM BOX,2182,TRUCK,TAKE BACK RETURN,37.00,66447.93,0.06,1994-04-05,2-HIGH,171704.77,Customer#000000113,BUILDING,2912.00,JAPAN,ASIA,"Nation: KENYA
Return a single YES or NO, with no other words. If uncertain, return YES.",True
895,thistle azure magenta mint burnished,MEDIUM BRUSHED STEEL,SM BOX,2182,TRUCK,TAKE BACK RETURN,37.00,66447.93,0.06,1994-04-05,2-HIGH,171704.77,Customer#000000113,BUILDING,2912.00,JAPAN,ASIA,"Nation: MOROCCO
Return a single YES or NO, with no other words. If uncertain, return YES.",True
895,thistle azure magenta mint burnished,MEDIUM BRUSHED STEEL,SM BOX,2182,TRUCK,TAKE BACK RETURN,37.00,66447.93,0.06,1994-04-05,2-HIGH,171704.77,Customer#000000113,BUILDING,2912.00,JAPAN,ASIA,"Nation: MOZAMBIQUE
Return a single YES or NO, with no other words. If uncertain, return YES.",True
895,thistle azure magenta mint burnished,MEDIUM BRUSHED STEEL,SM BOX,2182,TRUCK,TAKE BACK RETURN,37.00,66447.93,0.06,1994-04-05,2-HIGH,171704.77,Customer#000000113,BUILDING,2912.00,JAPAN,ASIA,"Nation: PERU
Return a single YES or NO, with no other words. If uncertain, return YES.",True
895,thistle azure magenta mint burnished,MEDIUM BRUSHED STEEL,SM BOX,2182,TRUCK,TAKE BACK RETURN,37.00,66447.93,0.06,1994-04-05,2-HIGH,171704.77,Customer#000000113,BUILDING,2912.00,JAPAN,ASIA,"Nation: CHINA
Return a single YES or NO, with no other words. If uncertain, return YES.",True
895,thistle azure magenta mint burnished,MEDIUM BRUSHED STEEL,SM BOX,2182,TRUCK,TAKE BACK RETURN,37.00,66447.93,0.06,1994-04-05,2-HIGH,171704.77,Customer#000000113,BUILDING,2912.00,JAPAN,ASIA,"Nation: ROMANIA
Return a single YES or NO, with no other words. If uncertain, return YES.",True
895,thistle azure magenta mint burnished,MEDIUM BRUSHED STEEL,SM BOX,2182,TRUCK,TAKE BACK RETURN,37.00,66447.93,0.06,1994-04-05,2-HIGH,171704.77,Customer#000000113,BUILDING,2912.00,JAPAN,ASIA,"Nation: SAUDI ARABIA
Return a single YES or NO, with no other words. If uncertain, return YES.",True
895,thistle azure magenta mint burnished,MEDIUM BRUSHED STEEL,SM BOX,2182,TRUCK,TAKE BACK RETURN,37.00,66447.93,0.06,1994-04-05,2-HIGH,171704.77,Customer#000000113,BUILDING,2912.00,JAPAN,ASIA,"Nation: VIETNAM
Return a single YES or NO, with no other words. If uncertain, return YES.",True
895,thistle azure magenta mint burnished,MEDIUM BRUSHED STEEL,SM BOX,2182,TRUCK,TAKE BACK RETURN,37.00,66447.93,0.06,1994-04-05,2-HIGH,171704.77,Customer#000000113,BUILDING,2912.00,JAPAN,ASIA,"Nation: RUSSIA
Return a single YES or NO, with no other words. If uncertain, return YES.",True
895,thistle azure magenta mint burnished,MEDIUM BRUSHED STEEL,SM BOX,2182,TRUCK,TAKE BACK RETURN,37.00,66447.93,0.06,1994-04-05,2-HIGH,171704.77,Customer#000000113,BUILDING,2912.00,JAPAN,ASIA,"Nation: UNITED KINGDOM
Return a single YES or NO, with no other words. If uncertain, return YES.",True
895,thistle azure magenta mint burnished,MEDIUM BRUSHED STEEL,SM BOX,2182,TRUCK,TAKE BACK RETURN,37.00,66447.93,0.06,1994-04-05,2-HIGH,171704.77,Customer#000000113,BUILDING,2912.00,JAPAN,ASIA,"Nation: UNITED STATES
Return a single YES or NO, with no other words. If uncertain, return YES.",True
148,yellow white ghost lavender salmon,STANDARD PLATED STEEL,SM BOX,2208,MAIL,TAKE BACK RETURN,43.00,45070.02,0.03,1995-05-01,4-NOT SPECIFIED,298951.83,Customer#000000338,FURNITURE,4092.49,UNITED KINGDOM,EUROPE,"Nation: ALGERIA
Return a single YES or NO, with no other words. If uncertain, return YES.",True
148,yellow white ghost lavender salmon,STANDARD PLATED STEEL,SM BOX,2208,MAIL,TAKE BACK RETURN,43.00,45070.02,0.03,1995-05-01,4-NOT SPECIFIED,298951.83,Customer#000000338,FURNITURE,4092.49,UNITED KINGDOM,EUROPE,"Nation: ARGENTINA
Return a single YES or NO, with no other words. If uncertain, return YES.",True
148,yellow white ghost lavender salmon,STANDARD PLATED STEEL,SM BOX,2208,MAIL,TAKE BACK RETURN,43.00,45070.02,0.03,1995-05-01,4-NOT SPECIFIED,298951.83,Customer#000000338,FURNITURE,4092.49,UNITED KINGDOM,EUROPE,"Nation: BRAZIL
Return a single YES or NO, with no other words. If uncertain, return YES.",True
148,yellow white ghost lavender salmon,STANDARD PLATED STEEL,SM BOX,2208,MAIL,TAKE BACK RETURN,43.00,45070.02,0.03,1995-05-01,4-NOT SPECIFIED,298951.83,Customer#000000338,FURNITURE,4092.49,UNITED KINGDOM,EUROPE,"Nation: CANADA
Return a single YES or NO, with no other words. If uncertain, return YES.",True
148,yellow white ghost lavender salmon,STANDARD PLATED STEEL,SM BOX,2208,MAIL,TAKE BACK RETURN,43.00,45070.02,0.03,1995-05-01,4-NOT SPECIFIED,298951.83,Customer#000000338,FURNITURE,4092.49,UNITED KINGDOM,EUROPE,"Nation: EGYPT
Return a single YES or NO, with no other words. If uncertain, return YES.",True
148,yellow white ghost lavender salmon,STANDARD PLATED STEEL,SM BOX,2208,MAIL,TAKE BACK RETURN,43.00,45070.02,0.03,1995-05-01,4-NOT SPECIFIED,298951.83,Customer#000000338,FURNITURE,4092.49,UNITED KINGDOM,EUROPE,"Nation: ETHIOPIA
Return a single YES or NO, with no other words. If uncertain, return YES.",True
148,yellow white ghost lavender salmon,STANDARD PLATED STEEL,SM BOX,2208,MAIL,TAKE BACK RETURN,43.00,45070.02,0.03,1995-05-01,4-NOT SPECIFIED,298951.83,Customer#000000338,FURNITURE,4092.49,UNITED KINGDOM,EUROPE,"Nation: FRANCE
Return a single YES or NO, with no other words. If uncertain, return YES.",True
148,yellow white ghost lavender salmon,STANDARD PLATED STEEL,SM BOX,2208,MAIL,TAKE BACK RETURN,43.00,45070.02,0.03,1995-05-01,4-NOT SPECIFIED,298951.83,Customer#000000338,FURNITURE,4092.49,UNITED KINGDOM,EUROPE,"Nation: GERMANY
Return a single YES or NO, with no other words. If uncertain, return YES.",True
148,yellow white ghost lavender salmon,STANDARD PLATED STEEL,SM BOX,2208,MAIL,TAKE BACK RETURN,43.00,45070.02,0.03,1995-05-01,4-NOT SPECIFIED,298951.83,Customer#000000338,FURNITURE,4092.49,UNITED KINGDOM,EUROPE,"Nation: INDIA
Return a single YES or NO, with no other words. If uncertain, return YES.",True
148,yellow white ghost lavender salmon,STANDARD PLATED STEEL,SM BOX,2208,MAIL,TAKE BACK RETURN,43.00,45070.02,0.03,1995-05-01,4-NOT SPECIFIED,298951.83,Customer#000000338,FURNITURE,4092.49,UNITED KINGDOM,EUROPE,"Nation: INDONESIA
Return a single YES or NO, with no other words. If uncertain, return YES.",True
148,yellow white ghost lavender salmon,STANDARD PLATED STEEL,SM BOX,2208,MAIL,TAKE BACK RETURN,43.00,45070.02,0.03,1995-05-01,4-NOT SPECIFIED,298951.83,Customer#000000338,FURNITURE,4092.49,UNITED KINGDOM,EUROPE,"Nation: IRAN
Return a single YES or NO, with no other words. If uncertain, return YES.",True
148,yellow white ghost lavender salmon,STANDARD PLATED STEEL,SM BOX,2208,MAIL,TAKE BACK RETURN,43.00,45070.02,0.03,1995-05-01,4-NOT SPECIFIED,298951.83,Customer#000000338,FURNITURE,4092.49,UNITED KINGDOM,EUROPE,"Nation: IRAQ
Return a single YES or NO, with no other words. If uncertain, return YES.",True
148,yellow white ghost lavender salmon,STANDARD PLATED STEEL,SM BOX,2208,MAIL,TAKE BACK RETURN,43.00,45070.02,0.03,1995-05-01,4-NOT SPECIFIED,298951.83,Customer#000000338,FURNITURE,4092.49,UNITED KINGDOM,EUROPE,"Nation: JAPAN
Return a single YES or NO, with no other words. If uncertain, return YES.",True
148,yellow white ghost lavender salmon,STANDARD PLATED STEEL,SM BOX,2208,MAIL,TAKE BACK RETURN,43.00,45070.02,0.03,1995-05-01,4-NOT SPECIFIED,298951.83,Customer#000000338,FURNITURE,4092.49,UNITED KINGDOM,EUROPE,"Nation: JORDAN
Return a single YES or NO, with no other words. If uncertain, return YES.",True
148,yellow white ghost lavender salmon,STANDARD PLATED STEEL,SM BOX,2208,MAIL,TAKE BACK RETURN,43.00,45070.02,0.03,1995-05-01,4-NOT SPECIFIED,298951.83,Customer#000000338,FURNITURE,4092.49,UNITED KINGDOM,EUROPE,"Nation: KENYA
Return a single YES or NO, with no other words. If uncertain, return YES.",True
148,yellow white ghost lavender salmon,STANDARD PLATED STEEL,SM BOX,2208,MAIL,TAKE BACK RETURN,43.00,45070.02,0.03,1995-05-01,4-NOT SPECIFIED,298951.83,Customer#000000338,FURNITURE,4092.49,UNITED KINGDOM,EUROPE,"Nation: MOROCCO
Return a single YES or NO, with no other words. If uncertain, return YES.",True
148,yellow white ghost lavender salmon,STANDARD PLATED STEEL,SM BOX,2208,MAIL,TAKE BACK RETURN,43.00,45070.02,0.03,1995-05-01,4-NOT SPECIFIED,298951.83,Customer#000000338,FURNITURE,4092.49,UNITED KINGDOM,EUROPE,"Nation: MOZAMBIQUE
Return a single YES or NO, with no other words. If uncertain, return YES.",True
148,yellow white ghost lavender salmon,STANDARD PLATED STEEL,SM BOX,2208,MAIL,TAKE BACK RETURN,43.00,45070.02,0.03,1995-05-01,4-NOT SPECIFIED,298951.83,Customer#000000338,FURNITURE,4092.49,UNITED KINGDOM,EUROPE,"Nation: PERU
Return a single YES or NO, with no other words. If uncertain, return YES.",True
148,yellow white ghost lavender salmon,STANDARD PLATED STEEL,SM BOX,2208,MAIL,TAKE BACK RETURN,43.00,45070.02,0.03,1995-05-01,4-NOT SPECIFIED,298951.83,Customer#000000338,FURNITURE,4092.49,UNITED KINGDOM,EUROPE,"Nation: CHINA
Return a single YES or NO, with no other words. If uncertain, return YES.",True
148,yellow white ghost lavender salmon,STANDARD PLATED STEEL,SM BOX,2208,MAIL,TAKE BACK RETURN,43.00,45070.02,0.03,1995-05-01,4-NOT SPECIFIED,298951.83,Customer#000000338,FURNITURE,4092.49,UNITED KINGDOM,EUROPE,"Nation: ROMANIA
Return a single YES or NO, with no other words. If uncertain, return YES.",True
148,yellow white ghost lavender salmon,STANDARD PLATED STEEL,SM BOX,2208,MAIL,TAKE BACK RETURN,43.00,45070.02,0.03,1995-05-01,4-NOT SPECIFIED,298951.83,Customer#000000338,FURNITURE,4092.49,UNITED KINGDOM,EUROPE,"Nation: SAUDI ARABIA
Return a single YES or NO, with no other words. If uncertain, return YES.",True
148,yellow white ghost lavender salmon,STANDARD PLATED STEEL,SM BOX,2208,MAIL,TAKE BACK RETURN,43.00,45070.02,0.03,1995-05-01,4-NOT SPECIFIED,298951.83,Customer#000000338,FURNITURE,4092.49,UNITED KINGDOM,EUROPE,"Nation: VIETNAM
Return a single YES or NO, with no other words. If uncertain, return YES.",True
148,yellow white ghost lavender salmon,STANDARD PLATED STEEL,SM BOX,2208,MAIL,TAKE BACK RETURN,43.00,45070.02,0.03,1995-05-01,4-NOT SPECIFIED,298951.83,Customer#000000338,FURNITURE,4092.49,UNITED KINGDOM,EUROPE,"Nation: RUSSIA
Return a single YES or NO, with no other words. If uncertain, return YES.",True
148,yellow white ghost lavender salmon,STANDARD PLATED STEEL,SM BOX,2208,MAIL,TAKE BACK RETURN,43.00,45070.02,0.03,1995-05-01,4-NOT SPECIFIED,298951.83,Customer#000000338,FURNITURE,4092.49,UNITED KINGDOM,EUROPE,"Nation: UNITED KINGDOM
Return a single YES or NO, with no other words. If uncertain, return YES.",True
148,yellow white ghost lavender salmon,STANDARD PLATED STEEL,SM BOX,2208,MAIL,TAKE BACK RETURN,43.00,45070.02,0.03,1995-05-01,4-NOT SPECIFIED,298951.83,Customer#000000338,FURNITURE,4092.49,UNITED KINGDOM,EUROPE,"Nation: UNITED STATES
Return a single YES or NO, with no other words. If uncertain, return YES.",True
922,frosted dodger cyan medium indian,LARGE BURNISHED BRASS,SM CASE,2790,MAIL,TAKE BACK RETURN,27.00,49218.84,0.06,1994-08-19,2-HIGH,263474.85,Customer#000000125,FURNITURE,-234.12,ROMANIA,EUROPE,"Nation: ALGERIA
Return a single YES or NO, with no other words. If uncertain, return YES.",True
922,frosted dodger cyan medium indian,LARGE BURNISHED BRASS,SM CASE,2790,MAIL,TAKE BACK RETURN,27.00,49218.84,0.06,1994-08-19,2-HIGH,263474.85,Customer#000000125,FURNITURE,-234.12,ROMANIA,EUROPE,"Nation: ARGENTINA
Return a single YES or NO, with no other words. If uncertain, return YES.",True
922,frosted dodger cyan medium indian,LARGE BURNISHED BRASS,SM CASE,2790,MAIL,TAKE BACK RETURN,27.00,49218.84,0.06,1994-08-19,2-HIGH,263474.85,Customer#000000125,FURNITURE,-234.12,ROMANIA,EUROPE,"Nation: BRAZIL
Return a single YES or NO, with no other words. If uncertain, return YES.",True
922,frosted dodger cyan medium indian,LARGE BURNISHED BRASS,SM CASE,2790,MAIL,TAKE BACK RETURN,27.00,49218.84,0.06,1994-08-19,2-HIGH,263474.85,Customer#000000125,FURNITURE,-234.12,ROMANIA,EUROPE,"Nation: CANADA
Return a single YES or NO, with no other words. If uncertain, return YES.",True
922,frosted dodger cyan medium indian,LARGE BURNISHED BRASS,SM CASE,2790,MAIL,TAKE BACK RETURN,27.00,49218.84,0.06,1994-08-19,2-HIGH,263474.85,Customer#000000125,FURNITURE,-234.12,ROMANIA,EUROPE,"Nation: EGYPT
Return a single YES or NO, with no other words. If uncertain, return YES.",True
922,frosted dodger cyan medium indian,LARGE BURNISHED BRASS,SM CASE,2790,MAIL,TAKE BACK RETURN,27.00,49218.84,0.06,1994-08-19,2-HIGH,263474.85,Customer#000000125,FURNITURE,-234.12,ROMANIA,EUROPE,"Nation: ETHIOPIA
Return a single YES or NO, with no other words. If uncertain, return YES.",True
922,frosted dodger cyan medium indian,LARGE BURNISHED BRASS,SM CASE,2790,MAIL,TAKE BACK RETURN,27.00,49218.84,0.06,1994-08-19,2-HIGH,263474.85,Customer#000000125,FURNITURE,-234.12,ROMANIA,EUROPE,"Nation: FRANCE
Return a single YES or NO, with no other words. If uncertain, return YES.",True
922,frosted dodger cyan medium indian,LARGE BURNISHED BRASS,SM CASE,2790,MAIL,TAKE BACK RETURN,27.00,49218.84,0.06,1994-08-19,2-HIGH,263474.85,Customer#000000125,FURNITURE,-234.12,ROMANIA,EUROPE,"Nation: GERMANY
Return a single YES or NO, with no other words. If uncertain, return YES.",True
922,frosted dodger cyan medium indian,LARGE BURNISHED BRASS,SM CASE,2790,MAIL,TAKE BACK RETURN,27.00,49218.84,0.06,1994-08-19,2-HIGH,263474.85,Customer#000000125,FURNITURE,-234.12,ROMANIA,EUROPE,"Nation: INDIA
Return a single YES or NO, with no other words. If uncertain, return YES.",True
922,frosted dodger cyan medium indian,LARGE BURNISHED BRASS,SM CASE,2790,MAIL,TAKE BACK RETURN,27.00,49218.84,0.06,1994-08-19,2-HIGH,263474.85,Customer#000000125,FURNITURE,-234.12,ROMANIA,EUROPE,"Nation: INDONESIA
Return a single YES or NO, with no other words. If uncertain, return YES.",True
922,frosted dodger cyan medium indian,LARGE BURNISHED BRASS,SM CASE,2790,MAIL,TAKE BACK RETURN,27.00,49218.84,0.06,1994-08-19,2-HIGH,263474.85,Customer#000000125,FURNITURE,-234.12,ROMANIA,EUROPE,"Nation: IRAN
Return a single YES or NO, with no other words. If uncertain, return YES.",True
922,frosted dodger cyan medium indian,LARGE BURNISHED BRASS,SM CASE,2790,MAIL,TAKE BACK RETURN,27.00,49218.84,0.06,1994-08-19,2-HIGH,263474.85,Customer#000000125,FURNITURE,-234.12,ROMANIA,EUROPE,"Nation: IRAQ
Return a single YES or NO, with no other words. If uncertain, return YES.",True
922,frosted dodger cyan medium indian,LARGE BURNISHED BRASS,SM CASE,2790,MAIL,TAKE BACK RETURN,27.00,49218.84,0.06,1994-08-19,2-HIGH,263474.85,Customer#000000125,FURNITURE,-234.12,ROMANIA,EUROPE,"Nation: JAPAN
Return a single YES or NO, with no other words. If uncertain, return YES.",True
922,frosted dodger cyan medium indian,LARGE BURNISHED BRASS,SM CASE,2790,MAIL,TAKE BACK RETURN,27.00,49218.84,0.06,1994-08-19,2-HIGH,263474.85,Customer#000000125,FURNITURE,-234.12,ROMANIA,EUROPE,"Nation: JORDAN
Return a single YES or NO, with no other words. If uncertain, return YES.",True
922,frosted dodger cyan medium indian,LARGE BURNISHED BRASS,SM CASE,2790,MAIL,TAKE BACK RETURN,27.00,49218.84,0.06,1994-08-19,2-HIGH,263474.85,Customer#000000125,FURNITURE,-234.12,ROMANIA,EUROPE,"Nation: KENYA
Return a single YES or NO, with no other words. If uncertain, return YES.",True
922,frosted dodger cyan medium indian,LARGE BURNISHED BRASS,SM CASE,2790,MAIL,TAKE BACK RETURN,27.00,49218.84,0.06,1994-08-19,2-HIGH,263474.85,Customer#000000125,FURNITURE,-234.12,ROMANIA,EUROPE,"Nation: MOROCCO
Return a single YES or NO, with no other words. If uncertain, return YES.",True
922,frosted dodger cyan medium indian,LARGE BURNISHED BRASS,SM CASE,2790,MAIL,TAKE BACK RETURN,27.00,49218.84,0.06,1994-08-19,2-HIGH,263474.85,Customer#000000125,FURNITURE,-234.12,ROMANIA,EUROPE,"Nation: MOZAMBIQUE
Return a single YES or NO, with no other words. If uncertain, return YES.",True
922,frosted dodger cyan medium indian,LARGE BURNISHED BRASS,SM CASE,2790,MAIL,TAKE BACK RETURN,27.00,49218.84,0.06,1994-08-19,2-HIGH,263474.85,Customer#000000125,FURNITURE,-234.12,ROMANIA,EUROPE,"Nation: PERU
Return a single YES or NO, with no other words. If uncertain, return YES.",True
922,frosted dodger cyan medium indian,LARGE BURNISHED BRASS,SM CASE,2790,MAIL,TAKE BACK RETURN,27.00,49218.84,0.06,1994-08-19,2-HIGH,263474.85,Customer#000000125,FURNITURE,-234.12,ROMANIA,EUROPE,"Nation: CHINA
Return a single YES or NO, with no other words. If uncertain, return YES.",True
922,frosted dodger cyan medium indian,LARGE BURNISHED BRASS,SM CASE,2790,MAIL,TAKE BACK RETURN,27.00,49218.84,0.06,1994-08-19,2-HIGH,263474.85,Customer#000000125,FURNITURE,-234.12,ROMANIA,EUROPE,"Nation: ROMANIA
Return a single YES or NO, with no other words. If uncertain, return YES.",True
922,frosted dodger cyan medium indian,LARGE BURNISHED BRASS,SM CASE,2790,MAIL,TAKE BACK RETURN,27.00,49218.84,0.06,1994-08-19,2-HIGH,263474.85,Customer#000000125,FURNITURE,-234.12,ROMANIA,EUROPE,"Nation: SAUDI ARABIA
Return a single YES or NO, with no other words. If uncertain, return YES.",True
922,frosted dodger cyan medium indian,LARGE BURNISHED BRASS,SM CASE,2790,MAIL,TAKE BACK RETURN,27.00,49218.84,0.06,1994-08-19,2-HIGH,263474.85,Customer#000000125,FURNITURE,-234.12,ROMANIA,EUROPE,"Nation: VIETNAM
Return a single YES or NO, with no other words. If uncertain, return YES.",True
922,frosted dodger cyan medium indian,LARGE BURNISHED BRASS,SM CASE,2790,MAIL,TAKE BACK RETURN,27.00,49218.84,0.06,1994-08-19,2-HIGH,263474.85,Customer#000000125,FURNITURE,-234.12,ROMANIA,EUROPE,"Nation: RUSSIA
Return a single YES or NO, with no other words. If uncertain, return YES.",True
922,frosted dodger cyan medium indian,LARGE BURNISHED BRASS,SM CASE,2790,MAIL,TAKE BACK RETURN,27.00,49218.84,0.06,1994-08-19,2-HIGH,263474.85,Customer#000000125,FURNITURE,-234.12,ROMANIA,EUROPE,"Nation: UNITED KINGDOM
Return a single YES or NO, with no other words. If uncertain, return YES.",True
922,frosted dodger cyan medium indian,LARGE BURNISHED BRASS,SM CASE,2790,MAIL,TAKE BACK RETURN,27.00,49218.84,0.06,1994-08-19,2-HIGH,263474.85,Customer#000000125,FURNITURE,-234.12,ROMANIA,EUROPE,"Nation: UNITED STATES
Return a single YES or NO, with no other words. If uncertain, return YES.",True
932,cornflower sky powder cyan linen,SMALL ANODIZED COPPER,LG BOX,5600,MAIL,TAKE BACK RETURN,34.00,62319.62,0.02,1997-02-08,4-NOT SPECIFIED,79054.82,Customer#000000472,MACHINERY,7929.90,JAPAN,ASIA,"Nation: ALGERIA
Return a single YES or NO, with no other words. If uncertain, return YES.",True
932,cornflower sky powder cyan linen,SMALL ANODIZED COPPER,LG BOX,5600,MAIL,TAKE BACK RETURN,34.00,62319.62,0.02,1997-02-08,4-NOT SPECIFIED,79054.82,Customer#000000472,MACHINERY,7929.90,JAPAN,ASIA,"Nation: ARGENTINA
Return a single YES or NO, with no other words. If uncertain, return YES.",True
932,cornflower sky powder cyan linen,SMALL ANODIZED COPPER,LG BOX,5600,MAIL,TAKE BACK RETURN,34.00,62319.62,0.02,1997-02-08,4-NOT SPECIFIED,79054.82,Customer#000000472,MACHINERY,7929.90,JAPAN,ASIA,"Nation: BRAZIL
Return a single YES or NO, with no other words. If uncertain, return YES.",True
932,cornflower sky powder cyan linen,SMALL ANODIZED COPPER,LG BOX,5600,MAIL,TAKE BACK RETURN,34.00,62319.62,0.02,1997-02-08,4-NOT SPECIFIED,79054.82,Customer#000000472,MACHINERY,7929.90,JAPAN,ASIA,"Nation: CANADA
Return a single YES or NO, with no other words. If uncertain, return YES.",True
932,cornflower sky powder cyan linen,SMALL ANODIZED COPPER,LG BOX,5600,MAIL,TAKE BACK RETURN,34.00,62319.62,0.02,1997-02-08,4-NOT SPECIFIED,79054.82,Customer#000000472,MACHINERY,7929.90,JAPAN,ASIA,"Nation: EGYPT
Return a single YES or NO, with no other words. If uncertain, return YES.",True
932,cornflower sky powder cyan linen,SMALL ANODIZED COPPER,LG BOX,5600,MAIL,TAKE BACK RETURN,34.00,62319.62,0.02,1997-02-08,4-NOT SPECIFIED,79054.82,Customer#000000472,MACHINERY,7929.90,JAPAN,ASIA,"Nation: ETHIOPIA
Return a single YES or NO, with no other words. If uncertain, return YES.",True
932,cornflower sky powder cyan linen,SMALL ANODIZED COPPER,LG BOX,5600,MAIL,TAKE BACK RETURN,34.00,62319.62,0.02,1997-02-08,4-NOT SPECIFIED,79054.82,Customer#000000472,MACHINERY,7929.90,JAPAN,ASIA,"Nation: FRANCE
Return a single YES or NO, with no other words. If uncertain, return YES.",True
932,cornflower sky powder cyan linen,SMALL ANODIZED COPPER,LG BOX,5600,MAIL,TAKE BACK RETURN,34.00,62319.62,0.02,1997-02-08,4-NOT SPECIFIED,79054.82,Customer#000000472,MACHINERY,7929.90,JAPAN,ASIA,"Nation: GERMANY
Return a single YES or NO, with no other words. If uncertain, return YES.",True
932,cornflower sky powder cyan linen,SMALL ANODIZED COPPER,LG BOX,5600,MAIL,TAKE BACK RETURN,34.00,62319.62,0.02,1997-02-08,4-NOT SPECIFIED,79054.82,Customer#000000472,MACHINERY,7929.90,JAPAN,ASIA,"Nation: INDIA
Return a single YES or NO, with no other words. If uncertain, return YES.",True
932,cornflower sky powder cyan linen,SMALL ANODIZED COPPER,LG BOX,5600,MAIL,TAKE BACK RETURN,34.00,62319.62,0.02,1997-02-08,4-NOT SPECIFIED,79054.82,Customer#000000472,MACHINERY,7929.90,JAPAN,ASIA,"Nation: INDONESIA
Return a single YES or NO, with no other words. If uncertain, return YES.",True
932,cornflower sky powder cyan linen,SMALL ANODIZED COPPER,LG BOX,5600,MAIL,TAKE BACK RETURN,34.00,62319.62,0.02,1997-02-08,4-NOT SPECIFIED,79054.82,Customer#000000472,MACHINERY,7929.90,JAPAN,ASIA,"Nation: IRAN
Return a single YES or NO, with no other words. If uncertain, return YES.",True
932,cornflower sky powder cyan linen,SMALL ANODIZED COPPER,LG BOX,5600,MAIL,TAKE BACK RETURN,34.00,62319.62,0.02,1997-02-08,4-NOT SPECIFIED,79054.82,Customer#000000472,MACHINERY,7929.90,JAPAN,ASIA,"Nation: IRAQ
Return a single YES or NO, with no other words. If uncertain, return YES.",True
932,cornflower sky powder cyan linen,SMALL ANODIZED COPPER,LG BOX,5600,MAIL,TAKE BACK RETURN,34.00,62319.62,0.02,1997-02-08,4-NOT SPECIFIED,79054.82,Customer#000000472,MACHINERY,7929.90,JAPAN,ASIA,"Nation: JAPAN
Return a single YES or NO, with no other words. If uncertain, return YES.",True
932,cornflower sky powder cyan linen,SMALL ANODIZED COPPER,LG BOX,5600,MAIL,TAKE BACK RETURN,34.00,62319.62,0.02,1997-02-08,4-NOT SPECIFIED,79054.82,Customer#000000472,MACHINERY,7929.90,JAPAN,ASIA,"Nation: JORDAN
Return a single YES or NO, with no other words. If uncertain, return YES.",True
932,cornflower sky powder cyan linen,SMALL ANODIZED COPPER,LG BOX,5600,MAIL,TAKE BACK RETURN,34.00,62319.62,0.02,1997-02-08,4-NOT SPECIFIED,79054.82,Customer#000000472,MACHINERY,7929.90,JAPAN,ASIA,"Nation: KENYA
Return a single YES or NO, with no other words. If uncertain, return YES.",True
932,cornflower sky powder cyan linen,SMALL ANODIZED COPPER,LG BOX,5600,MAIL,TAKE BACK RETURN,34.00,62319.62,0.02,1997-02-08,4-NOT SPECIFIED,79054.82,Customer#000000472,MACHINERY,7929.90,JAPAN,ASIA,"Nation: MOROCCO
Return a single YES or NO, with no other words. If uncertain, return YES.",True
932,cornflower sky powder cyan linen,SMALL ANODIZED COPPER,LG BOX,5600,MAIL,TAKE BACK RETURN,34.00,62319.62,0.02,1997-02-08,4-NOT SPECIFIED,79054.82,Customer#000000472,MACHINERY,7929.90,JAPAN,ASIA,"Nation: MOZAMBIQUE
Return a single YES or NO, with no other words. If uncertain, return YES.",True
932,cornflower sky powder cyan linen,SMALL ANODIZED COPPER,LG BOX,5600,MAIL,TAKE BACK RETURN,34.00,62319.62,0.02,1997-02-08,4-NOT SPECIFIED,79054.82,Customer#000000472,MACHINERY,7929.90,JAPAN,ASIA,"Nation: PERU
Return a single YES or NO, with no other words. If uncertain, return YES.",True
932,cornflower sky powder cyan linen,SMALL ANODIZED COPPER,LG BOX,5600,MAIL,TAKE BACK RETURN,34.00,62319.62,0.02,1997-02-08,4-NOT SPECIFIED,79054.82,Customer#000000472,MACHINERY,7929.90,JAPAN,ASIA,"Nation: CHINA
Return a single YES or NO, with no other words. If uncertain, return YES.",True
932,cornflower sky powder cyan linen,SMALL ANODIZED COPPER,LG BOX,5600,MAIL,TAKE BACK RETURN,34.00,62319.62,0.02,1997-02-08,4-NOT SPECIFIED,79054.82,Customer#000000472,MACHINERY,7929.90,JAPAN,ASIA,"Nation: ROMANIA
Return a single YES or NO, with no other words. If uncertain, return YES.",True
932,cornflower sky powder cyan linen,SMALL ANODIZED COPPER,LG BOX,5600,MAIL,TAKE BACK RETURN,34.00,62319.62,0.02,1997-02-08,4-NOT SPECIFIED,79054.82,Customer#000000472,MACHINERY,7929.90,JAPAN,ASIA,"Nation: SAUDI ARABIA
Return a single YES or NO, with no other words. If uncertain, return YES.",True
932,cornflower sky powder cyan linen,SMALL ANODIZED COPPER,LG BOX,5600,MAIL,TAKE BACK RETURN,34.00,62319.62,0.02,1997-02-08,4-NOT SPECIFIED,79054.82,Customer#000000472,MACHINERY,7929.90,JAPAN,ASIA,"Nation: VIETNAM
Return a single YES or NO, with no other words. If uncertain, return YES.",True
932,cornflower sky powder cyan linen,SMALL ANODIZED COPPER,LG BOX,5600,MAIL,TAKE BACK RETURN,34.00,62319.62,0.02,1997-02-08,4-NOT SPECIFIED,79054.82,Customer#000000472,MACHINERY,7929.90,JAPAN,ASIA,"Nation: RUSSIA
Return a single YES or NO, with no other words. If uncertain, return YES.",True
932,cornflower sky powder cyan linen,SMALL ANODIZED COPPER,LG BOX,5600,MAIL,TAKE BACK RETURN,34.00,62319.62,0.02,1997-02-08,4-NOT SPECIFIED,79054.82,Customer#000000472,MACHINERY,7929.90,JAPAN,ASIA,"Nation: UNITED KINGDOM
Return a single YES or NO, with no other words. If uncertain, return YES.",True
932,cornflower sky powder cyan linen,SMALL ANODIZED COPPER,LG BOX,5600,MAIL,TAKE BACK RETURN,34.00,62319.62,0.02,1997-02-08,4-NOT SPECIFIED,79054.82,Customer#000000472,MACHINERY,7929.90,JAPAN,ASIA,"Nation: UNITED STATES
Return a single YES or NO, with no other words. If uncertain, return YES.",True
895,thistle azure magenta mint burnished,MEDIUM BRUSHED STEEL,SM BOX,13059,AIR,DELIVER IN PERSON,35.00,62856.15,0.05,1997-05-31,5-LOW,232548.03,Customer#000000068,HOUSEHOLD,6853.37,JAPAN,ASIA,"Nation: ALGERIA
Return a single YES or NO, with no other words. If uncertain, return YES.",True
895,thistle azure magenta mint burnished,MEDIUM BRUSHED STEEL,SM BOX,13059,AIR,DELIVER IN PERSON,35.00,62856.15,0.05,1997-05-31,5-LOW,232548.03,Customer#000000068,HOUSEHOLD,6853.37,JAPAN,ASIA,"Nation: ARGENTINA
Return a single YES or NO, with no other words. If uncertain, return YES.",True
895,thistle azure magenta mint burnished,MEDIUM BRUSHED STEEL,SM BOX,13059,AIR,DELIVER IN PERSON,35.00,62856.15,0.05,1997-05-31,5-LOW,232548.03,Customer#000000068,HOUSEHOLD,6853.37,JAPAN,ASIA,"Nation: BRAZIL
Return a single YES or NO, with no other words. If uncertain, return YES.",True
895,thistle azure magenta mint burnished,MEDIUM BRUSHED STEEL,SM BOX,13059,AIR,DELIVER IN PERSON,35.00,62856.15,0.05,1997-05-31,5-LOW,232548.03,Customer#000000068,HOUSEHOLD,6853.37,JAPAN,ASIA,"Nation: CANADA
Return a single YES or NO, with no other words. If uncertain, return YES.",True
895,thistle azure magenta mint burnished,MEDIUM BRUSHED STEEL,SM BOX,13059,AIR,DELIVER IN PERSON,35.00,62856.15,0.05,1997-05-31,5-LOW,232548.03,Customer#000000068,HOUSEHOLD,6853.37,JAPAN,ASIA,"Nation: EGYPT
Return a single YES or NO, with no other words. If uncertain, return YES.",True
895,thistle azure magenta mint burnished,MEDIUM BRUSHED STEEL,SM BOX,13059,AIR,DELIVER IN PERSON,35.00,62856.15,0.05,1997-05-31,5-LOW,232548.03,Customer#000000068,HOUSEHOLD,6853.37,JAPAN,ASIA,"Nation: ETHIOPIA
Return a single YES or NO, with no other words. If uncertain, return YES.",True
895,thistle azure magenta mint burnished,MEDIUM BRUSHED STEEL,SM BOX,13059,AIR,DELIVER IN PERSON,35.00,62856.15,0.05,1997-05-31,5-LOW,232548.03,Customer#000000068,HOUSEHOLD,6853.37,JAPAN,ASIA,"Nation: FRANCE
Return a single YES or NO, with no other words. If uncertain, return YES.",True
895,thistle azure magenta mint burnished,MEDIUM BRUSHED STEEL,SM BOX,13059,AIR,DELIVER IN PERSON,35.00,62856.15,0.05,1997-05-31,5-LOW,232548.03,Customer#000000068,HOUSEHOLD,6853.37,JAPAN,ASIA,"Nation: GERMANY
Return a single YES or NO, with no other words. If uncertain, return YES.",True
895,thistle azure magenta mint burnished,MEDIUM BRUSHED STEEL,SM BOX,13059,AIR,DELIVER IN PERSON,35.00,62856.15,0.05,1997-05-31,5-LOW,232548.03,Customer#000000068,HOUSEHOLD,6853.37,JAPAN,ASIA,"Nation: INDIA
Return a single YES or NO, with no other words. If uncertain, return YES.",True
895,thistle azure magenta mint burnished,MEDIUM BRUSHED STEEL,SM BOX,13059,AIR,DELIVER IN PERSON,35.00,62856.15,0.05,1997-05-31,5-LOW,232548.03,Customer#000000068,HOUSEHOLD,6853.37,JAPAN,ASIA,"Nation: INDONESIA
Return a single YES or NO, with no other words. If uncertain, return YES.",True
895,thistle azure magenta mint burnished,MEDIUM BRUSHED STEEL,SM BOX,13059,AIR,DELIVER IN PERSON,35.00,62856.15,0.05,1997-05-31,5-LOW,232548.03,Customer#000000068,HOUSEHOLD,6853.37,JAPAN,ASIA,"Nation: IRAN
Return a single YES or NO, with no other words. If uncertain, return YES.",True
895,thistle azure magenta mint burnished,MEDIUM BRUSHED STEEL,SM BOX,13059,AIR,DELIVER IN PERSON,35.00,62856.15,0.05,1997-05-31,5-LOW,232548.03,Customer#000000068,HOUSEHOLD,6853.37,JAPAN,ASIA,"Nation: IRAQ
Return a single YES or NO, with no other words. If uncertain, return YES.",True
895,thistle azure magenta mint burnished,MEDIUM BRUSHED STEEL,SM BOX,13059,AIR,DELIVER IN PERSON,35.00,62856.15,0.05,1997-05-31,5-LOW,232548.03,Customer#000000068,HOUSEHOLD,6853.37,JAPAN,ASIA,"Nation: JAPAN
Return a single YES or NO, with no other words. If uncertain, return YES.",True
895,thistle azure magenta mint burnished,MEDIUM BRUSHED STEEL,SM BOX,13059,AIR,DELIVER IN PERSON,35.00,62856.15,0.05,1997-05-31,5-LOW,232548.03,Customer#000000068,HOUSEHOLD,6853.37,JAPAN,ASIA,"Nation: JORDAN
Return a single YES or NO, with no other words. If uncertain, return YES.",True
895,thistle azure magenta mint burnished,MEDIUM BRUSHED STEEL,SM BOX,13059,AIR,DELIVER IN PERSON,35.00,62856.15,0.05,1997-05-31,5-LOW,232548.03,Customer#000000068,HOUSEHOLD,6853.37,JAPAN,ASIA,"Nation: KENYA
Return a single YES or NO, with no other words. If uncertain, return YES.",True
895,thistle azure magenta mint burnished,MEDIUM BRUSHED STEEL,SM BOX,13059,AIR,DELIVER IN PERSON,35.00,62856.15,0.05,1997-05-31,5-LOW,232548.03,Customer#000000068,HOUSEHOLD,6853.37,JAPAN,ASIA,"Nation: MOROCCO
Return a single YES or NO, with no other words. If uncertain, return YES.",True
895,thistle azure magenta mint burnished,MEDIUM BRUSHED STEEL,SM BOX,13059,AIR,DELIVER IN PERSON,35.00,62856.15,0.05,1997-05-31,5-LOW,232548.03,Customer#000000068,HOUSEHOLD,6853.37,JAPAN,ASIA,"Nation: MOZAMBIQUE
Return a single YES or NO, with no other words. If uncertain, return YES.",True
895,thistle azure magenta mint burnished,MEDIUM BRUSHED STEEL,SM BOX,13059,AIR,DELIVER IN PERSON,35.00,62856.15,0.05,1997-05-31,5-LOW,232548.03,Customer#000000068,HOUSEHOLD,6853.37,JAPAN,ASIA,"Nation: PERU
Return a single YES or NO, with no other words. If uncertain, return YES.",True
895,thistle azure magenta mint burnished,MEDIUM BRUSHED STEEL,SM BOX,13059,AIR,DELIVER IN PERSON,35.00,62856.15,0.05,1997-05-31,5-LOW,232548.03,Customer#000000068,HOUSEHOLD,6853.37,JAPAN,ASIA,"Nation: CHINA
Return a single YES or NO, with no other words. If uncertain, return YES.",True
895,thistle azure magenta mint burnished,MEDIUM BRUSHED STEEL,SM BOX,13059,AIR,DELIVER IN PERSON,35.00,62856.15,0.05,1997-05-31,5-LOW,232548.03,Customer#000000068,HOUSEHOLD,6853.37,JAPAN,ASIA,"Nation: ROMANIA
Return a single YES or NO, with no other words. If uncertain, return YES.",True
895,thistle azure magenta mint burnished,MEDIUM BRUSHED STEEL,SM BOX,13059,AIR,DELIVER IN PERSON,35.00,62856.15,0.05,1997-05-31,5-LOW,232548.03,Customer#000000068,HOUSEHOLD,6853.37,JAPAN,ASIA,"Nation: SAUDI ARABIA
Return a single YES or NO, with no other words. If uncertain, return YES.",True
895,thistle azure magenta mint burnished,MEDIUM BRUSHED STEEL,SM BOX,13059,AIR,DELIVER IN PERSON,35.00,62856.15,0.05,1997-05-31,5-LOW,232548.03,Customer#000000068,HOUSEHOLD,6853.37,JAPAN,ASIA,"Nation: VIETNAM
Return a single YES or NO, with no other words. If uncertain, return YES.",True
895,thistle azure magenta mint burnished,MEDIUM BRUSHED STEEL,SM BOX,13059,AIR,DELIVER IN PERSON,35.00,62856.15,0.05,1997-05-31,5-LOW,232548.03,Customer#000000068,HOUSEHOLD,6853.37,JAPAN,ASIA,"Nation: RUSSIA
Return a single YES or NO, with no other words. If uncertain, return YES.",True
895,thistle azure magenta mint burnished,MEDIUM BRUSHED STEEL,SM BOX,13059,AIR,DELIVER IN PERSON,35.00,62856.15,0.05,1997-05-31,5-LOW,232548.03,Customer#000000068,HOUSEHOLD,6853.37,JAPAN,ASIA,"Nation: UNITED KINGDOM
Return a single YES or NO, with no other words. If uncertain, return YES.",True
895,thistle azure magenta mint burnished,MEDIUM BRUSHED STEEL,SM BOX,13059,AIR,DELIVER IN PERSON,35.00,62856.15,0.05,1997-05-31,5-LOW,232548.03,Customer#000000068,HOUSEHOLD,6853.37,JAPAN,ASIA,"Nation: UNITED STATES
Return a single YES or NO, with no other words. If uncertain, return YES.",True
369,drab plum olive firebrick beige,SMALL POLISHED BRASS,SM BOX,17030,REG AIR,DELIVER IN PERSON,14.00,17771.04,0.10,1997-07-26,3-MEDIUM,238315.05,Customer#000000215,FURNITURE,3379.20,INDONESIA,ASIA,"Nation: ALGERIA
Return a single YES or NO, with no other words. If uncertain, return YES.",True
369,drab plum olive firebrick beige,SMALL POLISHED BRASS,SM BOX,17030,REG AIR,DELIVER IN PERSON,14.00,17771.04,0.10,1997-07-26,3-MEDIUM,238315.05,Customer#000000215,FURNITURE,3379.20,INDONESIA,ASIA,"Nation: ARGENTINA
Return a single YES or NO, with no other words. If uncertain, return YES.",True
369,drab plum olive firebrick beige,SMALL POLISHED BRASS,SM BOX,17030,REG AIR,DELIVER IN PERSON,14.00,17771.04,0.10,1997-07-26,3-MEDIUM,238315.05,Customer#000000215,FURNITURE,3379.20,INDONESIA,ASIA,"Nation: BRAZIL
Return a single YES or NO, with no other words. If uncertain, return YES.",True
369,drab plum olive firebrick beige,SMALL POLISHED BRASS,SM BOX,17030,REG AIR,DELIVER IN PERSON,14.00,17771.04,0.10,1997-07-26,3-MEDIUM,238315.05,Customer#000000215,FURNITURE,3379.20,INDONESIA,ASIA,"Nation: CANADA
Return a single YES or NO, with no other words. If uncertain, return YES.",True
369,drab plum olive firebrick beige,SMALL POLISHED BRASS,SM BOX,17030,REG AIR,DELIVER IN PERSON,14.00,17771.04,0.10,1997-07-26,3-MEDIUM,238315.05,Customer#000000215,FURNITURE,3379.20,INDONESIA,ASIA,"Nation: EGYPT
Return a single YES or NO, with no other words. If uncertain, return YES.",True
369,drab plum olive firebrick beige,SMALL POLISHED BRASS,SM BOX,17030,REG AIR,DELIVER IN PERSON,14.00,17771.04,0.10,1997-07-26,3-MEDIUM,238315.05,Customer#000000215,FURNITURE,3379.20,INDONESIA,ASIA,"Nation: ETHIOPIA
Return a single YES or NO, with no other words. If uncertain, return YES.",True
369,drab plum olive firebrick beige,SMALL POLISHED BRASS,SM BOX,17030,REG AIR,DELIVER IN PERSON,14.00,17771.04,0.10,1997-07-26,3-MEDIUM,238315.05,Customer#000000215,FURNITURE,3379.20,INDONESIA,ASIA,"Nation: FRANCE
Return a single YES or NO, with no other words. If uncertain, return YES.",True
369,drab plum olive firebrick beige,SMALL POLISHED BRASS,SM BOX,17030,REG AIR,DELIVER IN PERSON,14.00,17771.04,0.10,1997-07-26,3-MEDIUM,238315.05,Customer#000000215,FURNITURE,3379.20,INDONESIA,ASIA,"Nation: GERMANY
Return a single YES or NO, with no other words. If uncertain, return YES.",True
369,drab plum olive firebrick beige,SMALL POLISHED BRASS,SM BOX,17030,REG AIR,DELIVER IN PERSON,14.00,17771.04,0.10,1997-07-26,3-MEDIUM,238315.05,Customer#000000215,FURNITURE,3379.20,INDONESIA,ASIA,"Nation: INDIA
Return a single YES or NO, with no other words. If uncertain, return YES.",True
369,drab plum olive firebrick beige,SMALL POLISHED BRASS,SM BOX,17030,REG AIR,DELIVER IN PERSON,14.00,17771.04,0.10,1997-07-26,3-MEDIUM,238315.05,Customer#000000215,FURNITURE,3379.20,INDONESIA,ASIA,"Nation: INDONESIA
Return a single YES or NO, with no other words. If uncertain, return YES.",True
369,drab plum olive firebrick beige,SMALL POLISHED BRASS,SM BOX,17030,REG AIR,DELIVER IN PERSON,14.00,17771.04,0.10,1997-07-26,3-MEDIUM,238315.05,Customer#000000215,FURNITURE,3379.20,INDONESIA,ASIA,"Nation: IRAN
Return a single YES or NO, with no other words. If uncertain, return YES.",True
369,drab plum olive firebrick beige,SMALL POLISHED BRASS,SM BOX,17030,REG AIR,DELIVER IN PERSON,14.00,17771.04,0.10,1997-07-26,3-MEDIUM,238315.05,Customer#000000215,FURNITURE,3379.20,INDONESIA,ASIA,"Nation: IRAQ
Return a single YES or NO, with no other words. If uncertain, return YES.",True
369,drab plum olive firebrick beige,SMALL POLISHED BRASS,SM BOX,17030,REG AIR,DELIVER IN PERSON,14.00,17771.04,0.10,1997-07-26,3-MEDIUM,238315.05,Customer#000000215,FURNITURE,3379.20,INDONESIA,ASIA,"Nation: JAPAN
Return a single YES or NO, with no other words. If uncertain, return YES.",True
369,drab plum olive firebrick beige,SMALL POLISHED BRASS,SM BOX,17030,REG AIR,DELIVER IN PERSON,14.00,17771.04,0.10,1997-07-26,3-MEDIUM,238315.05,Customer#000000215,FURNITURE,3379.20,INDONESIA,ASIA,"Nation: JORDAN
Return a single YES or NO, with no other words. If uncertain, return YES.",True
369,drab plum olive firebrick beige,SMALL POLISHED BRASS,SM BOX,17030,REG AIR,DELIVER IN PERSON,14.00,17771.04,0.10,1997-07-26,3-MEDIUM,238315.05,Customer#000000215,FURNITURE,3379.20,INDONESIA,ASIA,"Nation: KENYA
Return a single YES or NO, with no other words. If uncertain, return YES.",True
369,drab plum olive firebrick beige,SMALL POLISHED BRASS,SM BOX,17030,REG AIR,DELIVER IN PERSON,14.00,17771.04,0.10,1997-07-26,3-MEDIUM,238315.05,Customer#000000215,FURNITURE,3379.20,INDONESIA,ASIA,"Nation: MOROCCO
Return a single YES or NO, with no other words. If uncertain, return YES.",True
369,drab plum olive firebrick beige,SMALL POLISHED BRASS,SM BOX,17030,REG AIR,DELIVER IN PERSON,14.00,17771.04,0.10,1997-07-26,3-MEDIUM,238315.05,Customer#000000215,FURNITURE,3379.20,INDONESIA,ASIA,"Nation: MOZAMBIQUE
Return a single YES or NO, with no other words. If uncertain, return YES.",True
369,drab plum olive firebrick beige,SMALL POLISHED BRASS,SM BOX,17030,REG AIR,DELIVER IN PERSON,14.00,17771.04,0.10,1997-07-26,3-MEDIUM,238315.05,Customer#000000215,FURNITURE,3379.20,INDONESIA,ASIA,"Nation: PERU
Return a single YES or NO, with no other words. If uncertain, return YES.",True
369,drab plum olive firebrick beige,SMALL POLISHED BRASS,SM BOX,17030,REG AIR,DELIVER IN PERSON,14.00,17771.04,0.10,1997-07-26,3-MEDIUM,238315.05,Customer#000000215,FURNITURE,3379.20,INDONESIA,ASIA,"Nation: CHINA
Return a single YES or NO, with no other words. If uncertain, return YES.",True
369,drab plum olive firebrick beige,SMALL POLISHED BRASS,SM BOX,17030,REG AIR,DELIVER IN PERSON,14.00,17771.04,0.10,1997-07-26,3-MEDIUM,238315.05,Customer#000000215,FURNITURE,3379.20,INDONESIA,ASIA,"Nation: ROMANIA
Return a single YES or NO, with no other words. If uncertain, return YES.",True
369,drab plum olive firebrick beige,SMALL POLISHED BRASS,SM BOX,17030,REG AIR,DELIVER IN PERSON,14.00,17771.04,0.10,1997-07-26,3-MEDIUM,238315.05,Customer#000000215,FURNITURE,3379.20,INDONESIA,ASIA,"Nation: SAUDI ARABIA
Return a single YES or NO, with no other words. If uncertain, return YES.",True
369,drab plum olive firebrick beige,SMALL POLISHED BRASS,SM BOX,17030,REG AIR,DELIVER IN PERSON,14.00,17771.04,0.10,1997-07-26,3-MEDIUM,238315.05,Customer#000000215,FURNITURE,3379.20,INDONESIA,ASIA,"Nation: VIETNAM
Return a single YES or NO, with no other words. If uncertain, return YES.",True
369,drab plum olive firebrick beige,SMALL POLISHED BRASS,SM BOX,17030,REG AIR,DELIVER IN PERSON,14.00,17771.04,0.10,1997-07-26,3-MEDIUM,238315.05,Customer#000000215,FURNITURE,3379.20,INDONESIA,ASIA,"Nation: RUSSIA
Return a single YES or NO, with no other words. If uncertain, return YES.",True
369,drab plum olive firebrick beige,SMALL POLISHED BRASS,SM BOX,17030,REG AIR,DELIVER IN PERSON,14.00,17771.04,0.10,1997-07-26,3-MEDIUM,238315.05,Customer#000000215,FURNITURE,3379.20,INDONESIA,ASIA,"Nation: UNITED KINGDOM
Return a single YES or NO, with no other words. If uncertain, return YES.",True
369,drab plum olive firebrick beige,SMALL POLISHED BRASS,SM BOX,17030,REG AIR,DELIVER IN PERSON,14.00,17771.04,0.10,1997-07-26,3-MEDIUM,238315.05,Customer#000000215,FURNITURE,3379.20,INDONESIA,ASIA,"Nation: UNITED STATES
Return a single YES or NO, with no other words. If uncertain, return YES.",True
404,maroon olive pink rose cornflower,STANDARD ANODIZED NICKEL,SM CASE,18049,REG AIR,DELIVER IN PERSON,34.00,44349.60,0.08,1994-08-14,3-MEDIUM,187262.62,Customer#000000383,MACHINERY,-849.44,BRAZIL,AMERICA,"Nation: ALGERIA
Return a single YES or NO, with no other words. If uncertain, return YES.",True
404,maroon olive pink rose cornflower,STANDARD ANODIZED NICKEL,SM CASE,18049,REG AIR,DELIVER IN PERSON,34.00,44349.60,0.08,1994-08-14,3-MEDIUM,187262.62,Customer#000000383,MACHINERY,-849.44,BRAZIL,AMERICA,"Nation: ARGENTINA
Return a single YES or NO, with no other words. If uncertain, return YES.",True
404,maroon olive pink rose cornflower,STANDARD ANODIZED NICKEL,SM CASE,18049,REG AIR,DELIVER IN PERSON,34.00,44349.60,0.08,1994-08-14,3-MEDIUM,187262.62,Customer#000000383,MACHINERY,-849.44,BRAZIL,AMERICA,"Nation: BRAZIL
Return a single YES or NO, with no other words. If uncertain, return YES.",True
404,maroon olive pink rose cornflower,STANDARD ANODIZED NICKEL,SM CASE,18049,REG AIR,DELIVER IN PERSON,34.00,44349.60,0.08,1994-08-14,3-MEDIUM,187262.62,Customer#000000383,MACHINERY,-849.44,BRAZIL,AMERICA,"Nation: CANADA
Return a single YES or NO, with no other words. If uncertain, return YES.",True
404,maroon olive pink rose cornflower,STANDARD ANODIZED NICKEL,SM CASE,18049,REG AIR,DELIVER IN PERSON,34.00,44349.60,0.08,1994-08-14,3-MEDIUM,187262.62,Customer#000000383,MACHINERY,-849.44,BRAZIL,AMERICA,"Nation: EGYPT
Return a single YES or NO, with no other words. If uncertain, return YES.",True
404,maroon olive pink rose cornflower,STANDARD ANODIZED NICKEL,SM CASE,18049,REG AIR,DELIVER IN PERSON,34.00,44349.60,0.08,1994-08-14,3-MEDIUM,187262.62,Customer#000000383,MACHINERY,-849.44,BRAZIL,AMERICA,"Nation: ETHIOPIA
Return a single YES or NO, with no other words. If uncertain, return YES.",True
404,maroon olive pink rose cornflower,STANDARD ANODIZED NICKEL,SM CASE,18049,REG AIR,DELIVER IN PERSON,34.00,44349.60,0.08,1994-08-14,3-MEDIUM,187262.62,Customer#000000383,MACHINERY,-849.44,BRAZIL,AMERICA,"Nation: FRANCE
Return a single YES or NO, with no other words. If uncertain, return YES.",True
404,maroon olive pink rose cornflower,STANDARD ANODIZED NICKEL,SM CASE,18049,REG AIR,DELIVER IN PERSON,34.00,44349.60,0.08,1994-08-14,3-MEDIUM,187262.62,Customer#000000383,MACHINERY,-849.44,BRAZIL,AMERICA,"Nation: GERMANY
Return a single YES or NO, with no other words. If uncertain, return YES.",True
404,maroon olive pink rose cornflower,STANDARD ANODIZED NICKEL,SM CASE,18049,REG AIR,DELIVER IN PERSON,34.00,44349.60,0.08,1994-08-14,3-MEDIUM,187262.62,Customer#000000383,MACHINERY,-849.44,BRAZIL,AMERICA,"Nation: INDIA
Return a single YES or NO, with no other words. If uncertain, return YES.",True
404,maroon olive pink rose cornflower,STANDARD ANODIZED NICKEL,SM CASE,18049,REG AIR,DELIVER IN PERSON,34.00,44349.60,0.08,1994-08-14,3-MEDIUM,187262.62,Customer#000000383,MACHINERY,-849.44,BRAZIL,AMERICA,"Nation: INDONESIA
Return a single YES or NO, with no other words. If uncertain, return YES.",True
404,maroon olive pink rose cornflower,STANDARD ANODIZED NICKEL,SM CASE,18049,REG AIR,DELIVER IN PERSON,34.00,44349.60,0.08,1994-08-14,3-MEDIUM,187262.62,Customer#000000383,MACHINERY,-849.44,BRAZIL,AMERICA,"Nation: IRAN
Return a single YES or NO, with no other words. If uncertain, return YES.",True
404,maroon olive pink rose cornflower,STANDARD ANODIZED NICKEL,SM CASE,18049,REG AIR,DELIVER IN PERSON,34.00,44349.60,0.08,1994-08-14,3-MEDIUM,187262.62,Customer#000000383,MACHINERY,-849.44,BRAZIL,AMERICA,"Nation: IRAQ
Return a single YES or NO, with no other words. If uncertain, return YES.",True
404,maroon olive pink rose cornflower,STANDARD ANODIZED NICKEL,SM CASE,18049,REG AIR,DELIVER IN PERSON,34.00,44349.60,0.08,1994-08-14,3-MEDIUM,187262.62,Customer#000000383,MACHINERY,-849.44,BRAZIL,AMERICA,"Nation: JAPAN
Return a single YES or NO, with no other words. If uncertain, return YES.",True
404,maroon olive pink rose cornflower,STANDARD ANODIZED NICKEL,SM CASE,18049,REG AIR,DELIVER IN PERSON,34.00,44349.60,0.08,1994-08-14,3-MEDIUM,187262.62,Customer#000000383,MACHINERY,-849.44,BRAZIL,AMERICA,"Nation: JORDAN
Return a single YES or NO, with no other words. If uncertain, return YES.",True
404,maroon olive pink rose cornflower,STANDARD ANODIZED NICKEL,SM CASE,18049,REG AIR,DELIVER IN PERSON,34.00,44349.60,0.08,1994-08-14,3-MEDIUM,187262.62,Customer#000000383,MACHINERY,-849.44,BRAZIL,AMERICA,"Nation: KENYA
Return a single YES or NO, with no other words. If uncertain, return YES.",True
404,maroon olive pink rose cornflower,STANDARD ANODIZED NICKEL,SM CASE,18049,REG AIR,DELIVER IN PERSON,34.00,44349.60,0.08,1994-08-14,3-MEDIUM,187262.62,Customer#000000383,MACHINERY,-849.44,BRAZIL,AMERICA,"Nation: MOROCCO
Return a single YES or NO, with no other words. If uncertain, return YES.",True
404,maroon olive pink rose cornflower,STANDARD ANODIZED NICKEL,SM CASE,18049,REG AIR,DELIVER IN PERSON,34.00,44349.60,0.08,1994-08-14,3-MEDIUM,187262.62,Customer#000000383,MACHINERY,-849.44,BRAZIL,AMERICA,"Nation: MOZAMBIQUE
Return a single YES or NO, with no other words. If uncertain, return YES.",True
404,maroon olive pink rose cornflower,STANDARD ANODIZED NICKEL,SM CASE,18049,REG AIR,DELIVER IN PERSON,34.00,44349.60,0.08,1994-08-14,3-MEDIUM,187262.62,Customer#000000383,MACHINERY,-849.44,BRAZIL,AMERICA,"Nation: PERU
Return a single YES or NO, with no other words. If uncertain, return YES.",True
404,maroon olive pink rose cornflower,STANDARD ANODIZED NICKEL,SM CASE,18049,REG AIR,DELIVER IN PERSON,34.00,44349.60,0.08,1994-08-14,3-MEDIUM,187262.62,Customer#000000383,MACHINERY,-849.44,BRAZIL,AMERICA,"Nation: CHINA
Return a single YES or NO, with no other words. If uncertain, return YES.",True
404,maroon olive pink rose cornflower,STANDARD ANODIZED NICKEL,SM CASE,18049,REG AIR,DELIVER IN PERSON,34.00,44349.60,0.08,1994-08-14,3-MEDIUM,187262.62,Customer#000000383,MACHINERY,-849.44,BRAZIL,AMERICA,"Nation: ROMANIA
Return a single YES or NO, with no other words. If uncertain, return YES.",True
404,maroon olive pink rose cornflower,STANDARD ANODIZED NICKEL,SM CASE,18049,REG AIR,DELIVER IN PERSON,34.00,44349.60,0.08,1994-08-14,3-MEDIUM,187262.62,Customer#000000383,MACHINERY,-849.44,BRAZIL,AMERICA,"Nation: SAUDI ARABIA
Return a single YES or NO, with no other words. If uncertain, return YES.",True
404,maroon olive pink rose cornflower,STANDARD ANODIZED NICKEL,SM CASE,18049,REG AIR,DELIVER IN PERSON,34.00,44349.60,0.08,1994-08-14,3-MEDIUM,187262.62,Customer#000000383,MACHINERY,-849.44,BRAZIL,AMERICA,"Nation: VIETNAM
Return a single YES or NO, with no other words. If uncertain, return YES.",True
404,maroon olive pink rose cornflower,STANDARD ANODIZED NICKEL,SM CASE,18049,REG AIR,DELIVER IN PERSON,34.00,44349.60,0.08,1994-08-14,3-MEDIUM,187262.62,Customer#000000383,MACHINERY,-849.44,BRAZIL,AMERICA,"Nation: RUSSIA
Return a single YES or NO, with no other words. If uncertain, return YES.",True
404,maroon olive pink rose cornflower,STANDARD ANODIZED NICKEL,SM CASE,18049,REG AIR,DELIVER IN PERSON,34.00,44349.60,0.08,1994-08-14,3-MEDIUM,187262.62,Customer#000000383,MACHINERY,-849.44,BRAZIL,AMERICA,"Nation: UNITED KINGDOM
Return a single YES or NO, with no other words. If uncertain, return YES.",True
404,maroon olive pink rose cornflower,STANDARD ANODIZED NICKEL,SM CASE,18049,REG AIR,DELIVER IN PERSON,34.00,44349.60,0.08,1994-08-14,3-MEDIUM,187262.62,Customer#000000383,MACHINERY,-849.44,BRAZIL,AMERICA,"Nation: UNITED STATES
Return a single YES or NO, with no other words. If uncertain, return YES.",True
821,smoke drab rose hot spring,PROMO POLISHED TIN,MED BOX,23621,REG AIR,DELIVER IN PERSON,28.00,48210.96,0.03,1996-12-29,3-MEDIUM,214948.72,Customer#000000394,MACHINERY,5200.96,UNITED KINGDOM,EUROPE,"Nation: ALGERIA
Return a single YES or NO, with no other words. If uncertain, return YES.",True
821,smoke drab rose hot spring,PROMO POLISHED TIN,MED BOX,23621,REG AIR,DELIVER IN PERSON,28.00,48210.96,0.03,1996-12-29,3-MEDIUM,214948.72,Customer#000000394,MACHINERY,5200.96,UNITED KINGDOM,EUROPE,"Nation: ARGENTINA
Return a single YES or NO, with no other words. If uncertain, return YES.",True
821,smoke drab rose hot spring,PROMO POLISHED TIN,MED BOX,23621,REG AIR,DELIVER IN PERSON,28.00,48210.96,0.03,1996-12-29,3-MEDIUM,214948.72,Customer#000000394,MACHINERY,5200.96,UNITED KINGDOM,EUROPE,"Nation: BRAZIL
Return a single YES or NO, with no other words. If uncertain, return YES.",True
821,smoke drab rose hot spring,PROMO POLISHED TIN,MED BOX,23621,REG AIR,DELIVER IN PERSON,28.00,48210.96,0.03,1996-12-29,3-MEDIUM,214948.72,Customer#000000394,MACHINERY,5200.96,UNITED KINGDOM,EUROPE,"Nation: CANADA
Return a single YES or NO, with no other words. If uncertain, return YES.",True
821,smoke drab rose hot spring,PROMO POLISHED TIN,MED BOX,23621,REG AIR,DELIVER IN PERSON,28.00,48210.96,0.03,1996-12-29,3-MEDIUM,214948.72,Customer#000000394,MACHINERY,5200.96,UNITED KINGDOM,EUROPE,"Nation: EGYPT
Return a single YES or NO, with no other words. If uncertain, return YES.",True
821,smoke drab rose hot spring,PROMO POLISHED TIN,MED BOX,23621,REG AIR,DELIVER IN PERSON,28.00,48210.96,0.03,1996-12-29,3-MEDIUM,214948.72,Customer#000000394,MACHINERY,5200.96,UNITED KINGDOM,EUROPE,"Nation: ETHIOPIA
Return a single YES or NO, with no other words. If uncertain, return YES.",True
821,smoke drab rose hot spring,PROMO POLISHED TIN,MED BOX,23621,REG AIR,DELIVER IN PERSON,28.00,48210.96,0.03,1996-12-29,3-MEDIUM,214948.72,Customer#000000394,MACHINERY,5200.96,UNITED KINGDOM,EUROPE,"Nation: FRANCE
Return a single YES or NO, with no other words. If uncertain, return YES.",True
821,smoke drab rose hot spring,PROMO POLISHED TIN,MED BOX,23621,REG AIR,DELIVER IN PERSON,28.00,48210.96,0.03,1996-12-29,3-MEDIUM,214948.72,Customer#000000394,MACHINERY,5200.96,UNITED KINGDOM,EUROPE,"Nation: GERMANY
Return a single YES or NO, with no other words. If uncertain, return YES.",True
821,smoke drab rose hot spring,PROMO POLISHED TIN,MED BOX,23621,REG AIR,DELIVER IN PERSON,28.00,48210.96,0.03,1996-12-29,3-MEDIUM,214948.72,Customer#000000394,MACHINERY,5200.96,UNITED KINGDOM,EUROPE,"Nation: INDIA
Return a single YES or NO, with no other words. If uncertain, return YES.",True
821,smoke drab rose hot spring,PROMO POLISHED TIN,MED BOX,23621,REG AIR,DELIVER IN PERSON,28.00,48210.96,0.03,1996-12-29,3-MEDIUM,214948.72,Customer#000000394,MACHINERY,5200.96,UNITED KINGDOM,EUROPE,"Nation: INDONESIA
Return a single YES or NO, with no other words. If uncertain, return YES.",True
821,smoke drab rose hot spring,PROMO POLISHED TIN,MED BOX,23621,REG AIR,DELIVER IN PERSON,28.00,48210.96,0.03,1996-12-29,3-MEDIUM,214948.72,Customer#000000394,MACHINERY,5200.96,UNITED KINGDOM,EUROPE,"Nation: IRAN
Return a single YES or NO, with no other words. If uncertain, return YES.",True
821,smoke drab rose hot spring,PROMO POLISHED TIN,MED BOX,23621,REG AIR,DELIVER IN PERSON,28.00,48210.96,0.03,1996-12-29,3-MEDIUM,214948.72,Customer#000000394,MACHINERY,5200.96,UNITED KINGDOM,EUROPE,"Nation: IRAQ
Return a single YES or NO, with no other words. If uncertain, return YES.",True
821,smoke drab rose hot spring,PROMO POLISHED TIN,MED BOX,23621,REG AIR,DELIVER IN PERSON,28.00,48210.96,0.03,1996-12-29,3-MEDIUM,214948.72,Customer#000000394,MACHINERY,5200.96,UNITED KINGDOM,EUROPE,"Nation: JAPAN
Return a single YES or NO, with no other words. If uncertain, return YES.",True
821,smoke drab rose hot spring,PROMO POLISHED TIN,MED BOX,23621,REG AIR,DELIVER IN PERSON,28.00,48210.96,0.03,1996-12-29,3-MEDIUM,214948.72,Customer#000000394,MACHINERY,5200.96,UNITED KINGDOM,EUROPE,"Nation: JORDAN
Return a single YES or NO, with no other words. If uncertain, return YES.",True
821,smoke drab rose hot spring,PROMO POLISHED TIN,MED BOX,23621,REG AIR,DELIVER IN PERSON,28.00,48210.96,0.03,1996-12-29,3-MEDIUM,214948.72,Customer#000000394,MACHINERY,5200.96,UNITED KINGDOM,EUROPE,"Nation: KENYA
Return a single YES or NO, with no other words. If uncertain, return YES.",True
821,smoke drab rose hot spring,PROMO POLISHED TIN,MED BOX,23621,REG AIR,DELIVER IN PERSON,28.00,48210.96,0.03,1996-12-29,3-MEDIUM,214948.72,Customer#000000394,MACHINERY,5200.96,UNITED KINGDOM,EUROPE,"Nation: MOROCCO
Return a single YES or NO, with no other words. If uncertain, return YES.",True
821,smoke drab rose hot spring,PROMO POLISHED TIN,MED BOX,23621,REG AIR,DELIVER IN PERSON,28.00,48210.96,0.03,1996-12-29,3-MEDIUM,214948.72,Customer#000000394,MACHINERY,5200.96,UNITED KINGDOM,EUROPE,"Nation: MOZAMBIQUE
Return a single YES or NO, with no other words. If uncertain, return YES.",True
821,smoke drab rose hot spring,PROMO POLISHED TIN,MED BOX,23621,REG AIR,DELIVER IN PERSON,28.00,48210.96,0.03,1996-12-29,3-MEDIUM,214948.72,Customer#000000394,MACHINERY,5200.96,UNITED KINGDOM,EUROPE,"Nation: PERU
Return a single YES or NO, with no other words. If uncertain, return YES.",True
821,smoke drab rose hot spring,PROMO POLISHED TIN,MED BOX,23621,REG AIR,DELIVER IN PERSON,28.00,48210.96,0.03,1996-12-29,3-MEDIUM,214948.72,Customer#000000394,MACHINERY,5200.96,UNITED KINGDOM,EUROPE,"Nation: CHINA
Return a single YES or NO, with no other words. If uncertain, return YES.",True
821,smoke drab rose hot spring,PROMO POLISHED TIN,MED BOX,23621,REG AIR,DELIVER IN PERSON,28.00,48210.96,0.03,1996-12-29,3-MEDIUM,214948.72,Customer#000000394,MACHINERY,5200.96,UNITED KINGDOM,EUROPE,"Nation: ROMANIA
Return a single YES or NO, with no other words. If uncertain, return YES.",True
821,smoke drab rose hot spring,PROMO POLISHED TIN,MED BOX,23621,REG AIR,DELIVER IN PERSON,28.00,48210.96,0.03,1996-12-29,3-MEDIUM,214948.72,Customer#000000394,MACHINERY,5200.96,UNITED KINGDOM,EUROPE,"Nation: SAUDI ARABIA
Return a single YES or NO, with no other words. If uncertain, return YES.",True
821,smoke drab rose hot spring,PROMO POLISHED TIN,MED BOX,23621,REG AIR,DELIVER IN PERSON,28.00,48210.96,0.03,1996-12-29,3-MEDIUM,214948.72,Customer#000000394,MACHINERY,5200.96,UNITED KINGDOM,EUROPE,"Nation: VIETNAM
Return a single YES or NO, with no other words. If uncertain, return YES.",True
821,smoke drab rose hot spring,PROMO POLISHED TIN,MED BOX,23621,REG AIR,DELIVER IN PERSON,28.00,48210.96,0.03,1996-12-29,3-MEDIUM,214948.72,Customer#000000394,MACHINERY,5200.96,UNITED KINGDOM,EUROPE,"Nation: RUSSIA
Return a single YES or NO, with no other words. If uncertain, return YES.",True
821,smoke drab rose hot spring,PROMO POLISHED TIN,MED BOX,23621,REG AIR,DELIVER IN PERSON,28.00,48210.96,0.03,1996-12-29,3-MEDIUM,214948.72,Customer#000000394,MACHINERY,5200.96,UNITED KINGDOM,EUROPE,"Nation: UNITED KINGDOM
Return a single YES or NO, with no other words. If uncertain, return YES.",True
821,smoke drab rose hot spring,PROMO POLISHED TIN,MED BOX,23621,REG AIR,DELIVER IN PERSON,28.00,48210.96,0.03,1996-12-29,3-MEDIUM,214948.72,Customer#000000394,MACHINERY,5200.96,UNITED KINGDOM,EUROPE,"Nation: UNITED STATES
Return a single YES or NO, with no other words. If uncertain, return YES.",True
618,ivory wheat smoke deep lemon,PROMO BRUSHED BRASS,LG BOX,27108,MAIL,DELIVER IN PERSON,29.00,44039.69,0.00,1996-04-17,3-MEDIUM,214744.13,Customer#000000277,BUILDING,8876.10,UNITED KINGDOM,EUROPE,"Nation: ALGERIA
Return a single YES or NO, with no other words. If uncertain, return YES.",True
618,ivory wheat smoke deep lemon,PROMO BRUSHED BRASS,LG BOX,27108,MAIL,DELIVER IN PERSON,29.00,44039.69,0.00,1996-04-17,3-MEDIUM,214744.13,Customer#000000277,BUILDING,8876.10,UNITED KINGDOM,EUROPE,"Nation: ARGENTINA
Return a single YES or NO, with no other words. If uncertain, return YES.",True
618,ivory wheat smoke deep lemon,PROMO BRUSHED BRASS,LG BOX,27108,MAIL,DELIVER IN PERSON,29.00,44039.69,0.00,1996-04-17,3-MEDIUM,214744.13,Customer#000000277,BUILDING,8876.10,UNITED KINGDOM,EUROPE,"Nation: BRAZIL
Return a single YES or NO, with no other words. If uncertain, return YES.",True
618,ivory wheat smoke deep lemon,PROMO BRUSHED BRASS,LG BOX,27108,MAIL,DELIVER IN PERSON,29.00,44039.69,0.00,1996-04-17,3-MEDIUM,214744.13,Customer#000000277,BUILDING,8876.10,UNITED KINGDOM,EUROPE,"Nation: CANADA
Return a single YES or NO, with no other words. If uncertain, return YES.",True
618,ivory wheat smoke deep lemon,PROMO BRUSHED BRASS,LG BOX,27108,MAIL,DELIVER IN PERSON,29.00,44039.69,0.00,1996-04-17,3-MEDIUM,214744.13,Customer#000000277,BUILDING,8876.10,UNITED KINGDOM,EUROPE,"Nation: EGYPT
Return a single YES or NO, with no other words. If uncertain, return YES.",True
618,ivory wheat smoke deep lemon,PROMO BRUSHED BRASS,LG BOX,27108,MAIL,DELIVER IN PERSON,29.00,44039.69,0.00,1996-04-17,3-MEDIUM,214744.13,Customer#000000277,BUILDING,8876.10,UNITED KINGDOM,EUROPE,"Nation: ETHIOPIA
Return a single YES or NO, with no other words. If uncertain, return YES.",True
618,ivory wheat smoke deep lemon,PROMO BRUSHED BRASS,LG BOX,27108,MAIL,DELIVER IN PERSON,29.00,44039.69,0.00,1996-04-17,3-MEDIUM,214744.13,Customer#000000277,BUILDING,8876.10,UNITED KINGDOM,EUROPE,"Nation: FRANCE
Return a single YES or NO, with no other words. If uncertain, return YES.",True
618,ivory wheat smoke deep lemon,PROMO BRUSHED BRASS,LG BOX,27108,MAIL,DELIVER IN PERSON,29.00,44039.69,0.00,1996-04-17,3-MEDIUM,214744.13,Customer#000000277,BUILDING,8876.10,UNITED KINGDOM,EUROPE,"Nation: GERMANY
Return a single YES or NO, with no other words. If uncertain, return YES.",True
618,ivory wheat smoke deep lemon,PROMO BRUSHED BRASS,LG BOX,27108,MAIL,DELIVER IN PERSON,29.00,44039.69,0.00,1996-04-17,3-MEDIUM,214744.13,Customer#000000277,BUILDING,8876.10,UNITED KINGDOM,EUROPE,"Nation: INDIA
Return a single YES or NO, with no other words. If uncertain, return YES.",True
618,ivory wheat smoke deep lemon,PROMO BRUSHED BRASS,LG BOX,27108,MAIL,DELIVER IN PERSON,29.00,44039.69,0.00,1996-04-17,3-MEDIUM,214744.13,Customer#000000277,BUILDING,8876.10,UNITED KINGDOM,EUROPE,"Nation: INDONESIA
Return a single YES or NO, with no other words. If uncertain, return YES.",True
618,ivory wheat smoke deep lemon,PROMO BRUSHED BRASS,LG BOX,27108,MAIL,DELIVER IN PERSON,29.00,44039.69,0.00,1996-04-17,3-MEDIUM,214744.13,Customer#000000277,BUILDING,8876.10,UNITED KINGDOM,EUROPE,"Nation: IRAN
Return a single YES or NO, with no other words. If uncertain, return YES.",True
618,ivory wheat smoke deep lemon,PROMO BRUSHED BRASS,LG BOX,27108,MAIL,DELIVER IN PERSON,29.00,44039.69,0.00,1996-04-17,3-MEDIUM,214744.13,Customer#000000277,BUILDING,8876.10,UNITED KINGDOM,EUROPE,"Nation: IRAQ
Return a single YES or NO, with no other words. If uncertain, return YES.",True
618,ivory wheat smoke deep lemon,PROMO BRUSHED BRASS,LG BOX,27108,MAIL,DELIVER IN PERSON,29.00,44039.69,0.00,1996-04-17,3-MEDIUM,214744.13,Customer#000000277,BUILDING,8876.10,UNITED KINGDOM,EUROPE,"Nation: JAPAN
Return a single YES or NO, with no other words. If uncertain, return YES.",True
618,ivory wheat smoke deep lemon,PROMO BRUSHED BRASS,LG BOX,27108,MAIL,DELIVER IN PERSON,29.00,44039.69,0.00,1996-04-17,3-MEDIUM,214744.13,Customer#000000277,BUILDING,8876.10,UNITED KINGDOM,EUROPE,"Nation: JORDAN
Return a single YES or NO, with no other words. If uncertain, return YES.",True
618,ivory wheat smoke deep lemon,PROMO BRUSHED BRASS,LG BOX,27108,MAIL,DELIVER IN PERSON,29.00,44039.69,0.00,1996-04-17,3-MEDIUM,214744.13,Customer#000000277,BUILDING,8876.10,UNITED KINGDOM,EUROPE,"Nation: KENYA
Return a single YES or NO, with no other words. If uncertain, return YES.",True
618,ivory wheat smoke deep lemon,PROMO BRUSHED BRASS,LG BOX,27108,MAIL,DELIVER IN PERSON,29.00,44039.69,0.00,1996-04-17,3-MEDIUM,214744.13,Customer#000000277,BUILDING,8876.10,UNITED KINGDOM,EUROPE,"Nation: MOROCCO
Return a single YES or NO, with no other words. If uncertain, return YES.",True
618,ivory wheat smoke deep lemon,PROMO BRUSHED BRASS,LG BOX,27108,MAIL,DELIVER IN PERSON,29.00,44039.69,0.00,1996-04-17,3-MEDIUM,214744.13,Customer#000000277,BUILDING,8876.10,UNITED KINGDOM,EUROPE,"Nation: MOZAMBIQUE
Return a single YES or NO, with no other words. If uncertain, return YES.",True
618,ivory wheat smoke deep lemon,PROMO BRUSHED BRASS,LG BOX,27108,MAIL,DELIVER IN PERSON,29.00,44039.69,0.00,1996-04-17,3-MEDIUM,214744.13,Customer#000000277,BUILDING,8876.10,UNITED KINGDOM,EUROPE,"Nation: PERU
Return a single YES or NO, with no other words. If uncertain, return YES.",True
618,ivory wheat smoke deep lemon,PROMO BRUSHED BRASS,LG BOX,27108,MAIL,DELIVER IN PERSON,29.00,44039.69,0.00,1996-04-17,3-MEDIUM,214744.13,Customer#000000277,BUILDING,8876.10,UNITED KINGDOM,EUROPE,"Nation: CHINA
Return a single YES or NO, with no other words. If uncertain, return YES.",True
618,ivory wheat smoke deep lemon,PROMO BRUSHED BRASS,LG BOX,27108,MAIL,DELIVER IN PERSON,29.00,44039.69,0.00,1996-04-17,3-MEDIUM,214744.13,Customer#000000277,BUILDING,8876.10,UNITED KINGDOM,EUROPE,"Nation: ROMANIA
Return a single YES or NO, with no other words. If uncertain, return YES.",True
618,ivory wheat smoke deep lemon,PROMO BRUSHED BRASS,LG BOX,27108,MAIL,DELIVER IN PERSON,29.00,44039.69,0.00,1996-04-17,3-MEDIUM,214744.13,Customer#000000277,BUILDING,8876.10,UNITED KINGDOM,EUROPE,"Nation: SAUDI ARABIA
Return a single YES or NO, with no other words. If uncertain, return YES.",True
618,ivory wheat smoke deep lemon,PROMO BRUSHED BRASS,LG BOX,27108,MAIL,DELIVER IN PERSON,29.00,44039.69,0.00,1996-04-17,3-MEDIUM,214744.13,Customer#000000277,BUILDING,8876.10,UNITED KINGDOM,EUROPE,"Nation: VIETNAM
Return a single YES or NO, with no other words. If uncertain, return YES.",True
618,ivory wheat smoke deep lemon,PROMO BRUSHED BRASS,LG BOX,27108,MAIL,DELIVER IN PERSON,29.00,44039.69,0.00,1996-04-17,3-MEDIUM,214744.13,Customer#000000277,BUILDING,8876.10,UNITED KINGDOM,EUROPE,"Nation: RUSSIA
Return a single YES or NO, with no other words. If uncertain, return YES.",True
618,ivory wheat smoke deep lemon,PROMO BRUSHED BRASS,LG BOX,27108,MAIL,DELIVER IN PERSON,29.00,44039.69,0.00,1996-04-17,3-MEDIUM,214744.13,Customer#000000277,BUILDING,8876.10,UNITED KINGDOM,EUROPE,"Nation: UNITED KINGDOM
Return a single YES or NO, with no other words. If uncertain, return YES.",True
618,ivory wheat smoke deep lemon,PROMO BRUSHED BRASS,LG BOX,27108,MAIL,DELIVER IN PERSON,29.00,44039.69,0.00,1996-04-17,3-MEDIUM,214744.13,Customer#000000277,BUILDING,8876.10,UNITED KINGDOM,EUROPE,"Nation: UNITED STATES
Return a single YES or NO, with no other words. If uncertain, return YES.",True
148,yellow white ghost lavender salmon,STANDARD PLATED STEEL,SM BOX,27363,REG AIR,TAKE BACK RETURN,21.00,22010.94,0.10,1995-10-19,3-MEDIUM,106063.70,Customer#000000518,BUILDING,9871.66,PERU,AMERICA,"Nation: ALGERIA
Return a single YES or NO, with no other words. If uncertain, return YES.",True
148,yellow white ghost lavender salmon,STANDARD PLATED STEEL,SM BOX,27363,REG AIR,TAKE BACK RETURN,21.00,22010.94,0.10,1995-10-19,3-MEDIUM,106063.70,Customer#000000518,BUILDING,9871.66,PERU,AMERICA,"Nation: ARGENTINA
Return a single YES or NO, with no other words. If uncertain, return YES.",True
148,yellow white ghost lavender salmon,STANDARD PLATED STEEL,SM BOX,27363,REG AIR,TAKE BACK RETURN,21.00,22010.94,0.10,1995-10-19,3-MEDIUM,106063.70,Customer#000000518,BUILDING,9871.66,PERU,AMERICA,"Nation: BRAZIL
Return a single YES or NO, with no other words. If uncertain, return YES.",True
148,yellow white ghost lavender salmon,STANDARD PLATED STEEL,SM BOX,27363,REG AIR,TAKE BACK RETURN,21.00,22010.94,0.10,1995-10-19,3-MEDIUM,106063.70,Customer#000000518,BUILDING,9871.66,PERU,AMERICA,"Nation: CANADA
Return a single YES or NO, with no other words. If uncertain, return YES.",True
148,yellow white ghost lavender salmon,STANDARD PLATED STEEL,SM BOX,27363,REG AIR,TAKE BACK RETURN,21.00,22010.94,0.10,1995-10-19,3-MEDIUM,106063.70,Customer#000000518,BUILDING,9871.66,PERU,AMERICA,"Nation: EGYPT
Return a single YES or NO, with no other words. If uncertain, return YES.",True
148,yellow white ghost lavender salmon,STANDARD PLATED STEEL,SM BOX,27363,REG AIR,TAKE BACK RETURN,21.00,22010.94,0.10,1995-10-19,3-MEDIUM,106063.70,Customer#000000518,BUILDING,9871.66,PERU,AMERICA,"Nation: ETHIOPIA
Return a single YES or NO, with no other words. If uncertain, return YES.",True
148,yellow white ghost lavender salmon,STANDARD PLATED STEEL,SM BOX,27363,REG AIR,TAKE BACK RETURN,21.00,22010.94,0.10,1995-10-19,3-MEDIUM,106063.70,Customer#000000518,BUILDING,9871.66,PERU,AMERICA,"Nation: FRANCE
Return a single YES or NO, with no other words. If uncertain, return YES.",True
148,yellow white ghost lavender salmon,STANDARD PLATED STEEL,SM BOX,27363,REG AIR,TAKE BACK RETURN,21.00,22010.94,0.10,1995-10-19,3-MEDIUM,106063.70,Customer#000000518,BUILDING,9871.66,PERU,AMERICA,"Nation: GERMANY
Return a single YES or NO, with no other words. If uncertain, return YES.",True
148,yellow white ghost lavender salmon,STANDARD PLATED STEEL,SM BOX,27363,REG AIR,TAKE BACK RETURN,21.00,22010.94,0.10,1995-10-19,3-MEDIUM,106063.70,Customer#000000518,BUILDING,9871.66,PERU,AMERICA,"Nation: INDIA
Return a single YES or NO, with no other words. If uncertain, return YES.",True
148,yellow white ghost lavender salmon,STANDARD PLATED STEEL,SM BOX,27363,REG AIR,TAKE BACK RETURN,21.00,22010.94,0.10,1995-10-19,3-MEDIUM,106063.70,Customer#000000518,BUILDING,9871.66,PERU,AMERICA,"Nation: INDONESIA
Return a single YES or NO, with no other words. If uncertain, return YES.",True
148,yellow white ghost lavender salmon,STANDARD PLATED STEEL,SM BOX,27363,REG AIR,TAKE BACK RETURN,21.00,22010.94,0.10,1995-10-19,3-MEDIUM,106063.70,Customer#000000518,BUILDING,9871.66,PERU,AMERICA,"Nation: IRAN
Return a single YES or NO, with no other words. If uncertain, return YES.",True
148,yellow white ghost lavender salmon,STANDARD PLATED STEEL,SM BOX,27363,REG AIR,TAKE BACK RETURN,21.00,22010.94,0.10,1995-10-19,3-MEDIUM,106063.70,Customer#000000518,BUILDING,9871.66,PERU,AMERICA,"Nation: IRAQ
Return a single YES or NO, with no other words. If uncertain, return YES.",True
148,yellow white ghost lavender salmon,STANDARD PLATED STEEL,SM BOX,27363,REG AIR,TAKE BACK RETURN,21.00,22010.94,0.10,1995-10-19,3-MEDIUM,106063.70,Customer#000000518,BUILDING,9871.66,PERU,AMERICA,"Nation: JAPAN
Return a single YES or NO, with no other words. If uncertain, return YES.",True
148,yellow white ghost lavender salmon,STANDARD PLATED STEEL,SM BOX,27363,REG AIR,TAKE BACK RETURN,21.00,22010.94,0.10,1995-10-19,3-MEDIUM,106063.70,Customer#000000518,BUILDING,9871.66,PERU,AMERICA,"Nation: JORDAN
Return a single YES or NO, with no other words. If uncertain, return YES.",True
148,yellow white ghost lavender salmon,STANDARD PLATED STEEL,SM BOX,27363,REG AIR,TAKE BACK RETURN,21.00,22010.94,0.10,1995-10-19,3-MEDIUM,106063.70,Customer#000000518,BUILDING,9871.66,PERU,AMERICA,"Nation: KENYA
Return a single YES or NO, with no other words. If uncertain, return YES.",True
148,yellow white ghost lavender salmon,STANDARD PLATED STEEL,SM BOX,27363,REG AIR,TAKE BACK RETURN,21.00,22010.94,0.10,1995-10-19,3-MEDIUM,106063.70,Customer#000000518,BUILDING,9871.66,PERU,AMERICA,"Nation: MOROCCO
Return a single YES or NO, with no other words. If uncertain, return YES.",True
148,yellow white ghost lavender salmon,STANDARD PLATED STEEL,SM BOX,27363,REG AIR,TAKE BACK RETURN,21.00,22010.94,0.10,1995-10-19,3-MEDIUM,106063.70,Customer#000000518,BUILDING,9871.66,PERU,AMERICA,"Nation: MOZAMBIQUE
Return a single YES or NO, with no other words. If uncertain, return YES.",True
148,yellow white ghost lavender salmon,STANDARD PLATED STEEL,SM BOX,27363,REG AIR,TAKE BACK RETURN,21.00,22010.94,0.10,1995-10-19,3-MEDIUM,106063.70,Customer#000000518,BUILDING,9871.66,PERU,AMERICA,"Nation: PERU
Return a single YES or NO, with no other words. If uncertain, return YES.",True
148,yellow white ghost lavender salmon,STANDARD PLATED STEEL,SM BOX,27363,REG AIR,TAKE BACK RETURN,21.00,22010.94,0.10,1995-10-19,3-MEDIUM,106063.70,Customer#000000518,BUILDING,9871.66,PERU,AMERICA,"Nation: CHINA
Return a single YES or NO, with no other words. If uncertain, return YES.",True
148,yellow white ghost lavender salmon,STANDARD PLATED STEEL,SM BOX,27363,REG AIR,TAKE BACK RETURN,21.00,22010.94,0.10,1995-10-19,3-MEDIUM,106063.70,Customer#000000518,BUILDING,9871.66,PERU,AMERICA,"Nation: ROMANIA
Return a single YES or NO, with no other words. If uncertain, return YES.",True
148,yellow white ghost lavender salmon,STANDARD PLATED STEEL,SM BOX,27363,REG AIR,TAKE BACK RETURN,21.00,22010.94,0.10,1995-10-19,3-MEDIUM,106063.70,Customer#000000518,BUILDING,9871.66,PERU,AMERICA,"Nation: SAUDI ARABIA
Return a single YES or NO, with no other words. If uncertain, return YES.",True
148,yellow white ghost lavender salmon,STANDARD PLATED STEEL,SM BOX,27363,REG AIR,TAKE BACK RETURN,21.00,22010.94,0.10,1995-10-19,3-MEDIUM,106063.70,Customer#000000518,BUILDING,9871.66,PERU,AMERICA,"Nation: VIETNAM
Return a single YES or NO, with no other words. If uncertain, return YES.",True
148,yellow white ghost lavender salmon,STANDARD PLATED STEEL,SM BOX,27363,REG AIR,TAKE BACK RETURN,21.00,22010.94,0.10,1995-10-19,3-MEDIUM,106063.70,Customer#000000518,BUILDING,9871.66,PERU,AMERICA,"Nation: RUSSIA
Return a single YES or NO, with no other words. If uncertain, return YES.",True
148,yellow white ghost lavender salmon,STANDARD PLATED STEEL,SM BOX,27363,REG AIR,TAKE BACK RETURN,21.00,22010.94,0.10,1995-10-19,3-MEDIUM,106063.70,Customer#000000518,BUILDING,9871.66,PERU,AMERICA,"Nation: UNITED KINGDOM
Return a single YES or NO, with no other words. If uncertain, return YES.",True
148,yellow white ghost lavender salmon,STANDARD PLATED STEEL,SM BOX,27363,REG AIR,TAKE BACK RETURN,21.00,22010.94,0.10,1995-10-19,3-MEDIUM,106063.70,Customer#000000518,BUILDING,9871.66,PERU,AMERICA,"Nation: UNITED STATES
Return a single YES or NO, with no other words. If uncertain, return YES.",True
507,red misty salmon ivory khaki,SMALL ANODIZED BRASS,SM CASE,29152,TRUCK,TAKE BACK RETURN,24.00,33780.00,0.06,1995-07-24,5-LOW,201223.31,Customer#000000346,FURNITURE,238.14,BRAZIL,AMERICA,"Nation: ALGERIA
Return a single YES or NO, with no other words. If uncertain, return YES.",True
507,red misty salmon ivory khaki,SMALL ANODIZED BRASS,SM CASE,29152,TRUCK,TAKE BACK RETURN,24.00,33780.00,0.06,1995-07-24,5-LOW,201223.31,Customer#000000346,FURNITURE,238.14,BRAZIL,AMERICA,"Nation: ARGENTINA
Return a single YES or NO, with no other words. If uncertain, return YES.",True
507,red misty salmon ivory khaki,SMALL ANODIZED BRASS,SM CASE,29152,TRUCK,TAKE BACK RETURN,24.00,33780.00,0.06,1995-07-24,5-LOW,201223.31,Customer#000000346,FURNITURE,238.14,BRAZIL,AMERICA,"Nation: BRAZIL
Return a single YES or NO, with no other words. If uncertain, return YES.",True
507,red misty salmon ivory khaki,SMALL ANODIZED BRASS,SM CASE,29152,TRUCK,TAKE BACK RETURN,24.00,33780.00,0.06,1995-07-24,5-LOW,201223.31,Customer#000000346,FURNITURE,238.14,BRAZIL,AMERICA,"Nation: CANADA
Return a single YES or NO, with no other words. If uncertain, return YES.",True
507,red misty salmon ivory khaki,SMALL ANODIZED BRASS,SM CASE,29152,TRUCK,TAKE BACK RETURN,24.00,33780.00,0.06,1995-07-24,5-LOW,201223.31,Customer#000000346,FURNITURE,238.14,BRAZIL,AMERICA,"Nation: EGYPT
Return a single YES or NO, with no other words. If uncertain, return YES.",True
507,red misty salmon ivory khaki,SMALL ANODIZED BRASS,SM CASE,29152,TRUCK,TAKE BACK RETURN,24.00,33780.00,0.06,1995-07-24,5-LOW,201223.31,Customer#000000346,FURNITURE,238.14,BRAZIL,AMERICA,"Nation: ETHIOPIA
Return a single YES or NO, with no other words. If uncertain, return YES.",True
507,red misty salmon ivory khaki,SMALL ANODIZED BRASS,SM CASE,29152,TRUCK,TAKE BACK RETURN,24.00,33780.00,0.06,1995-07-24,5-LOW,201223.31,Customer#000000346,FURNITURE,238.14,BRAZIL,AMERICA,"Nation: FRANCE
Return a single YES or NO, with no other words. If uncertain, return YES.",True
507,red misty salmon ivory khaki,SMALL ANODIZED BRASS,SM CASE,29152,TRUCK,TAKE BACK RETURN,24.00,33780.00,0.06,1995-07-24,5-LOW,201223.31,Customer#000000346,FURNITURE,238.14,BRAZIL,AMERICA,"Nation: GERMANY
Return a single YES or NO, with no other words. If uncertain, return YES.",True
507,red misty salmon ivory khaki,SMALL ANODIZED BRASS,SM CASE,29152,TRUCK,TAKE BACK RETURN,24.00,33780.00,0.06,1995-07-24,5-LOW,201223.31,Customer#000000346,FURNITURE,238.14,BRAZIL,AMERICA,"Nation: INDIA
Return a single YES or NO, with no other words. If uncertain, return YES.",True
507,red misty salmon ivory khaki,SMALL ANODIZED BRASS,SM CASE,29152,TRUCK,TAKE BACK RETURN,24.00,33780.00,0.06,1995-07-24,5-LOW,201223.31,Customer#000000346,FURNITURE,238.14,BRAZIL,AMERICA,"Nation: INDONESIA
Return a single YES or NO, with no other words. If uncertain, return YES.",True
507,red misty salmon ivory khaki,SMALL ANODIZED BRASS,SM CASE,29152,TRUCK,TAKE BACK RETURN,24.00,33780.00,0.06,1995-07-24,5-LOW,201223.31,Customer#000000346,FURNITURE,238.14,BRAZIL,AMERICA,"Nation: IRAN
Return a single YES or NO, with no other words. If uncertain, return YES.",True
507,red misty salmon ivory khaki,SMALL ANODIZED BRASS,SM CASE,29152,TRUCK,TAKE BACK RETURN,24.00,33780.00,0.06,1995-07-24,5-LOW,201223.31,Customer#000000346,FURNITURE,238.14,BRAZIL,AMERICA,"Nation: IRAQ
Return a single YES or NO, with no other words. If uncertain, return YES.",True
507,red misty salmon ivory khaki,SMALL ANODIZED BRASS,SM CASE,29152,TRUCK,TAKE BACK RETURN,24.00,33780.00,0.06,1995-07-24,5-LOW,201223.31,Customer#000000346,FURNITURE,238.14,BRAZIL,AMERICA,"Nation: JAPAN
Return a single YES or NO, with no other words. If uncertain, return YES.",True
507,red misty salmon ivory khaki,SMALL ANODIZED BRASS,SM CASE,29152,TRUCK,TAKE BACK RETURN,24.00,33780.00,0.06,1995-07-24,5-LOW,201223.31,Customer#000000346,FURNITURE,238.14,BRAZIL,AMERICA,"Nation: JORDAN
Return a single YES or NO, with no other words. If uncertain, return YES.",True
507,red misty salmon ivory khaki,SMALL ANODIZED BRASS,SM CASE,29152,TRUCK,TAKE BACK RETURN,24.00,33780.00,0.06,1995-07-24,5-LOW,201223.31,Customer#000000346,FURNITURE,238.14,BRAZIL,AMERICA,"Nation: KENYA
Return a single YES or NO, with no other words. If uncertain, return YES.",True
507,red misty salmon ivory khaki,SMALL ANODIZED BRASS,SM CASE,29152,TRUCK,TAKE BACK RETURN,24.00,33780.00,0.06,1995-07-24,5-LOW,201223.31,Customer#000000346,FURNITURE,238.14,BRAZIL,AMERICA,"Nation: MOROCCO
Return a single YES or NO, with no other words. If uncertain, return YES.",True
507,red misty salmon ivory khaki,SMALL ANODIZED BRASS,SM CASE,29152,TRUCK,TAKE BACK RETURN,24.00,33780.00,0.06,1995-07-24,5-LOW,201223.31,Customer#000000346,FURNITURE,238.14,BRAZIL,AMERICA,"Nation: MOZAMBIQUE
Return a single YES or NO, with no other words. If uncertain, return YES.",True
507,red misty salmon ivory khaki,SMALL ANODIZED BRASS,SM CASE,29152,TRUCK,TAKE BACK RETURN,24.00,33780.00,0.06,1995-07-24,5-LOW,201223.31,Customer#000000346,FURNITURE,238.14,BRAZIL,AMERICA,"Nation: PERU
Return a single YES or NO, with no other words. If uncertain, return YES.",True
507,red misty salmon ivory khaki,SMALL ANODIZED BRASS,SM CASE,29152,TRUCK,TAKE BACK RETURN,24.00,33780.00,0.06,1995-07-24,5-LOW,201223.31,Customer#000000346,FURNITURE,238.14,BRAZIL,AMERICA,"Nation: CHINA
Return a single YES or NO, with no other words. If uncertain, return YES.",True
507,red misty salmon ivory khaki,SMALL ANODIZED BRASS,SM CASE,29152,TRUCK,TAKE BACK RETURN,24.00,33780.00,0.06,1995-07-24,5-LOW,201223.31,Customer#000000346,FURNITURE,238.14,BRAZIL,AMERICA,"Nation: ROMANIA
Return a single YES or NO, with no other words. If uncertain, return YES.",True
507,red misty salmon ivory khaki,SMALL ANODIZED BRASS,SM CASE,29152,TRUCK,TAKE BACK RETURN,24.00,33780.00,0.06,1995-07-24,5-LOW,201223.31,Customer#000000346,FURNITURE,238.14,BRAZIL,AMERICA,"Nation: SAUDI ARABIA
Return a single YES or NO, with no other words. If uncertain, return YES.",True
507,red misty salmon ivory khaki,SMALL ANODIZED BRASS,SM CASE,29152,TRUCK,TAKE BACK RETURN,24.00,33780.00,0.06,1995-07-24,5-LOW,201223.31,Customer#000000346,FURNITURE,238.14,BRAZIL,AMERICA,"Nation: VIETNAM
Return a single YES or NO, with no other words. If uncertain, return YES.",True
507,red misty salmon ivory khaki,SMALL ANODIZED BRASS,SM CASE,29152,TRUCK,TAKE BACK RETURN,24.00,33780.00,0.06,1995-07-24,5-LOW,201223.31,Customer#000000346,FURNITURE,238.14,BRAZIL,AMERICA,"Nation: RUSSIA
Return a single YES or NO, with no other words. If uncertain, return YES.",True
507,red misty salmon ivory khaki,SMALL ANODIZED BRASS,SM CASE,29152,TRUCK,TAKE BACK RETURN,24.00,33780.00,0.06,1995-07-24,5-LOW,201223.31,Customer#000000346,FURNITURE,238.14,BRAZIL,AMERICA,"Nation: UNITED KINGDOM
Return a single YES or NO, with no other words. If uncertain, return YES.",True
507,red misty salmon ivory khaki,SMALL ANODIZED BRASS,SM CASE,29152,TRUCK,TAKE BACK RETURN,24.00,33780.00,0.06,1995-07-24,5-LOW,201223.31,Customer#000000346,FURNITURE,238.14,BRAZIL,AMERICA,"Nation: UNITED STATES
Return a single YES or NO, with no other words. If uncertain, return YES.",True
895,thistle azure magenta mint burnished,MEDIUM BRUSHED STEEL,SM BOX,4642,MAIL,DELIVER IN PERSON,41.00,73631.49,0.10,1995-02-27,1-URGENT,185628.40,Customer#000000737,AUTOMOBILE,2501.74,CHINA,ASIA,"Nation: ALGERIA
Return a single YES or NO, with no other words. If uncertain, return YES.",True
895,thistle azure magenta mint burnished,MEDIUM BRUSHED STEEL,SM BOX,4642,MAIL,DELIVER IN PERSON,41.00,73631.49,0.10,1995-02-27,1-URGENT,185628.40,Customer#000000737,AUTOMOBILE,2501.74,CHINA,ASIA,"Nation: ARGENTINA
Return a single YES or NO, with no other words. If uncertain, return YES.",True
895,thistle azure magenta mint burnished,MEDIUM BRUSHED STEEL,SM BOX,4642,MAIL,DELIVER IN PERSON,41.00,73631.49,0.10,1995-02-27,1-URGENT,185628.40,Customer#000000737,AUTOMOBILE,2501.74,CHINA,ASIA,"Nation: BRAZIL
Return a single YES or NO, with no other words. If uncertain, return YES.",True
895,thistle azure magenta mint burnished,MEDIUM BRUSHED STEEL,SM BOX,4642,MAIL,DELIVER IN PERSON,41.00,73631.49,0.10,1995-02-27,1-URGENT,185628.40,Customer#000000737,AUTOMOBILE,2501.74,CHINA,ASIA,"Nation: CANADA
Return a single YES or NO, with no other words. If uncertain, return YES.",True
895,thistle azure magenta mint burnished,MEDIUM BRUSHED STEEL,SM BOX,4642,MAIL,DELIVER IN PERSON,41.00,73631.49,0.10,1995-02-27,1-URGENT,185628.40,Customer#000000737,AUTOMOBILE,2501.74,CHINA,ASIA,"Nation: EGYPT
Return a single YES or NO, with no other words. If uncertain, return YES.",True
895,thistle azure magenta mint burnished,MEDIUM BRUSHED STEEL,SM BOX,4642,MAIL,DELIVER IN PERSON,41.00,73631.49,0.10,1995-02-27,1-URGENT,185628.40,Customer#000000737,AUTOMOBILE,2501.74,CHINA,ASIA,"Nation: ETHIOPIA
Return a single YES or NO, with no other words. If uncertain, return YES.",True
895,thistle azure magenta mint burnished,MEDIUM BRUSHED STEEL,SM BOX,4642,MAIL,DELIVER IN PERSON,41.00,73631.49,0.10,1995-02-27,1-URGENT,185628.40,Customer#000000737,AUTOMOBILE,2501.74,CHINA,ASIA,"Nation: FRANCE
Return a single YES or NO, with no other words. If uncertain, return YES.",True
895,thistle azure magenta mint burnished,MEDIUM BRUSHED STEEL,SM BOX,4642,MAIL,DELIVER IN PERSON,41.00,73631.49,0.10,1995-02-27,1-URGENT,185628.40,Customer#000000737,AUTOMOBILE,2501.74,CHINA,ASIA,"Nation: GERMANY
Return a single YES or NO, with no other words. If uncertain, return YES.",True
895,thistle azure magenta mint burnished,MEDIUM BRUSHED STEEL,SM BOX,4642,MAIL,DELIVER IN PERSON,41.00,73631.49,0.10,1995-02-27,1-URGENT,185628.40,Customer#000000737,AUTOMOBILE,2501.74,CHINA,ASIA,"Nation: INDIA
Return a single YES or NO, with no other words. If uncertain, return YES.",True
895,thistle azure magenta mint burnished,MEDIUM BRUSHED STEEL,SM BOX,4642,MAIL,DELIVER IN PERSON,41.00,73631.49,0.10,1995-02-27,1-URGENT,185628.40,Customer#000000737,AUTOMOBILE,2501.74,CHINA,ASIA,"Nation: INDONESIA
Return a single YES or NO, with no other words. If uncertain, return YES.",True
895,thistle azure magenta mint burnished,MEDIUM BRUSHED STEEL,SM BOX,4642,MAIL,DELIVER IN PERSON,41.00,73631.49,0.10,1995-02-27,1-URGENT,185628.40,Customer#000000737,AUTOMOBILE,2501.74,CHINA,ASIA,"Nation: IRAN
Return a single YES or NO, with no other words. If uncertain, return YES.",True
895,thistle azure magenta mint burnished,MEDIUM BRUSHED STEEL,SM BOX,4642,MAIL,DELIVER IN PERSON,41.00,73631.49,0.10,1995-02-27,1-URGENT,185628.40,Customer#000000737,AUTOMOBILE,2501.74,CHINA,ASIA,"Nation: IRAQ
Return a single YES or NO, with no other words. If uncertain, return YES.",True
895,thistle azure magenta mint burnished,MEDIUM BRUSHED STEEL,SM BOX,4642,MAIL,DELIVER IN PERSON,41.00,73631.49,0.10,1995-02-27,1-URGENT,185628.40,Customer#000000737,AUTOMOBILE,2501.74,CHINA,ASIA,"Nation: JAPAN
Return a single YES or NO, with no other words. If uncertain, return YES.",True
895,thistle azure magenta mint burnished,MEDIUM BRUSHED STEEL,SM BOX,4642,MAIL,DELIVER IN PERSON,41.00,73631.49,0.10,1995-02-27,1-URGENT,185628.40,Customer#000000737,AUTOMOBILE,2501.74,CHINA,ASIA,"Nation: JORDAN
Return a single YES or NO, with no other words. If uncertain, return YES.",True
895,thistle azure magenta mint burnished,MEDIUM BRUSHED STEEL,SM BOX,4642,MAIL,DELIVER IN PERSON,41.00,73631.49,0.10,1995-02-27,1-URGENT,185628.40,Customer#000000737,AUTOMOBILE,2501.74,CHINA,ASIA,"Nation: KENYA
Return a single YES or NO, with no other words. If uncertain, return YES.",True
895,thistle azure magenta mint burnished,MEDIUM BRUSHED STEEL,SM BOX,4642,MAIL,DELIVER IN PERSON,41.00,73631.49,0.10,1995-02-27,1-URGENT,185628.40,Customer#000000737,AUTOMOBILE,2501.74,CHINA,ASIA,"Nation: MOROCCO
Return a single YES or NO, with no other words. If uncertain, return YES.",True
895,thistle azure magenta mint burnished,MEDIUM BRUSHED STEEL,SM BOX,4642,MAIL,DELIVER IN PERSON,41.00,73631.49,0.10,1995-02-27,1-URGENT,185628.40,Customer#000000737,AUTOMOBILE,2501.74,CHINA,ASIA,"Nation: MOZAMBIQUE
Return a single YES or NO, with no other words. If uncertain, return YES.",True
895,thistle azure magenta mint burnished,MEDIUM BRUSHED STEEL,SM BOX,4642,MAIL,DELIVER IN PERSON,41.00,73631.49,0.10,1995-02-27,1-URGENT,185628.40,Customer#000000737,AUTOMOBILE,2501.74,CHINA,ASIA,"Nation: PERU
Return a single YES or NO, with no other words. If uncertain, return YES.",True
895,thistle azure magenta mint burnished,MEDIUM BRUSHED STEEL,SM BOX,4642,MAIL,DELIVER IN PERSON,41.00,73631.49,0.10,1995-02-27,1-URGENT,185628.40,Customer#000000737,AUTOMOBILE,2501.74,CHINA,ASIA,"Nation: CHINA
Return a single YES or NO, with no other words. If uncertain, return YES.",True
895,thistle azure magenta mint burnished,MEDIUM BRUSHED STEEL,SM BOX,4642,MAIL,DELIVER IN PERSON,41.00,73631.49,0.10,1995-02-27,1-URGENT,185628.40,Customer#000000737,AUTOMOBILE,2501.74,CHINA,ASIA,"Nation: ROMANIA
Return a single YES or NO, with no other words. If uncertain, return YES.",True
895,thistle azure magenta mint burnished,MEDIUM BRUSHED STEEL,SM BOX,4642,MAIL,DELIVER IN PERSON,41.00,73631.49,0.10,1995-02-27,1-URGENT,185628.40,Customer#000000737,AUTOMOBILE,2501.74,CHINA,ASIA,"Nation: SAUDI ARABIA
Return a single YES or NO, with no other words. If uncertain, return YES.",True
895,thistle azure magenta mint burnished,MEDIUM BRUSHED STEEL,SM BOX,4642,MAIL,DELIVER IN PERSON,41.00,73631.49,0.10,1995-02-27,1-URGENT,185628.40,Customer#000000737,AUTOMOBILE,2501.74,CHINA,ASIA,"Nation: VIETNAM
Return a single YES or NO, with no other words. If uncertain, return YES.",True
895,thistle azure magenta mint burnished,MEDIUM BRUSHED STEEL,SM BOX,4642,MAIL,DELIVER IN PERSON,41.00,73631.49,0.10,1995-02-27,1-URGENT,185628.40,Customer#000000737,AUTOMOBILE,2501.74,CHINA,ASIA,"Nation: RUSSIA
Return a single YES or NO, with no other words. If uncertain, return YES.",True
895,thistle azure magenta mint burnished,MEDIUM BRUSHED STEEL,SM BOX,4642,MAIL,DELIVER IN PERSON,41.00,73631.49,0.10,1995-02-27,1-URGENT,185628.40,Customer#000000737,AUTOMOBILE,2501.74,CHINA,ASIA,"Nation: UNITED KINGDOM
Return a single YES or NO, with no other words. If uncertain, return YES.",True
895,thistle azure magenta mint burnished,MEDIUM BRUSHED STEEL,SM BOX,4642,MAIL,DELIVER IN PERSON,41.00,73631.49,0.10,1995-02-27,1-URGENT,185628.40,Customer#000000737,AUTOMOBILE,2501.74,CHINA,ASIA,"Nation: UNITED STATES
Return a single YES or NO, with no other words. If uncertain, return YES.",True
917,midnight khaki medium linen peru,SMALL ANODIZED COPPER,SM CASE,6656,TRUCK,TAKE BACK RETURN,26.00,47265.66,0.10,1994-05-16,1-URGENT,214641.39,Customer#000000377,MACHINERY,1043.72,UNITED KINGDOM,EUROPE,"Nation: ALGERIA
Return a single YES or NO, with no other words. If uncertain, return YES.",True
917,midnight khaki medium linen peru,SMALL ANODIZED COPPER,SM CASE,6656,TRUCK,TAKE BACK RETURN,26.00,47265.66,0.10,1994-05-16,1-URGENT,214641.39,Customer#000000377,MACHINERY,1043.72,UNITED KINGDOM,EUROPE,"Nation: ARGENTINA
Return a single YES or NO, with no other words. If uncertain, return YES.",True
917,midnight khaki medium linen peru,SMALL ANODIZED COPPER,SM CASE,6656,TRUCK,TAKE BACK RETURN,26.00,47265.66,0.10,1994-05-16,1-URGENT,214641.39,Customer#000000377,MACHINERY,1043.72,UNITED KINGDOM,EUROPE,"Nation: BRAZIL
Return a single YES or NO, with no other words. If uncertain, return YES.",True
917,midnight khaki medium linen peru,SMALL ANODIZED COPPER,SM CASE,6656,TRUCK,TAKE BACK RETURN,26.00,47265.66,0.10,1994-05-16,1-URGENT,214641.39,Customer#000000377,MACHINERY,1043.72,UNITED KINGDOM,EUROPE,"Nation: CANADA
Return a single YES or NO, with no other words. If uncertain, return YES.",True
917,midnight khaki medium linen peru,SMALL ANODIZED COPPER,SM CASE,6656,TRUCK,TAKE BACK RETURN,26.00,47265.66,0.10,1994-05-16,1-URGENT,214641.39,Customer#000000377,MACHINERY,1043.72,UNITED KINGDOM,EUROPE,"Nation: EGYPT
Return a single YES or NO, with no other words. If uncertain, return YES.",True
917,midnight khaki medium linen peru,SMALL ANODIZED COPPER,SM CASE,6656,TRUCK,TAKE BACK RETURN,26.00,47265.66,0.10,1994-05-16,1-URGENT,214641.39,Customer#000000377,MACHINERY,1043.72,UNITED KINGDOM,EUROPE,"Nation: ETHIOPIA
Return a single YES or NO, with no other words. If uncertain, return YES.",True
917,midnight khaki medium linen peru,SMALL ANODIZED COPPER,SM CASE,6656,TRUCK,TAKE BACK RETURN,26.00,47265.66,0.10,1994-05-16,1-URGENT,214641.39,Customer#000000377,MACHINERY,1043.72,UNITED KINGDOM,EUROPE,"Nation: FRANCE
Return a single YES or NO, with no other words. If uncertain, return YES.",True
917,midnight khaki medium linen peru,SMALL ANODIZED COPPER,SM CASE,6656,TRUCK,TAKE BACK RETURN,26.00,47265.66,0.10,1994-05-16,1-URGENT,214641.39,Customer#000000377,MACHINERY,1043.72,UNITED KINGDOM,EUROPE,"Nation: GERMANY
Return a single YES or NO, with no other words. If uncertain, return YES.",True
917,midnight khaki medium linen peru,SMALL ANODIZED COPPER,SM CASE,6656,TRUCK,TAKE BACK RETURN,26.00,47265.66,0.10,1994-05-16,1-URGENT,214641.39,Customer#000000377,MACHINERY,1043.72,UNITED KINGDOM,EUROPE,"Nation: INDIA
Return a single YES or NO, with no other words. If uncertain, return YES.",True
917,midnight khaki medium linen peru,SMALL ANODIZED COPPER,SM CASE,6656,TRUCK,TAKE BACK RETURN,26.00,47265.66,0.10,1994-05-16,1-URGENT,214641.39,Customer#000000377,MACHINERY,1043.72,UNITED KINGDOM,EUROPE,"Nation: INDONESIA
Return a single YES or NO, with no other words. If uncertain, return YES.",True
917,midnight khaki medium linen peru,SMALL ANODIZED COPPER,SM CASE,6656,TRUCK,TAKE BACK RETURN,26.00,47265.66,0.10,1994-05-16,1-URGENT,214641.39,Customer#000000377,MACHINERY,1043.72,UNITED KINGDOM,EUROPE,"Nation: IRAN
Return a single YES or NO, with no other words. If uncertain, return YES.",True
917,midnight khaki medium linen peru,SMALL ANODIZED COPPER,SM CASE,6656,TRUCK,TAKE BACK RETURN,26.00,47265.66,0.10,1994-05-16,1-URGENT,214641.39,Customer#000000377,MACHINERY,1043.72,UNITED KINGDOM,EUROPE,"Nation: IRAQ
Return a single YES or NO, with no other words. If uncertain, return YES.",True
917,midnight khaki medium linen peru,SMALL ANODIZED COPPER,SM CASE,6656,TRUCK,TAKE BACK RETURN,26.00,47265.66,0.10,1994-05-16,1-URGENT,214641.39,Customer#000000377,MACHINERY,1043.72,UNITED KINGDOM,EUROPE,"Nation: JAPAN
Return a single YES or NO, with no other words. If uncertain, return YES.",True
917,midnight khaki medium linen peru,SMALL ANODIZED COPPER,SM CASE,6656,TRUCK,TAKE BACK RETURN,26.00,47265.66,0.10,1994-05-16,1-URGENT,214641.39,Customer#000000377,MACHINERY,1043.72,UNITED KINGDOM,EUROPE,"Nation: JORDAN
Return a single YES or NO, with no other words. If uncertain, return YES.",True
917,midnight khaki medium linen peru,SMALL ANODIZED COPPER,SM CASE,6656,TRUCK,TAKE BACK RETURN,26.00,47265.66,0.10,1994-05-16,1-URGENT,214641.39,Customer#000000377,MACHINERY,1043.72,UNITED KINGDOM,EUROPE,"Nation: KENYA
Return a single YES or NO, with no other words. If uncertain, return YES.",True
917,midnight khaki medium linen peru,SMALL ANODIZED COPPER,SM CASE,6656,TRUCK,TAKE BACK RETURN,26.00,47265.66,0.10,1994-05-16,1-URGENT,214641.39,Customer#000000377,MACHINERY,1043.72,UNITED KINGDOM,EUROPE,"Nation: MOROCCO
Return a single YES or NO, with no other words. If uncertain, return YES.",True
917,midnight khaki medium linen peru,SMALL ANODIZED COPPER,SM CASE,6656,TRUCK,TAKE BACK RETURN,26.00,47265.66,0.10,1994-05-16,1-URGENT,214641.39,Customer#000000377,MACHINERY,1043.72,UNITED KINGDOM,EUROPE,"Nation: MOZAMBIQUE
Return a single YES or NO, with no other words. If uncertain, return YES.",True
917,midnight khaki medium linen peru,SMALL ANODIZED COPPER,SM CASE,6656,TRUCK,TAKE BACK RETURN,26.00,47265.66,0.10,1994-05-16,1-URGENT,214641.39,Customer#000000377,MACHINERY,1043.72,UNITED KINGDOM,EUROPE,"Nation: PERU
Return a single YES or NO, with no other words. If uncertain, return YES.",True
917,midnight khaki medium linen peru,SMALL ANODIZED COPPER,SM CASE,6656,TRUCK,TAKE BACK RETURN,26.00,47265.66,0.10,1994-05-16,1-URGENT,214641.39,Customer#000000377,MACHINERY,1043.72,UNITED KINGDOM,EUROPE,"Nation: CHINA
Return a single YES or NO, with no other words. If uncertain, return YES.",True
917,midnight khaki medium linen peru,SMALL ANODIZED COPPER,SM CASE,6656,TRUCK,TAKE BACK RETURN,26.00,47265.66,0.10,1994-05-16,1-URGENT,214641.39,Customer#000000377,MACHINERY,1043.72,UNITED KINGDOM,EUROPE,"Nation: ROMANIA
Return a single YES or NO, with no other words. If uncertain, return YES.",True
917,midnight khaki medium linen peru,SMALL ANODIZED COPPER,SM CASE,6656,TRUCK,TAKE BACK RETURN,26.00,47265.66,0.10,1994-05-16,1-URGENT,214641.39,Customer#000000377,MACHINERY,1043.72,UNITED KINGDOM,EUROPE,"Nation: SAUDI ARABIA
Return a single YES or NO, with no other words. If uncertain, return YES.",True
917,midnight khaki medium linen peru,SMALL ANODIZED COPPER,SM CASE,6656,TRUCK,TAKE BACK RETURN,26.00,47265.66,0.10,1994-05-16,1-URGENT,214641.39,Customer#000000377,MACHINERY,1043.72,UNITED KINGDOM,EUROPE,"Nation: VIETNAM
Return a single YES or NO, with no other words. If uncertain, return YES.",True
917,midnight khaki medium linen peru,SMALL ANODIZED COPPER,SM CASE,6656,TRUCK,TAKE BACK RETURN,26.00,47265.66,0.10,1994-05-16,1-URGENT,214641.39,Customer#000000377,MACHINERY,1043.72,UNITED KINGDOM,EUROPE,"Nation: RUSSIA
Return a single YES or NO, with no other words. If uncertain, return YES.",True
917,midnight khaki medium linen peru,SMALL ANODIZED COPPER,SM CASE,6656,TRUCK,TAKE BACK RETURN,26.00,47265.66,0.10,1994-05-16,1-URGENT,214641.39,Customer#000000377,MACHINERY,1043.72,UNITED KINGDOM,EUROPE,"Nation: UNITED KINGDOM
Return a single YES or NO, with no other words. If uncertain, return YES.",True
917,midnight khaki medium linen peru,SMALL ANODIZED COPPER,SM CASE,6656,TRUCK,TAKE BACK RETURN,26.00,47265.66,0.10,1994-05-16,1-URGENT,214641.39,Customer#000000377,MACHINERY,1043.72,UNITED KINGDOM,EUROPE,"Nation: UNITED STATES
Return a single YES or NO, with no other words. If uncertain, return YES.",True
895,thistle azure magenta mint burnished,MEDIUM BRUSHED STEEL,SM BOX,11616,REG AIR,TAKE BACK RETURN,34.00,61060.26,0.03,1996-08-02,2-HIGH,265398.53,Customer#000000202,AUTOMOBILE,2237.64,GERMANY,EUROPE,"Nation: ALGERIA
Return a single YES or NO, with no other words. If uncertain, return YES.",True
895,thistle azure magenta mint burnished,MEDIUM BRUSHED STEEL,SM BOX,11616,REG AIR,TAKE BACK RETURN,34.00,61060.26,0.03,1996-08-02,2-HIGH,265398.53,Customer#000000202,AUTOMOBILE,2237.64,GERMANY,EUROPE,"Nation: ARGENTINA
Return a single YES or NO, with no other words. If uncertain, return YES.",True
895,thistle azure magenta mint burnished,MEDIUM BRUSHED STEEL,SM BOX,11616,REG AIR,TAKE BACK RETURN,34.00,61060.26,0.03,1996-08-02,2-HIGH,265398.53,Customer#000000202,AUTOMOBILE,2237.64,GERMANY,EUROPE,"Nation: BRAZIL
Return a single YES or NO, with no other words. If uncertain, return YES.",True
895,thistle azure magenta mint burnished,MEDIUM BRUSHED STEEL,SM BOX,11616,REG AIR,TAKE BACK RETURN,34.00,61060.26,0.03,1996-08-02,2-HIGH,265398.53,Customer#000000202,AUTOMOBILE,2237.64,GERMANY,EUROPE,"Nation: CANADA
Return a single YES or NO, with no other words. If uncertain, return YES.",True
895,thistle azure magenta mint burnished,MEDIUM BRUSHED STEEL,SM BOX,11616,REG AIR,TAKE BACK RETURN,34.00,61060.26,0.03,1996-08-02,2-HIGH,265398.53,Customer#000000202,AUTOMOBILE,2237.64,GERMANY,EUROPE,"Nation: EGYPT
Return a single YES or NO, with no other words. If uncertain, return YES.",True
895,thistle azure magenta mint burnished,MEDIUM BRUSHED STEEL,SM BOX,11616,REG AIR,TAKE BACK RETURN,34.00,61060.26,0.03,1996-08-02,2-HIGH,265398.53,Customer#000000202,AUTOMOBILE,2237.64,GERMANY,EUROPE,"Nation: ETHIOPIA
Return a single YES or NO, with no other words. If uncertain, return YES.",True
895,thistle azure magenta mint burnished,MEDIUM BRUSHED STEEL,SM BOX,11616,REG AIR,TAKE BACK RETURN,34.00,61060.26,0.03,1996-08-02,2-HIGH,265398.53,Customer#000000202,AUTOMOBILE,2237.64,GERMANY,EUROPE,"Nation: FRANCE
Return a single YES or NO, with no other words. If uncertain, return YES.",True
895,thistle azure magenta mint burnished,MEDIUM BRUSHED STEEL,SM BOX,11616,REG AIR,TAKE BACK RETURN,34.00,61060.26,0.03,1996-08-02,2-HIGH,265398.53,Customer#000000202,AUTOMOBILE,2237.64,GERMANY,EUROPE,"Nation: GERMANY
Return a single YES or NO, with no other words. If uncertain, return YES.",True
895,thistle azure magenta mint burnished,MEDIUM BRUSHED STEEL,SM BOX,11616,REG AIR,TAKE BACK RETURN,34.00,61060.26,0.03,1996-08-02,2-HIGH,265398.53,Customer#000000202,AUTOMOBILE,2237.64,GERMANY,EUROPE,"Nation: INDIA
Return a single YES or NO, with no other words. If uncertain, return YES.",True
895,thistle azure magenta mint burnished,MEDIUM BRUSHED STEEL,SM BOX,11616,REG AIR,TAKE BACK RETURN,34.00,61060.26,0.03,1996-08-02,2-HIGH,265398.53,Customer#000000202,AUTOMOBILE,2237.64,GERMANY,EUROPE,"Nation: INDONESIA
Return a single YES or NO, with no other words. If uncertain, return YES.",True
895,thistle azure magenta mint burnished,MEDIUM BRUSHED STEEL,SM BOX,11616,REG AIR,TAKE BACK RETURN,34.00,61060.26,0.03,1996-08-02,2-HIGH,265398.53,Customer#000000202,AUTOMOBILE,2237.64,GERMANY,EUROPE,"Nation: IRAN
Return a single YES or NO, with no other words. If uncertain, return YES.",True
895,thistle azure magenta mint burnished,MEDIUM BRUSHED STEEL,SM BOX,11616,REG AIR,TAKE BACK RETURN,34.00,61060.26,0.03,1996-08-02,2-HIGH,265398.53,Customer#000000202,AUTOMOBILE,2237.64,GERMANY,EUROPE,"Nation: IRAQ
Return a single YES or NO, with no other words. If uncertain, return YES.",True
895,thistle azure magenta mint burnished,MEDIUM BRUSHED STEEL,SM BOX,11616,REG AIR,TAKE BACK RETURN,34.00,61060.26,0.03,1996-08-02,2-HIGH,265398.53,Customer#000000202,AUTOMOBILE,2237.64,GERMANY,EUROPE,"Nation: JAPAN
Return a single YES or NO, with no other words. If uncertain, return YES.",True
895,thistle azure magenta mint burnished,MEDIUM BRUSHED STEEL,SM BOX,11616,REG AIR,TAKE BACK RETURN,34.00,61060.26,0.03,1996-08-02,2-HIGH,265398.53,Customer#000000202,AUTOMOBILE,2237.64,GERMANY,EUROPE,"Nation: JORDAN
Return a single YES or NO, with no other words. If uncertain, return YES.",True
895,thistle azure magenta mint burnished,MEDIUM BRUSHED STEEL,SM BOX,11616,REG AIR,TAKE BACK RETURN,34.00,61060.26,0.03,1996-08-02,2-HIGH,265398.53,Customer#000000202,AUTOMOBILE,2237.64,GERMANY,EUROPE,"Nation: KENYA
Return a single YES or NO, with no other words. If uncertain, return YES.",True
895,thistle azure magenta mint burnished,MEDIUM BRUSHED STEEL,SM BOX,11616,REG AIR,TAKE BACK RETURN,34.00,61060.26,0.03,1996-08-02,2-HIGH,265398.53,Customer#000000202,AUTOMOBILE,2237.64,GERMANY,EUROPE,"Nation: MOROCCO
Return a single YES or NO, with no other words. If uncertain, return YES.",True
895,thistle azure magenta mint burnished,MEDIUM BRUSHED STEEL,SM BOX,11616,REG AIR,TAKE BACK RETURN,34.00,61060.26,0.03,1996-08-02,2-HIGH,265398.53,Customer#000000202,AUTOMOBILE,2237.64,GERMANY,EUROPE,"Nation: MOZAMBIQUE
Return a single YES or NO, with no other words. If uncertain, return YES.",True
895,thistle azure magenta mint burnished,MEDIUM BRUSHED STEEL,SM BOX,11616,REG AIR,TAKE BACK RETURN,34.00,61060.26,0.03,1996-08-02,2-HIGH,265398.53,Customer#000000202,AUTOMOBILE,2237.64,GERMANY,EUROPE,"Nation: PERU
Return a single YES or NO, with no other words. If uncertain, return YES.",True
895,thistle azure magenta mint burnished,MEDIUM BRUSHED STEEL,SM BOX,11616,REG AIR,TAKE BACK RETURN,34.00,61060.26,0.03,1996-08-02,2-HIGH,265398.53,Customer#000000202,AUTOMOBILE,2237.64,GERMANY,EUROPE,"Nation: CHINA
Return a single YES or NO, with no other words. If uncertain, return YES.",True
895,thistle azure magenta mint burnished,MEDIUM BRUSHED STEEL,SM BOX,11616,REG AIR,TAKE BACK RETURN,34.00,61060.26,0.03,1996-08-02,2-HIGH,265398.53,Customer#000000202,AUTOMOBILE,2237.64,GERMANY,EUROPE,"Nation: ROMANIA
Return a single YES or NO, with no other words. If uncertain, return YES.",True
895,thistle azure magenta mint burnished,MEDIUM BRUSHED STEEL,SM BOX,11616,REG AIR,TAKE BACK RETURN,34.00,61060.26,0.03,1996-08-02,2-HIGH,265398.53,Customer#000000202,AUTOMOBILE,2237.64,GERMANY,EUROPE,"Nation: SAUDI ARABIA
Return a single YES or NO, with no other words. If uncertain, return YES.",True
895,thistle azure magenta mint burnished,MEDIUM BRUSHED STEEL,SM BOX,11616,REG AIR,TAKE BACK RETURN,34.00,61060.26,0.03,1996-08-02,2-HIGH,265398.53,Customer#000000202,AUTOMOBILE,2237.64,GERMANY,EUROPE,"Nation: VIETNAM
Return a single YES or NO, with no other words. If uncertain, return YES.",True
895,thistle azure magenta mint burnished,MEDIUM BRUSHED STEEL,SM BOX,11616,REG AIR,TAKE BACK RETURN,34.00,61060.26,0.03,1996-08-02,2-HIGH,265398.53,Customer#000000202,AUTOMOBILE,2237.64,GERMANY,EUROPE,"Nation: RUSSIA
Return a single YES or NO, with no other words. If uncertain, return YES.",True
895,thistle azure magenta mint burnished,MEDIUM BRUSHED STEEL,SM BOX,11616,REG AIR,TAKE BACK RETURN,34.00,61060.26,0.03,1996-08-02,2-HIGH,265398.53,Customer#000000202,AUTOMOBILE,2237.64,GERMANY,EUROPE,"Nation: UNITED KINGDOM
Return a single YES or NO, with no other words. If uncertain, return YES.",True
895,thistle azure magenta mint burnished,MEDIUM BRUSHED STEEL,SM BOX,11616,REG AIR,TAKE BACK RETURN,34.00,61060.26,0.03,1996-08-02,2-HIGH,265398.53,Customer#000000202,AUTOMOBILE,2237.64,GERMANY,EUROPE,"Nation: UNITED STATES
Return a single YES or NO, with no other words. If uncertain, return YES.",True
40,lemon midnight metallic sienna steel,ECONOMY BURNISHED COPPER,SM CASE,12772,MAIL,DELIVER IN PERSON,37.00,34781.48,0.09,1995-05-12,4-NOT SPECIFIED,257926.54,Customer#000000727,FURNITURE,807.37,CHINA,ASIA,"Nation: ALGERIA
Return a single YES or NO, with no other words. If uncertain, return YES.",True
40,lemon midnight metallic sienna steel,ECONOMY BURNISHED COPPER,SM CASE,12772,MAIL,DELIVER IN PERSON,37.00,34781.48,0.09,1995-05-12,4-NOT SPECIFIED,257926.54,Customer#000000727,FURNITURE,807.37,CHINA,ASIA,"Nation: ARGENTINA
Return a single YES or NO, with no other words. If uncertain, return YES.",True
40,lemon midnight metallic sienna steel,ECONOMY BURNISHED COPPER,SM CASE,12772,MAIL,DELIVER IN PERSON,37.00,34781.48,0.09,1995-05-12,4-NOT SPECIFIED,257926.54,Customer#000000727,FURNITURE,807.37,CHINA,ASIA,"Nation: BRAZIL
Return a single YES or NO, with no other words. If uncertain, return YES.",True
40,lemon midnight metallic sienna steel,ECONOMY BURNISHED COPPER,SM CASE,12772,MAIL,DELIVER IN PERSON,37.00,34781.48,0.09,1995-05-12,4-NOT SPECIFIED,257926.54,Customer#000000727,FURNITURE,807.37,CHINA,ASIA,"Nation: CANADA
Return a single YES or NO, with no other words. If uncertain, return YES.",True
40,lemon midnight metallic sienna steel,ECONOMY BURNISHED COPPER,SM CASE,12772,MAIL,DELIVER IN PERSON,37.00,34781.48,0.09,1995-05-12,4-NOT SPECIFIED,257926.54,Customer#000000727,FURNITURE,807.37,CHINA,ASIA,"Nation: EGYPT
Return a single YES or NO, with no other words. If uncertain, return YES.",True
40,lemon midnight metallic sienna steel,ECONOMY BURNISHED COPPER,SM CASE,12772,MAIL,DELIVER IN PERSON,37.00,34781.48,0.09,1995-05-12,4-NOT SPECIFIED,257926.54,Customer#000000727,FURNITURE,807.37,CHINA,ASIA,"Nation: ETHIOPIA
Return a single YES or NO, with no other words. If uncertain, return YES.",True
40,lemon midnight metallic sienna steel,ECONOMY BURNISHED COPPER,SM CASE,12772,MAIL,DELIVER IN PERSON,37.00,34781.48,0.09,1995-05-12,4-NOT SPECIFIED,257926.54,Customer#000000727,FURNITURE,807.37,CHINA,ASIA,"Nation: FRANCE
Return a single YES or NO, with no other words. If uncertain, return YES.",True
40,lemon midnight metallic sienna steel,ECONOMY BURNISHED COPPER,SM CASE,12772,MAIL,DELIVER IN PERSON,37.00,34781.48,0.09,1995-05-12,4-NOT SPECIFIED,257926.54,Customer#000000727,FURNITURE,807.37,CHINA,ASIA,"Nation: GERMANY
Return a single YES or NO, with no other words. If uncertain, return YES.",True
40,lemon midnight metallic sienna steel,ECONOMY BURNISHED COPPER,SM CASE,12772,MAIL,DELIVER IN PERSON,37.00,34781.48,0.09,1995-05-12,4-NOT SPECIFIED,257926.54,Customer#000000727,FURNITURE,807.37,CHINA,ASIA,"Nation: INDIA
Return a single YES or NO, with no other words. If uncertain, return YES.",True
40,lemon midnight metallic sienna steel,ECONOMY BURNISHED COPPER,SM CASE,12772,MAIL,DELIVER IN PERSON,37.00,34781.48,0.09,1995-05-12,4-NOT SPECIFIED,257926.54,Customer#000000727,FURNITURE,807.37,CHINA,ASIA,"Nation: INDONESIA
Return a single YES or NO, with no other words. If uncertain, return YES.",True
40,lemon midnight metallic sienna steel,ECONOMY BURNISHED COPPER,SM CASE,12772,MAIL,DELIVER IN PERSON,37.00,34781.48,0.09,1995-05-12,4-NOT SPECIFIED,257926.54,Customer#000000727,FURNITURE,807.37,CHINA,ASIA,"Nation: IRAN
Return a single YES or NO, with no other words. If uncertain, return YES.",True
40,lemon midnight metallic sienna steel,ECONOMY BURNISHED COPPER,SM CASE,12772,MAIL,DELIVER IN PERSON,37.00,34781.48,0.09,1995-05-12,4-NOT SPECIFIED,257926.54,Customer#000000727,FURNITURE,807.37,CHINA,ASIA,"Nation: IRAQ
Return a single YES or NO, with no other words. If uncertain, return YES.",True
40,lemon midnight metallic sienna steel,ECONOMY BURNISHED COPPER,SM CASE,12772,MAIL,DELIVER IN PERSON,37.00,34781.48,0.09,1995-05-12,4-NOT SPECIFIED,257926.54,Customer#000000727,FURNITURE,807.37,CHINA,ASIA,"Nation: JAPAN
Return a single YES or NO, with no other words. If uncertain, return YES.",True
40,lemon midnight metallic sienna steel,ECONOMY BURNISHED COPPER,SM CASE,12772,MAIL,DELIVER IN PERSON,37.00,34781.48,0.09,1995-05-12,4-NOT SPECIFIED,257926.54,Customer#000000727,FURNITURE,807.37,CHINA,ASIA,"Nation: JORDAN
Return a single YES or NO, with no other words. If uncertain, return YES.",True
40,lemon midnight metallic sienna steel,ECONOMY BURNISHED COPPER,SM CASE,12772,MAIL,DELIVER IN PERSON,37.00,34781.48,0.09,1995-05-12,4-NOT SPECIFIED,257926.54,Customer#000000727,FURNITURE,807.37,CHINA,ASIA,"Nation: KENYA
Return a single YES or NO, with no other words. If uncertain, return YES.",True
40,lemon midnight metallic sienna steel,ECONOMY BURNISHED COPPER,SM CASE,12772,MAIL,DELIVER IN PERSON,37.00,34781.48,0.09,1995-05-12,4-NOT SPECIFIED,257926.54,Customer#000000727,FURNITURE,807.37,CHINA,ASIA,"Nation: MOROCCO
Return a single YES or NO, with no other words. If uncertain, return YES.",True
40,lemon midnight metallic sienna steel,ECONOMY BURNISHED COPPER,SM CASE,12772,MAIL,DELIVER IN PERSON,37.00,34781.48,0.09,1995-05-12,4-NOT SPECIFIED,257926.54,Customer#000000727,FURNITURE,807.37,CHINA,ASIA,"Nation: MOZAMBIQUE
Return a single YES or NO, with no other words. If uncertain, return YES.",True
40,lemon midnight metallic sienna steel,ECONOMY BURNISHED COPPER,SM CASE,12772,MAIL,DELIVER IN PERSON,37.00,34781.48,0.09,1995-05-12,4-NOT SPECIFIED,257926.54,Customer#000000727,FURNITURE,807.37,CHINA,ASIA,"Nation: PERU
Return a single YES or NO, with no other words. If uncertain, return YES.",True
40,lemon midnight metallic sienna steel,ECONOMY BURNISHED COPPER,SM CASE,12772,MAIL,DELIVER IN PERSON,37.00,34781.48,0.09,1995-05-12,4-NOT SPECIFIED,257926.54,Customer#000000727,FURNITURE,807.37,CHINA,ASIA,"Nation: CHINA
Return a single YES or NO, with no other words. If uncertain, return YES.",True
40,lemon midnight metallic sienna steel,ECONOMY BURNISHED COPPER,SM CASE,12772,MAIL,DELIVER IN PERSON,37.00,34781.48,0.09,1995-05-12,4-NOT SPECIFIED,257926.54,Customer#000000727,FURNITURE,807.37,CHINA,ASIA,"Nation: ROMANIA
Return a single YES or NO, with no other words. If uncertain, return YES.",True
40,lemon midnight metallic sienna steel,ECONOMY BURNISHED COPPER,SM CASE,12772,MAIL,DELIVER IN PERSON,37.00,34781.48,0.09,1995-05-12,4-NOT SPECIFIED,257926.54,Customer#000000727,FURNITURE,807.37,CHINA,ASIA,"Nation: SAUDI ARABIA
Return a single YES or NO, with no other words. If uncertain, return YES.",True
40,lemon midnight metallic sienna steel,ECONOMY BURNISHED COPPER,SM CASE,12772,MAIL,DELIVER IN PERSON,37.00,34781.48,0.09,1995-05-12,4-NOT SPECIFIED,257926.54,Customer#000000727,FURNITURE,807.37,CHINA,ASIA,"Nation: VIETNAM
Return a single YES or NO, with no other words. If uncertain, return YES.",True
40,lemon midnight metallic sienna steel,ECONOMY BURNISHED COPPER,SM CASE,12772,MAIL,DELIVER IN PERSON,37.00,34781.48,0.09,1995-05-12,4-NOT SPECIFIED,257926.54,Customer#000000727,FURNITURE,807.37,CHINA,ASIA,"Nation: RUSSIA
Return a single YES or NO, with no other words. If uncertain, return YES.",True
40,lemon midnight metallic sienna steel,ECONOMY BURNISHED COPPER,SM CASE,12772,MAIL,DELIVER IN PERSON,37.00,34781.48,0.09,1995-05-12,4-NOT SPECIFIED,257926.54,Customer#000000727,FURNITURE,807.37,CHINA,ASIA,"Nation: UNITED KINGDOM
Return a single YES or NO, with no other words. If uncertain, return YES.",True
40,lemon midnight metallic sienna steel,ECONOMY BURNISHED COPPER,SM CASE,12772,MAIL,DELIVER IN PERSON,37.00,34781.48,0.09,1995-05-12,4-NOT SPECIFIED,257926.54,Customer#000000727,FURNITURE,807.37,CHINA,ASIA,"Nation: UNITED STATES
Return a single YES or NO, with no other words. If uncertain, return YES.",True
490,yellow mint saddle dodger orchid,SMALL PLATED NICKEL,MED BOX,16033,MAIL,TAKE BACK RETURN,18.00,25028.82,0.10,1996-04-27,5-LOW,145806.51,Customer#000000094,HOUSEHOLD,5500.11,INDONESIA,ASIA,"Nation: ALGERIA
Return a single YES or NO, with no other words. If uncertain, return YES.",True
490,yellow mint saddle dodger orchid,SMALL PLATED NICKEL,MED BOX,16033,MAIL,TAKE BACK RETURN,18.00,25028.82,0.10,1996-04-27,5-LOW,145806.51,Customer#000000094,HOUSEHOLD,5500.11,INDONESIA,ASIA,"Nation: ARGENTINA
Return a single YES or NO, with no other words. If uncertain, return YES.",True
490,yellow mint saddle dodger orchid,SMALL PLATED NICKEL,MED BOX,16033,MAIL,TAKE BACK RETURN,18.00,25028.82,0.10,1996-04-27,5-LOW,145806.51,Customer#000000094,HOUSEHOLD,5500.11,INDONESIA,ASIA,"Nation: BRAZIL
Return a single YES or NO, with no other words. If uncertain, return YES.",True
490,yellow mint saddle dodger orchid,SMALL PLATED NICKEL,MED BOX,16033,MAIL,TAKE BACK RETURN,18.00,25028.82,0.10,1996-04-27,5-LOW,145806.51,Customer#000000094,HOUSEHOLD,5500.11,INDONESIA,ASIA,"Nation: CANADA
Return a single YES or NO, with no other words. If uncertain, return YES.",True
490,yellow mint saddle dodger orchid,SMALL PLATED NICKEL,MED BOX,16033,MAIL,TAKE BACK RETURN,18.00,25028.82,0.10,1996-04-27,5-LOW,145806.51,Customer#000000094,HOUSEHOLD,5500.11,INDONESIA,ASIA,"Nation: EGYPT
Return a single YES or NO, with no other words. If uncertain, return YES.",True
490,yellow mint saddle dodger orchid,SMALL PLATED NICKEL,MED BOX,16033,MAIL,TAKE BACK RETURN,18.00,25028.82,0.10,1996-04-27,5-LOW,145806.51,Customer#000000094,HOUSEHOLD,5500.11,INDONESIA,ASIA,"Nation: ETHIOPIA
Return a single YES or NO, with no other words. If uncertain, return YES.",True
490,yellow mint saddle dodger orchid,SMALL PLATED NICKEL,MED BOX,16033,MAIL,TAKE BACK RETURN,18.00,25028.82,0.10,1996-04-27,5-LOW,145806.51,Customer#000000094,HOUSEHOLD,5500.11,INDONESIA,ASIA,"Nation: FRANCE
Return a single YES or NO, with no other words. If uncertain, return YES.",True
490,yellow mint saddle dodger orchid,SMALL PLATED NICKEL,MED BOX,16033,MAIL,TAKE BACK RETURN,18.00,25028.82,0.10,1996-04-27,5-LOW,145806.51,Customer#000000094,HOUSEHOLD,5500.11,INDONESIA,ASIA,"Nation: GERMANY
Return a single YES or NO, with no other words. If uncertain, return YES.",True
490,yellow mint saddle dodger orchid,SMALL PLATED NICKEL,MED BOX,16033,MAIL,TAKE BACK RETURN,18.00,25028.82,0.10,1996-04-27,5-LOW,145806.51,Customer#000000094,HOUSEHOLD,5500.11,INDONESIA,ASIA,"Nation: INDIA
Return a single YES or NO, with no other words. If uncertain, return YES.",True
490,yellow mint saddle dodger orchid,SMALL PLATED NICKEL,MED BOX,16033,MAIL,TAKE BACK RETURN,18.00,25028.82,0.10,1996-04-27,5-LOW,145806.51,Customer#000000094,HOUSEHOLD,5500.11,INDONESIA,ASIA,"Nation: INDONESIA
Return a single YES or NO, with no other words. If uncertain, return YES.",True
490,yellow mint saddle dodger orchid,SMALL PLATED NICKEL,MED BOX,16033,MAIL,TAKE BACK RETURN,18.00,25028.82,0.10,1996-04-27,5-LOW,145806.51,Customer#000000094,HOUSEHOLD,5500.11,INDONESIA,ASIA,"Nation: IRAN
Return a single YES or NO, with no other words. If uncertain, return YES.",True
490,yellow mint saddle dodger orchid,SMALL PLATED NICKEL,MED BOX,16033,MAIL,TAKE BACK RETURN,18.00,25028.82,0.10,1996-04-27,5-LOW,145806.51,Customer#000000094,HOUSEHOLD,5500.11,INDONESIA,ASIA,"Nation: IRAQ
Return a single YES or NO, with no other words. If uncertain, return YES.",True
490,yellow mint saddle dodger orchid,SMALL PLATED NICKEL,MED BOX,16033,MAIL,TAKE BACK RETURN,18.00,25028.82,0.10,1996-04-27,5-LOW,145806.51,Customer#000000094,HOUSEHOLD,5500.11,INDONESIA,ASIA,"Nation: JAPAN
Return a single YES or NO, with no other words. If uncertain, return YES.",True
490,yellow mint saddle dodger orchid,SMALL PLATED NICKEL,MED BOX,16033,MAIL,TAKE BACK RETURN,18.00,25028.82,0.10,1996-04-27,5-LOW,145806.51,Customer#000000094,HOUSEHOLD,5500.11,INDONESIA,ASIA,"Nation: JORDAN
Return a single YES or NO, with no other words. If uncertain, return YES.",True
490,yellow mint saddle dodger orchid,SMALL PLATED NICKEL,MED BOX,16033,MAIL,TAKE BACK RETURN,18.00,25028.82,0.10,1996-04-27,5-LOW,145806.51,Customer#000000094,HOUSEHOLD,5500.11,INDONESIA,ASIA,"Nation: KENYA
Return a single YES or NO, with no other words. If uncertain, return YES.",True
490,yellow mint saddle dodger orchid,SMALL PLATED NICKEL,MED BOX,16033,MAIL,TAKE BACK RETURN,18.00,25028.82,0.10,1996-04-27,5-LOW,145806.51,Customer#000000094,HOUSEHOLD,5500.11,INDONESIA,ASIA,"Nation: MOROCCO
Return a single YES or NO, with no other words. If uncertain, return YES.",True
490,yellow mint saddle dodger orchid,SMALL PLATED NICKEL,MED BOX,16033,MAIL,TAKE BACK RETURN,18.00,25028.82,0.10,1996-04-27,5-LOW,145806.51,Customer#000000094,HOUSEHOLD,5500.11,INDONESIA,ASIA,"Nation: MOZAMBIQUE
Return a single YES or NO, with no other words. If uncertain, return YES.",True
490,yellow mint saddle dodger orchid,SMALL PLATED NICKEL,MED BOX,16033,MAIL,TAKE BACK RETURN,18.00,25028.82,0.10,1996-04-27,5-LOW,145806.51,Customer#000000094,HOUSEHOLD,5500.11,INDONESIA,ASIA,"Nation: PERU
Return a single YES or NO, with no other words. If uncertain, return YES.",True
490,yellow mint saddle dodger orchid,SMALL PLATED NICKEL,MED BOX,16033,MAIL,TAKE BACK RETURN,18.00,25028.82,0.10,1996-04-27,5-LOW,145806.51,Customer#000000094,HOUSEHOLD,5500.11,INDONESIA,ASIA,"Nation: CHINA
Return a single YES or NO, with no other words. If uncertain, return YES.",True
490,yellow mint saddle dodger orchid,SMALL PLATED NICKEL,MED BOX,16033,MAIL,TAKE BACK RETURN,18.00,25028.82,0.10,1996-04-27,5-LOW,145806.51,Customer#000000094,HOUSEHOLD,5500.11,INDONESIA,ASIA,"Nation: ROMANIA
Return a single YES or NO, with no other words. If uncertain, return YES.",True
490,yellow mint saddle dodger orchid,SMALL PLATED NICKEL,MED BOX,16033,MAIL,TAKE BACK RETURN,18.00,25028.82,0.10,1996-04-27,5-LOW,145806.51,Customer#000000094,HOUSEHOLD,5500.11,INDONESIA,ASIA,"Nation: SAUDI ARABIA
Return a single YES or NO, with no other words. If uncertain, return YES.",True
490,yellow mint saddle dodger orchid,SMALL PLATED NICKEL,MED BOX,16033,MAIL,TAKE BACK RETURN,18.00,25028.82,0.10,1996-04-27,5-LOW,145806.51,Customer#000000094,HOUSEHOLD,5500.11,INDONESIA,ASIA,"Nation: VIETNAM
Return a single YES or NO, with no other words. If uncertain, return YES.",True
490,yellow mint saddle dodger orchid,SMALL PLATED NICKEL,MED BOX,16033,MAIL,TAKE BACK RETURN,18.00,25028.82,0.10,1996-04-27,5-LOW,145806.51,Customer#000000094,HOUSEHOLD,5500.11,INDONESIA,ASIA,"Nation: RUSSIA
Return a single YES or NO, with no other words. If uncertain, return YES.",True
490,yellow mint saddle dodger orchid,SMALL PLATED NICKEL,MED BOX,16033,MAIL,TAKE BACK RETURN,18.00,25028.82,0.10,1996-04-27,5-LOW,145806.51,Customer#000000094,HOUSEHOLD,5500.11,INDONESIA,ASIA,"Nation: UNITED KINGDOM
Return a single YES or NO, with no other words. If uncertain, return YES.",True
490,yellow mint saddle dodger orchid,SMALL PLATED NICKEL,MED BOX,16033,MAIL,TAKE BACK RETURN,18.00,25028.82,0.10,1996-04-27,5-LOW,145806.51,Customer#000000094,HOUSEHOLD,5500.11,INDONESIA,ASIA,"Nation: UNITED STATES
Return a single YES or NO, with no other words. If uncertain, return YES.",True
867,snow spring black white burnished,PROMO POLISHED NICKEL,LG BOX,17026,AIR,DELIVER IN PERSON,42.00,74250.12,0.00,1996-06-10,3-MEDIUM,270903.98,Customer#000000202,AUTOMOBILE,2237.64,GERMANY,EUROPE,"Nation: ALGERIA
Return a single YES or NO, with no other words. If uncertain, return YES.",True
867,snow spring black white burnished,PROMO POLISHED NICKEL,LG BOX,17026,AIR,DELIVER IN PERSON,42.00,74250.12,0.00,1996-06-10,3-MEDIUM,270903.98,Customer#000000202,AUTOMOBILE,2237.64,GERMANY,EUROPE,"Nation: ARGENTINA
Return a single YES or NO, with no other words. If uncertain, return YES.",True
867,snow spring black white burnished,PROMO POLISHED NICKEL,LG BOX,17026,AIR,DELIVER IN PERSON,42.00,74250.12,0.00,1996-06-10,3-MEDIUM,270903.98,Customer#000000202,AUTOMOBILE,2237.64,GERMANY,EUROPE,"Nation: BRAZIL
Return a single YES or NO, with no other words. If uncertain, return YES.",True
867,snow spring black white burnished,PROMO POLISHED NICKEL,LG BOX,17026,AIR,DELIVER IN PERSON,42.00,74250.12,0.00,1996-06-10,3-MEDIUM,270903.98,Customer#000000202,AUTOMOBILE,2237.64,GERMANY,EUROPE,"Nation: CANADA
Return a single YES or NO, with no other words. If uncertain, return YES.",True
867,snow spring black white burnished,PROMO POLISHED NICKEL,LG BOX,17026,AIR,DELIVER IN PERSON,42.00,74250.12,0.00,1996-06-10,3-MEDIUM,270903.98,Customer#000000202,AUTOMOBILE,2237.64,GERMANY,EUROPE,"Nation: EGYPT
Return a single YES or NO, with no other words. If uncertain, return YES.",True
867,snow spring black white burnished,PROMO POLISHED NICKEL,LG BOX,17026,AIR,DELIVER IN PERSON,42.00,74250.12,0.00,1996-06-10,3-MEDIUM,270903.98,Customer#000000202,AUTOMOBILE,2237.64,GERMANY,EUROPE,"Nation: ETHIOPIA
Return a single YES or NO, with no other words. If uncertain, return YES.",True
867,snow spring black white burnished,PROMO POLISHED NICKEL,LG BOX,17026,AIR,DELIVER IN PERSON,42.00,74250.12,0.00,1996-06-10,3-MEDIUM,270903.98,Customer#000000202,AUTOMOBILE,2237.64,GERMANY,EUROPE,"Nation: FRANCE
Return a single YES or NO, with no other words. If uncertain, return YES.",True
867,snow spring black white burnished,PROMO POLISHED NICKEL,LG BOX,17026,AIR,DELIVER IN PERSON,42.00,74250.12,0.00,1996-06-10,3-MEDIUM,270903.98,Customer#000000202,AUTOMOBILE,2237.64,GERMANY,EUROPE,"Nation: GERMANY
Return a single YES or NO, with no other words. If uncertain, return YES.",True
867,snow spring black white burnished,PROMO POLISHED NICKEL,LG BOX,17026,AIR,DELIVER IN PERSON,42.00,74250.12,0.00,1996-06-10,3-MEDIUM,270903.98,Customer#000000202,AUTOMOBILE,2237.64,GERMANY,EUROPE,"Nation: INDIA
Return a single YES or NO, with no other words. If uncertain, return YES.",True
867,snow spring black white burnished,PROMO POLISHED NICKEL,LG BOX,17026,AIR,DELIVER IN PERSON,42.00,74250.12,0.00,1996-06-10,3-MEDIUM,270903.98,Customer#000000202,AUTOMOBILE,2237.64,GERMANY,EUROPE,"Nation: INDONESIA
Return a single YES or NO, with no other words. If uncertain, return YES.",True
867,snow spring black white burnished,PROMO POLISHED NICKEL,LG BOX,17026,AIR,DELIVER IN PERSON,42.00,74250.12,0.00,1996-06-10,3-MEDIUM,270903.98,Customer#000000202,AUTOMOBILE,2237.64,GERMANY,EUROPE,"Nation: IRAN
Return a single YES or NO, with no other words. If uncertain, return YES.",True
867,snow spring black white burnished,PROMO POLISHED NICKEL,LG BOX,17026,AIR,DELIVER IN PERSON,42.00,74250.12,0.00,1996-06-10,3-MEDIUM,270903.98,Customer#000000202,AUTOMOBILE,2237.64,GERMANY,EUROPE,"Nation: IRAQ
Return a single YES or NO, with no other words. If uncertain, return YES.",True
867,snow spring black white burnished,PROMO POLISHED NICKEL,LG BOX,17026,AIR,DELIVER IN PERSON,42.00,74250.12,0.00,1996-06-10,3-MEDIUM,270903.98,Customer#000000202,AUTOMOBILE,2237.64,GERMANY,EUROPE,"Nation: JAPAN
Return a single YES or NO, with no other words. If uncertain, return YES.",True
867,snow spring black white burnished,PROMO POLISHED NICKEL,LG BOX,17026,AIR,DELIVER IN PERSON,42.00,74250.12,0.00,1996-06-10,3-MEDIUM,270903.98,Customer#000000202,AUTOMOBILE,2237.64,GERMANY,EUROPE,"Nation: JORDAN
Return a single YES or NO, with no other words. If uncertain, return YES.",True
867,snow spring black white burnished,PROMO POLISHED NICKEL,LG BOX,17026,AIR,DELIVER IN PERSON,42.00,74250.12,0.00,1996-06-10,3-MEDIUM,270903.98,Customer#000000202,AUTOMOBILE,2237.64,GERMANY,EUROPE,"Nation: KENYA
Return a single YES or NO, with no other words. If uncertain, return YES.",True
867,snow spring black white burnished,PROMO POLISHED NICKEL,LG BOX,17026,AIR,DELIVER IN PERSON,42.00,74250.12,0.00,1996-06-10,3-MEDIUM,270903.98,Customer#000000202,AUTOMOBILE,2237.64,GERMANY,EUROPE,"Nation: MOROCCO
Return a single YES or NO, with no other words. If uncertain, return YES.",True
867,snow spring black white burnished,PROMO POLISHED NICKEL,LG BOX,17026,AIR,DELIVER IN PERSON,42.00,74250.12,0.00,1996-06-10,3-MEDIUM,270903.98,Customer#000000202,AUTOMOBILE,2237.64,GERMANY,EUROPE,"Nation: MOZAMBIQUE
Return a single YES or NO, with no other words. If uncertain, return YES.",True
867,snow spring black white burnished,PROMO POLISHED NICKEL,LG BOX,17026,AIR,DELIVER IN PERSON,42.00,74250.12,0.00,1996-06-10,3-MEDIUM,270903.98,Customer#000000202,AUTOMOBILE,2237.64,GERMANY,EUROPE,"Nation: PERU
Return a single YES or NO, with no other words. If uncertain, return YES.",True
867,snow spring black white burnished,PROMO POLISHED NICKEL,LG BOX,17026,AIR,DELIVER IN PERSON,42.00,74250.12,0.00,1996-06-10,3-MEDIUM,270903.98,Customer#000000202,AUTOMOBILE,2237.64,GERMANY,EUROPE,"Nation: CHINA
Return a single YES or NO, with no other words. If uncertain, return YES.",True
867,snow spring black white burnished,PROMO POLISHED NICKEL,LG BOX,17026,AIR,DELIVER IN PERSON,42.00,74250.12,0.00,1996-06-10,3-MEDIUM,270903.98,Customer#000000202,AUTOMOBILE,2237.64,GERMANY,EUROPE,"Nation: ROMANIA
Return a single YES or NO, with no other words. If uncertain, return YES.",True
867,snow spring black white burnished,PROMO POLISHED NICKEL,LG BOX,17026,AIR,DELIVER IN PERSON,42.00,74250.12,0.00,1996-06-10,3-MEDIUM,270903.98,Customer#000000202,AUTOMOBILE,2237.64,GERMANY,EUROPE,"Nation: SAUDI ARABIA
Return a single YES or NO, with no other words. If uncertain, return YES.",True
867,snow spring black white burnished,PROMO POLISHED NICKEL,LG BOX,17026,AIR,DELIVER IN PERSON,42.00,74250.12,0.00,1996-06-10,3-MEDIUM,270903.98,Customer#000000202,AUTOMOBILE,2237.64,GERMANY,EUROPE,"Nation: VIETNAM
Return a single YES or NO, with no other words. If uncertain, return YES.",True
867,snow spring black white burnished,PROMO POLISHED NICKEL,LG BOX,17026,AIR,DELIVER IN PERSON,42.00,74250.12,0.00,1996-06-10,3-MEDIUM,270903.98,Customer#000000202,AUTOMOBILE,2237.64,GERMANY,EUROPE,"Nation: RUSSIA
Return a single YES or NO, with no other words. If uncertain, return YES.",True
867,snow spring black white burnished,PROMO POLISHED NICKEL,LG BOX,17026,AIR,DELIVER IN PERSON,42.00,74250.12,0.00,1996-06-10,3-MEDIUM,270903.98,Customer#000000202,AUTOMOBILE,2237.64,GERMANY,EUROPE,"Nation: UNITED KINGDOM
Return a single YES or NO, with no other words. If uncertain, return YES.",True
867,snow spring black white burnished,PROMO POLISHED NICKEL,LG BOX,17026,AIR,DELIVER IN PERSON,42.00,74250.12,0.00,1996-06-10,3-MEDIUM,270903.98,Customer#000000202,AUTOMOBILE,2237.64,GERMANY,EUROPE,"Nation: UNITED STATES
Return a single YES or NO, with no other words. If uncertain, return YES.",True
917,midnight khaki medium linen peru,SMALL ANODIZED COPPER,SM CASE,19140,TRUCK,TAKE BACK RETURN,44.00,79988.04,0.03,1994-10-01,3-MEDIUM,308982.47,Customer#000000526,HOUSEHOLD,705.93,ARGENTINA,AMERICA,"Nation: ALGERIA
Return a single YES or NO, with no other words. If uncertain, return YES.",True
917,midnight khaki medium linen peru,SMALL ANODIZED COPPER,SM CASE,19140,TRUCK,TAKE BACK RETURN,44.00,79988.04,0.03,1994-10-01,3-MEDIUM,308982.47,Customer#000000526,HOUSEHOLD,705.93,ARGENTINA,AMERICA,"Nation: ARGENTINA
Return a single YES or NO, with no other words. If uncertain, return YES.",True
917,midnight khaki medium linen peru,SMALL ANODIZED COPPER,SM CASE,19140,TRUCK,TAKE BACK RETURN,44.00,79988.04,0.03,1994-10-01,3-MEDIUM,308982.47,Customer#000000526,HOUSEHOLD,705.93,ARGENTINA,AMERICA,"Nation: BRAZIL
Return a single YES or NO, with no other words. If uncertain, return YES.",True
917,midnight khaki medium linen peru,SMALL ANODIZED COPPER,SM CASE,19140,TRUCK,TAKE BACK RETURN,44.00,79988.04,0.03,1994-10-01,3-MEDIUM,308982.47,Customer#000000526,HOUSEHOLD,705.93,ARGENTINA,AMERICA,"Nation: CANADA
Return a single YES or NO, with no other words. If uncertain, return YES.",True
917,midnight khaki medium linen peru,SMALL ANODIZED COPPER,SM CASE,19140,TRUCK,TAKE BACK RETURN,44.00,79988.04,0.03,1994-10-01,3-MEDIUM,308982.47,Customer#000000526,HOUSEHOLD,705.93,ARGENTINA,AMERICA,"Nation: EGYPT
Return a single YES or NO, with no other words. If uncertain, return YES.",True
917,midnight khaki medium linen peru,SMALL ANODIZED COPPER,SM CASE,19140,TRUCK,TAKE BACK RETURN,44.00,79988.04,0.03,1994-10-01,3-MEDIUM,308982.47,Customer#000000526,HOUSEHOLD,705.93,ARGENTINA,AMERICA,"Nation: ETHIOPIA
Return a single YES or NO, with no other words. If uncertain, return YES.",True
917,midnight khaki medium linen peru,SMALL ANODIZED COPPER,SM CASE,19140,TRUCK,TAKE BACK RETURN,44.00,79988.04,0.03,1994-10-01,3-MEDIUM,308982.47,Customer#000000526,HOUSEHOLD,705.93,ARGENTINA,AMERICA,"Nation: FRANCE
Return a single YES or NO, with no other words. If uncertain, return YES.",True
917,midnight khaki medium linen peru,SMALL ANODIZED COPPER,SM CASE,19140,TRUCK,TAKE BACK RETURN,44.00,79988.04,0.03,1994-10-01,3-MEDIUM,308982.47,Customer#000000526,HOUSEHOLD,705.93,ARGENTINA,AMERICA,"Nation: GERMANY
Return a single YES or NO, with no other words. If uncertain, return YES.",True
917,midnight khaki medium linen peru,SMALL ANODIZED COPPER,SM CASE,19140,TRUCK,TAKE BACK RETURN,44.00,79988.04,0.03,1994-10-01,3-MEDIUM,308982.47,Customer#000000526,HOUSEHOLD,705.93,ARGENTINA,AMERICA,"Nation: INDIA
Return a single YES or NO, with no other words. If uncertain, return YES.",True
917,midnight khaki medium linen peru,SMALL ANODIZED COPPER,SM CASE,19140,TRUCK,TAKE BACK RETURN,44.00,79988.04,0.03,1994-10-01,3-MEDIUM,308982.47,Customer#000000526,HOUSEHOLD,705.93,ARGENTINA,AMERICA,"Nation: INDONESIA
Return a single YES or NO, with no other words. If uncertain, return YES.",True
917,midnight khaki medium linen peru,SMALL ANODIZED COPPER,SM CASE,19140,TRUCK,TAKE BACK RETURN,44.00,79988.04,0.03,1994-10-01,3-MEDIUM,308982.47,Customer#000000526,HOUSEHOLD,705.93,ARGENTINA,AMERICA,"Nation: IRAN
Return a single YES or NO, with no other words. If uncertain, return YES.",True
917,midnight khaki medium linen peru,SMALL ANODIZED COPPER,SM CASE,19140,TRUCK,TAKE BACK RETURN,44.00,79988.04,0.03,1994-10-01,3-MEDIUM,308982.47,Customer#000000526,HOUSEHOLD,705.93,ARGENTINA,AMERICA,"Nation: IRAQ
Return a single YES or NO, with no other words. If uncertain, return YES.",True
917,midnight khaki medium linen peru,SMALL ANODIZED COPPER,SM CASE,19140,TRUCK,TAKE BACK RETURN,44.00,79988.04,0.03,1994-10-01,3-MEDIUM,308982.47,Customer#000000526,HOUSEHOLD,705.93,ARGENTINA,AMERICA,"Nation: JAPAN
Return a single YES or NO, with no other words. If uncertain, return YES.",True
917,midnight khaki medium linen peru,SMALL ANODIZED COPPER,SM CASE,19140,TRUCK,TAKE BACK RETURN,44.00,79988.04,0.03,1994-10-01,3-MEDIUM,308982.47,Customer#000000526,HOUSEHOLD,705.93,ARGENTINA,AMERICA,"Nation: JORDAN
Return a single YES or NO, with no other words. If uncertain, return YES.",True
917,midnight khaki medium linen peru,SMALL ANODIZED COPPER,SM CASE,19140,TRUCK,TAKE BACK RETURN,44.00,79988.04,0.03,1994-10-01,3-MEDIUM,308982.47,Customer#000000526,HOUSEHOLD,705.93,ARGENTINA,AMERICA,"Nation: KENYA
Return a single YES or NO, with no other words. If uncertain, return YES.",True
917,midnight khaki medium linen peru,SMALL ANODIZED COPPER,SM CASE,19140,TRUCK,TAKE BACK RETURN,44.00,79988.04,0.03,1994-10-01,3-MEDIUM,308982.47,Customer#000000526,HOUSEHOLD,705.93,ARGENTINA,AMERICA,"Nation: MOROCCO
Return a single YES or NO, with no other words. If uncertain, return YES.",True
917,midnight khaki medium linen peru,SMALL ANODIZED COPPER,SM CASE,19140,TRUCK,TAKE BACK RETURN,44.00,79988.04,0.03,1994-10-01,3-MEDIUM,308982.47,Customer#000000526,HOUSEHOLD,705.93,ARGENTINA,AMERICA,"Nation: MOZAMBIQUE
Return a single YES or NO, with no other words. If uncertain, return YES.",True
917,midnight khaki medium linen peru,SMALL ANODIZED COPPER,SM CASE,19140,TRUCK,TAKE BACK RETURN,44.00,79988.04,0.03,1994-10-01,3-MEDIUM,308982.47,Customer#000000526,HOUSEHOLD,705.93,ARGENTINA,AMERICA,"Nation: PERU
Return a single YES or NO, with no other words. If uncertain, return YES.",True
917,midnight khaki medium linen peru,SMALL ANODIZED COPPER,SM CASE,19140,TRUCK,TAKE BACK RETURN,44.00,79988.04,0.03,1994-10-01,3-MEDIUM,308982.47,Customer#000000526,HOUSEHOLD,705.93,ARGENTINA,AMERICA,"Nation: CHINA
Return a single YES or NO, with no other words. If uncertain, return YES.",True
917,midnight khaki medium linen peru,SMALL ANODIZED COPPER,SM CASE,19140,TRUCK,TAKE BACK RETURN,44.00,79988.04,0.03,1994-10-01,3-MEDIUM,308982.47,Customer#000000526,HOUSEHOLD,705.93,ARGENTINA,AMERICA,"Nation: ROMANIA
Return a single YES or NO, with no other words. If uncertain, return YES.",True
917,midnight khaki medium linen peru,SMALL ANODIZED COPPER,SM CASE,19140,TRUCK,TAKE BACK RETURN,44.00,79988.04,0.03,1994-10-01,3-MEDIUM,308982.47,Customer#000000526,HOUSEHOLD,705.93,ARGENTINA,AMERICA,"Nation: SAUDI ARABIA
Return a single YES or NO, with no other words. If uncertain, return YES.",True
917,midnight khaki medium linen peru,SMALL ANODIZED COPPER,SM CASE,19140,TRUCK,TAKE BACK RETURN,44.00,79988.04,0.03,1994-10-01,3-MEDIUM,308982.47,Customer#000000526,HOUSEHOLD,705.93,ARGENTINA,AMERICA,"Nation: VIETNAM
Return a single YES or NO, with no other words. If uncertain, return YES.",True
917,midnight khaki medium linen peru,SMALL ANODIZED COPPER,SM CASE,19140,TRUCK,TAKE BACK RETURN,44.00,79988.04,0.03,1994-10-01,3-MEDIUM,308982.47,Customer#000000526,HOUSEHOLD,705.93,ARGENTINA,AMERICA,"Nation: RUSSIA
Return a single YES or NO, with no other words. If uncertain, return YES.",True
917,midnight khaki medium linen peru,SMALL ANODIZED COPPER,SM CASE,19140,TRUCK,TAKE BACK RETURN,44.00,79988.04,0.03,1994-10-01,3-MEDIUM,308982.47,Customer#000000526,HOUSEHOLD,705.93,ARGENTINA,AMERICA,"Nation: UNITED KINGDOM
Return a single YES or NO, with no other words. If uncertain, return YES.",True
917,midnight khaki medium linen peru,SMALL ANODIZED COPPER,SM CASE,19140,TRUCK,TAKE BACK RETURN,44.00,79988.04,0.03,1994-10-01,3-MEDIUM,308982.47,Customer#000000526,HOUSEHOLD,705.93,ARGENTINA,AMERICA,"Nation: UNITED STATES
Return a single YES or NO, with no other words. If uncertain, return YES.",True
144,hot midnight orchid dim steel,SMALL ANODIZED TIN,SM BOX,21222,TRUCK,DELIVER IN PERSON,34.00,35500.76,0.05,1994-02-04,4-NOT SPECIFIED,222826.57,Customer#000000407,MACHINERY,9537.08,ARGENTINA,AMERICA,"Nation: ALGERIA
Return a single YES or NO, with no other words. If uncertain, return YES.",True
144,hot midnight orchid dim steel,SMALL ANODIZED TIN,SM BOX,21222,TRUCK,DELIVER IN PERSON,34.00,35500.76,0.05,1994-02-04,4-NOT SPECIFIED,222826.57,Customer#000000407,MACHINERY,9537.08,ARGENTINA,AMERICA,"Nation: ARGENTINA
Return a single YES or NO, with no other words. If uncertain, return YES.",True
144,hot midnight orchid dim steel,SMALL ANODIZED TIN,SM BOX,21222,TRUCK,DELIVER IN PERSON,34.00,35500.76,0.05,1994-02-04,4-NOT SPECIFIED,222826.57,Customer#000000407,MACHINERY,9537.08,ARGENTINA,AMERICA,"Nation: BRAZIL
Return a single YES or NO, with no other words. If uncertain, return YES.",True
144,hot midnight orchid dim steel,SMALL ANODIZED TIN,SM BOX,21222,TRUCK,DELIVER IN PERSON,34.00,35500.76,0.05,1994-02-04,4-NOT SPECIFIED,222826.57,Customer#000000407,MACHINERY,9537.08,ARGENTINA,AMERICA,"Nation: CANADA
Return a single YES or NO, with no other words. If uncertain, return YES.",True
144,hot midnight orchid dim steel,SMALL ANODIZED TIN,SM BOX,21222,TRUCK,DELIVER IN PERSON,34.00,35500.76,0.05,1994-02-04,4-NOT SPECIFIED,222826.57,Customer#000000407,MACHINERY,9537.08,ARGENTINA,AMERICA,"Nation: EGYPT
Return a single YES or NO, with no other words. If uncertain, return YES.",True
144,hot midnight orchid dim steel,SMALL ANODIZED TIN,SM BOX,21222,TRUCK,DELIVER IN PERSON,34.00,35500.76,0.05,1994-02-04,4-NOT SPECIFIED,222826.57,Customer#000000407,MACHINERY,9537.08,ARGENTINA,AMERICA,"Nation: ETHIOPIA
Return a single YES or NO, with no other words. If uncertain, return YES.",True
144,hot midnight orchid dim steel,SMALL ANODIZED TIN,SM BOX,21222,TRUCK,DELIVER IN PERSON,34.00,35500.76,0.05,1994-02-04,4-NOT SPECIFIED,222826.57,Customer#000000407,MACHINERY,9537.08,ARGENTINA,AMERICA,"Nation: FRANCE
Return a single YES or NO, with no other words. If uncertain, return YES.",True
144,hot midnight orchid dim steel,SMALL ANODIZED TIN,SM BOX,21222,TRUCK,DELIVER IN PERSON,34.00,35500.76,0.05,1994-02-04,4-NOT SPECIFIED,222826.57,Customer#000000407,MACHINERY,9537.08,ARGENTINA,AMERICA,"Nation: GERMANY
Return a single YES or NO, with no other words. If uncertain, return YES.",True
144,hot midnight orchid dim steel,SMALL ANODIZED TIN,SM BOX,21222,TRUCK,DELIVER IN PERSON,34.00,35500.76,0.05,1994-02-04,4-NOT SPECIFIED,222826.57,Customer#000000407,MACHINERY,9537.08,ARGENTINA,AMERICA,"Nation: INDIA
Return a single YES or NO, with no other words. If uncertain, return YES.",True
144,hot midnight orchid dim steel,SMALL ANODIZED TIN,SM BOX,21222,TRUCK,DELIVER IN PERSON,34.00,35500.76,0.05,1994-02-04,4-NOT SPECIFIED,222826.57,Customer#000000407,MACHINERY,9537.08,ARGENTINA,AMERICA,"Nation: INDONESIA
Return a single YES or NO, with no other words. If uncertain, return YES.",True
144,hot midnight orchid dim steel,SMALL ANODIZED TIN,SM BOX,21222,TRUCK,DELIVER IN PERSON,34.00,35500.76,0.05,1994-02-04,4-NOT SPECIFIED,222826.57,Customer#000000407,MACHINERY,9537.08,ARGENTINA,AMERICA,"Nation: IRAN
Return a single YES or NO, with no other words. If uncertain, return YES.",True
144,hot midnight orchid dim steel,SMALL ANODIZED TIN,SM BOX,21222,TRUCK,DELIVER IN PERSON,34.00,35500.76,0.05,1994-02-04,4-NOT SPECIFIED,222826.57,Customer#000000407,MACHINERY,9537.08,ARGENTINA,AMERICA,"Nation: IRAQ
Return a single YES or NO, with no other words. If uncertain, return YES.",True
144,hot midnight orchid dim steel,SMALL ANODIZED TIN,SM BOX,21222,TRUCK,DELIVER IN PERSON,34.00,35500.76,0.05,1994-02-04,4-NOT SPECIFIED,222826.57,Customer#000000407,MACHINERY,9537.08,ARGENTINA,AMERICA,"Nation: JAPAN
Return a single YES or NO, with no other words. If uncertain, return YES.",True
144,hot midnight orchid dim steel,SMALL ANODIZED TIN,SM BOX,21222,TRUCK,DELIVER IN PERSON,34.00,35500.76,0.05,1994-02-04,4-NOT SPECIFIED,222826.57,Customer#000000407,MACHINERY,9537.08,ARGENTINA,AMERICA,"Nation: JORDAN
Return a single YES or NO, with no other words. If uncertain, return YES.",True
144,hot midnight orchid dim steel,SMALL ANODIZED TIN,SM BOX,21222,TRUCK,DELIVER IN PERSON,34.00,35500.76,0.05,1994-02-04,4-NOT SPECIFIED,222826.57,Customer#000000407,MACHINERY,9537.08,ARGENTINA,AMERICA,"Nation: KENYA
Return a single YES or NO, with no other words. If uncertain, return YES.",True
144,hot midnight orchid dim steel,SMALL ANODIZED TIN,SM BOX,21222,TRUCK,DELIVER IN PERSON,34.00,35500.76,0.05,1994-02-04,4-NOT SPECIFIED,222826.57,Customer#000000407,MACHINERY,9537.08,ARGENTINA,AMERICA,"Nation: MOROCCO
Return a single YES or NO, with no other words. If uncertain, return YES.",True
144,hot midnight orchid dim steel,SMALL ANODIZED TIN,SM BOX,21222,TRUCK,DELIVER IN PERSON,34.00,35500.76,0.05,1994-02-04,4-NOT SPECIFIED,222826.57,Customer#000000407,MACHINERY,9537.08,ARGENTINA,AMERICA,"Nation: MOZAMBIQUE
Return a single YES or NO, with no other words. If uncertain, return YES.",True
144,hot midnight orchid dim steel,SMALL ANODIZED TIN,SM BOX,21222,TRUCK,DELIVER IN PERSON,34.00,35500.76,0.05,1994-02-04,4-NOT SPECIFIED,222826.57,Customer#000000407,MACHINERY,9537.08,ARGENTINA,AMERICA,"Nation: PERU
Return a single YES or NO, with no other words. If uncertain, return YES.",True
144,hot midnight orchid dim steel,SMALL ANODIZED TIN,SM BOX,21222,TRUCK,DELIVER IN PERSON,34.00,35500.76,0.05,1994-02-04,4-NOT SPECIFIED,222826.57,Customer#000000407,MACHINERY,9537.08,ARGENTINA,AMERICA,"Nation: CHINA
Return a single YES or NO, with no other words. If uncertain, return YES.",True
144,hot midnight orchid dim steel,SMALL ANODIZED TIN,SM BOX,21222,TRUCK,DELIVER IN PERSON,34.00,35500.76,0.05,1994-02-04,4-NOT SPECIFIED,222826.57,Customer#000000407,MACHINERY,9537.08,ARGENTINA,AMERICA,"Nation: ROMANIA
Return a single YES or NO, with no other words. If uncertain, return YES.",True
144,hot midnight orchid dim steel,SMALL ANODIZED TIN,SM BOX,21222,TRUCK,DELIVER IN PERSON,34.00,35500.76,0.05,1994-02-04,4-NOT SPECIFIED,222826.57,Customer#000000407,MACHINERY,9537.08,ARGENTINA,AMERICA,"Nation: SAUDI ARABIA
Return a single YES or NO, with no other words. If uncertain, return YES.",True
144,hot midnight orchid dim steel,SMALL ANODIZED TIN,SM BOX,21222,TRUCK,DELIVER IN PERSON,34.00,35500.76,0.05,1994-02-04,4-NOT SPECIFIED,222826.57,Customer#000000407,MACHINERY,9537.08,ARGENTINA,AMERICA,"Nation: VIETNAM
Return a single YES or NO, with no other words. If uncertain, return YES.",True
144,hot midnight orchid dim steel,SMALL ANODIZED TIN,SM BOX,21222,TRUCK,DELIVER IN PERSON,34.00,35500.76,0.05,1994-02-04,4-NOT SPECIFIED,222826.57,Customer#000000407,MACHINERY,9537.08,ARGENTINA,AMERICA,"Nation: RUSSIA
Return a single YES or NO, with no other words. If uncertain, return YES.",True
144,hot midnight orchid dim steel,SMALL ANODIZED TIN,SM BOX,21222,TRUCK,DELIVER IN PERSON,34.00,35500.76,0.05,1994-02-04,4-NOT SPECIFIED,222826.57,Customer#000000407,MACHINERY,9537.08,ARGENTINA,AMERICA,"Nation: UNITED KINGDOM
Return a single YES or NO, with no other words. If uncertain, return YES.",True
144,hot midnight orchid dim steel,SMALL ANODIZED TIN,SM BOX,21222,TRUCK,DELIVER IN PERSON,34.00,35500.76,0.05,1994-02-04,4-NOT SPECIFIED,222826.57,Customer#000000407,MACHINERY,9537.08,ARGENTINA,AMERICA,"Nation: UNITED STATES
Return a single YES or NO, with no other words. If uncertain, return YES.",True
558,blanched seashell navy black dim,STANDARD PLATED BRASS,MED BOX,23142,TRUCK,DELIVER IN PERSON,24.00,35005.20,0.06,1996-05-27,3-MEDIUM,142727.51,Customer#000000011,BUILDING,-272.60,UNITED KINGDOM,EUROPE,"Nation: ALGERIA
Return a single YES or NO, with no other words. If uncertain, return YES.",True
558,blanched seashell navy black dim,STANDARD PLATED BRASS,MED BOX,23142,TRUCK,DELIVER IN PERSON,24.00,35005.20,0.06,1996-05-27,3-MEDIUM,142727.51,Customer#000000011,BUILDING,-272.60,UNITED KINGDOM,EUROPE,"Nation: ARGENTINA
Return a single YES or NO, with no other words. If uncertain, return YES.",True
558,blanched seashell navy black dim,STANDARD PLATED BRASS,MED BOX,23142,TRUCK,DELIVER IN PERSON,24.00,35005.20,0.06,1996-05-27,3-MEDIUM,142727.51,Customer#000000011,BUILDING,-272.60,UNITED KINGDOM,EUROPE,"Nation: BRAZIL
Return a single YES or NO, with no other words. If uncertain, return YES.",True
558,blanched seashell navy black dim,STANDARD PLATED BRASS,MED BOX,23142,TRUCK,DELIVER IN PERSON,24.00,35005.20,0.06,1996-05-27,3-MEDIUM,142727.51,Customer#000000011,BUILDING,-272.60,UNITED KINGDOM,EUROPE,"Nation: CANADA
Return a single YES or NO, with no other words. If uncertain, return YES.",True
558,blanched seashell navy black dim,STANDARD PLATED BRASS,MED BOX,23142,TRUCK,DELIVER IN PERSON,24.00,35005.20,0.06,1996-05-27,3-MEDIUM,142727.51,Customer#000000011,BUILDING,-272.60,UNITED KINGDOM,EUROPE,"Nation: EGYPT
Return a single YES or NO, with no other words. If uncertain, return YES.",True
558,blanched seashell navy black dim,STANDARD PLATED BRASS,MED BOX,23142,TRUCK,DELIVER IN PERSON,24.00,35005.20,0.06,1996-05-27,3-MEDIUM,142727.51,Customer#000000011,BUILDING,-272.60,UNITED KINGDOM,EUROPE,"Nation: ETHIOPIA
Return a single YES or NO, with no other words. If uncertain, return YES.",True
558,blanched seashell navy black dim,STANDARD PLATED BRASS,MED BOX,23142,TRUCK,DELIVER IN PERSON,24.00,35005.20,0.06,1996-05-27,3-MEDIUM,142727.51,Customer#000000011,BUILDING,-272.60,UNITED KINGDOM,EUROPE,"Nation: FRANCE
Return a single YES or NO, with no other words. If uncertain, return YES.",True
558,blanched seashell navy black dim,STANDARD PLATED BRASS,MED BOX,23142,TRUCK,DELIVER IN PERSON,24.00,35005.20,0.06,1996-05-27,3-MEDIUM,142727.51,Customer#000000011,BUILDING,-272.60,UNITED KINGDOM,EUROPE,"Nation: GERMANY
Return a single YES or NO, with no other words. If uncertain, return YES.",True
558,blanched seashell navy black dim,STANDARD PLATED BRASS,MED BOX,23142,TRUCK,DELIVER IN PERSON,24.00,35005.20,0.06,1996-05-27,3-MEDIUM,142727.51,Customer#000000011,BUILDING,-272.60,UNITED KINGDOM,EUROPE,"Nation: INDIA
Return a single YES or NO, with no other words. If uncertain, return YES.",True
558,blanched seashell navy black dim,STANDARD PLATED BRASS,MED BOX,23142,TRUCK,DELIVER IN PERSON,24.00,35005.20,0.06,1996-05-27,3-MEDIUM,142727.51,Customer#000000011,BUILDING,-272.60,UNITED KINGDOM,EUROPE,"Nation: INDONESIA
Return a single YES or NO, with no other words. If uncertain, return YES.",True
558,blanched seashell navy black dim,STANDARD PLATED BRASS,MED BOX,23142,TRUCK,DELIVER IN PERSON,24.00,35005.20,0.06,1996-05-27,3-MEDIUM,142727.51,Customer#000000011,BUILDING,-272.60,UNITED KINGDOM,EUROPE,"Nation: IRAN
Return a single YES or NO, with no other words. If uncertain, return YES.",True
558,blanched seashell navy black dim,STANDARD PLATED BRASS,MED BOX,23142,TRUCK,DELIVER IN PERSON,24.00,35005.20,0.06,1996-05-27,3-MEDIUM,142727.51,Customer#000000011,BUILDING,-272.60,UNITED KINGDOM,EUROPE,"Nation: IRAQ
Return a single YES or NO, with no other words. If uncertain, return YES.",True
558,blanched seashell navy black dim,STANDARD PLATED BRASS,MED BOX,23142,TRUCK,DELIVER IN PERSON,24.00,35005.20,0.06,1996-05-27,3-MEDIUM,142727.51,Customer#000000011,BUILDING,-272.60,UNITED KINGDOM,EUROPE,"Nation: JAPAN
Return a single YES or NO, with no other words. If uncertain, return YES.",True
558,blanched seashell navy black dim,STANDARD PLATED BRASS,MED BOX,23142,TRUCK,DELIVER IN PERSON,24.00,35005.20,0.06,1996-05-27,3-MEDIUM,142727.51,Customer#000000011,BUILDING,-272.60,UNITED KINGDOM,EUROPE,"Nation: JORDAN
Return a single YES or NO, with no other words. If uncertain, return YES.",True
558,blanched seashell navy black dim,STANDARD PLATED BRASS,MED BOX,23142,TRUCK,DELIVER IN PERSON,24.00,35005.20,0.06,1996-05-27,3-MEDIUM,142727.51,Customer#000000011,BUILDING,-272.60,UNITED KINGDOM,EUROPE,"Nation: KENYA
Return a single YES or NO, with no other words. If uncertain, return YES.",True
558,blanched seashell navy black dim,STANDARD PLATED BRASS,MED BOX,23142,TRUCK,DELIVER IN PERSON,24.00,35005.20,0.06,1996-05-27,3-MEDIUM,142727.51,Customer#000000011,BUILDING,-272.60,UNITED KINGDOM,EUROPE,"Nation: MOROCCO
Return a single YES or NO, with no other words. If uncertain, return YES.",True
558,blanched seashell navy black dim,STANDARD PLATED BRASS,MED BOX,23142,TRUCK,DELIVER IN PERSON,24.00,35005.20,0.06,1996-05-27,3-MEDIUM,142727.51,Customer#000000011,BUILDING,-272.60,UNITED KINGDOM,EUROPE,"Nation: MOZAMBIQUE
Return a single YES or NO, with no other words. If uncertain, return YES.",True
558,blanched seashell navy black dim,STANDARD PLATED BRASS,MED BOX,23142,TRUCK,DELIVER IN PERSON,24.00,35005.20,0.06,1996-05-27,3-MEDIUM,142727.51,Customer#000000011,BUILDING,-272.60,UNITED KINGDOM,EUROPE,"Nation: PERU
Return a single YES or NO, with no other words. If uncertain, return YES.",True
558,blanched seashell navy black dim,STANDARD PLATED BRASS,MED BOX,23142,TRUCK,DELIVER IN PERSON,24.00,35005.20,0.06,1996-05-27,3-MEDIUM,142727.51,Customer#000000011,BUILDING,-272.60,UNITED KINGDOM,EUROPE,"Nation: CHINA
Return a single YES or NO, with no other words. If uncertain, return YES.",True
558,blanched seashell navy black dim,STANDARD PLATED BRASS,MED BOX,23142,TRUCK,DELIVER IN PERSON,24.00,35005.20,0.06,1996-05-27,3-MEDIUM,142727.51,Customer#000000011,BUILDING,-272.60,UNITED KINGDOM,EUROPE,"Nation: ROMANIA
Return a single YES or NO, with no other words. If uncertain, return YES.",True
558,blanched seashell navy black dim,STANDARD PLATED BRASS,MED BOX,23142,TRUCK,DELIVER IN PERSON,24.00,35005.20,0.06,1996-05-27,3-MEDIUM,142727.51,Customer#000000011,BUILDING,-272.60,UNITED KINGDOM,EUROPE,"Nation: SAUDI ARABIA
Return a single YES or NO, with no other words. If uncertain, return YES.",True
558,blanched seashell navy black dim,STANDARD PLATED BRASS,MED BOX,23142,TRUCK,DELIVER IN PERSON,24.00,35005.20,0.06,1996-05-27,3-MEDIUM,142727.51,Customer#000000011,BUILDING,-272.60,UNITED KINGDOM,EUROPE,"Nation: VIETNAM
Return a single YES or NO, with no other words. If uncertain, return YES.",True
558,blanched seashell navy black dim,STANDARD PLATED BRASS,MED BOX,23142,TRUCK,DELIVER IN PERSON,24.00,35005.20,0.06,1996-05-27,3-MEDIUM,142727.51,Customer#000000011,BUILDING,-272.60,UNITED KINGDOM,EUROPE,"Nation: RUSSIA
Return a single YES or NO, with no other words. If uncertain, return YES.",True
558,blanched seashell navy black dim,STANDARD PLATED BRASS,MED BOX,23142,TRUCK,DELIVER IN PERSON,24.00,35005.20,0.06,1996-05-27,3-MEDIUM,142727.51,Customer#000000011,BUILDING,-272.60,UNITED KINGDOM,EUROPE,"Nation: UNITED KINGDOM
Return a single YES or NO, with no other words. If uncertain, return YES.",True
558,blanched seashell navy black dim,STANDARD PLATED BRASS,MED BOX,23142,TRUCK,DELIVER IN PERSON,24.00,35005.20,0.06,1996-05-27,3-MEDIUM,142727.51,Customer#000000011,BUILDING,-272.60,UNITED KINGDOM,EUROPE,"Nation: UNITED STATES
Return a single YES or NO, with no other words. If uncertain, return YES.",True
395,drab steel royal medium chartreuse,MEDIUM BURNISHED BRASS,LG BOX,23169,AIR,TAKE BACK RETURN,39.00,50520.21,0.04,1995-06-24,1-URGENT,227411.29,Customer#000000265,MACHINERY,8275.80,PERU,AMERICA,"Nation: ALGERIA
Return a single YES or NO, with no other words. If uncertain, return YES.",True
395,drab steel royal medium chartreuse,MEDIUM BURNISHED BRASS,LG BOX,23169,AIR,TAKE BACK RETURN,39.00,50520.21,0.04,1995-06-24,1-URGENT,227411.29,Customer#000000265,MACHINERY,8275.80,PERU,AMERICA,"Nation: ARGENTINA
Return a single YES or NO, with no other words. If uncertain, return YES.",True
395,drab steel royal medium chartreuse,MEDIUM BURNISHED BRASS,LG BOX,23169,AIR,TAKE BACK RETURN,39.00,50520.21,0.04,1995-06-24,1-URGENT,227411.29,Customer#000000265,MACHINERY,8275.80,PERU,AMERICA,"Nation: BRAZIL
Return a single YES or NO, with no other words. If uncertain, return YES.",True
395,drab steel royal medium chartreuse,MEDIUM BURNISHED BRASS,LG BOX,23169,AIR,TAKE BACK RETURN,39.00,50520.21,0.04,1995-06-24,1-URGENT,227411.29,Customer#000000265,MACHINERY,8275.80,PERU,AMERICA,"Nation: CANADA
Return a single YES or NO, with no other words. If uncertain, return YES.",True
395,drab steel royal medium chartreuse,MEDIUM BURNISHED BRASS,LG BOX,23169,AIR,TAKE BACK RETURN,39.00,50520.21,0.04,1995-06-24,1-URGENT,227411.29,Customer#000000265,MACHINERY,8275.80,PERU,AMERICA,"Nation: EGYPT
Return a single YES or NO, with no other words. If uncertain, return YES.",True
395,drab steel royal medium chartreuse,MEDIUM BURNISHED BRASS,LG BOX,23169,AIR,TAKE BACK RETURN,39.00,50520.21,0.04,1995-06-24,1-URGENT,227411.29,Customer#000000265,MACHINERY,8275.80,PERU,AMERICA,"Nation: ETHIOPIA
Return a single YES or NO, with no other words. If uncertain, return YES.",True
395,drab steel royal medium chartreuse,MEDIUM BURNISHED BRASS,LG BOX,23169,AIR,TAKE BACK RETURN,39.00,50520.21,0.04,1995-06-24,1-URGENT,227411.29,Customer#000000265,MACHINERY,8275.80,PERU,AMERICA,"Nation: FRANCE
Return a single YES or NO, with no other words. If uncertain, return YES.",True
395,drab steel royal medium chartreuse,MEDIUM BURNISHED BRASS,LG BOX,23169,AIR,TAKE BACK RETURN,39.00,50520.21,0.04,1995-06-24,1-URGENT,227411.29,Customer#000000265,MACHINERY,8275.80,PERU,AMERICA,"Nation: GERMANY
Return a single YES or NO, with no other words. If uncertain, return YES.",True
395,drab steel royal medium chartreuse,MEDIUM BURNISHED BRASS,LG BOX,23169,AIR,TAKE BACK RETURN,39.00,50520.21,0.04,1995-06-24,1-URGENT,227411.29,Customer#000000265,MACHINERY,8275.80,PERU,AMERICA,"Nation: INDIA
Return a single YES or NO, with no other words. If uncertain, return YES.",True
395,drab steel royal medium chartreuse,MEDIUM BURNISHED BRASS,LG BOX,23169,AIR,TAKE BACK RETURN,39.00,50520.21,0.04,1995-06-24,1-URGENT,227411.29,Customer#000000265,MACHINERY,8275.80,PERU,AMERICA,"Nation: INDONESIA
Return a single YES or NO, with no other words. If uncertain, return YES.",True
395,drab steel royal medium chartreuse,MEDIUM BURNISHED BRASS,LG BOX,23169,AIR,TAKE BACK RETURN,39.00,50520.21,0.04,1995-06-24,1-URGENT,227411.29,Customer#000000265,MACHINERY,8275.80,PERU,AMERICA,"Nation: IRAN
Return a single YES or NO, with no other words. If uncertain, return YES.",True
395,drab steel royal medium chartreuse,MEDIUM BURNISHED BRASS,LG BOX,23169,AIR,TAKE BACK RETURN,39.00,50520.21,0.04,1995-06-24,1-URGENT,227411.29,Customer#000000265,MACHINERY,8275.80,PERU,AMERICA,"Nation: IRAQ
Return a single YES or NO, with no other words. If uncertain, return YES.",True
395,drab steel royal medium chartreuse,MEDIUM BURNISHED BRASS,LG BOX,23169,AIR,TAKE BACK RETURN,39.00,50520.21,0.04,1995-06-24,1-URGENT,227411.29,Customer#000000265,MACHINERY,8275.80,PERU,AMERICA,"Nation: JAPAN
Return a single YES or NO, with no other words. If uncertain, return YES.",True
395,drab steel royal medium chartreuse,MEDIUM BURNISHED BRASS,LG BOX,23169,AIR,TAKE BACK RETURN,39.00,50520.21,0.04,1995-06-24,1-URGENT,227411.29,Customer#000000265,MACHINERY,8275.80,PERU,AMERICA,"Nation: JORDAN
Return a single YES or NO, with no other words. If uncertain, return YES.",True
395,drab steel royal medium chartreuse,MEDIUM BURNISHED BRASS,LG BOX,23169,AIR,TAKE BACK RETURN,39.00,50520.21,0.04,1995-06-24,1-URGENT,227411.29,Customer#000000265,MACHINERY,8275.80,PERU,AMERICA,"Nation: KENYA
Return a single YES or NO, with no other words. If uncertain, return YES.",True
395,drab steel royal medium chartreuse,MEDIUM BURNISHED BRASS,LG BOX,23169,AIR,TAKE BACK RETURN,39.00,50520.21,0.04,1995-06-24,1-URGENT,227411.29,Customer#000000265,MACHINERY,8275.80,PERU,AMERICA,"Nation: MOROCCO
Return a single YES or NO, with no other words. If uncertain, return YES.",True
395,drab steel royal medium chartreuse,MEDIUM BURNISHED BRASS,LG BOX,23169,AIR,TAKE BACK RETURN,39.00,50520.21,0.04,1995-06-24,1-URGENT,227411.29,Customer#000000265,MACHINERY,8275.80,PERU,AMERICA,"Nation: MOZAMBIQUE
Return a single YES or NO, with no other words. If uncertain, return YES.",True
395,drab steel royal medium chartreuse,MEDIUM BURNISHED BRASS,LG BOX,23169,AIR,TAKE BACK RETURN,39.00,50520.21,0.04,1995-06-24,1-URGENT,227411.29,Customer#000000265,MACHINERY,8275.80,PERU,AMERICA,"Nation: PERU
Return a single YES or NO, with no other words. If uncertain, return YES.",True
395,drab steel royal medium chartreuse,MEDIUM BURNISHED BRASS,LG BOX,23169,AIR,TAKE BACK RETURN,39.00,50520.21,0.04,1995-06-24,1-URGENT,227411.29,Customer#000000265,MACHINERY,8275.80,PERU,AMERICA,"Nation: CHINA
Return a single YES or NO, with no other words. If uncertain, return YES.",True
395,drab steel royal medium chartreuse,MEDIUM BURNISHED BRASS,LG BOX,23169,AIR,TAKE BACK RETURN,39.00,50520.21,0.04,1995-06-24,1-URGENT,227411.29,Customer#000000265,MACHINERY,8275.80,PERU,AMERICA,"Nation: ROMANIA
Return a single YES or NO, with no other words. If uncertain, return YES.",True
395,drab steel royal medium chartreuse,MEDIUM BURNISHED BRASS,LG BOX,23169,AIR,TAKE BACK RETURN,39.00,50520.21,0.04,1995-06-24,1-URGENT,227411.29,Customer#000000265,MACHINERY,8275.80,PERU,AMERICA,"Nation: SAUDI ARABIA
Return a single YES or NO, with no other words. If uncertain, return YES.",True
395,drab steel royal medium chartreuse,MEDIUM BURNISHED BRASS,LG BOX,23169,AIR,TAKE BACK RETURN,39.00,50520.21,0.04,1995-06-24,1-URGENT,227411.29,Customer#000000265,MACHINERY,8275.80,PERU,AMERICA,"Nation: VIETNAM
Return a single YES or NO, with no other words. If uncertain, return YES.",True
395,drab steel royal medium chartreuse,MEDIUM BURNISHED BRASS,LG BOX,23169,AIR,TAKE BACK RETURN,39.00,50520.21,0.04,1995-06-24,1-URGENT,227411.29,Customer#000000265,MACHINERY,8275.80,PERU,AMERICA,"Nation: RUSSIA
Return a single YES or NO, with no other words. If uncertain, return YES.",True
395,drab steel royal medium chartreuse,MEDIUM BURNISHED BRASS,LG BOX,23169,AIR,TAKE BACK RETURN,39.00,50520.21,0.04,1995-06-24,1-URGENT,227411.29,Customer#000000265,MACHINERY,8275.80,PERU,AMERICA,"Nation: UNITED KINGDOM
Return a single YES or NO, with no other words. If uncertain, return YES.",True
395,drab steel royal medium chartreuse,MEDIUM BURNISHED BRASS,LG BOX,23169,AIR,TAKE BACK RETURN,39.00,50520.21,0.04,1995-06-24,1-URGENT,227411.29,Customer#000000265,MACHINERY,8275.80,PERU,AMERICA,"Nation: UNITED STATES
Return a single YES or NO, with no other words. If uncertain, return YES.",True
450,sky lace green pale lime,MEDIUM BURNISHED TIN,SM CASE,24705,AIR,DELIVER IN PERSON,42.00,56718.90,0.09,1995-09-16,1-URGENT,114109.64,Customer#000000268,MACHINERY,6821.01,CANADA,AMERICA,"Nation: ALGERIA
Return a single YES or NO, with no other words. If uncertain, return YES.",True
450,sky lace green pale lime,MEDIUM BURNISHED TIN,SM CASE,24705,AIR,DELIVER IN PERSON,42.00,56718.90,0.09,1995-09-16,1-URGENT,114109.64,Customer#000000268,MACHINERY,6821.01,CANADA,AMERICA,"Nation: ARGENTINA
Return a single YES or NO, with no other words. If uncertain, return YES.",True
450,sky lace green pale lime,MEDIUM BURNISHED TIN,SM CASE,24705,AIR,DELIVER IN PERSON,42.00,56718.90,0.09,1995-09-16,1-URGENT,114109.64,Customer#000000268,MACHINERY,6821.01,CANADA,AMERICA,"Nation: BRAZIL
Return a single YES or NO, with no other words. If uncertain, return YES.",True
450,sky lace green pale lime,MEDIUM BURNISHED TIN,SM CASE,24705,AIR,DELIVER IN PERSON,42.00,56718.90,0.09,1995-09-16,1-URGENT,114109.64,Customer#000000268,MACHINERY,6821.01,CANADA,AMERICA,"Nation: CANADA
Return a single YES or NO, with no other words. If uncertain, return YES.",True
450,sky lace green pale lime,MEDIUM BURNISHED TIN,SM CASE,24705,AIR,DELIVER IN PERSON,42.00,56718.90,0.09,1995-09-16,1-URGENT,114109.64,Customer#000000268,MACHINERY,6821.01,CANADA,AMERICA,"Nation: EGYPT
Return a single YES or NO, with no other words. If uncertain, return YES.",True
450,sky lace green pale lime,MEDIUM BURNISHED TIN,SM CASE,24705,AIR,DELIVER IN PERSON,42.00,56718.90,0.09,1995-09-16,1-URGENT,114109.64,Customer#000000268,MACHINERY,6821.01,CANADA,AMERICA,"Nation: ETHIOPIA
Return a single YES or NO, with no other words. If uncertain, return YES.",True
450,sky lace green pale lime,MEDIUM BURNISHED TIN,SM CASE,24705,AIR,DELIVER IN PERSON,42.00,56718.90,0.09,1995-09-16,1-URGENT,114109.64,Customer#000000268,MACHINERY,6821.01,CANADA,AMERICA,"Nation: FRANCE
Return a single YES or NO, with no other words. If uncertain, return YES.",True
450,sky lace green pale lime,MEDIUM BURNISHED TIN,SM CASE,24705,AIR,DELIVER IN PERSON,42.00,56718.90,0.09,1995-09-16,1-URGENT,114109.64,Customer#000000268,MACHINERY,6821.01,CANADA,AMERICA,"Nation: GERMANY
Return a single YES or NO, with no other words. If uncertain, return YES.",True
450,sky lace green pale lime,MEDIUM BURNISHED TIN,SM CASE,24705,AIR,DELIVER IN PERSON,42.00,56718.90,0.09,1995-09-16,1-URGENT,114109.64,Customer#000000268,MACHINERY,6821.01,CANADA,AMERICA,"Nation: INDIA
Return a single YES or NO, with no other words. If uncertain, return YES.",True
450,sky lace green pale lime,MEDIUM BURNISHED TIN,SM CASE,24705,AIR,DELIVER IN PERSON,42.00,56718.90,0.09,1995-09-16,1-URGENT,114109.64,Customer#000000268,MACHINERY,6821.01,CANADA,AMERICA,"Nation: INDONESIA
Return a single YES or NO, with no other words. If uncertain, return YES.",True
450,sky lace green pale lime,MEDIUM BURNISHED TIN,SM CASE,24705,AIR,DELIVER IN PERSON,42.00,56718.90,0.09,1995-09-16,1-URGENT,114109.64,Customer#000000268,MACHINERY,6821.01,CANADA,AMERICA,"Nation: IRAN
Return a single YES or NO, with no other words. If uncertain, return YES.",True
450,sky lace green pale lime,MEDIUM BURNISHED TIN,SM CASE,24705,AIR,DELIVER IN PERSON,42.00,56718.90,0.09,1995-09-16,1-URGENT,114109.64,Customer#000000268,MACHINERY,6821.01,CANADA,AMERICA,"Nation: IRAQ
Return a single YES or NO, with no other words. If uncertain, return YES.",True
450,sky lace green pale lime,MEDIUM BURNISHED TIN,SM CASE,24705,AIR,DELIVER IN PERSON,42.00,56718.90,0.09,1995-09-16,1-URGENT,114109.64,Customer#000000268,MACHINERY,6821.01,CANADA,AMERICA,"Nation: JAPAN
Return a single YES or NO, with no other words. If uncertain, return YES.",True
450,sky lace green pale lime,MEDIUM BURNISHED TIN,SM CASE,24705,AIR,DELIVER IN PERSON,42.00,56718.90,0.09,1995-09-16,1-URGENT,114109.64,Customer#000000268,MACHINERY,6821.01,CANADA,AMERICA,"Nation: JORDAN
Return a single YES or NO, with no other words. If uncertain, return YES.",True
450,sky lace green pale lime,MEDIUM BURNISHED TIN,SM CASE,24705,AIR,DELIVER IN PERSON,42.00,56718.90,0.09,1995-09-16,1-URGENT,114109.64,Customer#000000268,MACHINERY,6821.01,CANADA,AMERICA,"Nation: KENYA
Return a single YES or NO, with no other words. If uncertain, return YES.",True
450,sky lace green pale lime,MEDIUM BURNISHED TIN,SM CASE,24705,AIR,DELIVER IN PERSON,42.00,56718.90,0.09,1995-09-16,1-URGENT,114109.64,Customer#000000268,MACHINERY,6821.01,CANADA,AMERICA,"Nation: MOROCCO
Return a single YES or NO, with no other words. If uncertain, return YES.",True
450,sky lace green pale lime,MEDIUM BURNISHED TIN,SM CASE,24705,AIR,DELIVER IN PERSON,42.00,56718.90,0.09,1995-09-16,1-URGENT,114109.64,Customer#000000268,MACHINERY,6821.01,CANADA,AMERICA,"Nation: MOZAMBIQUE
Return a single YES or NO, with no other words. If uncertain, return YES.",True
450,sky lace green pale lime,MEDIUM BURNISHED TIN,SM CASE,24705,AIR,DELIVER IN PERSON,42.00,56718.90,0.09,1995-09-16,1-URGENT,114109.64,Customer#000000268,MACHINERY,6821.01,CANADA,AMERICA,"Nation: PERU
Return a single YES or NO, with no other words. If uncertain, return YES.",True
450,sky lace green pale lime,MEDIUM BURNISHED TIN,SM CASE,24705,AIR,DELIVER IN PERSON,42.00,56718.90,0.09,1995-09-16,1-URGENT,114109.64,Customer#000000268,MACHINERY,6821.01,CANADA,AMERICA,"Nation: CHINA
Return a single YES or NO, with no other words. If uncertain, return YES.",True
450,sky lace green pale lime,MEDIUM BURNISHED TIN,SM CASE,24705,AIR,DELIVER IN PERSON,42.00,56718.90,0.09,1995-09-16,1-URGENT,114109.64,Customer#000000268,MACHINERY,6821.01,CANADA,AMERICA,"Nation: ROMANIA
Return a single YES or NO, with no other words. If uncertain, return YES.",True
450,sky lace green pale lime,MEDIUM BURNISHED TIN,SM CASE,24705,AIR,DELIVER IN PERSON,42.00,56718.90,0.09,1995-09-16,1-URGENT,114109.64,Customer#000000268,MACHINERY,6821.01,CANADA,AMERICA,"Nation: SAUDI ARABIA
Return a single YES or NO, with no other words. If uncertain, return YES.",True
450,sky lace green pale lime,MEDIUM BURNISHED TIN,SM CASE,24705,AIR,DELIVER IN PERSON,42.00,56718.90,0.09,1995-09-16,1-URGENT,114109.64,Customer#000000268,MACHINERY,6821.01,CANADA,AMERICA,"Nation: VIETNAM
Return a single YES or NO, with no other words. If uncertain, return YES.",True
450,sky lace green pale lime,MEDIUM BURNISHED TIN,SM CASE,24705,AIR,DELIVER IN PERSON,42.00,56718.90,0.09,1995-09-16,1-URGENT,114109.64,Customer#000000268,MACHINERY,6821.01,CANADA,AMERICA,"Nation: RUSSIA
Return a single YES or NO, with no other words. If uncertain, return YES.",True
450,sky lace green pale lime,MEDIUM BURNISHED TIN,SM CASE,24705,AIR,DELIVER IN PERSON,42.00,56718.90,0.09,1995-09-16,1-URGENT,114109.64,Customer#000000268,MACHINERY,6821.01,CANADA,AMERICA,"Nation: UNITED KINGDOM
Return a single YES or NO, with no other words. If uncertain, return YES.",True
450,sky lace green pale lime,MEDIUM BURNISHED TIN,SM CASE,24705,AIR,DELIVER IN PERSON,42.00,56718.90,0.09,1995-09-16,1-URGENT,114109.64,Customer#000000268,MACHINERY,6821.01,CANADA,AMERICA,"Nation: UNITED STATES
Return a single YES or NO, with no other words. If uncertain, return YES.",True
922,frosted dodger cyan medium indian,LARGE BURNISHED BRASS,SM CASE,3267,AIR,TAKE BACK RETURN,33.00,60156.36,0.06,1997-01-07,5-LOW,57112.43,Customer#000000560,BUILDING,1469.59,ROMANIA,EUROPE,"Nation: ALGERIA
Return a single YES or NO, with no other words. If uncertain, return YES.",True
922,frosted dodger cyan medium indian,LARGE BURNISHED BRASS,SM CASE,3267,AIR,TAKE BACK RETURN,33.00,60156.36,0.06,1997-01-07,5-LOW,57112.43,Customer#000000560,BUILDING,1469.59,ROMANIA,EUROPE,"Nation: ARGENTINA
Return a single YES or NO, with no other words. If uncertain, return YES.",True
922,frosted dodger cyan medium indian,LARGE BURNISHED BRASS,SM CASE,3267,AIR,TAKE BACK RETURN,33.00,60156.36,0.06,1997-01-07,5-LOW,57112.43,Customer#000000560,BUILDING,1469.59,ROMANIA,EUROPE,"Nation: BRAZIL
Return a single YES or NO, with no other words. If uncertain, return YES.",True
922,frosted dodger cyan medium indian,LARGE BURNISHED BRASS,SM CASE,3267,AIR,TAKE BACK RETURN,33.00,60156.36,0.06,1997-01-07,5-LOW,57112.43,Customer#000000560,BUILDING,1469.59,ROMANIA,EUROPE,"Nation: CANADA
Return a single YES or NO, with no other words. If uncertain, return YES.",True
922,frosted dodger cyan medium indian,LARGE BURNISHED BRASS,SM CASE,3267,AIR,TAKE BACK RETURN,33.00,60156.36,0.06,1997-01-07,5-LOW,57112.43,Customer#000000560,BUILDING,1469.59,ROMANIA,EUROPE,"Nation: EGYPT
Return a single YES or NO, with no other words. If uncertain, return YES.",True
922,frosted dodger cyan medium indian,LARGE BURNISHED BRASS,SM CASE,3267,AIR,TAKE BACK RETURN,33.00,60156.36,0.06,1997-01-07,5-LOW,57112.43,Customer#000000560,BUILDING,1469.59,ROMANIA,EUROPE,"Nation: ETHIOPIA
Return a single YES or NO, with no other words. If uncertain, return YES.",True
922,frosted dodger cyan medium indian,LARGE BURNISHED BRASS,SM CASE,3267,AIR,TAKE BACK RETURN,33.00,60156.36,0.06,1997-01-07,5-LOW,57112.43,Customer#000000560,BUILDING,1469.59,ROMANIA,EUROPE,"Nation: FRANCE
Return a single YES or NO, with no other words. If uncertain, return YES.",True
922,frosted dodger cyan medium indian,LARGE BURNISHED BRASS,SM CASE,3267,AIR,TAKE BACK RETURN,33.00,60156.36,0.06,1997-01-07,5-LOW,57112.43,Customer#000000560,BUILDING,1469.59,ROMANIA,EUROPE,"Nation: GERMANY
Return a single YES or NO, with no other words. If uncertain, return YES.",True
922,frosted dodger cyan medium indian,LARGE BURNISHED BRASS,SM CASE,3267,AIR,TAKE BACK RETURN,33.00,60156.36,0.06,1997-01-07,5-LOW,57112.43,Customer#000000560,BUILDING,1469.59,ROMANIA,EUROPE,"Nation: INDIA
Return a single YES or NO, with no other words. If uncertain, return YES.",True
922,frosted dodger cyan medium indian,LARGE BURNISHED BRASS,SM CASE,3267,AIR,TAKE BACK RETURN,33.00,60156.36,0.06,1997-01-07,5-LOW,57112.43,Customer#000000560,BUILDING,1469.59,ROMANIA,EUROPE,"Nation: INDONESIA
Return a single YES or NO, with no other words. If uncertain, return YES.",True
922,frosted dodger cyan medium indian,LARGE BURNISHED BRASS,SM CASE,3267,AIR,TAKE BACK RETURN,33.00,60156.36,0.06,1997-01-07,5-LOW,57112.43,Customer#000000560,BUILDING,1469.59,ROMANIA,EUROPE,"Nation: IRAN
Return a single YES or NO, with no other words. If uncertain, return YES.",True
922,frosted dodger cyan medium indian,LARGE BURNISHED BRASS,SM CASE,3267,AIR,TAKE BACK RETURN,33.00,60156.36,0.06,1997-01-07,5-LOW,57112.43,Customer#000000560,BUILDING,1469.59,ROMANIA,EUROPE,"Nation: IRAQ
Return a single YES or NO, with no other words. If uncertain, return YES.",True
922,frosted dodger cyan medium indian,LARGE BURNISHED BRASS,SM CASE,3267,AIR,TAKE BACK RETURN,33.00,60156.36,0.06,1997-01-07,5-LOW,57112.43,Customer#000000560,BUILDING,1469.59,ROMANIA,EUROPE,"Nation: JAPAN
Return a single YES or NO, with no other words. If uncertain, return YES.",True
922,frosted dodger cyan medium indian,LARGE BURNISHED BRASS,SM CASE,3267,AIR,TAKE BACK RETURN,33.00,60156.36,0.06,1997-01-07,5-LOW,57112.43,Customer#000000560,BUILDING,1469.59,ROMANIA,EUROPE,"Nation: JORDAN
Return a single YES or NO, with no other words. If uncertain, return YES.",True
922,frosted dodger cyan medium indian,LARGE BURNISHED BRASS,SM CASE,3267,AIR,TAKE BACK RETURN,33.00,60156.36,0.06,1997-01-07,5-LOW,57112.43,Customer#000000560,BUILDING,1469.59,ROMANIA,EUROPE,"Nation: KENYA
Return a single YES or NO, with no other words. If uncertain, return YES.",True
922,frosted dodger cyan medium indian,LARGE BURNISHED BRASS,SM CASE,3267,AIR,TAKE BACK RETURN,33.00,60156.36,0.06,1997-01-07,5-LOW,57112.43,Customer#000000560,BUILDING,1469.59,ROMANIA,EUROPE,"Nation: MOROCCO
Return a single YES or NO, with no other words. If uncertain, return YES.",True
922,frosted dodger cyan medium indian,LARGE BURNISHED BRASS,SM CASE,3267,AIR,TAKE BACK RETURN,33.00,60156.36,0.06,1997-01-07,5-LOW,57112.43,Customer#000000560,BUILDING,1469.59,ROMANIA,EUROPE,"Nation: MOZAMBIQUE
Return a single YES or NO, with no other words. If uncertain, return YES.",True
922,frosted dodger cyan medium indian,LARGE BURNISHED BRASS,SM CASE,3267,AIR,TAKE BACK RETURN,33.00,60156.36,0.06,1997-01-07,5-LOW,57112.43,Customer#000000560,BUILDING,1469.59,ROMANIA,EUROPE,"Nation: PERU
Return a single YES or NO, with no other words. If uncertain, return YES.",True
922,frosted dodger cyan medium indian,LARGE BURNISHED BRASS,SM CASE,3267,AIR,TAKE BACK RETURN,33.00,60156.36,0.06,1997-01-07,5-LOW,57112.43,Customer#000000560,BUILDING,1469.59,ROMANIA,EUROPE,"Nation: CHINA
Return a single YES or NO, with no other words. If uncertain, return YES.",True
922,frosted dodger cyan medium indian,LARGE BURNISHED BRASS,SM CASE,3267,AIR,TAKE BACK RETURN,33.00,60156.36,0.06,1997-01-07,5-LOW,57112.43,Customer#000000560,BUILDING,1469.59,ROMANIA,EUROPE,"Nation: ROMANIA
Return a single YES or NO, with no other words. If uncertain, return YES.",True
922,frosted dodger cyan medium indian,LARGE BURNISHED BRASS,SM CASE,3267,AIR,TAKE BACK RETURN,33.00,60156.36,0.06,1997-01-07,5-LOW,57112.43,Customer#000000560,BUILDING,1469.59,ROMANIA,EUROPE,"Nation: SAUDI ARABIA
Return a single YES or NO, with no other words. If uncertain, return YES.",True
922,frosted dodger cyan medium indian,LARGE BURNISHED BRASS,SM CASE,3267,AIR,TAKE BACK RETURN,33.00,60156.36,0.06,1997-01-07,5-LOW,57112.43,Customer#000000560,BUILDING,1469.59,ROMANIA,EUROPE,"Nation: VIETNAM
Return a single YES or NO, with no other words. If uncertain, return YES.",True
922,frosted dodger cyan medium indian,LARGE BURNISHED BRASS,SM CASE,3267,AIR,TAKE BACK RETURN,33.00,60156.36,0.06,1997-01-07,5-LOW,57112.43,Customer#000000560,BUILDING,1469.59,ROMANIA,EUROPE,"Nation: RUSSIA
Return a single YES or NO, with no other words. If uncertain, return YES.",True
922,frosted dodger cyan medium indian,LARGE BURNISHED BRASS,SM CASE,3267,AIR,TAKE BACK RETURN,33.00,60156.36,0.06,1997-01-07,5-LOW,57112.43,Customer#000000560,BUILDING,1469.59,ROMANIA,EUROPE,"Nation: UNITED KINGDOM
Return a single YES or NO, with no other words. If uncertain, return YES.",True
922,frosted dodger cyan medium indian,LARGE BURNISHED BRASS,SM CASE,3267,AIR,TAKE BACK RETURN,33.00,60156.36,0.06,1997-01-07,5-LOW,57112.43,Customer#000000560,BUILDING,1469.59,ROMANIA,EUROPE,"Nation: UNITED STATES
Return a single YES or NO, with no other words. If uncertain, return YES.",True
991,indian yellow red lime seashell,MEDIUM POLISHED BRASS,SM CASE,7463,AIR,DELIVER IN PERSON,15.00,28379.85,0.03,1997-08-10,3-MEDIUM,211903.70,Customer#000000139,MACHINERY,7897.78,INDONESIA,ASIA,"Nation: ALGERIA
Return a single YES or NO, with no other words. If uncertain, return YES.",True
991,indian yellow red lime seashell,MEDIUM POLISHED BRASS,SM CASE,7463,AIR,DELIVER IN PERSON,15.00,28379.85,0.03,1997-08-10,3-MEDIUM,211903.70,Customer#000000139,MACHINERY,7897.78,INDONESIA,ASIA,"Nation: ARGENTINA
Return a single YES or NO, with no other words. If uncertain, return YES.",True
991,indian yellow red lime seashell,MEDIUM POLISHED BRASS,SM CASE,7463,AIR,DELIVER IN PERSON,15.00,28379.85,0.03,1997-08-10,3-MEDIUM,211903.70,Customer#000000139,MACHINERY,7897.78,INDONESIA,ASIA,"Nation: BRAZIL
Return a single YES or NO, with no other words. If uncertain, return YES.",True
991,indian yellow red lime seashell,MEDIUM POLISHED BRASS,SM CASE,7463,AIR,DELIVER IN PERSON,15.00,28379.85,0.03,1997-08-10,3-MEDIUM,211903.70,Customer#000000139,MACHINERY,7897.78,INDONESIA,ASIA,"Nation: CANADA
Return a single YES or NO, with no other words. If uncertain, return YES.",True
991,indian yellow red lime seashell,MEDIUM POLISHED BRASS,SM CASE,7463,AIR,DELIVER IN PERSON,15.00,28379.85,0.03,1997-08-10,3-MEDIUM,211903.70,Customer#000000139,MACHINERY,7897.78,INDONESIA,ASIA,"Nation: EGYPT
Return a single YES or NO, with no other words. If uncertain, return YES.",True
991,indian yellow red lime seashell,MEDIUM POLISHED BRASS,SM CASE,7463,AIR,DELIVER IN PERSON,15.00,28379.85,0.03,1997-08-10,3-MEDIUM,211903.70,Customer#000000139,MACHINERY,7897.78,INDONESIA,ASIA,"Nation: ETHIOPIA
Return a single YES or NO, with no other words. If uncertain, return YES.",True
991,indian yellow red lime seashell,MEDIUM POLISHED BRASS,SM CASE,7463,AIR,DELIVER IN PERSON,15.00,28379.85,0.03,1997-08-10,3-MEDIUM,211903.70,Customer#000000139,MACHINERY,7897.78,INDONESIA,ASIA,"Nation: FRANCE
Return a single YES or NO, with no other words. If uncertain, return YES.",True
991,indian yellow red lime seashell,MEDIUM POLISHED BRASS,SM CASE,7463,AIR,DELIVER IN PERSON,15.00,28379.85,0.03,1997-08-10,3-MEDIUM,211903.70,Customer#000000139,MACHINERY,7897.78,INDONESIA,ASIA,"Nation: GERMANY
Return a single YES or NO, with no other words. If uncertain, return YES.",True
991,indian yellow red lime seashell,MEDIUM POLISHED BRASS,SM CASE,7463,AIR,DELIVER IN PERSON,15.00,28379.85,0.03,1997-08-10,3-MEDIUM,211903.70,Customer#000000139,MACHINERY,7897.78,INDONESIA,ASIA,"Nation: INDIA
Return a single YES or NO, with no other words. If uncertain, return YES.",True
991,indian yellow red lime seashell,MEDIUM POLISHED BRASS,SM CASE,7463,AIR,DELIVER IN PERSON,15.00,28379.85,0.03,1997-08-10,3-MEDIUM,211903.70,Customer#000000139,MACHINERY,7897.78,INDONESIA,ASIA,"Nation: INDONESIA
Return a single YES or NO, with no other words. If uncertain, return YES.",True
991,indian yellow red lime seashell,MEDIUM POLISHED BRASS,SM CASE,7463,AIR,DELIVER IN PERSON,15.00,28379.85,0.03,1997-08-10,3-MEDIUM,211903.70,Customer#000000139,MACHINERY,7897.78,INDONESIA,ASIA,"Nation: IRAN
Return a single YES or NO, with no other words. If uncertain, return YES.",True
991,indian yellow red lime seashell,MEDIUM POLISHED BRASS,SM CASE,7463,AIR,DELIVER IN PERSON,15.00,28379.85,0.03,1997-08-10,3-MEDIUM,211903.70,Customer#000000139,MACHINERY,7897.78,INDONESIA,ASIA,"Nation: IRAQ
Return a single YES or NO, with no other words. If uncertain, return YES.",True
991,indian yellow red lime seashell,MEDIUM POLISHED BRASS,SM CASE,7463,AIR,DELIVER IN PERSON,15.00,28379.85,0.03,1997-08-10,3-MEDIUM,211903.70,Customer#000000139,MACHINERY,7897.78,INDONESIA,ASIA,"Nation: JAPAN
Return a single YES or NO, with no other words. If uncertain, return YES.",True
991,indian yellow red lime seashell,MEDIUM POLISHED BRASS,SM CASE,7463,AIR,DELIVER IN PERSON,15.00,28379.85,0.03,1997-08-10,3-MEDIUM,211903.70,Customer#000000139,MACHINERY,7897.78,INDONESIA,ASIA,"Nation: JORDAN
Return a single YES or NO, with no other words. If uncertain, return YES.",True
991,indian yellow red lime seashell,MEDIUM POLISHED BRASS,SM CASE,7463,AIR,DELIVER IN PERSON,15.00,28379.85,0.03,1997-08-10,3-MEDIUM,211903.70,Customer#000000139,MACHINERY,7897.78,INDONESIA,ASIA,"Nation: KENYA
Return a single YES or NO, with no other words. If uncertain, return YES.",True
991,indian yellow red lime seashell,MEDIUM POLISHED BRASS,SM CASE,7463,AIR,DELIVER IN PERSON,15.00,28379.85,0.03,1997-08-10,3-MEDIUM,211903.70,Customer#000000139,MACHINERY,7897.78,INDONESIA,ASIA,"Nation: MOROCCO
Return a single YES or NO, with no other words. If uncertain, return YES.",True
991,indian yellow red lime seashell,MEDIUM POLISHED BRASS,SM CASE,7463,AIR,DELIVER IN PERSON,15.00,28379.85,0.03,1997-08-10,3-MEDIUM,211903.70,Customer#000000139,MACHINERY,7897.78,INDONESIA,ASIA,"Nation: MOZAMBIQUE
Return a single YES or NO, with no other words. If uncertain, return YES.",True
991,indian yellow red lime seashell,MEDIUM POLISHED BRASS,SM CASE,7463,AIR,DELIVER IN PERSON,15.00,28379.85,0.03,1997-08-10,3-MEDIUM,211903.70,Customer#000000139,MACHINERY,7897.78,INDONESIA,ASIA,"Nation: PERU
Return a single YES or NO, with no other words. If uncertain, return YES.",True
991,indian yellow red lime seashell,MEDIUM POLISHED BRASS,SM CASE,7463,AIR,DELIVER IN PERSON,15.00,28379.85,0.03,1997-08-10,3-MEDIUM,211903.70,Customer#000000139,MACHINERY,7897.78,INDONESIA,ASIA,"Nation: CHINA
Return a single YES or NO, with no other words. If uncertain, return YES.",True
991,indian yellow red lime seashell,MEDIUM POLISHED BRASS,SM CASE,7463,AIR,DELIVER IN PERSON,15.00,28379.85,0.03,1997-08-10,3-MEDIUM,211903.70,Customer#000000139,MACHINERY,7897.78,INDONESIA,ASIA,"Nation: ROMANIA
Return a single YES or NO, with no other words. If uncertain, return YES.",True
991,indian yellow red lime seashell,MEDIUM POLISHED BRASS,SM CASE,7463,AIR,DELIVER IN PERSON,15.00,28379.85,0.03,1997-08-10,3-MEDIUM,211903.70,Customer#000000139,MACHINERY,7897.78,INDONESIA,ASIA,"Nation: SAUDI ARABIA
Return a single YES or NO, with no other words. If uncertain, return YES.",True
991,indian yellow red lime seashell,MEDIUM POLISHED BRASS,SM CASE,7463,AIR,DELIVER IN PERSON,15.00,28379.85,0.03,1997-08-10,3-MEDIUM,211903.70,Customer#000000139,MACHINERY,7897.78,INDONESIA,ASIA,"Nation: VIETNAM
Return a single YES or NO, with no other words. If uncertain, return YES.",True
991,indian yellow red lime seashell,MEDIUM POLISHED BRASS,SM CASE,7463,AIR,DELIVER IN PERSON,15.00,28379.85,0.03,1997-08-10,3-MEDIUM,211903.70,Customer#000000139,MACHINERY,7897.78,INDONESIA,ASIA,"Nation: RUSSIA
Return a single YES or NO, with no other words. If uncertain, return YES.",True
991,indian yellow red lime seashell,MEDIUM POLISHED BRASS,SM CASE,7463,AIR,DELIVER IN PERSON,15.00,28379.85,0.03,1997-08-10,3-MEDIUM,211903.70,Customer#000000139,MACHINERY,7897.78,INDONESIA,ASIA,"Nation: UNITED KINGDOM
Return a single YES or NO, with no other words. If uncertain, return YES.",True
991,indian yellow red lime seashell,MEDIUM POLISHED BRASS,SM CASE,7463,AIR,DELIVER IN PERSON,15.00,28379.85,0.03,1997-08-10,3-MEDIUM,211903.70,Customer#000000139,MACHINERY,7897.78,INDONESIA,ASIA,"Nation: UNITED STATES
Return a single YES or NO, with no other words. If uncertain, return YES.",True
568,purple burlywood pale cornsilk chartreuse,PROMO POLISHED STEEL,SM BOX,11174,REG AIR,TAKE BACK RETURN,22.00,32308.32,0.01,1994-04-10,3-MEDIUM,144906.22,Customer#000000658,HOUSEHOLD,4716.68,ARGENTINA,AMERICA,"Nation: ALGERIA
Return a single YES or NO, with no other words. If uncertain, return YES.",True
568,purple burlywood pale cornsilk chartreuse,PROMO POLISHED STEEL,SM BOX,11174,REG AIR,TAKE BACK RETURN,22.00,32308.32,0.01,1994-04-10,3-MEDIUM,144906.22,Customer#000000658,HOUSEHOLD,4716.68,ARGENTINA,AMERICA,"Nation: ARGENTINA
Return a single YES or NO, with no other words. If uncertain, return YES.",True
568,purple burlywood pale cornsilk chartreuse,PROMO POLISHED STEEL,SM BOX,11174,REG AIR,TAKE BACK RETURN,22.00,32308.32,0.01,1994-04-10,3-MEDIUM,144906.22,Customer#000000658,HOUSEHOLD,4716.68,ARGENTINA,AMERICA,"Nation: BRAZIL
Return a single YES or NO, with no other words. If uncertain, return YES.",True
568,purple burlywood pale cornsilk chartreuse,PROMO POLISHED STEEL,SM BOX,11174,REG AIR,TAKE BACK RETURN,22.00,32308.32,0.01,1994-04-10,3-MEDIUM,144906.22,Customer#000000658,HOUSEHOLD,4716.68,ARGENTINA,AMERICA,"Nation: CANADA
Return a single YES or NO, with no other words. If uncertain, return YES.",True
568,purple burlywood pale cornsilk chartreuse,PROMO POLISHED STEEL,SM BOX,11174,REG AIR,TAKE BACK RETURN,22.00,32308.32,0.01,1994-04-10,3-MEDIUM,144906.22,Customer#000000658,HOUSEHOLD,4716.68,ARGENTINA,AMERICA,"Nation: EGYPT
Return a single YES or NO, with no other words. If uncertain, return YES.",True
568,purple burlywood pale cornsilk chartreuse,PROMO POLISHED STEEL,SM BOX,11174,REG AIR,TAKE BACK RETURN,22.00,32308.32,0.01,1994-04-10,3-MEDIUM,144906.22,Customer#000000658,HOUSEHOLD,4716.68,ARGENTINA,AMERICA,"Nation: ETHIOPIA
Return a single YES or NO, with no other words. If uncertain, return YES.",True
568,purple burlywood pale cornsilk chartreuse,PROMO POLISHED STEEL,SM BOX,11174,REG AIR,TAKE BACK RETURN,22.00,32308.32,0.01,1994-04-10,3-MEDIUM,144906.22,Customer#000000658,HOUSEHOLD,4716.68,ARGENTINA,AMERICA,"Nation: FRANCE
Return a single YES or NO, with no other words. If uncertain, return YES.",True
568,purple burlywood pale cornsilk chartreuse,PROMO POLISHED STEEL,SM BOX,11174,REG AIR,TAKE BACK RETURN,22.00,32308.32,0.01,1994-04-10,3-MEDIUM,144906.22,Customer#000000658,HOUSEHOLD,4716.68,ARGENTINA,AMERICA,"Nation: GERMANY
Return a single YES or NO, with no other words. If uncertain, return YES.",True
568,purple burlywood pale cornsilk chartreuse,PROMO POLISHED STEEL,SM BOX,11174,REG AIR,TAKE BACK RETURN,22.00,32308.32,0.01,1994-04-10,3-MEDIUM,144906.22,Customer#000000658,HOUSEHOLD,4716.68,ARGENTINA,AMERICA,"Nation: INDIA
Return a single YES or NO, with no other words. If uncertain, return YES.",True
568,purple burlywood pale cornsilk chartreuse,PROMO POLISHED STEEL,SM BOX,11174,REG AIR,TAKE BACK RETURN,22.00,32308.32,0.01,1994-04-10,3-MEDIUM,144906.22,Customer#000000658,HOUSEHOLD,4716.68,ARGENTINA,AMERICA,"Nation: INDONESIA
Return a single YES or NO, with no other words. If uncertain, return YES.",True
568,purple burlywood pale cornsilk chartreuse,PROMO POLISHED STEEL,SM BOX,11174,REG AIR,TAKE BACK RETURN,22.00,32308.32,0.01,1994-04-10,3-MEDIUM,144906.22,Customer#000000658,HOUSEHOLD,4716.68,ARGENTINA,AMERICA,"Nation: IRAN
Return a single YES or NO, with no other words. If uncertain, return YES.",True
568,purple burlywood pale cornsilk chartreuse,PROMO POLISHED STEEL,SM BOX,11174,REG AIR,TAKE BACK RETURN,22.00,32308.32,0.01,1994-04-10,3-MEDIUM,144906.22,Customer#000000658,HOUSEHOLD,4716.68,ARGENTINA,AMERICA,"Nation: IRAQ
Return a single YES or NO, with no other words. If uncertain, return YES.",True
568,purple burlywood pale cornsilk chartreuse,PROMO POLISHED STEEL,SM BOX,11174,REG AIR,TAKE BACK RETURN,22.00,32308.32,0.01,1994-04-10,3-MEDIUM,144906.22,Customer#000000658,HOUSEHOLD,4716.68,ARGENTINA,AMERICA,"Nation: JAPAN
Return a single YES or NO, with no other words. If uncertain, return YES.",True
568,purple burlywood pale cornsilk chartreuse,PROMO POLISHED STEEL,SM BOX,11174,REG AIR,TAKE BACK RETURN,22.00,32308.32,0.01,1994-04-10,3-MEDIUM,144906.22,Customer#000000658,HOUSEHOLD,4716.68,ARGENTINA,AMERICA,"Nation: JORDAN
Return a single YES or NO, with no other words. If uncertain, return YES.",True
568,purple burlywood pale cornsilk chartreuse,PROMO POLISHED STEEL,SM BOX,11174,REG AIR,TAKE BACK RETURN,22.00,32308.32,0.01,1994-04-10,3-MEDIUM,144906.22,Customer#000000658,HOUSEHOLD,4716.68,ARGENTINA,AMERICA,"Nation: KENYA
Return a single YES or NO, with no other words. If uncertain, return YES.",True
568,purple burlywood pale cornsilk chartreuse,PROMO POLISHED STEEL,SM BOX,11174,REG AIR,TAKE BACK RETURN,22.00,32308.32,0.01,1994-04-10,3-MEDIUM,144906.22,Customer#000000658,HOUSEHOLD,4716.68,ARGENTINA,AMERICA,"Nation: MOROCCO
Return a single YES or NO, with no other words. If uncertain, return YES.",True
568,purple burlywood pale cornsilk chartreuse,PROMO POLISHED STEEL,SM BOX,11174,REG AIR,TAKE BACK RETURN,22.00,32308.32,0.01,1994-04-10,3-MEDIUM,144906.22,Customer#000000658,HOUSEHOLD,4716.68,ARGENTINA,AMERICA,"Nation: MOZAMBIQUE
Return a single YES or NO, with no other words. If uncertain, return YES.",True
568,purple burlywood pale cornsilk chartreuse,PROMO POLISHED STEEL,SM BOX,11174,REG AIR,TAKE BACK RETURN,22.00,32308.32,0.01,1994-04-10,3-MEDIUM,144906.22,Customer#000000658,HOUSEHOLD,4716.68,ARGENTINA,AMERICA,"Nation: PERU
Return a single YES or NO, with no other words. If uncertain, return YES.",True
568,purple burlywood pale cornsilk chartreuse,PROMO POLISHED STEEL,SM BOX,11174,REG AIR,TAKE BACK RETURN,22.00,32308.32,0.01,1994-04-10,3-MEDIUM,144906.22,Customer#000000658,HOUSEHOLD,4716.68,ARGENTINA,AMERICA,"Nation: CHINA
Return a single YES or NO, with no other words. If uncertain, return YES.",True
568,purple burlywood pale cornsilk chartreuse,PROMO POLISHED STEEL,SM BOX,11174,REG AIR,TAKE BACK RETURN,22.00,32308.32,0.01,1994-04-10,3-MEDIUM,144906.22,Customer#000000658,HOUSEHOLD,4716.68,ARGENTINA,AMERICA,"Nation: ROMANIA
Return a single YES or NO, with no other words. If uncertain, return YES.",True
568,purple burlywood pale cornsilk chartreuse,PROMO POLISHED STEEL,SM BOX,11174,REG AIR,TAKE BACK RETURN,22.00,32308.32,0.01,1994-04-10,3-MEDIUM,144906.22,Customer#000000658,HOUSEHOLD,4716.68,ARGENTINA,AMERICA,"Nation: SAUDI ARABIA
Return a single YES or NO, with no other words. If uncertain, return YES.",True
568,purple burlywood pale cornsilk chartreuse,PROMO POLISHED STEEL,SM BOX,11174,REG AIR,TAKE BACK RETURN,22.00,32308.32,0.01,1994-04-10,3-MEDIUM,144906.22,Customer#000000658,HOUSEHOLD,4716.68,ARGENTINA,AMERICA,"Nation: VIETNAM
Return a single YES or NO, with no other words. If uncertain, return YES.",True
568,purple burlywood pale cornsilk chartreuse,PROMO POLISHED STEEL,SM BOX,11174,REG AIR,TAKE BACK RETURN,22.00,32308.32,0.01,1994-04-10,3-MEDIUM,144906.22,Customer#000000658,HOUSEHOLD,4716.68,ARGENTINA,AMERICA,"Nation: RUSSIA
Return a single YES or NO, with no other words. If uncertain, return YES.",True
568,purple burlywood pale cornsilk chartreuse,PROMO POLISHED STEEL,SM BOX,11174,REG AIR,TAKE BACK RETURN,22.00,32308.32,0.01,1994-04-10,3-MEDIUM,144906.22,Customer#000000658,HOUSEHOLD,4716.68,ARGENTINA,AMERICA,"Nation: UNITED KINGDOM
Return a single YES or NO, with no other words. If uncertain, return YES.",True
568,purple burlywood pale cornsilk chartreuse,PROMO POLISHED STEEL,SM BOX,11174,REG AIR,TAKE BACK RETURN,22.00,32308.32,0.01,1994-04-10,3-MEDIUM,144906.22,Customer#000000658,HOUSEHOLD,4716.68,ARGENTINA,AMERICA,"Nation: UNITED STATES
Return a single YES or NO, with no other words. If uncertain, return YES.",True
6,bisque cornflower lawn forest magenta,PROMO PLATED STEEL,MED BAG,14114,MAIL,DELIVER IN PERSON,15.00,13590.00,0.03,1994-04-07,1-URGENT,183685.33,Customer#000000448,BUILDING,8117.27,UNITED STATES,AMERICA,"Nation: ALGERIA
Return a single YES or NO, with no other words. If uncertain, return YES.",True
6,bisque cornflower lawn forest magenta,PROMO PLATED STEEL,MED BAG,14114,MAIL,DELIVER IN PERSON,15.00,13590.00,0.03,1994-04-07,1-URGENT,183685.33,Customer#000000448,BUILDING,8117.27,UNITED STATES,AMERICA,"Nation: ARGENTINA
Return a single YES or NO, with no other words. If uncertain, return YES.",True
6,bisque cornflower lawn forest magenta,PROMO PLATED STEEL,MED BAG,14114,MAIL,DELIVER IN PERSON,15.00,13590.00,0.03,1994-04-07,1-URGENT,183685.33,Customer#000000448,BUILDING,8117.27,UNITED STATES,AMERICA,"Nation: BRAZIL
Return a single YES or NO, with no other words. If uncertain, return YES.",True
6,bisque cornflower lawn forest magenta,PROMO PLATED STEEL,MED BAG,14114,MAIL,DELIVER IN PERSON,15.00,13590.00,0.03,1994-04-07,1-URGENT,183685.33,Customer#000000448,BUILDING,8117.27,UNITED STATES,AMERICA,"Nation: CANADA
Return a single YES or NO, with no other words. If uncertain, return YES.",True
6,bisque cornflower lawn forest magenta,PROMO PLATED STEEL,MED BAG,14114,MAIL,DELIVER IN PERSON,15.00,13590.00,0.03,1994-04-07,1-URGENT,183685.33,Customer#000000448,BUILDING,8117.27,UNITED STATES,AMERICA,"Nation: EGYPT
Return a single YES or NO, with no other words. If uncertain, return YES.",True
6,bisque cornflower lawn forest magenta,PROMO PLATED STEEL,MED BAG,14114,MAIL,DELIVER IN PERSON,15.00,13590.00,0.03,1994-04-07,1-URGENT,183685.33,Customer#000000448,BUILDING,8117.27,UNITED STATES,AMERICA,"Nation: ETHIOPIA
Return a single YES or NO, with no other words. If uncertain, return YES.",True
6,bisque cornflower lawn forest magenta,PROMO PLATED STEEL,MED BAG,14114,MAIL,DELIVER IN PERSON,15.00,13590.00,0.03,1994-04-07,1-URGENT,183685.33,Customer#000000448,BUILDING,8117.27,UNITED STATES,AMERICA,"Nation: FRANCE
Return a single YES or NO, with no other words. If uncertain, return YES.",True
6,bisque cornflower lawn forest magenta,PROMO PLATED STEEL,MED BAG,14114,MAIL,DELIVER IN PERSON,15.00,13590.00,0.03,1994-04-07,1-URGENT,183685.33,Customer#000000448,BUILDING,8117.27,UNITED STATES,AMERICA,"Nation: GERMANY
Return a single YES or NO, with no other words. If uncertain, return YES.",True
6,bisque cornflower lawn forest magenta,PROMO PLATED STEEL,MED BAG,14114,MAIL,DELIVER IN PERSON,15.00,13590.00,0.03,1994-04-07,1-URGENT,183685.33,Customer#000000448,BUILDING,8117.27,UNITED STATES,AMERICA,"Nation: INDIA
Return a single YES or NO, with no other words. If uncertain, return YES.",True
6,bisque cornflower lawn forest magenta,PROMO PLATED STEEL,MED BAG,14114,MAIL,DELIVER IN PERSON,15.00,13590.00,0.03,1994-04-07,1-URGENT,183685.33,Customer#000000448,BUILDING,8117.27,UNITED STATES,AMERICA,"Nation: INDONESIA
Return a single YES or NO, with no other words. If uncertain, return YES.",True
6,bisque cornflower lawn forest magenta,PROMO PLATED STEEL,MED BAG,14114,MAIL,DELIVER IN PERSON,15.00,13590.00,0.03,1994-04-07,1-URGENT,183685.33,Customer#000000448,BUILDING,8117.27,UNITED STATES,AMERICA,"Nation: IRAN
Return a single YES or NO, with no other words. If uncertain, return YES.",True
6,bisque cornflower lawn forest magenta,PROMO PLATED STEEL,MED BAG,14114,MAIL,DELIVER IN PERSON,15.00,13590.00,0.03,1994-04-07,1-URGENT,183685.33,Customer#000000448,BUILDING,8117.27,UNITED STATES,AMERICA,"Nation: IRAQ
Return a single YES or NO, with no other words. If uncertain, return YES.",True
6,bisque cornflower lawn forest magenta,PROMO PLATED STEEL,MED BAG,14114,MAIL,DELIVER IN PERSON,15.00,13590.00,0.03,1994-04-07,1-URGENT,183685.33,Customer#000000448,BUILDING,8117.27,UNITED STATES,AMERICA,"Nation: JAPAN
Return a single YES or NO, with no other words. If uncertain, return YES.",True
6,bisque cornflower lawn forest magenta,PROMO PLATED STEEL,MED BAG,14114,MAIL,DELIVER IN PERSON,15.00,13590.00,0.03,1994-04-07,1-URGENT,183685.33,Customer#000000448,BUILDING,8117.27,UNITED STATES,AMERICA,"Nation: JORDAN
Return a single YES or NO, with no other words. If uncertain, return YES.",True
6,bisque cornflower lawn forest magenta,PROMO PLATED STEEL,MED BAG,14114,MAIL,DELIVER IN PERSON,15.00,13590.00,0.03,1994-04-07,1-URGENT,183685.33,Customer#000000448,BUILDING,8117.27,UNITED STATES,AMERICA,"Nation: KENYA
Return a single YES or NO, with no other words. If uncertain, return YES.",True
6,bisque cornflower lawn forest magenta,PROMO PLATED STEEL,MED BAG,14114,MAIL,DELIVER IN PERSON,15.00,13590.00,0.03,1994-04-07,1-URGENT,183685.33,Customer#000000448,BUILDING,8117.27,UNITED STATES,AMERICA,"Nation: MOROCCO
Return a single YES or NO, with no other words. If uncertain, return YES.",True
6,bisque cornflower lawn forest magenta,PROMO PLATED STEEL,MED BAG,14114,MAIL,DELIVER IN PERSON,15.00,13590.00,0.03,1994-04-07,1-URGENT,183685.33,Customer#000000448,BUILDING,8117.27,UNITED STATES,AMERICA,"Nation: MOZAMBIQUE
Return a single YES or NO, with no other words. If uncertain, return YES.",True
6,bisque cornflower lawn forest magenta,PROMO PLATED STEEL,MED BAG,14114,MAIL,DELIVER IN PERSON,15.00,13590.00,0.03,1994-04-07,1-URGENT,183685.33,Customer#000000448,BUILDING,8117.27,UNITED STATES,AMERICA,"Nation: PERU
Return a single YES or NO, with no other words. If uncertain, return YES.",True
6,bisque cornflower lawn forest magenta,PROMO PLATED STEEL,MED BAG,14114,MAIL,DELIVER IN PERSON,15.00,13590.00,0.03,1994-04-07,1-URGENT,183685.33,Customer#000000448,BUILDING,8117.27,UNITED STATES,AMERICA,"Nation: CHINA
Return a single YES or NO, with no other words. If uncertain, return YES.",True
6,bisque cornflower lawn forest magenta,PROMO PLATED STEEL,MED BAG,14114,MAIL,DELIVER IN PERSON,15.00,13590.00,0.03,1994-04-07,1-URGENT,183685.33,Customer#000000448,BUILDING,8117.27,UNITED STATES,AMERICA,"Nation: ROMANIA
Return a single YES or NO, with no other words. If uncertain, return YES.",True
6,bisque cornflower lawn forest magenta,PROMO PLATED STEEL,MED BAG,14114,MAIL,DELIVER IN PERSON,15.00,13590.00,0.03,1994-04-07,1-URGENT,183685.33,Customer#000000448,BUILDING,8117.27,UNITED STATES,AMERICA,"Nation: SAUDI ARABIA
Return a single YES or NO, with no other words. If uncertain, return YES.",True
6,bisque cornflower lawn forest magenta,PROMO PLATED STEEL,MED BAG,14114,MAIL,DELIVER IN PERSON,15.00,13590.00,0.03,1994-04-07,1-URGENT,183685.33,Customer#000000448,BUILDING,8117.27,UNITED STATES,AMERICA,"Nation: VIETNAM
Return a single YES or NO, with no other words. If uncertain, return YES.",True
6,bisque cornflower lawn forest magenta,PROMO PLATED STEEL,MED BAG,14114,MAIL,DELIVER IN PERSON,15.00,13590.00,0.03,1994-04-07,1-URGENT,183685.33,Customer#000000448,BUILDING,8117.27,UNITED STATES,AMERICA,"Nation: RUSSIA
Return a single YES or NO, with no other words. If uncertain, return YES.",True
6,bisque cornflower lawn forest magenta,PROMO PLATED STEEL,MED BAG,14114,MAIL,DELIVER IN PERSON,15.00,13590.00,0.03,1994-04-07,1-URGENT,183685.33,Customer#000000448,BUILDING,8117.27,UNITED STATES,AMERICA,"Nation: UNITED KINGDOM
Return a single YES or NO, with no other words. If uncertain, return YES.",True
6,bisque cornflower lawn forest magenta,PROMO PLATED STEEL,MED BAG,14114,MAIL,DELIVER IN PERSON,15.00,13590.00,0.03,1994-04-07,1-URGENT,183685.33,Customer#000000448,BUILDING,8117.27,UNITED STATES,AMERICA,"Nation: UNITED STATES
Return a single YES or NO, with no other words. If uncertain, return YES.",True
374,orange lemon cream dim midnight,LARGE PLATED STEEL,MED BOX,14211,REG AIR,DELIVER IN PERSON,29.00,36956.73,0.08,1994-02-13,4-NOT SPECIFIED,183285.01,Customer#000000601,BUILDING,9768.21,ARGENTINA,AMERICA,"Nation: ALGERIA
Return a single YES or NO, with no other words. If uncertain, return YES.",True
374,orange lemon cream dim midnight,LARGE PLATED STEEL,MED BOX,14211,REG AIR,DELIVER IN PERSON,29.00,36956.73,0.08,1994-02-13,4-NOT SPECIFIED,183285.01,Customer#000000601,BUILDING,9768.21,ARGENTINA,AMERICA,"Nation: ARGENTINA
Return a single YES or NO, with no other words. If uncertain, return YES.",True
374,orange lemon cream dim midnight,LARGE PLATED STEEL,MED BOX,14211,REG AIR,DELIVER IN PERSON,29.00,36956.73,0.08,1994-02-13,4-NOT SPECIFIED,183285.01,Customer#000000601,BUILDING,9768.21,ARGENTINA,AMERICA,"Nation: BRAZIL
Return a single YES or NO, with no other words. If uncertain, return YES.",True
374,orange lemon cream dim midnight,LARGE PLATED STEEL,MED BOX,14211,REG AIR,DELIVER IN PERSON,29.00,36956.73,0.08,1994-02-13,4-NOT SPECIFIED,183285.01,Customer#000000601,BUILDING,9768.21,ARGENTINA,AMERICA,"Nation: CANADA
Return a single YES or NO, with no other words. If uncertain, return YES.",True
374,orange lemon cream dim midnight,LARGE PLATED STEEL,MED BOX,14211,REG AIR,DELIVER IN PERSON,29.00,36956.73,0.08,1994-02-13,4-NOT SPECIFIED,183285.01,Customer#000000601,BUILDING,9768.21,ARGENTINA,AMERICA,"Nation: EGYPT
Return a single YES or NO, with no other words. If uncertain, return YES.",True
374,orange lemon cream dim midnight,LARGE PLATED STEEL,MED BOX,14211,REG AIR,DELIVER IN PERSON,29.00,36956.73,0.08,1994-02-13,4-NOT SPECIFIED,183285.01,Customer#000000601,BUILDING,9768.21,ARGENTINA,AMERICA,"Nation: ETHIOPIA
Return a single YES or NO, with no other words. If uncertain, return YES.",True
374,orange lemon cream dim midnight,LARGE PLATED STEEL,MED BOX,14211,REG AIR,DELIVER IN PERSON,29.00,36956.73,0.08,1994-02-13,4-NOT SPECIFIED,183285.01,Customer#000000601,BUILDING,9768.21,ARGENTINA,AMERICA,"Nation: FRANCE
Return a single YES or NO, with no other words. If uncertain, return YES.",True
374,orange lemon cream dim midnight,LARGE PLATED STEEL,MED BOX,14211,REG AIR,DELIVER IN PERSON,29.00,36956.73,0.08,1994-02-13,4-NOT SPECIFIED,183285.01,Customer#000000601,BUILDING,9768.21,ARGENTINA,AMERICA,"Nation: GERMANY
Return a single YES or NO, with no other words. If uncertain, return YES.",True
374,orange lemon cream dim midnight,LARGE PLATED STEEL,MED BOX,14211,REG AIR,DELIVER IN PERSON,29.00,36956.73,0.08,1994-02-13,4-NOT SPECIFIED,183285.01,Customer#000000601,BUILDING,9768.21,ARGENTINA,AMERICA,"Nation: INDIA
Return a single YES or NO, with no other words. If uncertain, return YES.",True
374,orange lemon cream dim midnight,LARGE PLATED STEEL,MED BOX,14211,REG AIR,DELIVER IN PERSON,29.00,36956.73,0.08,1994-02-13,4-NOT SPECIFIED,183285.01,Customer#000000601,BUILDING,9768.21,ARGENTINA,AMERICA,"Nation: INDONESIA
Return a single YES or NO, with no other words. If uncertain, return YES.",True
374,orange lemon cream dim midnight,LARGE PLATED STEEL,MED BOX,14211,REG AIR,DELIVER IN PERSON,29.00,36956.73,0.08,1994-02-13,4-NOT SPECIFIED,183285.01,Customer#000000601,BUILDING,9768.21,ARGENTINA,AMERICA,"Nation: IRAN
Return a single YES or NO, with no other words. If uncertain, return YES.",True
374,orange lemon cream dim midnight,LARGE PLATED STEEL,MED BOX,14211,REG AIR,DELIVER IN PERSON,29.00,36956.73,0.08,1994-02-13,4-NOT SPECIFIED,183285.01,Customer#000000601,BUILDING,9768.21,ARGENTINA,AMERICA,"Nation: IRAQ
Return a single YES or NO, with no other words. If uncertain, return YES.",True
374,orange lemon cream dim midnight,LARGE PLATED STEEL,MED BOX,14211,REG AIR,DELIVER IN PERSON,29.00,36956.73,0.08,1994-02-13,4-NOT SPECIFIED,183285.01,Customer#000000601,BUILDING,9768.21,ARGENTINA,AMERICA,"Nation: JAPAN
Return a single YES or NO, with no other words. If uncertain, return YES.",True
374,orange lemon cream dim midnight,LARGE PLATED STEEL,MED BOX,14211,REG AIR,DELIVER IN PERSON,29.00,36956.73,0.08,1994-02-13,4-NOT SPECIFIED,183285.01,Customer#000000601,BUILDING,9768.21,ARGENTINA,AMERICA,"Nation: JORDAN
Return a single YES or NO, with no other words. If uncertain, return YES.",True
374,orange lemon cream dim midnight,LARGE PLATED STEEL,MED BOX,14211,REG AIR,DELIVER IN PERSON,29.00,36956.73,0.08,1994-02-13,4-NOT SPECIFIED,183285.01,Customer#000000601,BUILDING,9768.21,ARGENTINA,AMERICA,"Nation: KENYA
Return a single YES or NO, with no other words. If uncertain, return YES.",True
374,orange lemon cream dim midnight,LARGE PLATED STEEL,MED BOX,14211,REG AIR,DELIVER IN PERSON,29.00,36956.73,0.08,1994-02-13,4-NOT SPECIFIED,183285.01,Customer#000000601,BUILDING,9768.21,ARGENTINA,AMERICA,"Nation: MOROCCO
Return a single YES or NO, with no other words. If uncertain, return YES.",True
374,orange lemon cream dim midnight,LARGE PLATED STEEL,MED BOX,14211,REG AIR,DELIVER IN PERSON,29.00,36956.73,0.08,1994-02-13,4-NOT SPECIFIED,183285.01,Customer#000000601,BUILDING,9768.21,ARGENTINA,AMERICA,"Nation: MOZAMBIQUE
Return a single YES or NO, with no other words. If uncertain, return YES.",True
374,orange lemon cream dim midnight,LARGE PLATED STEEL,MED BOX,14211,REG AIR,DELIVER IN PERSON,29.00,36956.73,0.08,1994-02-13,4-NOT SPECIFIED,183285.01,Customer#000000601,BUILDING,9768.21,ARGENTINA,AMERICA,"Nation: PERU
Return a single YES or NO, with no other words. If uncertain, return YES.",True
374,orange lemon cream dim midnight,LARGE PLATED STEEL,MED BOX,14211,REG AIR,DELIVER IN PERSON,29.00,36956.73,0.08,1994-02-13,4-NOT SPECIFIED,183285.01,Customer#000000601,BUILDING,9768.21,ARGENTINA,AMERICA,"Nation: CHINA
Return a single YES or NO, with no other words. If uncertain, return YES.",True
374,orange lemon cream dim midnight,LARGE PLATED STEEL,MED BOX,14211,REG AIR,DELIVER IN PERSON,29.00,36956.73,0.08,1994-02-13,4-NOT SPECIFIED,183285.01,Customer#000000601,BUILDING,9768.21,ARGENTINA,AMERICA,"Nation: ROMANIA
Return a single YES or NO, with no other words. If uncertain, return YES.",True
374,orange lemon cream dim midnight,LARGE PLATED STEEL,MED BOX,14211,REG AIR,DELIVER IN PERSON,29.00,36956.73,0.08,1994-02-13,4-NOT SPECIFIED,183285.01,Customer#000000601,BUILDING,9768.21,ARGENTINA,AMERICA,"Nation: SAUDI ARABIA
Return a single YES or NO, with no other words. If uncertain, return YES.",True
374,orange lemon cream dim midnight,LARGE PLATED STEEL,MED BOX,14211,REG AIR,DELIVER IN PERSON,29.00,36956.73,0.08,1994-02-13,4-NOT SPECIFIED,183285.01,Customer#000000601,BUILDING,9768.21,ARGENTINA,AMERICA,"Nation: VIETNAM
Return a single YES or NO, with no other words. If uncertain, return YES.",True
374,orange lemon cream dim midnight,LARGE PLATED STEEL,MED BOX,14211,REG AIR,DELIVER IN PERSON,29.00,36956.73,0.08,1994-02-13,4-NOT SPECIFIED,183285.01,Customer#000000601,BUILDING,9768.21,ARGENTINA,AMERICA,"Nation: RUSSIA
Return a single YES or NO, with no other words. If uncertain, return YES.",True
374,orange lemon cream dim midnight,LARGE PLATED STEEL,MED BOX,14211,REG AIR,DELIVER IN PERSON,29.00,36956.73,0.08,1994-02-13,4-NOT SPECIFIED,183285.01,Customer#000000601,BUILDING,9768.21,ARGENTINA,AMERICA,"Nation: UNITED KINGDOM
Return a single YES or NO, with no other words. If uncertain, return YES.",True
374,orange lemon cream dim midnight,LARGE PLATED STEEL,MED BOX,14211,REG AIR,DELIVER IN PERSON,29.00,36956.73,0.08,1994-02-13,4-NOT SPECIFIED,183285.01,Customer#000000601,BUILDING,9768.21,ARGENTINA,AMERICA,"Nation: UNITED STATES
Return a single YES or NO, with no other words. If uncertain, return YES.",True
867,snow spring black white burnished,PROMO POLISHED NICKEL,LG BOX,14944,AIR,TAKE BACK RETURN,21.00,37125.06,0.05,1997-10-14,2-HIGH,129269.44,Customer#000000268,MACHINERY,6821.01,CANADA,AMERICA,"Nation: ALGERIA
Return a single YES or NO, with no other words. If uncertain, return YES.",True
867,snow spring black white burnished,PROMO POLISHED NICKEL,LG BOX,14944,AIR,TAKE BACK RETURN,21.00,37125.06,0.05,1997-10-14,2-HIGH,129269.44,Customer#000000268,MACHINERY,6821.01,CANADA,AMERICA,"Nation: ARGENTINA
Return a single YES or NO, with no other words. If uncertain, return YES.",True
867,snow spring black white burnished,PROMO POLISHED NICKEL,LG BOX,14944,AIR,TAKE BACK RETURN,21.00,37125.06,0.05,1997-10-14,2-HIGH,129269.44,Customer#000000268,MACHINERY,6821.01,CANADA,AMERICA,"Nation: BRAZIL
Return a single YES or NO, with no other words. If uncertain, return YES.",True
867,snow spring black white burnished,PROMO POLISHED NICKEL,LG BOX,14944,AIR,TAKE BACK RETURN,21.00,37125.06,0.05,1997-10-14,2-HIGH,129269.44,Customer#000000268,MACHINERY,6821.01,CANADA,AMERICA,"Nation: CANADA
Return a single YES or NO, with no other words. If uncertain, return YES.",True
867,snow spring black white burnished,PROMO POLISHED NICKEL,LG BOX,14944,AIR,TAKE BACK RETURN,21.00,37125.06,0.05,1997-10-14,2-HIGH,129269.44,Customer#000000268,MACHINERY,6821.01,CANADA,AMERICA,"Nation: EGYPT
Return a single YES or NO, with no other words. If uncertain, return YES.",True
867,snow spring black white burnished,PROMO POLISHED NICKEL,LG BOX,14944,AIR,TAKE BACK RETURN,21.00,37125.06,0.05,1997-10-14,2-HIGH,129269.44,Customer#000000268,MACHINERY,6821.01,CANADA,AMERICA,"Nation: ETHIOPIA
Return a single YES or NO, with no other words. If uncertain, return YES.",True
867,snow spring black white burnished,PROMO POLISHED NICKEL,LG BOX,14944,AIR,TAKE BACK RETURN,21.00,37125.06,0.05,1997-10-14,2-HIGH,129269.44,Customer#000000268,MACHINERY,6821.01,CANADA,AMERICA,"Nation: FRANCE
Return a single YES or NO, with no other words. If uncertain, return YES.",True
867,snow spring black white burnished,PROMO POLISHED NICKEL,LG BOX,14944,AIR,TAKE BACK RETURN,21.00,37125.06,0.05,1997-10-14,2-HIGH,129269.44,Customer#000000268,MACHINERY,6821.01,CANADA,AMERICA,"Nation: GERMANY
Return a single YES or NO, with no other words. If uncertain, return YES.",True
867,snow spring black white burnished,PROMO POLISHED NICKEL,LG BOX,14944,AIR,TAKE BACK RETURN,21.00,37125.06,0.05,1997-10-14,2-HIGH,129269.44,Customer#000000268,MACHINERY,6821.01,CANADA,AMERICA,"Nation: INDIA
Return a single YES or NO, with no other words. If uncertain, return YES.",True
867,snow spring black white burnished,PROMO POLISHED NICKEL,LG BOX,14944,AIR,TAKE BACK RETURN,21.00,37125.06,0.05,1997-10-14,2-HIGH,129269.44,Customer#000000268,MACHINERY,6821.01,CANADA,AMERICA,"Nation: INDONESIA
Return a single YES or NO, with no other words. If uncertain, return YES.",True
867,snow spring black white burnished,PROMO POLISHED NICKEL,LG BOX,14944,AIR,TAKE BACK RETURN,21.00,37125.06,0.05,1997-10-14,2-HIGH,129269.44,Customer#000000268,MACHINERY,6821.01,CANADA,AMERICA,"Nation: IRAN
Return a single YES or NO, with no other words. If uncertain, return YES.",True
867,snow spring black white burnished,PROMO POLISHED NICKEL,LG BOX,14944,AIR,TAKE BACK RETURN,21.00,37125.06,0.05,1997-10-14,2-HIGH,129269.44,Customer#000000268,MACHINERY,6821.01,CANADA,AMERICA,"Nation: IRAQ
Return a single YES or NO, with no other words. If uncertain, return YES.",True
867,snow spring black white burnished,PROMO POLISHED NICKEL,LG BOX,14944,AIR,TAKE BACK RETURN,21.00,37125.06,0.05,1997-10-14,2-HIGH,129269.44,Customer#000000268,MACHINERY,6821.01,CANADA,AMERICA,"Nation: JAPAN
Return a single YES or NO, with no other words. If uncertain, return YES.",True
867,snow spring black white burnished,PROMO POLISHED NICKEL,LG BOX,14944,AIR,TAKE BACK RETURN,21.00,37125.06,0.05,1997-10-14,2-HIGH,129269.44,Customer#000000268,MACHINERY,6821.01,CANADA,AMERICA,"Nation: JORDAN
Return a single YES or NO, with no other words. If uncertain, return YES.",True
867,snow spring black white burnished,PROMO POLISHED NICKEL,LG BOX,14944,AIR,TAKE BACK RETURN,21.00,37125.06,0.05,1997-10-14,2-HIGH,129269.44,Customer#000000268,MACHINERY,6821.01,CANADA,AMERICA,"Nation: KENYA
Return a single YES or NO, with no other words. If uncertain, return YES.",True
867,snow spring black white burnished,PROMO POLISHED NICKEL,LG BOX,14944,AIR,TAKE BACK RETURN,21.00,37125.06,0.05,1997-10-14,2-HIGH,129269.44,Customer#000000268,MACHINERY,6821.01,CANADA,AMERICA,"Nation: MOROCCO
Return a single YES or NO, with no other words. If uncertain, return YES.",True
867,snow spring black white burnished,PROMO POLISHED NICKEL,LG BOX,14944,AIR,TAKE BACK RETURN,21.00,37125.06,0.05,1997-10-14,2-HIGH,129269.44,Customer#000000268,MACHINERY,6821.01,CANADA,AMERICA,"Nation: MOZAMBIQUE
Return a single YES or NO, with no other words. If uncertain, return YES.",True
867,snow spring black white burnished,PROMO POLISHED NICKEL,LG BOX,14944,AIR,TAKE BACK RETURN,21.00,37125.06,0.05,1997-10-14,2-HIGH,129269.44,Customer#000000268,MACHINERY,6821.01,CANADA,AMERICA,"Nation: PERU
Return a single YES or NO, with no other words. If uncertain, return YES.",True
867,snow spring black white burnished,PROMO POLISHED NICKEL,LG BOX,14944,AIR,TAKE BACK RETURN,21.00,37125.06,0.05,1997-10-14,2-HIGH,129269.44,Customer#000000268,MACHINERY,6821.01,CANADA,AMERICA,"Nation: CHINA
Return a single YES or NO, with no other words. If uncertain, return YES.",True
867,snow spring black white burnished,PROMO POLISHED NICKEL,LG BOX,14944,AIR,TAKE BACK RETURN,21.00,37125.06,0.05,1997-10-14,2-HIGH,129269.44,Customer#000000268,MACHINERY,6821.01,CANADA,AMERICA,"Nation: ROMANIA
Return a single YES or NO, with no other words. If uncertain, return YES.",True
867,snow spring black white burnished,PROMO POLISHED NICKEL,LG BOX,14944,AIR,TAKE BACK RETURN,21.00,37125.06,0.05,1997-10-14,2-HIGH,129269.44,Customer#000000268,MACHINERY,6821.01,CANADA,AMERICA,"Nation: SAUDI ARABIA
Return a single YES or NO, with no other words. If uncertain, return YES.",True
867,snow spring black white burnished,PROMO POLISHED NICKEL,LG BOX,14944,AIR,TAKE BACK RETURN,21.00,37125.06,0.05,1997-10-14,2-HIGH,129269.44,Customer#000000268,MACHINERY,6821.01,CANADA,AMERICA,"Nation: VIETNAM
Return a single YES or NO, with no other words. If uncertain, return YES.",True
867,snow spring black white burnished,PROMO POLISHED NICKEL,LG BOX,14944,AIR,TAKE BACK RETURN,21.00,37125.06,0.05,1997-10-14,2-HIGH,129269.44,Customer#000000268,MACHINERY,6821.01,CANADA,AMERICA,"Nation: RUSSIA
Return a single YES or NO, with no other words. If uncertain, return YES.",True
867,snow spring black white burnished,PROMO POLISHED NICKEL,LG BOX,14944,AIR,TAKE BACK RETURN,21.00,37125.06,0.05,1997-10-14,2-HIGH,129269.44,Customer#000000268,MACHINERY,6821.01,CANADA,AMERICA,"Nation: UNITED KINGDOM
Return a single YES or NO, with no other words. If uncertain, return YES.",True
867,snow spring black white burnished,PROMO POLISHED NICKEL,LG BOX,14944,AIR,TAKE BACK RETURN,21.00,37125.06,0.05,1997-10-14,2-HIGH,129269.44,Customer#000000268,MACHINERY,6821.01,CANADA,AMERICA,"Nation: UNITED STATES
Return a single YES or NO, with no other words. If uncertain, return YES.",True
40,lemon midnight metallic sienna steel,ECONOMY BURNISHED COPPER,SM CASE,16550,MAIL,DELIVER IN PERSON,40.00,37601.60,0.08,1996-08-10,3-MEDIUM,189896.86,Customer#000000064,BUILDING,-646.64,CANADA,AMERICA,"Nation: ALGERIA
Return a single YES or NO, with no other words. If uncertain, return YES.",True
40,lemon midnight metallic sienna steel,ECONOMY BURNISHED COPPER,SM CASE,16550,MAIL,DELIVER IN PERSON,40.00,37601.60,0.08,1996-08-10,3-MEDIUM,189896.86,Customer#000000064,BUILDING,-646.64,CANADA,AMERICA,"Nation: ARGENTINA
Return a single YES or NO, with no other words. If uncertain, return YES.",True
40,lemon midnight metallic sienna steel,ECONOMY BURNISHED COPPER,SM CASE,16550,MAIL,DELIVER IN PERSON,40.00,37601.60,0.08,1996-08-10,3-MEDIUM,189896.86,Customer#000000064,BUILDING,-646.64,CANADA,AMERICA,"Nation: BRAZIL
Return a single YES or NO, with no other words. If uncertain, return YES.",True
40,lemon midnight metallic sienna steel,ECONOMY BURNISHED COPPER,SM CASE,16550,MAIL,DELIVER IN PERSON,40.00,37601.60,0.08,1996-08-10,3-MEDIUM,189896.86,Customer#000000064,BUILDING,-646.64,CANADA,AMERICA,"Nation: CANADA
Return a single YES or NO, with no other words. If uncertain, return YES.",True
40,lemon midnight metallic sienna steel,ECONOMY BURNISHED COPPER,SM CASE,16550,MAIL,DELIVER IN PERSON,40.00,37601.60,0.08,1996-08-10,3-MEDIUM,189896.86,Customer#000000064,BUILDING,-646.64,CANADA,AMERICA,"Nation: EGYPT
Return a single YES or NO, with no other words. If uncertain, return YES.",True
40,lemon midnight metallic sienna steel,ECONOMY BURNISHED COPPER,SM CASE,16550,MAIL,DELIVER IN PERSON,40.00,37601.60,0.08,1996-08-10,3-MEDIUM,189896.86,Customer#000000064,BUILDING,-646.64,CANADA,AMERICA,"Nation: ETHIOPIA
Return a single YES or NO, with no other words. If uncertain, return YES.",True
40,lemon midnight metallic sienna steel,ECONOMY BURNISHED COPPER,SM CASE,16550,MAIL,DELIVER IN PERSON,40.00,37601.60,0.08,1996-08-10,3-MEDIUM,189896.86,Customer#000000064,BUILDING,-646.64,CANADA,AMERICA,"Nation: FRANCE
Return a single YES or NO, with no other words. If uncertain, return YES.",True
40,lemon midnight metallic sienna steel,ECONOMY BURNISHED COPPER,SM CASE,16550,MAIL,DELIVER IN PERSON,40.00,37601.60,0.08,1996-08-10,3-MEDIUM,189896.86,Customer#000000064,BUILDING,-646.64,CANADA,AMERICA,"Nation: GERMANY
Return a single YES or NO, with no other words. If uncertain, return YES.",True
40,lemon midnight metallic sienna steel,ECONOMY BURNISHED COPPER,SM CASE,16550,MAIL,DELIVER IN PERSON,40.00,37601.60,0.08,1996-08-10,3-MEDIUM,189896.86,Customer#000000064,BUILDING,-646.64,CANADA,AMERICA,"Nation: INDIA
Return a single YES or NO, with no other words. If uncertain, return YES.",True
40,lemon midnight metallic sienna steel,ECONOMY BURNISHED COPPER,SM CASE,16550,MAIL,DELIVER IN PERSON,40.00,37601.60,0.08,1996-08-10,3-MEDIUM,189896.86,Customer#000000064,BUILDING,-646.64,CANADA,AMERICA,"Nation: INDONESIA
Return a single YES or NO, with no other words. If uncertain, return YES.",True
40,lemon midnight metallic sienna steel,ECONOMY BURNISHED COPPER,SM CASE,16550,MAIL,DELIVER IN PERSON,40.00,37601.60,0.08,1996-08-10,3-MEDIUM,189896.86,Customer#000000064,BUILDING,-646.64,CANADA,AMERICA,"Nation: IRAN
Return a single YES or NO, with no other words. If uncertain, return YES.",True
40,lemon midnight metallic sienna steel,ECONOMY BURNISHED COPPER,SM CASE,16550,MAIL,DELIVER IN PERSON,40.00,37601.60,0.08,1996-08-10,3-MEDIUM,189896.86,Customer#000000064,BUILDING,-646.64,CANADA,AMERICA,"Nation: IRAQ
Return a single YES or NO, with no other words. If uncertain, return YES.",True
40,lemon midnight metallic sienna steel,ECONOMY BURNISHED COPPER,SM CASE,16550,MAIL,DELIVER IN PERSON,40.00,37601.60,0.08,1996-08-10,3-MEDIUM,189896.86,Customer#000000064,BUILDING,-646.64,CANADA,AMERICA,"Nation: JAPAN
Return a single YES or NO, with no other words. If uncertain, return YES.",True
40,lemon midnight metallic sienna steel,ECONOMY BURNISHED COPPER,SM CASE,16550,MAIL,DELIVER IN PERSON,40.00,37601.60,0.08,1996-08-10,3-MEDIUM,189896.86,Customer#000000064,BUILDING,-646.64,CANADA,AMERICA,"Nation: JORDAN
Return a single YES or NO, with no other words. If uncertain, return YES.",True
40,lemon midnight metallic sienna steel,ECONOMY BURNISHED COPPER,SM CASE,16550,MAIL,DELIVER IN PERSON,40.00,37601.60,0.08,1996-08-10,3-MEDIUM,189896.86,Customer#000000064,BUILDING,-646.64,CANADA,AMERICA,"Nation: KENYA
Return a single YES or NO, with no other words. If uncertain, return YES.",True
40,lemon midnight metallic sienna steel,ECONOMY BURNISHED COPPER,SM CASE,16550,MAIL,DELIVER IN PERSON,40.00,37601.60,0.08,1996-08-10,3-MEDIUM,189896.86,Customer#000000064,BUILDING,-646.64,CANADA,AMERICA,"Nation: MOROCCO
Return a single YES or NO, with no other words. If uncertain, return YES.",True
40,lemon midnight metallic sienna steel,ECONOMY BURNISHED COPPER,SM CASE,16550,MAIL,DELIVER IN PERSON,40.00,37601.60,0.08,1996-08-10,3-MEDIUM,189896.86,Customer#000000064,BUILDING,-646.64,CANADA,AMERICA,"Nation: MOZAMBIQUE
Return a single YES or NO, with no other words. If uncertain, return YES.",True
40,lemon midnight metallic sienna steel,ECONOMY BURNISHED COPPER,SM CASE,16550,MAIL,DELIVER IN PERSON,40.00,37601.60,0.08,1996-08-10,3-MEDIUM,189896.86,Customer#000000064,BUILDING,-646.64,CANADA,AMERICA,"Nation: PERU
Return a single YES or NO, with no other words. If uncertain, return YES.",True
40,lemon midnight metallic sienna steel,ECONOMY BURNISHED COPPER,SM CASE,16550,MAIL,DELIVER IN PERSON,40.00,37601.60,0.08,1996-08-10,3-MEDIUM,189896.86,Customer#000000064,BUILDING,-646.64,CANADA,AMERICA,"Nation: CHINA
Return a single YES or NO, with no other words. If uncertain, return YES.",True
40,lemon midnight metallic sienna steel,ECONOMY BURNISHED COPPER,SM CASE,16550,MAIL,DELIVER IN PERSON,40.00,37601.60,0.08,1996-08-10,3-MEDIUM,189896.86,Customer#000000064,BUILDING,-646.64,CANADA,AMERICA,"Nation: ROMANIA
Return a single YES or NO, with no other words. If uncertain, return YES.",True
40,lemon midnight metallic sienna steel,ECONOMY BURNISHED COPPER,SM CASE,16550,MAIL,DELIVER IN PERSON,40.00,37601.60,0.08,1996-08-10,3-MEDIUM,189896.86,Customer#000000064,BUILDING,-646.64,CANADA,AMERICA,"Nation: SAUDI ARABIA
Return a single YES or NO, with no other words. If uncertain, return YES.",True
40,lemon midnight metallic sienna steel,ECONOMY BURNISHED COPPER,SM CASE,16550,MAIL,DELIVER IN PERSON,40.00,37601.60,0.08,1996-08-10,3-MEDIUM,189896.86,Customer#000000064,BUILDING,-646.64,CANADA,AMERICA,"Nation: VIETNAM
Return a single YES or NO, with no other words. If uncertain, return YES.",True
40,lemon midnight metallic sienna steel,ECONOMY BURNISHED COPPER,SM CASE,16550,MAIL,DELIVER IN PERSON,40.00,37601.60,0.08,1996-08-10,3-MEDIUM,189896.86,Customer#000000064,BUILDING,-646.64,CANADA,AMERICA,"Nation: RUSSIA
Return a single YES or NO, with no other words. If uncertain, return YES.",True
40,lemon midnight metallic sienna steel,ECONOMY BURNISHED COPPER,SM CASE,16550,MAIL,DELIVER IN PERSON,40.00,37601.60,0.08,1996-08-10,3-MEDIUM,189896.86,Customer#000000064,BUILDING,-646.64,CANADA,AMERICA,"Nation: UNITED KINGDOM
Return a single YES or NO, with no other words. If uncertain, return YES.",True
40,lemon midnight metallic sienna steel,ECONOMY BURNISHED COPPER,SM CASE,16550,MAIL,DELIVER IN PERSON,40.00,37601.60,0.08,1996-08-10,3-MEDIUM,189896.86,Customer#000000064,BUILDING,-646.64,CANADA,AMERICA,"Nation: UNITED STATES
Return a single YES or NO, with no other words. If uncertain, return YES.",True
612,midnight azure moccasin rosy lawn,PROMO PLATED STEEL,LG BOX,17569,AIR,TAKE BACK RETURN,16.00,24201.76,0.02,1997-07-15,4-NOT SPECIFIED,219003.17,Customer#000000688,HOUSEHOLD,3354.47,INDIA,ASIA,"Nation: ALGERIA
Return a single YES or NO, with no other words. If uncertain, return YES.",True
612,midnight azure moccasin rosy lawn,PROMO PLATED STEEL,LG BOX,17569,AIR,TAKE BACK RETURN,16.00,24201.76,0.02,1997-07-15,4-NOT SPECIFIED,219003.17,Customer#000000688,HOUSEHOLD,3354.47,INDIA,ASIA,"Nation: ARGENTINA
Return a single YES or NO, with no other words. If uncertain, return YES.",True
612,midnight azure moccasin rosy lawn,PROMO PLATED STEEL,LG BOX,17569,AIR,TAKE BACK RETURN,16.00,24201.76,0.02,1997-07-15,4-NOT SPECIFIED,219003.17,Customer#000000688,HOUSEHOLD,3354.47,INDIA,ASIA,"Nation: BRAZIL
Return a single YES or NO, with no other words. If uncertain, return YES.",True
612,midnight azure moccasin rosy lawn,PROMO PLATED STEEL,LG BOX,17569,AIR,TAKE BACK RETURN,16.00,24201.76,0.02,1997-07-15,4-NOT SPECIFIED,219003.17,Customer#000000688,HOUSEHOLD,3354.47,INDIA,ASIA,"Nation: CANADA
Return a single YES or NO, with no other words. If uncertain, return YES.",True
612,midnight azure moccasin rosy lawn,PROMO PLATED STEEL,LG BOX,17569,AIR,TAKE BACK RETURN,16.00,24201.76,0.02,1997-07-15,4-NOT SPECIFIED,219003.17,Customer#000000688,HOUSEHOLD,3354.47,INDIA,ASIA,"Nation: EGYPT
Return a single YES or NO, with no other words. If uncertain, return YES.",True
612,midnight azure moccasin rosy lawn,PROMO PLATED STEEL,LG BOX,17569,AIR,TAKE BACK RETURN,16.00,24201.76,0.02,1997-07-15,4-NOT SPECIFIED,219003.17,Customer#000000688,HOUSEHOLD,3354.47,INDIA,ASIA,"Nation: ETHIOPIA
Return a single YES or NO, with no other words. If uncertain, return YES.",True
612,midnight azure moccasin rosy lawn,PROMO PLATED STEEL,LG BOX,17569,AIR,TAKE BACK RETURN,16.00,24201.76,0.02,1997-07-15,4-NOT SPECIFIED,219003.17,Customer#000000688,HOUSEHOLD,3354.47,INDIA,ASIA,"Nation: FRANCE
Return a single YES or NO, with no other words. If uncertain, return YES.",True
612,midnight azure moccasin rosy lawn,PROMO PLATED STEEL,LG BOX,17569,AIR,TAKE BACK RETURN,16.00,24201.76,0.02,1997-07-15,4-NOT SPECIFIED,219003.17,Customer#000000688,HOUSEHOLD,3354.47,INDIA,ASIA,"Nation: GERMANY
Return a single YES or NO, with no other words. If uncertain, return YES.",True
612,midnight azure moccasin rosy lawn,PROMO PLATED STEEL,LG BOX,17569,AIR,TAKE BACK RETURN,16.00,24201.76,0.02,1997-07-15,4-NOT SPECIFIED,219003.17,Customer#000000688,HOUSEHOLD,3354.47,INDIA,ASIA,"Nation: INDIA
Return a single YES or NO, with no other words. If uncertain, return YES.",True
612,midnight azure moccasin rosy lawn,PROMO PLATED STEEL,LG BOX,17569,AIR,TAKE BACK RETURN,16.00,24201.76,0.02,1997-07-15,4-NOT SPECIFIED,219003.17,Customer#000000688,HOUSEHOLD,3354.47,INDIA,ASIA,"Nation: INDONESIA
Return a single YES or NO, with no other words. If uncertain, return YES.",True
612,midnight azure moccasin rosy lawn,PROMO PLATED STEEL,LG BOX,17569,AIR,TAKE BACK RETURN,16.00,24201.76,0.02,1997-07-15,4-NOT SPECIFIED,219003.17,Customer#000000688,HOUSEHOLD,3354.47,INDIA,ASIA,"Nation: IRAN
Return a single YES or NO, with no other words. If uncertain, return YES.",True
612,midnight azure moccasin rosy lawn,PROMO PLATED STEEL,LG BOX,17569,AIR,TAKE BACK RETURN,16.00,24201.76,0.02,1997-07-15,4-NOT SPECIFIED,219003.17,Customer#000000688,HOUSEHOLD,3354.47,INDIA,ASIA,"Nation: IRAQ
Return a single YES or NO, with no other words. If uncertain, return YES.",True
612,midnight azure moccasin rosy lawn,PROMO PLATED STEEL,LG BOX,17569,AIR,TAKE BACK RETURN,16.00,24201.76,0.02,1997-07-15,4-NOT SPECIFIED,219003.17,Customer#000000688,HOUSEHOLD,3354.47,INDIA,ASIA,"Nation: JAPAN
Return a single YES or NO, with no other words. If uncertain, return YES.",True
612,midnight azure moccasin rosy lawn,PROMO PLATED STEEL,LG BOX,17569,AIR,TAKE BACK RETURN,16.00,24201.76,0.02,1997-07-15,4-NOT SPECIFIED,219003.17,Customer#000000688,HOUSEHOLD,3354.47,INDIA,ASIA,"Nation: JORDAN
Return a single YES or NO, with no other words. If uncertain, return YES.",True
612,midnight azure moccasin rosy lawn,PROMO PLATED STEEL,LG BOX,17569,AIR,TAKE BACK RETURN,16.00,24201.76,0.02,1997-07-15,4-NOT SPECIFIED,219003.17,Customer#000000688,HOUSEHOLD,3354.47,INDIA,ASIA,"Nation: KENYA
Return a single YES or NO, with no other words. If uncertain, return YES.",True
612,midnight azure moccasin rosy lawn,PROMO PLATED STEEL,LG BOX,17569,AIR,TAKE BACK RETURN,16.00,24201.76,0.02,1997-07-15,4-NOT SPECIFIED,219003.17,Customer#000000688,HOUSEHOLD,3354.47,INDIA,ASIA,"Nation: MOROCCO
Return a single YES or NO, with no other words. If uncertain, return YES.",True
612,midnight azure moccasin rosy lawn,PROMO PLATED STEEL,LG BOX,17569,AIR,TAKE BACK RETURN,16.00,24201.76,0.02,1997-07-15,4-NOT SPECIFIED,219003.17,Customer#000000688,HOUSEHOLD,3354.47,INDIA,ASIA,"Nation: MOZAMBIQUE
Return a single YES or NO, with no other words. If uncertain, return YES.",True
612,midnight azure moccasin rosy lawn,PROMO PLATED STEEL,LG BOX,17569,AIR,TAKE BACK RETURN,16.00,24201.76,0.02,1997-07-15,4-NOT SPECIFIED,219003.17,Customer#000000688,HOUSEHOLD,3354.47,INDIA,ASIA,"Nation: PERU
Return a single YES or NO, with no other words. If uncertain, return YES.",True
612,midnight azure moccasin rosy lawn,PROMO PLATED STEEL,LG BOX,17569,AIR,TAKE BACK RETURN,16.00,24201.76,0.02,1997-07-15,4-NOT SPECIFIED,219003.17,Customer#000000688,HOUSEHOLD,3354.47,INDIA,ASIA,"Nation: CHINA
Return a single YES or NO, with no other words. If uncertain, return YES.",True
612,midnight azure moccasin rosy lawn,PROMO PLATED STEEL,LG BOX,17569,AIR,TAKE BACK RETURN,16.00,24201.76,0.02,1997-07-15,4-NOT SPECIFIED,219003.17,Customer#000000688,HOUSEHOLD,3354.47,INDIA,ASIA,"Nation: ROMANIA
Return a single YES or NO, with no other words. If uncertain, return YES.",True
612,midnight azure moccasin rosy lawn,PROMO PLATED STEEL,LG BOX,17569,AIR,TAKE BACK RETURN,16.00,24201.76,0.02,1997-07-15,4-NOT SPECIFIED,219003.17,Customer#000000688,HOUSEHOLD,3354.47,INDIA,ASIA,"Nation: SAUDI ARABIA
Return a single YES or NO, with no other words. If uncertain, return YES.",True
612,midnight azure moccasin rosy lawn,PROMO PLATED STEEL,LG BOX,17569,AIR,TAKE BACK RETURN,16.00,24201.76,0.02,1997-07-15,4-NOT SPECIFIED,219003.17,Customer#000000688,HOUSEHOLD,3354.47,INDIA,ASIA,"Nation: VIETNAM
Return a single YES or NO, with no other words. If uncertain, return YES.",True
612,midnight azure moccasin rosy lawn,PROMO PLATED STEEL,LG BOX,17569,AIR,TAKE BACK RETURN,16.00,24201.76,0.02,1997-07-15,4-NOT SPECIFIED,219003.17,Customer#000000688,HOUSEHOLD,3354.47,INDIA,ASIA,"Nation: RUSSIA
Return a single YES or NO, with no other words. If uncertain, return YES.",True
612,midnight azure moccasin rosy lawn,PROMO PLATED STEEL,LG BOX,17569,AIR,TAKE BACK RETURN,16.00,24201.76,0.02,1997-07-15,4-NOT SPECIFIED,219003.17,Customer#000000688,HOUSEHOLD,3354.47,INDIA,ASIA,"Nation: UNITED KINGDOM
Return a single YES or NO, with no other words. If uncertain, return YES.",True
612,midnight azure moccasin rosy lawn,PROMO PLATED STEEL,LG BOX,17569,AIR,TAKE BACK RETURN,16.00,24201.76,0.02,1997-07-15,4-NOT SPECIFIED,219003.17,Customer#000000688,HOUSEHOLD,3354.47,INDIA,ASIA,"Nation: UNITED STATES
Return a single YES or NO, with no other words. If uncertain, return YES.",True
917,midnight khaki medium linen peru,SMALL ANODIZED COPPER,SM CASE,21893,REG AIR,DELIVER IN PERSON,18.00,32722.38,0.02,1995-10-25,1-URGENT,103411.36,Customer#000000728,BUILDING,4349.73,UNITED STATES,AMERICA,"Nation: ALGERIA
Return a single YES or NO, with no other words. If uncertain, return YES.",True
917,midnight khaki medium linen peru,SMALL ANODIZED COPPER,SM CASE,21893,REG AIR,DELIVER IN PERSON,18.00,32722.38,0.02,1995-10-25,1-URGENT,103411.36,Customer#000000728,BUILDING,4349.73,UNITED STATES,AMERICA,"Nation: ARGENTINA
Return a single YES or NO, with no other words. If uncertain, return YES.",True
917,midnight khaki medium linen peru,SMALL ANODIZED COPPER,SM CASE,21893,REG AIR,DELIVER IN PERSON,18.00,32722.38,0.02,1995-10-25,1-URGENT,103411.36,Customer#000000728,BUILDING,4349.73,UNITED STATES,AMERICA,"Nation: BRAZIL
Return a single YES or NO, with no other words. If uncertain, return YES.",True
917,midnight khaki medium linen peru,SMALL ANODIZED COPPER,SM CASE,21893,REG AIR,DELIVER IN PERSON,18.00,32722.38,0.02,1995-10-25,1-URGENT,103411.36,Customer#000000728,BUILDING,4349.73,UNITED STATES,AMERICA,"Nation: CANADA
Return a single YES or NO, with no other words. If uncertain, return YES.",True
917,midnight khaki medium linen peru,SMALL ANODIZED COPPER,SM CASE,21893,REG AIR,DELIVER IN PERSON,18.00,32722.38,0.02,1995-10-25,1-URGENT,103411.36,Customer#000000728,BUILDING,4349.73,UNITED STATES,AMERICA,"Nation: EGYPT
Return a single YES or NO, with no other words. If uncertain, return YES.",True
917,midnight khaki medium linen peru,SMALL ANODIZED COPPER,SM CASE,21893,REG AIR,DELIVER IN PERSON,18.00,32722.38,0.02,1995-10-25,1-URGENT,103411.36,Customer#000000728,BUILDING,4349.73,UNITED STATES,AMERICA,"Nation: ETHIOPIA
Return a single YES or NO, with no other words. If uncertain, return YES.",True
917,midnight khaki medium linen peru,SMALL ANODIZED COPPER,SM CASE,21893,REG AIR,DELIVER IN PERSON,18.00,32722.38,0.02,1995-10-25,1-URGENT,103411.36,Customer#000000728,BUILDING,4349.73,UNITED STATES,AMERICA,"Nation: FRANCE
Return a single YES or NO, with no other words. If uncertain, return YES.",True
917,midnight khaki medium linen peru,SMALL ANODIZED COPPER,SM CASE,21893,REG AIR,DELIVER IN PERSON,18.00,32722.38,0.02,1995-10-25,1-URGENT,103411.36,Customer#000000728,BUILDING,4349.73,UNITED STATES,AMERICA,"Nation: GERMANY
Return a single YES or NO, with no other words. If uncertain, return YES.",True
917,midnight khaki medium linen peru,SMALL ANODIZED COPPER,SM CASE,21893,REG AIR,DELIVER IN PERSON,18.00,32722.38,0.02,1995-10-25,1-URGENT,103411.36,Customer#000000728,BUILDING,4349.73,UNITED STATES,AMERICA,"Nation: INDIA
Return a single YES or NO, with no other words. If uncertain, return YES.",True
917,midnight khaki medium linen peru,SMALL ANODIZED COPPER,SM CASE,21893,REG AIR,DELIVER IN PERSON,18.00,32722.38,0.02,1995-10-25,1-URGENT,103411.36,Customer#000000728,BUILDING,4349.73,UNITED STATES,AMERICA,"Nation: INDONESIA
Return a single YES or NO, with no other words. If uncertain, return YES.",True
917,midnight khaki medium linen peru,SMALL ANODIZED COPPER,SM CASE,21893,REG AIR,DELIVER IN PERSON,18.00,32722.38,0.02,1995-10-25,1-URGENT,103411.36,Customer#000000728,BUILDING,4349.73,UNITED STATES,AMERICA,"Nation: IRAN
Return a single YES or NO, with no other words. If uncertain, return YES.",True
917,midnight khaki medium linen peru,SMALL ANODIZED COPPER,SM CASE,21893,REG AIR,DELIVER IN PERSON,18.00,32722.38,0.02,1995-10-25,1-URGENT,103411.36,Customer#000000728,BUILDING,4349.73,UNITED STATES,AMERICA,"Nation: IRAQ
Return a single YES or NO, with no other words. If uncertain, return YES.",True
917,midnight khaki medium linen peru,SMALL ANODIZED COPPER,SM CASE,21893,REG AIR,DELIVER IN PERSON,18.00,32722.38,0.02,1995-10-25,1-URGENT,103411.36,Customer#000000728,BUILDING,4349.73,UNITED STATES,AMERICA,"Nation: JAPAN
Return a single YES or NO, with no other words. If uncertain, return YES.",True
917,midnight khaki medium linen peru,SMALL ANODIZED COPPER,SM CASE,21893,REG AIR,DELIVER IN PERSON,18.00,32722.38,0.02,1995-10-25,1-URGENT,103411.36,Customer#000000728,BUILDING,4349.73,UNITED STATES,AMERICA,"Nation: JORDAN
Return a single YES or NO, with no other words. If uncertain, return YES.",True
917,midnight khaki medium linen peru,SMALL ANODIZED COPPER,SM CASE,21893,REG AIR,DELIVER IN PERSON,18.00,32722.38,0.02,1995-10-25,1-URGENT,103411.36,Customer#000000728,BUILDING,4349.73,UNITED STATES,AMERICA,"Nation: KENYA
Return a single YES or NO, with no other words. If uncertain, return YES.",True
917,midnight khaki medium linen peru,SMALL ANODIZED COPPER,SM CASE,21893,REG AIR,DELIVER IN PERSON,18.00,32722.38,0.02,1995-10-25,1-URGENT,103411.36,Customer#000000728,BUILDING,4349.73,UNITED STATES,AMERICA,"Nation: MOROCCO
Return a single YES or NO, with no other words. If uncertain, return YES.",True
917,midnight khaki medium linen peru,SMALL ANODIZED COPPER,SM CASE,21893,REG AIR,DELIVER IN PERSON,18.00,32722.38,0.02,1995-10-25,1-URGENT,103411.36,Customer#000000728,BUILDING,4349.73,UNITED STATES,AMERICA,"Nation: MOZAMBIQUE
Return a single YES or NO, with no other words. If uncertain, return YES.",True
917,midnight khaki medium linen peru,SMALL ANODIZED COPPER,SM CASE,21893,REG AIR,DELIVER IN PERSON,18.00,32722.38,0.02,1995-10-25,1-URGENT,103411.36,Customer#000000728,BUILDING,4349.73,UNITED STATES,AMERICA,"Nation: PERU
Return a single YES or NO, with no other words. If uncertain, return YES.",True
917,midnight khaki medium linen peru,SMALL ANODIZED COPPER,SM CASE,21893,REG AIR,DELIVER IN PERSON,18.00,32722.38,0.02,1995-10-25,1-URGENT,103411.36,Customer#000000728,BUILDING,4349.73,UNITED STATES,AMERICA,"Nation: CHINA
Return a single YES or NO, with no other words. If uncertain, return YES.",True
917,midnight khaki medium linen peru,SMALL ANODIZED COPPER,SM CASE,21893,REG AIR,DELIVER IN PERSON,18.00,32722.38,0.02,1995-10-25,1-URGENT,103411.36,Customer#000000728,BUILDING,4349.73,UNITED STATES,AMERICA,"Nation: ROMANIA
Return a single YES or NO, with no other words. If uncertain, return YES.",True
917,midnight khaki medium linen peru,SMALL ANODIZED COPPER,SM CASE,21893,REG AIR,DELIVER IN PERSON,18.00,32722.38,0.02,1995-10-25,1-URGENT,103411.36,Customer#000000728,BUILDING,4349.73,UNITED STATES,AMERICA,"Nation: SAUDI ARABIA
Return a single YES or NO, with no other words. If uncertain, return YES.",True
917,midnight khaki medium linen peru,SMALL ANODIZED COPPER,SM CASE,21893,REG AIR,DELIVER IN PERSON,18.00,32722.38,0.02,1995-10-25,1-URGENT,103411.36,Customer#000000728,BUILDING,4349.73,UNITED STATES,AMERICA,"Nation: VIETNAM
Return a single YES or NO, with no other words. If uncertain, return YES.",True
917,midnight khaki medium linen peru,SMALL ANODIZED COPPER,SM CASE,21893,REG AIR,DELIVER IN PERSON,18.00,32722.38,0.02,1995-10-25,1-URGENT,103411.36,Customer#000000728,BUILDING,4349.73,UNITED STATES,AMERICA,"Nation: RUSSIA
Return a single YES or NO, with no other words. If uncertain, return YES.",True
917,midnight khaki medium linen peru,SMALL ANODIZED COPPER,SM CASE,21893,REG AIR,DELIVER IN PERSON,18.00,32722.38,0.02,1995-10-25,1-URGENT,103411.36,Customer#000000728,BUILDING,4349.73,UNITED STATES,AMERICA,"Nation: UNITED KINGDOM
Return a single YES or NO, with no other words. If uncertain, return YES.",True
917,midnight khaki medium linen peru,SMALL ANODIZED COPPER,SM CASE,21893,REG AIR,DELIVER IN PERSON,18.00,32722.38,0.02,1995-10-25,1-URGENT,103411.36,Customer#000000728,BUILDING,4349.73,UNITED STATES,AMERICA,"Nation: UNITED STATES
Return a single YES or NO, with no other words. If uncertain, return YES.",True
958,turquoise sandy drab dodger cyan,LARGE PLATED NICKEL,LG BOX,22306,MAIL,DELIVER IN PERSON,13.00,24166.35,0.09,1996-08-16,4-NOT SPECIFIED,131060.76,Customer#000000229,BUILDING,7568.07,ARGENTINA,AMERICA,"Nation: ALGERIA
Return a single YES or NO, with no other words. If uncertain, return YES.",True
958,turquoise sandy drab dodger cyan,LARGE PLATED NICKEL,LG BOX,22306,MAIL,DELIVER IN PERSON,13.00,24166.35,0.09,1996-08-16,4-NOT SPECIFIED,131060.76,Customer#000000229,BUILDING,7568.07,ARGENTINA,AMERICA,"Nation: ARGENTINA
Return a single YES or NO, with no other words. If uncertain, return YES.",True
958,turquoise sandy drab dodger cyan,LARGE PLATED NICKEL,LG BOX,22306,MAIL,DELIVER IN PERSON,13.00,24166.35,0.09,1996-08-16,4-NOT SPECIFIED,131060.76,Customer#000000229,BUILDING,7568.07,ARGENTINA,AMERICA,"Nation: BRAZIL
Return a single YES or NO, with no other words. If uncertain, return YES.",True
958,turquoise sandy drab dodger cyan,LARGE PLATED NICKEL,LG BOX,22306,MAIL,DELIVER IN PERSON,13.00,24166.35,0.09,1996-08-16,4-NOT SPECIFIED,131060.76,Customer#000000229,BUILDING,7568.07,ARGENTINA,AMERICA,"Nation: CANADA
Return a single YES or NO, with no other words. If uncertain, return YES.",True
958,turquoise sandy drab dodger cyan,LARGE PLATED NICKEL,LG BOX,22306,MAIL,DELIVER IN PERSON,13.00,24166.35,0.09,1996-08-16,4-NOT SPECIFIED,131060.76,Customer#000000229,BUILDING,7568.07,ARGENTINA,AMERICA,"Nation: EGYPT
Return a single YES or NO, with no other words. If uncertain, return YES.",True
958,turquoise sandy drab dodger cyan,LARGE PLATED NICKEL,LG BOX,22306,MAIL,DELIVER IN PERSON,13.00,24166.35,0.09,1996-08-16,4-NOT SPECIFIED,131060.76,Customer#000000229,BUILDING,7568.07,ARGENTINA,AMERICA,"Nation: ETHIOPIA
Return a single YES or NO, with no other words. If uncertain, return YES.",True
958,turquoise sandy drab dodger cyan,LARGE PLATED NICKEL,LG BOX,22306,MAIL,DELIVER IN PERSON,13.00,24166.35,0.09,1996-08-16,4-NOT SPECIFIED,131060.76,Customer#000000229,BUILDING,7568.07,ARGENTINA,AMERICA,"Nation: FRANCE
Return a single YES or NO, with no other words. If uncertain, return YES.",True
958,turquoise sandy drab dodger cyan,LARGE PLATED NICKEL,LG BOX,22306,MAIL,DELIVER IN PERSON,13.00,24166.35,0.09,1996-08-16,4-NOT SPECIFIED,131060.76,Customer#000000229,BUILDING,7568.07,ARGENTINA,AMERICA,"Nation: GERMANY
Return a single YES or NO, with no other words. If uncertain, return YES.",True
958,turquoise sandy drab dodger cyan,LARGE PLATED NICKEL,LG BOX,22306,MAIL,DELIVER IN PERSON,13.00,24166.35,0.09,1996-08-16,4-NOT SPECIFIED,131060.76,Customer#000000229,BUILDING,7568.07,ARGENTINA,AMERICA,"Nation: INDIA
Return a single YES or NO, with no other words. If uncertain, return YES.",True
958,turquoise sandy drab dodger cyan,LARGE PLATED NICKEL,LG BOX,22306,MAIL,DELIVER IN PERSON,13.00,24166.35,0.09,1996-08-16,4-NOT SPECIFIED,131060.76,Customer#000000229,BUILDING,7568.07,ARGENTINA,AMERICA,"Nation: INDONESIA
Return a single YES or NO, with no other words. If uncertain, return YES.",True
958,turquoise sandy drab dodger cyan,LARGE PLATED NICKEL,LG BOX,22306,MAIL,DELIVER IN PERSON,13.00,24166.35,0.09,1996-08-16,4-NOT SPECIFIED,131060.76,Customer#000000229,BUILDING,7568.07,ARGENTINA,AMERICA,"Nation: IRAN
Return a single YES or NO, with no other words. If uncertain, return YES.",True
958,turquoise sandy drab dodger cyan,LARGE PLATED NICKEL,LG BOX,22306,MAIL,DELIVER IN PERSON,13.00,24166.35,0.09,1996-08-16,4-NOT SPECIFIED,131060.76,Customer#000000229,BUILDING,7568.07,ARGENTINA,AMERICA,"Nation: IRAQ
Return a single YES or NO, with no other words. If uncertain, return YES.",True
958,turquoise sandy drab dodger cyan,LARGE PLATED NICKEL,LG BOX,22306,MAIL,DELIVER IN PERSON,13.00,24166.35,0.09,1996-08-16,4-NOT SPECIFIED,131060.76,Customer#000000229,BUILDING,7568.07,ARGENTINA,AMERICA,"Nation: JAPAN
Return a single YES or NO, with no other words. If uncertain, return YES.",True
958,turquoise sandy drab dodger cyan,LARGE PLATED NICKEL,LG BOX,22306,MAIL,DELIVER IN PERSON,13.00,24166.35,0.09,1996-08-16,4-NOT SPECIFIED,131060.76,Customer#000000229,BUILDING,7568.07,ARGENTINA,AMERICA,"Nation: JORDAN
Return a single YES or NO, with no other words. If uncertain, return YES.",True
958,turquoise sandy drab dodger cyan,LARGE PLATED NICKEL,LG BOX,22306,MAIL,DELIVER IN PERSON,13.00,24166.35,0.09,1996-08-16,4-NOT SPECIFIED,131060.76,Customer#000000229,BUILDING,7568.07,ARGENTINA,AMERICA,"Nation: KENYA
Return a single YES or NO, with no other words. If uncertain, return YES.",True
958,turquoise sandy drab dodger cyan,LARGE PLATED NICKEL,LG BOX,22306,MAIL,DELIVER IN PERSON,13.00,24166.35,0.09,1996-08-16,4-NOT SPECIFIED,131060.76,Customer#000000229,BUILDING,7568.07,ARGENTINA,AMERICA,"Nation: MOROCCO
Return a single YES or NO, with no other words. If uncertain, return YES.",True
958,turquoise sandy drab dodger cyan,LARGE PLATED NICKEL,LG BOX,22306,MAIL,DELIVER IN PERSON,13.00,24166.35,0.09,1996-08-16,4-NOT SPECIFIED,131060.76,Customer#000000229,BUILDING,7568.07,ARGENTINA,AMERICA,"Nation: MOZAMBIQUE
Return a single YES or NO, with no other words. If uncertain, return YES.",True
958,turquoise sandy drab dodger cyan,LARGE PLATED NICKEL,LG BOX,22306,MAIL,DELIVER IN PERSON,13.00,24166.35,0.09,1996-08-16,4-NOT SPECIFIED,131060.76,Customer#000000229,BUILDING,7568.07,ARGENTINA,AMERICA,"Nation: PERU
Return a single YES or NO, with no other words. If uncertain, return YES.",True
958,turquoise sandy drab dodger cyan,LARGE PLATED NICKEL,LG BOX,22306,MAIL,DELIVER IN PERSON,13.00,24166.35,0.09,1996-08-16,4-NOT SPECIFIED,131060.76,Customer#000000229,BUILDING,7568.07,ARGENTINA,AMERICA,"Nation: CHINA
Return a single YES or NO, with no other words. If uncertain, return YES.",True
958,turquoise sandy drab dodger cyan,LARGE PLATED NICKEL,LG BOX,22306,MAIL,DELIVER IN PERSON,13.00,24166.35,0.09,1996-08-16,4-NOT SPECIFIED,131060.76,Customer#000000229,BUILDING,7568.07,ARGENTINA,AMERICA,"Nation: ROMANIA
Return a single YES or NO, with no other words. If uncertain, return YES.",True
958,turquoise sandy drab dodger cyan,LARGE PLATED NICKEL,LG BOX,22306,MAIL,DELIVER IN PERSON,13.00,24166.35,0.09,1996-08-16,4-NOT SPECIFIED,131060.76,Customer#000000229,BUILDING,7568.07,ARGENTINA,AMERICA,"Nation: SAUDI ARABIA
Return a single YES or NO, with no other words. If uncertain, return YES.",True
958,turquoise sandy drab dodger cyan,LARGE PLATED NICKEL,LG BOX,22306,MAIL,DELIVER IN PERSON,13.00,24166.35,0.09,1996-08-16,4-NOT SPECIFIED,131060.76,Customer#000000229,BUILDING,7568.07,ARGENTINA,AMERICA,"Nation: VIETNAM
Return a single YES or NO, with no other words. If uncertain, return YES.",True
958,turquoise sandy drab dodger cyan,LARGE PLATED NICKEL,LG BOX,22306,MAIL,DELIVER IN PERSON,13.00,24166.35,0.09,1996-08-16,4-NOT SPECIFIED,131060.76,Customer#000000229,BUILDING,7568.07,ARGENTINA,AMERICA,"Nation: RUSSIA
Return a single YES or NO, with no other words. If uncertain, return YES.",True
958,turquoise sandy drab dodger cyan,LARGE PLATED NICKEL,LG BOX,22306,MAIL,DELIVER IN PERSON,13.00,24166.35,0.09,1996-08-16,4-NOT SPECIFIED,131060.76,Customer#000000229,BUILDING,7568.07,ARGENTINA,AMERICA,"Nation: UNITED KINGDOM
Return a single YES or NO, with no other words. If uncertain, return YES.",True
958,turquoise sandy drab dodger cyan,LARGE PLATED NICKEL,LG BOX,22306,MAIL,DELIVER IN PERSON,13.00,24166.35,0.09,1996-08-16,4-NOT SPECIFIED,131060.76,Customer#000000229,BUILDING,7568.07,ARGENTINA,AMERICA,"Nation: UNITED STATES
Return a single YES or NO, with no other words. If uncertain, return YES.",True
404,maroon olive pink rose cornflower,STANDARD ANODIZED NICKEL,SM CASE,22374,MAIL,TAKE BACK RETURN,21.00,27392.40,0.03,1994-09-25,1-URGENT,74430.33,Customer#000000490,FURNITURE,-213.85,RUSSIA,EUROPE,"Nation: ALGERIA
Return a single YES or NO, with no other words. If uncertain, return YES.",True
404,maroon olive pink rose cornflower,STANDARD ANODIZED NICKEL,SM CASE,22374,MAIL,TAKE BACK RETURN,21.00,27392.40,0.03,1994-09-25,1-URGENT,74430.33,Customer#000000490,FURNITURE,-213.85,RUSSIA,EUROPE,"Nation: ARGENTINA
Return a single YES or NO, with no other words. If uncertain, return YES.",True
404,maroon olive pink rose cornflower,STANDARD ANODIZED NICKEL,SM CASE,22374,MAIL,TAKE BACK RETURN,21.00,27392.40,0.03,1994-09-25,1-URGENT,74430.33,Customer#000000490,FURNITURE,-213.85,RUSSIA,EUROPE,"Nation: BRAZIL
Return a single YES or NO, with no other words. If uncertain, return YES.",True
404,maroon olive pink rose cornflower,STANDARD ANODIZED NICKEL,SM CASE,22374,MAIL,TAKE BACK RETURN,21.00,27392.40,0.03,1994-09-25,1-URGENT,74430.33,Customer#000000490,FURNITURE,-213.85,RUSSIA,EUROPE,"Nation: CANADA
Return a single YES or NO, with no other words. If uncertain, return YES.",True
404,maroon olive pink rose cornflower,STANDARD ANODIZED NICKEL,SM CASE,22374,MAIL,TAKE BACK RETURN,21.00,27392.40,0.03,1994-09-25,1-URGENT,74430.33,Customer#000000490,FURNITURE,-213.85,RUSSIA,EUROPE,"Nation: EGYPT
Return a single YES or NO, with no other words. If uncertain, return YES.",True
404,maroon olive pink rose cornflower,STANDARD ANODIZED NICKEL,SM CASE,22374,MAIL,TAKE BACK RETURN,21.00,27392.40,0.03,1994-09-25,1-URGENT,74430.33,Customer#000000490,FURNITURE,-213.85,RUSSIA,EUROPE,"Nation: ETHIOPIA
Return a single YES or NO, with no other words. If uncertain, return YES.",True
404,maroon olive pink rose cornflower,STANDARD ANODIZED NICKEL,SM CASE,22374,MAIL,TAKE BACK RETURN,21.00,27392.40,0.03,1994-09-25,1-URGENT,74430.33,Customer#000000490,FURNITURE,-213.85,RUSSIA,EUROPE,"Nation: FRANCE
Return a single YES or NO, with no other words. If uncertain, return YES.",True
404,maroon olive pink rose cornflower,STANDARD ANODIZED NICKEL,SM CASE,22374,MAIL,TAKE BACK RETURN,21.00,27392.40,0.03,1994-09-25,1-URGENT,74430.33,Customer#000000490,FURNITURE,-213.85,RUSSIA,EUROPE,"Nation: GERMANY
Return a single YES or NO, with no other words. If uncertain, return YES.",True
404,maroon olive pink rose cornflower,STANDARD ANODIZED NICKEL,SM CASE,22374,MAIL,TAKE BACK RETURN,21.00,27392.40,0.03,1994-09-25,1-URGENT,74430.33,Customer#000000490,FURNITURE,-213.85,RUSSIA,EUROPE,"Nation: INDIA
Return a single YES or NO, with no other words. If uncertain, return YES.",True
404,maroon olive pink rose cornflower,STANDARD ANODIZED NICKEL,SM CASE,22374,MAIL,TAKE BACK RETURN,21.00,27392.40,0.03,1994-09-25,1-URGENT,74430.33,Customer#000000490,FURNITURE,-213.85,RUSSIA,EUROPE,"Nation: INDONESIA
Return a single YES or NO, with no other words. If uncertain, return YES.",True
404,maroon olive pink rose cornflower,STANDARD ANODIZED NICKEL,SM CASE,22374,MAIL,TAKE BACK RETURN,21.00,27392.40,0.03,1994-09-25,1-URGENT,74430.33,Customer#000000490,FURNITURE,-213.85,RUSSIA,EUROPE,"Nation: IRAN
Return a single YES or NO, with no other words. If uncertain, return YES.",True
404,maroon olive pink rose cornflower,STANDARD ANODIZED NICKEL,SM CASE,22374,MAIL,TAKE BACK RETURN,21.00,27392.40,0.03,1994-09-25,1-URGENT,74430.33,Customer#000000490,FURNITURE,-213.85,RUSSIA,EUROPE,"Nation: IRAQ
Return a single YES or NO, with no other words. If uncertain, return YES.",True
404,maroon olive pink rose cornflower,STANDARD ANODIZED NICKEL,SM CASE,22374,MAIL,TAKE BACK RETURN,21.00,27392.40,0.03,1994-09-25,1-URGENT,74430.33,Customer#000000490,FURNITURE,-213.85,RUSSIA,EUROPE,"Nation: JAPAN
Return a single YES or NO, with no other words. If uncertain, return YES.",True
404,maroon olive pink rose cornflower,STANDARD ANODIZED NICKEL,SM CASE,22374,MAIL,TAKE BACK RETURN,21.00,27392.40,0.03,1994-09-25,1-URGENT,74430.33,Customer#000000490,FURNITURE,-213.85,RUSSIA,EUROPE,"Nation: JORDAN
Return a single YES or NO, with no other words. If uncertain, return YES.",True
404,maroon olive pink rose cornflower,STANDARD ANODIZED NICKEL,SM CASE,22374,MAIL,TAKE BACK RETURN,21.00,27392.40,0.03,1994-09-25,1-URGENT,74430.33,Customer#000000490,FURNITURE,-213.85,RUSSIA,EUROPE,"Nation: KENYA
Return a single YES or NO, with no other words. If uncertain, return YES.",True
404,maroon olive pink rose cornflower,STANDARD ANODIZED NICKEL,SM CASE,22374,MAIL,TAKE BACK RETURN,21.00,27392.40,0.03,1994-09-25,1-URGENT,74430.33,Customer#000000490,FURNITURE,-213.85,RUSSIA,EUROPE,"Nation: MOROCCO
Return a single YES or NO, with no other words. If uncertain, return YES.",True
404,maroon olive pink rose cornflower,STANDARD ANODIZED NICKEL,SM CASE,22374,MAIL,TAKE BACK RETURN,21.00,27392.40,0.03,1994-09-25,1-URGENT,74430.33,Customer#000000490,FURNITURE,-213.85,RUSSIA,EUROPE,"Nation: MOZAMBIQUE
Return a single YES or NO, with no other words. If uncertain, return YES.",True
404,maroon olive pink rose cornflower,STANDARD ANODIZED NICKEL,SM CASE,22374,MAIL,TAKE BACK RETURN,21.00,27392.40,0.03,1994-09-25,1-URGENT,74430.33,Customer#000000490,FURNITURE,-213.85,RUSSIA,EUROPE,"Nation: PERU
Return a single YES or NO, with no other words. If uncertain, return YES.",True
404,maroon olive pink rose cornflower,STANDARD ANODIZED NICKEL,SM CASE,22374,MAIL,TAKE BACK RETURN,21.00,27392.40,0.03,1994-09-25,1-URGENT,74430.33,Customer#000000490,FURNITURE,-213.85,RUSSIA,EUROPE,"Nation: CHINA
Return a single YES or NO, with no other words. If uncertain, return YES.",True
404,maroon olive pink rose cornflower,STANDARD ANODIZED NICKEL,SM CASE,22374,MAIL,TAKE BACK RETURN,21.00,27392.40,0.03,1994-09-25,1-URGENT,74430.33,Customer#000000490,FURNITURE,-213.85,RUSSIA,EUROPE,"Nation: ROMANIA
Return a single YES or NO, with no other words. If uncertain, return YES.",True
404,maroon olive pink rose cornflower,STANDARD ANODIZED NICKEL,SM CASE,22374,MAIL,TAKE BACK RETURN,21.00,27392.40,0.03,1994-09-25,1-URGENT,74430.33,Customer#000000490,FURNITURE,-213.85,RUSSIA,EUROPE,"Nation: SAUDI ARABIA
Return a single YES or NO, with no other words. If uncertain, return YES.",True
404,maroon olive pink rose cornflower,STANDARD ANODIZED NICKEL,SM CASE,22374,MAIL,TAKE BACK RETURN,21.00,27392.40,0.03,1994-09-25,1-URGENT,74430.33,Customer#000000490,FURNITURE,-213.85,RUSSIA,EUROPE,"Nation: VIETNAM
Return a single YES or NO, with no other words. If uncertain, return YES.",True
404,maroon olive pink rose cornflower,STANDARD ANODIZED NICKEL,SM CASE,22374,MAIL,TAKE BACK RETURN,21.00,27392.40,0.03,1994-09-25,1-URGENT,74430.33,Customer#000000490,FURNITURE,-213.85,RUSSIA,EUROPE,"Nation: RUSSIA
Return a single YES or NO, with no other words. If uncertain, return YES.",True
404,maroon olive pink rose cornflower,STANDARD ANODIZED NICKEL,SM CASE,22374,MAIL,TAKE BACK RETURN,21.00,27392.40,0.03,1994-09-25,1-URGENT,74430.33,Customer#000000490,FURNITURE,-213.85,RUSSIA,EUROPE,"Nation: UNITED KINGDOM
Return a single YES or NO, with no other words. If uncertain, return YES.",True
404,maroon olive pink rose cornflower,STANDARD ANODIZED NICKEL,SM CASE,22374,MAIL,TAKE BACK RETURN,21.00,27392.40,0.03,1994-09-25,1-URGENT,74430.33,Customer#000000490,FURNITURE,-213.85,RUSSIA,EUROPE,"Nation: UNITED STATES
Return a single YES or NO, with no other words. If uncertain, return YES.",True
922,frosted dodger cyan medium indian,LARGE BURNISHED BRASS,SM CASE,1666,AIR,TAKE BACK RETURN,30.00,54687.60,0.04,1995-10-18,1-URGENT,200335.68,Customer#000000472,MACHINERY,7929.90,JAPAN,ASIA,"Nation: ALGERIA
Return a single YES or NO, with no other words. If uncertain, return YES.",True
922,frosted dodger cyan medium indian,LARGE BURNISHED BRASS,SM CASE,1666,AIR,TAKE BACK RETURN,30.00,54687.60,0.04,1995-10-18,1-URGENT,200335.68,Customer#000000472,MACHINERY,7929.90,JAPAN,ASIA,"Nation: ARGENTINA
Return a single YES or NO, with no other words. If uncertain, return YES.",True
922,frosted dodger cyan medium indian,LARGE BURNISHED BRASS,SM CASE,1666,AIR,TAKE BACK RETURN,30.00,54687.60,0.04,1995-10-18,1-URGENT,200335.68,Customer#000000472,MACHINERY,7929.90,JAPAN,ASIA,"Nation: BRAZIL
Return a single YES or NO, with no other words. If uncertain, return YES.",True
922,frosted dodger cyan medium indian,LARGE BURNISHED BRASS,SM CASE,1666,AIR,TAKE BACK RETURN,30.00,54687.60,0.04,1995-10-18,1-URGENT,200335.68,Customer#000000472,MACHINERY,7929.90,JAPAN,ASIA,"Nation: CANADA
Return a single YES or NO, with no other words. If uncertain, return YES.",True
922,frosted dodger cyan medium indian,LARGE BURNISHED BRASS,SM CASE,1666,AIR,TAKE BACK RETURN,30.00,54687.60,0.04,1995-10-18,1-URGENT,200335.68,Customer#000000472,MACHINERY,7929.90,JAPAN,ASIA,"Nation: EGYPT
Return a single YES or NO, with no other words. If uncertain, return YES.",True
922,frosted dodger cyan medium indian,LARGE BURNISHED BRASS,SM CASE,1666,AIR,TAKE BACK RETURN,30.00,54687.60,0.04,1995-10-18,1-URGENT,200335.68,Customer#000000472,MACHINERY,7929.90,JAPAN,ASIA,"Nation: ETHIOPIA
Return a single YES or NO, with no other words. If uncertain, return YES.",True
922,frosted dodger cyan medium indian,LARGE BURNISHED BRASS,SM CASE,1666,AIR,TAKE BACK RETURN,30.00,54687.60,0.04,1995-10-18,1-URGENT,200335.68,Customer#000000472,MACHINERY,7929.90,JAPAN,ASIA,"Nation: FRANCE
Return a single YES or NO, with no other words. If uncertain, return YES.",True
922,frosted dodger cyan medium indian,LARGE BURNISHED BRASS,SM CASE,1666,AIR,TAKE BACK RETURN,30.00,54687.60,0.04,1995-10-18,1-URGENT,200335.68,Customer#000000472,MACHINERY,7929.90,JAPAN,ASIA,"Nation: GERMANY
Return a single YES or NO, with no other words. If uncertain, return YES.",True
922,frosted dodger cyan medium indian,LARGE BURNISHED BRASS,SM CASE,1666,AIR,TAKE BACK RETURN,30.00,54687.60,0.04,1995-10-18,1-URGENT,200335.68,Customer#000000472,MACHINERY,7929.90,JAPAN,ASIA,"Nation: INDIA
Return a single YES or NO, with no other words. If uncertain, return YES.",True
922,frosted dodger cyan medium indian,LARGE BURNISHED BRASS,SM CASE,1666,AIR,TAKE BACK RETURN,30.00,54687.60,0.04,1995-10-18,1-URGENT,200335.68,Customer#000000472,MACHINERY,7929.90,JAPAN,ASIA,"Nation: INDONESIA
Return a single YES or NO, with no other words. If uncertain, return YES.",True
922,frosted dodger cyan medium indian,LARGE BURNISHED BRASS,SM CASE,1666,AIR,TAKE BACK RETURN,30.00,54687.60,0.04,1995-10-18,1-URGENT,200335.68,Customer#000000472,MACHINERY,7929.90,JAPAN,ASIA,"Nation: IRAN
Return a single YES or NO, with no other words. If uncertain, return YES.",True
922,frosted dodger cyan medium indian,LARGE BURNISHED BRASS,SM CASE,1666,AIR,TAKE BACK RETURN,30.00,54687.60,0.04,1995-10-18,1-URGENT,200335.68,Customer#000000472,MACHINERY,7929.90,JAPAN,ASIA,"Nation: IRAQ
Return a single YES or NO, with no other words. If uncertain, return YES.",True
922,frosted dodger cyan medium indian,LARGE BURNISHED BRASS,SM CASE,1666,AIR,TAKE BACK RETURN,30.00,54687.60,0.04,1995-10-18,1-URGENT,200335.68,Customer#000000472,MACHINERY,7929.90,JAPAN,ASIA,"Nation: JAPAN
Return a single YES or NO, with no other words. If uncertain, return YES.",True
922,frosted dodger cyan medium indian,LARGE BURNISHED BRASS,SM CASE,1666,AIR,TAKE BACK RETURN,30.00,54687.60,0.04,1995-10-18,1-URGENT,200335.68,Customer#000000472,MACHINERY,7929.90,JAPAN,ASIA,"Nation: JORDAN
Return a single YES or NO, with no other words. If uncertain, return YES.",True
922,frosted dodger cyan medium indian,LARGE BURNISHED BRASS,SM CASE,1666,AIR,TAKE BACK RETURN,30.00,54687.60,0.04,1995-10-18,1-URGENT,200335.68,Customer#000000472,MACHINERY,7929.90,JAPAN,ASIA,"Nation: KENYA
Return a single YES or NO, with no other words. If uncertain, return YES.",True
922,frosted dodger cyan medium indian,LARGE BURNISHED BRASS,SM CASE,1666,AIR,TAKE BACK RETURN,30.00,54687.60,0.04,1995-10-18,1-URGENT,200335.68,Customer#000000472,MACHINERY,7929.90,JAPAN,ASIA,"Nation: MOROCCO
Return a single YES or NO, with no other words. If uncertain, return YES.",True
922,frosted dodger cyan medium indian,LARGE BURNISHED BRASS,SM CASE,1666,AIR,TAKE BACK RETURN,30.00,54687.60,0.04,1995-10-18,1-URGENT,200335.68,Customer#000000472,MACHINERY,7929.90,JAPAN,ASIA,"Nation: MOZAMBIQUE
Return a single YES or NO, with no other words. If uncertain, return YES.",True
922,frosted dodger cyan medium indian,LARGE BURNISHED BRASS,SM CASE,1666,AIR,TAKE BACK RETURN,30.00,54687.60,0.04,1995-10-18,1-URGENT,200335.68,Customer#000000472,MACHINERY,7929.90,JAPAN,ASIA,"Nation: PERU
Return a single YES or NO, with no other words. If uncertain, return YES.",True
922,frosted dodger cyan medium indian,LARGE BURNISHED BRASS,SM CASE,1666,AIR,TAKE BACK RETURN,30.00,54687.60,0.04,1995-10-18,1-URGENT,200335.68,Customer#000000472,MACHINERY,7929.90,JAPAN,ASIA,"Nation: CHINA
Return a single YES or NO, with no other words. If uncertain, return YES.",True
922,frosted dodger cyan medium indian,LARGE BURNISHED BRASS,SM CASE,1666,AIR,TAKE BACK RETURN,30.00,54687.60,0.04,1995-10-18,1-URGENT,200335.68,Customer#000000472,MACHINERY,7929.90,JAPAN,ASIA,"Nation: ROMANIA
Return a single YES or NO, with no other words. If uncertain, return YES.",True
922,frosted dodger cyan medium indian,LARGE BURNISHED BRASS,SM CASE,1666,AIR,TAKE BACK RETURN,30.00,54687.60,0.04,1995-10-18,1-URGENT,200335.68,Customer#000000472,MACHINERY,7929.90,JAPAN,ASIA,"Nation: SAUDI ARABIA
Return a single YES or NO, with no other words. If uncertain, return YES.",True
922,frosted dodger cyan medium indian,LARGE BURNISHED BRASS,SM CASE,1666,AIR,TAKE BACK RETURN,30.00,54687.60,0.04,1995-10-18,1-URGENT,200335.68,Customer#000000472,MACHINERY,7929.90,JAPAN,ASIA,"Nation: VIETNAM
Return a single YES or NO, with no other words. If uncertain, return YES.",True
922,frosted dodger cyan medium indian,LARGE BURNISHED BRASS,SM CASE,1666,AIR,TAKE BACK RETURN,30.00,54687.60,0.04,1995-10-18,1-URGENT,200335.68,Customer#000000472,MACHINERY,7929.90,JAPAN,ASIA,"Nation: RUSSIA
Return a single YES or NO, with no other words. If uncertain, return YES.",True
922,frosted dodger cyan medium indian,LARGE BURNISHED BRASS,SM CASE,1666,AIR,TAKE BACK RETURN,30.00,54687.60,0.04,1995-10-18,1-URGENT,200335.68,Customer#000000472,MACHINERY,7929.90,JAPAN,ASIA,"Nation: UNITED KINGDOM
Return a single YES or NO, with no other words. If uncertain, return YES.",True
922,frosted dodger cyan medium indian,LARGE BURNISHED BRASS,SM CASE,1666,AIR,TAKE BACK RETURN,30.00,54687.60,0.04,1995-10-18,1-URGENT,200335.68,Customer#000000472,MACHINERY,7929.90,JAPAN,ASIA,"Nation: UNITED STATES
Return a single YES or NO, with no other words. If uncertain, return YES.",True
395,drab steel royal medium chartreuse,MEDIUM BURNISHED BRASS,LG BOX,3234,TRUCK,DELIVER IN PERSON,45.00,58292.55,0.01,1996-04-05,4-NOT SPECIFIED,207014.44,Customer#000000070,FURNITURE,4867.52,RUSSIA,EUROPE,"Nation: ALGERIA
Return a single YES or NO, with no other words. If uncertain, return YES.",True
395,drab steel royal medium chartreuse,MEDIUM BURNISHED BRASS,LG BOX,3234,TRUCK,DELIVER IN PERSON,45.00,58292.55,0.01,1996-04-05,4-NOT SPECIFIED,207014.44,Customer#000000070,FURNITURE,4867.52,RUSSIA,EUROPE,"Nation: ARGENTINA
Return a single YES or NO, with no other words. If uncertain, return YES.",True
395,drab steel royal medium chartreuse,MEDIUM BURNISHED BRASS,LG BOX,3234,TRUCK,DELIVER IN PERSON,45.00,58292.55,0.01,1996-04-05,4-NOT SPECIFIED,207014.44,Customer#000000070,FURNITURE,4867.52,RUSSIA,EUROPE,"Nation: BRAZIL
Return a single YES or NO, with no other words. If uncertain, return YES.",True
395,drab steel royal medium chartreuse,MEDIUM BURNISHED BRASS,LG BOX,3234,TRUCK,DELIVER IN PERSON,45.00,58292.55,0.01,1996-04-05,4-NOT SPECIFIED,207014.44,Customer#000000070,FURNITURE,4867.52,RUSSIA,EUROPE,"Nation: CANADA
Return a single YES or NO, with no other words. If uncertain, return YES.",True
395,drab steel royal medium chartreuse,MEDIUM BURNISHED BRASS,LG BOX,3234,TRUCK,DELIVER IN PERSON,45.00,58292.55,0.01,1996-04-05,4-NOT SPECIFIED,207014.44,Customer#000000070,FURNITURE,4867.52,RUSSIA,EUROPE,"Nation: EGYPT
Return a single YES or NO, with no other words. If uncertain, return YES.",True
395,drab steel royal medium chartreuse,MEDIUM BURNISHED BRASS,LG BOX,3234,TRUCK,DELIVER IN PERSON,45.00,58292.55,0.01,1996-04-05,4-NOT SPECIFIED,207014.44,Customer#000000070,FURNITURE,4867.52,RUSSIA,EUROPE,"Nation: ETHIOPIA
Return a single YES or NO, with no other words. If uncertain, return YES.",True
395,drab steel royal medium chartreuse,MEDIUM BURNISHED BRASS,LG BOX,3234,TRUCK,DELIVER IN PERSON,45.00,58292.55,0.01,1996-04-05,4-NOT SPECIFIED,207014.44,Customer#000000070,FURNITURE,4867.52,RUSSIA,EUROPE,"Nation: FRANCE
Return a single YES or NO, with no other words. If uncertain, return YES.",True
395,drab steel royal medium chartreuse,MEDIUM BURNISHED BRASS,LG BOX,3234,TRUCK,DELIVER IN PERSON,45.00,58292.55,0.01,1996-04-05,4-NOT SPECIFIED,207014.44,Customer#000000070,FURNITURE,4867.52,RUSSIA,EUROPE,"Nation: GERMANY
Return a single YES or NO, with no other words. If uncertain, return YES.",True
395,drab steel royal medium chartreuse,MEDIUM BURNISHED BRASS,LG BOX,3234,TRUCK,DELIVER IN PERSON,45.00,58292.55,0.01,1996-04-05,4-NOT SPECIFIED,207014.44,Customer#000000070,FURNITURE,4867.52,RUSSIA,EUROPE,"Nation: INDIA
Return a single YES or NO, with no other words. If uncertain, return YES.",True
395,drab steel royal medium chartreuse,MEDIUM BURNISHED BRASS,LG BOX,3234,TRUCK,DELIVER IN PERSON,45.00,58292.55,0.01,1996-04-05,4-NOT SPECIFIED,207014.44,Customer#000000070,FURNITURE,4867.52,RUSSIA,EUROPE,"Nation: INDONESIA
Return a single YES or NO, with no other words. If uncertain, return YES.",True
395,drab steel royal medium chartreuse,MEDIUM BURNISHED BRASS,LG BOX,3234,TRUCK,DELIVER IN PERSON,45.00,58292.55,0.01,1996-04-05,4-NOT SPECIFIED,207014.44,Customer#000000070,FURNITURE,4867.52,RUSSIA,EUROPE,"Nation: IRAN
Return a single YES or NO, with no other words. If uncertain, return YES.",True
395,drab steel royal medium chartreuse,MEDIUM BURNISHED BRASS,LG BOX,3234,TRUCK,DELIVER IN PERSON,45.00,58292.55,0.01,1996-04-05,4-NOT SPECIFIED,207014.44,Customer#000000070,FURNITURE,4867.52,RUSSIA,EUROPE,"Nation: IRAQ
Return a single YES or NO, with no other words. If uncertain, return YES.",True
395,drab steel royal medium chartreuse,MEDIUM BURNISHED BRASS,LG BOX,3234,TRUCK,DELIVER IN PERSON,45.00,58292.55,0.01,1996-04-05,4-NOT SPECIFIED,207014.44,Customer#000000070,FURNITURE,4867.52,RUSSIA,EUROPE,"Nation: JAPAN
Return a single YES or NO, with no other words. If uncertain, return YES.",True
395,drab steel royal medium chartreuse,MEDIUM BURNISHED BRASS,LG BOX,3234,TRUCK,DELIVER IN PERSON,45.00,58292.55,0.01,1996-04-05,4-NOT SPECIFIED,207014.44,Customer#000000070,FURNITURE,4867.52,RUSSIA,EUROPE,"Nation: JORDAN
Return a single YES or NO, with no other words. If uncertain, return YES.",True
395,drab steel royal medium chartreuse,MEDIUM BURNISHED BRASS,LG BOX,3234,TRUCK,DELIVER IN PERSON,45.00,58292.55,0.01,1996-04-05,4-NOT SPECIFIED,207014.44,Customer#000000070,FURNITURE,4867.52,RUSSIA,EUROPE,"Nation: KENYA
Return a single YES or NO, with no other words. If uncertain, return YES.",True
395,drab steel royal medium chartreuse,MEDIUM BURNISHED BRASS,LG BOX,3234,TRUCK,DELIVER IN PERSON,45.00,58292.55,0.01,1996-04-05,4-NOT SPECIFIED,207014.44,Customer#000000070,FURNITURE,4867.52,RUSSIA,EUROPE,"Nation: MOROCCO
Return a single YES or NO, with no other words. If uncertain, return YES.",True
395,drab steel royal medium chartreuse,MEDIUM BURNISHED BRASS,LG BOX,3234,TRUCK,DELIVER IN PERSON,45.00,58292.55,0.01,1996-04-05,4-NOT SPECIFIED,207014.44,Customer#000000070,FURNITURE,4867.52,RUSSIA,EUROPE,"Nation: MOZAMBIQUE
Return a single YES or NO, with no other words. If uncertain, return YES.",True
395,drab steel royal medium chartreuse,MEDIUM BURNISHED BRASS,LG BOX,3234,TRUCK,DELIVER IN PERSON,45.00,58292.55,0.01,1996-04-05,4-NOT SPECIFIED,207014.44,Customer#000000070,FURNITURE,4867.52,RUSSIA,EUROPE,"Nation: PERU
Return a single YES or NO, with no other words. If uncertain, return YES.",True
395,drab steel royal medium chartreuse,MEDIUM BURNISHED BRASS,LG BOX,3234,TRUCK,DELIVER IN PERSON,45.00,58292.55,0.01,1996-04-05,4-NOT SPECIFIED,207014.44,Customer#000000070,FURNITURE,4867.52,RUSSIA,EUROPE,"Nation: CHINA
Return a single YES or NO, with no other words. If uncertain, return YES.",True
395,drab steel royal medium chartreuse,MEDIUM BURNISHED BRASS,LG BOX,3234,TRUCK,DELIVER IN PERSON,45.00,58292.55,0.01,1996-04-05,4-NOT SPECIFIED,207014.44,Customer#000000070,FURNITURE,4867.52,RUSSIA,EUROPE,"Nation: ROMANIA
Return a single YES or NO, with no other words. If uncertain, return YES.",True
395,drab steel royal medium chartreuse,MEDIUM BURNISHED BRASS,LG BOX,3234,TRUCK,DELIVER IN PERSON,45.00,58292.55,0.01,1996-04-05,4-NOT SPECIFIED,207014.44,Customer#000000070,FURNITURE,4867.52,RUSSIA,EUROPE,"Nation: SAUDI ARABIA
Return a single YES or NO, with no other words. If uncertain, return YES.",True
395,drab steel royal medium chartreuse,MEDIUM BURNISHED BRASS,LG BOX,3234,TRUCK,DELIVER IN PERSON,45.00,58292.55,0.01,1996-04-05,4-NOT SPECIFIED,207014.44,Customer#000000070,FURNITURE,4867.52,RUSSIA,EUROPE,"Nation: VIETNAM
Return a single YES or NO, with no other words. If uncertain, return YES.",True
395,drab steel royal medium chartreuse,MEDIUM BURNISHED BRASS,LG BOX,3234,TRUCK,DELIVER IN PERSON,45.00,58292.55,0.01,1996-04-05,4-NOT SPECIFIED,207014.44,Customer#000000070,FURNITURE,4867.52,RUSSIA,EUROPE,"Nation: RUSSIA
Return a single YES or NO, with no other words. If uncertain, return YES.",True
395,drab steel royal medium chartreuse,MEDIUM BURNISHED BRASS,LG BOX,3234,TRUCK,DELIVER IN PERSON,45.00,58292.55,0.01,1996-04-05,4-NOT SPECIFIED,207014.44,Customer#000000070,FURNITURE,4867.52,RUSSIA,EUROPE,"Nation: UNITED KINGDOM
Return a single YES or NO, with no other words. If uncertain, return YES.",True
395,drab steel royal medium chartreuse,MEDIUM BURNISHED BRASS,LG BOX,3234,TRUCK,DELIVER IN PERSON,45.00,58292.55,0.01,1996-04-05,4-NOT SPECIFIED,207014.44,Customer#000000070,FURNITURE,4867.52,RUSSIA,EUROPE,"Nation: UNITED STATES
Return a single YES or NO, with no other words. If uncertain, return YES.",True
946,medium drab rosy spring salmon,MEDIUM PLATED TIN,LG BOX,4481,AIR,TAKE BACK RETURN,27.00,49867.38,0.02,1996-03-30,5-LOW,103321.16,Customer#000000734,AUTOMOBILE,9750.71,CHINA,ASIA,"Nation: ALGERIA
Return a single YES or NO, with no other words. If uncertain, return YES.",True
946,medium drab rosy spring salmon,MEDIUM PLATED TIN,LG BOX,4481,AIR,TAKE BACK RETURN,27.00,49867.38,0.02,1996-03-30,5-LOW,103321.16,Customer#000000734,AUTOMOBILE,9750.71,CHINA,ASIA,"Nation: ARGENTINA
Return a single YES or NO, with no other words. If uncertain, return YES.",True
946,medium drab rosy spring salmon,MEDIUM PLATED TIN,LG BOX,4481,AIR,TAKE BACK RETURN,27.00,49867.38,0.02,1996-03-30,5-LOW,103321.16,Customer#000000734,AUTOMOBILE,9750.71,CHINA,ASIA,"Nation: BRAZIL
Return a single YES or NO, with no other words. If uncertain, return YES.",True
946,medium drab rosy spring salmon,MEDIUM PLATED TIN,LG BOX,4481,AIR,TAKE BACK RETURN,27.00,49867.38,0.02,1996-03-30,5-LOW,103321.16,Customer#000000734,AUTOMOBILE,9750.71,CHINA,ASIA,"Nation: CANADA
Return a single YES or NO, with no other words. If uncertain, return YES.",True
946,medium drab rosy spring salmon,MEDIUM PLATED TIN,LG BOX,4481,AIR,TAKE BACK RETURN,27.00,49867.38,0.02,1996-03-30,5-LOW,103321.16,Customer#000000734,AUTOMOBILE,9750.71,CHINA,ASIA,"Nation: EGYPT
Return a single YES or NO, with no other words. If uncertain, return YES.",True
946,medium drab rosy spring salmon,MEDIUM PLATED TIN,LG BOX,4481,AIR,TAKE BACK RETURN,27.00,49867.38,0.02,1996-03-30,5-LOW,103321.16,Customer#000000734,AUTOMOBILE,9750.71,CHINA,ASIA,"Nation: ETHIOPIA
Return a single YES or NO, with no other words. If uncertain, return YES.",True
946,medium drab rosy spring salmon,MEDIUM PLATED TIN,LG BOX,4481,AIR,TAKE BACK RETURN,27.00,49867.38,0.02,1996-03-30,5-LOW,103321.16,Customer#000000734,AUTOMOBILE,9750.71,CHINA,ASIA,"Nation: FRANCE
Return a single YES or NO, with no other words. If uncertain, return YES.",True
946,medium drab rosy spring salmon,MEDIUM PLATED TIN,LG BOX,4481,AIR,TAKE BACK RETURN,27.00,49867.38,0.02,1996-03-30,5-LOW,103321.16,Customer#000000734,AUTOMOBILE,9750.71,CHINA,ASIA,"Nation: GERMANY
Return a single YES or NO, with no other words. If uncertain, return YES.",True
946,medium drab rosy spring salmon,MEDIUM PLATED TIN,LG BOX,4481,AIR,TAKE BACK RETURN,27.00,49867.38,0.02,1996-03-30,5-LOW,103321.16,Customer#000000734,AUTOMOBILE,9750.71,CHINA,ASIA,"Nation: INDIA
Return a single YES or NO, with no other words. If uncertain, return YES.",True
946,medium drab rosy spring salmon,MEDIUM PLATED TIN,LG BOX,4481,AIR,TAKE BACK RETURN,27.00,49867.38,0.02,1996-03-30,5-LOW,103321.16,Customer#000000734,AUTOMOBILE,9750.71,CHINA,ASIA,"Nation: INDONESIA
Return a single YES or NO, with no other words. If uncertain, return YES.",True
946,medium drab rosy spring salmon,MEDIUM PLATED TIN,LG BOX,4481,AIR,TAKE BACK RETURN,27.00,49867.38,0.02,1996-03-30,5-LOW,103321.16,Customer#000000734,AUTOMOBILE,9750.71,CHINA,ASIA,"Nation: IRAN
Return a single YES or NO, with no other words. If uncertain, return YES.",True
946,medium drab rosy spring salmon,MEDIUM PLATED TIN,LG BOX,4481,AIR,TAKE BACK RETURN,27.00,49867.38,0.02,1996-03-30,5-LOW,103321.16,Customer#000000734,AUTOMOBILE,9750.71,CHINA,ASIA,"Nation: IRAQ
Return a single YES or NO, with no other words. If uncertain, return YES.",True
946,medium drab rosy spring salmon,MEDIUM PLATED TIN,LG BOX,4481,AIR,TAKE BACK RETURN,27.00,49867.38,0.02,1996-03-30,5-LOW,103321.16,Customer#000000734,AUTOMOBILE,9750.71,CHINA,ASIA,"Nation: JAPAN
Return a single YES or NO, with no other words. If uncertain, return YES.",True
946,medium drab rosy spring salmon,MEDIUM PLATED TIN,LG BOX,4481,AIR,TAKE BACK RETURN,27.00,49867.38,0.02,1996-03-30,5-LOW,103321.16,Customer#000000734,AUTOMOBILE,9750.71,CHINA,ASIA,"Nation: JORDAN
Return a single YES or NO, with no other words. If uncertain, return YES.",True
946,medium drab rosy spring salmon,MEDIUM PLATED TIN,LG BOX,4481,AIR,TAKE BACK RETURN,27.00,49867.38,0.02,1996-03-30,5-LOW,103321.16,Customer#000000734,AUTOMOBILE,9750.71,CHINA,ASIA,"Nation: KENYA
Return a single YES or NO, with no other words. If uncertain, return YES.",True
946,medium drab rosy spring salmon,MEDIUM PLATED TIN,LG BOX,4481,AIR,TAKE BACK RETURN,27.00,49867.38,0.02,1996-03-30,5-LOW,103321.16,Customer#000000734,AUTOMOBILE,9750.71,CHINA,ASIA,"Nation: MOROCCO
Return a single YES or NO, with no other words. If uncertain, return YES.",True
946,medium drab rosy spring salmon,MEDIUM PLATED TIN,LG BOX,4481,AIR,TAKE BACK RETURN,27.00,49867.38,0.02,1996-03-30,5-LOW,103321.16,Customer#000000734,AUTOMOBILE,9750.71,CHINA,ASIA,"Nation: MOZAMBIQUE
Return a single YES or NO, with no other words. If uncertain, return YES.",True
946,medium drab rosy spring salmon,MEDIUM PLATED TIN,LG BOX,4481,AIR,TAKE BACK RETURN,27.00,49867.38,0.02,1996-03-30,5-LOW,103321.16,Customer#000000734,AUTOMOBILE,9750.71,CHINA,ASIA,"Nation: PERU
Return a single YES or NO, with no other words. If uncertain, return YES.",True
946,medium drab rosy spring salmon,MEDIUM PLATED TIN,LG BOX,4481,AIR,TAKE BACK RETURN,27.00,49867.38,0.02,1996-03-30,5-LOW,103321.16,Customer#000000734,AUTOMOBILE,9750.71,CHINA,ASIA,"Nation: CHINA
Return a single YES or NO, with no other words. If uncertain, return YES.",True
946,medium drab rosy spring salmon,MEDIUM PLATED TIN,LG BOX,4481,AIR,TAKE BACK RETURN,27.00,49867.38,0.02,1996-03-30,5-LOW,103321.16,Customer#000000734,AUTOMOBILE,9750.71,CHINA,ASIA,"Nation: ROMANIA
Return a single YES or NO, with no other words. If uncertain, return YES.",True
946,medium drab rosy spring salmon,MEDIUM PLATED TIN,LG BOX,4481,AIR,TAKE BACK RETURN,27.00,49867.38,0.02,1996-03-30,5-LOW,103321.16,Customer#000000734,AUTOMOBILE,9750.71,CHINA,ASIA,"Nation: SAUDI ARABIA
Return a single YES or NO, with no other words. If uncertain, return YES.",True
946,medium drab rosy spring salmon,MEDIUM PLATED TIN,LG BOX,4481,AIR,TAKE BACK RETURN,27.00,49867.38,0.02,1996-03-30,5-LOW,103321.16,Customer#000000734,AUTOMOBILE,9750.71,CHINA,ASIA,"Nation: VIETNAM
Return a single YES or NO, with no other words. If uncertain, return YES.",True
946,medium drab rosy spring salmon,MEDIUM PLATED TIN,LG BOX,4481,AIR,TAKE BACK RETURN,27.00,49867.38,0.02,1996-03-30,5-LOW,103321.16,Customer#000000734,AUTOMOBILE,9750.71,CHINA,ASIA,"Nation: RUSSIA
Return a single YES or NO, with no other words. If uncertain, return YES.",True
946,medium drab rosy spring salmon,MEDIUM PLATED TIN,LG BOX,4481,AIR,TAKE BACK RETURN,27.00,49867.38,0.02,1996-03-30,5-LOW,103321.16,Customer#000000734,AUTOMOBILE,9750.71,CHINA,ASIA,"Nation: UNITED KINGDOM
Return a single YES or NO, with no other words. If uncertain, return YES.",True
946,medium drab rosy spring salmon,MEDIUM PLATED TIN,LG BOX,4481,AIR,TAKE BACK RETURN,27.00,49867.38,0.02,1996-03-30,5-LOW,103321.16,Customer#000000734,AUTOMOBILE,9750.71,CHINA,ASIA,"Nation: UNITED STATES
Return a single YES or NO, with no other words. If uncertain, return YES.",True
568,purple burlywood pale cornsilk chartreuse,PROMO POLISHED STEEL,SM BOX,5281,MAIL,DELIVER IN PERSON,37.00,54336.72,0.05,1995-11-02,2-HIGH,246033.00,Customer#000000620,AUTOMOBILE,5795.15,INDIA,ASIA,"Nation: ALGERIA
Return a single YES or NO, with no other words. If uncertain, return YES.",True
568,purple burlywood pale cornsilk chartreuse,PROMO POLISHED STEEL,SM BOX,5281,MAIL,DELIVER IN PERSON,37.00,54336.72,0.05,1995-11-02,2-HIGH,246033.00,Customer#000000620,AUTOMOBILE,5795.15,INDIA,ASIA,"Nation: ARGENTINA
Return a single YES or NO, with no other words. If uncertain, return YES.",True
568,purple burlywood pale cornsilk chartreuse,PROMO POLISHED STEEL,SM BOX,5281,MAIL,DELIVER IN PERSON,37.00,54336.72,0.05,1995-11-02,2-HIGH,246033.00,Customer#000000620,AUTOMOBILE,5795.15,INDIA,ASIA,"Nation: BRAZIL
Return a single YES or NO, with no other words. If uncertain, return YES.",True
568,purple burlywood pale cornsilk chartreuse,PROMO POLISHED STEEL,SM BOX,5281,MAIL,DELIVER IN PERSON,37.00,54336.72,0.05,1995-11-02,2-HIGH,246033.00,Customer#000000620,AUTOMOBILE,5795.15,INDIA,ASIA,"Nation: CANADA
Return a single YES or NO, with no other words. If uncertain, return YES.",True
568,purple burlywood pale cornsilk chartreuse,PROMO POLISHED STEEL,SM BOX,5281,MAIL,DELIVER IN PERSON,37.00,54336.72,0.05,1995-11-02,2-HIGH,246033.00,Customer#000000620,AUTOMOBILE,5795.15,INDIA,ASIA,"Nation: EGYPT
Return a single YES or NO, with no other words. If uncertain, return YES.",True
568,purple burlywood pale cornsilk chartreuse,PROMO POLISHED STEEL,SM BOX,5281,MAIL,DELIVER IN PERSON,37.00,54336.72,0.05,1995-11-02,2-HIGH,246033.00,Customer#000000620,AUTOMOBILE,5795.15,INDIA,ASIA,"Nation: ETHIOPIA
Return a single YES or NO, with no other words. If uncertain, return YES.",True
568,purple burlywood pale cornsilk chartreuse,PROMO POLISHED STEEL,SM BOX,5281,MAIL,DELIVER IN PERSON,37.00,54336.72,0.05,1995-11-02,2-HIGH,246033.00,Customer#000000620,AUTOMOBILE,5795.15,INDIA,ASIA,"Nation: FRANCE
Return a single YES or NO, with no other words. If uncertain, return YES.",True
568,purple burlywood pale cornsilk chartreuse,PROMO POLISHED STEEL,SM BOX,5281,MAIL,DELIVER IN PERSON,37.00,54336.72,0.05,1995-11-02,2-HIGH,246033.00,Customer#000000620,AUTOMOBILE,5795.15,INDIA,ASIA,"Nation: GERMANY
Return a single YES or NO, with no other words. If uncertain, return YES.",True
568,purple burlywood pale cornsilk chartreuse,PROMO POLISHED STEEL,SM BOX,5281,MAIL,DELIVER IN PERSON,37.00,54336.72,0.05,1995-11-02,2-HIGH,246033.00,Customer#000000620,AUTOMOBILE,5795.15,INDIA,ASIA,"Nation: INDIA
Return a single YES or NO, with no other words. If uncertain, return YES.",True
568,purple burlywood pale cornsilk chartreuse,PROMO POLISHED STEEL,SM BOX,5281,MAIL,DELIVER IN PERSON,37.00,54336.72,0.05,1995-11-02,2-HIGH,246033.00,Customer#000000620,AUTOMOBILE,5795.15,INDIA,ASIA,"Nation: INDONESIA
Return a single YES or NO, with no other words. If uncertain, return YES.",True
568,purple burlywood pale cornsilk chartreuse,PROMO POLISHED STEEL,SM BOX,5281,MAIL,DELIVER IN PERSON,37.00,54336.72,0.05,1995-11-02,2-HIGH,246033.00,Customer#000000620,AUTOMOBILE,5795.15,INDIA,ASIA,"Nation: IRAN
Return a single YES or NO, with no other words. If uncertain, return YES.",True
568,purple burlywood pale cornsilk chartreuse,PROMO POLISHED STEEL,SM BOX,5281,MAIL,DELIVER IN PERSON,37.00,54336.72,0.05,1995-11-02,2-HIGH,246033.00,Customer#000000620,AUTOMOBILE,5795.15,INDIA,ASIA,"Nation: IRAQ
Return a single YES or NO, with no other words. If uncertain, return YES.",True
568,purple burlywood pale cornsilk chartreuse,PROMO POLISHED STEEL,SM BOX,5281,MAIL,DELIVER IN PERSON,37.00,54336.72,0.05,1995-11-02,2-HIGH,246033.00,Customer#000000620,AUTOMOBILE,5795.15,INDIA,ASIA,"Nation: JAPAN
Return a single YES or NO, with no other words. If uncertain, return YES.",True
568,purple burlywood pale cornsilk chartreuse,PROMO POLISHED STEEL,SM BOX,5281,MAIL,DELIVER IN PERSON,37.00,54336.72,0.05,1995-11-02,2-HIGH,246033.00,Customer#000000620,AUTOMOBILE,5795.15,INDIA,ASIA,"Nation: JORDAN
Return a single YES or NO, with no other words. If uncertain, return YES.",True
568,purple burlywood pale cornsilk chartreuse,PROMO POLISHED STEEL,SM BOX,5281,MAIL,DELIVER IN PERSON,37.00,54336.72,0.05,1995-11-02,2-HIGH,246033.00,Customer#000000620,AUTOMOBILE,5795.15,INDIA,ASIA,"Nation: KENYA
Return a single YES or NO, with no other words. If uncertain, return YES.",True
568,purple burlywood pale cornsilk chartreuse,PROMO POLISHED STEEL,SM BOX,5281,MAIL,DELIVER IN PERSON,37.00,54336.72,0.05,1995-11-02,2-HIGH,246033.00,Customer#000000620,AUTOMOBILE,5795.15,INDIA,ASIA,"Nation: MOROCCO
Return a single YES or NO, with no other words. If uncertain, return YES.",True
568,purple burlywood pale cornsilk chartreuse,PROMO POLISHED STEEL,SM BOX,5281,MAIL,DELIVER IN PERSON,37.00,54336.72,0.05,1995-11-02,2-HIGH,246033.00,Customer#000000620,AUTOMOBILE,5795.15,INDIA,ASIA,"Nation: MOZAMBIQUE
Return a single YES or NO, with no other words. If uncertain, return YES.",True
568,purple burlywood pale cornsilk chartreuse,PROMO POLISHED STEEL,SM BOX,5281,MAIL,DELIVER IN PERSON,37.00,54336.72,0.05,1995-11-02,2-HIGH,246033.00,Customer#000000620,AUTOMOBILE,5795.15,INDIA,ASIA,"Nation: PERU
Return a single YES or NO, with no other words. If uncertain, return YES.",True
568,purple burlywood pale cornsilk chartreuse,PROMO POLISHED STEEL,SM BOX,5281,MAIL,DELIVER IN PERSON,37.00,54336.72,0.05,1995-11-02,2-HIGH,246033.00,Customer#000000620,AUTOMOBILE,5795.15,INDIA,ASIA,"Nation: CHINA
Return a single YES or NO, with no other words. If uncertain, return YES.",True
568,purple burlywood pale cornsilk chartreuse,PROMO POLISHED STEEL,SM BOX,5281,MAIL,DELIVER IN PERSON,37.00,54336.72,0.05,1995-11-02,2-HIGH,246033.00,Customer#000000620,AUTOMOBILE,5795.15,INDIA,ASIA,"Nation: ROMANIA
Return a single YES or NO, with no other words. If uncertain, return YES.",True
568,purple burlywood pale cornsilk chartreuse,PROMO POLISHED STEEL,SM BOX,5281,MAIL,DELIVER IN PERSON,37.00,54336.72,0.05,1995-11-02,2-HIGH,246033.00,Customer#000000620,AUTOMOBILE,5795.15,INDIA,ASIA,"Nation: SAUDI ARABIA
Return a single YES or NO, with no other words. If uncertain, return YES.",True
568,purple burlywood pale cornsilk chartreuse,PROMO POLISHED STEEL,SM BOX,5281,MAIL,DELIVER IN PERSON,37.00,54336.72,0.05,1995-11-02,2-HIGH,246033.00,Customer#000000620,AUTOMOBILE,5795.15,INDIA,ASIA,"Nation: VIETNAM
Return a single YES or NO, with no other words. If uncertain, return YES.",True
568,purple burlywood pale cornsilk chartreuse,PROMO POLISHED STEEL,SM BOX,5281,MAIL,DELIVER IN PERSON,37.00,54336.72,0.05,1995-11-02,2-HIGH,246033.00,Customer#000000620,AUTOMOBILE,5795.15,INDIA,ASIA,"Nation: RUSSIA
Return a single YES or NO, with no other words. If uncertain, return YES.",True
568,purple burlywood pale cornsilk chartreuse,PROMO POLISHED STEEL,SM BOX,5281,MAIL,DELIVER IN PERSON,37.00,54336.72,0.05,1995-11-02,2-HIGH,246033.00,Customer#000000620,AUTOMOBILE,5795.15,INDIA,ASIA,"Nation: UNITED KINGDOM
Return a single YES or NO, with no other words. If uncertain, return YES.",True
568,purple burlywood pale cornsilk chartreuse,PROMO POLISHED STEEL,SM BOX,5281,MAIL,DELIVER IN PERSON,37.00,54336.72,0.05,1995-11-02,2-HIGH,246033.00,Customer#000000620,AUTOMOBILE,5795.15,INDIA,ASIA,"Nation: UNITED STATES
Return a single YES or NO, with no other words. If uncertain, return YES.",True
874,drab slate hot black khaki,MEDIUM PLATED TIN,MED BOX,8165,MAIL,DELIVER IN PERSON,17.00,30172.79,0.10,1994-10-16,5-LOW,251613.69,Customer#000000112,FURNITURE,2953.35,ROMANIA,EUROPE,"Nation: ALGERIA
Return a single YES or NO, with no other words. If uncertain, return YES.",True
874,drab slate hot black khaki,MEDIUM PLATED TIN,MED BOX,8165,MAIL,DELIVER IN PERSON,17.00,30172.79,0.10,1994-10-16,5-LOW,251613.69,Customer#000000112,FURNITURE,2953.35,ROMANIA,EUROPE,"Nation: ARGENTINA
Return a single YES or NO, with no other words. If uncertain, return YES.",True
874,drab slate hot black khaki,MEDIUM PLATED TIN,MED BOX,8165,MAIL,DELIVER IN PERSON,17.00,30172.79,0.10,1994-10-16,5-LOW,251613.69,Customer#000000112,FURNITURE,2953.35,ROMANIA,EUROPE,"Nation: BRAZIL
Return a single YES or NO, with no other words. If uncertain, return YES.",True
874,drab slate hot black khaki,MEDIUM PLATED TIN,MED BOX,8165,MAIL,DELIVER IN PERSON,17.00,30172.79,0.10,1994-10-16,5-LOW,251613.69,Customer#000000112,FURNITURE,2953.35,ROMANIA,EUROPE,"Nation: CANADA
Return a single YES or NO, with no other words. If uncertain, return YES.",True
874,drab slate hot black khaki,MEDIUM PLATED TIN,MED BOX,8165,MAIL,DELIVER IN PERSON,17.00,30172.79,0.10,1994-10-16,5-LOW,251613.69,Customer#000000112,FURNITURE,2953.35,ROMANIA,EUROPE,"Nation: EGYPT
Return a single YES or NO, with no other words. If uncertain, return YES.",True
874,drab slate hot black khaki,MEDIUM PLATED TIN,MED BOX,8165,MAIL,DELIVER IN PERSON,17.00,30172.79,0.10,1994-10-16,5-LOW,251613.69,Customer#000000112,FURNITURE,2953.35,ROMANIA,EUROPE,"Nation: ETHIOPIA
Return a single YES or NO, with no other words. If uncertain, return YES.",True
874,drab slate hot black khaki,MEDIUM PLATED TIN,MED BOX,8165,MAIL,DELIVER IN PERSON,17.00,30172.79,0.10,1994-10-16,5-LOW,251613.69,Customer#000000112,FURNITURE,2953.35,ROMANIA,EUROPE,"Nation: FRANCE
Return a single YES or NO, with no other words. If uncertain, return YES.",True
874,drab slate hot black khaki,MEDIUM PLATED TIN,MED BOX,8165,MAIL,DELIVER IN PERSON,17.00,30172.79,0.10,1994-10-16,5-LOW,251613.69,Customer#000000112,FURNITURE,2953.35,ROMANIA,EUROPE,"Nation: GERMANY
Return a single YES or NO, with no other words. If uncertain, return YES.",True
874,drab slate hot black khaki,MEDIUM PLATED TIN,MED BOX,8165,MAIL,DELIVER IN PERSON,17.00,30172.79,0.10,1994-10-16,5-LOW,251613.69,Customer#000000112,FURNITURE,2953.35,ROMANIA,EUROPE,"Nation: INDIA
Return a single YES or NO, with no other words. If uncertain, return YES.",True
874,drab slate hot black khaki,MEDIUM PLATED TIN,MED BOX,8165,MAIL,DELIVER IN PERSON,17.00,30172.79,0.10,1994-10-16,5-LOW,251613.69,Customer#000000112,FURNITURE,2953.35,ROMANIA,EUROPE,"Nation: INDONESIA
Return a single YES or NO, with no other words. If uncertain, return YES.",True
874,drab slate hot black khaki,MEDIUM PLATED TIN,MED BOX,8165,MAIL,DELIVER IN PERSON,17.00,30172.79,0.10,1994-10-16,5-LOW,251613.69,Customer#000000112,FURNITURE,2953.35,ROMANIA,EUROPE,"Nation: IRAN
Return a single YES or NO, with no other words. If uncertain, return YES.",True
874,drab slate hot black khaki,MEDIUM PLATED TIN,MED BOX,8165,MAIL,DELIVER IN PERSON,17.00,30172.79,0.10,1994-10-16,5-LOW,251613.69,Customer#000000112,FURNITURE,2953.35,ROMANIA,EUROPE,"Nation: IRAQ
Return a single YES or NO, with no other words. If uncertain, return YES.",True
874,drab slate hot black khaki,MEDIUM PLATED TIN,MED BOX,8165,MAIL,DELIVER IN PERSON,17.00,30172.79,0.10,1994-10-16,5-LOW,251613.69,Customer#000000112,FURNITURE,2953.35,ROMANIA,EUROPE,"Nation: JAPAN
Return a single YES or NO, with no other words. If uncertain, return YES.",True
874,drab slate hot black khaki,MEDIUM PLATED TIN,MED BOX,8165,MAIL,DELIVER IN PERSON,17.00,30172.79,0.10,1994-10-16,5-LOW,251613.69,Customer#000000112,FURNITURE,2953.35,ROMANIA,EUROPE,"Nation: JORDAN
Return a single YES or NO, with no other words. If uncertain, return YES.",True
874,drab slate hot black khaki,MEDIUM PLATED TIN,MED BOX,8165,MAIL,DELIVER IN PERSON,17.00,30172.79,0.10,1994-10-16,5-LOW,251613.69,Customer#000000112,FURNITURE,2953.35,ROMANIA,EUROPE,"Nation: KENYA
Return a single YES or NO, with no other words. If uncertain, return YES.",True
874,drab slate hot black khaki,MEDIUM PLATED TIN,MED BOX,8165,MAIL,DELIVER IN PERSON,17.00,30172.79,0.10,1994-10-16,5-LOW,251613.69,Customer#000000112,FURNITURE,2953.35,ROMANIA,EUROPE,"Nation: MOROCCO
Return a single YES or NO, with no other words. If uncertain, return YES.",True
874,drab slate hot black khaki,MEDIUM PLATED TIN,MED BOX,8165,MAIL,DELIVER IN PERSON,17.00,30172.79,0.10,1994-10-16,5-LOW,251613.69,Customer#000000112,FURNITURE,2953.35,ROMANIA,EUROPE,"Nation: MOZAMBIQUE
Return a single YES or NO, with no other words. If uncertain, return YES.",True
874,drab slate hot black khaki,MEDIUM PLATED TIN,MED BOX,8165,MAIL,DELIVER IN PERSON,17.00,30172.79,0.10,1994-10-16,5-LOW,251613.69,Customer#000000112,FURNITURE,2953.35,ROMANIA,EUROPE,"Nation: PERU
Return a single YES or NO, with no other words. If uncertain, return YES.",True
874,drab slate hot black khaki,MEDIUM PLATED TIN,MED BOX,8165,MAIL,DELIVER IN PERSON,17.00,30172.79,0.10,1994-10-16,5-LOW,251613.69,Customer#000000112,FURNITURE,2953.35,ROMANIA,EUROPE,"Nation: CHINA
Return a single YES or NO, with no other words. If uncertain, return YES.",True
874,drab slate hot black khaki,MEDIUM PLATED TIN,MED BOX,8165,MAIL,DELIVER IN PERSON,17.00,30172.79,0.10,1994-10-16,5-LOW,251613.69,Customer#000000112,FURNITURE,2953.35,ROMANIA,EUROPE,"Nation: ROMANIA
Return a single YES or NO, with no other words. If uncertain, return YES.",True
874,drab slate hot black khaki,MEDIUM PLATED TIN,MED BOX,8165,MAIL,DELIVER IN PERSON,17.00,30172.79,0.10,1994-10-16,5-LOW,251613.69,Customer#000000112,FURNITURE,2953.35,ROMANIA,EUROPE,"Nation: SAUDI ARABIA
Return a single YES or NO, with no other words. If uncertain, return YES.",True
874,drab slate hot black khaki,MEDIUM PLATED TIN,MED BOX,8165,MAIL,DELIVER IN PERSON,17.00,30172.79,0.10,1994-10-16,5-LOW,251613.69,Customer#000000112,FURNITURE,2953.35,ROMANIA,EUROPE,"Nation: VIETNAM
Return a single YES or NO, with no other words. If uncertain, return YES.",True
874,drab slate hot black khaki,MEDIUM PLATED TIN,MED BOX,8165,MAIL,DELIVER IN PERSON,17.00,30172.79,0.10,1994-10-16,5-LOW,251613.69,Customer#000000112,FURNITURE,2953.35,ROMANIA,EUROPE,"Nation: RUSSIA
Return a single YES or NO, with no other words. If uncertain, return YES.",True
874,drab slate hot black khaki,MEDIUM PLATED TIN,MED BOX,8165,MAIL,DELIVER IN PERSON,17.00,30172.79,0.10,1994-10-16,5-LOW,251613.69,Customer#000000112,FURNITURE,2953.35,ROMANIA,EUROPE,"Nation: UNITED KINGDOM
Return a single YES or NO, with no other words. If uncertain, return YES.",True
874,drab slate hot black khaki,MEDIUM PLATED TIN,MED BOX,8165,MAIL,DELIVER IN PERSON,17.00,30172.79,0.10,1994-10-16,5-LOW,251613.69,Customer#000000112,FURNITURE,2953.35,ROMANIA,EUROPE,"Nation: UNITED STATES
Return a single YES or NO, with no other words. If uncertain, return YES.",True
107,violet honeydew bisque sienna orchid,SMALL BURNISHED TIN,MED BOX,8451,AIR,TAKE BACK RETURN,19.00,19134.90,0.04,1995-12-14,3-MEDIUM,53487.23,Customer#000000163,FURNITURE,2948.61,VIETNAM,ASIA,"Nation: ALGERIA
Return a single YES or NO, with no other words. If uncertain, return YES.",True
107,violet honeydew bisque sienna orchid,SMALL BURNISHED TIN,MED BOX,8451,AIR,TAKE BACK RETURN,19.00,19134.90,0.04,1995-12-14,3-MEDIUM,53487.23,Customer#000000163,FURNITURE,2948.61,VIETNAM,ASIA,"Nation: ARGENTINA
Return a single YES or NO, with no other words. If uncertain, return YES.",True
107,violet honeydew bisque sienna orchid,SMALL BURNISHED TIN,MED BOX,8451,AIR,TAKE BACK RETURN,19.00,19134.90,0.04,1995-12-14,3-MEDIUM,53487.23,Customer#000000163,FURNITURE,2948.61,VIETNAM,ASIA,"Nation: BRAZIL
Return a single YES or NO, with no other words. If uncertain, return YES.",True
107,violet honeydew bisque sienna orchid,SMALL BURNISHED TIN,MED BOX,8451,AIR,TAKE BACK RETURN,19.00,19134.90,0.04,1995-12-14,3-MEDIUM,53487.23,Customer#000000163,FURNITURE,2948.61,VIETNAM,ASIA,"Nation: CANADA
Return a single YES or NO, with no other words. If uncertain, return YES.",True
107,violet honeydew bisque sienna orchid,SMALL BURNISHED TIN,MED BOX,8451,AIR,TAKE BACK RETURN,19.00,19134.90,0.04,1995-12-14,3-MEDIUM,53487.23,Customer#000000163,FURNITURE,2948.61,VIETNAM,ASIA,"Nation: EGYPT
Return a single YES or NO, with no other words. If uncertain, return YES.",True
107,violet honeydew bisque sienna orchid,SMALL BURNISHED TIN,MED BOX,8451,AIR,TAKE BACK RETURN,19.00,19134.90,0.04,1995-12-14,3-MEDIUM,53487.23,Customer#000000163,FURNITURE,2948.61,VIETNAM,ASIA,"Nation: ETHIOPIA
Return a single YES or NO, with no other words. If uncertain, return YES.",True
107,violet honeydew bisque sienna orchid,SMALL BURNISHED TIN,MED BOX,8451,AIR,TAKE BACK RETURN,19.00,19134.90,0.04,1995-12-14,3-MEDIUM,53487.23,Customer#000000163,FURNITURE,2948.61,VIETNAM,ASIA,"Nation: FRANCE
Return a single YES or NO, with no other words. If uncertain, return YES.",True
107,violet honeydew bisque sienna orchid,SMALL BURNISHED TIN,MED BOX,8451,AIR,TAKE BACK RETURN,19.00,19134.90,0.04,1995-12-14,3-MEDIUM,53487.23,Customer#000000163,FURNITURE,2948.61,VIETNAM,ASIA,"Nation: GERMANY
Return a single YES or NO, with no other words. If uncertain, return YES.",True
107,violet honeydew bisque sienna orchid,SMALL BURNISHED TIN,MED BOX,8451,AIR,TAKE BACK RETURN,19.00,19134.90,0.04,1995-12-14,3-MEDIUM,53487.23,Customer#000000163,FURNITURE,2948.61,VIETNAM,ASIA,"Nation: INDIA
Return a single YES or NO, with no other words. If uncertain, return YES.",True
107,violet honeydew bisque sienna orchid,SMALL BURNISHED TIN,MED BOX,8451,AIR,TAKE BACK RETURN,19.00,19134.90,0.04,1995-12-14,3-MEDIUM,53487.23,Customer#000000163,FURNITURE,2948.61,VIETNAM,ASIA,"Nation: INDONESIA
Return a single YES or NO, with no other words. If uncertain, return YES.",True
107,violet honeydew bisque sienna orchid,SMALL BURNISHED TIN,MED BOX,8451,AIR,TAKE BACK RETURN,19.00,19134.90,0.04,1995-12-14,3-MEDIUM,53487.23,Customer#000000163,FURNITURE,2948.61,VIETNAM,ASIA,"Nation: IRAN
Return a single YES or NO, with no other words. If uncertain, return YES.",True
107,violet honeydew bisque sienna orchid,SMALL BURNISHED TIN,MED BOX,8451,AIR,TAKE BACK RETURN,19.00,19134.90,0.04,1995-12-14,3-MEDIUM,53487.23,Customer#000000163,FURNITURE,2948.61,VIETNAM,ASIA,"Nation: IRAQ
Return a single YES or NO, with no other words. If uncertain, return YES.",True
107,violet honeydew bisque sienna orchid,SMALL BURNISHED TIN,MED BOX,8451,AIR,TAKE BACK RETURN,19.00,19134.90,0.04,1995-12-14,3-MEDIUM,53487.23,Customer#000000163,FURNITURE,2948.61,VIETNAM,ASIA,"Nation: JAPAN
Return a single YES or NO, with no other words. If uncertain, return YES.",True
107,violet honeydew bisque sienna orchid,SMALL BURNISHED TIN,MED BOX,8451,AIR,TAKE BACK RETURN,19.00,19134.90,0.04,1995-12-14,3-MEDIUM,53487.23,Customer#000000163,FURNITURE,2948.61,VIETNAM,ASIA,"Nation: JORDAN
Return a single YES or NO, with no other words. If uncertain, return YES.",True
107,violet honeydew bisque sienna orchid,SMALL BURNISHED TIN,MED BOX,8451,AIR,TAKE BACK RETURN,19.00,19134.90,0.04,1995-12-14,3-MEDIUM,53487.23,Customer#000000163,FURNITURE,2948.61,VIETNAM,ASIA,"Nation: KENYA
Return a single YES or NO, with no other words. If uncertain, return YES.",True
107,violet honeydew bisque sienna orchid,SMALL BURNISHED TIN,MED BOX,8451,AIR,TAKE BACK RETURN,19.00,19134.90,0.04,1995-12-14,3-MEDIUM,53487.23,Customer#000000163,FURNITURE,2948.61,VIETNAM,ASIA,"Nation: MOROCCO
Return a single YES or NO, with no other words. If uncertain, return YES.",True
107,violet honeydew bisque sienna orchid,SMALL BURNISHED TIN,MED BOX,8451,AIR,TAKE BACK RETURN,19.00,19134.90,0.04,1995-12-14,3-MEDIUM,53487.23,Customer#000000163,FURNITURE,2948.61,VIETNAM,ASIA,"Nation: MOZAMBIQUE
Return a single YES or NO, with no other words. If uncertain, return YES.",True
107,violet honeydew bisque sienna orchid,SMALL BURNISHED TIN,MED BOX,8451,AIR,TAKE BACK RETURN,19.00,19134.90,0.04,1995-12-14,3-MEDIUM,53487.23,Customer#000000163,FURNITURE,2948.61,VIETNAM,ASIA,"Nation: PERU
Return a single YES or NO, with no other words. If uncertain, return YES.",True
107,violet honeydew bisque sienna orchid,SMALL BURNISHED TIN,MED BOX,8451,AIR,TAKE BACK RETURN,19.00,19134.90,0.04,1995-12-14,3-MEDIUM,53487.23,Customer#000000163,FURNITURE,2948.61,VIETNAM,ASIA,"Nation: CHINA
Return a single YES or NO, with no other words. If uncertain, return YES.",True
107,violet honeydew bisque sienna orchid,SMALL BURNISHED TIN,MED BOX,8451,AIR,TAKE BACK RETURN,19.00,19134.90,0.04,1995-12-14,3-MEDIUM,53487.23,Customer#000000163,FURNITURE,2948.61,VIETNAM,ASIA,"Nation: ROMANIA
Return a single YES or NO, with no other words. If uncertain, return YES.",True
107,violet honeydew bisque sienna orchid,SMALL BURNISHED TIN,MED BOX,8451,AIR,TAKE BACK RETURN,19.00,19134.90,0.04,1995-12-14,3-MEDIUM,53487.23,Customer#000000163,FURNITURE,2948.61,VIETNAM,ASIA,"Nation: SAUDI ARABIA
Return a single YES or NO, with no other words. If uncertain, return YES.",True
107,violet honeydew bisque sienna orchid,SMALL BURNISHED TIN,MED BOX,8451,AIR,TAKE BACK RETURN,19.00,19134.90,0.04,1995-12-14,3-MEDIUM,53487.23,Customer#000000163,FURNITURE,2948.61,VIETNAM,ASIA,"Nation: VIETNAM
Return a single YES or NO, with no other words. If uncertain, return YES.",True
107,violet honeydew bisque sienna orchid,SMALL BURNISHED TIN,MED BOX,8451,AIR,TAKE BACK RETURN,19.00,19134.90,0.04,1995-12-14,3-MEDIUM,53487.23,Customer#000000163,FURNITURE,2948.61,VIETNAM,ASIA,"Nation: RUSSIA
Return a single YES or NO, with no other words. If uncertain, return YES.",True
107,violet honeydew bisque sienna orchid,SMALL BURNISHED TIN,MED BOX,8451,AIR,TAKE BACK RETURN,19.00,19134.90,0.04,1995-12-14,3-MEDIUM,53487.23,Customer#000000163,FURNITURE,2948.61,VIETNAM,ASIA,"Nation: UNITED KINGDOM
Return a single YES or NO, with no other words. If uncertain, return YES.",True
107,violet honeydew bisque sienna orchid,SMALL BURNISHED TIN,MED BOX,8451,AIR,TAKE BACK RETURN,19.00,19134.90,0.04,1995-12-14,3-MEDIUM,53487.23,Customer#000000163,FURNITURE,2948.61,VIETNAM,ASIA,"Nation: UNITED STATES
Return a single YES or NO, with no other words. If uncertain, return YES.",True
922,frosted dodger cyan medium indian,LARGE BURNISHED BRASS,SM CASE,9158,MAIL,DELIVER IN PERSON,32.00,58333.44,0.06,1995-04-25,4-NOT SPECIFIED,92612.70,Customer#000000136,FURNITURE,-842.39,GERMANY,EUROPE,"Nation: ALGERIA
Return a single YES or NO, with no other words. If uncertain, return YES.",True
922,frosted dodger cyan medium indian,LARGE BURNISHED BRASS,SM CASE,9158,MAIL,DELIVER IN PERSON,32.00,58333.44,0.06,1995-04-25,4-NOT SPECIFIED,92612.70,Customer#000000136,FURNITURE,-842.39,GERMANY,EUROPE,"Nation: ARGENTINA
Return a single YES or NO, with no other words. If uncertain, return YES.",True
922,frosted dodger cyan medium indian,LARGE BURNISHED BRASS,SM CASE,9158,MAIL,DELIVER IN PERSON,32.00,58333.44,0.06,1995-04-25,4-NOT SPECIFIED,92612.70,Customer#000000136,FURNITURE,-842.39,GERMANY,EUROPE,"Nation: BRAZIL
Return a single YES or NO, with no other words. If uncertain, return YES.",True
922,frosted dodger cyan medium indian,LARGE BURNISHED BRASS,SM CASE,9158,MAIL,DELIVER IN PERSON,32.00,58333.44,0.06,1995-04-25,4-NOT SPECIFIED,92612.70,Customer#000000136,FURNITURE,-842.39,GERMANY,EUROPE,"Nation: CANADA
Return a single YES or NO, with no other words. If uncertain, return YES.",True
922,frosted dodger cyan medium indian,LARGE BURNISHED BRASS,SM CASE,9158,MAIL,DELIVER IN PERSON,32.00,58333.44,0.06,1995-04-25,4-NOT SPECIFIED,92612.70,Customer#000000136,FURNITURE,-842.39,GERMANY,EUROPE,"Nation: EGYPT
Return a single YES or NO, with no other words. If uncertain, return YES.",True
922,frosted dodger cyan medium indian,LARGE BURNISHED BRASS,SM CASE,9158,MAIL,DELIVER IN PERSON,32.00,58333.44,0.06,1995-04-25,4-NOT SPECIFIED,92612.70,Customer#000000136,FURNITURE,-842.39,GERMANY,EUROPE,"Nation: ETHIOPIA
Return a single YES or NO, with no other words. If uncertain, return YES.",True
922,frosted dodger cyan medium indian,LARGE BURNISHED BRASS,SM CASE,9158,MAIL,DELIVER IN PERSON,32.00,58333.44,0.06,1995-04-25,4-NOT SPECIFIED,92612.70,Customer#000000136,FURNITURE,-842.39,GERMANY,EUROPE,"Nation: FRANCE
Return a single YES or NO, with no other words. If uncertain, return YES.",True
922,frosted dodger cyan medium indian,LARGE BURNISHED BRASS,SM CASE,9158,MAIL,DELIVER IN PERSON,32.00,58333.44,0.06,1995-04-25,4-NOT SPECIFIED,92612.70,Customer#000000136,FURNITURE,-842.39,GERMANY,EUROPE,"Nation: GERMANY
Return a single YES or NO, with no other words. If uncertain, return YES.",True
922,frosted dodger cyan medium indian,LARGE BURNISHED BRASS,SM CASE,9158,MAIL,DELIVER IN PERSON,32.00,58333.44,0.06,1995-04-25,4-NOT SPECIFIED,92612.70,Customer#000000136,FURNITURE,-842.39,GERMANY,EUROPE,"Nation: INDIA
Return a single YES or NO, with no other words. If uncertain, return YES.",True
922,frosted dodger cyan medium indian,LARGE BURNISHED BRASS,SM CASE,9158,MAIL,DELIVER IN PERSON,32.00,58333.44,0.06,1995-04-25,4-NOT SPECIFIED,92612.70,Customer#000000136,FURNITURE,-842.39,GERMANY,EUROPE,"Nation: INDONESIA
Return a single YES or NO, with no other words. If uncertain, return YES.",True
922,frosted dodger cyan medium indian,LARGE BURNISHED BRASS,SM CASE,9158,MAIL,DELIVER IN PERSON,32.00,58333.44,0.06,1995-04-25,4-NOT SPECIFIED,92612.70,Customer#000000136,FURNITURE,-842.39,GERMANY,EUROPE,"Nation: IRAN
Return a single YES or NO, with no other words. If uncertain, return YES.",True
922,frosted dodger cyan medium indian,LARGE BURNISHED BRASS,SM CASE,9158,MAIL,DELIVER IN PERSON,32.00,58333.44,0.06,1995-04-25,4-NOT SPECIFIED,92612.70,Customer#000000136,FURNITURE,-842.39,GERMANY,EUROPE,"Nation: IRAQ
Return a single YES or NO, with no other words. If uncertain, return YES.",True
922,frosted dodger cyan medium indian,LARGE BURNISHED BRASS,SM CASE,9158,MAIL,DELIVER IN PERSON,32.00,58333.44,0.06,1995-04-25,4-NOT SPECIFIED,92612.70,Customer#000000136,FURNITURE,-842.39,GERMANY,EUROPE,"Nation: JAPAN
Return a single YES or NO, with no other words. If uncertain, return YES.",True
922,frosted dodger cyan medium indian,LARGE BURNISHED BRASS,SM CASE,9158,MAIL,DELIVER IN PERSON,32.00,58333.44,0.06,1995-04-25,4-NOT SPECIFIED,92612.70,Customer#000000136,FURNITURE,-842.39,GERMANY,EUROPE,"Nation: JORDAN
Return a single YES or NO, with no other words. If uncertain, return YES.",True
922,frosted dodger cyan medium indian,LARGE BURNISHED BRASS,SM CASE,9158,MAIL,DELIVER IN PERSON,32.00,58333.44,0.06,1995-04-25,4-NOT SPECIFIED,92612.70,Customer#000000136,FURNITURE,-842.39,GERMANY,EUROPE,"Nation: KENYA
Return a single YES or NO, with no other words. If uncertain, return YES.",True
922,frosted dodger cyan medium indian,LARGE BURNISHED BRASS,SM CASE,9158,MAIL,DELIVER IN PERSON,32.00,58333.44,0.06,1995-04-25,4-NOT SPECIFIED,92612.70,Customer#000000136,FURNITURE,-842.39,GERMANY,EUROPE,"Nation: MOROCCO
Return a single YES or NO, with no other words. If uncertain, return YES.",True
922,frosted dodger cyan medium indian,LARGE BURNISHED BRASS,SM CASE,9158,MAIL,DELIVER IN PERSON,32.00,58333.44,0.06,1995-04-25,4-NOT SPECIFIED,92612.70,Customer#000000136,FURNITURE,-842.39,GERMANY,EUROPE,"Nation: MOZAMBIQUE
Return a single YES or NO, with no other words. If uncertain, return YES.",True
922,frosted dodger cyan medium indian,LARGE BURNISHED BRASS,SM CASE,9158,MAIL,DELIVER IN PERSON,32.00,58333.44,0.06,1995-04-25,4-NOT SPECIFIED,92612.70,Customer#000000136,FURNITURE,-842.39,GERMANY,EUROPE,"Nation: PERU
Return a single YES or NO, with no other words. If uncertain, return YES.",True
922,frosted dodger cyan medium indian,LARGE BURNISHED BRASS,SM CASE,9158,MAIL,DELIVER IN PERSON,32.00,58333.44,0.06,1995-04-25,4-NOT SPECIFIED,92612.70,Customer#000000136,FURNITURE,-842.39,GERMANY,EUROPE,"Nation: CHINA
Return a single YES or NO, with no other words. If uncertain, return YES.",True
922,frosted dodger cyan medium indian,LARGE BURNISHED BRASS,SM CASE,9158,MAIL,DELIVER IN PERSON,32.00,58333.44,0.06,1995-04-25,4-NOT SPECIFIED,92612.70,Customer#000000136,FURNITURE,-842.39,GERMANY,EUROPE,"Nation: ROMANIA
Return a single YES or NO, with no other words. If uncertain, return YES.",True
922,frosted dodger cyan medium indian,LARGE BURNISHED BRASS,SM CASE,9158,MAIL,DELIVER IN PERSON,32.00,58333.44,0.06,1995-04-25,4-NOT SPECIFIED,92612.70,Customer#000000136,FURNITURE,-842.39,GERMANY,EUROPE,"Nation: SAUDI ARABIA
Return a single YES or NO, with no other words. If uncertain, return YES.",True
922,frosted dodger cyan medium indian,LARGE BURNISHED BRASS,SM CASE,9158,MAIL,DELIVER IN PERSON,32.00,58333.44,0.06,1995-04-25,4-NOT SPECIFIED,92612.70,Customer#000000136,FURNITURE,-842.39,GERMANY,EUROPE,"Nation: VIETNAM
Return a single YES or NO, with no other words. If uncertain, return YES.",True
922,frosted dodger cyan medium indian,LARGE BURNISHED BRASS,SM CASE,9158,MAIL,DELIVER IN PERSON,32.00,58333.44,0.06,1995-04-25,4-NOT SPECIFIED,92612.70,Customer#000000136,FURNITURE,-842.39,GERMANY,EUROPE,"Nation: RUSSIA
Return a single YES or NO, with no other words. If uncertain, return YES.",True
922,frosted dodger cyan medium indian,LARGE BURNISHED BRASS,SM CASE,9158,MAIL,DELIVER IN PERSON,32.00,58333.44,0.06,1995-04-25,4-NOT SPECIFIED,92612.70,Customer#000000136,FURNITURE,-842.39,GERMANY,EUROPE,"Nation: UNITED KINGDOM
Return a single YES or NO, with no other words. If uncertain, return YES.",True
922,frosted dodger cyan medium indian,LARGE BURNISHED BRASS,SM CASE,9158,MAIL,DELIVER IN PERSON,32.00,58333.44,0.06,1995-04-25,4-NOT SPECIFIED,92612.70,Customer#000000136,FURNITURE,-842.39,GERMANY,EUROPE,"Nation: UNITED STATES
Return a single YES or NO, with no other words. If uncertain, return YES.",True
404,maroon olive pink rose cornflower,STANDARD ANODIZED NICKEL,SM CASE,21570,REG AIR,TAKE BACK RETURN,27.00,35218.80,0.02,1996-02-03,2-HIGH,47947.59,Customer#000000547,BUILDING,6058.08,RUSSIA,EUROPE,"Nation: ALGERIA
Return a single YES or NO, with no other words. If uncertain, return YES.",True
404,maroon olive pink rose cornflower,STANDARD ANODIZED NICKEL,SM CASE,21570,REG AIR,TAKE BACK RETURN,27.00,35218.80,0.02,1996-02-03,2-HIGH,47947.59,Customer#000000547,BUILDING,6058.08,RUSSIA,EUROPE,"Nation: ARGENTINA
Return a single YES or NO, with no other words. If uncertain, return YES.",True
404,maroon olive pink rose cornflower,STANDARD ANODIZED NICKEL,SM CASE,21570,REG AIR,TAKE BACK RETURN,27.00,35218.80,0.02,1996-02-03,2-HIGH,47947.59,Customer#000000547,BUILDING,6058.08,RUSSIA,EUROPE,"Nation: BRAZIL
Return a single YES or NO, with no other words. If uncertain, return YES.",True
404,maroon olive pink rose cornflower,STANDARD ANODIZED NICKEL,SM CASE,21570,REG AIR,TAKE BACK RETURN,27.00,35218.80,0.02,1996-02-03,2-HIGH,47947.59,Customer#000000547,BUILDING,6058.08,RUSSIA,EUROPE,"Nation: CANADA
Return a single YES or NO, with no other words. If uncertain, return YES.",True
404,maroon olive pink rose cornflower,STANDARD ANODIZED NICKEL,SM CASE,21570,REG AIR,TAKE BACK RETURN,27.00,35218.80,0.02,1996-02-03,2-HIGH,47947.59,Customer#000000547,BUILDING,6058.08,RUSSIA,EUROPE,"Nation: EGYPT
Return a single YES or NO, with no other words. If uncertain, return YES.",True
404,maroon olive pink rose cornflower,STANDARD ANODIZED NICKEL,SM CASE,21570,REG AIR,TAKE BACK RETURN,27.00,35218.80,0.02,1996-02-03,2-HIGH,47947.59,Customer#000000547,BUILDING,6058.08,RUSSIA,EUROPE,"Nation: ETHIOPIA
Return a single YES or NO, with no other words. If uncertain, return YES.",True
404,maroon olive pink rose cornflower,STANDARD ANODIZED NICKEL,SM CASE,21570,REG AIR,TAKE BACK RETURN,27.00,35218.80,0.02,1996-02-03,2-HIGH,47947.59,Customer#000000547,BUILDING,6058.08,RUSSIA,EUROPE,"Nation: FRANCE
Return a single YES or NO, with no other words. If uncertain, return YES.",True
404,maroon olive pink rose cornflower,STANDARD ANODIZED NICKEL,SM CASE,21570,REG AIR,TAKE BACK RETURN,27.00,35218.80,0.02,1996-02-03,2-HIGH,47947.59,Customer#000000547,BUILDING,6058.08,RUSSIA,EUROPE,"Nation: GERMANY
Return a single YES or NO, with no other words. If uncertain, return YES.",True
404,maroon olive pink rose cornflower,STANDARD ANODIZED NICKEL,SM CASE,21570,REG AIR,TAKE BACK RETURN,27.00,35218.80,0.02,1996-02-03,2-HIGH,47947.59,Customer#000000547,BUILDING,6058.08,RUSSIA,EUROPE,"Nation: INDIA
Return a single YES or NO, with no other words. If uncertain, return YES.",True
404,maroon olive pink rose cornflower,STANDARD ANODIZED NICKEL,SM CASE,21570,REG AIR,TAKE BACK RETURN,27.00,35218.80,0.02,1996-02-03,2-HIGH,47947.59,Customer#000000547,BUILDING,6058.08,RUSSIA,EUROPE,"Nation: INDONESIA
Return a single YES or NO, with no other words. If uncertain, return YES.",True
404,maroon olive pink rose cornflower,STANDARD ANODIZED NICKEL,SM CASE,21570,REG AIR,TAKE BACK RETURN,27.00,35218.80,0.02,1996-02-03,2-HIGH,47947.59,Customer#000000547,BUILDING,6058.08,RUSSIA,EUROPE,"Nation: IRAN
Return a single YES or NO, with no other words. If uncertain, return YES.",True
404,maroon olive pink rose cornflower,STANDARD ANODIZED NICKEL,SM CASE,21570,REG AIR,TAKE BACK RETURN,27.00,35218.80,0.02,1996-02-03,2-HIGH,47947.59,Customer#000000547,BUILDING,6058.08,RUSSIA,EUROPE,"Nation: IRAQ
Return a single YES or NO, with no other words. If uncertain, return YES.",True
404,maroon olive pink rose cornflower,STANDARD ANODIZED NICKEL,SM CASE,21570,REG AIR,TAKE BACK RETURN,27.00,35218.80,0.02,1996-02-03,2-HIGH,47947.59,Customer#000000547,BUILDING,6058.08,RUSSIA,EUROPE,"Nation: JAPAN
Return a single YES or NO, with no other words. If uncertain, return YES.",True
404,maroon olive pink rose cornflower,STANDARD ANODIZED NICKEL,SM CASE,21570,REG AIR,TAKE BACK RETURN,27.00,35218.80,0.02,1996-02-03,2-HIGH,47947.59,Customer#000000547,BUILDING,6058.08,RUSSIA,EUROPE,"Nation: JORDAN
Return a single YES or NO, with no other words. If uncertain, return YES.",True
404,maroon olive pink rose cornflower,STANDARD ANODIZED NICKEL,SM CASE,21570,REG AIR,TAKE BACK RETURN,27.00,35218.80,0.02,1996-02-03,2-HIGH,47947.59,Customer#000000547,BUILDING,6058.08,RUSSIA,EUROPE,"Nation: KENYA
Return a single YES or NO, with no other words. If uncertain, return YES.",True
404,maroon olive pink rose cornflower,STANDARD ANODIZED NICKEL,SM CASE,21570,REG AIR,TAKE BACK RETURN,27.00,35218.80,0.02,1996-02-03,2-HIGH,47947.59,Customer#000000547,BUILDING,6058.08,RUSSIA,EUROPE,"Nation: MOROCCO
Return a single YES or NO, with no other words. If uncertain, return YES.",True
404,maroon olive pink rose cornflower,STANDARD ANODIZED NICKEL,SM CASE,21570,REG AIR,TAKE BACK RETURN,27.00,35218.80,0.02,1996-02-03,2-HIGH,47947.59,Customer#000000547,BUILDING,6058.08,RUSSIA,EUROPE,"Nation: MOZAMBIQUE
Return a single YES or NO, with no other words. If uncertain, return YES.",True
404,maroon olive pink rose cornflower,STANDARD ANODIZED NICKEL,SM CASE,21570,REG AIR,TAKE BACK RETURN,27.00,35218.80,0.02,1996-02-03,2-HIGH,47947.59,Customer#000000547,BUILDING,6058.08,RUSSIA,EUROPE,"Nation: PERU
Return a single YES or NO, with no other words. If uncertain, return YES.",True
404,maroon olive pink rose cornflower,STANDARD ANODIZED NICKEL,SM CASE,21570,REG AIR,TAKE BACK RETURN,27.00,35218.80,0.02,1996-02-03,2-HIGH,47947.59,Customer#000000547,BUILDING,6058.08,RUSSIA,EUROPE,"Nation: CHINA
Return a single YES or NO, with no other words. If uncertain, return YES.",True
404,maroon olive pink rose cornflower,STANDARD ANODIZED NICKEL,SM CASE,21570,REG AIR,TAKE BACK RETURN,27.00,35218.80,0.02,1996-02-03,2-HIGH,47947.59,Customer#000000547,BUILDING,6058.08,RUSSIA,EUROPE,"Nation: ROMANIA
Return a single YES or NO, with no other words. If uncertain, return YES.",True
404,maroon olive pink rose cornflower,STANDARD ANODIZED NICKEL,SM CASE,21570,REG AIR,TAKE BACK RETURN,27.00,35218.80,0.02,1996-02-03,2-HIGH,47947.59,Customer#000000547,BUILDING,6058.08,RUSSIA,EUROPE,"Nation: SAUDI ARABIA
Return a single YES or NO, with no other words. If uncertain, return YES.",True
404,maroon olive pink rose cornflower,STANDARD ANODIZED NICKEL,SM CASE,21570,REG AIR,TAKE BACK RETURN,27.00,35218.80,0.02,1996-02-03,2-HIGH,47947.59,Customer#000000547,BUILDING,6058.08,RUSSIA,EUROPE,"Nation: VIETNAM
Return a single YES or NO, with no other words. If uncertain, return YES.",True
404,maroon olive pink rose cornflower,STANDARD ANODIZED NICKEL,SM CASE,21570,REG AIR,TAKE BACK RETURN,27.00,35218.80,0.02,1996-02-03,2-HIGH,47947.59,Customer#000000547,BUILDING,6058.08,RUSSIA,EUROPE,"Nation: RUSSIA
Return a single YES or NO, with no other words. If uncertain, return YES.",True
404,maroon olive pink rose cornflower,STANDARD ANODIZED NICKEL,SM CASE,21570,REG AIR,TAKE BACK RETURN,27.00,35218.80,0.02,1996-02-03,2-HIGH,47947.59,Customer#000000547,BUILDING,6058.08,RUSSIA,EUROPE,"Nation: UNITED KINGDOM
Return a single YES or NO, with no other words. If uncertain, return YES.",True
404,maroon olive pink rose cornflower,STANDARD ANODIZED NICKEL,SM CASE,21570,REG AIR,TAKE BACK RETURN,27.00,35218.80,0.02,1996-02-03,2-HIGH,47947.59,Customer#000000547,BUILDING,6058.08,RUSSIA,EUROPE,"Nation: UNITED STATES
Return a single YES or NO, with no other words. If uncertain, return YES.",True
40,lemon midnight metallic sienna steel,ECONOMY BURNISHED COPPER,SM CASE,25027,REG AIR,TAKE BACK RETURN,20.00,18800.80,0.02,1994-12-17,3-MEDIUM,167023.70,Customer#000000037,FURNITURE,-917.75,INDIA,ASIA,"Nation: ALGERIA
Return a single YES or NO, with no other words. If uncertain, return YES.",True
40,lemon midnight metallic sienna steel,ECONOMY BURNISHED COPPER,SM CASE,25027,REG AIR,TAKE BACK RETURN,20.00,18800.80,0.02,1994-12-17,3-MEDIUM,167023.70,Customer#000000037,FURNITURE,-917.75,INDIA,ASIA,"Nation: ARGENTINA
Return a single YES or NO, with no other words. If uncertain, return YES.",True
40,lemon midnight metallic sienna steel,ECONOMY BURNISHED COPPER,SM CASE,25027,REG AIR,TAKE BACK RETURN,20.00,18800.80,0.02,1994-12-17,3-MEDIUM,167023.70,Customer#000000037,FURNITURE,-917.75,INDIA,ASIA,"Nation: BRAZIL
Return a single YES or NO, with no other words. If uncertain, return YES.",True
40,lemon midnight metallic sienna steel,ECONOMY BURNISHED COPPER,SM CASE,25027,REG AIR,TAKE BACK RETURN,20.00,18800.80,0.02,1994-12-17,3-MEDIUM,167023.70,Customer#000000037,FURNITURE,-917.75,INDIA,ASIA,"Nation: CANADA
Return a single YES or NO, with no other words. If uncertain, return YES.",True
40,lemon midnight metallic sienna steel,ECONOMY BURNISHED COPPER,SM CASE,25027,REG AIR,TAKE BACK RETURN,20.00,18800.80,0.02,1994-12-17,3-MEDIUM,167023.70,Customer#000000037,FURNITURE,-917.75,INDIA,ASIA,"Nation: EGYPT
Return a single YES or NO, with no other words. If uncertain, return YES.",True
40,lemon midnight metallic sienna steel,ECONOMY BURNISHED COPPER,SM CASE,25027,REG AIR,TAKE BACK RETURN,20.00,18800.80,0.02,1994-12-17,3-MEDIUM,167023.70,Customer#000000037,FURNITURE,-917.75,INDIA,ASIA,"Nation: ETHIOPIA
Return a single YES or NO, with no other words. If uncertain, return YES.",True
40,lemon midnight metallic sienna steel,ECONOMY BURNISHED COPPER,SM CASE,25027,REG AIR,TAKE BACK RETURN,20.00,18800.80,0.02,1994-12-17,3-MEDIUM,167023.70,Customer#000000037,FURNITURE,-917.75,INDIA,ASIA,"Nation: FRANCE
Return a single YES or NO, with no other words. If uncertain, return YES.",True
40,lemon midnight metallic sienna steel,ECONOMY BURNISHED COPPER,SM CASE,25027,REG AIR,TAKE BACK RETURN,20.00,18800.80,0.02,1994-12-17,3-MEDIUM,167023.70,Customer#000000037,FURNITURE,-917.75,INDIA,ASIA,"Nation: GERMANY
Return a single YES or NO, with no other words. If uncertain, return YES.",True
40,lemon midnight metallic sienna steel,ECONOMY BURNISHED COPPER,SM CASE,25027,REG AIR,TAKE BACK RETURN,20.00,18800.80,0.02,1994-12-17,3-MEDIUM,167023.70,Customer#000000037,FURNITURE,-917.75,INDIA,ASIA,"Nation: INDIA
Return a single YES or NO, with no other words. If uncertain, return YES.",True
40,lemon midnight metallic sienna steel,ECONOMY BURNISHED COPPER,SM CASE,25027,REG AIR,TAKE BACK RETURN,20.00,18800.80,0.02,1994-12-17,3-MEDIUM,167023.70,Customer#000000037,FURNITURE,-917.75,INDIA,ASIA,"Nation: INDONESIA
Return a single YES or NO, with no other words. If uncertain, return YES.",True
40,lemon midnight metallic sienna steel,ECONOMY BURNISHED COPPER,SM CASE,25027,REG AIR,TAKE BACK RETURN,20.00,18800.80,0.02,1994-12-17,3-MEDIUM,167023.70,Customer#000000037,FURNITURE,-917.75,INDIA,ASIA,"Nation: IRAN
Return a single YES or NO, with no other words. If uncertain, return YES.",True
40,lemon midnight metallic sienna steel,ECONOMY BURNISHED COPPER,SM CASE,25027,REG AIR,TAKE BACK RETURN,20.00,18800.80,0.02,1994-12-17,3-MEDIUM,167023.70,Customer#000000037,FURNITURE,-917.75,INDIA,ASIA,"Nation: IRAQ
Return a single YES or NO, with no other words. If uncertain, return YES.",True
40,lemon midnight metallic sienna steel,ECONOMY BURNISHED COPPER,SM CASE,25027,REG AIR,TAKE BACK RETURN,20.00,18800.80,0.02,1994-12-17,3-MEDIUM,167023.70,Customer#000000037,FURNITURE,-917.75,INDIA,ASIA,"Nation: JAPAN
Return a single YES or NO, with no other words. If uncertain, return YES.",True
40,lemon midnight metallic sienna steel,ECONOMY BURNISHED COPPER,SM CASE,25027,REG AIR,TAKE BACK RETURN,20.00,18800.80,0.02,1994-12-17,3-MEDIUM,167023.70,Customer#000000037,FURNITURE,-917.75,INDIA,ASIA,"Nation: JORDAN
Return a single YES or NO, with no other words. If uncertain, return YES.",True
40,lemon midnight metallic sienna steel,ECONOMY BURNISHED COPPER,SM CASE,25027,REG AIR,TAKE BACK RETURN,20.00,18800.80,0.02,1994-12-17,3-MEDIUM,167023.70,Customer#000000037,FURNITURE,-917.75,INDIA,ASIA,"Nation: KENYA
Return a single YES or NO, with no other words. If uncertain, return YES.",True
40,lemon midnight metallic sienna steel,ECONOMY BURNISHED COPPER,SM CASE,25027,REG AIR,TAKE BACK RETURN,20.00,18800.80,0.02,1994-12-17,3-MEDIUM,167023.70,Customer#000000037,FURNITURE,-917.75,INDIA,ASIA,"Nation: MOROCCO
Return a single YES or NO, with no other words. If uncertain, return YES.",True
40,lemon midnight metallic sienna steel,ECONOMY BURNISHED COPPER,SM CASE,25027,REG AIR,TAKE BACK RETURN,20.00,18800.80,0.02,1994-12-17,3-MEDIUM,167023.70,Customer#000000037,FURNITURE,-917.75,INDIA,ASIA,"Nation: MOZAMBIQUE
Return a single YES or NO, with no other words. If uncertain, return YES.",True
40,lemon midnight metallic sienna steel,ECONOMY BURNISHED COPPER,SM CASE,25027,REG AIR,TAKE BACK RETURN,20.00,18800.80,0.02,1994-12-17,3-MEDIUM,167023.70,Customer#000000037,FURNITURE,-917.75,INDIA,ASIA,"Nation: PERU
Return a single YES or NO, with no other words. If uncertain, return YES.",True
40,lemon midnight metallic sienna steel,ECONOMY BURNISHED COPPER,SM CASE,25027,REG AIR,TAKE BACK RETURN,20.00,18800.80,0.02,1994-12-17,3-MEDIUM,167023.70,Customer#000000037,FURNITURE,-917.75,INDIA,ASIA,"Nation: CHINA
Return a single YES or NO, with no other words. If uncertain, return YES.",True
40,lemon midnight metallic sienna steel,ECONOMY BURNISHED COPPER,SM CASE,25027,REG AIR,TAKE BACK RETURN,20.00,18800.80,0.02,1994-12-17,3-MEDIUM,167023.70,Customer#000000037,FURNITURE,-917.75,INDIA,ASIA,"Nation: ROMANIA
Return a single YES or NO, with no other words. If uncertain, return YES.",True
40,lemon midnight metallic sienna steel,ECONOMY BURNISHED COPPER,SM CASE,25027,REG AIR,TAKE BACK RETURN,20.00,18800.80,0.02,1994-12-17,3-MEDIUM,167023.70,Customer#000000037,FURNITURE,-917.75,INDIA,ASIA,"Nation: SAUDI ARABIA
Return a single YES or NO, with no other words. If uncertain, return YES.",True
40,lemon midnight metallic sienna steel,ECONOMY BURNISHED COPPER,SM CASE,25027,REG AIR,TAKE BACK RETURN,20.00,18800.80,0.02,1994-12-17,3-MEDIUM,167023.70,Customer#000000037,FURNITURE,-917.75,INDIA,ASIA,"Nation: VIETNAM
Return a single YES or NO, with no other words. If uncertain, return YES.",True
40,lemon midnight metallic sienna steel,ECONOMY BURNISHED COPPER,SM CASE,25027,REG AIR,TAKE BACK RETURN,20.00,18800.80,0.02,1994-12-17,3-MEDIUM,167023.70,Customer#000000037,FURNITURE,-917.75,INDIA,ASIA,"Nation: RUSSIA
Return a single YES or NO, with no other words. If uncertain, return YES.",True
40,lemon midnight metallic sienna steel,ECONOMY BURNISHED COPPER,SM CASE,25027,REG AIR,TAKE BACK RETURN,20.00,18800.80,0.02,1994-12-17,3-MEDIUM,167023.70,Customer#000000037,FURNITURE,-917.75,INDIA,ASIA,"Nation: UNITED KINGDOM
Return a single YES or NO, with no other words. If uncertain, return YES.",True
40,lemon midnight metallic sienna steel,ECONOMY BURNISHED COPPER,SM CASE,25027,REG AIR,TAKE BACK RETURN,20.00,18800.80,0.02,1994-12-17,3-MEDIUM,167023.70,Customer#000000037,FURNITURE,-917.75,INDIA,ASIA,"Nation: UNITED STATES
Return a single YES or NO, with no other words. If uncertain, return YES.",True
374,orange lemon cream dim midnight,LARGE PLATED STEEL,MED BOX,26500,MAIL,TAKE BACK RETURN,29.00,36956.73,0.10,1996-11-29,4-NOT SPECIFIED,138891.97,Customer#000000524,HOUSEHOLD,5706.19,INDONESIA,ASIA,"Nation: ALGERIA
Return a single YES or NO, with no other words. If uncertain, return YES.",True
374,orange lemon cream dim midnight,LARGE PLATED STEEL,MED BOX,26500,MAIL,TAKE BACK RETURN,29.00,36956.73,0.10,1996-11-29,4-NOT SPECIFIED,138891.97,Customer#000000524,HOUSEHOLD,5706.19,INDONESIA,ASIA,"Nation: ARGENTINA
Return a single YES or NO, with no other words. If uncertain, return YES.",True
374,orange lemon cream dim midnight,LARGE PLATED STEEL,MED BOX,26500,MAIL,TAKE BACK RETURN,29.00,36956.73,0.10,1996-11-29,4-NOT SPECIFIED,138891.97,Customer#000000524,HOUSEHOLD,5706.19,INDONESIA,ASIA,"Nation: BRAZIL
Return a single YES or NO, with no other words. If uncertain, return YES.",True
374,orange lemon cream dim midnight,LARGE PLATED STEEL,MED BOX,26500,MAIL,TAKE BACK RETURN,29.00,36956.73,0.10,1996-11-29,4-NOT SPECIFIED,138891.97,Customer#000000524,HOUSEHOLD,5706.19,INDONESIA,ASIA,"Nation: CANADA
Return a single YES or NO, with no other words. If uncertain, return YES.",True
374,orange lemon cream dim midnight,LARGE PLATED STEEL,MED BOX,26500,MAIL,TAKE BACK RETURN,29.00,36956.73,0.10,1996-11-29,4-NOT SPECIFIED,138891.97,Customer#000000524,HOUSEHOLD,5706.19,INDONESIA,ASIA,"Nation: EGYPT
Return a single YES or NO, with no other words. If uncertain, return YES.",True
374,orange lemon cream dim midnight,LARGE PLATED STEEL,MED BOX,26500,MAIL,TAKE BACK RETURN,29.00,36956.73,0.10,1996-11-29,4-NOT SPECIFIED,138891.97,Customer#000000524,HOUSEHOLD,5706.19,INDONESIA,ASIA,"Nation: ETHIOPIA
Return a single YES or NO, with no other words. If uncertain, return YES.",True
374,orange lemon cream dim midnight,LARGE PLATED STEEL,MED BOX,26500,MAIL,TAKE BACK RETURN,29.00,36956.73,0.10,1996-11-29,4-NOT SPECIFIED,138891.97,Customer#000000524,HOUSEHOLD,5706.19,INDONESIA,ASIA,"Nation: FRANCE
Return a single YES or NO, with no other words. If uncertain, return YES.",True
374,orange lemon cream dim midnight,LARGE PLATED STEEL,MED BOX,26500,MAIL,TAKE BACK RETURN,29.00,36956.73,0.10,1996-11-29,4-NOT SPECIFIED,138891.97,Customer#000000524,HOUSEHOLD,5706.19,INDONESIA,ASIA,"Nation: GERMANY
Return a single YES or NO, with no other words. If uncertain, return YES.",True
374,orange lemon cream dim midnight,LARGE PLATED STEEL,MED BOX,26500,MAIL,TAKE BACK RETURN,29.00,36956.73,0.10,1996-11-29,4-NOT SPECIFIED,138891.97,Customer#000000524,HOUSEHOLD,5706.19,INDONESIA,ASIA,"Nation: INDIA
Return a single YES or NO, with no other words. If uncertain, return YES.",True
374,orange lemon cream dim midnight,LARGE PLATED STEEL,MED BOX,26500,MAIL,TAKE BACK RETURN,29.00,36956.73,0.10,1996-11-29,4-NOT SPECIFIED,138891.97,Customer#000000524,HOUSEHOLD,5706.19,INDONESIA,ASIA,"Nation: INDONESIA
Return a single YES or NO, with no other words. If uncertain, return YES.",True
374,orange lemon cream dim midnight,LARGE PLATED STEEL,MED BOX,26500,MAIL,TAKE BACK RETURN,29.00,36956.73,0.10,1996-11-29,4-NOT SPECIFIED,138891.97,Customer#000000524,HOUSEHOLD,5706.19,INDONESIA,ASIA,"Nation: IRAN
Return a single YES or NO, with no other words. If uncertain, return YES.",True
374,orange lemon cream dim midnight,LARGE PLATED STEEL,MED BOX,26500,MAIL,TAKE BACK RETURN,29.00,36956.73,0.10,1996-11-29,4-NOT SPECIFIED,138891.97,Customer#000000524,HOUSEHOLD,5706.19,INDONESIA,ASIA,"Nation: IRAQ
Return a single YES or NO, with no other words. If uncertain, return YES.",True
374,orange lemon cream dim midnight,LARGE PLATED STEEL,MED BOX,26500,MAIL,TAKE BACK RETURN,29.00,36956.73,0.10,1996-11-29,4-NOT SPECIFIED,138891.97,Customer#000000524,HOUSEHOLD,5706.19,INDONESIA,ASIA,"Nation: JAPAN
Return a single YES or NO, with no other words. If uncertain, return YES.",True
374,orange lemon cream dim midnight,LARGE PLATED STEEL,MED BOX,26500,MAIL,TAKE BACK RETURN,29.00,36956.73,0.10,1996-11-29,4-NOT SPECIFIED,138891.97,Customer#000000524,HOUSEHOLD,5706.19,INDONESIA,ASIA,"Nation: JORDAN
Return a single YES or NO, with no other words. If uncertain, return YES.",True
374,orange lemon cream dim midnight,LARGE PLATED STEEL,MED BOX,26500,MAIL,TAKE BACK RETURN,29.00,36956.73,0.10,1996-11-29,4-NOT SPECIFIED,138891.97,Customer#000000524,HOUSEHOLD,5706.19,INDONESIA,ASIA,"Nation: KENYA
Return a single YES or NO, with no other words. If uncertain, return YES.",True
374,orange lemon cream dim midnight,LARGE PLATED STEEL,MED BOX,26500,MAIL,TAKE BACK RETURN,29.00,36956.73,0.10,1996-11-29,4-NOT SPECIFIED,138891.97,Customer#000000524,HOUSEHOLD,5706.19,INDONESIA,ASIA,"Nation: MOROCCO
Return a single YES or NO, with no other words. If uncertain, return YES.",True
374,orange lemon cream dim midnight,LARGE PLATED STEEL,MED BOX,26500,MAIL,TAKE BACK RETURN,29.00,36956.73,0.10,1996-11-29,4-NOT SPECIFIED,138891.97,Customer#000000524,HOUSEHOLD,5706.19,INDONESIA,ASIA,"Nation: MOZAMBIQUE
Return a single YES or NO, with no other words. If uncertain, return YES.",True
374,orange lemon cream dim midnight,LARGE PLATED STEEL,MED BOX,26500,MAIL,TAKE BACK RETURN,29.00,36956.73,0.10,1996-11-29,4-NOT SPECIFIED,138891.97,Customer#000000524,HOUSEHOLD,5706.19,INDONESIA,ASIA,"Nation: PERU
Return a single YES or NO, with no other words. If uncertain, return YES.",True
374,orange lemon cream dim midnight,LARGE PLATED STEEL,MED BOX,26500,MAIL,TAKE BACK RETURN,29.00,36956.73,0.10,1996-11-29,4-NOT SPECIFIED,138891.97,Customer#000000524,HOUSEHOLD,5706.19,INDONESIA,ASIA,"Nation: CHINA
Return a single YES or NO, with no other words. If uncertain, return YES.",True
374,orange lemon cream dim midnight,LARGE PLATED STEEL,MED BOX,26500,MAIL,TAKE BACK RETURN,29.00,36956.73,0.10,1996-11-29,4-NOT SPECIFIED,138891.97,Customer#000000524,HOUSEHOLD,5706.19,INDONESIA,ASIA,"Nation: ROMANIA
Return a single YES or NO, with no other words. If uncertain, return YES.",True
374,orange lemon cream dim midnight,LARGE PLATED STEEL,MED BOX,26500,MAIL,TAKE BACK RETURN,29.00,36956.73,0.10,1996-11-29,4-NOT SPECIFIED,138891.97,Customer#000000524,HOUSEHOLD,5706.19,INDONESIA,ASIA,"Nation: SAUDI ARABIA
Return a single YES or NO, with no other words. If uncertain, return YES.",True
374,orange lemon cream dim midnight,LARGE PLATED STEEL,MED BOX,26500,MAIL,TAKE BACK RETURN,29.00,36956.73,0.10,1996-11-29,4-NOT SPECIFIED,138891.97,Customer#000000524,HOUSEHOLD,5706.19,INDONESIA,ASIA,"Nation: VIETNAM
Return a single YES or NO, with no other words. If uncertain, return YES.",True
374,orange lemon cream dim midnight,LARGE PLATED STEEL,MED BOX,26500,MAIL,TAKE BACK RETURN,29.00,36956.73,0.10,1996-11-29,4-NOT SPECIFIED,138891.97,Customer#000000524,HOUSEHOLD,5706.19,INDONESIA,ASIA,"Nation: RUSSIA
Return a single YES or NO, with no other words. If uncertain, return YES.",True
374,orange lemon cream dim midnight,LARGE PLATED STEEL,MED BOX,26500,MAIL,TAKE BACK RETURN,29.00,36956.73,0.10,1996-11-29,4-NOT SPECIFIED,138891.97,Customer#000000524,HOUSEHOLD,5706.19,INDONESIA,ASIA,"Nation: UNITED KINGDOM
Return a single YES or NO, with no other words. If uncertain, return YES.",True
374,orange lemon cream dim midnight,LARGE PLATED STEEL,MED BOX,26500,MAIL,TAKE BACK RETURN,29.00,36956.73,0.10,1996-11-29,4-NOT SPECIFIED,138891.97,Customer#000000524,HOUSEHOLD,5706.19,INDONESIA,ASIA,"Nation: UNITED STATES
Return a single YES or NO, with no other words. If uncertain, return YES.",True
441,goldenrod royal slate grey burlywood,PROMO BURNISHED STEEL,MED BOX,4,REG AIR,DELIVER IN PERSON,30.00,40243.20,0.03,1995-10-11,5-LOW,42158.77,Customer#000000685,MACHINERY,2039.84,PERU,AMERICA,"Nation: ALGERIA
Return a single YES or NO, with no other words. If uncertain, return YES.",True
441,goldenrod royal slate grey burlywood,PROMO BURNISHED STEEL,MED BOX,4,REG AIR,DELIVER IN PERSON,30.00,40243.20,0.03,1995-10-11,5-LOW,42158.77,Customer#000000685,MACHINERY,2039.84,PERU,AMERICA,"Nation: ARGENTINA
Return a single YES or NO, with no other words. If uncertain, return YES.",True
441,goldenrod royal slate grey burlywood,PROMO BURNISHED STEEL,MED BOX,4,REG AIR,DELIVER IN PERSON,30.00,40243.20,0.03,1995-10-11,5-LOW,42158.77,Customer#000000685,MACHINERY,2039.84,PERU,AMERICA,"Nation: BRAZIL
Return a single YES or NO, with no other words. If uncertain, return YES.",True
441,goldenrod royal slate grey burlywood,PROMO BURNISHED STEEL,MED BOX,4,REG AIR,DELIVER IN PERSON,30.00,40243.20,0.03,1995-10-11,5-LOW,42158.77,Customer#000000685,MACHINERY,2039.84,PERU,AMERICA,"Nation: CANADA
Return a single YES or NO, with no other words. If uncertain, return YES.",True
441,goldenrod royal slate grey burlywood,PROMO BURNISHED STEEL,MED BOX,4,REG AIR,DELIVER IN PERSON,30.00,40243.20,0.03,1995-10-11,5-LOW,42158.77,Customer#000000685,MACHINERY,2039.84,PERU,AMERICA,"Nation: EGYPT
Return a single YES or NO, with no other words. If uncertain, return YES.",True
441,goldenrod royal slate grey burlywood,PROMO BURNISHED STEEL,MED BOX,4,REG AIR,DELIVER IN PERSON,30.00,40243.20,0.03,1995-10-11,5-LOW,42158.77,Customer#000000685,MACHINERY,2039.84,PERU,AMERICA,"Nation: ETHIOPIA
Return a single YES or NO, with no other words. If uncertain, return YES.",True
441,goldenrod royal slate grey burlywood,PROMO BURNISHED STEEL,MED BOX,4,REG AIR,DELIVER IN PERSON,30.00,40243.20,0.03,1995-10-11,5-LOW,42158.77,Customer#000000685,MACHINERY,2039.84,PERU,AMERICA,"Nation: FRANCE
Return a single YES or NO, with no other words. If uncertain, return YES.",True
441,goldenrod royal slate grey burlywood,PROMO BURNISHED STEEL,MED BOX,4,REG AIR,DELIVER IN PERSON,30.00,40243.20,0.03,1995-10-11,5-LOW,42158.77,Customer#000000685,MACHINERY,2039.84,PERU,AMERICA,"Nation: GERMANY
Return a single YES or NO, with no other words. If uncertain, return YES.",True
441,goldenrod royal slate grey burlywood,PROMO BURNISHED STEEL,MED BOX,4,REG AIR,DELIVER IN PERSON,30.00,40243.20,0.03,1995-10-11,5-LOW,42158.77,Customer#000000685,MACHINERY,2039.84,PERU,AMERICA,"Nation: INDIA
Return a single YES or NO, with no other words. If uncertain, return YES.",True
441,goldenrod royal slate grey burlywood,PROMO BURNISHED STEEL,MED BOX,4,REG AIR,DELIVER IN PERSON,30.00,40243.20,0.03,1995-10-11,5-LOW,42158.77,Customer#000000685,MACHINERY,2039.84,PERU,AMERICA,"Nation: INDONESIA
Return a single YES or NO, with no other words. If uncertain, return YES.",True
441,goldenrod royal slate grey burlywood,PROMO BURNISHED STEEL,MED BOX,4,REG AIR,DELIVER IN PERSON,30.00,40243.20,0.03,1995-10-11,5-LOW,42158.77,Customer#000000685,MACHINERY,2039.84,PERU,AMERICA,"Nation: IRAN
Return a single YES or NO, with no other words. If uncertain, return YES.",True
441,goldenrod royal slate grey burlywood,PROMO BURNISHED STEEL,MED BOX,4,REG AIR,DELIVER IN PERSON,30.00,40243.20,0.03,1995-10-11,5-LOW,42158.77,Customer#000000685,MACHINERY,2039.84,PERU,AMERICA,"Nation: IRAQ
Return a single YES or NO, with no other words. If uncertain, return YES.",True
441,goldenrod royal slate grey burlywood,PROMO BURNISHED STEEL,MED BOX,4,REG AIR,DELIVER IN PERSON,30.00,40243.20,0.03,1995-10-11,5-LOW,42158.77,Customer#000000685,MACHINERY,2039.84,PERU,AMERICA,"Nation: JAPAN
Return a single YES or NO, with no other words. If uncertain, return YES.",True
441,goldenrod royal slate grey burlywood,PROMO BURNISHED STEEL,MED BOX,4,REG AIR,DELIVER IN PERSON,30.00,40243.20,0.03,1995-10-11,5-LOW,42158.77,Customer#000000685,MACHINERY,2039.84,PERU,AMERICA,"Nation: JORDAN
Return a single YES or NO, with no other words. If uncertain, return YES.",True
441,goldenrod royal slate grey burlywood,PROMO BURNISHED STEEL,MED BOX,4,REG AIR,DELIVER IN PERSON,30.00,40243.20,0.03,1995-10-11,5-LOW,42158.77,Customer#000000685,MACHINERY,2039.84,PERU,AMERICA,"Nation: KENYA
Return a single YES or NO, with no other words. If uncertain, return YES.",True
441,goldenrod royal slate grey burlywood,PROMO BURNISHED STEEL,MED BOX,4,REG AIR,DELIVER IN PERSON,30.00,40243.20,0.03,1995-10-11,5-LOW,42158.77,Customer#000000685,MACHINERY,2039.84,PERU,AMERICA,"Nation: MOROCCO
Return a single YES or NO, with no other words. If uncertain, return YES.",True
441,goldenrod royal slate grey burlywood,PROMO BURNISHED STEEL,MED BOX,4,REG AIR,DELIVER IN PERSON,30.00,40243.20,0.03,1995-10-11,5-LOW,42158.77,Customer#000000685,MACHINERY,2039.84,PERU,AMERICA,"Nation: MOZAMBIQUE
Return a single YES or NO, with no other words. If uncertain, return YES.",True
441,goldenrod royal slate grey burlywood,PROMO BURNISHED STEEL,MED BOX,4,REG AIR,DELIVER IN PERSON,30.00,40243.20,0.03,1995-10-11,5-LOW,42158.77,Customer#000000685,MACHINERY,2039.84,PERU,AMERICA,"Nation: PERU
Return a single YES or NO, with no other words. If uncertain, return YES.",True
441,goldenrod royal slate grey burlywood,PROMO BURNISHED STEEL,MED BOX,4,REG AIR,DELIVER IN PERSON,30.00,40243.20,0.03,1995-10-11,5-LOW,42158.77,Customer#000000685,MACHINERY,2039.84,PERU,AMERICA,"Nation: CHINA
Return a single YES or NO, with no other words. If uncertain, return YES.",True
441,goldenrod royal slate grey burlywood,PROMO BURNISHED STEEL,MED BOX,4,REG AIR,DELIVER IN PERSON,30.00,40243.20,0.03,1995-10-11,5-LOW,42158.77,Customer#000000685,MACHINERY,2039.84,PERU,AMERICA,"Nation: ROMANIA
Return a single YES or NO, with no other words. If uncertain, return YES.",True
441,goldenrod royal slate grey burlywood,PROMO BURNISHED STEEL,MED BOX,4,REG AIR,DELIVER IN PERSON,30.00,40243.20,0.03,1995-10-11,5-LOW,42158.77,Customer#000000685,MACHINERY,2039.84,PERU,AMERICA,"Nation: SAUDI ARABIA
Return a single YES or NO, with no other words. If uncertain, return YES.",True
441,goldenrod royal slate grey burlywood,PROMO BURNISHED STEEL,MED BOX,4,REG AIR,DELIVER IN PERSON,30.00,40243.20,0.03,1995-10-11,5-LOW,42158.77,Customer#000000685,MACHINERY,2039.84,PERU,AMERICA,"Nation: VIETNAM
Return a single YES or NO, with no other words. If uncertain, return YES.",True
441,goldenrod royal slate grey burlywood,PROMO BURNISHED STEEL,MED BOX,4,REG AIR,DELIVER IN PERSON,30.00,40243.20,0.03,1995-10-11,5-LOW,42158.77,Customer#000000685,MACHINERY,2039.84,PERU,AMERICA,"Nation: RUSSIA
Return a single YES or NO, with no other words. If uncertain, return YES.",True
441,goldenrod royal slate grey burlywood,PROMO BURNISHED STEEL,MED BOX,4,REG AIR,DELIVER IN PERSON,30.00,40243.20,0.03,1995-10-11,5-LOW,42158.77,Customer#000000685,MACHINERY,2039.84,PERU,AMERICA,"Nation: UNITED KINGDOM
Return a single YES or NO, with no other words. If uncertain, return YES.",True
441,goldenrod royal slate grey burlywood,PROMO BURNISHED STEEL,MED BOX,4,REG AIR,DELIVER IN PERSON,30.00,40243.20,0.03,1995-10-11,5-LOW,42158.77,Customer#000000685,MACHINERY,2039.84,PERU,AMERICA,"Nation: UNITED STATES
Return a single YES or NO, with no other words. If uncertain, return YES.",True
572,navy plum lime goldenrod saddle,LARGE BURNISHED COPPER,SM BOX,2657,MAIL,TAKE BACK RETURN,22.00,32396.54,0.02,1995-10-17,2-HIGH,215489.74,Customer#000000124,AUTOMOBILE,1842.49,CHINA,ASIA,"Nation: ALGERIA
Return a single YES or NO, with no other words. If uncertain, return YES.",True
572,navy plum lime goldenrod saddle,LARGE BURNISHED COPPER,SM BOX,2657,MAIL,TAKE BACK RETURN,22.00,32396.54,0.02,1995-10-17,2-HIGH,215489.74,Customer#000000124,AUTOMOBILE,1842.49,CHINA,ASIA,"Nation: ARGENTINA
Return a single YES or NO, with no other words. If uncertain, return YES.",True
572,navy plum lime goldenrod saddle,LARGE BURNISHED COPPER,SM BOX,2657,MAIL,TAKE BACK RETURN,22.00,32396.54,0.02,1995-10-17,2-HIGH,215489.74,Customer#000000124,AUTOMOBILE,1842.49,CHINA,ASIA,"Nation: BRAZIL
Return a single YES or NO, with no other words. If uncertain, return YES.",True
572,navy plum lime goldenrod saddle,LARGE BURNISHED COPPER,SM BOX,2657,MAIL,TAKE BACK RETURN,22.00,32396.54,0.02,1995-10-17,2-HIGH,215489.74,Customer#000000124,AUTOMOBILE,1842.49,CHINA,ASIA,"Nation: CANADA
Return a single YES or NO, with no other words. If uncertain, return YES.",True
572,navy plum lime goldenrod saddle,LARGE BURNISHED COPPER,SM BOX,2657,MAIL,TAKE BACK RETURN,22.00,32396.54,0.02,1995-10-17,2-HIGH,215489.74,Customer#000000124,AUTOMOBILE,1842.49,CHINA,ASIA,"Nation: EGYPT
Return a single YES or NO, with no other words. If uncertain, return YES.",True
572,navy plum lime goldenrod saddle,LARGE BURNISHED COPPER,SM BOX,2657,MAIL,TAKE BACK RETURN,22.00,32396.54,0.02,1995-10-17,2-HIGH,215489.74,Customer#000000124,AUTOMOBILE,1842.49,CHINA,ASIA,"Nation: ETHIOPIA
Return a single YES or NO, with no other words. If uncertain, return YES.",True
572,navy plum lime goldenrod saddle,LARGE BURNISHED COPPER,SM BOX,2657,MAIL,TAKE BACK RETURN,22.00,32396.54,0.02,1995-10-17,2-HIGH,215489.74,Customer#000000124,AUTOMOBILE,1842.49,CHINA,ASIA,"Nation: FRANCE
Return a single YES or NO, with no other words. If uncertain, return YES.",True
572,navy plum lime goldenrod saddle,LARGE BURNISHED COPPER,SM BOX,2657,MAIL,TAKE BACK RETURN,22.00,32396.54,0.02,1995-10-17,2-HIGH,215489.74,Customer#000000124,AUTOMOBILE,1842.49,CHINA,ASIA,"Nation: GERMANY
Return a single YES or NO, with no other words. If uncertain, return YES.",True
572,navy plum lime goldenrod saddle,LARGE BURNISHED COPPER,SM BOX,2657,MAIL,TAKE BACK RETURN,22.00,32396.54,0.02,1995-10-17,2-HIGH,215489.74,Customer#000000124,AUTOMOBILE,1842.49,CHINA,ASIA,"Nation: INDIA
Return a single YES or NO, with no other words. If uncertain, return YES.",True
572,navy plum lime goldenrod saddle,LARGE BURNISHED COPPER,SM BOX,2657,MAIL,TAKE BACK RETURN,22.00,32396.54,0.02,1995-10-17,2-HIGH,215489.74,Customer#000000124,AUTOMOBILE,1842.49,CHINA,ASIA,"Nation: INDONESIA
Return a single YES or NO, with no other words. If uncertain, return YES.",True
572,navy plum lime goldenrod saddle,LARGE BURNISHED COPPER,SM BOX,2657,MAIL,TAKE BACK RETURN,22.00,32396.54,0.02,1995-10-17,2-HIGH,215489.74,Customer#000000124,AUTOMOBILE,1842.49,CHINA,ASIA,"Nation: IRAN
Return a single YES or NO, with no other words. If uncertain, return YES.",True
572,navy plum lime goldenrod saddle,LARGE BURNISHED COPPER,SM BOX,2657,MAIL,TAKE BACK RETURN,22.00,32396.54,0.02,1995-10-17,2-HIGH,215489.74,Customer#000000124,AUTOMOBILE,1842.49,CHINA,ASIA,"Nation: IRAQ
Return a single YES or NO, with no other words. If uncertain, return YES.",True
572,navy plum lime goldenrod saddle,LARGE BURNISHED COPPER,SM BOX,2657,MAIL,TAKE BACK RETURN,22.00,32396.54,0.02,1995-10-17,2-HIGH,215489.74,Customer#000000124,AUTOMOBILE,1842.49,CHINA,ASIA,"Nation: JAPAN
Return a single YES or NO, with no other words. If uncertain, return YES.",True
572,navy plum lime goldenrod saddle,LARGE BURNISHED COPPER,SM BOX,2657,MAIL,TAKE BACK RETURN,22.00,32396.54,0.02,1995-10-17,2-HIGH,215489.74,Customer#000000124,AUTOMOBILE,1842.49,CHINA,ASIA,"Nation: JORDAN
Return a single YES or NO, with no other words. If uncertain, return YES.",True
572,navy plum lime goldenrod saddle,LARGE BURNISHED COPPER,SM BOX,2657,MAIL,TAKE BACK RETURN,22.00,32396.54,0.02,1995-10-17,2-HIGH,215489.74,Customer#000000124,AUTOMOBILE,1842.49,CHINA,ASIA,"Nation: KENYA
Return a single YES or NO, with no other words. If uncertain, return YES.",True
572,navy plum lime goldenrod saddle,LARGE BURNISHED COPPER,SM BOX,2657,MAIL,TAKE BACK RETURN,22.00,32396.54,0.02,1995-10-17,2-HIGH,215489.74,Customer#000000124,AUTOMOBILE,1842.49,CHINA,ASIA,"Nation: MOROCCO
Return a single YES or NO, with no other words. If uncertain, return YES.",True
572,navy plum lime goldenrod saddle,LARGE BURNISHED COPPER,SM BOX,2657,MAIL,TAKE BACK RETURN,22.00,32396.54,0.02,1995-10-17,2-HIGH,215489.74,Customer#000000124,AUTOMOBILE,1842.49,CHINA,ASIA,"Nation: MOZAMBIQUE
Return a single YES or NO, with no other words. If uncertain, return YES.",True
572,navy plum lime goldenrod saddle,LARGE BURNISHED COPPER,SM BOX,2657,MAIL,TAKE BACK RETURN,22.00,32396.54,0.02,1995-10-17,2-HIGH,215489.74,Customer#000000124,AUTOMOBILE,1842.49,CHINA,ASIA,"Nation: PERU
Return a single YES or NO, with no other words. If uncertain, return YES.",True
572,navy plum lime goldenrod saddle,LARGE BURNISHED COPPER,SM BOX,2657,MAIL,TAKE BACK RETURN,22.00,32396.54,0.02,1995-10-17,2-HIGH,215489.74,Customer#000000124,AUTOMOBILE,1842.49,CHINA,ASIA,"Nation: CHINA
Return a single YES or NO, with no other words. If uncertain, return YES.",True
572,navy plum lime goldenrod saddle,LARGE BURNISHED COPPER,SM BOX,2657,MAIL,TAKE BACK RETURN,22.00,32396.54,0.02,1995-10-17,2-HIGH,215489.74,Customer#000000124,AUTOMOBILE,1842.49,CHINA,ASIA,"Nation: ROMANIA
Return a single YES or NO, with no other words. If uncertain, return YES.",True
572,navy plum lime goldenrod saddle,LARGE BURNISHED COPPER,SM BOX,2657,MAIL,TAKE BACK RETURN,22.00,32396.54,0.02,1995-10-17,2-HIGH,215489.74,Customer#000000124,AUTOMOBILE,1842.49,CHINA,ASIA,"Nation: SAUDI ARABIA
Return a single YES or NO, with no other words. If uncertain, return YES.",True
572,navy plum lime goldenrod saddle,LARGE BURNISHED COPPER,SM BOX,2657,MAIL,TAKE BACK RETURN,22.00,32396.54,0.02,1995-10-17,2-HIGH,215489.74,Customer#000000124,AUTOMOBILE,1842.49,CHINA,ASIA,"Nation: VIETNAM
Return a single YES or NO, with no other words. If uncertain, return YES.",True
572,navy plum lime goldenrod saddle,LARGE BURNISHED COPPER,SM BOX,2657,MAIL,TAKE BACK RETURN,22.00,32396.54,0.02,1995-10-17,2-HIGH,215489.74,Customer#000000124,AUTOMOBILE,1842.49,CHINA,ASIA,"Nation: RUSSIA
Return a single YES or NO, with no other words. If uncertain, return YES.",True
572,navy plum lime goldenrod saddle,LARGE BURNISHED COPPER,SM BOX,2657,MAIL,TAKE BACK RETURN,22.00,32396.54,0.02,1995-10-17,2-HIGH,215489.74,Customer#000000124,AUTOMOBILE,1842.49,CHINA,ASIA,"Nation: UNITED KINGDOM
Return a single YES or NO, with no other words. If uncertain, return YES.",True
572,navy plum lime goldenrod saddle,LARGE BURNISHED COPPER,SM BOX,2657,MAIL,TAKE BACK RETURN,22.00,32396.54,0.02,1995-10-17,2-HIGH,215489.74,Customer#000000124,AUTOMOBILE,1842.49,CHINA,ASIA,"Nation: UNITED STATES
Return a single YES or NO, with no other words. If uncertain, return YES.",True
107,violet honeydew bisque sienna orchid,SMALL BURNISHED TIN,MED BOX,5090,TRUCK,TAKE BACK RETURN,22.00,22156.20,0.07,1997-03-09,1-URGENT,171523.81,Customer#000000442,FURNITURE,4157.00,ARGENTINA,AMERICA,"Nation: ALGERIA
Return a single YES or NO, with no other words. If uncertain, return YES.",True
107,violet honeydew bisque sienna orchid,SMALL BURNISHED TIN,MED BOX,5090,TRUCK,TAKE BACK RETURN,22.00,22156.20,0.07,1997-03-09,1-URGENT,171523.81,Customer#000000442,FURNITURE,4157.00,ARGENTINA,AMERICA,"Nation: ARGENTINA
Return a single YES or NO, with no other words. If uncertain, return YES.",True
107,violet honeydew bisque sienna orchid,SMALL BURNISHED TIN,MED BOX,5090,TRUCK,TAKE BACK RETURN,22.00,22156.20,0.07,1997-03-09,1-URGENT,171523.81,Customer#000000442,FURNITURE,4157.00,ARGENTINA,AMERICA,"Nation: BRAZIL
Return a single YES or NO, with no other words. If uncertain, return YES.",True
107,violet honeydew bisque sienna orchid,SMALL BURNISHED TIN,MED BOX,5090,TRUCK,TAKE BACK RETURN,22.00,22156.20,0.07,1997-03-09,1-URGENT,171523.81,Customer#000000442,FURNITURE,4157.00,ARGENTINA,AMERICA,"Nation: CANADA
Return a single YES or NO, with no other words. If uncertain, return YES.",True
107,violet honeydew bisque sienna orchid,SMALL BURNISHED TIN,MED BOX,5090,TRUCK,TAKE BACK RETURN,22.00,22156.20,0.07,1997-03-09,1-URGENT,171523.81,Customer#000000442,FURNITURE,4157.00,ARGENTINA,AMERICA,"Nation: EGYPT
Return a single YES or NO, with no other words. If uncertain, return YES.",True
107,violet honeydew bisque sienna orchid,SMALL BURNISHED TIN,MED BOX,5090,TRUCK,TAKE BACK RETURN,22.00,22156.20,0.07,1997-03-09,1-URGENT,171523.81,Customer#000000442,FURNITURE,4157.00,ARGENTINA,AMERICA,"Nation: ETHIOPIA
Return a single YES or NO, with no other words. If uncertain, return YES.",True
107,violet honeydew bisque sienna orchid,SMALL BURNISHED TIN,MED BOX,5090,TRUCK,TAKE BACK RETURN,22.00,22156.20,0.07,1997-03-09,1-URGENT,171523.81,Customer#000000442,FURNITURE,4157.00,ARGENTINA,AMERICA,"Nation: FRANCE
Return a single YES or NO, with no other words. If uncertain, return YES.",True
107,violet honeydew bisque sienna orchid,SMALL BURNISHED TIN,MED BOX,5090,TRUCK,TAKE BACK RETURN,22.00,22156.20,0.07,1997-03-09,1-URGENT,171523.81,Customer#000000442,FURNITURE,4157.00,ARGENTINA,AMERICA,"Nation: GERMANY
Return a single YES or NO, with no other words. If uncertain, return YES.",True
107,violet honeydew bisque sienna orchid,SMALL BURNISHED TIN,MED BOX,5090,TRUCK,TAKE BACK RETURN,22.00,22156.20,0.07,1997-03-09,1-URGENT,171523.81,Customer#000000442,FURNITURE,4157.00,ARGENTINA,AMERICA,"Nation: INDIA
Return a single YES or NO, with no other words. If uncertain, return YES.",True
107,violet honeydew bisque sienna orchid,SMALL BURNISHED TIN,MED BOX,5090,TRUCK,TAKE BACK RETURN,22.00,22156.20,0.07,1997-03-09,1-URGENT,171523.81,Customer#000000442,FURNITURE,4157.00,ARGENTINA,AMERICA,"Nation: INDONESIA
Return a single YES or NO, with no other words. If uncertain, return YES.",True
107,violet honeydew bisque sienna orchid,SMALL BURNISHED TIN,MED BOX,5090,TRUCK,TAKE BACK RETURN,22.00,22156.20,0.07,1997-03-09,1-URGENT,171523.81,Customer#000000442,FURNITURE,4157.00,ARGENTINA,AMERICA,"Nation: IRAN
Return a single YES or NO, with no other words. If uncertain, return YES.",True
107,violet honeydew bisque sienna orchid,SMALL BURNISHED TIN,MED BOX,5090,TRUCK,TAKE BACK RETURN,22.00,22156.20,0.07,1997-03-09,1-URGENT,171523.81,Customer#000000442,FURNITURE,4157.00,ARGENTINA,AMERICA,"Nation: IRAQ
Return a single YES or NO, with no other words. If uncertain, return YES.",True
107,violet honeydew bisque sienna orchid,SMALL BURNISHED TIN,MED BOX,5090,TRUCK,TAKE BACK RETURN,22.00,22156.20,0.07,1997-03-09,1-URGENT,171523.81,Customer#000000442,FURNITURE,4157.00,ARGENTINA,AMERICA,"Nation: JAPAN
Return a single YES or NO, with no other words. If uncertain, return YES.",True
107,violet honeydew bisque sienna orchid,SMALL BURNISHED TIN,MED BOX,5090,TRUCK,TAKE BACK RETURN,22.00,22156.20,0.07,1997-03-09,1-URGENT,171523.81,Customer#000000442,FURNITURE,4157.00,ARGENTINA,AMERICA,"Nation: JORDAN
Return a single YES or NO, with no other words. If uncertain, return YES.",True
107,violet honeydew bisque sienna orchid,SMALL BURNISHED TIN,MED BOX,5090,TRUCK,TAKE BACK RETURN,22.00,22156.20,0.07,1997-03-09,1-URGENT,171523.81,Customer#000000442,FURNITURE,4157.00,ARGENTINA,AMERICA,"Nation: KENYA
Return a single YES or NO, with no other words. If uncertain, return YES.",True
107,violet honeydew bisque sienna orchid,SMALL BURNISHED TIN,MED BOX,5090,TRUCK,TAKE BACK RETURN,22.00,22156.20,0.07,1997-03-09,1-URGENT,171523.81,Customer#000000442,FURNITURE,4157.00,ARGENTINA,AMERICA,"Nation: MOROCCO
Return a single YES or NO, with no other words. If uncertain, return YES.",True
107,violet honeydew bisque sienna orchid,SMALL BURNISHED TIN,MED BOX,5090,TRUCK,TAKE BACK RETURN,22.00,22156.20,0.07,1997-03-09,1-URGENT,171523.81,Customer#000000442,FURNITURE,4157.00,ARGENTINA,AMERICA,"Nation: MOZAMBIQUE
Return a single YES or NO, with no other words. If uncertain, return YES.",True
107,violet honeydew bisque sienna orchid,SMALL BURNISHED TIN,MED BOX,5090,TRUCK,TAKE BACK RETURN,22.00,22156.20,0.07,1997-03-09,1-URGENT,171523.81,Customer#000000442,FURNITURE,4157.00,ARGENTINA,AMERICA,"Nation: PERU
Return a single YES or NO, with no other words. If uncertain, return YES.",True
107,violet honeydew bisque sienna orchid,SMALL BURNISHED TIN,MED BOX,5090,TRUCK,TAKE BACK RETURN,22.00,22156.20,0.07,1997-03-09,1-URGENT,171523.81,Customer#000000442,FURNITURE,4157.00,ARGENTINA,AMERICA,"Nation: CHINA
Return a single YES or NO, with no other words. If uncertain, return YES.",True
107,violet honeydew bisque sienna orchid,SMALL BURNISHED TIN,MED BOX,5090,TRUCK,TAKE BACK RETURN,22.00,22156.20,0.07,1997-03-09,1-URGENT,171523.81,Customer#000000442,FURNITURE,4157.00,ARGENTINA,AMERICA,"Nation: ROMANIA
Return a single YES or NO, with no other words. If uncertain, return YES.",True
107,violet honeydew bisque sienna orchid,SMALL BURNISHED TIN,MED BOX,5090,TRUCK,TAKE BACK RETURN,22.00,22156.20,0.07,1997-03-09,1-URGENT,171523.81,Customer#000000442,FURNITURE,4157.00,ARGENTINA,AMERICA,"Nation: SAUDI ARABIA
Return a single YES or NO, with no other words. If uncertain, return YES.",True
107,violet honeydew bisque sienna orchid,SMALL BURNISHED TIN,MED BOX,5090,TRUCK,TAKE BACK RETURN,22.00,22156.20,0.07,1997-03-09,1-URGENT,171523.81,Customer#000000442,FURNITURE,4157.00,ARGENTINA,AMERICA,"Nation: VIETNAM
Return a single YES or NO, with no other words. If uncertain, return YES.",True
107,violet honeydew bisque sienna orchid,SMALL BURNISHED TIN,MED BOX,5090,TRUCK,TAKE BACK RETURN,22.00,22156.20,0.07,1997-03-09,1-URGENT,171523.81,Customer#000000442,FURNITURE,4157.00,ARGENTINA,AMERICA,"Nation: RUSSIA
Return a single YES or NO, with no other words. If uncertain, return YES.",True
107,violet honeydew bisque sienna orchid,SMALL BURNISHED TIN,MED BOX,5090,TRUCK,TAKE BACK RETURN,22.00,22156.20,0.07,1997-03-09,1-URGENT,171523.81,Customer#000000442,FURNITURE,4157.00,ARGENTINA,AMERICA,"Nation: UNITED KINGDOM
Return a single YES or NO, with no other words. If uncertain, return YES.",True
107,violet honeydew bisque sienna orchid,SMALL BURNISHED TIN,MED BOX,5090,TRUCK,TAKE BACK RETURN,22.00,22156.20,0.07,1997-03-09,1-URGENT,171523.81,Customer#000000442,FURNITURE,4157.00,ARGENTINA,AMERICA,"Nation: UNITED STATES
Return a single YES or NO, with no other words. If uncertain, return YES.",True
758,yellow orchid dim cyan burlywood,ECONOMY ANODIZED TIN,MED BOX,6210,AIR,TAKE BACK RETURN,23.00,38151.25,0.06,1996-11-06,5-LOW,232343.67,Customer#000000343,HOUSEHOLD,5521.36,CANADA,AMERICA,"Nation: ALGERIA
Return a single YES or NO, with no other words. If uncertain, return YES.",True
758,yellow orchid dim cyan burlywood,ECONOMY ANODIZED TIN,MED BOX,6210,AIR,TAKE BACK RETURN,23.00,38151.25,0.06,1996-11-06,5-LOW,232343.67,Customer#000000343,HOUSEHOLD,5521.36,CANADA,AMERICA,"Nation: ARGENTINA
Return a single YES or NO, with no other words. If uncertain, return YES.",True
758,yellow orchid dim cyan burlywood,ECONOMY ANODIZED TIN,MED BOX,6210,AIR,TAKE BACK RETURN,23.00,38151.25,0.06,1996-11-06,5-LOW,232343.67,Customer#000000343,HOUSEHOLD,5521.36,CANADA,AMERICA,"Nation: BRAZIL
Return a single YES or NO, with no other words. If uncertain, return YES.",True
758,yellow orchid dim cyan burlywood,ECONOMY ANODIZED TIN,MED BOX,6210,AIR,TAKE BACK RETURN,23.00,38151.25,0.06,1996-11-06,5-LOW,232343.67,Customer#000000343,HOUSEHOLD,5521.36,CANADA,AMERICA,"Nation: CANADA
Return a single YES or NO, with no other words. If uncertain, return YES.",True
758,yellow orchid dim cyan burlywood,ECONOMY ANODIZED TIN,MED BOX,6210,AIR,TAKE BACK RETURN,23.00,38151.25,0.06,1996-11-06,5-LOW,232343.67,Customer#000000343,HOUSEHOLD,5521.36,CANADA,AMERICA,"Nation: EGYPT
Return a single YES or NO, with no other words. If uncertain, return YES.",True
758,yellow orchid dim cyan burlywood,ECONOMY ANODIZED TIN,MED BOX,6210,AIR,TAKE BACK RETURN,23.00,38151.25,0.06,1996-11-06,5-LOW,232343.67,Customer#000000343,HOUSEHOLD,5521.36,CANADA,AMERICA,"Nation: ETHIOPIA
Return a single YES or NO, with no other words. If uncertain, return YES.",True
758,yellow orchid dim cyan burlywood,ECONOMY ANODIZED TIN,MED BOX,6210,AIR,TAKE BACK RETURN,23.00,38151.25,0.06,1996-11-06,5-LOW,232343.67,Customer#000000343,HOUSEHOLD,5521.36,CANADA,AMERICA,"Nation: FRANCE
Return a single YES or NO, with no other words. If uncertain, return YES.",True
758,yellow orchid dim cyan burlywood,ECONOMY ANODIZED TIN,MED BOX,6210,AIR,TAKE BACK RETURN,23.00,38151.25,0.06,1996-11-06,5-LOW,232343.67,Customer#000000343,HOUSEHOLD,5521.36,CANADA,AMERICA,"Nation: GERMANY
Return a single YES or NO, with no other words. If uncertain, return YES.",True
758,yellow orchid dim cyan burlywood,ECONOMY ANODIZED TIN,MED BOX,6210,AIR,TAKE BACK RETURN,23.00,38151.25,0.06,1996-11-06,5-LOW,232343.67,Customer#000000343,HOUSEHOLD,5521.36,CANADA,AMERICA,"Nation: INDIA
Return a single YES or NO, with no other words. If uncertain, return YES.",True
758,yellow orchid dim cyan burlywood,ECONOMY ANODIZED TIN,MED BOX,6210,AIR,TAKE BACK RETURN,23.00,38151.25,0.06,1996-11-06,5-LOW,232343.67,Customer#000000343,HOUSEHOLD,5521.36,CANADA,AMERICA,"Nation: INDONESIA
Return a single YES or NO, with no other words. If uncertain, return YES.",True
758,yellow orchid dim cyan burlywood,ECONOMY ANODIZED TIN,MED BOX,6210,AIR,TAKE BACK RETURN,23.00,38151.25,0.06,1996-11-06,5-LOW,232343.67,Customer#000000343,HOUSEHOLD,5521.36,CANADA,AMERICA,"Nation: IRAN
Return a single YES or NO, with no other words. If uncertain, return YES.",True
758,yellow orchid dim cyan burlywood,ECONOMY ANODIZED TIN,MED BOX,6210,AIR,TAKE BACK RETURN,23.00,38151.25,0.06,1996-11-06,5-LOW,232343.67,Customer#000000343,HOUSEHOLD,5521.36,CANADA,AMERICA,"Nation: IRAQ
Return a single YES or NO, with no other words. If uncertain, return YES.",True
758,yellow orchid dim cyan burlywood,ECONOMY ANODIZED TIN,MED BOX,6210,AIR,TAKE BACK RETURN,23.00,38151.25,0.06,1996-11-06,5-LOW,232343.67,Customer#000000343,HOUSEHOLD,5521.36,CANADA,AMERICA,"Nation: JAPAN
Return a single YES or NO, with no other words. If uncertain, return YES.",True
758,yellow orchid dim cyan burlywood,ECONOMY ANODIZED TIN,MED BOX,6210,AIR,TAKE BACK RETURN,23.00,38151.25,0.06,1996-11-06,5-LOW,232343.67,Customer#000000343,HOUSEHOLD,5521.36,CANADA,AMERICA,"Nation: JORDAN
Return a single YES or NO, with no other words. If uncertain, return YES.",True
758,yellow orchid dim cyan burlywood,ECONOMY ANODIZED TIN,MED BOX,6210,AIR,TAKE BACK RETURN,23.00,38151.25,0.06,1996-11-06,5-LOW,232343.67,Customer#000000343,HOUSEHOLD,5521.36,CANADA,AMERICA,"Nation: KENYA
Return a single YES or NO, with no other words. If uncertain, return YES.",True
758,yellow orchid dim cyan burlywood,ECONOMY ANODIZED TIN,MED BOX,6210,AIR,TAKE BACK RETURN,23.00,38151.25,0.06,1996-11-06,5-LOW,232343.67,Customer#000000343,HOUSEHOLD,5521.36,CANADA,AMERICA,"Nation: MOROCCO
Return a single YES or NO, with no other words. If uncertain, return YES.",True
758,yellow orchid dim cyan burlywood,ECONOMY ANODIZED TIN,MED BOX,6210,AIR,TAKE BACK RETURN,23.00,38151.25,0.06,1996-11-06,5-LOW,232343.67,Customer#000000343,HOUSEHOLD,5521.36,CANADA,AMERICA,"Nation: MOZAMBIQUE
Return a single YES or NO, with no other words. If uncertain, return YES.",True
758,yellow orchid dim cyan burlywood,ECONOMY ANODIZED TIN,MED BOX,6210,AIR,TAKE BACK RETURN,23.00,38151.25,0.06,1996-11-06,5-LOW,232343.67,Customer#000000343,HOUSEHOLD,5521.36,CANADA,AMERICA,"Nation: PERU
Return a single YES or NO, with no other words. If uncertain, return YES.",True
758,yellow orchid dim cyan burlywood,ECONOMY ANODIZED TIN,MED BOX,6210,AIR,TAKE BACK RETURN,23.00,38151.25,0.06,1996-11-06,5-LOW,232343.67,Customer#000000343,HOUSEHOLD,5521.36,CANADA,AMERICA,"Nation: CHINA
Return a single YES or NO, with no other words. If uncertain, return YES.",True
758,yellow orchid dim cyan burlywood,ECONOMY ANODIZED TIN,MED BOX,6210,AIR,TAKE BACK RETURN,23.00,38151.25,0.06,1996-11-06,5-LOW,232343.67,Customer#000000343,HOUSEHOLD,5521.36,CANADA,AMERICA,"Nation: ROMANIA
Return a single YES or NO, with no other words. If uncertain, return YES.",True
758,yellow orchid dim cyan burlywood,ECONOMY ANODIZED TIN,MED BOX,6210,AIR,TAKE BACK RETURN,23.00,38151.25,0.06,1996-11-06,5-LOW,232343.67,Customer#000000343,HOUSEHOLD,5521.36,CANADA,AMERICA,"Nation: SAUDI ARABIA
Return a single YES or NO, with no other words. If uncertain, return YES.",True
758,yellow orchid dim cyan burlywood,ECONOMY ANODIZED TIN,MED BOX,6210,AIR,TAKE BACK RETURN,23.00,38151.25,0.06,1996-11-06,5-LOW,232343.67,Customer#000000343,HOUSEHOLD,5521.36,CANADA,AMERICA,"Nation: VIETNAM
Return a single YES or NO, with no other words. If uncertain, return YES.",True
758,yellow orchid dim cyan burlywood,ECONOMY ANODIZED TIN,MED BOX,6210,AIR,TAKE BACK RETURN,23.00,38151.25,0.06,1996-11-06,5-LOW,232343.67,Customer#000000343,HOUSEHOLD,5521.36,CANADA,AMERICA,"Nation: RUSSIA
Return a single YES or NO, with no other words. If uncertain, return YES.",True
758,yellow orchid dim cyan burlywood,ECONOMY ANODIZED TIN,MED BOX,6210,AIR,TAKE BACK RETURN,23.00,38151.25,0.06,1996-11-06,5-LOW,232343.67,Customer#000000343,HOUSEHOLD,5521.36,CANADA,AMERICA,"Nation: UNITED KINGDOM
Return a single YES or NO, with no other words. If uncertain, return YES.",True
758,yellow orchid dim cyan burlywood,ECONOMY ANODIZED TIN,MED BOX,6210,AIR,TAKE BACK RETURN,23.00,38151.25,0.06,1996-11-06,5-LOW,232343.67,Customer#000000343,HOUSEHOLD,5521.36,CANADA,AMERICA,"Nation: UNITED STATES
Return a single YES or NO, with no other words. If uncertain, return YES.",True
821,smoke drab rose hot spring,PROMO POLISHED TIN,MED BOX,10049,MAIL,DELIVER IN PERSON,30.00,51654.60,0.09,1997-07-23,1-URGENT,167455.41,Customer#000000343,HOUSEHOLD,5521.36,CANADA,AMERICA,"Nation: ALGERIA
Return a single YES or NO, with no other words. If uncertain, return YES.",True
821,smoke drab rose hot spring,PROMO POLISHED TIN,MED BOX,10049,MAIL,DELIVER IN PERSON,30.00,51654.60,0.09,1997-07-23,1-URGENT,167455.41,Customer#000000343,HOUSEHOLD,5521.36,CANADA,AMERICA,"Nation: ARGENTINA
Return a single YES or NO, with no other words. If uncertain, return YES.",True
821,smoke drab rose hot spring,PROMO POLISHED TIN,MED BOX,10049,MAIL,DELIVER IN PERSON,30.00,51654.60,0.09,1997-07-23,1-URGENT,167455.41,Customer#000000343,HOUSEHOLD,5521.36,CANADA,AMERICA,"Nation: BRAZIL
Return a single YES or NO, with no other words. If uncertain, return YES.",True
821,smoke drab rose hot spring,PROMO POLISHED TIN,MED BOX,10049,MAIL,DELIVER IN PERSON,30.00,51654.60,0.09,1997-07-23,1-URGENT,167455.41,Customer#000000343,HOUSEHOLD,5521.36,CANADA,AMERICA,"Nation: CANADA
Return a single YES or NO, with no other words. If uncertain, return YES.",True
821,smoke drab rose hot spring,PROMO POLISHED TIN,MED BOX,10049,MAIL,DELIVER IN PERSON,30.00,51654.60,0.09,1997-07-23,1-URGENT,167455.41,Customer#000000343,HOUSEHOLD,5521.36,CANADA,AMERICA,"Nation: EGYPT
Return a single YES or NO, with no other words. If uncertain, return YES.",True
821,smoke drab rose hot spring,PROMO POLISHED TIN,MED BOX,10049,MAIL,DELIVER IN PERSON,30.00,51654.60,0.09,1997-07-23,1-URGENT,167455.41,Customer#000000343,HOUSEHOLD,5521.36,CANADA,AMERICA,"Nation: ETHIOPIA
Return a single YES or NO, with no other words. If uncertain, return YES.",True
821,smoke drab rose hot spring,PROMO POLISHED TIN,MED BOX,10049,MAIL,DELIVER IN PERSON,30.00,51654.60,0.09,1997-07-23,1-URGENT,167455.41,Customer#000000343,HOUSEHOLD,5521.36,CANADA,AMERICA,"Nation: FRANCE
Return a single YES or NO, with no other words. If uncertain, return YES.",True
821,smoke drab rose hot spring,PROMO POLISHED TIN,MED BOX,10049,MAIL,DELIVER IN PERSON,30.00,51654.60,0.09,1997-07-23,1-URGENT,167455.41,Customer#000000343,HOUSEHOLD,5521.36,CANADA,AMERICA,"Nation: GERMANY
Return a single YES or NO, with no other words. If uncertain, return YES.",True
821,smoke drab rose hot spring,PROMO POLISHED TIN,MED BOX,10049,MAIL,DELIVER IN PERSON,30.00,51654.60,0.09,1997-07-23,1-URGENT,167455.41,Customer#000000343,HOUSEHOLD,5521.36,CANADA,AMERICA,"Nation: INDIA
Return a single YES or NO, with no other words. If uncertain, return YES.",True
821,smoke drab rose hot spring,PROMO POLISHED TIN,MED BOX,10049,MAIL,DELIVER IN PERSON,30.00,51654.60,0.09,1997-07-23,1-URGENT,167455.41,Customer#000000343,HOUSEHOLD,5521.36,CANADA,AMERICA,"Nation: INDONESIA
Return a single YES or NO, with no other words. If uncertain, return YES.",True
821,smoke drab rose hot spring,PROMO POLISHED TIN,MED BOX,10049,MAIL,DELIVER IN PERSON,30.00,51654.60,0.09,1997-07-23,1-URGENT,167455.41,Customer#000000343,HOUSEHOLD,5521.36,CANADA,AMERICA,"Nation: IRAN
Return a single YES or NO, with no other words. If uncertain, return YES.",True
821,smoke drab rose hot spring,PROMO POLISHED TIN,MED BOX,10049,MAIL,DELIVER IN PERSON,30.00,51654.60,0.09,1997-07-23,1-URGENT,167455.41,Customer#000000343,HOUSEHOLD,5521.36,CANADA,AMERICA,"Nation: IRAQ
Return a single YES or NO, with no other words. If uncertain, return YES.",True
821,smoke drab rose hot spring,PROMO POLISHED TIN,MED BOX,10049,MAIL,DELIVER IN PERSON,30.00,51654.60,0.09,1997-07-23,1-URGENT,167455.41,Customer#000000343,HOUSEHOLD,5521.36,CANADA,AMERICA,"Nation: JAPAN
Return a single YES or NO, with no other words. If uncertain, return YES.",True
821,smoke drab rose hot spring,PROMO POLISHED TIN,MED BOX,10049,MAIL,DELIVER IN PERSON,30.00,51654.60,0.09,1997-07-23,1-URGENT,167455.41,Customer#000000343,HOUSEHOLD,5521.36,CANADA,AMERICA,"Nation: JORDAN
Return a single YES or NO, with no other words. If uncertain, return YES.",True
821,smoke drab rose hot spring,PROMO POLISHED TIN,MED BOX,10049,MAIL,DELIVER IN PERSON,30.00,51654.60,0.09,1997-07-23,1-URGENT,167455.41,Customer#000000343,HOUSEHOLD,5521.36,CANADA,AMERICA,"Nation: KENYA
Return a single YES or NO, with no other words. If uncertain, return YES.",True
821,smoke drab rose hot spring,PROMO POLISHED TIN,MED BOX,10049,MAIL,DELIVER IN PERSON,30.00,51654.60,0.09,1997-07-23,1-URGENT,167455.41,Customer#000000343,HOUSEHOLD,5521.36,CANADA,AMERICA,"Nation: MOROCCO
Return a single YES or NO, with no other words. If uncertain, return YES.",True
821,smoke drab rose hot spring,PROMO POLISHED TIN,MED BOX,10049,MAIL,DELIVER IN PERSON,30.00,51654.60,0.09,1997-07-23,1-URGENT,167455.41,Customer#000000343,HOUSEHOLD,5521.36,CANADA,AMERICA,"Nation: MOZAMBIQUE
Return a single YES or NO, with no other words. If uncertain, return YES.",True
821,smoke drab rose hot spring,PROMO POLISHED TIN,MED BOX,10049,MAIL,DELIVER IN PERSON,30.00,51654.60,0.09,1997-07-23,1-URGENT,167455.41,Customer#000000343,HOUSEHOLD,5521.36,CANADA,AMERICA,"Nation: PERU
Return a single YES or NO, with no other words. If uncertain, return YES.",True
821,smoke drab rose hot spring,PROMO POLISHED TIN,MED BOX,10049,MAIL,DELIVER IN PERSON,30.00,51654.60,0.09,1997-07-23,1-URGENT,167455.41,Customer#000000343,HOUSEHOLD,5521.36,CANADA,AMERICA,"Nation: CHINA
Return a single YES or NO, with no other words. If uncertain, return YES.",True
821,smoke drab rose hot spring,PROMO POLISHED TIN,MED BOX,10049,MAIL,DELIVER IN PERSON,30.00,51654.60,0.09,1997-07-23,1-URGENT,167455.41,Customer#000000343,HOUSEHOLD,5521.36,CANADA,AMERICA,"Nation: ROMANIA
Return a single YES or NO, with no other words. If uncertain, return YES.",True
821,smoke drab rose hot spring,PROMO POLISHED TIN,MED BOX,10049,MAIL,DELIVER IN PERSON,30.00,51654.60,0.09,1997-07-23,1-URGENT,167455.41,Customer#000000343,HOUSEHOLD,5521.36,CANADA,AMERICA,"Nation: SAUDI ARABIA
Return a single YES or NO, with no other words. If uncertain, return YES.",True
821,smoke drab rose hot spring,PROMO POLISHED TIN,MED BOX,10049,MAIL,DELIVER IN PERSON,30.00,51654.60,0.09,1997-07-23,1-URGENT,167455.41,Customer#000000343,HOUSEHOLD,5521.36,CANADA,AMERICA,"Nation: VIETNAM
Return a single YES or NO, with no other words. If uncertain, return YES.",True
821,smoke drab rose hot spring,PROMO POLISHED TIN,MED BOX,10049,MAIL,DELIVER IN PERSON,30.00,51654.60,0.09,1997-07-23,1-URGENT,167455.41,Customer#000000343,HOUSEHOLD,5521.36,CANADA,AMERICA,"Nation: RUSSIA
Return a single YES or NO, with no other words. If uncertain, return YES.",True
821,smoke drab rose hot spring,PROMO POLISHED TIN,MED BOX,10049,MAIL,DELIVER IN PERSON,30.00,51654.60,0.09,1997-07-23,1-URGENT,167455.41,Customer#000000343,HOUSEHOLD,5521.36,CANADA,AMERICA,"Nation: UNITED KINGDOM
Return a single YES or NO, with no other words. If uncertain, return YES.",True
821,smoke drab rose hot spring,PROMO POLISHED TIN,MED BOX,10049,MAIL,DELIVER IN PERSON,30.00,51654.60,0.09,1997-07-23,1-URGENT,167455.41,Customer#000000343,HOUSEHOLD,5521.36,CANADA,AMERICA,"Nation: UNITED STATES
Return a single YES or NO, with no other words. If uncertain, return YES.",True
450,sky lace green pale lime,MEDIUM BURNISHED TIN,SM CASE,10694,REG AIR,TAKE BACK RETURN,15.00,20256.75,0.07,1997-12-05,2-HIGH,196213.05,Customer#000000712,BUILDING,8667.09,FRANCE,EUROPE,"Nation: ALGERIA
Return a single YES or NO, with no other words. If uncertain, return YES.",True
450,sky lace green pale lime,MEDIUM BURNISHED TIN,SM CASE,10694,REG AIR,TAKE BACK RETURN,15.00,20256.75,0.07,1997-12-05,2-HIGH,196213.05,Customer#000000712,BUILDING,8667.09,FRANCE,EUROPE,"Nation: ARGENTINA
Return a single YES or NO, with no other words. If uncertain, return YES.",True
450,sky lace green pale lime,MEDIUM BURNISHED TIN,SM CASE,10694,REG AIR,TAKE BACK RETURN,15.00,20256.75,0.07,1997-12-05,2-HIGH,196213.05,Customer#000000712,BUILDING,8667.09,FRANCE,EUROPE,"Nation: BRAZIL
Return a single YES or NO, with no other words. If uncertain, return YES.",True
450,sky lace green pale lime,MEDIUM BURNISHED TIN,SM CASE,10694,REG AIR,TAKE BACK RETURN,15.00,20256.75,0.07,1997-12-05,2-HIGH,196213.05,Customer#000000712,BUILDING,8667.09,FRANCE,EUROPE,"Nation: CANADA
Return a single YES or NO, with no other words. If uncertain, return YES.",True
450,sky lace green pale lime,MEDIUM BURNISHED TIN,SM CASE,10694,REG AIR,TAKE BACK RETURN,15.00,20256.75,0.07,1997-12-05,2-HIGH,196213.05,Customer#000000712,BUILDING,8667.09,FRANCE,EUROPE,"Nation: EGYPT
Return a single YES or NO, with no other words. If uncertain, return YES.",True
450,sky lace green pale lime,MEDIUM BURNISHED TIN,SM CASE,10694,REG AIR,TAKE BACK RETURN,15.00,20256.75,0.07,1997-12-05,2-HIGH,196213.05,Customer#000000712,BUILDING,8667.09,FRANCE,EUROPE,"Nation: ETHIOPIA
Return a single YES or NO, with no other words. If uncertain, return YES.",True
450,sky lace green pale lime,MEDIUM BURNISHED TIN,SM CASE,10694,REG AIR,TAKE BACK RETURN,15.00,20256.75,0.07,1997-12-05,2-HIGH,196213.05,Customer#000000712,BUILDING,8667.09,FRANCE,EUROPE,"Nation: FRANCE
Return a single YES or NO, with no other words. If uncertain, return YES.",True
450,sky lace green pale lime,MEDIUM BURNISHED TIN,SM CASE,10694,REG AIR,TAKE BACK RETURN,15.00,20256.75,0.07,1997-12-05,2-HIGH,196213.05,Customer#000000712,BUILDING,8667.09,FRANCE,EUROPE,"Nation: GERMANY
Return a single YES or NO, with no other words. If uncertain, return YES.",True
450,sky lace green pale lime,MEDIUM BURNISHED TIN,SM CASE,10694,REG AIR,TAKE BACK RETURN,15.00,20256.75,0.07,1997-12-05,2-HIGH,196213.05,Customer#000000712,BUILDING,8667.09,FRANCE,EUROPE,"Nation: INDIA
Return a single YES or NO, with no other words. If uncertain, return YES.",True
450,sky lace green pale lime,MEDIUM BURNISHED TIN,SM CASE,10694,REG AIR,TAKE BACK RETURN,15.00,20256.75,0.07,1997-12-05,2-HIGH,196213.05,Customer#000000712,BUILDING,8667.09,FRANCE,EUROPE,"Nation: INDONESIA
Return a single YES or NO, with no other words. If uncertain, return YES.",True
450,sky lace green pale lime,MEDIUM BURNISHED TIN,SM CASE,10694,REG AIR,TAKE BACK RETURN,15.00,20256.75,0.07,1997-12-05,2-HIGH,196213.05,Customer#000000712,BUILDING,8667.09,FRANCE,EUROPE,"Nation: IRAN
Return a single YES or NO, with no other words. If uncertain, return YES.",True
450,sky lace green pale lime,MEDIUM BURNISHED TIN,SM CASE,10694,REG AIR,TAKE BACK RETURN,15.00,20256.75,0.07,1997-12-05,2-HIGH,196213.05,Customer#000000712,BUILDING,8667.09,FRANCE,EUROPE,"Nation: IRAQ
Return a single YES or NO, with no other words. If uncertain, return YES.",True
450,sky lace green pale lime,MEDIUM BURNISHED TIN,SM CASE,10694,REG AIR,TAKE BACK RETURN,15.00,20256.75,0.07,1997-12-05,2-HIGH,196213.05,Customer#000000712,BUILDING,8667.09,FRANCE,EUROPE,"Nation: JAPAN
Return a single YES or NO, with no other words. If uncertain, return YES.",True
450,sky lace green pale lime,MEDIUM BURNISHED TIN,SM CASE,10694,REG AIR,TAKE BACK RETURN,15.00,20256.75,0.07,1997-12-05,2-HIGH,196213.05,Customer#000000712,BUILDING,8667.09,FRANCE,EUROPE,"Nation: JORDAN
Return a single YES or NO, with no other words. If uncertain, return YES.",True
450,sky lace green pale lime,MEDIUM BURNISHED TIN,SM CASE,10694,REG AIR,TAKE BACK RETURN,15.00,20256.75,0.07,1997-12-05,2-HIGH,196213.05,Customer#000000712,BUILDING,8667.09,FRANCE,EUROPE,"Nation: KENYA
Return a single YES or NO, with no other words. If uncertain, return YES.",True
450,sky lace green pale lime,MEDIUM BURNISHED TIN,SM CASE,10694,REG AIR,TAKE BACK RETURN,15.00,20256.75,0.07,1997-12-05,2-HIGH,196213.05,Customer#000000712,BUILDING,8667.09,FRANCE,EUROPE,"Nation: MOROCCO
Return a single YES or NO, with no other words. If uncertain, return YES.",True
450,sky lace green pale lime,MEDIUM BURNISHED TIN,SM CASE,10694,REG AIR,TAKE BACK RETURN,15.00,20256.75,0.07,1997-12-05,2-HIGH,196213.05,Customer#000000712,BUILDING,8667.09,FRANCE,EUROPE,"Nation: MOZAMBIQUE
Return a single YES or NO, with no other words. If uncertain, return YES.",True
450,sky lace green pale lime,MEDIUM BURNISHED TIN,SM CASE,10694,REG AIR,TAKE BACK RETURN,15.00,20256.75,0.07,1997-12-05,2-HIGH,196213.05,Customer#000000712,BUILDING,8667.09,FRANCE,EUROPE,"Nation: PERU
Return a single YES or NO, with no other words. If uncertain, return YES.",True
450,sky lace green pale lime,MEDIUM BURNISHED TIN,SM CASE,10694,REG AIR,TAKE BACK RETURN,15.00,20256.75,0.07,1997-12-05,2-HIGH,196213.05,Customer#000000712,BUILDING,8667.09,FRANCE,EUROPE,"Nation: CHINA
Return a single YES or NO, with no other words. If uncertain, return YES.",True
450,sky lace green pale lime,MEDIUM BURNISHED TIN,SM CASE,10694,REG AIR,TAKE BACK RETURN,15.00,20256.75,0.07,1997-12-05,2-HIGH,196213.05,Customer#000000712,BUILDING,8667.09,FRANCE,EUROPE,"Nation: ROMANIA
Return a single YES or NO, with no other words. If uncertain, return YES.",True
450,sky lace green pale lime,MEDIUM BURNISHED TIN,SM CASE,10694,REG AIR,TAKE BACK RETURN,15.00,20256.75,0.07,1997-12-05,2-HIGH,196213.05,Customer#000000712,BUILDING,8667.09,FRANCE,EUROPE,"Nation: SAUDI ARABIA
Return a single YES or NO, with no other words. If uncertain, return YES.",True
450,sky lace green pale lime,MEDIUM BURNISHED TIN,SM CASE,10694,REG AIR,TAKE BACK RETURN,15.00,20256.75,0.07,1997-12-05,2-HIGH,196213.05,Customer#000000712,BUILDING,8667.09,FRANCE,EUROPE,"Nation: VIETNAM
Return a single YES or NO, with no other words. If uncertain, return YES.",True
450,sky lace green pale lime,MEDIUM BURNISHED TIN,SM CASE,10694,REG AIR,TAKE BACK RETURN,15.00,20256.75,0.07,1997-12-05,2-HIGH,196213.05,Customer#000000712,BUILDING,8667.09,FRANCE,EUROPE,"Nation: RUSSIA
Return a single YES or NO, with no other words. If uncertain, return YES.",True
450,sky lace green pale lime,MEDIUM BURNISHED TIN,SM CASE,10694,REG AIR,TAKE BACK RETURN,15.00,20256.75,0.07,1997-12-05,2-HIGH,196213.05,Customer#000000712,BUILDING,8667.09,FRANCE,EUROPE,"Nation: UNITED KINGDOM
Return a single YES or NO, with no other words. If uncertain, return YES.",True
450,sky lace green pale lime,MEDIUM BURNISHED TIN,SM CASE,10694,REG AIR,TAKE BACK RETURN,15.00,20256.75,0.07,1997-12-05,2-HIGH,196213.05,Customer#000000712,BUILDING,8667.09,FRANCE,EUROPE,"Nation: UNITED STATES
Return a single YES or NO, with no other words. If uncertain, return YES.",True
826,ghost rosy beige salmon lemon,ECONOMY PLATED TIN,SM CASE,12868,MAIL,DELIVER IN PERSON,45.00,77706.90,0.06,1995-03-02,1-URGENT,212378.63,Customer#000000521,MACHINERY,5830.69,BRAZIL,AMERICA,"Nation: ALGERIA
Return a single YES or NO, with no other words. If uncertain, return YES.",True
826,ghost rosy beige salmon lemon,ECONOMY PLATED TIN,SM CASE,12868,MAIL,DELIVER IN PERSON,45.00,77706.90,0.06,1995-03-02,1-URGENT,212378.63,Customer#000000521,MACHINERY,5830.69,BRAZIL,AMERICA,"Nation: ARGENTINA
Return a single YES or NO, with no other words. If uncertain, return YES.",True
826,ghost rosy beige salmon lemon,ECONOMY PLATED TIN,SM CASE,12868,MAIL,DELIVER IN PERSON,45.00,77706.90,0.06,1995-03-02,1-URGENT,212378.63,Customer#000000521,MACHINERY,5830.69,BRAZIL,AMERICA,"Nation: BRAZIL
Return a single YES or NO, with no other words. If uncertain, return YES.",True
826,ghost rosy beige salmon lemon,ECONOMY PLATED TIN,SM CASE,12868,MAIL,DELIVER IN PERSON,45.00,77706.90,0.06,1995-03-02,1-URGENT,212378.63,Customer#000000521,MACHINERY,5830.69,BRAZIL,AMERICA,"Nation: CANADA
Return a single YES or NO, with no other words. If uncertain, return YES.",True
826,ghost rosy beige salmon lemon,ECONOMY PLATED TIN,SM CASE,12868,MAIL,DELIVER IN PERSON,45.00,77706.90,0.06,1995-03-02,1-URGENT,212378.63,Customer#000000521,MACHINERY,5830.69,BRAZIL,AMERICA,"Nation: EGYPT
Return a single YES or NO, with no other words. If uncertain, return YES.",True
826,ghost rosy beige salmon lemon,ECONOMY PLATED TIN,SM CASE,12868,MAIL,DELIVER IN PERSON,45.00,77706.90,0.06,1995-03-02,1-URGENT,212378.63,Customer#000000521,MACHINERY,5830.69,BRAZIL,AMERICA,"Nation: ETHIOPIA
Return a single YES or NO, with no other words. If uncertain, return YES.",True
826,ghost rosy beige salmon lemon,ECONOMY PLATED TIN,SM CASE,12868,MAIL,DELIVER IN PERSON,45.00,77706.90,0.06,1995-03-02,1-URGENT,212378.63,Customer#000000521,MACHINERY,5830.69,BRAZIL,AMERICA,"Nation: FRANCE
Return a single YES or NO, with no other words. If uncertain, return YES.",True
826,ghost rosy beige salmon lemon,ECONOMY PLATED TIN,SM CASE,12868,MAIL,DELIVER IN PERSON,45.00,77706.90,0.06,1995-03-02,1-URGENT,212378.63,Customer#000000521,MACHINERY,5830.69,BRAZIL,AMERICA,"Nation: GERMANY
Return a single YES or NO, with no other words. If uncertain, return YES.",True
826,ghost rosy beige salmon lemon,ECONOMY PLATED TIN,SM CASE,12868,MAIL,DELIVER IN PERSON,45.00,77706.90,0.06,1995-03-02,1-URGENT,212378.63,Customer#000000521,MACHINERY,5830.69,BRAZIL,AMERICA,"Nation: INDIA
Return a single YES or NO, with no other words. If uncertain, return YES.",True
826,ghost rosy beige salmon lemon,ECONOMY PLATED TIN,SM CASE,12868,MAIL,DELIVER IN PERSON,45.00,77706.90,0.06,1995-03-02,1-URGENT,212378.63,Customer#000000521,MACHINERY,5830.69,BRAZIL,AMERICA,"Nation: INDONESIA
Return a single YES or NO, with no other words. If uncertain, return YES.",True
826,ghost rosy beige salmon lemon,ECONOMY PLATED TIN,SM CASE,12868,MAIL,DELIVER IN PERSON,45.00,77706.90,0.06,1995-03-02,1-URGENT,212378.63,Customer#000000521,MACHINERY,5830.69,BRAZIL,AMERICA,"Nation: IRAN
Return a single YES or NO, with no other words. If uncertain, return YES.",True
826,ghost rosy beige salmon lemon,ECONOMY PLATED TIN,SM CASE,12868,MAIL,DELIVER IN PERSON,45.00,77706.90,0.06,1995-03-02,1-URGENT,212378.63,Customer#000000521,MACHINERY,5830.69,BRAZIL,AMERICA,"Nation: IRAQ
Return a single YES or NO, with no other words. If uncertain, return YES.",True
826,ghost rosy beige salmon lemon,ECONOMY PLATED TIN,SM CASE,12868,MAIL,DELIVER IN PERSON,45.00,77706.90,0.06,1995-03-02,1-URGENT,212378.63,Customer#000000521,MACHINERY,5830.69,BRAZIL,AMERICA,"Nation: JAPAN
Return a single YES or NO, with no other words. If uncertain, return YES.",True
826,ghost rosy beige salmon lemon,ECONOMY PLATED TIN,SM CASE,12868,MAIL,DELIVER IN PERSON,45.00,77706.90,0.06,1995-03-02,1-URGENT,212378.63,Customer#000000521,MACHINERY,5830.69,BRAZIL,AMERICA,"Nation: JORDAN
Return a single YES or NO, with no other words. If uncertain, return YES.",True
826,ghost rosy beige salmon lemon,ECONOMY PLATED TIN,SM CASE,12868,MAIL,DELIVER IN PERSON,45.00,77706.90,0.06,1995-03-02,1-URGENT,212378.63,Customer#000000521,MACHINERY,5830.69,BRAZIL,AMERICA,"Nation: KENYA
Return a single YES or NO, with no other words. If uncertain, return YES.",True
826,ghost rosy beige salmon lemon,ECONOMY PLATED TIN,SM CASE,12868,MAIL,DELIVER IN PERSON,45.00,77706.90,0.06,1995-03-02,1-URGENT,212378.63,Customer#000000521,MACHINERY,5830.69,BRAZIL,AMERICA,"Nation: MOROCCO
Return a single YES or NO, with no other words. If uncertain, return YES.",True
826,ghost rosy beige salmon lemon,ECONOMY PLATED TIN,SM CASE,12868,MAIL,DELIVER IN PERSON,45.00,77706.90,0.06,1995-03-02,1-URGENT,212378.63,Customer#000000521,MACHINERY,5830.69,BRAZIL,AMERICA,"Nation: MOZAMBIQUE
Return a single YES or NO, with no other words. If uncertain, return YES.",True
826,ghost rosy beige salmon lemon,ECONOMY PLATED TIN,SM CASE,12868,MAIL,DELIVER IN PERSON,45.00,77706.90,0.06,1995-03-02,1-URGENT,212378.63,Customer#000000521,MACHINERY,5830.69,BRAZIL,AMERICA,"Nation: PERU
Return a single YES or NO, with no other words. If uncertain, return YES.",True
826,ghost rosy beige salmon lemon,ECONOMY PLATED TIN,SM CASE,12868,MAIL,DELIVER IN PERSON,45.00,77706.90,0.06,1995-03-02,1-URGENT,212378.63,Customer#000000521,MACHINERY,5830.69,BRAZIL,AMERICA,"Nation: CHINA
Return a single YES or NO, with no other words. If uncertain, return YES.",True
826,ghost rosy beige salmon lemon,ECONOMY PLATED TIN,SM CASE,12868,MAIL,DELIVER IN PERSON,45.00,77706.90,0.06,1995-03-02,1-URGENT,212378.63,Customer#000000521,MACHINERY,5830.69,BRAZIL,AMERICA,"Nation: ROMANIA
Return a single YES or NO, with no other words. If uncertain, return YES.",True
826,ghost rosy beige salmon lemon,ECONOMY PLATED TIN,SM CASE,12868,MAIL,DELIVER IN PERSON,45.00,77706.90,0.06,1995-03-02,1-URGENT,212378.63,Customer#000000521,MACHINERY,5830.69,BRAZIL,AMERICA,"Nation: SAUDI ARABIA
Return a single YES or NO, with no other words. If uncertain, return YES.",True
826,ghost rosy beige salmon lemon,ECONOMY PLATED TIN,SM CASE,12868,MAIL,DELIVER IN PERSON,45.00,77706.90,0.06,1995-03-02,1-URGENT,212378.63,Customer#000000521,MACHINERY,5830.69,BRAZIL,AMERICA,"Nation: VIETNAM
Return a single YES or NO, with no other words. If uncertain, return YES.",True
826,ghost rosy beige salmon lemon,ECONOMY PLATED TIN,SM CASE,12868,MAIL,DELIVER IN PERSON,45.00,77706.90,0.06,1995-03-02,1-URGENT,212378.63,Customer#000000521,MACHINERY,5830.69,BRAZIL,AMERICA,"Nation: RUSSIA
Return a single YES or NO, with no other words. If uncertain, return YES.",True
826,ghost rosy beige salmon lemon,ECONOMY PLATED TIN,SM CASE,12868,MAIL,DELIVER IN PERSON,45.00,77706.90,0.06,1995-03-02,1-URGENT,212378.63,Customer#000000521,MACHINERY,5830.69,BRAZIL,AMERICA,"Nation: UNITED KINGDOM
Return a single YES or NO, with no other words. If uncertain, return YES.",True
826,ghost rosy beige salmon lemon,ECONOMY PLATED TIN,SM CASE,12868,MAIL,DELIVER IN PERSON,45.00,77706.90,0.06,1995-03-02,1-URGENT,212378.63,Customer#000000521,MACHINERY,5830.69,BRAZIL,AMERICA,"Nation: UNITED STATES
Return a single YES or NO, with no other words. If uncertain, return YES.",True
758,yellow orchid dim cyan burlywood,ECONOMY ANODIZED TIN,MED BOX,15875,MAIL,DELIVER IN PERSON,21.00,34833.75,0.03,1996-09-01,3-MEDIUM,179557.05,Customer#000000406,FURNITURE,4286.94,INDONESIA,ASIA,"Nation: ALGERIA
Return a single YES or NO, with no other words. If uncertain, return YES.",True
758,yellow orchid dim cyan burlywood,ECONOMY ANODIZED TIN,MED BOX,15875,MAIL,DELIVER IN PERSON,21.00,34833.75,0.03,1996-09-01,3-MEDIUM,179557.05,Customer#000000406,FURNITURE,4286.94,INDONESIA,ASIA,"Nation: ARGENTINA
Return a single YES or NO, with no other words. If uncertain, return YES.",True
758,yellow orchid dim cyan burlywood,ECONOMY ANODIZED TIN,MED BOX,15875,MAIL,DELIVER IN PERSON,21.00,34833.75,0.03,1996-09-01,3-MEDIUM,179557.05,Customer#000000406,FURNITURE,4286.94,INDONESIA,ASIA,"Nation: BRAZIL
Return a single YES or NO, with no other words. If uncertain, return YES.",True
758,yellow orchid dim cyan burlywood,ECONOMY ANODIZED TIN,MED BOX,15875,MAIL,DELIVER IN PERSON,21.00,34833.75,0.03,1996-09-01,3-MEDIUM,179557.05,Customer#000000406,FURNITURE,4286.94,INDONESIA,ASIA,"Nation: CANADA
Return a single YES or NO, with no other words. If uncertain, return YES.",True
758,yellow orchid dim cyan burlywood,ECONOMY ANODIZED TIN,MED BOX,15875,MAIL,DELIVER IN PERSON,21.00,34833.75,0.03,1996-09-01,3-MEDIUM,179557.05,Customer#000000406,FURNITURE,4286.94,INDONESIA,ASIA,"Nation: EGYPT
Return a single YES or NO, with no other words. If uncertain, return YES.",True
758,yellow orchid dim cyan burlywood,ECONOMY ANODIZED TIN,MED BOX,15875,MAIL,DELIVER IN PERSON,21.00,34833.75,0.03,1996-09-01,3-MEDIUM,179557.05,Customer#000000406,FURNITURE,4286.94,INDONESIA,ASIA,"Nation: ETHIOPIA
Return a single YES or NO, with no other words. If uncertain, return YES.",True
758,yellow orchid dim cyan burlywood,ECONOMY ANODIZED TIN,MED BOX,15875,MAIL,DELIVER IN PERSON,21.00,34833.75,0.03,1996-09-01,3-MEDIUM,179557.05,Customer#000000406,FURNITURE,4286.94,INDONESIA,ASIA,"Nation: FRANCE
Return a single YES or NO, with no other words. If uncertain, return YES.",True
758,yellow orchid dim cyan burlywood,ECONOMY ANODIZED TIN,MED BOX,15875,MAIL,DELIVER IN PERSON,21.00,34833.75,0.03,1996-09-01,3-MEDIUM,179557.05,Customer#000000406,FURNITURE,4286.94,INDONESIA,ASIA,"Nation: GERMANY
Return a single YES or NO, with no other words. If uncertain, return YES.",True
758,yellow orchid dim cyan burlywood,ECONOMY ANODIZED TIN,MED BOX,15875,MAIL,DELIVER IN PERSON,21.00,34833.75,0.03,1996-09-01,3-MEDIUM,179557.05,Customer#000000406,FURNITURE,4286.94,INDONESIA,ASIA,"Nation: INDIA
Return a single YES or NO, with no other words. If uncertain, return YES.",True
758,yellow orchid dim cyan burlywood,ECONOMY ANODIZED TIN,MED BOX,15875,MAIL,DELIVER IN PERSON,21.00,34833.75,0.03,1996-09-01,3-MEDIUM,179557.05,Customer#000000406,FURNITURE,4286.94,INDONESIA,ASIA,"Nation: INDONESIA
Return a single YES or NO, with no other words. If uncertain, return YES.",True
758,yellow orchid dim cyan burlywood,ECONOMY ANODIZED TIN,MED BOX,15875,MAIL,DELIVER IN PERSON,21.00,34833.75,0.03,1996-09-01,3-MEDIUM,179557.05,Customer#000000406,FURNITURE,4286.94,INDONESIA,ASIA,"Nation: IRAN
Return a single YES or NO, with no other words. If uncertain, return YES.",True
758,yellow orchid dim cyan burlywood,ECONOMY ANODIZED TIN,MED BOX,15875,MAIL,DELIVER IN PERSON,21.00,34833.75,0.03,1996-09-01,3-MEDIUM,179557.05,Customer#000000406,FURNITURE,4286.94,INDONESIA,ASIA,"Nation: IRAQ
Return a single YES or NO, with no other words. If uncertain, return YES.",True
758,yellow orchid dim cyan burlywood,ECONOMY ANODIZED TIN,MED BOX,15875,MAIL,DELIVER IN PERSON,21.00,34833.75,0.03,1996-09-01,3-MEDIUM,179557.05,Customer#000000406,FURNITURE,4286.94,INDONESIA,ASIA,"Nation: JAPAN
Return a single YES or NO, with no other words. If uncertain, return YES.",True
758,yellow orchid dim cyan burlywood,ECONOMY ANODIZED TIN,MED BOX,15875,MAIL,DELIVER IN PERSON,21.00,34833.75,0.03,1996-09-01,3-MEDIUM,179557.05,Customer#000000406,FURNITURE,4286.94,INDONESIA,ASIA,"Nation: JORDAN
Return a single YES or NO, with no other words. If uncertain, return YES.",True
758,yellow orchid dim cyan burlywood,ECONOMY ANODIZED TIN,MED BOX,15875,MAIL,DELIVER IN PERSON,21.00,34833.75,0.03,1996-09-01,3-MEDIUM,179557.05,Customer#000000406,FURNITURE,4286.94,INDONESIA,ASIA,"Nation: KENYA
Return a single YES or NO, with no other words. If uncertain, return YES.",True
758,yellow orchid dim cyan burlywood,ECONOMY ANODIZED TIN,MED BOX,15875,MAIL,DELIVER IN PERSON,21.00,34833.75,0.03,1996-09-01,3-MEDIUM,179557.05,Customer#000000406,FURNITURE,4286.94,INDONESIA,ASIA,"Nation: MOROCCO
Return a single YES or NO, with no other words. If uncertain, return YES.",True
758,yellow orchid dim cyan burlywood,ECONOMY ANODIZED TIN,MED BOX,15875,MAIL,DELIVER IN PERSON,21.00,34833.75,0.03,1996-09-01,3-MEDIUM,179557.05,Customer#000000406,FURNITURE,4286.94,INDONESIA,ASIA,"Nation: MOZAMBIQUE
Return a single YES or NO, with no other words. If uncertain, return YES.",True
758,yellow orchid dim cyan burlywood,ECONOMY ANODIZED TIN,MED BOX,15875,MAIL,DELIVER IN PERSON,21.00,34833.75,0.03,1996-09-01,3-MEDIUM,179557.05,Customer#000000406,FURNITURE,4286.94,INDONESIA,ASIA,"Nation: PERU
Return a single YES or NO, with no other words. If uncertain, return YES.",True
758,yellow orchid dim cyan burlywood,ECONOMY ANODIZED TIN,MED BOX,15875,MAIL,DELIVER IN PERSON,21.00,34833.75,0.03,1996-09-01,3-MEDIUM,179557.05,Customer#000000406,FURNITURE,4286.94,INDONESIA,ASIA,"Nation: CHINA
Return a single YES or NO, with no other words. If uncertain, return YES.",True
758,yellow orchid dim cyan burlywood,ECONOMY ANODIZED TIN,MED BOX,15875,MAIL,DELIVER IN PERSON,21.00,34833.75,0.03,1996-09-01,3-MEDIUM,179557.05,Customer#000000406,FURNITURE,4286.94,INDONESIA,ASIA,"Nation: ROMANIA
Return a single YES or NO, with no other words. If uncertain, return YES.",True
758,yellow orchid dim cyan burlywood,ECONOMY ANODIZED TIN,MED BOX,15875,MAIL,DELIVER IN PERSON,21.00,34833.75,0.03,1996-09-01,3-MEDIUM,179557.05,Customer#000000406,FURNITURE,4286.94,INDONESIA,ASIA,"Nation: SAUDI ARABIA
Return a single YES or NO, with no other words. If uncertain, return YES.",True
758,yellow orchid dim cyan burlywood,ECONOMY ANODIZED TIN,MED BOX,15875,MAIL,DELIVER IN PERSON,21.00,34833.75,0.03,1996-09-01,3-MEDIUM,179557.05,Customer#000000406,FURNITURE,4286.94,INDONESIA,ASIA,"Nation: VIETNAM
Return a single YES or NO, with no other words. If uncertain, return YES.",True
758,yellow orchid dim cyan burlywood,ECONOMY ANODIZED TIN,MED BOX,15875,MAIL,DELIVER IN PERSON,21.00,34833.75,0.03,1996-09-01,3-MEDIUM,179557.05,Customer#000000406,FURNITURE,4286.94,INDONESIA,ASIA,"Nation: RUSSIA
Return a single YES or NO, with no other words. If uncertain, return YES.",True
758,yellow orchid dim cyan burlywood,ECONOMY ANODIZED TIN,MED BOX,15875,MAIL,DELIVER IN PERSON,21.00,34833.75,0.03,1996-09-01,3-MEDIUM,179557.05,Customer#000000406,FURNITURE,4286.94,INDONESIA,ASIA,"Nation: UNITED KINGDOM
Return a single YES or NO, with no other words. If uncertain, return YES.",True
758,yellow orchid dim cyan burlywood,ECONOMY ANODIZED TIN,MED BOX,15875,MAIL,DELIVER IN PERSON,21.00,34833.75,0.03,1996-09-01,3-MEDIUM,179557.05,Customer#000000406,FURNITURE,4286.94,INDONESIA,ASIA,"Nation: UNITED STATES
Return a single YES or NO, with no other words. If uncertain, return YES.",True
618,ivory wheat smoke deep lemon,PROMO BRUSHED BRASS,LG BOX,27460,AIR,DELIVER IN PERSON,25.00,37965.25,0.06,1994-05-13,4-NOT SPECIFIED,272463.19,Customer#000000581,MACHINERY,3242.10,UNITED STATES,AMERICA,"Nation: ALGERIA
Return a single YES or NO, with no other words. If uncertain, return YES.",True
618,ivory wheat smoke deep lemon,PROMO BRUSHED BRASS,LG BOX,27460,AIR,DELIVER IN PERSON,25.00,37965.25,0.06,1994-05-13,4-NOT SPECIFIED,272463.19,Customer#000000581,MACHINERY,3242.10,UNITED STATES,AMERICA,"Nation: ARGENTINA
Return a single YES or NO, with no other words. If uncertain, return YES.",True
618,ivory wheat smoke deep lemon,PROMO BRUSHED BRASS,LG BOX,27460,AIR,DELIVER IN PERSON,25.00,37965.25,0.06,1994-05-13,4-NOT SPECIFIED,272463.19,Customer#000000581,MACHINERY,3242.10,UNITED STATES,AMERICA,"Nation: BRAZIL
Return a single YES or NO, with no other words. If uncertain, return YES.",True
618,ivory wheat smoke deep lemon,PROMO BRUSHED BRASS,LG BOX,27460,AIR,DELIVER IN PERSON,25.00,37965.25,0.06,1994-05-13,4-NOT SPECIFIED,272463.19,Customer#000000581,MACHINERY,3242.10,UNITED STATES,AMERICA,"Nation: CANADA
Return a single YES or NO, with no other words. If uncertain, return YES.",True
618,ivory wheat smoke deep lemon,PROMO BRUSHED BRASS,LG BOX,27460,AIR,DELIVER IN PERSON,25.00,37965.25,0.06,1994-05-13,4-NOT SPECIFIED,272463.19,Customer#000000581,MACHINERY,3242.10,UNITED STATES,AMERICA,"Nation: EGYPT
Return a single YES or NO, with no other words. If uncertain, return YES.",True
618,ivory wheat smoke deep lemon,PROMO BRUSHED BRASS,LG BOX,27460,AIR,DELIVER IN PERSON,25.00,37965.25,0.06,1994-05-13,4-NOT SPECIFIED,272463.19,Customer#000000581,MACHINERY,3242.10,UNITED STATES,AMERICA,"Nation: ETHIOPIA
Return a single YES or NO, with no other words. If uncertain, return YES.",True
618,ivory wheat smoke deep lemon,PROMO BRUSHED BRASS,LG BOX,27460,AIR,DELIVER IN PERSON,25.00,37965.25,0.06,1994-05-13,4-NOT SPECIFIED,272463.19,Customer#000000581,MACHINERY,3242.10,UNITED STATES,AMERICA,"Nation: FRANCE
Return a single YES or NO, with no other words. If uncertain, return YES.",True
618,ivory wheat smoke deep lemon,PROMO BRUSHED BRASS,LG BOX,27460,AIR,DELIVER IN PERSON,25.00,37965.25,0.06,1994-05-13,4-NOT SPECIFIED,272463.19,Customer#000000581,MACHINERY,3242.10,UNITED STATES,AMERICA,"Nation: GERMANY
Return a single YES or NO, with no other words. If uncertain, return YES.",True
618,ivory wheat smoke deep lemon,PROMO BRUSHED BRASS,LG BOX,27460,AIR,DELIVER IN PERSON,25.00,37965.25,0.06,1994-05-13,4-NOT SPECIFIED,272463.19,Customer#000000581,MACHINERY,3242.10,UNITED STATES,AMERICA,"Nation: INDIA
Return a single YES or NO, with no other words. If uncertain, return YES.",True
618,ivory wheat smoke deep lemon,PROMO BRUSHED BRASS,LG BOX,27460,AIR,DELIVER IN PERSON,25.00,37965.25,0.06,1994-05-13,4-NOT SPECIFIED,272463.19,Customer#000000581,MACHINERY,3242.10,UNITED STATES,AMERICA,"Nation: INDONESIA
Return a single YES or NO, with no other words. If uncertain, return YES.",True
618,ivory wheat smoke deep lemon,PROMO BRUSHED BRASS,LG BOX,27460,AIR,DELIVER IN PERSON,25.00,37965.25,0.06,1994-05-13,4-NOT SPECIFIED,272463.19,Customer#000000581,MACHINERY,3242.10,UNITED STATES,AMERICA,"Nation: IRAN
Return a single YES or NO, with no other words. If uncertain, return YES.",True
618,ivory wheat smoke deep lemon,PROMO BRUSHED BRASS,LG BOX,27460,AIR,DELIVER IN PERSON,25.00,37965.25,0.06,1994-05-13,4-NOT SPECIFIED,272463.19,Customer#000000581,MACHINERY,3242.10,UNITED STATES,AMERICA,"Nation: IRAQ
Return a single YES or NO, with no other words. If uncertain, return YES.",True
618,ivory wheat smoke deep lemon,PROMO BRUSHED BRASS,LG BOX,27460,AIR,DELIVER IN PERSON,25.00,37965.25,0.06,1994-05-13,4-NOT SPECIFIED,272463.19,Customer#000000581,MACHINERY,3242.10,UNITED STATES,AMERICA,"Nation: JAPAN
Return a single YES or NO, with no other words. If uncertain, return YES.",True
618,ivory wheat smoke deep lemon,PROMO BRUSHED BRASS,LG BOX,27460,AIR,DELIVER IN PERSON,25.00,37965.25,0.06,1994-05-13,4-NOT SPECIFIED,272463.19,Customer#000000581,MACHINERY,3242.10,UNITED STATES,AMERICA,"Nation: JORDAN
Return a single YES or NO, with no other words. If uncertain, return YES.",True
618,ivory wheat smoke deep lemon,PROMO BRUSHED BRASS,LG BOX,27460,AIR,DELIVER IN PERSON,25.00,37965.25,0.06,1994-05-13,4-NOT SPECIFIED,272463.19,Customer#000000581,MACHINERY,3242.10,UNITED STATES,AMERICA,"Nation: KENYA
Return a single YES or NO, with no other words. If uncertain, return YES.",True
618,ivory wheat smoke deep lemon,PROMO BRUSHED BRASS,LG BOX,27460,AIR,DELIVER IN PERSON,25.00,37965.25,0.06,1994-05-13,4-NOT SPECIFIED,272463.19,Customer#000000581,MACHINERY,3242.10,UNITED STATES,AMERICA,"Nation: MOROCCO
Return a single YES or NO, with no other words. If uncertain, return YES.",True
618,ivory wheat smoke deep lemon,PROMO BRUSHED BRASS,LG BOX,27460,AIR,DELIVER IN PERSON,25.00,37965.25,0.06,1994-05-13,4-NOT SPECIFIED,272463.19,Customer#000000581,MACHINERY,3242.10,UNITED STATES,AMERICA,"Nation: MOZAMBIQUE
Return a single YES or NO, with no other words. If uncertain, return YES.",True
618,ivory wheat smoke deep lemon,PROMO BRUSHED BRASS,LG BOX,27460,AIR,DELIVER IN PERSON,25.00,37965.25,0.06,1994-05-13,4-NOT SPECIFIED,272463.19,Customer#000000581,MACHINERY,3242.10,UNITED STATES,AMERICA,"Nation: PERU
Return a single YES or NO, with no other words. If uncertain, return YES.",True
618,ivory wheat smoke deep lemon,PROMO BRUSHED BRASS,LG BOX,27460,AIR,DELIVER IN PERSON,25.00,37965.25,0.06,1994-05-13,4-NOT SPECIFIED,272463.19,Customer#000000581,MACHINERY,3242.10,UNITED STATES,AMERICA,"Nation: CHINA
Return a single YES or NO, with no other words. If uncertain, return YES.",True
618,ivory wheat smoke deep lemon,PROMO BRUSHED BRASS,LG BOX,27460,AIR,DELIVER IN PERSON,25.00,37965.25,0.06,1994-05-13,4-NOT SPECIFIED,272463.19,Customer#000000581,MACHINERY,3242.10,UNITED STATES,AMERICA,"Nation: ROMANIA
Return a single YES or NO, with no other words. If uncertain, return YES.",True
618,ivory wheat smoke deep lemon,PROMO BRUSHED BRASS,LG BOX,27460,AIR,DELIVER IN PERSON,25.00,37965.25,0.06,1994-05-13,4-NOT SPECIFIED,272463.19,Customer#000000581,MACHINERY,3242.10,UNITED STATES,AMERICA,"Nation: SAUDI ARABIA
Return a single YES or NO, with no other words. If uncertain, return YES.",True
618,ivory wheat smoke deep lemon,PROMO BRUSHED BRASS,LG BOX,27460,AIR,DELIVER IN PERSON,25.00,37965.25,0.06,1994-05-13,4-NOT SPECIFIED,272463.19,Customer#000000581,MACHINERY,3242.10,UNITED STATES,AMERICA,"Nation: VIETNAM
Return a single YES or NO, with no other words. If uncertain, return YES.",True
618,ivory wheat smoke deep lemon,PROMO BRUSHED BRASS,LG BOX,27460,AIR,DELIVER IN PERSON,25.00,37965.25,0.06,1994-05-13,4-NOT SPECIFIED,272463.19,Customer#000000581,MACHINERY,3242.10,UNITED STATES,AMERICA,"Nation: RUSSIA
Return a single YES or NO, with no other words. If uncertain, return YES.",True
618,ivory wheat smoke deep lemon,PROMO BRUSHED BRASS,LG BOX,27460,AIR,DELIVER IN PERSON,25.00,37965.25,0.06,1994-05-13,4-NOT SPECIFIED,272463.19,Customer#000000581,MACHINERY,3242.10,UNITED STATES,AMERICA,"Nation: UNITED KINGDOM
Return a single YES or NO, with no other words. If uncertain, return YES.",True
618,ivory wheat smoke deep lemon,PROMO BRUSHED BRASS,LG BOX,27460,AIR,DELIVER IN PERSON,25.00,37965.25,0.06,1994-05-13,4-NOT SPECIFIED,272463.19,Customer#000000581,MACHINERY,3242.10,UNITED STATES,AMERICA,"Nation: UNITED STATES
Return a single YES or NO, with no other words. If uncertain, return YES.",True
612,midnight azure moccasin rosy lawn,PROMO PLATED STEEL,LG BOX,6692,MAIL,DELIVER IN PERSON,29.00,43865.69,0.08,1996-09-23,3-MEDIUM,287433.36,Customer#000000124,AUTOMOBILE,1842.49,CHINA,ASIA,"Nation: ALGERIA
Return a single YES or NO, with no other words. If uncertain, return YES.",True
612,midnight azure moccasin rosy lawn,PROMO PLATED STEEL,LG BOX,6692,MAIL,DELIVER IN PERSON,29.00,43865.69,0.08,1996-09-23,3-MEDIUM,287433.36,Customer#000000124,AUTOMOBILE,1842.49,CHINA,ASIA,"Nation: ARGENTINA
Return a single YES or NO, with no other words. If uncertain, return YES.",True
612,midnight azure moccasin rosy lawn,PROMO PLATED STEEL,LG BOX,6692,MAIL,DELIVER IN PERSON,29.00,43865.69,0.08,1996-09-23,3-MEDIUM,287433.36,Customer#000000124,AUTOMOBILE,1842.49,CHINA,ASIA,"Nation: BRAZIL
Return a single YES or NO, with no other words. If uncertain, return YES.",True
612,midnight azure moccasin rosy lawn,PROMO PLATED STEEL,LG BOX,6692,MAIL,DELIVER IN PERSON,29.00,43865.69,0.08,1996-09-23,3-MEDIUM,287433.36,Customer#000000124,AUTOMOBILE,1842.49,CHINA,ASIA,"Nation: CANADA
Return a single YES or NO, with no other words. If uncertain, return YES.",True
612,midnight azure moccasin rosy lawn,PROMO PLATED STEEL,LG BOX,6692,MAIL,DELIVER IN PERSON,29.00,43865.69,0.08,1996-09-23,3-MEDIUM,287433.36,Customer#000000124,AUTOMOBILE,1842.49,CHINA,ASIA,"Nation: EGYPT
Return a single YES or NO, with no other words. If uncertain, return YES.",True
612,midnight azure moccasin rosy lawn,PROMO PLATED STEEL,LG BOX,6692,MAIL,DELIVER IN PERSON,29.00,43865.69,0.08,1996-09-23,3-MEDIUM,287433.36,Customer#000000124,AUTOMOBILE,1842.49,CHINA,ASIA,"Nation: ETHIOPIA
Return a single YES or NO, with no other words. If uncertain, return YES.",True
612,midnight azure moccasin rosy lawn,PROMO PLATED STEEL,LG BOX,6692,MAIL,DELIVER IN PERSON,29.00,43865.69,0.08,1996-09-23,3-MEDIUM,287433.36,Customer#000000124,AUTOMOBILE,1842.49,CHINA,ASIA,"Nation: FRANCE
Return a single YES or NO, with no other words. If uncertain, return YES.",True
612,midnight azure moccasin rosy lawn,PROMO PLATED STEEL,LG BOX,6692,MAIL,DELIVER IN PERSON,29.00,43865.69,0.08,1996-09-23,3-MEDIUM,287433.36,Customer#000000124,AUTOMOBILE,1842.49,CHINA,ASIA,"Nation: GERMANY
Return a single YES or NO, with no other words. If uncertain, return YES.",True
612,midnight azure moccasin rosy lawn,PROMO PLATED STEEL,LG BOX,6692,MAIL,DELIVER IN PERSON,29.00,43865.69,0.08,1996-09-23,3-MEDIUM,287433.36,Customer#000000124,AUTOMOBILE,1842.49,CHINA,ASIA,"Nation: INDIA
Return a single YES or NO, with no other words. If uncertain, return YES.",True
612,midnight azure moccasin rosy lawn,PROMO PLATED STEEL,LG BOX,6692,MAIL,DELIVER IN PERSON,29.00,43865.69,0.08,1996-09-23,3-MEDIUM,287433.36,Customer#000000124,AUTOMOBILE,1842.49,CHINA,ASIA,"Nation: INDONESIA
Return a single YES or NO, with no other words. If uncertain, return YES.",True
612,midnight azure moccasin rosy lawn,PROMO PLATED STEEL,LG BOX,6692,MAIL,DELIVER IN PERSON,29.00,43865.69,0.08,1996-09-23,3-MEDIUM,287433.36,Customer#000000124,AUTOMOBILE,1842.49,CHINA,ASIA,"Nation: IRAN
Return a single YES or NO, with no other words. If uncertain, return YES.",True
612,midnight azure moccasin rosy lawn,PROMO PLATED STEEL,LG BOX,6692,MAIL,DELIVER IN PERSON,29.00,43865.69,0.08,1996-09-23,3-MEDIUM,287433.36,Customer#000000124,AUTOMOBILE,1842.49,CHINA,ASIA,"Nation: IRAQ
Return a single YES or NO, with no other words. If uncertain, return YES.",True
612,midnight azure moccasin rosy lawn,PROMO PLATED STEEL,LG BOX,6692,MAIL,DELIVER IN PERSON,29.00,43865.69,0.08,1996-09-23,3-MEDIUM,287433.36,Customer#000000124,AUTOMOBILE,1842.49,CHINA,ASIA,"Nation: JAPAN
Return a single YES or NO, with no other words. If uncertain, return YES.",True
612,midnight azure moccasin rosy lawn,PROMO PLATED STEEL,LG BOX,6692,MAIL,DELIVER IN PERSON,29.00,43865.69,0.08,1996-09-23,3-MEDIUM,287433.36,Customer#000000124,AUTOMOBILE,1842.49,CHINA,ASIA,"Nation: JORDAN
Return a single YES or NO, with no other words. If uncertain, return YES.",True
612,midnight azure moccasin rosy lawn,PROMO PLATED STEEL,LG BOX,6692,MAIL,DELIVER IN PERSON,29.00,43865.69,0.08,1996-09-23,3-MEDIUM,287433.36,Customer#000000124,AUTOMOBILE,1842.49,CHINA,ASIA,"Nation: KENYA
Return a single YES or NO, with no other words. If uncertain, return YES.",True
612,midnight azure moccasin rosy lawn,PROMO PLATED STEEL,LG BOX,6692,MAIL,DELIVER IN PERSON,29.00,43865.69,0.08,1996-09-23,3-MEDIUM,287433.36,Customer#000000124,AUTOMOBILE,1842.49,CHINA,ASIA,"Nation: MOROCCO
Return a single YES or NO, with no other words. If uncertain, return YES.",True
612,midnight azure moccasin rosy lawn,PROMO PLATED STEEL,LG BOX,6692,MAIL,DELIVER IN PERSON,29.00,43865.69,0.08,1996-09-23,3-MEDIUM,287433.36,Customer#000000124,AUTOMOBILE,1842.49,CHINA,ASIA,"Nation: MOZAMBIQUE
Return a single YES or NO, with no other words. If uncertain, return YES.",True
612,midnight azure moccasin rosy lawn,PROMO PLATED STEEL,LG BOX,6692,MAIL,DELIVER IN PERSON,29.00,43865.69,0.08,1996-09-23,3-MEDIUM,287433.36,Customer#000000124,AUTOMOBILE,1842.49,CHINA,ASIA,"Nation: PERU
Return a single YES or NO, with no other words. If uncertain, return YES.",True
612,midnight azure moccasin rosy lawn,PROMO PLATED STEEL,LG BOX,6692,MAIL,DELIVER IN PERSON,29.00,43865.69,0.08,1996-09-23,3-MEDIUM,287433.36,Customer#000000124,AUTOMOBILE,1842.49,CHINA,ASIA,"Nation: CHINA
Return a single YES or NO, with no other words. If uncertain, return YES.",True
612,midnight azure moccasin rosy lawn,PROMO PLATED STEEL,LG BOX,6692,MAIL,DELIVER IN PERSON,29.00,43865.69,0.08,1996-09-23,3-MEDIUM,287433.36,Customer#000000124,AUTOMOBILE,1842.49,CHINA,ASIA,"Nation: ROMANIA
Return a single YES or NO, with no other words. If uncertain, return YES.",True
612,midnight azure moccasin rosy lawn,PROMO PLATED STEEL,LG BOX,6692,MAIL,DELIVER IN PERSON,29.00,43865.69,0.08,1996-09-23,3-MEDIUM,287433.36,Customer#000000124,AUTOMOBILE,1842.49,CHINA,ASIA,"Nation: SAUDI ARABIA
Return a single YES or NO, with no other words. If uncertain, return YES.",True
612,midnight azure moccasin rosy lawn,PROMO PLATED STEEL,LG BOX,6692,MAIL,DELIVER IN PERSON,29.00,43865.69,0.08,1996-09-23,3-MEDIUM,287433.36,Customer#000000124,AUTOMOBILE,1842.49,CHINA,ASIA,"Nation: VIETNAM
Return a single YES or NO, with no other words. If uncertain, return YES.",True
612,midnight azure moccasin rosy lawn,PROMO PLATED STEEL,LG BOX,6692,MAIL,DELIVER IN PERSON,29.00,43865.69,0.08,1996-09-23,3-MEDIUM,287433.36,Customer#000000124,AUTOMOBILE,1842.49,CHINA,ASIA,"Nation: RUSSIA
Return a single YES or NO, with no other words. If uncertain, return YES.",True
612,midnight azure moccasin rosy lawn,PROMO PLATED STEEL,LG BOX,6692,MAIL,DELIVER IN PERSON,29.00,43865.69,0.08,1996-09-23,3-MEDIUM,287433.36,Customer#000000124,AUTOMOBILE,1842.49,CHINA,ASIA,"Nation: UNITED KINGDOM
Return a single YES or NO, with no other words. If uncertain, return YES.",True
612,midnight azure moccasin rosy lawn,PROMO PLATED STEEL,LG BOX,6692,MAIL,DELIVER IN PERSON,29.00,43865.69,0.08,1996-09-23,3-MEDIUM,287433.36,Customer#000000124,AUTOMOBILE,1842.49,CHINA,ASIA,"Nation: UNITED STATES
Return a single YES or NO, with no other words. If uncertain, return YES.",True
917,midnight khaki medium linen peru,SMALL ANODIZED COPPER,SM CASE,7392,REG AIR,TAKE BACK RETURN,20.00,36358.20,0.00,1996-04-15,1-URGENT,156967.64,Customer#000000614,FURNITURE,9630.24,CHINA,ASIA,"Nation: ALGERIA
Return a single YES or NO, with no other words. If uncertain, return YES.",True
917,midnight khaki medium linen peru,SMALL ANODIZED COPPER,SM CASE,7392,REG AIR,TAKE BACK RETURN,20.00,36358.20,0.00,1996-04-15,1-URGENT,156967.64,Customer#000000614,FURNITURE,9630.24,CHINA,ASIA,"Nation: ARGENTINA
Return a single YES or NO, with no other words. If uncertain, return YES.",True
917,midnight khaki medium linen peru,SMALL ANODIZED COPPER,SM CASE,7392,REG AIR,TAKE BACK RETURN,20.00,36358.20,0.00,1996-04-15,1-URGENT,156967.64,Customer#000000614,FURNITURE,9630.24,CHINA,ASIA,"Nation: BRAZIL
Return a single YES or NO, with no other words. If uncertain, return YES.",True
917,midnight khaki medium linen peru,SMALL ANODIZED COPPER,SM CASE,7392,REG AIR,TAKE BACK RETURN,20.00,36358.20,0.00,1996-04-15,1-URGENT,156967.64,Customer#000000614,FURNITURE,9630.24,CHINA,ASIA,"Nation: CANADA
Return a single YES or NO, with no other words. If uncertain, return YES.",True
917,midnight khaki medium linen peru,SMALL ANODIZED COPPER,SM CASE,7392,REG AIR,TAKE BACK RETURN,20.00,36358.20,0.00,1996-04-15,1-URGENT,156967.64,Customer#000000614,FURNITURE,9630.24,CHINA,ASIA,"Nation: EGYPT
Return a single YES or NO, with no other words. If uncertain, return YES.",True
917,midnight khaki medium linen peru,SMALL ANODIZED COPPER,SM CASE,7392,REG AIR,TAKE BACK RETURN,20.00,36358.20,0.00,1996-04-15,1-URGENT,156967.64,Customer#000000614,FURNITURE,9630.24,CHINA,ASIA,"Nation: ETHIOPIA
Return a single YES or NO, with no other words. If uncertain, return YES.",True
917,midnight khaki medium linen peru,SMALL ANODIZED COPPER,SM CASE,7392,REG AIR,TAKE BACK RETURN,20.00,36358.20,0.00,1996-04-15,1-URGENT,156967.64,Customer#000000614,FURNITURE,9630.24,CHINA,ASIA,"Nation: FRANCE
Return a single YES or NO, with no other words. If uncertain, return YES.",True
917,midnight khaki medium linen peru,SMALL ANODIZED COPPER,SM CASE,7392,REG AIR,TAKE BACK RETURN,20.00,36358.20,0.00,1996-04-15,1-URGENT,156967.64,Customer#000000614,FURNITURE,9630.24,CHINA,ASIA,"Nation: GERMANY
Return a single YES or NO, with no other words. If uncertain, return YES.",True
917,midnight khaki medium linen peru,SMALL ANODIZED COPPER,SM CASE,7392,REG AIR,TAKE BACK RETURN,20.00,36358.20,0.00,1996-04-15,1-URGENT,156967.64,Customer#000000614,FURNITURE,9630.24,CHINA,ASIA,"Nation: INDIA
Return a single YES or NO, with no other words. If uncertain, return YES.",True
917,midnight khaki medium linen peru,SMALL ANODIZED COPPER,SM CASE,7392,REG AIR,TAKE BACK RETURN,20.00,36358.20,0.00,1996-04-15,1-URGENT,156967.64,Customer#000000614,FURNITURE,9630.24,CHINA,ASIA,"Nation: INDONESIA
Return a single YES or NO, with no other words. If uncertain, return YES.",True
917,midnight khaki medium linen peru,SMALL ANODIZED COPPER,SM CASE,7392,REG AIR,TAKE BACK RETURN,20.00,36358.20,0.00,1996-04-15,1-URGENT,156967.64,Customer#000000614,FURNITURE,9630.24,CHINA,ASIA,"Nation: IRAN
Return a single YES or NO, with no other words. If uncertain, return YES.",True
917,midnight khaki medium linen peru,SMALL ANODIZED COPPER,SM CASE,7392,REG AIR,TAKE BACK RETURN,20.00,36358.20,0.00,1996-04-15,1-URGENT,156967.64,Customer#000000614,FURNITURE,9630.24,CHINA,ASIA,"Nation: IRAQ
Return a single YES or NO, with no other words. If uncertain, return YES.",True
917,midnight khaki medium linen peru,SMALL ANODIZED COPPER,SM CASE,7392,REG AIR,TAKE BACK RETURN,20.00,36358.20,0.00,1996-04-15,1-URGENT,156967.64,Customer#000000614,FURNITURE,9630.24,CHINA,ASIA,"Nation: JAPAN
Return a single YES or NO, with no other words. If uncertain, return YES.",True
917,midnight khaki medium linen peru,SMALL ANODIZED COPPER,SM CASE,7392,REG AIR,TAKE BACK RETURN,20.00,36358.20,0.00,1996-04-15,1-URGENT,156967.64,Customer#000000614,FURNITURE,9630.24,CHINA,ASIA,"Nation: JORDAN
Return a single YES or NO, with no other words. If uncertain, return YES.",True
917,midnight khaki medium linen peru,SMALL ANODIZED COPPER,SM CASE,7392,REG AIR,TAKE BACK RETURN,20.00,36358.20,0.00,1996-04-15,1-URGENT,156967.64,Customer#000000614,FURNITURE,9630.24,CHINA,ASIA,"Nation: KENYA
Return a single YES or NO, with no other words. If uncertain, return YES.",True
917,midnight khaki medium linen peru,SMALL ANODIZED COPPER,SM CASE,7392,REG AIR,TAKE BACK RETURN,20.00,36358.20,0.00,1996-04-15,1-URGENT,156967.64,Customer#000000614,FURNITURE,9630.24,CHINA,ASIA,"Nation: MOROCCO
Return a single YES or NO, with no other words. If uncertain, return YES.",True
917,midnight khaki medium linen peru,SMALL ANODIZED COPPER,SM CASE,7392,REG AIR,TAKE BACK RETURN,20.00,36358.20,0.00,1996-04-15,1-URGENT,156967.64,Customer#000000614,FURNITURE,9630.24,CHINA,ASIA,"Nation: MOZAMBIQUE
Return a single YES or NO, with no other words. If uncertain, return YES.",True
917,midnight khaki medium linen peru,SMALL ANODIZED COPPER,SM CASE,7392,REG AIR,TAKE BACK RETURN,20.00,36358.20,0.00,1996-04-15,1-URGENT,156967.64,Customer#000000614,FURNITURE,9630.24,CHINA,ASIA,"Nation: PERU
Return a single YES or NO, with no other words. If uncertain, return YES.",True
917,midnight khaki medium linen peru,SMALL ANODIZED COPPER,SM CASE,7392,REG AIR,TAKE BACK RETURN,20.00,36358.20,0.00,1996-04-15,1-URGENT,156967.64,Customer#000000614,FURNITURE,9630.24,CHINA,ASIA,"Nation: CHINA
Return a single YES or NO, with no other words. If uncertain, return YES.",True
917,midnight khaki medium linen peru,SMALL ANODIZED COPPER,SM CASE,7392,REG AIR,TAKE BACK RETURN,20.00,36358.20,0.00,1996-04-15,1-URGENT,156967.64,Customer#000000614,FURNITURE,9630.24,CHINA,ASIA,"Nation: ROMANIA
Return a single YES or NO, with no other words. If uncertain, return YES.",True
917,midnight khaki medium linen peru,SMALL ANODIZED COPPER,SM CASE,7392,REG AIR,TAKE BACK RETURN,20.00,36358.20,0.00,1996-04-15,1-URGENT,156967.64,Customer#000000614,FURNITURE,9630.24,CHINA,ASIA,"Nation: SAUDI ARABIA
Return a single YES or NO, with no other words. If uncertain, return YES.",True
917,midnight khaki medium linen peru,SMALL ANODIZED COPPER,SM CASE,7392,REG AIR,TAKE BACK RETURN,20.00,36358.20,0.00,1996-04-15,1-URGENT,156967.64,Customer#000000614,FURNITURE,9630.24,CHINA,ASIA,"Nation: VIETNAM
Return a single YES or NO, with no other words. If uncertain, return YES.",True
917,midnight khaki medium linen peru,SMALL ANODIZED COPPER,SM CASE,7392,REG AIR,TAKE BACK RETURN,20.00,36358.20,0.00,1996-04-15,1-URGENT,156967.64,Customer#000000614,FURNITURE,9630.24,CHINA,ASIA,"Nation: RUSSIA
Return a single YES or NO, with no other words. If uncertain, return YES.",True
917,midnight khaki medium linen peru,SMALL ANODIZED COPPER,SM CASE,7392,REG AIR,TAKE BACK RETURN,20.00,36358.20,0.00,1996-04-15,1-URGENT,156967.64,Customer#000000614,FURNITURE,9630.24,CHINA,ASIA,"Nation: UNITED KINGDOM
Return a single YES or NO, with no other words. If uncertain, return YES.",True
917,midnight khaki medium linen peru,SMALL ANODIZED COPPER,SM CASE,7392,REG AIR,TAKE BACK RETURN,20.00,36358.20,0.00,1996-04-15,1-URGENT,156967.64,Customer#000000614,FURNITURE,9630.24,CHINA,ASIA,"Nation: UNITED STATES
Return a single YES or NO, with no other words. If uncertain, return YES.",True
991,indian yellow red lime seashell,MEDIUM POLISHED BRASS,SM CASE,8610,MAIL,TAKE BACK RETURN,42.00,79463.58,0.00,1994-05-09,5-LOW,270058.53,Customer#000000349,BUILDING,-565.35,UNITED KINGDOM,EUROPE,"Nation: ALGERIA
Return a single YES or NO, with no other words. If uncertain, return YES.",True
991,indian yellow red lime seashell,MEDIUM POLISHED BRASS,SM CASE,8610,MAIL,TAKE BACK RETURN,42.00,79463.58,0.00,1994-05-09,5-LOW,270058.53,Customer#000000349,BUILDING,-565.35,UNITED KINGDOM,EUROPE,"Nation: ARGENTINA
Return a single YES or NO, with no other words. If uncertain, return YES.",True
991,indian yellow red lime seashell,MEDIUM POLISHED BRASS,SM CASE,8610,MAIL,TAKE BACK RETURN,42.00,79463.58,0.00,1994-05-09,5-LOW,270058.53,Customer#000000349,BUILDING,-565.35,UNITED KINGDOM,EUROPE,"Nation: BRAZIL
Return a single YES or NO, with no other words. If uncertain, return YES.",True
991,indian yellow red lime seashell,MEDIUM POLISHED BRASS,SM CASE,8610,MAIL,TAKE BACK RETURN,42.00,79463.58,0.00,1994-05-09,5-LOW,270058.53,Customer#000000349,BUILDING,-565.35,UNITED KINGDOM,EUROPE,"Nation: CANADA
Return a single YES or NO, with no other words. If uncertain, return YES.",True
991,indian yellow red lime seashell,MEDIUM POLISHED BRASS,SM CASE,8610,MAIL,TAKE BACK RETURN,42.00,79463.58,0.00,1994-05-09,5-LOW,270058.53,Customer#000000349,BUILDING,-565.35,UNITED KINGDOM,EUROPE,"Nation: EGYPT
Return a single YES or NO, with no other words. If uncertain, return YES.",True
991,indian yellow red lime seashell,MEDIUM POLISHED BRASS,SM CASE,8610,MAIL,TAKE BACK RETURN,42.00,79463.58,0.00,1994-05-09,5-LOW,270058.53,Customer#000000349,BUILDING,-565.35,UNITED KINGDOM,EUROPE,"Nation: ETHIOPIA
Return a single YES or NO, with no other words. If uncertain, return YES.",True
991,indian yellow red lime seashell,MEDIUM POLISHED BRASS,SM CASE,8610,MAIL,TAKE BACK RETURN,42.00,79463.58,0.00,1994-05-09,5-LOW,270058.53,Customer#000000349,BUILDING,-565.35,UNITED KINGDOM,EUROPE,"Nation: FRANCE
Return a single YES or NO, with no other words. If uncertain, return YES.",True
991,indian yellow red lime seashell,MEDIUM POLISHED BRASS,SM CASE,8610,MAIL,TAKE BACK RETURN,42.00,79463.58,0.00,1994-05-09,5-LOW,270058.53,Customer#000000349,BUILDING,-565.35,UNITED KINGDOM,EUROPE,"Nation: GERMANY
Return a single YES or NO, with no other words. If uncertain, return YES.",True
991,indian yellow red lime seashell,MEDIUM POLISHED BRASS,SM CASE,8610,MAIL,TAKE BACK RETURN,42.00,79463.58,0.00,1994-05-09,5-LOW,270058.53,Customer#000000349,BUILDING,-565.35,UNITED KINGDOM,EUROPE,"Nation: INDIA
Return a single YES or NO, with no other words. If uncertain, return YES.",True
991,indian yellow red lime seashell,MEDIUM POLISHED BRASS,SM CASE,8610,MAIL,TAKE BACK RETURN,42.00,79463.58,0.00,1994-05-09,5-LOW,270058.53,Customer#000000349,BUILDING,-565.35,UNITED KINGDOM,EUROPE,"Nation: INDONESIA
Return a single YES or NO, with no other words. If uncertain, return YES.",True
991,indian yellow red lime seashell,MEDIUM POLISHED BRASS,SM CASE,8610,MAIL,TAKE BACK RETURN,42.00,79463.58,0.00,1994-05-09,5-LOW,270058.53,Customer#000000349,BUILDING,-565.35,UNITED KINGDOM,EUROPE,"Nation: IRAN
Return a single YES or NO, with no other words. If uncertain, return YES.",True
991,indian yellow red lime seashell,MEDIUM POLISHED BRASS,SM CASE,8610,MAIL,TAKE BACK RETURN,42.00,79463.58,0.00,1994-05-09,5-LOW,270058.53,Customer#000000349,BUILDING,-565.35,UNITED KINGDOM,EUROPE,"Nation: IRAQ
Return a single YES or NO, with no other words. If uncertain, return YES.",True
991,indian yellow red lime seashell,MEDIUM POLISHED BRASS,SM CASE,8610,MAIL,TAKE BACK RETURN,42.00,79463.58,0.00,1994-05-09,5-LOW,270058.53,Customer#000000349,BUILDING,-565.35,UNITED KINGDOM,EUROPE,"Nation: JAPAN
Return a single YES or NO, with no other words. If uncertain, return YES.",True
991,indian yellow red lime seashell,MEDIUM POLISHED BRASS,SM CASE,8610,MAIL,TAKE BACK RETURN,42.00,79463.58,0.00,1994-05-09,5-LOW,270058.53,Customer#000000349,BUILDING,-565.35,UNITED KINGDOM,EUROPE,"Nation: JORDAN
Return a single YES or NO, with no other words. If uncertain, return YES.",True
991,indian yellow red lime seashell,MEDIUM POLISHED BRASS,SM CASE,8610,MAIL,TAKE BACK RETURN,42.00,79463.58,0.00,1994-05-09,5-LOW,270058.53,Customer#000000349,BUILDING,-565.35,UNITED KINGDOM,EUROPE,"Nation: KENYA
Return a single YES or NO, with no other words. If uncertain, return YES.",True
991,indian yellow red lime seashell,MEDIUM POLISHED BRASS,SM CASE,8610,MAIL,TAKE BACK RETURN,42.00,79463.58,0.00,1994-05-09,5-LOW,270058.53,Customer#000000349,BUILDING,-565.35,UNITED KINGDOM,EUROPE,"Nation: MOROCCO
Return a single YES or NO, with no other words. If uncertain, return YES.",True
991,indian yellow red lime seashell,MEDIUM POLISHED BRASS,SM CASE,8610,MAIL,TAKE BACK RETURN,42.00,79463.58,0.00,1994-05-09,5-LOW,270058.53,Customer#000000349,BUILDING,-565.35,UNITED KINGDOM,EUROPE,"Nation: MOZAMBIQUE
Return a single YES or NO, with no other words. If uncertain, return YES.",True
991,indian yellow red lime seashell,MEDIUM POLISHED BRASS,SM CASE,8610,MAIL,TAKE BACK RETURN,42.00,79463.58,0.00,1994-05-09,5-LOW,270058.53,Customer#000000349,BUILDING,-565.35,UNITED KINGDOM,EUROPE,"Nation: PERU
Return a single YES or NO, with no other words. If uncertain, return YES.",True
991,indian yellow red lime seashell,MEDIUM POLISHED BRASS,SM CASE,8610,MAIL,TAKE BACK RETURN,42.00,79463.58,0.00,1994-05-09,5-LOW,270058.53,Customer#000000349,BUILDING,-565.35,UNITED KINGDOM,EUROPE,"Nation: CHINA
Return a single YES or NO, with no other words. If uncertain, return YES.",True
991,indian yellow red lime seashell,MEDIUM POLISHED BRASS,SM CASE,8610,MAIL,TAKE BACK RETURN,42.00,79463.58,0.00,1994-05-09,5-LOW,270058.53,Customer#000000349,BUILDING,-565.35,UNITED KINGDOM,EUROPE,"Nation: ROMANIA
Return a single YES or NO, with no other words. If uncertain, return YES.",True
991,indian yellow red lime seashell,MEDIUM POLISHED BRASS,SM CASE,8610,MAIL,TAKE BACK RETURN,42.00,79463.58,0.00,1994-05-09,5-LOW,270058.53,Customer#000000349,BUILDING,-565.35,UNITED KINGDOM,EUROPE,"Nation: SAUDI ARABIA
Return a single YES or NO, with no other words. If uncertain, return YES.",True
991,indian yellow red lime seashell,MEDIUM POLISHED BRASS,SM CASE,8610,MAIL,TAKE BACK RETURN,42.00,79463.58,0.00,1994-05-09,5-LOW,270058.53,Customer#000000349,BUILDING,-565.35,UNITED KINGDOM,EUROPE,"Nation: VIETNAM
Return a single YES or NO, with no other words. If uncertain, return YES.",True
991,indian yellow red lime seashell,MEDIUM POLISHED BRASS,SM CASE,8610,MAIL,TAKE BACK RETURN,42.00,79463.58,0.00,1994-05-09,5-LOW,270058.53,Customer#000000349,BUILDING,-565.35,UNITED KINGDOM,EUROPE,"Nation: RUSSIA
Return a single YES or NO, with no other words. If uncertain, return YES.",True
991,indian yellow red lime seashell,MEDIUM POLISHED BRASS,SM CASE,8610,MAIL,TAKE BACK RETURN,42.00,79463.58,0.00,1994-05-09,5-LOW,270058.53,Customer#000000349,BUILDING,-565.35,UNITED KINGDOM,EUROPE,"Nation: UNITED KINGDOM
Return a single YES or NO, with no other words. If uncertain, return YES.",True
991,indian yellow red lime seashell,MEDIUM POLISHED BRASS,SM CASE,8610,MAIL,TAKE BACK RETURN,42.00,79463.58,0.00,1994-05-09,5-LOW,270058.53,Customer#000000349,BUILDING,-565.35,UNITED KINGDOM,EUROPE,"Nation: UNITED STATES
Return a single YES or NO, with no other words. If uncertain, return YES.",True
821,smoke drab rose hot spring,PROMO POLISHED TIN,MED BOX,11652,REG AIR,TAKE BACK RETURN,10.00,17218.20,0.07,1995-11-11,4-NOT SPECIFIED,221817.66,Customer#000000721,AUTOMOBILE,3420.64,VIETNAM,ASIA,"Nation: ALGERIA
Return a single YES or NO, with no other words. If uncertain, return YES.",True
821,smoke drab rose hot spring,PROMO POLISHED TIN,MED BOX,11652,REG AIR,TAKE BACK RETURN,10.00,17218.20,0.07,1995-11-11,4-NOT SPECIFIED,221817.66,Customer#000000721,AUTOMOBILE,3420.64,VIETNAM,ASIA,"Nation: ARGENTINA
Return a single YES or NO, with no other words. If uncertain, return YES.",True
821,smoke drab rose hot spring,PROMO POLISHED TIN,MED BOX,11652,REG AIR,TAKE BACK RETURN,10.00,17218.20,0.07,1995-11-11,4-NOT SPECIFIED,221817.66,Customer#000000721,AUTOMOBILE,3420.64,VIETNAM,ASIA,"Nation: BRAZIL
Return a single YES or NO, with no other words. If uncertain, return YES.",True
821,smoke drab rose hot spring,PROMO POLISHED TIN,MED BOX,11652,REG AIR,TAKE BACK RETURN,10.00,17218.20,0.07,1995-11-11,4-NOT SPECIFIED,221817.66,Customer#000000721,AUTOMOBILE,3420.64,VIETNAM,ASIA,"Nation: CANADA
Return a single YES or NO, with no other words. If uncertain, return YES.",True
821,smoke drab rose hot spring,PROMO POLISHED TIN,MED BOX,11652,REG AIR,TAKE BACK RETURN,10.00,17218.20,0.07,1995-11-11,4-NOT SPECIFIED,221817.66,Customer#000000721,AUTOMOBILE,3420.64,VIETNAM,ASIA,"Nation: EGYPT
Return a single YES or NO, with no other words. If uncertain, return YES.",True
821,smoke drab rose hot spring,PROMO POLISHED TIN,MED BOX,11652,REG AIR,TAKE BACK RETURN,10.00,17218.20,0.07,1995-11-11,4-NOT SPECIFIED,221817.66,Customer#000000721,AUTOMOBILE,3420.64,VIETNAM,ASIA,"Nation: ETHIOPIA
Return a single YES or NO, with no other words. If uncertain, return YES.",True
821,smoke drab rose hot spring,PROMO POLISHED TIN,MED BOX,11652,REG AIR,TAKE BACK RETURN,10.00,17218.20,0.07,1995-11-11,4-NOT SPECIFIED,221817.66,Customer#000000721,AUTOMOBILE,3420.64,VIETNAM,ASIA,"Nation: FRANCE
Return a single YES or NO, with no other words. If uncertain, return YES.",True
821,smoke drab rose hot spring,PROMO POLISHED TIN,MED BOX,11652,REG AIR,TAKE BACK RETURN,10.00,17218.20,0.07,1995-11-11,4-NOT SPECIFIED,221817.66,Customer#000000721,AUTOMOBILE,3420.64,VIETNAM,ASIA,"Nation: GERMANY
Return a single YES or NO, with no other words. If uncertain, return YES.",True
821,smoke drab rose hot spring,PROMO POLISHED TIN,MED BOX,11652,REG AIR,TAKE BACK RETURN,10.00,17218.20,0.07,1995-11-11,4-NOT SPECIFIED,221817.66,Customer#000000721,AUTOMOBILE,3420.64,VIETNAM,ASIA,"Nation: INDIA
Return a single YES or NO, with no other words. If uncertain, return YES.",True
821,smoke drab rose hot spring,PROMO POLISHED TIN,MED BOX,11652,REG AIR,TAKE BACK RETURN,10.00,17218.20,0.07,1995-11-11,4-NOT SPECIFIED,221817.66,Customer#000000721,AUTOMOBILE,3420.64,VIETNAM,ASIA,"Nation: INDONESIA
Return a single YES or NO, with no other words. If uncertain, return YES.",True
821,smoke drab rose hot spring,PROMO POLISHED TIN,MED BOX,11652,REG AIR,TAKE BACK RETURN,10.00,17218.20,0.07,1995-11-11,4-NOT SPECIFIED,221817.66,Customer#000000721,AUTOMOBILE,3420.64,VIETNAM,ASIA,"Nation: IRAN
Return a single YES or NO, with no other words. If uncertain, return YES.",True
821,smoke drab rose hot spring,PROMO POLISHED TIN,MED BOX,11652,REG AIR,TAKE BACK RETURN,10.00,17218.20,0.07,1995-11-11,4-NOT SPECIFIED,221817.66,Customer#000000721,AUTOMOBILE,3420.64,VIETNAM,ASIA,"Nation: IRAQ
Return a single YES or NO, with no other words. If uncertain, return YES.",True
821,smoke drab rose hot spring,PROMO POLISHED TIN,MED BOX,11652,REG AIR,TAKE BACK RETURN,10.00,17218.20,0.07,1995-11-11,4-NOT SPECIFIED,221817.66,Customer#000000721,AUTOMOBILE,3420.64,VIETNAM,ASIA,"Nation: JAPAN
Return a single YES or NO, with no other words. If uncertain, return YES.",True
821,smoke drab rose hot spring,PROMO POLISHED TIN,MED BOX,11652,REG AIR,TAKE BACK RETURN,10.00,17218.20,0.07,1995-11-11,4-NOT SPECIFIED,221817.66,Customer#000000721,AUTOMOBILE,3420.64,VIETNAM,ASIA,"Nation: JORDAN
Return a single YES or NO, with no other words. If uncertain, return YES.",True
821,smoke drab rose hot spring,PROMO POLISHED TIN,MED BOX,11652,REG AIR,TAKE BACK RETURN,10.00,17218.20,0.07,1995-11-11,4-NOT SPECIFIED,221817.66,Customer#000000721,AUTOMOBILE,3420.64,VIETNAM,ASIA,"Nation: KENYA
Return a single YES or NO, with no other words. If uncertain, return YES.",True
821,smoke drab rose hot spring,PROMO POLISHED TIN,MED BOX,11652,REG AIR,TAKE BACK RETURN,10.00,17218.20,0.07,1995-11-11,4-NOT SPECIFIED,221817.66,Customer#000000721,AUTOMOBILE,3420.64,VIETNAM,ASIA,"Nation: MOROCCO
Return a single YES or NO, with no other words. If uncertain, return YES.",True
821,smoke drab rose hot spring,PROMO POLISHED TIN,MED BOX,11652,REG AIR,TAKE BACK RETURN,10.00,17218.20,0.07,1995-11-11,4-NOT SPECIFIED,221817.66,Customer#000000721,AUTOMOBILE,3420.64,VIETNAM,ASIA,"Nation: MOZAMBIQUE
Return a single YES or NO, with no other words. If uncertain, return YES.",True
821,smoke drab rose hot spring,PROMO POLISHED TIN,MED BOX,11652,REG AIR,TAKE BACK RETURN,10.00,17218.20,0.07,1995-11-11,4-NOT SPECIFIED,221817.66,Customer#000000721,AUTOMOBILE,3420.64,VIETNAM,ASIA,"Nation: PERU
Return a single YES or NO, with no other words. If uncertain, return YES.",True
821,smoke drab rose hot spring,PROMO POLISHED TIN,MED BOX,11652,REG AIR,TAKE BACK RETURN,10.00,17218.20,0.07,1995-11-11,4-NOT SPECIFIED,221817.66,Customer#000000721,AUTOMOBILE,3420.64,VIETNAM,ASIA,"Nation: CHINA
Return a single YES or NO, with no other words. If uncertain, return YES.",True
821,smoke drab rose hot spring,PROMO POLISHED TIN,MED BOX,11652,REG AIR,TAKE BACK RETURN,10.00,17218.20,0.07,1995-11-11,4-NOT SPECIFIED,221817.66,Customer#000000721,AUTOMOBILE,3420.64,VIETNAM,ASIA,"Nation: ROMANIA
Return a single YES or NO, with no other words. If uncertain, return YES.",True
821,smoke drab rose hot spring,PROMO POLISHED TIN,MED BOX,11652,REG AIR,TAKE BACK RETURN,10.00,17218.20,0.07,1995-11-11,4-NOT SPECIFIED,221817.66,Customer#000000721,AUTOMOBILE,3420.64,VIETNAM,ASIA,"Nation: SAUDI ARABIA
Return a single YES or NO, with no other words. If uncertain, return YES.",True
821,smoke drab rose hot spring,PROMO POLISHED TIN,MED BOX,11652,REG AIR,TAKE BACK RETURN,10.00,17218.20,0.07,1995-11-11,4-NOT SPECIFIED,221817.66,Customer#000000721,AUTOMOBILE,3420.64,VIETNAM,ASIA,"Nation: VIETNAM
Return a single YES or NO, with no other words. If uncertain, return YES.",True
821,smoke drab rose hot spring,PROMO POLISHED TIN,MED BOX,11652,REG AIR,TAKE BACK RETURN,10.00,17218.20,0.07,1995-11-11,4-NOT SPECIFIED,221817.66,Customer#000000721,AUTOMOBILE,3420.64,VIETNAM,ASIA,"Nation: RUSSIA
Return a single YES or NO, with no other words. If uncertain, return YES.",True
821,smoke drab rose hot spring,PROMO POLISHED TIN,MED BOX,11652,REG AIR,TAKE BACK RETURN,10.00,17218.20,0.07,1995-11-11,4-NOT SPECIFIED,221817.66,Customer#000000721,AUTOMOBILE,3420.64,VIETNAM,ASIA,"Nation: UNITED KINGDOM
Return a single YES or NO, with no other words. If uncertain, return YES.",True
821,smoke drab rose hot spring,PROMO POLISHED TIN,MED BOX,11652,REG AIR,TAKE BACK RETURN,10.00,17218.20,0.07,1995-11-11,4-NOT SPECIFIED,221817.66,Customer#000000721,AUTOMOBILE,3420.64,VIETNAM,ASIA,"Nation: UNITED STATES
Return a single YES or NO, with no other words. If uncertain, return YES.",True
922,frosted dodger cyan medium indian,LARGE BURNISHED BRASS,SM CASE,15558,TRUCK,TAKE BACK RETURN,32.00,58333.44,0.02,1997-10-07,2-HIGH,320354.98,Customer#000000040,BUILDING,1335.30,CANADA,AMERICA,"Nation: ALGERIA
Return a single YES or NO, with no other words. If uncertain, return YES.",True
922,frosted dodger cyan medium indian,LARGE BURNISHED BRASS,SM CASE,15558,TRUCK,TAKE BACK RETURN,32.00,58333.44,0.02,1997-10-07,2-HIGH,320354.98,Customer#000000040,BUILDING,1335.30,CANADA,AMERICA,"Nation: ARGENTINA
Return a single YES or NO, with no other words. If uncertain, return YES.",True
922,frosted dodger cyan medium indian,LARGE BURNISHED BRASS,SM CASE,15558,TRUCK,TAKE BACK RETURN,32.00,58333.44,0.02,1997-10-07,2-HIGH,320354.98,Customer#000000040,BUILDING,1335.30,CANADA,AMERICA,"Nation: BRAZIL
Return a single YES or NO, with no other words. If uncertain, return YES.",True
922,frosted dodger cyan medium indian,LARGE BURNISHED BRASS,SM CASE,15558,TRUCK,TAKE BACK RETURN,32.00,58333.44,0.02,1997-10-07,2-HIGH,320354.98,Customer#000000040,BUILDING,1335.30,CANADA,AMERICA,"Nation: CANADA
Return a single YES or NO, with no other words. If uncertain, return YES.",True
922,frosted dodger cyan medium indian,LARGE BURNISHED BRASS,SM CASE,15558,TRUCK,TAKE BACK RETURN,32.00,58333.44,0.02,1997-10-07,2-HIGH,320354.98,Customer#000000040,BUILDING,1335.30,CANADA,AMERICA,"Nation: EGYPT
Return a single YES or NO, with no other words. If uncertain, return YES.",True
922,frosted dodger cyan medium indian,LARGE BURNISHED BRASS,SM CASE,15558,TRUCK,TAKE BACK RETURN,32.00,58333.44,0.02,1997-10-07,2-HIGH,320354.98,Customer#000000040,BUILDING,1335.30,CANADA,AMERICA,"Nation: ETHIOPIA
Return a single YES or NO, with no other words. If uncertain, return YES.",True
922,frosted dodger cyan medium indian,LARGE BURNISHED BRASS,SM CASE,15558,TRUCK,TAKE BACK RETURN,32.00,58333.44,0.02,1997-10-07,2-HIGH,320354.98,Customer#000000040,BUILDING,1335.30,CANADA,AMERICA,"Nation: FRANCE
Return a single YES or NO, with no other words. If uncertain, return YES.",True
922,frosted dodger cyan medium indian,LARGE BURNISHED BRASS,SM CASE,15558,TRUCK,TAKE BACK RETURN,32.00,58333.44,0.02,1997-10-07,2-HIGH,320354.98,Customer#000000040,BUILDING,1335.30,CANADA,AMERICA,"Nation: GERMANY
Return a single YES or NO, with no other words. If uncertain, return YES.",True
922,frosted dodger cyan medium indian,LARGE BURNISHED BRASS,SM CASE,15558,TRUCK,TAKE BACK RETURN,32.00,58333.44,0.02,1997-10-07,2-HIGH,320354.98,Customer#000000040,BUILDING,1335.30,CANADA,AMERICA,"Nation: INDIA
Return a single YES or NO, with no other words. If uncertain, return YES.",True
922,frosted dodger cyan medium indian,LARGE BURNISHED BRASS,SM CASE,15558,TRUCK,TAKE BACK RETURN,32.00,58333.44,0.02,1997-10-07,2-HIGH,320354.98,Customer#000000040,BUILDING,1335.30,CANADA,AMERICA,"Nation: INDONESIA
Return a single YES or NO, with no other words. If uncertain, return YES.",True
922,frosted dodger cyan medium indian,LARGE BURNISHED BRASS,SM CASE,15558,TRUCK,TAKE BACK RETURN,32.00,58333.44,0.02,1997-10-07,2-HIGH,320354.98,Customer#000000040,BUILDING,1335.30,CANADA,AMERICA,"Nation: IRAN
Return a single YES or NO, with no other words. If uncertain, return YES.",True
922,frosted dodger cyan medium indian,LARGE BURNISHED BRASS,SM CASE,15558,TRUCK,TAKE BACK RETURN,32.00,58333.44,0.02,1997-10-07,2-HIGH,320354.98,Customer#000000040,BUILDING,1335.30,CANADA,AMERICA,"Nation: IRAQ
Return a single YES or NO, with no other words. If uncertain, return YES.",True
922,frosted dodger cyan medium indian,LARGE BURNISHED BRASS,SM CASE,15558,TRUCK,TAKE BACK RETURN,32.00,58333.44,0.02,1997-10-07,2-HIGH,320354.98,Customer#000000040,BUILDING,1335.30,CANADA,AMERICA,"Nation: JAPAN
Return a single YES or NO, with no other words. If uncertain, return YES.",True
922,frosted dodger cyan medium indian,LARGE BURNISHED BRASS,SM CASE,15558,TRUCK,TAKE BACK RETURN,32.00,58333.44,0.02,1997-10-07,2-HIGH,320354.98,Customer#000000040,BUILDING,1335.30,CANADA,AMERICA,"Nation: JORDAN
Return a single YES or NO, with no other words. If uncertain, return YES.",True
922,frosted dodger cyan medium indian,LARGE BURNISHED BRASS,SM CASE,15558,TRUCK,TAKE BACK RETURN,32.00,58333.44,0.02,1997-10-07,2-HIGH,320354.98,Customer#000000040,BUILDING,1335.30,CANADA,AMERICA,"Nation: KENYA
Return a single YES or NO, with no other words. If uncertain, return YES.",True
922,frosted dodger cyan medium indian,LARGE BURNISHED BRASS,SM CASE,15558,TRUCK,TAKE BACK RETURN,32.00,58333.44,0.02,1997-10-07,2-HIGH,320354.98,Customer#000000040,BUILDING,1335.30,CANADA,AMERICA,"Nation: MOROCCO
Return a single YES or NO, with no other words. If uncertain, return YES.",True
922,frosted dodger cyan medium indian,LARGE BURNISHED BRASS,SM CASE,15558,TRUCK,TAKE BACK RETURN,32.00,58333.44,0.02,1997-10-07,2-HIGH,320354.98,Customer#000000040,BUILDING,1335.30,CANADA,AMERICA,"Nation: MOZAMBIQUE
Return a single YES or NO, with no other words. If uncertain, return YES.",True
922,frosted dodger cyan medium indian,LARGE BURNISHED BRASS,SM CASE,15558,TRUCK,TAKE BACK RETURN,32.00,58333.44,0.02,1997-10-07,2-HIGH,320354.98,Customer#000000040,BUILDING,1335.30,CANADA,AMERICA,"Nation: PERU
Return a single YES or NO, with no other words. If uncertain, return YES.",True
922,frosted dodger cyan medium indian,LARGE BURNISHED BRASS,SM CASE,15558,TRUCK,TAKE BACK RETURN,32.00,58333.44,0.02,1997-10-07,2-HIGH,320354.98,Customer#000000040,BUILDING,1335.30,CANADA,AMERICA,"Nation: CHINA
Return a single YES or NO, with no other words. If uncertain, return YES.",True
922,frosted dodger cyan medium indian,LARGE BURNISHED BRASS,SM CASE,15558,TRUCK,TAKE BACK RETURN,32.00,58333.44,0.02,1997-10-07,2-HIGH,320354.98,Customer#000000040,BUILDING,1335.30,CANADA,AMERICA,"Nation: ROMANIA
Return a single YES or NO, with no other words. If uncertain, return YES.",True
922,frosted dodger cyan medium indian,LARGE BURNISHED BRASS,SM CASE,15558,TRUCK,TAKE BACK RETURN,32.00,58333.44,0.02,1997-10-07,2-HIGH,320354.98,Customer#000000040,BUILDING,1335.30,CANADA,AMERICA,"Nation: SAUDI ARABIA
Return a single YES or NO, with no other words. If uncertain, return YES.",True
922,frosted dodger cyan medium indian,LARGE BURNISHED BRASS,SM CASE,15558,TRUCK,TAKE BACK RETURN,32.00,58333.44,0.02,1997-10-07,2-HIGH,320354.98,Customer#000000040,BUILDING,1335.30,CANADA,AMERICA,"Nation: VIETNAM
Return a single YES or NO, with no other words. If uncertain, return YES.",True
922,frosted dodger cyan medium indian,LARGE BURNISHED BRASS,SM CASE,15558,TRUCK,TAKE BACK RETURN,32.00,58333.44,0.02,1997-10-07,2-HIGH,320354.98,Customer#000000040,BUILDING,1335.30,CANADA,AMERICA,"Nation: RUSSIA
Return a single YES or NO, with no other words. If uncertain, return YES.",True
922,frosted dodger cyan medium indian,LARGE BURNISHED BRASS,SM CASE,15558,TRUCK,TAKE BACK RETURN,32.00,58333.44,0.02,1997-10-07,2-HIGH,320354.98,Customer#000000040,BUILDING,1335.30,CANADA,AMERICA,"Nation: UNITED KINGDOM
Return a single YES or NO, with no other words. If uncertain, return YES.",True
922,frosted dodger cyan medium indian,LARGE BURNISHED BRASS,SM CASE,15558,TRUCK,TAKE BACK RETURN,32.00,58333.44,0.02,1997-10-07,2-HIGH,320354.98,Customer#000000040,BUILDING,1335.30,CANADA,AMERICA,"Nation: UNITED STATES
Return a single YES or NO, with no other words. If uncertain, return YES.",True
6,bisque cornflower lawn forest magenta,PROMO PLATED STEEL,MED BAG,15974,MAIL,TAKE BACK RETURN,16.00,14496.00,0.03,1995-04-30,2-HIGH,101185.41,Customer#000000547,BUILDING,6058.08,RUSSIA,EUROPE,"Nation: ALGERIA
Return a single YES or NO, with no other words. If uncertain, return YES.",True
6,bisque cornflower lawn forest magenta,PROMO PLATED STEEL,MED BAG,15974,MAIL,TAKE BACK RETURN,16.00,14496.00,0.03,1995-04-30,2-HIGH,101185.41,Customer#000000547,BUILDING,6058.08,RUSSIA,EUROPE,"Nation: ARGENTINA
Return a single YES or NO, with no other words. If uncertain, return YES.",True
6,bisque cornflower lawn forest magenta,PROMO PLATED STEEL,MED BAG,15974,MAIL,TAKE BACK RETURN,16.00,14496.00,0.03,1995-04-30,2-HIGH,101185.41,Customer#000000547,BUILDING,6058.08,RUSSIA,EUROPE,"Nation: BRAZIL
Return a single YES or NO, with no other words. If uncertain, return YES.",True
6,bisque cornflower lawn forest magenta,PROMO PLATED STEEL,MED BAG,15974,MAIL,TAKE BACK RETURN,16.00,14496.00,0.03,1995-04-30,2-HIGH,101185.41,Customer#000000547,BUILDING,6058.08,RUSSIA,EUROPE,"Nation: CANADA
Return a single YES or NO, with no other words. If uncertain, return YES.",True
6,bisque cornflower lawn forest magenta,PROMO PLATED STEEL,MED BAG,15974,MAIL,TAKE BACK RETURN,16.00,14496.00,0.03,1995-04-30,2-HIGH,101185.41,Customer#000000547,BUILDING,6058.08,RUSSIA,EUROPE,"Nation: EGYPT
Return a single YES or NO, with no other words. If uncertain, return YES.",True
6,bisque cornflower lawn forest magenta,PROMO PLATED STEEL,MED BAG,15974,MAIL,TAKE BACK RETURN,16.00,14496.00,0.03,1995-04-30,2-HIGH,101185.41,Customer#000000547,BUILDING,6058.08,RUSSIA,EUROPE,"Nation: ETHIOPIA
Return a single YES or NO, with no other words. If uncertain, return YES.",True
6,bisque cornflower lawn forest magenta,PROMO PLATED STEEL,MED BAG,15974,MAIL,TAKE BACK RETURN,16.00,14496.00,0.03,1995-04-30,2-HIGH,101185.41,Customer#000000547,BUILDING,6058.08,RUSSIA,EUROPE,"Nation: FRANCE
Return a single YES or NO, with no other words. If uncertain, return YES.",True
6,bisque cornflower lawn forest magenta,PROMO PLATED STEEL,MED BAG,15974,MAIL,TAKE BACK RETURN,16.00,14496.00,0.03,1995-04-30,2-HIGH,101185.41,Customer#000000547,BUILDING,6058.08,RUSSIA,EUROPE,"Nation: GERMANY
Return a single YES or NO, with no other words. If uncertain, return YES.",True
6,bisque cornflower lawn forest magenta,PROMO PLATED STEEL,MED BAG,15974,MAIL,TAKE BACK RETURN,16.00,14496.00,0.03,1995-04-30,2-HIGH,101185.41,Customer#000000547,BUILDING,6058.08,RUSSIA,EUROPE,"Nation: INDIA
Return a single YES or NO, with no other words. If uncertain, return YES.",True
6,bisque cornflower lawn forest magenta,PROMO PLATED STEEL,MED BAG,15974,MAIL,TAKE BACK RETURN,16.00,14496.00,0.03,1995-04-30,2-HIGH,101185.41,Customer#000000547,BUILDING,6058.08,RUSSIA,EUROPE,"Nation: INDONESIA
Return a single YES or NO, with no other words. If uncertain, return YES.",True
6,bisque cornflower lawn forest magenta,PROMO PLATED STEEL,MED BAG,15974,MAIL,TAKE BACK RETURN,16.00,14496.00,0.03,1995-04-30,2-HIGH,101185.41,Customer#000000547,BUILDING,6058.08,RUSSIA,EUROPE,"Nation: IRAN
Return a single YES or NO, with no other words. If uncertain, return YES.",True
6,bisque cornflower lawn forest magenta,PROMO PLATED STEEL,MED BAG,15974,MAIL,TAKE BACK RETURN,16.00,14496.00,0.03,1995-04-30,2-HIGH,101185.41,Customer#000000547,BUILDING,6058.08,RUSSIA,EUROPE,"Nation: IRAQ
Return a single YES or NO, with no other words. If uncertain, return YES.",True
6,bisque cornflower lawn forest magenta,PROMO PLATED STEEL,MED BAG,15974,MAIL,TAKE BACK RETURN,16.00,14496.00,0.03,1995-04-30,2-HIGH,101185.41,Customer#000000547,BUILDING,6058.08,RUSSIA,EUROPE,"Nation: JAPAN
Return a single YES or NO, with no other words. If uncertain, return YES.",True
6,bisque cornflower lawn forest magenta,PROMO PLATED STEEL,MED BAG,15974,MAIL,TAKE BACK RETURN,16.00,14496.00,0.03,1995-04-30,2-HIGH,101185.41,Customer#000000547,BUILDING,6058.08,RUSSIA,EUROPE,"Nation: JORDAN
Return a single YES or NO, with no other words. If uncertain, return YES.",True
6,bisque cornflower lawn forest magenta,PROMO PLATED STEEL,MED BAG,15974,MAIL,TAKE BACK RETURN,16.00,14496.00,0.03,1995-04-30,2-HIGH,101185.41,Customer#000000547,BUILDING,6058.08,RUSSIA,EUROPE,"Nation: KENYA
Return a single YES or NO, with no other words. If uncertain, return YES.",True
6,bisque cornflower lawn forest magenta,PROMO PLATED STEEL,MED BAG,15974,MAIL,TAKE BACK RETURN,16.00,14496.00,0.03,1995-04-30,2-HIGH,101185.41,Customer#000000547,BUILDING,6058.08,RUSSIA,EUROPE,"Nation: MOROCCO
Return a single YES or NO, with no other words. If uncertain, return YES.",True
6,bisque cornflower lawn forest magenta,PROMO PLATED STEEL,MED BAG,15974,MAIL,TAKE BACK RETURN,16.00,14496.00,0.03,1995-04-30,2-HIGH,101185.41,Customer#000000547,BUILDING,6058.08,RUSSIA,EUROPE,"Nation: MOZAMBIQUE
Return a single YES or NO, with no other words. If uncertain, return YES.",True
6,bisque cornflower lawn forest magenta,PROMO PLATED STEEL,MED BAG,15974,MAIL,TAKE BACK RETURN,16.00,14496.00,0.03,1995-04-30,2-HIGH,101185.41,Customer#000000547,BUILDING,6058.08,RUSSIA,EUROPE,"Nation: PERU
Return a single YES or NO, with no other words. If uncertain, return YES.",True
6,bisque cornflower lawn forest magenta,PROMO PLATED STEEL,MED BAG,15974,MAIL,TAKE BACK RETURN,16.00,14496.00,0.03,1995-04-30,2-HIGH,101185.41,Customer#000000547,BUILDING,6058.08,RUSSIA,EUROPE,"Nation: CHINA
Return a single YES or NO, with no other words. If uncertain, return YES.",True
6,bisque cornflower lawn forest magenta,PROMO PLATED STEEL,MED BAG,15974,MAIL,TAKE BACK RETURN,16.00,14496.00,0.03,1995-04-30,2-HIGH,101185.41,Customer#000000547,BUILDING,6058.08,RUSSIA,EUROPE,"Nation: ROMANIA
Return a single YES or NO, with no other words. If uncertain, return YES.",True
6,bisque cornflower lawn forest magenta,PROMO PLATED STEEL,MED BAG,15974,MAIL,TAKE BACK RETURN,16.00,14496.00,0.03,1995-04-30,2-HIGH,101185.41,Customer#000000547,BUILDING,6058.08,RUSSIA,EUROPE,"Nation: SAUDI ARABIA
Return a single YES or NO, with no other words. If uncertain, return YES.",True
6,bisque cornflower lawn forest magenta,PROMO PLATED STEEL,MED BAG,15974,MAIL,TAKE BACK RETURN,16.00,14496.00,0.03,1995-04-30,2-HIGH,101185.41,Customer#000000547,BUILDING,6058.08,RUSSIA,EUROPE,"Nation: VIETNAM
Return a single YES or NO, with no other words. If uncertain, return YES.",True
6,bisque cornflower lawn forest magenta,PROMO PLATED STEEL,MED BAG,15974,MAIL,TAKE BACK RETURN,16.00,14496.00,0.03,1995-04-30,2-HIGH,101185.41,Customer#000000547,BUILDING,6058.08,RUSSIA,EUROPE,"Nation: RUSSIA
Return a single YES or NO, with no other words. If uncertain, return YES.",True
6,bisque cornflower lawn forest magenta,PROMO PLATED STEEL,MED BAG,15974,MAIL,TAKE BACK RETURN,16.00,14496.00,0.03,1995-04-30,2-HIGH,101185.41,Customer#000000547,BUILDING,6058.08,RUSSIA,EUROPE,"Nation: UNITED KINGDOM
Return a single YES or NO, with no other words. If uncertain, return YES.",True
6,bisque cornflower lawn forest magenta,PROMO PLATED STEEL,MED BAG,15974,MAIL,TAKE BACK RETURN,16.00,14496.00,0.03,1995-04-30,2-HIGH,101185.41,Customer#000000547,BUILDING,6058.08,RUSSIA,EUROPE,"Nation: UNITED STATES
Return a single YES or NO, with no other words. If uncertain, return YES.",True
874,drab slate hot black khaki,MEDIUM PLATED TIN,MED BOX,17668,REG AIR,TAKE BACK RETURN,43.00,76319.41,0.01,1994-11-26,3-MEDIUM,356016.33,Customer#000000005,HOUSEHOLD,794.47,CANADA,AMERICA,"Nation: ALGERIA
Return a single YES or NO, with no other words. If uncertain, return YES.",True
874,drab slate hot black khaki,MEDIUM PLATED TIN,MED BOX,17668,REG AIR,TAKE BACK RETURN,43.00,76319.41,0.01,1994-11-26,3-MEDIUM,356016.33,Customer#000000005,HOUSEHOLD,794.47,CANADA,AMERICA,"Nation: ARGENTINA
Return a single YES or NO, with no other words. If uncertain, return YES.",True
874,drab slate hot black khaki,MEDIUM PLATED TIN,MED BOX,17668,REG AIR,TAKE BACK RETURN,43.00,76319.41,0.01,1994-11-26,3-MEDIUM,356016.33,Customer#000000005,HOUSEHOLD,794.47,CANADA,AMERICA,"Nation: BRAZIL
Return a single YES or NO, with no other words. If uncertain, return YES.",True
874,drab slate hot black khaki,MEDIUM PLATED TIN,MED BOX,17668,REG AIR,TAKE BACK RETURN,43.00,76319.41,0.01,1994-11-26,3-MEDIUM,356016.33,Customer#000000005,HOUSEHOLD,794.47,CANADA,AMERICA,"Nation: CANADA
Return a single YES or NO, with no other words. If uncertain, return YES.",True
874,drab slate hot black khaki,MEDIUM PLATED TIN,MED BOX,17668,REG AIR,TAKE BACK RETURN,43.00,76319.41,0.01,1994-11-26,3-MEDIUM,356016.33,Customer#000000005,HOUSEHOLD,794.47,CANADA,AMERICA,"Nation: EGYPT
Return a single YES or NO, with no other words. If uncertain, return YES.",True
874,drab slate hot black khaki,MEDIUM PLATED TIN,MED BOX,17668,REG AIR,TAKE BACK RETURN,43.00,76319.41,0.01,1994-11-26,3-MEDIUM,356016.33,Customer#000000005,HOUSEHOLD,794.47,CANADA,AMERICA,"Nation: ETHIOPIA
Return a single YES or NO, with no other words. If uncertain, return YES.",True
874,drab slate hot black khaki,MEDIUM PLATED TIN,MED BOX,17668,REG AIR,TAKE BACK RETURN,43.00,76319.41,0.01,1994-11-26,3-MEDIUM,356016.33,Customer#000000005,HOUSEHOLD,794.47,CANADA,AMERICA,"Nation: FRANCE
Return a single YES or NO, with no other words. If uncertain, return YES.",True
874,drab slate hot black khaki,MEDIUM PLATED TIN,MED BOX,17668,REG AIR,TAKE BACK RETURN,43.00,76319.41,0.01,1994-11-26,3-MEDIUM,356016.33,Customer#000000005,HOUSEHOLD,794.47,CANADA,AMERICA,"Nation: GERMANY
Return a single YES or NO, with no other words. If uncertain, return YES.",True
874,drab slate hot black khaki,MEDIUM PLATED TIN,MED BOX,17668,REG AIR,TAKE BACK RETURN,43.00,76319.41,0.01,1994-11-26,3-MEDIUM,356016.33,Customer#000000005,HOUSEHOLD,794.47,CANADA,AMERICA,"Nation: INDIA
Return a single YES or NO, with no other words. If uncertain, return YES.",True
874,drab slate hot black khaki,MEDIUM PLATED TIN,MED BOX,17668,REG AIR,TAKE BACK RETURN,43.00,76319.41,0.01,1994-11-26,3-MEDIUM,356016.33,Customer#000000005,HOUSEHOLD,794.47,CANADA,AMERICA,"Nation: INDONESIA
Return a single YES or NO, with no other words. If uncertain, return YES.",True
874,drab slate hot black khaki,MEDIUM PLATED TIN,MED BOX,17668,REG AIR,TAKE BACK RETURN,43.00,76319.41,0.01,1994-11-26,3-MEDIUM,356016.33,Customer#000000005,HOUSEHOLD,794.47,CANADA,AMERICA,"Nation: IRAN
Return a single YES or NO, with no other words. If uncertain, return YES.",True
874,drab slate hot black khaki,MEDIUM PLATED TIN,MED BOX,17668,REG AIR,TAKE BACK RETURN,43.00,76319.41,0.01,1994-11-26,3-MEDIUM,356016.33,Customer#000000005,HOUSEHOLD,794.47,CANADA,AMERICA,"Nation: IRAQ
Return a single YES or NO, with no other words. If uncertain, return YES.",True
874,drab slate hot black khaki,MEDIUM PLATED TIN,MED BOX,17668,REG AIR,TAKE BACK RETURN,43.00,76319.41,0.01,1994-11-26,3-MEDIUM,356016.33,Customer#000000005,HOUSEHOLD,794.47,CANADA,AMERICA,"Nation: JAPAN
Return a single YES or NO, with no other words. If uncertain, return YES.",True
874,drab slate hot black khaki,MEDIUM PLATED TIN,MED BOX,17668,REG AIR,TAKE BACK RETURN,43.00,76319.41,0.01,1994-11-26,3-MEDIUM,356016.33,Customer#000000005,HOUSEHOLD,794.47,CANADA,AMERICA,"Nation: JORDAN
Return a single YES or NO, with no other words. If uncertain, return YES.",True
874,drab slate hot black khaki,MEDIUM PLATED TIN,MED BOX,17668,REG AIR,TAKE BACK RETURN,43.00,76319.41,0.01,1994-11-26,3-MEDIUM,356016.33,Customer#000000005,HOUSEHOLD,794.47,CANADA,AMERICA,"Nation: KENYA
Return a single YES or NO, with no other words. If uncertain, return YES.",True
874,drab slate hot black khaki,MEDIUM PLATED TIN,MED BOX,17668,REG AIR,TAKE BACK RETURN,43.00,76319.41,0.01,1994-11-26,3-MEDIUM,356016.33,Customer#000000005,HOUSEHOLD,794.47,CANADA,AMERICA,"Nation: MOROCCO
Return a single YES or NO, with no other words. If uncertain, return YES.",True
874,drab slate hot black khaki,MEDIUM PLATED TIN,MED BOX,17668,REG AIR,TAKE BACK RETURN,43.00,76319.41,0.01,1994-11-26,3-MEDIUM,356016.33,Customer#000000005,HOUSEHOLD,794.47,CANADA,AMERICA,"Nation: MOZAMBIQUE
Return a single YES or NO, with no other words. If uncertain, return YES.",True
874,drab slate hot black khaki,MEDIUM PLATED TIN,MED BOX,17668,REG AIR,TAKE BACK RETURN,43.00,76319.41,0.01,1994-11-26,3-MEDIUM,356016.33,Customer#000000005,HOUSEHOLD,794.47,CANADA,AMERICA,"Nation: PERU
Return a single YES or NO, with no other words. If uncertain, return YES.",True
874,drab slate hot black khaki,MEDIUM PLATED TIN,MED BOX,17668,REG AIR,TAKE BACK RETURN,43.00,76319.41,0.01,1994-11-26,3-MEDIUM,356016.33,Customer#000000005,HOUSEHOLD,794.47,CANADA,AMERICA,"Nation: CHINA
Return a single YES or NO, with no other words. If uncertain, return YES.",True
874,drab slate hot black khaki,MEDIUM PLATED TIN,MED BOX,17668,REG AIR,TAKE BACK RETURN,43.00,76319.41,0.01,1994-11-26,3-MEDIUM,356016.33,Customer#000000005,HOUSEHOLD,794.47,CANADA,AMERICA,"Nation: ROMANIA
Return a single YES or NO, with no other words. If uncertain, return YES.",True
874,drab slate hot black khaki,MEDIUM PLATED TIN,MED BOX,17668,REG AIR,TAKE BACK RETURN,43.00,76319.41,0.01,1994-11-26,3-MEDIUM,356016.33,Customer#000000005,HOUSEHOLD,794.47,CANADA,AMERICA,"Nation: SAUDI ARABIA
Return a single YES or NO, with no other words. If uncertain, return YES.",True
874,drab slate hot black khaki,MEDIUM PLATED TIN,MED BOX,17668,REG AIR,TAKE BACK RETURN,43.00,76319.41,0.01,1994-11-26,3-MEDIUM,356016.33,Customer#000000005,HOUSEHOLD,794.47,CANADA,AMERICA,"Nation: VIETNAM
Return a single YES or NO, with no other words. If uncertain, return YES.",True
874,drab slate hot black khaki,MEDIUM PLATED TIN,MED BOX,17668,REG AIR,TAKE BACK RETURN,43.00,76319.41,0.01,1994-11-26,3-MEDIUM,356016.33,Customer#000000005,HOUSEHOLD,794.47,CANADA,AMERICA,"Nation: RUSSIA
Return a single YES or NO, with no other words. If uncertain, return YES.",True
874,drab slate hot black khaki,MEDIUM PLATED TIN,MED BOX,17668,REG AIR,TAKE BACK RETURN,43.00,76319.41,0.01,1994-11-26,3-MEDIUM,356016.33,Customer#000000005,HOUSEHOLD,794.47,CANADA,AMERICA,"Nation: UNITED KINGDOM
Return a single YES or NO, with no other words. If uncertain, return YES.",True
874,drab slate hot black khaki,MEDIUM PLATED TIN,MED BOX,17668,REG AIR,TAKE BACK RETURN,43.00,76319.41,0.01,1994-11-26,3-MEDIUM,356016.33,Customer#000000005,HOUSEHOLD,794.47,CANADA,AMERICA,"Nation: UNITED STATES
Return a single YES or NO, with no other words. If uncertain, return YES.",True
895,thistle azure magenta mint burnished,MEDIUM BRUSHED STEEL,SM BOX,19363,AIR,TAKE BACK RETURN,35.00,62856.15,0.07,1995-07-06,2-HIGH,280738.15,Customer#000000172,MACHINERY,1134.40,RUSSIA,EUROPE,"Nation: ALGERIA
Return a single YES or NO, with no other words. If uncertain, return YES.",True
895,thistle azure magenta mint burnished,MEDIUM BRUSHED STEEL,SM BOX,19363,AIR,TAKE BACK RETURN,35.00,62856.15,0.07,1995-07-06,2-HIGH,280738.15,Customer#000000172,MACHINERY,1134.40,RUSSIA,EUROPE,"Nation: ARGENTINA
Return a single YES or NO, with no other words. If uncertain, return YES.",True
895,thistle azure magenta mint burnished,MEDIUM BRUSHED STEEL,SM BOX,19363,AIR,TAKE BACK RETURN,35.00,62856.15,0.07,1995-07-06,2-HIGH,280738.15,Customer#000000172,MACHINERY,1134.40,RUSSIA,EUROPE,"Nation: BRAZIL
Return a single YES or NO, with no other words. If uncertain, return YES.",True
895,thistle azure magenta mint burnished,MEDIUM BRUSHED STEEL,SM BOX,19363,AIR,TAKE BACK RETURN,35.00,62856.15,0.07,1995-07-06,2-HIGH,280738.15,Customer#000000172,MACHINERY,1134.40,RUSSIA,EUROPE,"Nation: CANADA
Return a single YES or NO, with no other words. If uncertain, return YES.",True
895,thistle azure magenta mint burnished,MEDIUM BRUSHED STEEL,SM BOX,19363,AIR,TAKE BACK RETURN,35.00,62856.15,0.07,1995-07-06,2-HIGH,280738.15,Customer#000000172,MACHINERY,1134.40,RUSSIA,EUROPE,"Nation: EGYPT
Return a single YES or NO, with no other words. If uncertain, return YES.",True
895,thistle azure magenta mint burnished,MEDIUM BRUSHED STEEL,SM BOX,19363,AIR,TAKE BACK RETURN,35.00,62856.15,0.07,1995-07-06,2-HIGH,280738.15,Customer#000000172,MACHINERY,1134.40,RUSSIA,EUROPE,"Nation: ETHIOPIA
Return a single YES or NO, with no other words. If uncertain, return YES.",True
895,thistle azure magenta mint burnished,MEDIUM BRUSHED STEEL,SM BOX,19363,AIR,TAKE BACK RETURN,35.00,62856.15,0.07,1995-07-06,2-HIGH,280738.15,Customer#000000172,MACHINERY,1134.40,RUSSIA,EUROPE,"Nation: FRANCE
Return a single YES or NO, with no other words. If uncertain, return YES.",True
895,thistle azure magenta mint burnished,MEDIUM BRUSHED STEEL,SM BOX,19363,AIR,TAKE BACK RETURN,35.00,62856.15,0.07,1995-07-06,2-HIGH,280738.15,Customer#000000172,MACHINERY,1134.40,RUSSIA,EUROPE,"Nation: GERMANY
Return a single YES or NO, with no other words. If uncertain, return YES.",True
895,thistle azure magenta mint burnished,MEDIUM BRUSHED STEEL,SM BOX,19363,AIR,TAKE BACK RETURN,35.00,62856.15,0.07,1995-07-06,2-HIGH,280738.15,Customer#000000172,MACHINERY,1134.40,RUSSIA,EUROPE,"Nation: INDIA
Return a single YES or NO, with no other words. If uncertain, return YES.",True
895,thistle azure magenta mint burnished,MEDIUM BRUSHED STEEL,SM BOX,19363,AIR,TAKE BACK RETURN,35.00,62856.15,0.07,1995-07-06,2-HIGH,280738.15,Customer#000000172,MACHINERY,1134.40,RUSSIA,EUROPE,"Nation: INDONESIA
Return a single YES or NO, with no other words. If uncertain, return YES.",True
895,thistle azure magenta mint burnished,MEDIUM BRUSHED STEEL,SM BOX,19363,AIR,TAKE BACK RETURN,35.00,62856.15,0.07,1995-07-06,2-HIGH,280738.15,Customer#000000172,MACHINERY,1134.40,RUSSIA,EUROPE,"Nation: IRAN
Return a single YES or NO, with no other words. If uncertain, return YES.",True
895,thistle azure magenta mint burnished,MEDIUM BRUSHED STEEL,SM BOX,19363,AIR,TAKE BACK RETURN,35.00,62856.15,0.07,1995-07-06,2-HIGH,280738.15,Customer#000000172,MACHINERY,1134.40,RUSSIA,EUROPE,"Nation: IRAQ
Return a single YES or NO, with no other words. If uncertain, return YES.",True
895,thistle azure magenta mint burnished,MEDIUM BRUSHED STEEL,SM BOX,19363,AIR,TAKE BACK RETURN,35.00,62856.15,0.07,1995-07-06,2-HIGH,280738.15,Customer#000000172,MACHINERY,1134.40,RUSSIA,EUROPE,"Nation: JAPAN
Return a single YES or NO, with no other words. If uncertain, return YES.",True
895,thistle azure magenta mint burnished,MEDIUM BRUSHED STEEL,SM BOX,19363,AIR,TAKE BACK RETURN,35.00,62856.15,0.07,1995-07-06,2-HIGH,280738.15,Customer#000000172,MACHINERY,1134.40,RUSSIA,EUROPE,"Nation: JORDAN
Return a single YES or NO, with no other words. If uncertain, return YES.",True
895,thistle azure magenta mint burnished,MEDIUM BRUSHED STEEL,SM BOX,19363,AIR,TAKE BACK RETURN,35.00,62856.15,0.07,1995-07-06,2-HIGH,280738.15,Customer#000000172,MACHINERY,1134.40,RUSSIA,EUROPE,"Nation: KENYA
Return a single YES or NO, with no other words. If uncertain, return YES.",True
895,thistle azure magenta mint burnished,MEDIUM BRUSHED STEEL,SM BOX,19363,AIR,TAKE BACK RETURN,35.00,62856.15,0.07,1995-07-06,2-HIGH,280738.15,Customer#000000172,MACHINERY,1134.40,RUSSIA,EUROPE,"Nation: MOROCCO
Return a single YES or NO, with no other words. If uncertain, return YES.",True
895,thistle azure magenta mint burnished,MEDIUM BRUSHED STEEL,SM BOX,19363,AIR,TAKE BACK RETURN,35.00,62856.15,0.07,1995-07-06,2-HIGH,280738.15,Customer#000000172,MACHINERY,1134.40,RUSSIA,EUROPE,"Nation: MOZAMBIQUE
Return a single YES or NO, with no other words. If uncertain, return YES.",True
895,thistle azure magenta mint burnished,MEDIUM BRUSHED STEEL,SM BOX,19363,AIR,TAKE BACK RETURN,35.00,62856.15,0.07,1995-07-06,2-HIGH,280738.15,Customer#000000172,MACHINERY,1134.40,RUSSIA,EUROPE,"Nation: PERU
Return a single YES or NO, with no other words. If uncertain, return YES.",True
895,thistle azure magenta mint burnished,MEDIUM BRUSHED STEEL,SM BOX,19363,AIR,TAKE BACK RETURN,35.00,62856.15,0.07,1995-07-06,2-HIGH,280738.15,Customer#000000172,MACHINERY,1134.40,RUSSIA,EUROPE,"Nation: CHINA
Return a single YES or NO, with no other words. If uncertain, return YES.",True
895,thistle azure magenta mint burnished,MEDIUM BRUSHED STEEL,SM BOX,19363,AIR,TAKE BACK RETURN,35.00,62856.15,0.07,1995-07-06,2-HIGH,280738.15,Customer#000000172,MACHINERY,1134.40,RUSSIA,EUROPE,"Nation: ROMANIA
Return a single YES or NO, with no other words. If uncertain, return YES.",True
895,thistle azure magenta mint burnished,MEDIUM BRUSHED STEEL,SM BOX,19363,AIR,TAKE BACK RETURN,35.00,62856.15,0.07,1995-07-06,2-HIGH,280738.15,Customer#000000172,MACHINERY,1134.40,RUSSIA,EUROPE,"Nation: SAUDI ARABIA
Return a single YES or NO, with no other words. If uncertain, return YES.",True
895,thistle azure magenta mint burnished,MEDIUM BRUSHED STEEL,SM BOX,19363,AIR,TAKE BACK RETURN,35.00,62856.15,0.07,1995-07-06,2-HIGH,280738.15,Customer#000000172,MACHINERY,1134.40,RUSSIA,EUROPE,"Nation: VIETNAM
Return a single YES or NO, with no other words. If uncertain, return YES.",True
895,thistle azure magenta mint burnished,MEDIUM BRUSHED STEEL,SM BOX,19363,AIR,TAKE BACK RETURN,35.00,62856.15,0.07,1995-07-06,2-HIGH,280738.15,Customer#000000172,MACHINERY,1134.40,RUSSIA,EUROPE,"Nation: RUSSIA
Return a single YES or NO, with no other words. If uncertain, return YES.",True
895,thistle azure magenta mint burnished,MEDIUM BRUSHED STEEL,SM BOX,19363,AIR,TAKE BACK RETURN,35.00,62856.15,0.07,1995-07-06,2-HIGH,280738.15,Customer#000000172,MACHINERY,1134.40,RUSSIA,EUROPE,"Nation: UNITED KINGDOM
Return a single YES or NO, with no other words. If uncertain, return YES.",True
895,thistle azure magenta mint burnished,MEDIUM BRUSHED STEEL,SM BOX,19363,AIR,TAKE BACK RETURN,35.00,62856.15,0.07,1995-07-06,2-HIGH,280738.15,Customer#000000172,MACHINERY,1134.40,RUSSIA,EUROPE,"Nation: UNITED STATES
Return a single YES or NO, with no other words. If uncertain, return YES.",True
443,chocolate burnished orchid mint royal,STANDARD BURNISHED BRASS,SM BOX,29986,REG AIR,DELIVER IN PERSON,45.00,60454.80,0.07,1995-07-04,1-URGENT,101116.03,Customer#000000485,MACHINERY,8695.45,ROMANIA,EUROPE,"Nation: ALGERIA
Return a single YES or NO, with no other words. If uncertain, return YES.",True
443,chocolate burnished orchid mint royal,STANDARD BURNISHED BRASS,SM BOX,29986,REG AIR,DELIVER IN PERSON,45.00,60454.80,0.07,1995-07-04,1-URGENT,101116.03,Customer#000000485,MACHINERY,8695.45,ROMANIA,EUROPE,"Nation: ARGENTINA
Return a single YES or NO, with no other words. If uncertain, return YES.",True
443,chocolate burnished orchid mint royal,STANDARD BURNISHED BRASS,SM BOX,29986,REG AIR,DELIVER IN PERSON,45.00,60454.80,0.07,1995-07-04,1-URGENT,101116.03,Customer#000000485,MACHINERY,8695.45,ROMANIA,EUROPE,"Nation: BRAZIL
Return a single YES or NO, with no other words. If uncertain, return YES.",True
443,chocolate burnished orchid mint royal,STANDARD BURNISHED BRASS,SM BOX,29986,REG AIR,DELIVER IN PERSON,45.00,60454.80,0.07,1995-07-04,1-URGENT,101116.03,Customer#000000485,MACHINERY,8695.45,ROMANIA,EUROPE,"Nation: CANADA
Return a single YES or NO, with no other words. If uncertain, return YES.",True
443,chocolate burnished orchid mint royal,STANDARD BURNISHED BRASS,SM BOX,29986,REG AIR,DELIVER IN PERSON,45.00,60454.80,0.07,1995-07-04,1-URGENT,101116.03,Customer#000000485,MACHINERY,8695.45,ROMANIA,EUROPE,"Nation: EGYPT
Return a single YES or NO, with no other words. If uncertain, return YES.",True
443,chocolate burnished orchid mint royal,STANDARD BURNISHED BRASS,SM BOX,29986,REG AIR,DELIVER IN PERSON,45.00,60454.80,0.07,1995-07-04,1-URGENT,101116.03,Customer#000000485,MACHINERY,8695.45,ROMANIA,EUROPE,"Nation: ETHIOPIA
Return a single YES or NO, with no other words. If uncertain, return YES.",True
443,chocolate burnished orchid mint royal,STANDARD BURNISHED BRASS,SM BOX,29986,REG AIR,DELIVER IN PERSON,45.00,60454.80,0.07,1995-07-04,1-URGENT,101116.03,Customer#000000485,MACHINERY,8695.45,ROMANIA,EUROPE,"Nation: FRANCE
Return a single YES or NO, with no other words. If uncertain, return YES.",True
443,chocolate burnished orchid mint royal,STANDARD BURNISHED BRASS,SM BOX,29986,REG AIR,DELIVER IN PERSON,45.00,60454.80,0.07,1995-07-04,1-URGENT,101116.03,Customer#000000485,MACHINERY,8695.45,ROMANIA,EUROPE,"Nation: GERMANY
Return a single YES or NO, with no other words. If uncertain, return YES.",True
443,chocolate burnished orchid mint royal,STANDARD BURNISHED BRASS,SM BOX,29986,REG AIR,DELIVER IN PERSON,45.00,60454.80,0.07,1995-07-04,1-URGENT,101116.03,Customer#000000485,MACHINERY,8695.45,ROMANIA,EUROPE,"Nation: INDIA
Return a single YES or NO, with no other words. If uncertain, return YES.",True
443,chocolate burnished orchid mint royal,STANDARD BURNISHED BRASS,SM BOX,29986,REG AIR,DELIVER IN PERSON,45.00,60454.80,0.07,1995-07-04,1-URGENT,101116.03,Customer#000000485,MACHINERY,8695.45,ROMANIA,EUROPE,"Nation: INDONESIA
Return a single YES or NO, with no other words. If uncertain, return YES.",True
443,chocolate burnished orchid mint royal,STANDARD BURNISHED BRASS,SM BOX,29986,REG AIR,DELIVER IN PERSON,45.00,60454.80,0.07,1995-07-04,1-URGENT,101116.03,Customer#000000485,MACHINERY,8695.45,ROMANIA,EUROPE,"Nation: IRAN
Return a single YES or NO, with no other words. If uncertain, return YES.",True
443,chocolate burnished orchid mint royal,STANDARD BURNISHED BRASS,SM BOX,29986,REG AIR,DELIVER IN PERSON,45.00,60454.80,0.07,1995-07-04,1-URGENT,101116.03,Customer#000000485,MACHINERY,8695.45,ROMANIA,EUROPE,"Nation: IRAQ
Return a single YES or NO, with no other words. If uncertain, return YES.",True
443,chocolate burnished orchid mint royal,STANDARD BURNISHED BRASS,SM BOX,29986,REG AIR,DELIVER IN PERSON,45.00,60454.80,0.07,1995-07-04,1-URGENT,101116.03,Customer#000000485,MACHINERY,8695.45,ROMANIA,EUROPE,"Nation: JAPAN
Return a single YES or NO, with no other words. If uncertain, return YES.",True
443,chocolate burnished orchid mint royal,STANDARD BURNISHED BRASS,SM BOX,29986,REG AIR,DELIVER IN PERSON,45.00,60454.80,0.07,1995-07-04,1-URGENT,101116.03,Customer#000000485,MACHINERY,8695.45,ROMANIA,EUROPE,"Nation: JORDAN
Return a single YES or NO, with no other words. If uncertain, return YES.",True
443,chocolate burnished orchid mint royal,STANDARD BURNISHED BRASS,SM BOX,29986,REG AIR,DELIVER IN PERSON,45.00,60454.80,0.07,1995-07-04,1-URGENT,101116.03,Customer#000000485,MACHINERY,8695.45,ROMANIA,EUROPE,"Nation: KENYA
Return a single YES or NO, with no other words. If uncertain, return YES.",True
443,chocolate burnished orchid mint royal,STANDARD BURNISHED BRASS,SM BOX,29986,REG AIR,DELIVER IN PERSON,45.00,60454.80,0.07,1995-07-04,1-URGENT,101116.03,Customer#000000485,MACHINERY,8695.45,ROMANIA,EUROPE,"Nation: MOROCCO
Return a single YES or NO, with no other words. If uncertain, return YES.",True
443,chocolate burnished orchid mint royal,STANDARD BURNISHED BRASS,SM BOX,29986,REG AIR,DELIVER IN PERSON,45.00,60454.80,0.07,1995-07-04,1-URGENT,101116.03,Customer#000000485,MACHINERY,8695.45,ROMANIA,EUROPE,"Nation: MOZAMBIQUE
Return a single YES or NO, with no other words. If uncertain, return YES.",True
443,chocolate burnished orchid mint royal,STANDARD BURNISHED BRASS,SM BOX,29986,REG AIR,DELIVER IN PERSON,45.00,60454.80,0.07,1995-07-04,1-URGENT,101116.03,Customer#000000485,MACHINERY,8695.45,ROMANIA,EUROPE,"Nation: PERU
Return a single YES or NO, with no other words. If uncertain, return YES.",True
443,chocolate burnished orchid mint royal,STANDARD BURNISHED BRASS,SM BOX,29986,REG AIR,DELIVER IN PERSON,45.00,60454.80,0.07,1995-07-04,1-URGENT,101116.03,Customer#000000485,MACHINERY,8695.45,ROMANIA,EUROPE,"Nation: CHINA
Return a single YES or NO, with no other words. If uncertain, return YES.",True
443,chocolate burnished orchid mint royal,STANDARD BURNISHED BRASS,SM BOX,29986,REG AIR,DELIVER IN PERSON,45.00,60454.80,0.07,1995-07-04,1-URGENT,101116.03,Customer#000000485,MACHINERY,8695.45,ROMANIA,EUROPE,"Nation: ROMANIA
Return a single YES or NO, with no other words. If uncertain, return YES.",True
443,chocolate burnished orchid mint royal,STANDARD BURNISHED BRASS,SM BOX,29986,REG AIR,DELIVER IN PERSON,45.00,60454.80,0.07,1995-07-04,1-URGENT,101116.03,Customer#000000485,MACHINERY,8695.45,ROMANIA,EUROPE,"Nation: SAUDI ARABIA
Return a single YES or NO, with no other words. If uncertain, return YES.",True
443,chocolate burnished orchid mint royal,STANDARD BURNISHED BRASS,SM BOX,29986,REG AIR,DELIVER IN PERSON,45.00,60454.80,0.07,1995-07-04,1-URGENT,101116.03,Customer#000000485,MACHINERY,8695.45,ROMANIA,EUROPE,"Nation: VIETNAM
Return a single YES or NO, with no other words. If uncertain, return YES.",True
443,chocolate burnished orchid mint royal,STANDARD BURNISHED BRASS,SM BOX,29986,REG AIR,DELIVER IN PERSON,45.00,60454.80,0.07,1995-07-04,1-URGENT,101116.03,Customer#000000485,MACHINERY,8695.45,ROMANIA,EUROPE,"Nation: RUSSIA
Return a single YES or NO, with no other words. If uncertain, return YES.",True
443,chocolate burnished orchid mint royal,STANDARD BURNISHED BRASS,SM BOX,29986,REG AIR,DELIVER IN PERSON,45.00,60454.80,0.07,1995-07-04,1-URGENT,101116.03,Customer#000000485,MACHINERY,8695.45,ROMANIA,EUROPE,"Nation: UNITED KINGDOM
Return a single YES or NO, with no other words. If uncertain, return YES.",True
443,chocolate burnished orchid mint royal,STANDARD BURNISHED BRASS,SM BOX,29986,REG AIR,DELIVER IN PERSON,45.00,60454.80,0.07,1995-07-04,1-URGENT,101116.03,Customer#000000485,MACHINERY,8695.45,ROMANIA,EUROPE,"Nation: UNITED STATES
Return a single YES or NO, with no other words. If uncertain, return YES.",True
107,violet honeydew bisque sienna orchid,SMALL BURNISHED TIN,MED BOX,10145,REG AIR,DELIVER IN PERSON,37.00,37262.70,0.10,1995-05-25,5-LOW,314527.26,Customer#000000323,AUTOMOBILE,1137.67,CHINA,ASIA,"Nation: ALGERIA
Return a single YES or NO, with no other words. If uncertain, return YES.",True
107,violet honeydew bisque sienna orchid,SMALL BURNISHED TIN,MED BOX,10145,REG AIR,DELIVER IN PERSON,37.00,37262.70,0.10,1995-05-25,5-LOW,314527.26,Customer#000000323,AUTOMOBILE,1137.67,CHINA,ASIA,"Nation: ARGENTINA
Return a single YES or NO, with no other words. If uncertain, return YES.",True
107,violet honeydew bisque sienna orchid,SMALL BURNISHED TIN,MED BOX,10145,REG AIR,DELIVER IN PERSON,37.00,37262.70,0.10,1995-05-25,5-LOW,314527.26,Customer#000000323,AUTOMOBILE,1137.67,CHINA,ASIA,"Nation: BRAZIL
Return a single YES or NO, with no other words. If uncertain, return YES.",True
107,violet honeydew bisque sienna orchid,SMALL BURNISHED TIN,MED BOX,10145,REG AIR,DELIVER IN PERSON,37.00,37262.70,0.10,1995-05-25,5-LOW,314527.26,Customer#000000323,AUTOMOBILE,1137.67,CHINA,ASIA,"Nation: CANADA
Return a single YES or NO, with no other words. If uncertain, return YES.",True
107,violet honeydew bisque sienna orchid,SMALL BURNISHED TIN,MED BOX,10145,REG AIR,DELIVER IN PERSON,37.00,37262.70,0.10,1995-05-25,5-LOW,314527.26,Customer#000000323,AUTOMOBILE,1137.67,CHINA,ASIA,"Nation: EGYPT
Return a single YES or NO, with no other words. If uncertain, return YES.",True
107,violet honeydew bisque sienna orchid,SMALL BURNISHED TIN,MED BOX,10145,REG AIR,DELIVER IN PERSON,37.00,37262.70,0.10,1995-05-25,5-LOW,314527.26,Customer#000000323,AUTOMOBILE,1137.67,CHINA,ASIA,"Nation: ETHIOPIA
Return a single YES or NO, with no other words. If uncertain, return YES.",True
107,violet honeydew bisque sienna orchid,SMALL BURNISHED TIN,MED BOX,10145,REG AIR,DELIVER IN PERSON,37.00,37262.70,0.10,1995-05-25,5-LOW,314527.26,Customer#000000323,AUTOMOBILE,1137.67,CHINA,ASIA,"Nation: FRANCE
Return a single YES or NO, with no other words. If uncertain, return YES.",True
107,violet honeydew bisque sienna orchid,SMALL BURNISHED TIN,MED BOX,10145,REG AIR,DELIVER IN PERSON,37.00,37262.70,0.10,1995-05-25,5-LOW,314527.26,Customer#000000323,AUTOMOBILE,1137.67,CHINA,ASIA,"Nation: GERMANY
Return a single YES or NO, with no other words. If uncertain, return YES.",True
107,violet honeydew bisque sienna orchid,SMALL BURNISHED TIN,MED BOX,10145,REG AIR,DELIVER IN PERSON,37.00,37262.70,0.10,1995-05-25,5-LOW,314527.26,Customer#000000323,AUTOMOBILE,1137.67,CHINA,ASIA,"Nation: INDIA
Return a single YES or NO, with no other words. If uncertain, return YES.",True
107,violet honeydew bisque sienna orchid,SMALL BURNISHED TIN,MED BOX,10145,REG AIR,DELIVER IN PERSON,37.00,37262.70,0.10,1995-05-25,5-LOW,314527.26,Customer#000000323,AUTOMOBILE,1137.67,CHINA,ASIA,"Nation: INDONESIA
Return a single YES or NO, with no other words. If uncertain, return YES.",True
107,violet honeydew bisque sienna orchid,SMALL BURNISHED TIN,MED BOX,10145,REG AIR,DELIVER IN PERSON,37.00,37262.70,0.10,1995-05-25,5-LOW,314527.26,Customer#000000323,AUTOMOBILE,1137.67,CHINA,ASIA,"Nation: IRAN
Return a single YES or NO, with no other words. If uncertain, return YES.",True
107,violet honeydew bisque sienna orchid,SMALL BURNISHED TIN,MED BOX,10145,REG AIR,DELIVER IN PERSON,37.00,37262.70,0.10,1995-05-25,5-LOW,314527.26,Customer#000000323,AUTOMOBILE,1137.67,CHINA,ASIA,"Nation: IRAQ
Return a single YES or NO, with no other words. If uncertain, return YES.",True
107,violet honeydew bisque sienna orchid,SMALL BURNISHED TIN,MED BOX,10145,REG AIR,DELIVER IN PERSON,37.00,37262.70,0.10,1995-05-25,5-LOW,314527.26,Customer#000000323,AUTOMOBILE,1137.67,CHINA,ASIA,"Nation: JAPAN
Return a single YES or NO, with no other words. If uncertain, return YES.",True
107,violet honeydew bisque sienna orchid,SMALL BURNISHED TIN,MED BOX,10145,REG AIR,DELIVER IN PERSON,37.00,37262.70,0.10,1995-05-25,5-LOW,314527.26,Customer#000000323,AUTOMOBILE,1137.67,CHINA,ASIA,"Nation: JORDAN
Return a single YES or NO, with no other words. If uncertain, return YES.",True
107,violet honeydew bisque sienna orchid,SMALL BURNISHED TIN,MED BOX,10145,REG AIR,DELIVER IN PERSON,37.00,37262.70,0.10,1995-05-25,5-LOW,314527.26,Customer#000000323,AUTOMOBILE,1137.67,CHINA,ASIA,"Nation: KENYA
Return a single YES or NO, with no other words. If uncertain, return YES.",True
107,violet honeydew bisque sienna orchid,SMALL BURNISHED TIN,MED BOX,10145,REG AIR,DELIVER IN PERSON,37.00,37262.70,0.10,1995-05-25,5-LOW,314527.26,Customer#000000323,AUTOMOBILE,1137.67,CHINA,ASIA,"Nation: MOROCCO
Return a single YES or NO, with no other words. If uncertain, return YES.",True
107,violet honeydew bisque sienna orchid,SMALL BURNISHED TIN,MED BOX,10145,REG AIR,DELIVER IN PERSON,37.00,37262.70,0.10,1995-05-25,5-LOW,314527.26,Customer#000000323,AUTOMOBILE,1137.67,CHINA,ASIA,"Nation: MOZAMBIQUE
Return a single YES or NO, with no other words. If uncertain, return YES.",True
107,violet honeydew bisque sienna orchid,SMALL BURNISHED TIN,MED BOX,10145,REG AIR,DELIVER IN PERSON,37.00,37262.70,0.10,1995-05-25,5-LOW,314527.26,Customer#000000323,AUTOMOBILE,1137.67,CHINA,ASIA,"Nation: PERU
Return a single YES or NO, with no other words. If uncertain, return YES.",True
107,violet honeydew bisque sienna orchid,SMALL BURNISHED TIN,MED BOX,10145,REG AIR,DELIVER IN PERSON,37.00,37262.70,0.10,1995-05-25,5-LOW,314527.26,Customer#000000323,AUTOMOBILE,1137.67,CHINA,ASIA,"Nation: CHINA
Return a single YES or NO, with no other words. If uncertain, return YES.",True
107,violet honeydew bisque sienna orchid,SMALL BURNISHED TIN,MED BOX,10145,REG AIR,DELIVER IN PERSON,37.00,37262.70,0.10,1995-05-25,5-LOW,314527.26,Customer#000000323,AUTOMOBILE,1137.67,CHINA,ASIA,"Nation: ROMANIA
Return a single YES or NO, with no other words. If uncertain, return YES.",True
107,violet honeydew bisque sienna orchid,SMALL BURNISHED TIN,MED BOX,10145,REG AIR,DELIVER IN PERSON,37.00,37262.70,0.10,1995-05-25,5-LOW,314527.26,Customer#000000323,AUTOMOBILE,1137.67,CHINA,ASIA,"Nation: SAUDI ARABIA
Return a single YES or NO, with no other words. If uncertain, return YES.",True
107,violet honeydew bisque sienna orchid,SMALL BURNISHED TIN,MED BOX,10145,REG AIR,DELIVER IN PERSON,37.00,37262.70,0.10,1995-05-25,5-LOW,314527.26,Customer#000000323,AUTOMOBILE,1137.67,CHINA,ASIA,"Nation: VIETNAM
Return a single YES or NO, with no other words. If uncertain, return YES.",True
107,violet honeydew bisque sienna orchid,SMALL BURNISHED TIN,MED BOX,10145,REG AIR,DELIVER IN PERSON,37.00,37262.70,0.10,1995-05-25,5-LOW,314527.26,Customer#000000323,AUTOMOBILE,1137.67,CHINA,ASIA,"Nation: RUSSIA
Return a single YES or NO, with no other words. If uncertain, return YES.",True
107,violet honeydew bisque sienna orchid,SMALL BURNISHED TIN,MED BOX,10145,REG AIR,DELIVER IN PERSON,37.00,37262.70,0.10,1995-05-25,5-LOW,314527.26,Customer#000000323,AUTOMOBILE,1137.67,CHINA,ASIA,"Nation: UNITED KINGDOM
Return a single YES or NO, with no other words. If uncertain, return YES.",True
107,violet honeydew bisque sienna orchid,SMALL BURNISHED TIN,MED BOX,10145,REG AIR,DELIVER IN PERSON,37.00,37262.70,0.10,1995-05-25,5-LOW,314527.26,Customer#000000323,AUTOMOBILE,1137.67,CHINA,ASIA,"Nation: UNITED STATES
Return a single YES or NO, with no other words. If uncertain, return YES.",True
30,cream misty steel spring medium,PROMO ANODIZED TIN,LG BOX,10375,TRUCK,TAKE BACK RETURN,23.00,21390.69,0.06,1997-01-08,2-HIGH,60612.14,Customer#000000407,MACHINERY,9537.08,ARGENTINA,AMERICA,"Nation: ALGERIA
Return a single YES or NO, with no other words. If uncertain, return YES.",True
30,cream misty steel spring medium,PROMO ANODIZED TIN,LG BOX,10375,TRUCK,TAKE BACK RETURN,23.00,21390.69,0.06,1997-01-08,2-HIGH,60612.14,Customer#000000407,MACHINERY,9537.08,ARGENTINA,AMERICA,"Nation: ARGENTINA
Return a single YES or NO, with no other words. If uncertain, return YES.",True
30,cream misty steel spring medium,PROMO ANODIZED TIN,LG BOX,10375,TRUCK,TAKE BACK RETURN,23.00,21390.69,0.06,1997-01-08,2-HIGH,60612.14,Customer#000000407,MACHINERY,9537.08,ARGENTINA,AMERICA,"Nation: BRAZIL
Return a single YES or NO, with no other words. If uncertain, return YES.",True
30,cream misty steel spring medium,PROMO ANODIZED TIN,LG BOX,10375,TRUCK,TAKE BACK RETURN,23.00,21390.69,0.06,1997-01-08,2-HIGH,60612.14,Customer#000000407,MACHINERY,9537.08,ARGENTINA,AMERICA,"Nation: CANADA
Return a single YES or NO, with no other words. If uncertain, return YES.",True
30,cream misty steel spring medium,PROMO ANODIZED TIN,LG BOX,10375,TRUCK,TAKE BACK RETURN,23.00,21390.69,0.06,1997-01-08,2-HIGH,60612.14,Customer#000000407,MACHINERY,9537.08,ARGENTINA,AMERICA,"Nation: EGYPT
Return a single YES or NO, with no other words. If uncertain, return YES.",True
30,cream misty steel spring medium,PROMO ANODIZED TIN,LG BOX,10375,TRUCK,TAKE BACK RETURN,23.00,21390.69,0.06,1997-01-08,2-HIGH,60612.14,Customer#000000407,MACHINERY,9537.08,ARGENTINA,AMERICA,"Nation: ETHIOPIA
Return a single YES or NO, with no other words. If uncertain, return YES.",True
30,cream misty steel spring medium,PROMO ANODIZED TIN,LG BOX,10375,TRUCK,TAKE BACK RETURN,23.00,21390.69,0.06,1997-01-08,2-HIGH,60612.14,Customer#000000407,MACHINERY,9537.08,ARGENTINA,AMERICA,"Nation: FRANCE
Return a single YES or NO, with no other words. If uncertain, return YES.",True
30,cream misty steel spring medium,PROMO ANODIZED TIN,LG BOX,10375,TRUCK,TAKE BACK RETURN,23.00,21390.69,0.06,1997-01-08,2-HIGH,60612.14,Customer#000000407,MACHINERY,9537.08,ARGENTINA,AMERICA,"Nation: GERMANY
Return a single YES or NO, with no other words. If uncertain, return YES.",True
30,cream misty steel spring medium,PROMO ANODIZED TIN,LG BOX,10375,TRUCK,TAKE BACK RETURN,23.00,21390.69,0.06,1997-01-08,2-HIGH,60612.14,Customer#000000407,MACHINERY,9537.08,ARGENTINA,AMERICA,"Nation: INDIA
Return a single YES or NO, with no other words. If uncertain, return YES.",True
30,cream misty steel spring medium,PROMO ANODIZED TIN,LG BOX,10375,TRUCK,TAKE BACK RETURN,23.00,21390.69,0.06,1997-01-08,2-HIGH,60612.14,Customer#000000407,MACHINERY,9537.08,ARGENTINA,AMERICA,"Nation: INDONESIA
Return a single YES or NO, with no other words. If uncertain, return YES.",True
30,cream misty steel spring medium,PROMO ANODIZED TIN,LG BOX,10375,TRUCK,TAKE BACK RETURN,23.00,21390.69,0.06,1997-01-08,2-HIGH,60612.14,Customer#000000407,MACHINERY,9537.08,ARGENTINA,AMERICA,"Nation: IRAN
Return a single YES or NO, with no other words. If uncertain, return YES.",True
30,cream misty steel spring medium,PROMO ANODIZED TIN,LG BOX,10375,TRUCK,TAKE BACK RETURN,23.00,21390.69,0.06,1997-01-08,2-HIGH,60612.14,Customer#000000407,MACHINERY,9537.08,ARGENTINA,AMERICA,"Nation: IRAQ
Return a single YES or NO, with no other words. If uncertain, return YES.",True
30,cream misty steel spring medium,PROMO ANODIZED TIN,LG BOX,10375,TRUCK,TAKE BACK RETURN,23.00,21390.69,0.06,1997-01-08,2-HIGH,60612.14,Customer#000000407,MACHINERY,9537.08,ARGENTINA,AMERICA,"Nation: JAPAN
Return a single YES or NO, with no other words. If uncertain, return YES.",True
30,cream misty steel spring medium,PROMO ANODIZED TIN,LG BOX,10375,TRUCK,TAKE BACK RETURN,23.00,21390.69,0.06,1997-01-08,2-HIGH,60612.14,Customer#000000407,MACHINERY,9537.08,ARGENTINA,AMERICA,"Nation: JORDAN
Return a single YES or NO, with no other words. If uncertain, return YES.",True
30,cream misty steel spring medium,PROMO ANODIZED TIN,LG BOX,10375,TRUCK,TAKE BACK RETURN,23.00,21390.69,0.06,1997-01-08,2-HIGH,60612.14,Customer#000000407,MACHINERY,9537.08,ARGENTINA,AMERICA,"Nation: KENYA
Return a single YES or NO, with no other words. If uncertain, return YES.",True
30,cream misty steel spring medium,PROMO ANODIZED TIN,LG BOX,10375,TRUCK,TAKE BACK RETURN,23.00,21390.69,0.06,1997-01-08,2-HIGH,60612.14,Customer#000000407,MACHINERY,9537.08,ARGENTINA,AMERICA,"Nation: MOROCCO
Return a single YES or NO, with no other words. If uncertain, return YES.",True
30,cream misty steel spring medium,PROMO ANODIZED TIN,LG BOX,10375,TRUCK,TAKE BACK RETURN,23.00,21390.69,0.06,1997-01-08,2-HIGH,60612.14,Customer#000000407,MACHINERY,9537.08,ARGENTINA,AMERICA,"Nation: MOZAMBIQUE
Return a single YES or NO, with no other words. If uncertain, return YES.",True
30,cream misty steel spring medium,PROMO ANODIZED TIN,LG BOX,10375,TRUCK,TAKE BACK RETURN,23.00,21390.69,0.06,1997-01-08,2-HIGH,60612.14,Customer#000000407,MACHINERY,9537.08,ARGENTINA,AMERICA,"Nation: PERU
Return a single YES or NO, with no other words. If uncertain, return YES.",True
30,cream misty steel spring medium,PROMO ANODIZED TIN,LG BOX,10375,TRUCK,TAKE BACK RETURN,23.00,21390.69,0.06,1997-01-08,2-HIGH,60612.14,Customer#000000407,MACHINERY,9537.08,ARGENTINA,AMERICA,"Nation: CHINA
Return a single YES or NO, with no other words. If uncertain, return YES.",True
30,cream misty steel spring medium,PROMO ANODIZED TIN,LG BOX,10375,TRUCK,TAKE BACK RETURN,23.00,21390.69,0.06,1997-01-08,2-HIGH,60612.14,Customer#000000407,MACHINERY,9537.08,ARGENTINA,AMERICA,"Nation: ROMANIA
Return a single YES or NO, with no other words. If uncertain, return YES.",True
30,cream misty steel spring medium,PROMO ANODIZED TIN,LG BOX,10375,TRUCK,TAKE BACK RETURN,23.00,21390.69,0.06,1997-01-08,2-HIGH,60612.14,Customer#000000407,MACHINERY,9537.08,ARGENTINA,AMERICA,"Nation: SAUDI ARABIA
Return a single YES or NO, with no other words. If uncertain, return YES.",True
30,cream misty steel spring medium,PROMO ANODIZED TIN,LG BOX,10375,TRUCK,TAKE BACK RETURN,23.00,21390.69,0.06,1997-01-08,2-HIGH,60612.14,Customer#000000407,MACHINERY,9537.08,ARGENTINA,AMERICA,"Nation: VIETNAM
Return a single YES or NO, with no other words. If uncertain, return YES.",True
30,cream misty steel spring medium,PROMO ANODIZED TIN,LG BOX,10375,TRUCK,TAKE BACK RETURN,23.00,21390.69,0.06,1997-01-08,2-HIGH,60612.14,Customer#000000407,MACHINERY,9537.08,ARGENTINA,AMERICA,"Nation: RUSSIA
Return a single YES or NO, with no other words. If uncertain, return YES.",True
30,cream misty steel spring medium,PROMO ANODIZED TIN,LG BOX,10375,TRUCK,TAKE BACK RETURN,23.00,21390.69,0.06,1997-01-08,2-HIGH,60612.14,Customer#000000407,MACHINERY,9537.08,ARGENTINA,AMERICA,"Nation: UNITED KINGDOM
Return a single YES or NO, with no other words. If uncertain, return YES.",True
30,cream misty steel spring medium,PROMO ANODIZED TIN,LG BOX,10375,TRUCK,TAKE BACK RETURN,23.00,21390.69,0.06,1997-01-08,2-HIGH,60612.14,Customer#000000407,MACHINERY,9537.08,ARGENTINA,AMERICA,"Nation: UNITED STATES
Return a single YES or NO, with no other words. If uncertain, return YES.",True
443,chocolate burnished orchid mint royal,STANDARD BURNISHED BRASS,SM BOX,13604,TRUCK,TAKE BACK RETURN,42.00,56424.48,0.01,1994-02-03,4-NOT SPECIFIED,244993.48,Customer#000000571,HOUSEHOLD,8993.23,BRAZIL,AMERICA,"Nation: ALGERIA
Return a single YES or NO, with no other words. If uncertain, return YES.",True
443,chocolate burnished orchid mint royal,STANDARD BURNISHED BRASS,SM BOX,13604,TRUCK,TAKE BACK RETURN,42.00,56424.48,0.01,1994-02-03,4-NOT SPECIFIED,244993.48,Customer#000000571,HOUSEHOLD,8993.23,BRAZIL,AMERICA,"Nation: ARGENTINA
Return a single YES or NO, with no other words. If uncertain, return YES.",True
443,chocolate burnished orchid mint royal,STANDARD BURNISHED BRASS,SM BOX,13604,TRUCK,TAKE BACK RETURN,42.00,56424.48,0.01,1994-02-03,4-NOT SPECIFIED,244993.48,Customer#000000571,HOUSEHOLD,8993.23,BRAZIL,AMERICA,"Nation: BRAZIL
Return a single YES or NO, with no other words. If uncertain, return YES.",True
443,chocolate burnished orchid mint royal,STANDARD BURNISHED BRASS,SM BOX,13604,TRUCK,TAKE BACK RETURN,42.00,56424.48,0.01,1994-02-03,4-NOT SPECIFIED,244993.48,Customer#000000571,HOUSEHOLD,8993.23,BRAZIL,AMERICA,"Nation: CANADA
Return a single YES or NO, with no other words. If uncertain, return YES.",True
443,chocolate burnished orchid mint royal,STANDARD BURNISHED BRASS,SM BOX,13604,TRUCK,TAKE BACK RETURN,42.00,56424.48,0.01,1994-02-03,4-NOT SPECIFIED,244993.48,Customer#000000571,HOUSEHOLD,8993.23,BRAZIL,AMERICA,"Nation: EGYPT
Return a single YES or NO, with no other words. If uncertain, return YES.",True
443,chocolate burnished orchid mint royal,STANDARD BURNISHED BRASS,SM BOX,13604,TRUCK,TAKE BACK RETURN,42.00,56424.48,0.01,1994-02-03,4-NOT SPECIFIED,244993.48,Customer#000000571,HOUSEHOLD,8993.23,BRAZIL,AMERICA,"Nation: ETHIOPIA
Return a single YES or NO, with no other words. If uncertain, return YES.",True
443,chocolate burnished orchid mint royal,STANDARD BURNISHED BRASS,SM BOX,13604,TRUCK,TAKE BACK RETURN,42.00,56424.48,0.01,1994-02-03,4-NOT SPECIFIED,244993.48,Customer#000000571,HOUSEHOLD,8993.23,BRAZIL,AMERICA,"Nation: FRANCE
Return a single YES or NO, with no other words. If uncertain, return YES.",True
443,chocolate burnished orchid mint royal,STANDARD BURNISHED BRASS,SM BOX,13604,TRUCK,TAKE BACK RETURN,42.00,56424.48,0.01,1994-02-03,4-NOT SPECIFIED,244993.48,Customer#000000571,HOUSEHOLD,8993.23,BRAZIL,AMERICA,"Nation: GERMANY
Return a single YES or NO, with no other words. If uncertain, return YES.",True
443,chocolate burnished orchid mint royal,STANDARD BURNISHED BRASS,SM BOX,13604,TRUCK,TAKE BACK RETURN,42.00,56424.48,0.01,1994-02-03,4-NOT SPECIFIED,244993.48,Customer#000000571,HOUSEHOLD,8993.23,BRAZIL,AMERICA,"Nation: INDIA
Return a single YES or NO, with no other words. If uncertain, return YES.",True
443,chocolate burnished orchid mint royal,STANDARD BURNISHED BRASS,SM BOX,13604,TRUCK,TAKE BACK RETURN,42.00,56424.48,0.01,1994-02-03,4-NOT SPECIFIED,244993.48,Customer#000000571,HOUSEHOLD,8993.23,BRAZIL,AMERICA,"Nation: INDONESIA
Return a single YES or NO, with no other words. If uncertain, return YES.",True
443,chocolate burnished orchid mint royal,STANDARD BURNISHED BRASS,SM BOX,13604,TRUCK,TAKE BACK RETURN,42.00,56424.48,0.01,1994-02-03,4-NOT SPECIFIED,244993.48,Customer#000000571,HOUSEHOLD,8993.23,BRAZIL,AMERICA,"Nation: IRAN
Return a single YES or NO, with no other words. If uncertain, return YES.",True
443,chocolate burnished orchid mint royal,STANDARD BURNISHED BRASS,SM BOX,13604,TRUCK,TAKE BACK RETURN,42.00,56424.48,0.01,1994-02-03,4-NOT SPECIFIED,244993.48,Customer#000000571,HOUSEHOLD,8993.23,BRAZIL,AMERICA,"Nation: IRAQ
Return a single YES or NO, with no other words. If uncertain, return YES.",True
443,chocolate burnished orchid mint royal,STANDARD BURNISHED BRASS,SM BOX,13604,TRUCK,TAKE BACK RETURN,42.00,56424.48,0.01,1994-02-03,4-NOT SPECIFIED,244993.48,Customer#000000571,HOUSEHOLD,8993.23,BRAZIL,AMERICA,"Nation: JAPAN
Return a single YES or NO, with no other words. If uncertain, return YES.",True
443,chocolate burnished orchid mint royal,STANDARD BURNISHED BRASS,SM BOX,13604,TRUCK,TAKE BACK RETURN,42.00,56424.48,0.01,1994-02-03,4-NOT SPECIFIED,244993.48,Customer#000000571,HOUSEHOLD,8993.23,BRAZIL,AMERICA,"Nation: JORDAN
Return a single YES or NO, with no other words. If uncertain, return YES.",True
443,chocolate burnished orchid mint royal,STANDARD BURNISHED BRASS,SM BOX,13604,TRUCK,TAKE BACK RETURN,42.00,56424.48,0.01,1994-02-03,4-NOT SPECIFIED,244993.48,Customer#000000571,HOUSEHOLD,8993.23,BRAZIL,AMERICA,"Nation: KENYA
Return a single YES or NO, with no other words. If uncertain, return YES.",True
443,chocolate burnished orchid mint royal,STANDARD BURNISHED BRASS,SM BOX,13604,TRUCK,TAKE BACK RETURN,42.00,56424.48,0.01,1994-02-03,4-NOT SPECIFIED,244993.48,Customer#000000571,HOUSEHOLD,8993.23,BRAZIL,AMERICA,"Nation: MOROCCO
Return a single YES or NO, with no other words. If uncertain, return YES.",True
443,chocolate burnished orchid mint royal,STANDARD BURNISHED BRASS,SM BOX,13604,TRUCK,TAKE BACK RETURN,42.00,56424.48,0.01,1994-02-03,4-NOT SPECIFIED,244993.48,Customer#000000571,HOUSEHOLD,8993.23,BRAZIL,AMERICA,"Nation: MOZAMBIQUE
Return a single YES or NO, with no other words. If uncertain, return YES.",True
443,chocolate burnished orchid mint royal,STANDARD BURNISHED BRASS,SM BOX,13604,TRUCK,TAKE BACK RETURN,42.00,56424.48,0.01,1994-02-03,4-NOT SPECIFIED,244993.48,Customer#000000571,HOUSEHOLD,8993.23,BRAZIL,AMERICA,"Nation: PERU
Return a single YES or NO, with no other words. If uncertain, return YES.",True
443,chocolate burnished orchid mint royal,STANDARD BURNISHED BRASS,SM BOX,13604,TRUCK,TAKE BACK RETURN,42.00,56424.48,0.01,1994-02-03,4-NOT SPECIFIED,244993.48,Customer#000000571,HOUSEHOLD,8993.23,BRAZIL,AMERICA,"Nation: CHINA
Return a single YES or NO, with no other words. If uncertain, return YES.",True
443,chocolate burnished orchid mint royal,STANDARD BURNISHED BRASS,SM BOX,13604,TRUCK,TAKE BACK RETURN,42.00,56424.48,0.01,1994-02-03,4-NOT SPECIFIED,244993.48,Customer#000000571,HOUSEHOLD,8993.23,BRAZIL,AMERICA,"Nation: ROMANIA
Return a single YES or NO, with no other words. If uncertain, return YES.",True
443,chocolate burnished orchid mint royal,STANDARD BURNISHED BRASS,SM BOX,13604,TRUCK,TAKE BACK RETURN,42.00,56424.48,0.01,1994-02-03,4-NOT SPECIFIED,244993.48,Customer#000000571,HOUSEHOLD,8993.23,BRAZIL,AMERICA,"Nation: SAUDI ARABIA
Return a single YES or NO, with no other words. If uncertain, return YES.",True
443,chocolate burnished orchid mint royal,STANDARD BURNISHED BRASS,SM BOX,13604,TRUCK,TAKE BACK RETURN,42.00,56424.48,0.01,1994-02-03,4-NOT SPECIFIED,244993.48,Customer#000000571,HOUSEHOLD,8993.23,BRAZIL,AMERICA,"Nation: VIETNAM
Return a single YES or NO, with no other words. If uncertain, return YES.",True
443,chocolate burnished orchid mint royal,STANDARD BURNISHED BRASS,SM BOX,13604,TRUCK,TAKE BACK RETURN,42.00,56424.48,0.01,1994-02-03,4-NOT SPECIFIED,244993.48,Customer#000000571,HOUSEHOLD,8993.23,BRAZIL,AMERICA,"Nation: RUSSIA
Return a single YES or NO, with no other words. If uncertain, return YES.",True
443,chocolate burnished orchid mint royal,STANDARD BURNISHED BRASS,SM BOX,13604,TRUCK,TAKE BACK RETURN,42.00,56424.48,0.01,1994-02-03,4-NOT SPECIFIED,244993.48,Customer#000000571,HOUSEHOLD,8993.23,BRAZIL,AMERICA,"Nation: UNITED KINGDOM
Return a single YES or NO, with no other words. If uncertain, return YES.",True
443,chocolate burnished orchid mint royal,STANDARD BURNISHED BRASS,SM BOX,13604,TRUCK,TAKE BACK RETURN,42.00,56424.48,0.01,1994-02-03,4-NOT SPECIFIED,244993.48,Customer#000000571,HOUSEHOLD,8993.23,BRAZIL,AMERICA,"Nation: UNITED STATES
Return a single YES or NO, with no other words. If uncertain, return YES.",True
826,ghost rosy beige salmon lemon,ECONOMY PLATED TIN,SM CASE,14531,MAIL,TAKE BACK RETURN,45.00,77706.90,0.06,1997-06-11,2-HIGH,203176.76,Customer#000000667,AUTOMOBILE,3288.76,FRANCE,EUROPE,"Nation: ALGERIA
Return a single YES or NO, with no other words. If uncertain, return YES.",True
826,ghost rosy beige salmon lemon,ECONOMY PLATED TIN,SM CASE,14531,MAIL,TAKE BACK RETURN,45.00,77706.90,0.06,1997-06-11,2-HIGH,203176.76,Customer#000000667,AUTOMOBILE,3288.76,FRANCE,EUROPE,"Nation: ARGENTINA
Return a single YES or NO, with no other words. If uncertain, return YES.",True
826,ghost rosy beige salmon lemon,ECONOMY PLATED TIN,SM CASE,14531,MAIL,TAKE BACK RETURN,45.00,77706.90,0.06,1997-06-11,2-HIGH,203176.76,Customer#000000667,AUTOMOBILE,3288.76,FRANCE,EUROPE,"Nation: BRAZIL
Return a single YES or NO, with no other words. If uncertain, return YES.",True
826,ghost rosy beige salmon lemon,ECONOMY PLATED TIN,SM CASE,14531,MAIL,TAKE BACK RETURN,45.00,77706.90,0.06,1997-06-11,2-HIGH,203176.76,Customer#000000667,AUTOMOBILE,3288.76,FRANCE,EUROPE,"Nation: CANADA
Return a single YES or NO, with no other words. If uncertain, return YES.",True
826,ghost rosy beige salmon lemon,ECONOMY PLATED TIN,SM CASE,14531,MAIL,TAKE BACK RETURN,45.00,77706.90,0.06,1997-06-11,2-HIGH,203176.76,Customer#000000667,AUTOMOBILE,3288.76,FRANCE,EUROPE,"Nation: EGYPT
Return a single YES or NO, with no other words. If uncertain, return YES.",True
826,ghost rosy beige salmon lemon,ECONOMY PLATED TIN,SM CASE,14531,MAIL,TAKE BACK RETURN,45.00,77706.90,0.06,1997-06-11,2-HIGH,203176.76,Customer#000000667,AUTOMOBILE,3288.76,FRANCE,EUROPE,"Nation: ETHIOPIA
Return a single YES or NO, with no other words. If uncertain, return YES.",True
826,ghost rosy beige salmon lemon,ECONOMY PLATED TIN,SM CASE,14531,MAIL,TAKE BACK RETURN,45.00,77706.90,0.06,1997-06-11,2-HIGH,203176.76,Customer#000000667,AUTOMOBILE,3288.76,FRANCE,EUROPE,"Nation: FRANCE
Return a single YES or NO, with no other words. If uncertain, return YES.",True
826,ghost rosy beige salmon lemon,ECONOMY PLATED TIN,SM CASE,14531,MAIL,TAKE BACK RETURN,45.00,77706.90,0.06,1997-06-11,2-HIGH,203176.76,Customer#000000667,AUTOMOBILE,3288.76,FRANCE,EUROPE,"Nation: GERMANY
Return a single YES or NO, with no other words. If uncertain, return YES.",True
826,ghost rosy beige salmon lemon,ECONOMY PLATED TIN,SM CASE,14531,MAIL,TAKE BACK RETURN,45.00,77706.90,0.06,1997-06-11,2-HIGH,203176.76,Customer#000000667,AUTOMOBILE,3288.76,FRANCE,EUROPE,"Nation: INDIA
Return a single YES or NO, with no other words. If uncertain, return YES.",True
826,ghost rosy beige salmon lemon,ECONOMY PLATED TIN,SM CASE,14531,MAIL,TAKE BACK RETURN,45.00,77706.90,0.06,1997-06-11,2-HIGH,203176.76,Customer#000000667,AUTOMOBILE,3288.76,FRANCE,EUROPE,"Nation: INDONESIA
Return a single YES or NO, with no other words. If uncertain, return YES.",True
826,ghost rosy beige salmon lemon,ECONOMY PLATED TIN,SM CASE,14531,MAIL,TAKE BACK RETURN,45.00,77706.90,0.06,1997-06-11,2-HIGH,203176.76,Customer#000000667,AUTOMOBILE,3288.76,FRANCE,EUROPE,"Nation: IRAN
Return a single YES or NO, with no other words. If uncertain, return YES.",True
826,ghost rosy beige salmon lemon,ECONOMY PLATED TIN,SM CASE,14531,MAIL,TAKE BACK RETURN,45.00,77706.90,0.06,1997-06-11,2-HIGH,203176.76,Customer#000000667,AUTOMOBILE,3288.76,FRANCE,EUROPE,"Nation: IRAQ
Return a single YES or NO, with no other words. If uncertain, return YES.",True
826,ghost rosy beige salmon lemon,ECONOMY PLATED TIN,SM CASE,14531,MAIL,TAKE BACK RETURN,45.00,77706.90,0.06,1997-06-11,2-HIGH,203176.76,Customer#000000667,AUTOMOBILE,3288.76,FRANCE,EUROPE,"Nation: JAPAN
Return a single YES or NO, with no other words. If uncertain, return YES.",True
826,ghost rosy beige salmon lemon,ECONOMY PLATED TIN,SM CASE,14531,MAIL,TAKE BACK RETURN,45.00,77706.90,0.06,1997-06-11,2-HIGH,203176.76,Customer#000000667,AUTOMOBILE,3288.76,FRANCE,EUROPE,"Nation: JORDAN
Return a single YES or NO, with no other words. If uncertain, return YES.",True
826,ghost rosy beige salmon lemon,ECONOMY PLATED TIN,SM CASE,14531,MAIL,TAKE BACK RETURN,45.00,77706.90,0.06,1997-06-11,2-HIGH,203176.76,Customer#000000667,AUTOMOBILE,3288.76,FRANCE,EUROPE,"Nation: KENYA
Return a single YES or NO, with no other words. If uncertain, return YES.",True
826,ghost rosy beige salmon lemon,ECONOMY PLATED TIN,SM CASE,14531,MAIL,TAKE BACK RETURN,45.00,77706.90,0.06,1997-06-11,2-HIGH,203176.76,Customer#000000667,AUTOMOBILE,3288.76,FRANCE,EUROPE,"Nation: MOROCCO
Return a single YES or NO, with no other words. If uncertain, return YES.",True
826,ghost rosy beige salmon lemon,ECONOMY PLATED TIN,SM CASE,14531,MAIL,TAKE BACK RETURN,45.00,77706.90,0.06,1997-06-11,2-HIGH,203176.76,Customer#000000667,AUTOMOBILE,3288.76,FRANCE,EUROPE,"Nation: MOZAMBIQUE
Return a single YES or NO, with no other words. If uncertain, return YES.",True
826,ghost rosy beige salmon lemon,ECONOMY PLATED TIN,SM CASE,14531,MAIL,TAKE BACK RETURN,45.00,77706.90,0.06,1997-06-11,2-HIGH,203176.76,Customer#000000667,AUTOMOBILE,3288.76,FRANCE,EUROPE,"Nation: PERU
Return a single YES or NO, with no other words. If uncertain, return YES.",True
826,ghost rosy beige salmon lemon,ECONOMY PLATED TIN,SM CASE,14531,MAIL,TAKE BACK RETURN,45.00,77706.90,0.06,1997-06-11,2-HIGH,203176.76,Customer#000000667,AUTOMOBILE,3288.76,FRANCE,EUROPE,"Nation: CHINA
Return a single YES or NO, with no other words. If uncertain, return YES.",True
826,ghost rosy beige salmon lemon,ECONOMY PLATED TIN,SM CASE,14531,MAIL,TAKE BACK RETURN,45.00,77706.90,0.06,1997-06-11,2-HIGH,203176.76,Customer#000000667,AUTOMOBILE,3288.76,FRANCE,EUROPE,"Nation: ROMANIA
Return a single YES or NO, with no other words. If uncertain, return YES.",True
826,ghost rosy beige salmon lemon,ECONOMY PLATED TIN,SM CASE,14531,MAIL,TAKE BACK RETURN,45.00,77706.90,0.06,1997-06-11,2-HIGH,203176.76,Customer#000000667,AUTOMOBILE,3288.76,FRANCE,EUROPE,"Nation: SAUDI ARABIA
Return a single YES or NO, with no other words. If uncertain, return YES.",True
826,ghost rosy beige salmon lemon,ECONOMY PLATED TIN,SM CASE,14531,MAIL,TAKE BACK RETURN,45.00,77706.90,0.06,1997-06-11,2-HIGH,203176.76,Customer#000000667,AUTOMOBILE,3288.76,FRANCE,EUROPE,"Nation: VIETNAM
Return a single YES or NO, with no other words. If uncertain, return YES.",True
826,ghost rosy beige salmon lemon,ECONOMY PLATED TIN,SM CASE,14531,MAIL,TAKE BACK RETURN,45.00,77706.90,0.06,1997-06-11,2-HIGH,203176.76,Customer#000000667,AUTOMOBILE,3288.76,FRANCE,EUROPE,"Nation: RUSSIA
Return a single YES or NO, with no other words. If uncertain, return YES.",True
826,ghost rosy beige salmon lemon,ECONOMY PLATED TIN,SM CASE,14531,MAIL,TAKE BACK RETURN,45.00,77706.90,0.06,1997-06-11,2-HIGH,203176.76,Customer#000000667,AUTOMOBILE,3288.76,FRANCE,EUROPE,"Nation: UNITED KINGDOM
Return a single YES or NO, with no other words. If uncertain, return YES.",True
826,ghost rosy beige salmon lemon,ECONOMY PLATED TIN,SM CASE,14531,MAIL,TAKE BACK RETURN,45.00,77706.90,0.06,1997-06-11,2-HIGH,203176.76,Customer#000000667,AUTOMOBILE,3288.76,FRANCE,EUROPE,"Nation: UNITED STATES
Return a single YES or NO, with no other words. If uncertain, return YES.",True
392,medium plum powder blush yellow,MEDIUM BRUSHED COPPER,SM BOX,14754,TRUCK,DELIVER IN PERSON,36.00,46526.04,0.10,1996-06-23,3-MEDIUM,99648.70,Customer#000000043,MACHINERY,9904.28,ROMANIA,EUROPE,"Nation: ALGERIA
Return a single YES or NO, with no other words. If uncertain, return YES.",True
392,medium plum powder blush yellow,MEDIUM BRUSHED COPPER,SM BOX,14754,TRUCK,DELIVER IN PERSON,36.00,46526.04,0.10,1996-06-23,3-MEDIUM,99648.70,Customer#000000043,MACHINERY,9904.28,ROMANIA,EUROPE,"Nation: ARGENTINA
Return a single YES or NO, with no other words. If uncertain, return YES.",True
392,medium plum powder blush yellow,MEDIUM BRUSHED COPPER,SM BOX,14754,TRUCK,DELIVER IN PERSON,36.00,46526.04,0.10,1996-06-23,3-MEDIUM,99648.70,Customer#000000043,MACHINERY,9904.28,ROMANIA,EUROPE,"Nation: BRAZIL
Return a single YES or NO, with no other words. If uncertain, return YES.",True
392,medium plum powder blush yellow,MEDIUM BRUSHED COPPER,SM BOX,14754,TRUCK,DELIVER IN PERSON,36.00,46526.04,0.10,1996-06-23,3-MEDIUM,99648.70,Customer#000000043,MACHINERY,9904.28,ROMANIA,EUROPE,"Nation: CANADA
Return a single YES or NO, with no other words. If uncertain, return YES.",True
392,medium plum powder blush yellow,MEDIUM BRUSHED COPPER,SM BOX,14754,TRUCK,DELIVER IN PERSON,36.00,46526.04,0.10,1996-06-23,3-MEDIUM,99648.70,Customer#000000043,MACHINERY,9904.28,ROMANIA,EUROPE,"Nation: EGYPT
Return a single YES or NO, with no other words. If uncertain, return YES.",True
392,medium plum powder blush yellow,MEDIUM BRUSHED COPPER,SM BOX,14754,TRUCK,DELIVER IN PERSON,36.00,46526.04,0.10,1996-06-23,3-MEDIUM,99648.70,Customer#000000043,MACHINERY,9904.28,ROMANIA,EUROPE,"Nation: ETHIOPIA
Return a single YES or NO, with no other words. If uncertain, return YES.",True
392,medium plum powder blush yellow,MEDIUM BRUSHED COPPER,SM BOX,14754,TRUCK,DELIVER IN PERSON,36.00,46526.04,0.10,1996-06-23,3-MEDIUM,99648.70,Customer#000000043,MACHINERY,9904.28,ROMANIA,EUROPE,"Nation: FRANCE
Return a single YES or NO, with no other words. If uncertain, return YES.",True
392,medium plum powder blush yellow,MEDIUM BRUSHED COPPER,SM BOX,14754,TRUCK,DELIVER IN PERSON,36.00,46526.04,0.10,1996-06-23,3-MEDIUM,99648.70,Customer#000000043,MACHINERY,9904.28,ROMANIA,EUROPE,"Nation: GERMANY
Return a single YES or NO, with no other words. If uncertain, return YES.",True
392,medium plum powder blush yellow,MEDIUM BRUSHED COPPER,SM BOX,14754,TRUCK,DELIVER IN PERSON,36.00,46526.04,0.10,1996-06-23,3-MEDIUM,99648.70,Customer#000000043,MACHINERY,9904.28,ROMANIA,EUROPE,"Nation: INDIA
Return a single YES or NO, with no other words. If uncertain, return YES.",True
392,medium plum powder blush yellow,MEDIUM BRUSHED COPPER,SM BOX,14754,TRUCK,DELIVER IN PERSON,36.00,46526.04,0.10,1996-06-23,3-MEDIUM,99648.70,Customer#000000043,MACHINERY,9904.28,ROMANIA,EUROPE,"Nation: INDONESIA
Return a single YES or NO, with no other words. If uncertain, return YES.",True
392,medium plum powder blush yellow,MEDIUM BRUSHED COPPER,SM BOX,14754,TRUCK,DELIVER IN PERSON,36.00,46526.04,0.10,1996-06-23,3-MEDIUM,99648.70,Customer#000000043,MACHINERY,9904.28,ROMANIA,EUROPE,"Nation: IRAN
Return a single YES or NO, with no other words. If uncertain, return YES.",True
392,medium plum powder blush yellow,MEDIUM BRUSHED COPPER,SM BOX,14754,TRUCK,DELIVER IN PERSON,36.00,46526.04,0.10,1996-06-23,3-MEDIUM,99648.70,Customer#000000043,MACHINERY,9904.28,ROMANIA,EUROPE,"Nation: IRAQ
Return a single YES or NO, with no other words. If uncertain, return YES.",True
392,medium plum powder blush yellow,MEDIUM BRUSHED COPPER,SM BOX,14754,TRUCK,DELIVER IN PERSON,36.00,46526.04,0.10,1996-06-23,3-MEDIUM,99648.70,Customer#000000043,MACHINERY,9904.28,ROMANIA,EUROPE,"Nation: JAPAN
Return a single YES or NO, with no other words. If uncertain, return YES.",True
392,medium plum powder blush yellow,MEDIUM BRUSHED COPPER,SM BOX,14754,TRUCK,DELIVER IN PERSON,36.00,46526.04,0.10,1996-06-23,3-MEDIUM,99648.70,Customer#000000043,MACHINERY,9904.28,ROMANIA,EUROPE,"Nation: JORDAN
Return a single YES or NO, with no other words. If uncertain, return YES.",True
392,medium plum powder blush yellow,MEDIUM BRUSHED COPPER,SM BOX,14754,TRUCK,DELIVER IN PERSON,36.00,46526.04,0.10,1996-06-23,3-MEDIUM,99648.70,Customer#000000043,MACHINERY,9904.28,ROMANIA,EUROPE,"Nation: KENYA
Return a single YES or NO, with no other words. If uncertain, return YES.",True
392,medium plum powder blush yellow,MEDIUM BRUSHED COPPER,SM BOX,14754,TRUCK,DELIVER IN PERSON,36.00,46526.04,0.10,1996-06-23,3-MEDIUM,99648.70,Customer#000000043,MACHINERY,9904.28,ROMANIA,EUROPE,"Nation: MOROCCO
Return a single YES or NO, with no other words. If uncertain, return YES.",True
392,medium plum powder blush yellow,MEDIUM BRUSHED COPPER,SM BOX,14754,TRUCK,DELIVER IN PERSON,36.00,46526.04,0.10,1996-06-23,3-MEDIUM,99648.70,Customer#000000043,MACHINERY,9904.28,ROMANIA,EUROPE,"Nation: MOZAMBIQUE
Return a single YES or NO, with no other words. If uncertain, return YES.",True
392,medium plum powder blush yellow,MEDIUM BRUSHED COPPER,SM BOX,14754,TRUCK,DELIVER IN PERSON,36.00,46526.04,0.10,1996-06-23,3-MEDIUM,99648.70,Customer#000000043,MACHINERY,9904.28,ROMANIA,EUROPE,"Nation: PERU
Return a single YES or NO, with no other words. If uncertain, return YES.",True
392,medium plum powder blush yellow,MEDIUM BRUSHED COPPER,SM BOX,14754,TRUCK,DELIVER IN PERSON,36.00,46526.04,0.10,1996-06-23,3-MEDIUM,99648.70,Customer#000000043,MACHINERY,9904.28,ROMANIA,EUROPE,"Nation: CHINA
Return a single YES or NO, with no other words. If uncertain, return YES.",True
392,medium plum powder blush yellow,MEDIUM BRUSHED COPPER,SM BOX,14754,TRUCK,DELIVER IN PERSON,36.00,46526.04,0.10,1996-06-23,3-MEDIUM,99648.70,Customer#000000043,MACHINERY,9904.28,ROMANIA,EUROPE,"Nation: ROMANIA
Return a single YES or NO, with no other words. If uncertain, return YES.",True
392,medium plum powder blush yellow,MEDIUM BRUSHED COPPER,SM BOX,14754,TRUCK,DELIVER IN PERSON,36.00,46526.04,0.10,1996-06-23,3-MEDIUM,99648.70,Customer#000000043,MACHINERY,9904.28,ROMANIA,EUROPE,"Nation: SAUDI ARABIA
Return a single YES or NO, with no other words. If uncertain, return YES.",True
392,medium plum powder blush yellow,MEDIUM BRUSHED COPPER,SM BOX,14754,TRUCK,DELIVER IN PERSON,36.00,46526.04,0.10,1996-06-23,3-MEDIUM,99648.70,Customer#000000043,MACHINERY,9904.28,ROMANIA,EUROPE,"Nation: VIETNAM
Return a single YES or NO, with no other words. If uncertain, return YES.",True
392,medium plum powder blush yellow,MEDIUM BRUSHED COPPER,SM BOX,14754,TRUCK,DELIVER IN PERSON,36.00,46526.04,0.10,1996-06-23,3-MEDIUM,99648.70,Customer#000000043,MACHINERY,9904.28,ROMANIA,EUROPE,"Nation: RUSSIA
Return a single YES or NO, with no other words. If uncertain, return YES.",True
392,medium plum powder blush yellow,MEDIUM BRUSHED COPPER,SM BOX,14754,TRUCK,DELIVER IN PERSON,36.00,46526.04,0.10,1996-06-23,3-MEDIUM,99648.70,Customer#000000043,MACHINERY,9904.28,ROMANIA,EUROPE,"Nation: UNITED KINGDOM
Return a single YES or NO, with no other words. If uncertain, return YES.",True
392,medium plum powder blush yellow,MEDIUM BRUSHED COPPER,SM BOX,14754,TRUCK,DELIVER IN PERSON,36.00,46526.04,0.10,1996-06-23,3-MEDIUM,99648.70,Customer#000000043,MACHINERY,9904.28,ROMANIA,EUROPE,"Nation: UNITED STATES
Return a single YES or NO, with no other words. If uncertain, return YES.",True
144,hot midnight orchid dim steel,SMALL ANODIZED TIN,SM BOX,17476,MAIL,TAKE BACK RETURN,39.00,40721.46,0.01,1996-05-29,1-URGENT,116707.45,Customer#000000268,MACHINERY,6821.01,CANADA,AMERICA,"Nation: ALGERIA
Return a single YES or NO, with no other words. If uncertain, return YES.",True
144,hot midnight orchid dim steel,SMALL ANODIZED TIN,SM BOX,17476,MAIL,TAKE BACK RETURN,39.00,40721.46,0.01,1996-05-29,1-URGENT,116707.45,Customer#000000268,MACHINERY,6821.01,CANADA,AMERICA,"Nation: ARGENTINA
Return a single YES or NO, with no other words. If uncertain, return YES.",True
144,hot midnight orchid dim steel,SMALL ANODIZED TIN,SM BOX,17476,MAIL,TAKE BACK RETURN,39.00,40721.46,0.01,1996-05-29,1-URGENT,116707.45,Customer#000000268,MACHINERY,6821.01,CANADA,AMERICA,"Nation: BRAZIL
Return a single YES or NO, with no other words. If uncertain, return YES.",True
144,hot midnight orchid dim steel,SMALL ANODIZED TIN,SM BOX,17476,MAIL,TAKE BACK RETURN,39.00,40721.46,0.01,1996-05-29,1-URGENT,116707.45,Customer#000000268,MACHINERY,6821.01,CANADA,AMERICA,"Nation: CANADA
Return a single YES or NO, with no other words. If uncertain, return YES.",True
144,hot midnight orchid dim steel,SMALL ANODIZED TIN,SM BOX,17476,MAIL,TAKE BACK RETURN,39.00,40721.46,0.01,1996-05-29,1-URGENT,116707.45,Customer#000000268,MACHINERY,6821.01,CANADA,AMERICA,"Nation: EGYPT
Return a single YES or NO, with no other words. If uncertain, return YES.",True
144,hot midnight orchid dim steel,SMALL ANODIZED TIN,SM BOX,17476,MAIL,TAKE BACK RETURN,39.00,40721.46,0.01,1996-05-29,1-URGENT,116707.45,Customer#000000268,MACHINERY,6821.01,CANADA,AMERICA,"Nation: ETHIOPIA
Return a single YES or NO, with no other words. If uncertain, return YES.",True
144,hot midnight orchid dim steel,SMALL ANODIZED TIN,SM BOX,17476,MAIL,TAKE BACK RETURN,39.00,40721.46,0.01,1996-05-29,1-URGENT,116707.45,Customer#000000268,MACHINERY,6821.01,CANADA,AMERICA,"Nation: FRANCE
Return a single YES or NO, with no other words. If uncertain, return YES.",True
144,hot midnight orchid dim steel,SMALL ANODIZED TIN,SM BOX,17476,MAIL,TAKE BACK RETURN,39.00,40721.46,0.01,1996-05-29,1-URGENT,116707.45,Customer#000000268,MACHINERY,6821.01,CANADA,AMERICA,"Nation: GERMANY
Return a single YES or NO, with no other words. If uncertain, return YES.",True
144,hot midnight orchid dim steel,SMALL ANODIZED TIN,SM BOX,17476,MAIL,TAKE BACK RETURN,39.00,40721.46,0.01,1996-05-29,1-URGENT,116707.45,Customer#000000268,MACHINERY,6821.01,CANADA,AMERICA,"Nation: INDIA
Return a single YES or NO, with no other words. If uncertain, return YES.",True
144,hot midnight orchid dim steel,SMALL ANODIZED TIN,SM BOX,17476,MAIL,TAKE BACK RETURN,39.00,40721.46,0.01,1996-05-29,1-URGENT,116707.45,Customer#000000268,MACHINERY,6821.01,CANADA,AMERICA,"Nation: INDONESIA
Return a single YES or NO, with no other words. If uncertain, return YES.",True
144,hot midnight orchid dim steel,SMALL ANODIZED TIN,SM BOX,17476,MAIL,TAKE BACK RETURN,39.00,40721.46,0.01,1996-05-29,1-URGENT,116707.45,Customer#000000268,MACHINERY,6821.01,CANADA,AMERICA,"Nation: IRAN
Return a single YES or NO, with no other words. If uncertain, return YES.",True
144,hot midnight orchid dim steel,SMALL ANODIZED TIN,SM BOX,17476,MAIL,TAKE BACK RETURN,39.00,40721.46,0.01,1996-05-29,1-URGENT,116707.45,Customer#000000268,MACHINERY,6821.01,CANADA,AMERICA,"Nation: IRAQ
Return a single YES or NO, with no other words. If uncertain, return YES.",True
144,hot midnight orchid dim steel,SMALL ANODIZED TIN,SM BOX,17476,MAIL,TAKE BACK RETURN,39.00,40721.46,0.01,1996-05-29,1-URGENT,116707.45,Customer#000000268,MACHINERY,6821.01,CANADA,AMERICA,"Nation: JAPAN
Return a single YES or NO, with no other words. If uncertain, return YES.",True
144,hot midnight orchid dim steel,SMALL ANODIZED TIN,SM BOX,17476,MAIL,TAKE BACK RETURN,39.00,40721.46,0.01,1996-05-29,1-URGENT,116707.45,Customer#000000268,MACHINERY,6821.01,CANADA,AMERICA,"Nation: JORDAN
Return a single YES or NO, with no other words. If uncertain, return YES.",True
144,hot midnight orchid dim steel,SMALL ANODIZED TIN,SM BOX,17476,MAIL,TAKE BACK RETURN,39.00,40721.46,0.01,1996-05-29,1-URGENT,116707.45,Customer#000000268,MACHINERY,6821.01,CANADA,AMERICA,"Nation: KENYA
Return a single YES or NO, with no other words. If uncertain, return YES.",True
144,hot midnight orchid dim steel,SMALL ANODIZED TIN,SM BOX,17476,MAIL,TAKE BACK RETURN,39.00,40721.46,0.01,1996-05-29,1-URGENT,116707.45,Customer#000000268,MACHINERY,6821.01,CANADA,AMERICA,"Nation: MOROCCO
Return a single YES or NO, with no other words. If uncertain, return YES.",True
144,hot midnight orchid dim steel,SMALL ANODIZED TIN,SM BOX,17476,MAIL,TAKE BACK RETURN,39.00,40721.46,0.01,1996-05-29,1-URGENT,116707.45,Customer#000000268,MACHINERY,6821.01,CANADA,AMERICA,"Nation: MOZAMBIQUE
Return a single YES or NO, with no other words. If uncertain, return YES.",True
144,hot midnight orchid dim steel,SMALL ANODIZED TIN,SM BOX,17476,MAIL,TAKE BACK RETURN,39.00,40721.46,0.01,1996-05-29,1-URGENT,116707.45,Customer#000000268,MACHINERY,6821.01,CANADA,AMERICA,"Nation: PERU
Return a single YES or NO, with no other words. If uncertain, return YES.",True
144,hot midnight orchid dim steel,SMALL ANODIZED TIN,SM BOX,17476,MAIL,TAKE BACK RETURN,39.00,40721.46,0.01,1996-05-29,1-URGENT,116707.45,Customer#000000268,MACHINERY,6821.01,CANADA,AMERICA,"Nation: CHINA
Return a single YES or NO, with no other words. If uncertain, return YES.",True
144,hot midnight orchid dim steel,SMALL ANODIZED TIN,SM BOX,17476,MAIL,TAKE BACK RETURN,39.00,40721.46,0.01,1996-05-29,1-URGENT,116707.45,Customer#000000268,MACHINERY,6821.01,CANADA,AMERICA,"Nation: ROMANIA
Return a single YES or NO, with no other words. If uncertain, return YES.",True
144,hot midnight orchid dim steel,SMALL ANODIZED TIN,SM BOX,17476,MAIL,TAKE BACK RETURN,39.00,40721.46,0.01,1996-05-29,1-URGENT,116707.45,Customer#000000268,MACHINERY,6821.01,CANADA,AMERICA,"Nation: SAUDI ARABIA
Return a single YES or NO, with no other words. If uncertain, return YES.",True
144,hot midnight orchid dim steel,SMALL ANODIZED TIN,SM BOX,17476,MAIL,TAKE BACK RETURN,39.00,40721.46,0.01,1996-05-29,1-URGENT,116707.45,Customer#000000268,MACHINERY,6821.01,CANADA,AMERICA,"Nation: VIETNAM
Return a single YES or NO, with no other words. If uncertain, return YES.",True
144,hot midnight orchid dim steel,SMALL ANODIZED TIN,SM BOX,17476,MAIL,TAKE BACK RETURN,39.00,40721.46,0.01,1996-05-29,1-URGENT,116707.45,Customer#000000268,MACHINERY,6821.01,CANADA,AMERICA,"Nation: RUSSIA
Return a single YES or NO, with no other words. If uncertain, return YES.",True
144,hot midnight orchid dim steel,SMALL ANODIZED TIN,SM BOX,17476,MAIL,TAKE BACK RETURN,39.00,40721.46,0.01,1996-05-29,1-URGENT,116707.45,Customer#000000268,MACHINERY,6821.01,CANADA,AMERICA,"Nation: UNITED KINGDOM
Return a single YES or NO, with no other words. If uncertain, return YES.",True
144,hot midnight orchid dim steel,SMALL ANODIZED TIN,SM BOX,17476,MAIL,TAKE BACK RETURN,39.00,40721.46,0.01,1996-05-29,1-URGENT,116707.45,Customer#000000268,MACHINERY,6821.01,CANADA,AMERICA,"Nation: UNITED STATES
Return a single YES or NO, with no other words. If uncertain, return YES.",True
17,indian navy coral pink deep,ECONOMY BRUSHED STEEL,LG BOX,17478,TRUCK,DELIVER IN PERSON,15.00,13755.15,0.08,1996-11-24,3-MEDIUM,125381.06,Customer#000000118,AUTOMOBILE,3582.37,CHINA,ASIA,"Nation: ALGERIA
Return a single YES or NO, with no other words. If uncertain, return YES.",True
17,indian navy coral pink deep,ECONOMY BRUSHED STEEL,LG BOX,17478,TRUCK,DELIVER IN PERSON,15.00,13755.15,0.08,1996-11-24,3-MEDIUM,125381.06,Customer#000000118,AUTOMOBILE,3582.37,CHINA,ASIA,"Nation: ARGENTINA
Return a single YES or NO, with no other words. If uncertain, return YES.",True
17,indian navy coral pink deep,ECONOMY BRUSHED STEEL,LG BOX,17478,TRUCK,DELIVER IN PERSON,15.00,13755.15,0.08,1996-11-24,3-MEDIUM,125381.06,Customer#000000118,AUTOMOBILE,3582.37,CHINA,ASIA,"Nation: BRAZIL
Return a single YES or NO, with no other words. If uncertain, return YES.",True
17,indian navy coral pink deep,ECONOMY BRUSHED STEEL,LG BOX,17478,TRUCK,DELIVER IN PERSON,15.00,13755.15,0.08,1996-11-24,3-MEDIUM,125381.06,Customer#000000118,AUTOMOBILE,3582.37,CHINA,ASIA,"Nation: CANADA
Return a single YES or NO, with no other words. If uncertain, return YES.",True
17,indian navy coral pink deep,ECONOMY BRUSHED STEEL,LG BOX,17478,TRUCK,DELIVER IN PERSON,15.00,13755.15,0.08,1996-11-24,3-MEDIUM,125381.06,Customer#000000118,AUTOMOBILE,3582.37,CHINA,ASIA,"Nation: EGYPT
Return a single YES or NO, with no other words. If uncertain, return YES.",True
17,indian navy coral pink deep,ECONOMY BRUSHED STEEL,LG BOX,17478,TRUCK,DELIVER IN PERSON,15.00,13755.15,0.08,1996-11-24,3-MEDIUM,125381.06,Customer#000000118,AUTOMOBILE,3582.37,CHINA,ASIA,"Nation: ETHIOPIA
Return a single YES or NO, with no other words. If uncertain, return YES.",True
17,indian navy coral pink deep,ECONOMY BRUSHED STEEL,LG BOX,17478,TRUCK,DELIVER IN PERSON,15.00,13755.15,0.08,1996-11-24,3-MEDIUM,125381.06,Customer#000000118,AUTOMOBILE,3582.37,CHINA,ASIA,"Nation: FRANCE
Return a single YES or NO, with no other words. If uncertain, return YES.",True
17,indian navy coral pink deep,ECONOMY BRUSHED STEEL,LG BOX,17478,TRUCK,DELIVER IN PERSON,15.00,13755.15,0.08,1996-11-24,3-MEDIUM,125381.06,Customer#000000118,AUTOMOBILE,3582.37,CHINA,ASIA,"Nation: GERMANY
Return a single YES or NO, with no other words. If uncertain, return YES.",True
17,indian navy coral pink deep,ECONOMY BRUSHED STEEL,LG BOX,17478,TRUCK,DELIVER IN PERSON,15.00,13755.15,0.08,1996-11-24,3-MEDIUM,125381.06,Customer#000000118,AUTOMOBILE,3582.37,CHINA,ASIA,"Nation: INDIA
Return a single YES or NO, with no other words. If uncertain, return YES.",True
17,indian navy coral pink deep,ECONOMY BRUSHED STEEL,LG BOX,17478,TRUCK,DELIVER IN PERSON,15.00,13755.15,0.08,1996-11-24,3-MEDIUM,125381.06,Customer#000000118,AUTOMOBILE,3582.37,CHINA,ASIA,"Nation: INDONESIA
Return a single YES or NO, with no other words. If uncertain, return YES.",True
17,indian navy coral pink deep,ECONOMY BRUSHED STEEL,LG BOX,17478,TRUCK,DELIVER IN PERSON,15.00,13755.15,0.08,1996-11-24,3-MEDIUM,125381.06,Customer#000000118,AUTOMOBILE,3582.37,CHINA,ASIA,"Nation: IRAN
Return a single YES or NO, with no other words. If uncertain, return YES.",True
17,indian navy coral pink deep,ECONOMY BRUSHED STEEL,LG BOX,17478,TRUCK,DELIVER IN PERSON,15.00,13755.15,0.08,1996-11-24,3-MEDIUM,125381.06,Customer#000000118,AUTOMOBILE,3582.37,CHINA,ASIA,"Nation: IRAQ
Return a single YES or NO, with no other words. If uncertain, return YES.",True
17,indian navy coral pink deep,ECONOMY BRUSHED STEEL,LG BOX,17478,TRUCK,DELIVER IN PERSON,15.00,13755.15,0.08,1996-11-24,3-MEDIUM,125381.06,Customer#000000118,AUTOMOBILE,3582.37,CHINA,ASIA,"Nation: JAPAN
Return a single YES or NO, with no other words. If uncertain, return YES.",True
17,indian navy coral pink deep,ECONOMY BRUSHED STEEL,LG BOX,17478,TRUCK,DELIVER IN PERSON,15.00,13755.15,0.08,1996-11-24,3-MEDIUM,125381.06,Customer#000000118,AUTOMOBILE,3582.37,CHINA,ASIA,"Nation: JORDAN
Return a single YES or NO, with no other words. If uncertain, return YES.",True
17,indian navy coral pink deep,ECONOMY BRUSHED STEEL,LG BOX,17478,TRUCK,DELIVER IN PERSON,15.00,13755.15,0.08,1996-11-24,3-MEDIUM,125381.06,Customer#000000118,AUTOMOBILE,3582.37,CHINA,ASIA,"Nation: KENYA
Return a single YES or NO, with no other words. If uncertain, return YES.",True
17,indian navy coral pink deep,ECONOMY BRUSHED STEEL,LG BOX,17478,TRUCK,DELIVER IN PERSON,15.00,13755.15,0.08,1996-11-24,3-MEDIUM,125381.06,Customer#000000118,AUTOMOBILE,3582.37,CHINA,ASIA,"Nation: MOROCCO
Return a single YES or NO, with no other words. If uncertain, return YES.",True
17,indian navy coral pink deep,ECONOMY BRUSHED STEEL,LG BOX,17478,TRUCK,DELIVER IN PERSON,15.00,13755.15,0.08,1996-11-24,3-MEDIUM,125381.06,Customer#000000118,AUTOMOBILE,3582.37,CHINA,ASIA,"Nation: MOZAMBIQUE
Return a single YES or NO, with no other words. If uncertain, return YES.",True
17,indian navy coral pink deep,ECONOMY BRUSHED STEEL,LG BOX,17478,TRUCK,DELIVER IN PERSON,15.00,13755.15,0.08,1996-11-24,3-MEDIUM,125381.06,Customer#000000118,AUTOMOBILE,3582.37,CHINA,ASIA,"Nation: PERU
Return a single YES or NO, with no other words. If uncertain, return YES.",True
17,indian navy coral pink deep,ECONOMY BRUSHED STEEL,LG BOX,17478,TRUCK,DELIVER IN PERSON,15.00,13755.15,0.08,1996-11-24,3-MEDIUM,125381.06,Customer#000000118,AUTOMOBILE,3582.37,CHINA,ASIA,"Nation: CHINA
Return a single YES or NO, with no other words. If uncertain, return YES.",True
17,indian navy coral pink deep,ECONOMY BRUSHED STEEL,LG BOX,17478,TRUCK,DELIVER IN PERSON,15.00,13755.15,0.08,1996-11-24,3-MEDIUM,125381.06,Customer#000000118,AUTOMOBILE,3582.37,CHINA,ASIA,"Nation: ROMANIA
Return a single YES or NO, with no other words. If uncertain, return YES.",True
17,indian navy coral pink deep,ECONOMY BRUSHED STEEL,LG BOX,17478,TRUCK,DELIVER IN PERSON,15.00,13755.15,0.08,1996-11-24,3-MEDIUM,125381.06,Customer#000000118,AUTOMOBILE,3582.37,CHINA,ASIA,"Nation: SAUDI ARABIA
Return a single YES or NO, with no other words. If uncertain, return YES.",True
17,indian navy coral pink deep,ECONOMY BRUSHED STEEL,LG BOX,17478,TRUCK,DELIVER IN PERSON,15.00,13755.15,0.08,1996-11-24,3-MEDIUM,125381.06,Customer#000000118,AUTOMOBILE,3582.37,CHINA,ASIA,"Nation: VIETNAM
Return a single YES or NO, with no other words. If uncertain, return YES.",True
17,indian navy coral pink deep,ECONOMY BRUSHED STEEL,LG BOX,17478,TRUCK,DELIVER IN PERSON,15.00,13755.15,0.08,1996-11-24,3-MEDIUM,125381.06,Customer#000000118,AUTOMOBILE,3582.37,CHINA,ASIA,"Nation: RUSSIA
Return a single YES or NO, with no other words. If uncertain, return YES.",True
17,indian navy coral pink deep,ECONOMY BRUSHED STEEL,LG BOX,17478,TRUCK,DELIVER IN PERSON,15.00,13755.15,0.08,1996-11-24,3-MEDIUM,125381.06,Customer#000000118,AUTOMOBILE,3582.37,CHINA,ASIA,"Nation: UNITED KINGDOM
Return a single YES or NO, with no other words. If uncertain, return YES.",True
17,indian navy coral pink deep,ECONOMY BRUSHED STEEL,LG BOX,17478,TRUCK,DELIVER IN PERSON,15.00,13755.15,0.08,1996-11-24,3-MEDIUM,125381.06,Customer#000000118,AUTOMOBILE,3582.37,CHINA,ASIA,"Nation: UNITED STATES
Return a single YES or NO, with no other words. If uncertain, return YES.",True
932,cornflower sky powder cyan linen,SMALL ANODIZED COPPER,LG BOX,18564,AIR,TAKE BACK RETURN,39.00,71484.27,0.01,1996-03-18,2-HIGH,173754.81,Customer#000000112,FURNITURE,2953.35,ROMANIA,EUROPE,"Nation: ALGERIA
Return a single YES or NO, with no other words. If uncertain, return YES.",True
932,cornflower sky powder cyan linen,SMALL ANODIZED COPPER,LG BOX,18564,AIR,TAKE BACK RETURN,39.00,71484.27,0.01,1996-03-18,2-HIGH,173754.81,Customer#000000112,FURNITURE,2953.35,ROMANIA,EUROPE,"Nation: ARGENTINA
Return a single YES or NO, with no other words. If uncertain, return YES.",True
932,cornflower sky powder cyan linen,SMALL ANODIZED COPPER,LG BOX,18564,AIR,TAKE BACK RETURN,39.00,71484.27,0.01,1996-03-18,2-HIGH,173754.81,Customer#000000112,FURNITURE,2953.35,ROMANIA,EUROPE,"Nation: BRAZIL
Return a single YES or NO, with no other words. If uncertain, return YES.",True
932,cornflower sky powder cyan linen,SMALL ANODIZED COPPER,LG BOX,18564,AIR,TAKE BACK RETURN,39.00,71484.27,0.01,1996-03-18,2-HIGH,173754.81,Customer#000000112,FURNITURE,2953.35,ROMANIA,EUROPE,"Nation: CANADA
Return a single YES or NO, with no other words. If uncertain, return YES.",True
932,cornflower sky powder cyan linen,SMALL ANODIZED COPPER,LG BOX,18564,AIR,TAKE BACK RETURN,39.00,71484.27,0.01,1996-03-18,2-HIGH,173754.81,Customer#000000112,FURNITURE,2953.35,ROMANIA,EUROPE,"Nation: EGYPT
Return a single YES or NO, with no other words. If uncertain, return YES.",True
932,cornflower sky powder cyan linen,SMALL ANODIZED COPPER,LG BOX,18564,AIR,TAKE BACK RETURN,39.00,71484.27,0.01,1996-03-18,2-HIGH,173754.81,Customer#000000112,FURNITURE,2953.35,ROMANIA,EUROPE,"Nation: ETHIOPIA
Return a single YES or NO, with no other words. If uncertain, return YES.",True
932,cornflower sky powder cyan linen,SMALL ANODIZED COPPER,LG BOX,18564,AIR,TAKE BACK RETURN,39.00,71484.27,0.01,1996-03-18,2-HIGH,173754.81,Customer#000000112,FURNITURE,2953.35,ROMANIA,EUROPE,"Nation: FRANCE
Return a single YES or NO, with no other words. If uncertain, return YES.",True
932,cornflower sky powder cyan linen,SMALL ANODIZED COPPER,LG BOX,18564,AIR,TAKE BACK RETURN,39.00,71484.27,0.01,1996-03-18,2-HIGH,173754.81,Customer#000000112,FURNITURE,2953.35,ROMANIA,EUROPE,"Nation: GERMANY
Return a single YES or NO, with no other words. If uncertain, return YES.",True
932,cornflower sky powder cyan linen,SMALL ANODIZED COPPER,LG BOX,18564,AIR,TAKE BACK RETURN,39.00,71484.27,0.01,1996-03-18,2-HIGH,173754.81,Customer#000000112,FURNITURE,2953.35,ROMANIA,EUROPE,"Nation: INDIA
Return a single YES or NO, with no other words. If uncertain, return YES.",True
932,cornflower sky powder cyan linen,SMALL ANODIZED COPPER,LG BOX,18564,AIR,TAKE BACK RETURN,39.00,71484.27,0.01,1996-03-18,2-HIGH,173754.81,Customer#000000112,FURNITURE,2953.35,ROMANIA,EUROPE,"Nation: INDONESIA
Return a single YES or NO, with no other words. If uncertain, return YES.",True
932,cornflower sky powder cyan linen,SMALL ANODIZED COPPER,LG BOX,18564,AIR,TAKE BACK RETURN,39.00,71484.27,0.01,1996-03-18,2-HIGH,173754.81,Customer#000000112,FURNITURE,2953.35,ROMANIA,EUROPE,"Nation: IRAN
Return a single YES or NO, with no other words. If uncertain, return YES.",True
932,cornflower sky powder cyan linen,SMALL ANODIZED COPPER,LG BOX,18564,AIR,TAKE BACK RETURN,39.00,71484.27,0.01,1996-03-18,2-HIGH,173754.81,Customer#000000112,FURNITURE,2953.35,ROMANIA,EUROPE,"Nation: IRAQ
Return a single YES or NO, with no other words. If uncertain, return YES.",True
932,cornflower sky powder cyan linen,SMALL ANODIZED COPPER,LG BOX,18564,AIR,TAKE BACK RETURN,39.00,71484.27,0.01,1996-03-18,2-HIGH,173754.81,Customer#000000112,FURNITURE,2953.35,ROMANIA,EUROPE,"Nation: JAPAN
Return a single YES or NO, with no other words. If uncertain, return YES.",True
932,cornflower sky powder cyan linen,SMALL ANODIZED COPPER,LG BOX,18564,AIR,TAKE BACK RETURN,39.00,71484.27,0.01,1996-03-18,2-HIGH,173754.81,Customer#000000112,FURNITURE,2953.35,ROMANIA,EUROPE,"Nation: JORDAN
Return a single YES or NO, with no other words. If uncertain, return YES.",True
932,cornflower sky powder cyan linen,SMALL ANODIZED COPPER,LG BOX,18564,AIR,TAKE BACK RETURN,39.00,71484.27,0.01,1996-03-18,2-HIGH,173754.81,Customer#000000112,FURNITURE,2953.35,ROMANIA,EUROPE,"Nation: KENYA
Return a single YES or NO, with no other words. If uncertain, return YES.",True
932,cornflower sky powder cyan linen,SMALL ANODIZED COPPER,LG BOX,18564,AIR,TAKE BACK RETURN,39.00,71484.27,0.01,1996-03-18,2-HIGH,173754.81,Customer#000000112,FURNITURE,2953.35,ROMANIA,EUROPE,"Nation: MOROCCO
Return a single YES or NO, with no other words. If uncertain, return YES.",True
932,cornflower sky powder cyan linen,SMALL ANODIZED COPPER,LG BOX,18564,AIR,TAKE BACK RETURN,39.00,71484.27,0.01,1996-03-18,2-HIGH,173754.81,Customer#000000112,FURNITURE,2953.35,ROMANIA,EUROPE,"Nation: MOZAMBIQUE
Return a single YES or NO, with no other words. If uncertain, return YES.",True
932,cornflower sky powder cyan linen,SMALL ANODIZED COPPER,LG BOX,18564,AIR,TAKE BACK RETURN,39.00,71484.27,0.01,1996-03-18,2-HIGH,173754.81,Customer#000000112,FURNITURE,2953.35,ROMANIA,EUROPE,"Nation: PERU
Return a single YES or NO, with no other words. If uncertain, return YES.",True
932,cornflower sky powder cyan linen,SMALL ANODIZED COPPER,LG BOX,18564,AIR,TAKE BACK RETURN,39.00,71484.27,0.01,1996-03-18,2-HIGH,173754.81,Customer#000000112,FURNITURE,2953.35,ROMANIA,EUROPE,"Nation: CHINA
Return a single YES or NO, with no other words. If uncertain, return YES.",True
932,cornflower sky powder cyan linen,SMALL ANODIZED COPPER,LG BOX,18564,AIR,TAKE BACK RETURN,39.00,71484.27,0.01,1996-03-18,2-HIGH,173754.81,Customer#000000112,FURNITURE,2953.35,ROMANIA,EUROPE,"Nation: ROMANIA
Return a single YES or NO, with no other words. If uncertain, return YES.",True
932,cornflower sky powder cyan linen,SMALL ANODIZED COPPER,LG BOX,18564,AIR,TAKE BACK RETURN,39.00,71484.27,0.01,1996-03-18,2-HIGH,173754.81,Customer#000000112,FURNITURE,2953.35,ROMANIA,EUROPE,"Nation: SAUDI ARABIA
Return a single YES or NO, with no other words. If uncertain, return YES.",True
932,cornflower sky powder cyan linen,SMALL ANODIZED COPPER,LG BOX,18564,AIR,TAKE BACK RETURN,39.00,71484.27,0.01,1996-03-18,2-HIGH,173754.81,Customer#000000112,FURNITURE,2953.35,ROMANIA,EUROPE,"Nation: VIETNAM
Return a single YES or NO, with no other words. If uncertain, return YES.",True
932,cornflower sky powder cyan linen,SMALL ANODIZED COPPER,LG BOX,18564,AIR,TAKE BACK RETURN,39.00,71484.27,0.01,1996-03-18,2-HIGH,173754.81,Customer#000000112,FURNITURE,2953.35,ROMANIA,EUROPE,"Nation: RUSSIA
Return a single YES or NO, with no other words. If uncertain, return YES.",True
932,cornflower sky powder cyan linen,SMALL ANODIZED COPPER,LG BOX,18564,AIR,TAKE BACK RETURN,39.00,71484.27,0.01,1996-03-18,2-HIGH,173754.81,Customer#000000112,FURNITURE,2953.35,ROMANIA,EUROPE,"Nation: UNITED KINGDOM
Return a single YES or NO, with no other words. If uncertain, return YES.",True
932,cornflower sky powder cyan linen,SMALL ANODIZED COPPER,LG BOX,18564,AIR,TAKE BACK RETURN,39.00,71484.27,0.01,1996-03-18,2-HIGH,173754.81,Customer#000000112,FURNITURE,2953.35,ROMANIA,EUROPE,"Nation: UNITED STATES
Return a single YES or NO, with no other words. If uncertain, return YES.",True
441,goldenrod royal slate grey burlywood,PROMO BURNISHED STEEL,MED BOX,19200,REG AIR,TAKE BACK RETURN,35.00,46950.40,0.04,1997-07-27,4-NOT SPECIFIED,186767.21,Customer#000000022,MACHINERY,591.98,CANADA,AMERICA,"Nation: ALGERIA
Return a single YES or NO, with no other words. If uncertain, return YES.",True
441,goldenrod royal slate grey burlywood,PROMO BURNISHED STEEL,MED BOX,19200,REG AIR,TAKE BACK RETURN,35.00,46950.40,0.04,1997-07-27,4-NOT SPECIFIED,186767.21,Customer#000000022,MACHINERY,591.98,CANADA,AMERICA,"Nation: ARGENTINA
Return a single YES or NO, with no other words. If uncertain, return YES.",True
441,goldenrod royal slate grey burlywood,PROMO BURNISHED STEEL,MED BOX,19200,REG AIR,TAKE BACK RETURN,35.00,46950.40,0.04,1997-07-27,4-NOT SPECIFIED,186767.21,Customer#000000022,MACHINERY,591.98,CANADA,AMERICA,"Nation: BRAZIL
Return a single YES or NO, with no other words. If uncertain, return YES.",True
441,goldenrod royal slate grey burlywood,PROMO BURNISHED STEEL,MED BOX,19200,REG AIR,TAKE BACK RETURN,35.00,46950.40,0.04,1997-07-27,4-NOT SPECIFIED,186767.21,Customer#000000022,MACHINERY,591.98,CANADA,AMERICA,"Nation: CANADA
Return a single YES or NO, with no other words. If uncertain, return YES.",True
441,goldenrod royal slate grey burlywood,PROMO BURNISHED STEEL,MED BOX,19200,REG AIR,TAKE BACK RETURN,35.00,46950.40,0.04,1997-07-27,4-NOT SPECIFIED,186767.21,Customer#000000022,MACHINERY,591.98,CANADA,AMERICA,"Nation: EGYPT
Return a single YES or NO, with no other words. If uncertain, return YES.",True
441,goldenrod royal slate grey burlywood,PROMO BURNISHED STEEL,MED BOX,19200,REG AIR,TAKE BACK RETURN,35.00,46950.40,0.04,1997-07-27,4-NOT SPECIFIED,186767.21,Customer#000000022,MACHINERY,591.98,CANADA,AMERICA,"Nation: ETHIOPIA
Return a single YES or NO, with no other words. If uncertain, return YES.",True
441,goldenrod royal slate grey burlywood,PROMO BURNISHED STEEL,MED BOX,19200,REG AIR,TAKE BACK RETURN,35.00,46950.40,0.04,1997-07-27,4-NOT SPECIFIED,186767.21,Customer#000000022,MACHINERY,591.98,CANADA,AMERICA,"Nation: FRANCE
Return a single YES or NO, with no other words. If uncertain, return YES.",True
441,goldenrod royal slate grey burlywood,PROMO BURNISHED STEEL,MED BOX,19200,REG AIR,TAKE BACK RETURN,35.00,46950.40,0.04,1997-07-27,4-NOT SPECIFIED,186767.21,Customer#000000022,MACHINERY,591.98,CANADA,AMERICA,"Nation: GERMANY
Return a single YES or NO, with no other words. If uncertain, return YES.",True
441,goldenrod royal slate grey burlywood,PROMO BURNISHED STEEL,MED BOX,19200,REG AIR,TAKE BACK RETURN,35.00,46950.40,0.04,1997-07-27,4-NOT SPECIFIED,186767.21,Customer#000000022,MACHINERY,591.98,CANADA,AMERICA,"Nation: INDIA
Return a single YES or NO, with no other words. If uncertain, return YES.",True
441,goldenrod royal slate grey burlywood,PROMO BURNISHED STEEL,MED BOX,19200,REG AIR,TAKE BACK RETURN,35.00,46950.40,0.04,1997-07-27,4-NOT SPECIFIED,186767.21,Customer#000000022,MACHINERY,591.98,CANADA,AMERICA,"Nation: INDONESIA
Return a single YES or NO, with no other words. If uncertain, return YES.",True
441,goldenrod royal slate grey burlywood,PROMO BURNISHED STEEL,MED BOX,19200,REG AIR,TAKE BACK RETURN,35.00,46950.40,0.04,1997-07-27,4-NOT SPECIFIED,186767.21,Customer#000000022,MACHINERY,591.98,CANADA,AMERICA,"Nation: IRAN
Return a single YES or NO, with no other words. If uncertain, return YES.",True
441,goldenrod royal slate grey burlywood,PROMO BURNISHED STEEL,MED BOX,19200,REG AIR,TAKE BACK RETURN,35.00,46950.40,0.04,1997-07-27,4-NOT SPECIFIED,186767.21,Customer#000000022,MACHINERY,591.98,CANADA,AMERICA,"Nation: IRAQ
Return a single YES or NO, with no other words. If uncertain, return YES.",True
441,goldenrod royal slate grey burlywood,PROMO BURNISHED STEEL,MED BOX,19200,REG AIR,TAKE BACK RETURN,35.00,46950.40,0.04,1997-07-27,4-NOT SPECIFIED,186767.21,Customer#000000022,MACHINERY,591.98,CANADA,AMERICA,"Nation: JAPAN
Return a single YES or NO, with no other words. If uncertain, return YES.",True
441,goldenrod royal slate grey burlywood,PROMO BURNISHED STEEL,MED BOX,19200,REG AIR,TAKE BACK RETURN,35.00,46950.40,0.04,1997-07-27,4-NOT SPECIFIED,186767.21,Customer#000000022,MACHINERY,591.98,CANADA,AMERICA,"Nation: JORDAN
Return a single YES or NO, with no other words. If uncertain, return YES.",True
441,goldenrod royal slate grey burlywood,PROMO BURNISHED STEEL,MED BOX,19200,REG AIR,TAKE BACK RETURN,35.00,46950.40,0.04,1997-07-27,4-NOT SPECIFIED,186767.21,Customer#000000022,MACHINERY,591.98,CANADA,AMERICA,"Nation: KENYA
Return a single YES or NO, with no other words. If uncertain, return YES.",True
441,goldenrod royal slate grey burlywood,PROMO BURNISHED STEEL,MED BOX,19200,REG AIR,TAKE BACK RETURN,35.00,46950.40,0.04,1997-07-27,4-NOT SPECIFIED,186767.21,Customer#000000022,MACHINERY,591.98,CANADA,AMERICA,"Nation: MOROCCO
Return a single YES or NO, with no other words. If uncertain, return YES.",True
441,goldenrod royal slate grey burlywood,PROMO BURNISHED STEEL,MED BOX,19200,REG AIR,TAKE BACK RETURN,35.00,46950.40,0.04,1997-07-27,4-NOT SPECIFIED,186767.21,Customer#000000022,MACHINERY,591.98,CANADA,AMERICA,"Nation: MOZAMBIQUE
Return a single YES or NO, with no other words. If uncertain, return YES.",True
441,goldenrod royal slate grey burlywood,PROMO BURNISHED STEEL,MED BOX,19200,REG AIR,TAKE BACK RETURN,35.00,46950.40,0.04,1997-07-27,4-NOT SPECIFIED,186767.21,Customer#000000022,MACHINERY,591.98,CANADA,AMERICA,"Nation: PERU
Return a single YES or NO, with no other words. If uncertain, return YES.",True
441,goldenrod royal slate grey burlywood,PROMO BURNISHED STEEL,MED BOX,19200,REG AIR,TAKE BACK RETURN,35.00,46950.40,0.04,1997-07-27,4-NOT SPECIFIED,186767.21,Customer#000000022,MACHINERY,591.98,CANADA,AMERICA,"Nation: CHINA
Return a single YES or NO, with no other words. If uncertain, return YES.",True
441,goldenrod royal slate grey burlywood,PROMO BURNISHED STEEL,MED BOX,19200,REG AIR,TAKE BACK RETURN,35.00,46950.40,0.04,1997-07-27,4-NOT SPECIFIED,186767.21,Customer#000000022,MACHINERY,591.98,CANADA,AMERICA,"Nation: ROMANIA
Return a single YES or NO, with no other words. If uncertain, return YES.",True
441,goldenrod royal slate grey burlywood,PROMO BURNISHED STEEL,MED BOX,19200,REG AIR,TAKE BACK RETURN,35.00,46950.40,0.04,1997-07-27,4-NOT SPECIFIED,186767.21,Customer#000000022,MACHINERY,591.98,CANADA,AMERICA,"Nation: SAUDI ARABIA
Return a single YES or NO, with no other words. If uncertain, return YES.",True
441,goldenrod royal slate grey burlywood,PROMO BURNISHED STEEL,MED BOX,19200,REG AIR,TAKE BACK RETURN,35.00,46950.40,0.04,1997-07-27,4-NOT SPECIFIED,186767.21,Customer#000000022,MACHINERY,591.98,CANADA,AMERICA,"Nation: VIETNAM
Return a single YES or NO, with no other words. If uncertain, return YES.",True
441,goldenrod royal slate grey burlywood,PROMO BURNISHED STEEL,MED BOX,19200,REG AIR,TAKE BACK RETURN,35.00,46950.40,0.04,1997-07-27,4-NOT SPECIFIED,186767.21,Customer#000000022,MACHINERY,591.98,CANADA,AMERICA,"Nation: RUSSIA
Return a single YES or NO, with no other words. If uncertain, return YES.",True
441,goldenrod royal slate grey burlywood,PROMO BURNISHED STEEL,MED BOX,19200,REG AIR,TAKE BACK RETURN,35.00,46950.40,0.04,1997-07-27,4-NOT SPECIFIED,186767.21,Customer#000000022,MACHINERY,591.98,CANADA,AMERICA,"Nation: UNITED KINGDOM
Return a single YES or NO, with no other words. If uncertain, return YES.",True
441,goldenrod royal slate grey burlywood,PROMO BURNISHED STEEL,MED BOX,19200,REG AIR,TAKE BACK RETURN,35.00,46950.40,0.04,1997-07-27,4-NOT SPECIFIED,186767.21,Customer#000000022,MACHINERY,591.98,CANADA,AMERICA,"Nation: UNITED STATES
Return a single YES or NO, with no other words. If uncertain, return YES.",True
17,indian navy coral pink deep,ECONOMY BRUSHED STEEL,LG BOX,28739,AIR,DELIVER IN PERSON,45.00,41265.45,0.07,1996-09-10,2-HIGH,154154.14,Customer#000000728,BUILDING,4349.73,UNITED STATES,AMERICA,"Nation: ALGERIA
Return a single YES or NO, with no other words. If uncertain, return YES.",True
17,indian navy coral pink deep,ECONOMY BRUSHED STEEL,LG BOX,28739,AIR,DELIVER IN PERSON,45.00,41265.45,0.07,1996-09-10,2-HIGH,154154.14,Customer#000000728,BUILDING,4349.73,UNITED STATES,AMERICA,"Nation: ARGENTINA
Return a single YES or NO, with no other words. If uncertain, return YES.",True
17,indian navy coral pink deep,ECONOMY BRUSHED STEEL,LG BOX,28739,AIR,DELIVER IN PERSON,45.00,41265.45,0.07,1996-09-10,2-HIGH,154154.14,Customer#000000728,BUILDING,4349.73,UNITED STATES,AMERICA,"Nation: BRAZIL
Return a single YES or NO, with no other words. If uncertain, return YES.",True
17,indian navy coral pink deep,ECONOMY BRUSHED STEEL,LG BOX,28739,AIR,DELIVER IN PERSON,45.00,41265.45,0.07,1996-09-10,2-HIGH,154154.14,Customer#000000728,BUILDING,4349.73,UNITED STATES,AMERICA,"Nation: CANADA
Return a single YES or NO, with no other words. If uncertain, return YES.",True
17,indian navy coral pink deep,ECONOMY BRUSHED STEEL,LG BOX,28739,AIR,DELIVER IN PERSON,45.00,41265.45,0.07,1996-09-10,2-HIGH,154154.14,Customer#000000728,BUILDING,4349.73,UNITED STATES,AMERICA,"Nation: EGYPT
Return a single YES or NO, with no other words. If uncertain, return YES.",True
17,indian navy coral pink deep,ECONOMY BRUSHED STEEL,LG BOX,28739,AIR,DELIVER IN PERSON,45.00,41265.45,0.07,1996-09-10,2-HIGH,154154.14,Customer#000000728,BUILDING,4349.73,UNITED STATES,AMERICA,"Nation: ETHIOPIA
Return a single YES or NO, with no other words. If uncertain, return YES.",True
17,indian navy coral pink deep,ECONOMY BRUSHED STEEL,LG BOX,28739,AIR,DELIVER IN PERSON,45.00,41265.45,0.07,1996-09-10,2-HIGH,154154.14,Customer#000000728,BUILDING,4349.73,UNITED STATES,AMERICA,"Nation: FRANCE
Return a single YES or NO, with no other words. If uncertain, return YES.",True
17,indian navy coral pink deep,ECONOMY BRUSHED STEEL,LG BOX,28739,AIR,DELIVER IN PERSON,45.00,41265.45,0.07,1996-09-10,2-HIGH,154154.14,Customer#000000728,BUILDING,4349.73,UNITED STATES,AMERICA,"Nation: GERMANY
Return a single YES or NO, with no other words. If uncertain, return YES.",True
17,indian navy coral pink deep,ECONOMY BRUSHED STEEL,LG BOX,28739,AIR,DELIVER IN PERSON,45.00,41265.45,0.07,1996-09-10,2-HIGH,154154.14,Customer#000000728,BUILDING,4349.73,UNITED STATES,AMERICA,"Nation: INDIA
Return a single YES or NO, with no other words. If uncertain, return YES.",True
17,indian navy coral pink deep,ECONOMY BRUSHED STEEL,LG BOX,28739,AIR,DELIVER IN PERSON,45.00,41265.45,0.07,1996-09-10,2-HIGH,154154.14,Customer#000000728,BUILDING,4349.73,UNITED STATES,AMERICA,"Nation: INDONESIA
Return a single YES or NO, with no other words. If uncertain, return YES.",True
17,indian navy coral pink deep,ECONOMY BRUSHED STEEL,LG BOX,28739,AIR,DELIVER IN PERSON,45.00,41265.45,0.07,1996-09-10,2-HIGH,154154.14,Customer#000000728,BUILDING,4349.73,UNITED STATES,AMERICA,"Nation: IRAN
Return a single YES or NO, with no other words. If uncertain, return YES.",True
17,indian navy coral pink deep,ECONOMY BRUSHED STEEL,LG BOX,28739,AIR,DELIVER IN PERSON,45.00,41265.45,0.07,1996-09-10,2-HIGH,154154.14,Customer#000000728,BUILDING,4349.73,UNITED STATES,AMERICA,"Nation: IRAQ
Return a single YES or NO, with no other words. If uncertain, return YES.",True
17,indian navy coral pink deep,ECONOMY BRUSHED STEEL,LG BOX,28739,AIR,DELIVER IN PERSON,45.00,41265.45,0.07,1996-09-10,2-HIGH,154154.14,Customer#000000728,BUILDING,4349.73,UNITED STATES,AMERICA,"Nation: JAPAN
Return a single YES or NO, with no other words. If uncertain, return YES.",True
17,indian navy coral pink deep,ECONOMY BRUSHED STEEL,LG BOX,28739,AIR,DELIVER IN PERSON,45.00,41265.45,0.07,1996-09-10,2-HIGH,154154.14,Customer#000000728,BUILDING,4349.73,UNITED STATES,AMERICA,"Nation: JORDAN
Return a single YES or NO, with no other words. If uncertain, return YES.",True
17,indian navy coral pink deep,ECONOMY BRUSHED STEEL,LG BOX,28739,AIR,DELIVER IN PERSON,45.00,41265.45,0.07,1996-09-10,2-HIGH,154154.14,Customer#000000728,BUILDING,4349.73,UNITED STATES,AMERICA,"Nation: KENYA
Return a single YES or NO, with no other words. If uncertain, return YES.",True
17,indian navy coral pink deep,ECONOMY BRUSHED STEEL,LG BOX,28739,AIR,DELIVER IN PERSON,45.00,41265.45,0.07,1996-09-10,2-HIGH,154154.14,Customer#000000728,BUILDING,4349.73,UNITED STATES,AMERICA,"Nation: MOROCCO
Return a single YES or NO, with no other words. If uncertain, return YES.",True
17,indian navy coral pink deep,ECONOMY BRUSHED STEEL,LG BOX,28739,AIR,DELIVER IN PERSON,45.00,41265.45,0.07,1996-09-10,2-HIGH,154154.14,Customer#000000728,BUILDING,4349.73,UNITED STATES,AMERICA,"Nation: MOZAMBIQUE
Return a single YES or NO, with no other words. If uncertain, return YES.",True
17,indian navy coral pink deep,ECONOMY BRUSHED STEEL,LG BOX,28739,AIR,DELIVER IN PERSON,45.00,41265.45,0.07,1996-09-10,2-HIGH,154154.14,Customer#000000728,BUILDING,4349.73,UNITED STATES,AMERICA,"Nation: PERU
Return a single YES or NO, with no other words. If uncertain, return YES.",True
17,indian navy coral pink deep,ECONOMY BRUSHED STEEL,LG BOX,28739,AIR,DELIVER IN PERSON,45.00,41265.45,0.07,1996-09-10,2-HIGH,154154.14,Customer#000000728,BUILDING,4349.73,UNITED STATES,AMERICA,"Nation: CHINA
Return a single YES or NO, with no other words. If uncertain, return YES.",True
17,indian navy coral pink deep,ECONOMY BRUSHED STEEL,LG BOX,28739,AIR,DELIVER IN PERSON,45.00,41265.45,0.07,1996-09-10,2-HIGH,154154.14,Customer#000000728,BUILDING,4349.73,UNITED STATES,AMERICA,"Nation: ROMANIA
Return a single YES or NO, with no other words. If uncertain, return YES.",True
17,indian navy coral pink deep,ECONOMY BRUSHED STEEL,LG BOX,28739,AIR,DELIVER IN PERSON,45.00,41265.45,0.07,1996-09-10,2-HIGH,154154.14,Customer#000000728,BUILDING,4349.73,UNITED STATES,AMERICA,"Nation: SAUDI ARABIA
Return a single YES or NO, with no other words. If uncertain, return YES.",True
17,indian navy coral pink deep,ECONOMY BRUSHED STEEL,LG BOX,28739,AIR,DELIVER IN PERSON,45.00,41265.45,0.07,1996-09-10,2-HIGH,154154.14,Customer#000000728,BUILDING,4349.73,UNITED STATES,AMERICA,"Nation: VIETNAM
Return a single YES or NO, with no other words. If uncertain, return YES.",True
17,indian navy coral pink deep,ECONOMY BRUSHED STEEL,LG BOX,28739,AIR,DELIVER IN PERSON,45.00,41265.45,0.07,1996-09-10,2-HIGH,154154.14,Customer#000000728,BUILDING,4349.73,UNITED STATES,AMERICA,"Nation: RUSSIA
Return a single YES or NO, with no other words. If uncertain, return YES.",True
17,indian navy coral pink deep,ECONOMY BRUSHED STEEL,LG BOX,28739,AIR,DELIVER IN PERSON,45.00,41265.45,0.07,1996-09-10,2-HIGH,154154.14,Customer#000000728,BUILDING,4349.73,UNITED STATES,AMERICA,"Nation: UNITED KINGDOM
Return a single YES or NO, with no other words. If uncertain, return YES.",True
17,indian navy coral pink deep,ECONOMY BRUSHED STEEL,LG BOX,28739,AIR,DELIVER IN PERSON,45.00,41265.45,0.07,1996-09-10,2-HIGH,154154.14,Customer#000000728,BUILDING,4349.73,UNITED STATES,AMERICA,"Nation: UNITED STATES
Return a single YES or NO, with no other words. If uncertain, return YES.",True
17,indian navy coral pink deep,ECONOMY BRUSHED STEEL,LG BOX,29316,REG AIR,DELIVER IN PERSON,11.00,10087.11,0.02,1997-05-03,5-LOW,117532.18,Customer#000000683,MACHINERY,9120.93,FRANCE,EUROPE,"Nation: ALGERIA
Return a single YES or NO, with no other words. If uncertain, return YES.",True
17,indian navy coral pink deep,ECONOMY BRUSHED STEEL,LG BOX,29316,REG AIR,DELIVER IN PERSON,11.00,10087.11,0.02,1997-05-03,5-LOW,117532.18,Customer#000000683,MACHINERY,9120.93,FRANCE,EUROPE,"Nation: ARGENTINA
Return a single YES or NO, with no other words. If uncertain, return YES.",True
17,indian navy coral pink deep,ECONOMY BRUSHED STEEL,LG BOX,29316,REG AIR,DELIVER IN PERSON,11.00,10087.11,0.02,1997-05-03,5-LOW,117532.18,Customer#000000683,MACHINERY,9120.93,FRANCE,EUROPE,"Nation: BRAZIL
Return a single YES or NO, with no other words. If uncertain, return YES.",True
17,indian navy coral pink deep,ECONOMY BRUSHED STEEL,LG BOX,29316,REG AIR,DELIVER IN PERSON,11.00,10087.11,0.02,1997-05-03,5-LOW,117532.18,Customer#000000683,MACHINERY,9120.93,FRANCE,EUROPE,"Nation: CANADA
Return a single YES or NO, with no other words. If uncertain, return YES.",True
17,indian navy coral pink deep,ECONOMY BRUSHED STEEL,LG BOX,29316,REG AIR,DELIVER IN PERSON,11.00,10087.11,0.02,1997-05-03,5-LOW,117532.18,Customer#000000683,MACHINERY,9120.93,FRANCE,EUROPE,"Nation: EGYPT
Return a single YES or NO, with no other words. If uncertain, return YES.",True
17,indian navy coral pink deep,ECONOMY BRUSHED STEEL,LG BOX,29316,REG AIR,DELIVER IN PERSON,11.00,10087.11,0.02,1997-05-03,5-LOW,117532.18,Customer#000000683,MACHINERY,9120.93,FRANCE,EUROPE,"Nation: ETHIOPIA
Return a single YES or NO, with no other words. If uncertain, return YES.",True
17,indian navy coral pink deep,ECONOMY BRUSHED STEEL,LG BOX,29316,REG AIR,DELIVER IN PERSON,11.00,10087.11,0.02,1997-05-03,5-LOW,117532.18,Customer#000000683,MACHINERY,9120.93,FRANCE,EUROPE,"Nation: FRANCE
Return a single YES or NO, with no other words. If uncertain, return YES.",True
17,indian navy coral pink deep,ECONOMY BRUSHED STEEL,LG BOX,29316,REG AIR,DELIVER IN PERSON,11.00,10087.11,0.02,1997-05-03,5-LOW,117532.18,Customer#000000683,MACHINERY,9120.93,FRANCE,EUROPE,"Nation: GERMANY
Return a single YES or NO, with no other words. If uncertain, return YES.",True
17,indian navy coral pink deep,ECONOMY BRUSHED STEEL,LG BOX,29316,REG AIR,DELIVER IN PERSON,11.00,10087.11,0.02,1997-05-03,5-LOW,117532.18,Customer#000000683,MACHINERY,9120.93,FRANCE,EUROPE,"Nation: INDIA
Return a single YES or NO, with no other words. If uncertain, return YES.",True
17,indian navy coral pink deep,ECONOMY BRUSHED STEEL,LG BOX,29316,REG AIR,DELIVER IN PERSON,11.00,10087.11,0.02,1997-05-03,5-LOW,117532.18,Customer#000000683,MACHINERY,9120.93,FRANCE,EUROPE,"Nation: INDONESIA
Return a single YES or NO, with no other words. If uncertain, return YES.",True
17,indian navy coral pink deep,ECONOMY BRUSHED STEEL,LG BOX,29316,REG AIR,DELIVER IN PERSON,11.00,10087.11,0.02,1997-05-03,5-LOW,117532.18,Customer#000000683,MACHINERY,9120.93,FRANCE,EUROPE,"Nation: IRAN
Return a single YES or NO, with no other words. If uncertain, return YES.",True
17,indian navy coral pink deep,ECONOMY BRUSHED STEEL,LG BOX,29316,REG AIR,DELIVER IN PERSON,11.00,10087.11,0.02,1997-05-03,5-LOW,117532.18,Customer#000000683,MACHINERY,9120.93,FRANCE,EUROPE,"Nation: IRAQ
Return a single YES or NO, with no other words. If uncertain, return YES.",True
17,indian navy coral pink deep,ECONOMY BRUSHED STEEL,LG BOX,29316,REG AIR,DELIVER IN PERSON,11.00,10087.11,0.02,1997-05-03,5-LOW,117532.18,Customer#000000683,MACHINERY,9120.93,FRANCE,EUROPE,"Nation: JAPAN
Return a single YES or NO, with no other words. If uncertain, return YES.",True
17,indian navy coral pink deep,ECONOMY BRUSHED STEEL,LG BOX,29316,REG AIR,DELIVER IN PERSON,11.00,10087.11,0.02,1997-05-03,5-LOW,117532.18,Customer#000000683,MACHINERY,9120.93,FRANCE,EUROPE,"Nation: JORDAN
Return a single YES or NO, with no other words. If uncertain, return YES.",True
17,indian navy coral pink deep,ECONOMY BRUSHED STEEL,LG BOX,29316,REG AIR,DELIVER IN PERSON,11.00,10087.11,0.02,1997-05-03,5-LOW,117532.18,Customer#000000683,MACHINERY,9120.93,FRANCE,EUROPE,"Nation: KENYA
Return a single YES or NO, with no other words. If uncertain, return YES.",True
17,indian navy coral pink deep,ECONOMY BRUSHED STEEL,LG BOX,29316,REG AIR,DELIVER IN PERSON,11.00,10087.11,0.02,1997-05-03,5-LOW,117532.18,Customer#000000683,MACHINERY,9120.93,FRANCE,EUROPE,"Nation: MOROCCO
Return a single YES or NO, with no other words. If uncertain, return YES.",True
17,indian navy coral pink deep,ECONOMY BRUSHED STEEL,LG BOX,29316,REG AIR,DELIVER IN PERSON,11.00,10087.11,0.02,1997-05-03,5-LOW,117532.18,Customer#000000683,MACHINERY,9120.93,FRANCE,EUROPE,"Nation: MOZAMBIQUE
Return a single YES or NO, with no other words. If uncertain, return YES.",True
17,indian navy coral pink deep,ECONOMY BRUSHED STEEL,LG BOX,29316,REG AIR,DELIVER IN PERSON,11.00,10087.11,0.02,1997-05-03,5-LOW,117532.18,Customer#000000683,MACHINERY,9120.93,FRANCE,EUROPE,"Nation: PERU
Return a single YES or NO, with no other words. If uncertain, return YES.",True
17,indian navy coral pink deep,ECONOMY BRUSHED STEEL,LG BOX,29316,REG AIR,DELIVER IN PERSON,11.00,10087.11,0.02,1997-05-03,5-LOW,117532.18,Customer#000000683,MACHINERY,9120.93,FRANCE,EUROPE,"Nation: CHINA
Return a single YES or NO, with no other words. If uncertain, return YES.",True
17,indian navy coral pink deep,ECONOMY BRUSHED STEEL,LG BOX,29316,REG AIR,DELIVER IN PERSON,11.00,10087.11,0.02,1997-05-03,5-LOW,117532.18,Customer#000000683,MACHINERY,9120.93,FRANCE,EUROPE,"Nation: ROMANIA
Return a single YES or NO, with no other words. If uncertain, return YES.",True
17,indian navy coral pink deep,ECONOMY BRUSHED STEEL,LG BOX,29316,REG AIR,DELIVER IN PERSON,11.00,10087.11,0.02,1997-05-03,5-LOW,117532.18,Customer#000000683,MACHINERY,9120.93,FRANCE,EUROPE,"Nation: SAUDI ARABIA
Return a single YES or NO, with no other words. If uncertain, return YES.",True
17,indian navy coral pink deep,ECONOMY BRUSHED STEEL,LG BOX,29316,REG AIR,DELIVER IN PERSON,11.00,10087.11,0.02,1997-05-03,5-LOW,117532.18,Customer#000000683,MACHINERY,9120.93,FRANCE,EUROPE,"Nation: VIETNAM
Return a single YES or NO, with no other words. If uncertain, return YES.",True
17,indian navy coral pink deep,ECONOMY BRUSHED STEEL,LG BOX,29316,REG AIR,DELIVER IN PERSON,11.00,10087.11,0.02,1997-05-03,5-LOW,117532.18,Customer#000000683,MACHINERY,9120.93,FRANCE,EUROPE,"Nation: RUSSIA
Return a single YES or NO, with no other words. If uncertain, return YES.",True
17,indian navy coral pink deep,ECONOMY BRUSHED STEEL,LG BOX,29316,REG AIR,DELIVER IN PERSON,11.00,10087.11,0.02,1997-05-03,5-LOW,117532.18,Customer#000000683,MACHINERY,9120.93,FRANCE,EUROPE,"Nation: UNITED KINGDOM
Return a single YES or NO, with no other words. If uncertain, return YES.",True
17,indian navy coral pink deep,ECONOMY BRUSHED STEEL,LG BOX,29316,REG AIR,DELIVER IN PERSON,11.00,10087.11,0.02,1997-05-03,5-LOW,117532.18,Customer#000000683,MACHINERY,9120.93,FRANCE,EUROPE,"Nation: UNITED STATES
Return a single YES or NO, with no other words. If uncertain, return YES.",True
758,yellow orchid dim cyan burlywood,ECONOMY ANODIZED TIN,MED BOX,29638,AIR,DELIVER IN PERSON,12.00,19905.00,0.06,1995-10-25,3-MEDIUM,113545.13,Customer#000000505,HOUSEHOLD,6557.51,BRAZIL,AMERICA,"Nation: ALGERIA
Return a single YES or NO, with no other words. If uncertain, return YES.",True
758,yellow orchid dim cyan burlywood,ECONOMY ANODIZED TIN,MED BOX,29638,AIR,DELIVER IN PERSON,12.00,19905.00,0.06,1995-10-25,3-MEDIUM,113545.13,Customer#000000505,HOUSEHOLD,6557.51,BRAZIL,AMERICA,"Nation: ARGENTINA
Return a single YES or NO, with no other words. If uncertain, return YES.",True
758,yellow orchid dim cyan burlywood,ECONOMY ANODIZED TIN,MED BOX,29638,AIR,DELIVER IN PERSON,12.00,19905.00,0.06,1995-10-25,3-MEDIUM,113545.13,Customer#000000505,HOUSEHOLD,6557.51,BRAZIL,AMERICA,"Nation: BRAZIL
Return a single YES or NO, with no other words. If uncertain, return YES.",True
758,yellow orchid dim cyan burlywood,ECONOMY ANODIZED TIN,MED BOX,29638,AIR,DELIVER IN PERSON,12.00,19905.00,0.06,1995-10-25,3-MEDIUM,113545.13,Customer#000000505,HOUSEHOLD,6557.51,BRAZIL,AMERICA,"Nation: CANADA
Return a single YES or NO, with no other words. If uncertain, return YES.",True
758,yellow orchid dim cyan burlywood,ECONOMY ANODIZED TIN,MED BOX,29638,AIR,DELIVER IN PERSON,12.00,19905.00,0.06,1995-10-25,3-MEDIUM,113545.13,Customer#000000505,HOUSEHOLD,6557.51,BRAZIL,AMERICA,"Nation: EGYPT
Return a single YES or NO, with no other words. If uncertain, return YES.",True
758,yellow orchid dim cyan burlywood,ECONOMY ANODIZED TIN,MED BOX,29638,AIR,DELIVER IN PERSON,12.00,19905.00,0.06,1995-10-25,3-MEDIUM,113545.13,Customer#000000505,HOUSEHOLD,6557.51,BRAZIL,AMERICA,"Nation: ETHIOPIA
Return a single YES or NO, with no other words. If uncertain, return YES.",True
758,yellow orchid dim cyan burlywood,ECONOMY ANODIZED TIN,MED BOX,29638,AIR,DELIVER IN PERSON,12.00,19905.00,0.06,1995-10-25,3-MEDIUM,113545.13,Customer#000000505,HOUSEHOLD,6557.51,BRAZIL,AMERICA,"Nation: FRANCE
Return a single YES or NO, with no other words. If uncertain, return YES.",True
758,yellow orchid dim cyan burlywood,ECONOMY ANODIZED TIN,MED BOX,29638,AIR,DELIVER IN PERSON,12.00,19905.00,0.06,1995-10-25,3-MEDIUM,113545.13,Customer#000000505,HOUSEHOLD,6557.51,BRAZIL,AMERICA,"Nation: GERMANY
Return a single YES or NO, with no other words. If uncertain, return YES.",True
758,yellow orchid dim cyan burlywood,ECONOMY ANODIZED TIN,MED BOX,29638,AIR,DELIVER IN PERSON,12.00,19905.00,0.06,1995-10-25,3-MEDIUM,113545.13,Customer#000000505,HOUSEHOLD,6557.51,BRAZIL,AMERICA,"Nation: INDIA
Return a single YES or NO, with no other words. If uncertain, return YES.",True
758,yellow orchid dim cyan burlywood,ECONOMY ANODIZED TIN,MED BOX,29638,AIR,DELIVER IN PERSON,12.00,19905.00,0.06,1995-10-25,3-MEDIUM,113545.13,Customer#000000505,HOUSEHOLD,6557.51,BRAZIL,AMERICA,"Nation: INDONESIA
Return a single YES or NO, with no other words. If uncertain, return YES.",True
758,yellow orchid dim cyan burlywood,ECONOMY ANODIZED TIN,MED BOX,29638,AIR,DELIVER IN PERSON,12.00,19905.00,0.06,1995-10-25,3-MEDIUM,113545.13,Customer#000000505,HOUSEHOLD,6557.51,BRAZIL,AMERICA,"Nation: IRAN
Return a single YES or NO, with no other words. If uncertain, return YES.",True
758,yellow orchid dim cyan burlywood,ECONOMY ANODIZED TIN,MED BOX,29638,AIR,DELIVER IN PERSON,12.00,19905.00,0.06,1995-10-25,3-MEDIUM,113545.13,Customer#000000505,HOUSEHOLD,6557.51,BRAZIL,AMERICA,"Nation: IRAQ
Return a single YES or NO, with no other words. If uncertain, return YES.",True
758,yellow orchid dim cyan burlywood,ECONOMY ANODIZED TIN,MED BOX,29638,AIR,DELIVER IN PERSON,12.00,19905.00,0.06,1995-10-25,3-MEDIUM,113545.13,Customer#000000505,HOUSEHOLD,6557.51,BRAZIL,AMERICA,"Nation: JAPAN
Return a single YES or NO, with no other words. If uncertain, return YES.",True
758,yellow orchid dim cyan burlywood,ECONOMY ANODIZED TIN,MED BOX,29638,AIR,DELIVER IN PERSON,12.00,19905.00,0.06,1995-10-25,3-MEDIUM,113545.13,Customer#000000505,HOUSEHOLD,6557.51,BRAZIL,AMERICA,"Nation: JORDAN
Return a single YES or NO, with no other words. If uncertain, return YES.",True
758,yellow orchid dim cyan burlywood,ECONOMY ANODIZED TIN,MED BOX,29638,AIR,DELIVER IN PERSON,12.00,19905.00,0.06,1995-10-25,3-MEDIUM,113545.13,Customer#000000505,HOUSEHOLD,6557.51,BRAZIL,AMERICA,"Nation: KENYA
Return a single YES or NO, with no other words. If uncertain, return YES.",True
758,yellow orchid dim cyan burlywood,ECONOMY ANODIZED TIN,MED BOX,29638,AIR,DELIVER IN PERSON,12.00,19905.00,0.06,1995-10-25,3-MEDIUM,113545.13,Customer#000000505,HOUSEHOLD,6557.51,BRAZIL,AMERICA,"Nation: MOROCCO
Return a single YES or NO, with no other words. If uncertain, return YES.",True
758,yellow orchid dim cyan burlywood,ECONOMY ANODIZED TIN,MED BOX,29638,AIR,DELIVER IN PERSON,12.00,19905.00,0.06,1995-10-25,3-MEDIUM,113545.13,Customer#000000505,HOUSEHOLD,6557.51,BRAZIL,AMERICA,"Nation: MOZAMBIQUE
Return a single YES or NO, with no other words. If uncertain, return YES.",True
758,yellow orchid dim cyan burlywood,ECONOMY ANODIZED TIN,MED BOX,29638,AIR,DELIVER IN PERSON,12.00,19905.00,0.06,1995-10-25,3-MEDIUM,113545.13,Customer#000000505,HOUSEHOLD,6557.51,BRAZIL,AMERICA,"Nation: PERU
Return a single YES or NO, with no other words. If uncertain, return YES.",True
758,yellow orchid dim cyan burlywood,ECONOMY ANODIZED TIN,MED BOX,29638,AIR,DELIVER IN PERSON,12.00,19905.00,0.06,1995-10-25,3-MEDIUM,113545.13,Customer#000000505,HOUSEHOLD,6557.51,BRAZIL,AMERICA,"Nation: CHINA
Return a single YES or NO, with no other words. If uncertain, return YES.",True
758,yellow orchid dim cyan burlywood,ECONOMY ANODIZED TIN,MED BOX,29638,AIR,DELIVER IN PERSON,12.00,19905.00,0.06,1995-10-25,3-MEDIUM,113545.13,Customer#000000505,HOUSEHOLD,6557.51,BRAZIL,AMERICA,"Nation: ROMANIA
Return a single YES or NO, with no other words. If uncertain, return YES.",True
758,yellow orchid dim cyan burlywood,ECONOMY ANODIZED TIN,MED BOX,29638,AIR,DELIVER IN PERSON,12.00,19905.00,0.06,1995-10-25,3-MEDIUM,113545.13,Customer#000000505,HOUSEHOLD,6557.51,BRAZIL,AMERICA,"Nation: SAUDI ARABIA
Return a single YES or NO, with no other words. If uncertain, return YES.",True
758,yellow orchid dim cyan burlywood,ECONOMY ANODIZED TIN,MED BOX,29638,AIR,DELIVER IN PERSON,12.00,19905.00,0.06,1995-10-25,3-MEDIUM,113545.13,Customer#000000505,HOUSEHOLD,6557.51,BRAZIL,AMERICA,"Nation: VIETNAM
Return a single YES or NO, with no other words. If uncertain, return YES.",True
758,yellow orchid dim cyan burlywood,ECONOMY ANODIZED TIN,MED BOX,29638,AIR,DELIVER IN PERSON,12.00,19905.00,0.06,1995-10-25,3-MEDIUM,113545.13,Customer#000000505,HOUSEHOLD,6557.51,BRAZIL,AMERICA,"Nation: RUSSIA
Return a single YES or NO, with no other words. If uncertain, return YES.",True
758,yellow orchid dim cyan burlywood,ECONOMY ANODIZED TIN,MED BOX,29638,AIR,DELIVER IN PERSON,12.00,19905.00,0.06,1995-10-25,3-MEDIUM,113545.13,Customer#000000505,HOUSEHOLD,6557.51,BRAZIL,AMERICA,"Nation: UNITED KINGDOM
Return a single YES or NO, with no other words. If uncertain, return YES.",True
758,yellow orchid dim cyan burlywood,ECONOMY ANODIZED TIN,MED BOX,29638,AIR,DELIVER IN PERSON,12.00,19905.00,0.06,1995-10-25,3-MEDIUM,113545.13,Customer#000000505,HOUSEHOLD,6557.51,BRAZIL,AMERICA,"Nation: UNITED STATES
Return a single YES or NO, with no other words. If uncertain, return YES.",True
612,midnight azure moccasin rosy lawn,PROMO PLATED STEEL,LG BOX,29638,TRUCK,TAKE BACK RETURN,21.00,31764.81,0.04,1995-10-25,3-MEDIUM,113545.13,Customer#000000505,HOUSEHOLD,6557.51,BRAZIL,AMERICA,"Nation: ALGERIA
Return a single YES or NO, with no other words. If uncertain, return YES.",True
612,midnight azure moccasin rosy lawn,PROMO PLATED STEEL,LG BOX,29638,TRUCK,TAKE BACK RETURN,21.00,31764.81,0.04,1995-10-25,3-MEDIUM,113545.13,Customer#000000505,HOUSEHOLD,6557.51,BRAZIL,AMERICA,"Nation: ARGENTINA
Return a single YES or NO, with no other words. If uncertain, return YES.",True
612,midnight azure moccasin rosy lawn,PROMO PLATED STEEL,LG BOX,29638,TRUCK,TAKE BACK RETURN,21.00,31764.81,0.04,1995-10-25,3-MEDIUM,113545.13,Customer#000000505,HOUSEHOLD,6557.51,BRAZIL,AMERICA,"Nation: BRAZIL
Return a single YES or NO, with no other words. If uncertain, return YES.",True
612,midnight azure moccasin rosy lawn,PROMO PLATED STEEL,LG BOX,29638,TRUCK,TAKE BACK RETURN,21.00,31764.81,0.04,1995-10-25,3-MEDIUM,113545.13,Customer#000000505,HOUSEHOLD,6557.51,BRAZIL,AMERICA,"Nation: CANADA
Return a single YES or NO, with no other words. If uncertain, return YES.",True
612,midnight azure moccasin rosy lawn,PROMO PLATED STEEL,LG BOX,29638,TRUCK,TAKE BACK RETURN,21.00,31764.81,0.04,1995-10-25,3-MEDIUM,113545.13,Customer#000000505,HOUSEHOLD,6557.51,BRAZIL,AMERICA,"Nation: EGYPT
Return a single YES or NO, with no other words. If uncertain, return YES.",True
612,midnight azure moccasin rosy lawn,PROMO PLATED STEEL,LG BOX,29638,TRUCK,TAKE BACK RETURN,21.00,31764.81,0.04,1995-10-25,3-MEDIUM,113545.13,Customer#000000505,HOUSEHOLD,6557.51,BRAZIL,AMERICA,"Nation: ETHIOPIA
Return a single YES or NO, with no other words. If uncertain, return YES.",True
612,midnight azure moccasin rosy lawn,PROMO PLATED STEEL,LG BOX,29638,TRUCK,TAKE BACK RETURN,21.00,31764.81,0.04,1995-10-25,3-MEDIUM,113545.13,Customer#000000505,HOUSEHOLD,6557.51,BRAZIL,AMERICA,"Nation: FRANCE
Return a single YES or NO, with no other words. If uncertain, return YES.",True
612,midnight azure moccasin rosy lawn,PROMO PLATED STEEL,LG BOX,29638,TRUCK,TAKE BACK RETURN,21.00,31764.81,0.04,1995-10-25,3-MEDIUM,113545.13,Customer#000000505,HOUSEHOLD,6557.51,BRAZIL,AMERICA,"Nation: GERMANY
Return a single YES or NO, with no other words. If uncertain, return YES.",True
612,midnight azure moccasin rosy lawn,PROMO PLATED STEEL,LG BOX,29638,TRUCK,TAKE BACK RETURN,21.00,31764.81,0.04,1995-10-25,3-MEDIUM,113545.13,Customer#000000505,HOUSEHOLD,6557.51,BRAZIL,AMERICA,"Nation: INDIA
Return a single YES or NO, with no other words. If uncertain, return YES.",True
612,midnight azure moccasin rosy lawn,PROMO PLATED STEEL,LG BOX,29638,TRUCK,TAKE BACK RETURN,21.00,31764.81,0.04,1995-10-25,3-MEDIUM,113545.13,Customer#000000505,HOUSEHOLD,6557.51,BRAZIL,AMERICA,"Nation: INDONESIA
Return a single YES or NO, with no other words. If uncertain, return YES.",True
612,midnight azure moccasin rosy lawn,PROMO PLATED STEEL,LG BOX,29638,TRUCK,TAKE BACK RETURN,21.00,31764.81,0.04,1995-10-25,3-MEDIUM,113545.13,Customer#000000505,HOUSEHOLD,6557.51,BRAZIL,AMERICA,"Nation: IRAN
Return a single YES or NO, with no other words. If uncertain, return YES.",True
612,midnight azure moccasin rosy lawn,PROMO PLATED STEEL,LG BOX,29638,TRUCK,TAKE BACK RETURN,21.00,31764.81,0.04,1995-10-25,3-MEDIUM,113545.13,Customer#000000505,HOUSEHOLD,6557.51,BRAZIL,AMERICA,"Nation: IRAQ
Return a single YES or NO, with no other words. If uncertain, return YES.",True
612,midnight azure moccasin rosy lawn,PROMO PLATED STEEL,LG BOX,29638,TRUCK,TAKE BACK RETURN,21.00,31764.81,0.04,1995-10-25,3-MEDIUM,113545.13,Customer#000000505,HOUSEHOLD,6557.51,BRAZIL,AMERICA,"Nation: JAPAN
Return a single YES or NO, with no other words. If uncertain, return YES.",True
612,midnight azure moccasin rosy lawn,PROMO PLATED STEEL,LG BOX,29638,TRUCK,TAKE BACK RETURN,21.00,31764.81,0.04,1995-10-25,3-MEDIUM,113545.13,Customer#000000505,HOUSEHOLD,6557.51,BRAZIL,AMERICA,"Nation: JORDAN
Return a single YES or NO, with no other words. If uncertain, return YES.",True
612,midnight azure moccasin rosy lawn,PROMO PLATED STEEL,LG BOX,29638,TRUCK,TAKE BACK RETURN,21.00,31764.81,0.04,1995-10-25,3-MEDIUM,113545.13,Customer#000000505,HOUSEHOLD,6557.51,BRAZIL,AMERICA,"Nation: KENYA
Return a single YES or NO, with no other words. If uncertain, return YES.",True
612,midnight azure moccasin rosy lawn,PROMO PLATED STEEL,LG BOX,29638,TRUCK,TAKE BACK RETURN,21.00,31764.81,0.04,1995-10-25,3-MEDIUM,113545.13,Customer#000000505,HOUSEHOLD,6557.51,BRAZIL,AMERICA,"Nation: MOROCCO
Return a single YES or NO, with no other words. If uncertain, return YES.",True
612,midnight azure moccasin rosy lawn,PROMO PLATED STEEL,LG BOX,29638,TRUCK,TAKE BACK RETURN,21.00,31764.81,0.04,1995-10-25,3-MEDIUM,113545.13,Customer#000000505,HOUSEHOLD,6557.51,BRAZIL,AMERICA,"Nation: MOZAMBIQUE
Return a single YES or NO, with no other words. If uncertain, return YES.",True
612,midnight azure moccasin rosy lawn,PROMO PLATED STEEL,LG BOX,29638,TRUCK,TAKE BACK RETURN,21.00,31764.81,0.04,1995-10-25,3-MEDIUM,113545.13,Customer#000000505,HOUSEHOLD,6557.51,BRAZIL,AMERICA,"Nation: PERU
Return a single YES or NO, with no other words. If uncertain, return YES.",True
612,midnight azure moccasin rosy lawn,PROMO PLATED STEEL,LG BOX,29638,TRUCK,TAKE BACK RETURN,21.00,31764.81,0.04,1995-10-25,3-MEDIUM,113545.13,Customer#000000505,HOUSEHOLD,6557.51,BRAZIL,AMERICA,"Nation: CHINA
Return a single YES or NO, with no other words. If uncertain, return YES.",True
612,midnight azure moccasin rosy lawn,PROMO PLATED STEEL,LG BOX,29638,TRUCK,TAKE BACK RETURN,21.00,31764.81,0.04,1995-10-25,3-MEDIUM,113545.13,Customer#000000505,HOUSEHOLD,6557.51,BRAZIL,AMERICA,"Nation: ROMANIA
Return a single YES or NO, with no other words. If uncertain, return YES.",True
612,midnight azure moccasin rosy lawn,PROMO PLATED STEEL,LG BOX,29638,TRUCK,TAKE BACK RETURN,21.00,31764.81,0.04,1995-10-25,3-MEDIUM,113545.13,Customer#000000505,HOUSEHOLD,6557.51,BRAZIL,AMERICA,"Nation: SAUDI ARABIA
Return a single YES or NO, with no other words. If uncertain, return YES.",True
612,midnight azure moccasin rosy lawn,PROMO PLATED STEEL,LG BOX,29638,TRUCK,TAKE BACK RETURN,21.00,31764.81,0.04,1995-10-25,3-MEDIUM,113545.13,Customer#000000505,HOUSEHOLD,6557.51,BRAZIL,AMERICA,"Nation: VIETNAM
Return a single YES or NO, with no other words. If uncertain, return YES.",True
612,midnight azure moccasin rosy lawn,PROMO PLATED STEEL,LG BOX,29638,TRUCK,TAKE BACK RETURN,21.00,31764.81,0.04,1995-10-25,3-MEDIUM,113545.13,Customer#000000505,HOUSEHOLD,6557.51,BRAZIL,AMERICA,"Nation: RUSSIA
Return a single YES or NO, with no other words. If uncertain, return YES.",True
612,midnight azure moccasin rosy lawn,PROMO PLATED STEEL,LG BOX,29638,TRUCK,TAKE BACK RETURN,21.00,31764.81,0.04,1995-10-25,3-MEDIUM,113545.13,Customer#000000505,HOUSEHOLD,6557.51,BRAZIL,AMERICA,"Nation: UNITED KINGDOM
Return a single YES or NO, with no other words. If uncertain, return YES.",True
612,midnight azure moccasin rosy lawn,PROMO PLATED STEEL,LG BOX,29638,TRUCK,TAKE BACK RETURN,21.00,31764.81,0.04,1995-10-25,3-MEDIUM,113545.13,Customer#000000505,HOUSEHOLD,6557.51,BRAZIL,AMERICA,"Nation: UNITED STATES
Return a single YES or NO, with no other words. If uncertain, return YES.",True
144,hot midnight orchid dim steel,SMALL ANODIZED TIN,SM BOX,2791,AIR,DELIVER IN PERSON,26.00,27147.64,0.06,1994-10-10,2-HIGH,214697.04,Customer#000000604,HOUSEHOLD,3195.96,VIETNAM,ASIA,"Nation: ALGERIA
Return a single YES or NO, with no other words. If uncertain, return YES.",True
144,hot midnight orchid dim steel,SMALL ANODIZED TIN,SM BOX,2791,AIR,DELIVER IN PERSON,26.00,27147.64,0.06,1994-10-10,2-HIGH,214697.04,Customer#000000604,HOUSEHOLD,3195.96,VIETNAM,ASIA,"Nation: ARGENTINA
Return a single YES or NO, with no other words. If uncertain, return YES.",True
144,hot midnight orchid dim steel,SMALL ANODIZED TIN,SM BOX,2791,AIR,DELIVER IN PERSON,26.00,27147.64,0.06,1994-10-10,2-HIGH,214697.04,Customer#000000604,HOUSEHOLD,3195.96,VIETNAM,ASIA,"Nation: BRAZIL
Return a single YES or NO, with no other words. If uncertain, return YES.",True
144,hot midnight orchid dim steel,SMALL ANODIZED TIN,SM BOX,2791,AIR,DELIVER IN PERSON,26.00,27147.64,0.06,1994-10-10,2-HIGH,214697.04,Customer#000000604,HOUSEHOLD,3195.96,VIETNAM,ASIA,"Nation: CANADA
Return a single YES or NO, with no other words. If uncertain, return YES.",True
144,hot midnight orchid dim steel,SMALL ANODIZED TIN,SM BOX,2791,AIR,DELIVER IN PERSON,26.00,27147.64,0.06,1994-10-10,2-HIGH,214697.04,Customer#000000604,HOUSEHOLD,3195.96,VIETNAM,ASIA,"Nation: EGYPT
Return a single YES or NO, with no other words. If uncertain, return YES.",True
144,hot midnight orchid dim steel,SMALL ANODIZED TIN,SM BOX,2791,AIR,DELIVER IN PERSON,26.00,27147.64,0.06,1994-10-10,2-HIGH,214697.04,Customer#000000604,HOUSEHOLD,3195.96,VIETNAM,ASIA,"Nation: ETHIOPIA
Return a single YES or NO, with no other words. If uncertain, return YES.",True
144,hot midnight orchid dim steel,SMALL ANODIZED TIN,SM BOX,2791,AIR,DELIVER IN PERSON,26.00,27147.64,0.06,1994-10-10,2-HIGH,214697.04,Customer#000000604,HOUSEHOLD,3195.96,VIETNAM,ASIA,"Nation: FRANCE
Return a single YES or NO, with no other words. If uncertain, return YES.",True
144,hot midnight orchid dim steel,SMALL ANODIZED TIN,SM BOX,2791,AIR,DELIVER IN PERSON,26.00,27147.64,0.06,1994-10-10,2-HIGH,214697.04,Customer#000000604,HOUSEHOLD,3195.96,VIETNAM,ASIA,"Nation: GERMANY
Return a single YES or NO, with no other words. If uncertain, return YES.",True
144,hot midnight orchid dim steel,SMALL ANODIZED TIN,SM BOX,2791,AIR,DELIVER IN PERSON,26.00,27147.64,0.06,1994-10-10,2-HIGH,214697.04,Customer#000000604,HOUSEHOLD,3195.96,VIETNAM,ASIA,"Nation: INDIA
Return a single YES or NO, with no other words. If uncertain, return YES.",True
144,hot midnight orchid dim steel,SMALL ANODIZED TIN,SM BOX,2791,AIR,DELIVER IN PERSON,26.00,27147.64,0.06,1994-10-10,2-HIGH,214697.04,Customer#000000604,HOUSEHOLD,3195.96,VIETNAM,ASIA,"Nation: INDONESIA
Return a single YES or NO, with no other words. If uncertain, return YES.",True
144,hot midnight orchid dim steel,SMALL ANODIZED TIN,SM BOX,2791,AIR,DELIVER IN PERSON,26.00,27147.64,0.06,1994-10-10,2-HIGH,214697.04,Customer#000000604,HOUSEHOLD,3195.96,VIETNAM,ASIA,"Nation: IRAN
Return a single YES or NO, with no other words. If uncertain, return YES.",True
144,hot midnight orchid dim steel,SMALL ANODIZED TIN,SM BOX,2791,AIR,DELIVER IN PERSON,26.00,27147.64,0.06,1994-10-10,2-HIGH,214697.04,Customer#000000604,HOUSEHOLD,3195.96,VIETNAM,ASIA,"Nation: IRAQ
Return a single YES or NO, with no other words. If uncertain, return YES.",True
144,hot midnight orchid dim steel,SMALL ANODIZED TIN,SM BOX,2791,AIR,DELIVER IN PERSON,26.00,27147.64,0.06,1994-10-10,2-HIGH,214697.04,Customer#000000604,HOUSEHOLD,3195.96,VIETNAM,ASIA,"Nation: JAPAN
Return a single YES or NO, with no other words. If uncertain, return YES.",True
144,hot midnight orchid dim steel,SMALL ANODIZED TIN,SM BOX,2791,AIR,DELIVER IN PERSON,26.00,27147.64,0.06,1994-10-10,2-HIGH,214697.04,Customer#000000604,HOUSEHOLD,3195.96,VIETNAM,ASIA,"Nation: JORDAN
Return a single YES or NO, with no other words. If uncertain, return YES.",True
144,hot midnight orchid dim steel,SMALL ANODIZED TIN,SM BOX,2791,AIR,DELIVER IN PERSON,26.00,27147.64,0.06,1994-10-10,2-HIGH,214697.04,Customer#000000604,HOUSEHOLD,3195.96,VIETNAM,ASIA,"Nation: KENYA
Return a single YES or NO, with no other words. If uncertain, return YES.",True
144,hot midnight orchid dim steel,SMALL ANODIZED TIN,SM BOX,2791,AIR,DELIVER IN PERSON,26.00,27147.64,0.06,1994-10-10,2-HIGH,214697.04,Customer#000000604,HOUSEHOLD,3195.96,VIETNAM,ASIA,"Nation: MOROCCO
Return a single YES or NO, with no other words. If uncertain, return YES.",True
144,hot midnight orchid dim steel,SMALL ANODIZED TIN,SM BOX,2791,AIR,DELIVER IN PERSON,26.00,27147.64,0.06,1994-10-10,2-HIGH,214697.04,Customer#000000604,HOUSEHOLD,3195.96,VIETNAM,ASIA,"Nation: MOZAMBIQUE
Return a single YES or NO, with no other words. If uncertain, return YES.",True
144,hot midnight orchid dim steel,SMALL ANODIZED TIN,SM BOX,2791,AIR,DELIVER IN PERSON,26.00,27147.64,0.06,1994-10-10,2-HIGH,214697.04,Customer#000000604,HOUSEHOLD,3195.96,VIETNAM,ASIA,"Nation: PERU
Return a single YES or NO, with no other words. If uncertain, return YES.",True
144,hot midnight orchid dim steel,SMALL ANODIZED TIN,SM BOX,2791,AIR,DELIVER IN PERSON,26.00,27147.64,0.06,1994-10-10,2-HIGH,214697.04,Customer#000000604,HOUSEHOLD,3195.96,VIETNAM,ASIA,"Nation: CHINA
Return a single YES or NO, with no other words. If uncertain, return YES.",True
144,hot midnight orchid dim steel,SMALL ANODIZED TIN,SM BOX,2791,AIR,DELIVER IN PERSON,26.00,27147.64,0.06,1994-10-10,2-HIGH,214697.04,Customer#000000604,HOUSEHOLD,3195.96,VIETNAM,ASIA,"Nation: ROMANIA
Return a single YES or NO, with no other words. If uncertain, return YES.",True
144,hot midnight orchid dim steel,SMALL ANODIZED TIN,SM BOX,2791,AIR,DELIVER IN PERSON,26.00,27147.64,0.06,1994-10-10,2-HIGH,214697.04,Customer#000000604,HOUSEHOLD,3195.96,VIETNAM,ASIA,"Nation: SAUDI ARABIA
Return a single YES or NO, with no other words. If uncertain, return YES.",True
144,hot midnight orchid dim steel,SMALL ANODIZED TIN,SM BOX,2791,AIR,DELIVER IN PERSON,26.00,27147.64,0.06,1994-10-10,2-HIGH,214697.04,Customer#000000604,HOUSEHOLD,3195.96,VIETNAM,ASIA,"Nation: VIETNAM
Return a single YES or NO, with no other words. If uncertain, return YES.",True
144,hot midnight orchid dim steel,SMALL ANODIZED TIN,SM BOX,2791,AIR,DELIVER IN PERSON,26.00,27147.64,0.06,1994-10-10,2-HIGH,214697.04,Customer#000000604,HOUSEHOLD,3195.96,VIETNAM,ASIA,"Nation: RUSSIA
Return a single YES or NO, with no other words. If uncertain, return YES.",True
144,hot midnight orchid dim steel,SMALL ANODIZED TIN,SM BOX,2791,AIR,DELIVER IN PERSON,26.00,27147.64,0.06,1994-10-10,2-HIGH,214697.04,Customer#000000604,HOUSEHOLD,3195.96,VIETNAM,ASIA,"Nation: UNITED KINGDOM
Return a single YES or NO, with no other words. If uncertain, return YES.",True
144,hot midnight orchid dim steel,SMALL ANODIZED TIN,SM BOX,2791,AIR,DELIVER IN PERSON,26.00,27147.64,0.06,1994-10-10,2-HIGH,214697.04,Customer#000000604,HOUSEHOLD,3195.96,VIETNAM,ASIA,"Nation: UNITED STATES
Return a single YES or NO, with no other words. If uncertain, return YES.",True
895,thistle azure magenta mint burnished,MEDIUM BRUSHED STEEL,SM BOX,10244,REG AIR,TAKE BACK RETURN,28.00,50284.92,0.01,1996-04-04,3-MEDIUM,140180.15,Customer#000000149,AUTOMOBILE,8959.65,ROMANIA,EUROPE,"Nation: ALGERIA
Return a single YES or NO, with no other words. If uncertain, return YES.",True
895,thistle azure magenta mint burnished,MEDIUM BRUSHED STEEL,SM BOX,10244,REG AIR,TAKE BACK RETURN,28.00,50284.92,0.01,1996-04-04,3-MEDIUM,140180.15,Customer#000000149,AUTOMOBILE,8959.65,ROMANIA,EUROPE,"Nation: ARGENTINA
Return a single YES or NO, with no other words. If uncertain, return YES.",True
895,thistle azure magenta mint burnished,MEDIUM BRUSHED STEEL,SM BOX,10244,REG AIR,TAKE BACK RETURN,28.00,50284.92,0.01,1996-04-04,3-MEDIUM,140180.15,Customer#000000149,AUTOMOBILE,8959.65,ROMANIA,EUROPE,"Nation: BRAZIL
Return a single YES or NO, with no other words. If uncertain, return YES.",True
895,thistle azure magenta mint burnished,MEDIUM BRUSHED STEEL,SM BOX,10244,REG AIR,TAKE BACK RETURN,28.00,50284.92,0.01,1996-04-04,3-MEDIUM,140180.15,Customer#000000149,AUTOMOBILE,8959.65,ROMANIA,EUROPE,"Nation: CANADA
Return a single YES or NO, with no other words. If uncertain, return YES.",True
895,thistle azure magenta mint burnished,MEDIUM BRUSHED STEEL,SM BOX,10244,REG AIR,TAKE BACK RETURN,28.00,50284.92,0.01,1996-04-04,3-MEDIUM,140180.15,Customer#000000149,AUTOMOBILE,8959.65,ROMANIA,EUROPE,"Nation: EGYPT
Return a single YES or NO, with no other words. If uncertain, return YES.",True
895,thistle azure magenta mint burnished,MEDIUM BRUSHED STEEL,SM BOX,10244,REG AIR,TAKE BACK RETURN,28.00,50284.92,0.01,1996-04-04,3-MEDIUM,140180.15,Customer#000000149,AUTOMOBILE,8959.65,ROMANIA,EUROPE,"Nation: ETHIOPIA
Return a single YES or NO, with no other words. If uncertain, return YES.",True
895,thistle azure magenta mint burnished,MEDIUM BRUSHED STEEL,SM BOX,10244,REG AIR,TAKE BACK RETURN,28.00,50284.92,0.01,1996-04-04,3-MEDIUM,140180.15,Customer#000000149,AUTOMOBILE,8959.65,ROMANIA,EUROPE,"Nation: FRANCE
Return a single YES or NO, with no other words. If uncertain, return YES.",True
895,thistle azure magenta mint burnished,MEDIUM BRUSHED STEEL,SM BOX,10244,REG AIR,TAKE BACK RETURN,28.00,50284.92,0.01,1996-04-04,3-MEDIUM,140180.15,Customer#000000149,AUTOMOBILE,8959.65,ROMANIA,EUROPE,"Nation: GERMANY
Return a single YES or NO, with no other words. If uncertain, return YES.",True
895,thistle azure magenta mint burnished,MEDIUM BRUSHED STEEL,SM BOX,10244,REG AIR,TAKE BACK RETURN,28.00,50284.92,0.01,1996-04-04,3-MEDIUM,140180.15,Customer#000000149,AUTOMOBILE,8959.65,ROMANIA,EUROPE,"Nation: INDIA
Return a single YES or NO, with no other words. If uncertain, return YES.",True
895,thistle azure magenta mint burnished,MEDIUM BRUSHED STEEL,SM BOX,10244,REG AIR,TAKE BACK RETURN,28.00,50284.92,0.01,1996-04-04,3-MEDIUM,140180.15,Customer#000000149,AUTOMOBILE,8959.65,ROMANIA,EUROPE,"Nation: INDONESIA
Return a single YES or NO, with no other words. If uncertain, return YES.",True
895,thistle azure magenta mint burnished,MEDIUM BRUSHED STEEL,SM BOX,10244,REG AIR,TAKE BACK RETURN,28.00,50284.92,0.01,1996-04-04,3-MEDIUM,140180.15,Customer#000000149,AUTOMOBILE,8959.65,ROMANIA,EUROPE,"Nation: IRAN
Return a single YES or NO, with no other words. If uncertain, return YES.",True
895,thistle azure magenta mint burnished,MEDIUM BRUSHED STEEL,SM BOX,10244,REG AIR,TAKE BACK RETURN,28.00,50284.92,0.01,1996-04-04,3-MEDIUM,140180.15,Customer#000000149,AUTOMOBILE,8959.65,ROMANIA,EUROPE,"Nation: IRAQ
Return a single YES or NO, with no other words. If uncertain, return YES.",True
895,thistle azure magenta mint burnished,MEDIUM BRUSHED STEEL,SM BOX,10244,REG AIR,TAKE BACK RETURN,28.00,50284.92,0.01,1996-04-04,3-MEDIUM,140180.15,Customer#000000149,AUTOMOBILE,8959.65,ROMANIA,EUROPE,"Nation: JAPAN
Return a single YES or NO, with no other words. If uncertain, return YES.",True
895,thistle azure magenta mint burnished,MEDIUM BRUSHED STEEL,SM BOX,10244,REG AIR,TAKE BACK RETURN,28.00,50284.92,0.01,1996-04-04,3-MEDIUM,140180.15,Customer#000000149,AUTOMOBILE,8959.65,ROMANIA,EUROPE,"Nation: JORDAN
Return a single YES or NO, with no other words. If uncertain, return YES.",True
895,thistle azure magenta mint burnished,MEDIUM BRUSHED STEEL,SM BOX,10244,REG AIR,TAKE BACK RETURN,28.00,50284.92,0.01,1996-04-04,3-MEDIUM,140180.15,Customer#000000149,AUTOMOBILE,8959.65,ROMANIA,EUROPE,"Nation: KENYA
Return a single YES or NO, with no other words. If uncertain, return YES.",True
895,thistle azure magenta mint burnished,MEDIUM BRUSHED STEEL,SM BOX,10244,REG AIR,TAKE BACK RETURN,28.00,50284.92,0.01,1996-04-04,3-MEDIUM,140180.15,Customer#000000149,AUTOMOBILE,8959.65,ROMANIA,EUROPE,"Nation: MOROCCO
Return a single YES or NO, with no other words. If uncertain, return YES.",True
895,thistle azure magenta mint burnished,MEDIUM BRUSHED STEEL,SM BOX,10244,REG AIR,TAKE BACK RETURN,28.00,50284.92,0.01,1996-04-04,3-MEDIUM,140180.15,Customer#000000149,AUTOMOBILE,8959.65,ROMANIA,EUROPE,"Nation: MOZAMBIQUE
Return a single YES or NO, with no other words. If uncertain, return YES.",True
895,thistle azure magenta mint burnished,MEDIUM BRUSHED STEEL,SM BOX,10244,REG AIR,TAKE BACK RETURN,28.00,50284.92,0.01,1996-04-04,3-MEDIUM,140180.15,Customer#000000149,AUTOMOBILE,8959.65,ROMANIA,EUROPE,"Nation: PERU
Return a single YES or NO, with no other words. If uncertain, return YES.",True
895,thistle azure magenta mint burnished,MEDIUM BRUSHED STEEL,SM BOX,10244,REG AIR,TAKE BACK RETURN,28.00,50284.92,0.01,1996-04-04,3-MEDIUM,140180.15,Customer#000000149,AUTOMOBILE,8959.65,ROMANIA,EUROPE,"Nation: CHINA
Return a single YES or NO, with no other words. If uncertain, return YES.",True
895,thistle azure magenta mint burnished,MEDIUM BRUSHED STEEL,SM BOX,10244,REG AIR,TAKE BACK RETURN,28.00,50284.92,0.01,1996-04-04,3-MEDIUM,140180.15,Customer#000000149,AUTOMOBILE,8959.65,ROMANIA,EUROPE,"Nation: ROMANIA
Return a single YES or NO, with no other words. If uncertain, return YES.",True
895,thistle azure magenta mint burnished,MEDIUM BRUSHED STEEL,SM BOX,10244,REG AIR,TAKE BACK RETURN,28.00,50284.92,0.01,1996-04-04,3-MEDIUM,140180.15,Customer#000000149,AUTOMOBILE,8959.65,ROMANIA,EUROPE,"Nation: SAUDI ARABIA
Return a single YES or NO, with no other words. If uncertain, return YES.",True
895,thistle azure magenta mint burnished,MEDIUM BRUSHED STEEL,SM BOX,10244,REG AIR,TAKE BACK RETURN,28.00,50284.92,0.01,1996-04-04,3-MEDIUM,140180.15,Customer#000000149,AUTOMOBILE,8959.65,ROMANIA,EUROPE,"Nation: VIETNAM
Return a single YES or NO, with no other words. If uncertain, return YES.",True
895,thistle azure magenta mint burnished,MEDIUM BRUSHED STEEL,SM BOX,10244,REG AIR,TAKE BACK RETURN,28.00,50284.92,0.01,1996-04-04,3-MEDIUM,140180.15,Customer#000000149,AUTOMOBILE,8959.65,ROMANIA,EUROPE,"Nation: RUSSIA
Return a single YES or NO, with no other words. If uncertain, return YES.",True
895,thistle azure magenta mint burnished,MEDIUM BRUSHED STEEL,SM BOX,10244,REG AIR,TAKE BACK RETURN,28.00,50284.92,0.01,1996-04-04,3-MEDIUM,140180.15,Customer#000000149,AUTOMOBILE,8959.65,ROMANIA,EUROPE,"Nation: UNITED KINGDOM
Return a single YES or NO, with no other words. If uncertain, return YES.",True
895,thistle azure magenta mint burnished,MEDIUM BRUSHED STEEL,SM BOX,10244,REG AIR,TAKE BACK RETURN,28.00,50284.92,0.01,1996-04-04,3-MEDIUM,140180.15,Customer#000000149,AUTOMOBILE,8959.65,ROMANIA,EUROPE,"Nation: UNITED STATES
Return a single YES or NO, with no other words. If uncertain, return YES.",True
374,orange lemon cream dim midnight,LARGE PLATED STEEL,MED BOX,13539,MAIL,TAKE BACK RETURN,11.00,14018.07,0.01,1997-02-13,3-MEDIUM,207436.46,Customer#000000616,FURNITURE,6898.65,ARGENTINA,AMERICA,"Nation: ALGERIA
Return a single YES or NO, with no other words. If uncertain, return YES.",True
374,orange lemon cream dim midnight,LARGE PLATED STEEL,MED BOX,13539,MAIL,TAKE BACK RETURN,11.00,14018.07,0.01,1997-02-13,3-MEDIUM,207436.46,Customer#000000616,FURNITURE,6898.65,ARGENTINA,AMERICA,"Nation: ARGENTINA
Return a single YES or NO, with no other words. If uncertain, return YES.",True
374,orange lemon cream dim midnight,LARGE PLATED STEEL,MED BOX,13539,MAIL,TAKE BACK RETURN,11.00,14018.07,0.01,1997-02-13,3-MEDIUM,207436.46,Customer#000000616,FURNITURE,6898.65,ARGENTINA,AMERICA,"Nation: BRAZIL
Return a single YES or NO, with no other words. If uncertain, return YES.",True
374,orange lemon cream dim midnight,LARGE PLATED STEEL,MED BOX,13539,MAIL,TAKE BACK RETURN,11.00,14018.07,0.01,1997-02-13,3-MEDIUM,207436.46,Customer#000000616,FURNITURE,6898.65,ARGENTINA,AMERICA,"Nation: CANADA
Return a single YES or NO, with no other words. If uncertain, return YES.",True
374,orange lemon cream dim midnight,LARGE PLATED STEEL,MED BOX,13539,MAIL,TAKE BACK RETURN,11.00,14018.07,0.01,1997-02-13,3-MEDIUM,207436.46,Customer#000000616,FURNITURE,6898.65,ARGENTINA,AMERICA,"Nation: EGYPT
Return a single YES or NO, with no other words. If uncertain, return YES.",True
374,orange lemon cream dim midnight,LARGE PLATED STEEL,MED BOX,13539,MAIL,TAKE BACK RETURN,11.00,14018.07,0.01,1997-02-13,3-MEDIUM,207436.46,Customer#000000616,FURNITURE,6898.65,ARGENTINA,AMERICA,"Nation: ETHIOPIA
Return a single YES or NO, with no other words. If uncertain, return YES.",True
374,orange lemon cream dim midnight,LARGE PLATED STEEL,MED BOX,13539,MAIL,TAKE BACK RETURN,11.00,14018.07,0.01,1997-02-13,3-MEDIUM,207436.46,Customer#000000616,FURNITURE,6898.65,ARGENTINA,AMERICA,"Nation: FRANCE
Return a single YES or NO, with no other words. If uncertain, return YES.",True
374,orange lemon cream dim midnight,LARGE PLATED STEEL,MED BOX,13539,MAIL,TAKE BACK RETURN,11.00,14018.07,0.01,1997-02-13,3-MEDIUM,207436.46,Customer#000000616,FURNITURE,6898.65,ARGENTINA,AMERICA,"Nation: GERMANY
Return a single YES or NO, with no other words. If uncertain, return YES.",True
374,orange lemon cream dim midnight,LARGE PLATED STEEL,MED BOX,13539,MAIL,TAKE BACK RETURN,11.00,14018.07,0.01,1997-02-13,3-MEDIUM,207436.46,Customer#000000616,FURNITURE,6898.65,ARGENTINA,AMERICA,"Nation: INDIA
Return a single YES or NO, with no other words. If uncertain, return YES.",True
374,orange lemon cream dim midnight,LARGE PLATED STEEL,MED BOX,13539,MAIL,TAKE BACK RETURN,11.00,14018.07,0.01,1997-02-13,3-MEDIUM,207436.46,Customer#000000616,FURNITURE,6898.65,ARGENTINA,AMERICA,"Nation: INDONESIA
Return a single YES or NO, with no other words. If uncertain, return YES.",True
374,orange lemon cream dim midnight,LARGE PLATED STEEL,MED BOX,13539,MAIL,TAKE BACK RETURN,11.00,14018.07,0.01,1997-02-13,3-MEDIUM,207436.46,Customer#000000616,FURNITURE,6898.65,ARGENTINA,AMERICA,"Nation: IRAN
Return a single YES or NO, with no other words. If uncertain, return YES.",True
374,orange lemon cream dim midnight,LARGE PLATED STEEL,MED BOX,13539,MAIL,TAKE BACK RETURN,11.00,14018.07,0.01,1997-02-13,3-MEDIUM,207436.46,Customer#000000616,FURNITURE,6898.65,ARGENTINA,AMERICA,"Nation: IRAQ
Return a single YES or NO, with no other words. If uncertain, return YES.",True
374,orange lemon cream dim midnight,LARGE PLATED STEEL,MED BOX,13539,MAIL,TAKE BACK RETURN,11.00,14018.07,0.01,1997-02-13,3-MEDIUM,207436.46,Customer#000000616,FURNITURE,6898.65,ARGENTINA,AMERICA,"Nation: JAPAN
Return a single YES or NO, with no other words. If uncertain, return YES.",True
374,orange lemon cream dim midnight,LARGE PLATED STEEL,MED BOX,13539,MAIL,TAKE BACK RETURN,11.00,14018.07,0.01,1997-02-13,3-MEDIUM,207436.46,Customer#000000616,FURNITURE,6898.65,ARGENTINA,AMERICA,"Nation: JORDAN
Return a single YES or NO, with no other words. If uncertain, return YES.",True
374,orange lemon cream dim midnight,LARGE PLATED STEEL,MED BOX,13539,MAIL,TAKE BACK RETURN,11.00,14018.07,0.01,1997-02-13,3-MEDIUM,207436.46,Customer#000000616,FURNITURE,6898.65,ARGENTINA,AMERICA,"Nation: KENYA
Return a single YES or NO, with no other words. If uncertain, return YES.",True
374,orange lemon cream dim midnight,LARGE PLATED STEEL,MED BOX,13539,MAIL,TAKE BACK RETURN,11.00,14018.07,0.01,1997-02-13,3-MEDIUM,207436.46,Customer#000000616,FURNITURE,6898.65,ARGENTINA,AMERICA,"Nation: MOROCCO
Return a single YES or NO, with no other words. If uncertain, return YES.",True
374,orange lemon cream dim midnight,LARGE PLATED STEEL,MED BOX,13539,MAIL,TAKE BACK RETURN,11.00,14018.07,0.01,1997-02-13,3-MEDIUM,207436.46,Customer#000000616,FURNITURE,6898.65,ARGENTINA,AMERICA,"Nation: MOZAMBIQUE
Return a single YES or NO, with no other words. If uncertain, return YES.",True
374,orange lemon cream dim midnight,LARGE PLATED STEEL,MED BOX,13539,MAIL,TAKE BACK RETURN,11.00,14018.07,0.01,1997-02-13,3-MEDIUM,207436.46,Customer#000000616,FURNITURE,6898.65,ARGENTINA,AMERICA,"Nation: PERU
Return a single YES or NO, with no other words. If uncertain, return YES.",True
374,orange lemon cream dim midnight,LARGE PLATED STEEL,MED BOX,13539,MAIL,TAKE BACK RETURN,11.00,14018.07,0.01,1997-02-13,3-MEDIUM,207436.46,Customer#000000616,FURNITURE,6898.65,ARGENTINA,AMERICA,"Nation: CHINA
Return a single YES or NO, with no other words. If uncertain, return YES.",True
374,orange lemon cream dim midnight,LARGE PLATED STEEL,MED BOX,13539,MAIL,TAKE BACK RETURN,11.00,14018.07,0.01,1997-02-13,3-MEDIUM,207436.46,Customer#000000616,FURNITURE,6898.65,ARGENTINA,AMERICA,"Nation: ROMANIA
Return a single YES or NO, with no other words. If uncertain, return YES.",True
374,orange lemon cream dim midnight,LARGE PLATED STEEL,MED BOX,13539,MAIL,TAKE BACK RETURN,11.00,14018.07,0.01,1997-02-13,3-MEDIUM,207436.46,Customer#000000616,FURNITURE,6898.65,ARGENTINA,AMERICA,"Nation: SAUDI ARABIA
Return a single YES or NO, with no other words. If uncertain, return YES.",True
374,orange lemon cream dim midnight,LARGE PLATED STEEL,MED BOX,13539,MAIL,TAKE BACK RETURN,11.00,14018.07,0.01,1997-02-13,3-MEDIUM,207436.46,Customer#000000616,FURNITURE,6898.65,ARGENTINA,AMERICA,"Nation: VIETNAM
Return a single YES or NO, with no other words. If uncertain, return YES.",True
374,orange lemon cream dim midnight,LARGE PLATED STEEL,MED BOX,13539,MAIL,TAKE BACK RETURN,11.00,14018.07,0.01,1997-02-13,3-MEDIUM,207436.46,Customer#000000616,FURNITURE,6898.65,ARGENTINA,AMERICA,"Nation: RUSSIA
Return a single YES or NO, with no other words. If uncertain, return YES.",True
374,orange lemon cream dim midnight,LARGE PLATED STEEL,MED BOX,13539,MAIL,TAKE BACK RETURN,11.00,14018.07,0.01,1997-02-13,3-MEDIUM,207436.46,Customer#000000616,FURNITURE,6898.65,ARGENTINA,AMERICA,"Nation: UNITED KINGDOM
Return a single YES or NO, with no other words. If uncertain, return YES.",True
374,orange lemon cream dim midnight,LARGE PLATED STEEL,MED BOX,13539,MAIL,TAKE BACK RETURN,11.00,14018.07,0.01,1997-02-13,3-MEDIUM,207436.46,Customer#000000616,FURNITURE,6898.65,ARGENTINA,AMERICA,"Nation: UNITED STATES
Return a single YES or NO, with no other words. If uncertain, return YES.",True
395,drab steel royal medium chartreuse,MEDIUM BURNISHED BRASS,LG BOX,14150,MAIL,DELIVER IN PERSON,38.00,49224.82,0.02,1994-02-09,2-HIGH,186818.41,Customer#000000046,AUTOMOBILE,5744.59,FRANCE,EUROPE,"Nation: ALGERIA
Return a single YES or NO, with no other words. If uncertain, return YES.",True
395,drab steel royal medium chartreuse,MEDIUM BURNISHED BRASS,LG BOX,14150,MAIL,DELIVER IN PERSON,38.00,49224.82,0.02,1994-02-09,2-HIGH,186818.41,Customer#000000046,AUTOMOBILE,5744.59,FRANCE,EUROPE,"Nation: ARGENTINA
Return a single YES or NO, with no other words. If uncertain, return YES.",True
395,drab steel royal medium chartreuse,MEDIUM BURNISHED BRASS,LG BOX,14150,MAIL,DELIVER IN PERSON,38.00,49224.82,0.02,1994-02-09,2-HIGH,186818.41,Customer#000000046,AUTOMOBILE,5744.59,FRANCE,EUROPE,"Nation: BRAZIL
Return a single YES or NO, with no other words. If uncertain, return YES.",True
395,drab steel royal medium chartreuse,MEDIUM BURNISHED BRASS,LG BOX,14150,MAIL,DELIVER IN PERSON,38.00,49224.82,0.02,1994-02-09,2-HIGH,186818.41,Customer#000000046,AUTOMOBILE,5744.59,FRANCE,EUROPE,"Nation: CANADA
Return a single YES or NO, with no other words. If uncertain, return YES.",True
395,drab steel royal medium chartreuse,MEDIUM BURNISHED BRASS,LG BOX,14150,MAIL,DELIVER IN PERSON,38.00,49224.82,0.02,1994-02-09,2-HIGH,186818.41,Customer#000000046,AUTOMOBILE,5744.59,FRANCE,EUROPE,"Nation: EGYPT
Return a single YES or NO, with no other words. If uncertain, return YES.",True
395,drab steel royal medium chartreuse,MEDIUM BURNISHED BRASS,LG BOX,14150,MAIL,DELIVER IN PERSON,38.00,49224.82,0.02,1994-02-09,2-HIGH,186818.41,Customer#000000046,AUTOMOBILE,5744.59,FRANCE,EUROPE,"Nation: ETHIOPIA
Return a single YES or NO, with no other words. If uncertain, return YES.",True
395,drab steel royal medium chartreuse,MEDIUM BURNISHED BRASS,LG BOX,14150,MAIL,DELIVER IN PERSON,38.00,49224.82,0.02,1994-02-09,2-HIGH,186818.41,Customer#000000046,AUTOMOBILE,5744.59,FRANCE,EUROPE,"Nation: FRANCE
Return a single YES or NO, with no other words. If uncertain, return YES.",True
395,drab steel royal medium chartreuse,MEDIUM BURNISHED BRASS,LG BOX,14150,MAIL,DELIVER IN PERSON,38.00,49224.82,0.02,1994-02-09,2-HIGH,186818.41,Customer#000000046,AUTOMOBILE,5744.59,FRANCE,EUROPE,"Nation: GERMANY
Return a single YES or NO, with no other words. If uncertain, return YES.",True
395,drab steel royal medium chartreuse,MEDIUM BURNISHED BRASS,LG BOX,14150,MAIL,DELIVER IN PERSON,38.00,49224.82,0.02,1994-02-09,2-HIGH,186818.41,Customer#000000046,AUTOMOBILE,5744.59,FRANCE,EUROPE,"Nation: INDIA
Return a single YES or NO, with no other words. If uncertain, return YES.",True
395,drab steel royal medium chartreuse,MEDIUM BURNISHED BRASS,LG BOX,14150,MAIL,DELIVER IN PERSON,38.00,49224.82,0.02,1994-02-09,2-HIGH,186818.41,Customer#000000046,AUTOMOBILE,5744.59,FRANCE,EUROPE,"Nation: INDONESIA
Return a single YES or NO, with no other words. If uncertain, return YES.",True
395,drab steel royal medium chartreuse,MEDIUM BURNISHED BRASS,LG BOX,14150,MAIL,DELIVER IN PERSON,38.00,49224.82,0.02,1994-02-09,2-HIGH,186818.41,Customer#000000046,AUTOMOBILE,5744.59,FRANCE,EUROPE,"Nation: IRAN
Return a single YES or NO, with no other words. If uncertain, return YES.",True
395,drab steel royal medium chartreuse,MEDIUM BURNISHED BRASS,LG BOX,14150,MAIL,DELIVER IN PERSON,38.00,49224.82,0.02,1994-02-09,2-HIGH,186818.41,Customer#000000046,AUTOMOBILE,5744.59,FRANCE,EUROPE,"Nation: IRAQ
Return a single YES or NO, with no other words. If uncertain, return YES.",True
395,drab steel royal medium chartreuse,MEDIUM BURNISHED BRASS,LG BOX,14150,MAIL,DELIVER IN PERSON,38.00,49224.82,0.02,1994-02-09,2-HIGH,186818.41,Customer#000000046,AUTOMOBILE,5744.59,FRANCE,EUROPE,"Nation: JAPAN
Return a single YES or NO, with no other words. If uncertain, return YES.",True
395,drab steel royal medium chartreuse,MEDIUM BURNISHED BRASS,LG BOX,14150,MAIL,DELIVER IN PERSON,38.00,49224.82,0.02,1994-02-09,2-HIGH,186818.41,Customer#000000046,AUTOMOBILE,5744.59,FRANCE,EUROPE,"Nation: JORDAN
Return a single YES or NO, with no other words. If uncertain, return YES.",True
395,drab steel royal medium chartreuse,MEDIUM BURNISHED BRASS,LG BOX,14150,MAIL,DELIVER IN PERSON,38.00,49224.82,0.02,1994-02-09,2-HIGH,186818.41,Customer#000000046,AUTOMOBILE,5744.59,FRANCE,EUROPE,"Nation: KENYA
Return a single YES or NO, with no other words. If uncertain, return YES.",True
395,drab steel royal medium chartreuse,MEDIUM BURNISHED BRASS,LG BOX,14150,MAIL,DELIVER IN PERSON,38.00,49224.82,0.02,1994-02-09,2-HIGH,186818.41,Customer#000000046,AUTOMOBILE,5744.59,FRANCE,EUROPE,"Nation: MOROCCO
Return a single YES or NO, with no other words. If uncertain, return YES.",True
395,drab steel royal medium chartreuse,MEDIUM BURNISHED BRASS,LG BOX,14150,MAIL,DELIVER IN PERSON,38.00,49224.82,0.02,1994-02-09,2-HIGH,186818.41,Customer#000000046,AUTOMOBILE,5744.59,FRANCE,EUROPE,"Nation: MOZAMBIQUE
Return a single YES or NO, with no other words. If uncertain, return YES.",True
395,drab steel royal medium chartreuse,MEDIUM BURNISHED BRASS,LG BOX,14150,MAIL,DELIVER IN PERSON,38.00,49224.82,0.02,1994-02-09,2-HIGH,186818.41,Customer#000000046,AUTOMOBILE,5744.59,FRANCE,EUROPE,"Nation: PERU
Return a single YES or NO, with no other words. If uncertain, return YES.",True
395,drab steel royal medium chartreuse,MEDIUM BURNISHED BRASS,LG BOX,14150,MAIL,DELIVER IN PERSON,38.00,49224.82,0.02,1994-02-09,2-HIGH,186818.41,Customer#000000046,AUTOMOBILE,5744.59,FRANCE,EUROPE,"Nation: CHINA
Return a single YES or NO, with no other words. If uncertain, return YES.",True
395,drab steel royal medium chartreuse,MEDIUM BURNISHED BRASS,LG BOX,14150,MAIL,DELIVER IN PERSON,38.00,49224.82,0.02,1994-02-09,2-HIGH,186818.41,Customer#000000046,AUTOMOBILE,5744.59,FRANCE,EUROPE,"Nation: ROMANIA
Return a single YES or NO, with no other words. If uncertain, return YES.",True
395,drab steel royal medium chartreuse,MEDIUM BURNISHED BRASS,LG BOX,14150,MAIL,DELIVER IN PERSON,38.00,49224.82,0.02,1994-02-09,2-HIGH,186818.41,Customer#000000046,AUTOMOBILE,5744.59,FRANCE,EUROPE,"Nation: SAUDI ARABIA
Return a single YES or NO, with no other words. If uncertain, return YES.",True
395,drab steel royal medium chartreuse,MEDIUM BURNISHED BRASS,LG BOX,14150,MAIL,DELIVER IN PERSON,38.00,49224.82,0.02,1994-02-09,2-HIGH,186818.41,Customer#000000046,AUTOMOBILE,5744.59,FRANCE,EUROPE,"Nation: VIETNAM
Return a single YES or NO, with no other words. If uncertain, return YES.",True
395,drab steel royal medium chartreuse,MEDIUM BURNISHED BRASS,LG BOX,14150,MAIL,DELIVER IN PERSON,38.00,49224.82,0.02,1994-02-09,2-HIGH,186818.41,Customer#000000046,AUTOMOBILE,5744.59,FRANCE,EUROPE,"Nation: RUSSIA
Return a single YES or NO, with no other words. If uncertain, return YES.",True
395,drab steel royal medium chartreuse,MEDIUM BURNISHED BRASS,LG BOX,14150,MAIL,DELIVER IN PERSON,38.00,49224.82,0.02,1994-02-09,2-HIGH,186818.41,Customer#000000046,AUTOMOBILE,5744.59,FRANCE,EUROPE,"Nation: UNITED KINGDOM
Return a single YES or NO, with no other words. If uncertain, return YES.",True
395,drab steel royal medium chartreuse,MEDIUM BURNISHED BRASS,LG BOX,14150,MAIL,DELIVER IN PERSON,38.00,49224.82,0.02,1994-02-09,2-HIGH,186818.41,Customer#000000046,AUTOMOBILE,5744.59,FRANCE,EUROPE,"Nation: UNITED STATES
Return a single YES or NO, with no other words. If uncertain, return YES.",True
568,purple burlywood pale cornsilk chartreuse,PROMO POLISHED STEEL,SM BOX,14592,AIR,TAKE BACK RETURN,36.00,52868.16,0.08,1995-07-06,3-MEDIUM,102639.27,Customer#000000463,HOUSEHOLD,-654.50,INDIA,ASIA,"Nation: ALGERIA
Return a single YES or NO, with no other words. If uncertain, return YES.",True
568,purple burlywood pale cornsilk chartreuse,PROMO POLISHED STEEL,SM BOX,14592,AIR,TAKE BACK RETURN,36.00,52868.16,0.08,1995-07-06,3-MEDIUM,102639.27,Customer#000000463,HOUSEHOLD,-654.50,INDIA,ASIA,"Nation: ARGENTINA
Return a single YES or NO, with no other words. If uncertain, return YES.",True
568,purple burlywood pale cornsilk chartreuse,PROMO POLISHED STEEL,SM BOX,14592,AIR,TAKE BACK RETURN,36.00,52868.16,0.08,1995-07-06,3-MEDIUM,102639.27,Customer#000000463,HOUSEHOLD,-654.50,INDIA,ASIA,"Nation: BRAZIL
Return a single YES or NO, with no other words. If uncertain, return YES.",True
568,purple burlywood pale cornsilk chartreuse,PROMO POLISHED STEEL,SM BOX,14592,AIR,TAKE BACK RETURN,36.00,52868.16,0.08,1995-07-06,3-MEDIUM,102639.27,Customer#000000463,HOUSEHOLD,-654.50,INDIA,ASIA,"Nation: CANADA
Return a single YES or NO, with no other words. If uncertain, return YES.",True
568,purple burlywood pale cornsilk chartreuse,PROMO POLISHED STEEL,SM BOX,14592,AIR,TAKE BACK RETURN,36.00,52868.16,0.08,1995-07-06,3-MEDIUM,102639.27,Customer#000000463,HOUSEHOLD,-654.50,INDIA,ASIA,"Nation: EGYPT
Return a single YES or NO, with no other words. If uncertain, return YES.",True
568,purple burlywood pale cornsilk chartreuse,PROMO POLISHED STEEL,SM BOX,14592,AIR,TAKE BACK RETURN,36.00,52868.16,0.08,1995-07-06,3-MEDIUM,102639.27,Customer#000000463,HOUSEHOLD,-654.50,INDIA,ASIA,"Nation: ETHIOPIA
Return a single YES or NO, with no other words. If uncertain, return YES.",True
568,purple burlywood pale cornsilk chartreuse,PROMO POLISHED STEEL,SM BOX,14592,AIR,TAKE BACK RETURN,36.00,52868.16,0.08,1995-07-06,3-MEDIUM,102639.27,Customer#000000463,HOUSEHOLD,-654.50,INDIA,ASIA,"Nation: FRANCE
Return a single YES or NO, with no other words. If uncertain, return YES.",True
568,purple burlywood pale cornsilk chartreuse,PROMO POLISHED STEEL,SM BOX,14592,AIR,TAKE BACK RETURN,36.00,52868.16,0.08,1995-07-06,3-MEDIUM,102639.27,Customer#000000463,HOUSEHOLD,-654.50,INDIA,ASIA,"Nation: GERMANY
Return a single YES or NO, with no other words. If uncertain, return YES.",True
568,purple burlywood pale cornsilk chartreuse,PROMO POLISHED STEEL,SM BOX,14592,AIR,TAKE BACK RETURN,36.00,52868.16,0.08,1995-07-06,3-MEDIUM,102639.27,Customer#000000463,HOUSEHOLD,-654.50,INDIA,ASIA,"Nation: INDIA
Return a single YES or NO, with no other words. If uncertain, return YES.",True
568,purple burlywood pale cornsilk chartreuse,PROMO POLISHED STEEL,SM BOX,14592,AIR,TAKE BACK RETURN,36.00,52868.16,0.08,1995-07-06,3-MEDIUM,102639.27,Customer#000000463,HOUSEHOLD,-654.50,INDIA,ASIA,"Nation: INDONESIA
Return a single YES or NO, with no other words. If uncertain, return YES.",True
568,purple burlywood pale cornsilk chartreuse,PROMO POLISHED STEEL,SM BOX,14592,AIR,TAKE BACK RETURN,36.00,52868.16,0.08,1995-07-06,3-MEDIUM,102639.27,Customer#000000463,HOUSEHOLD,-654.50,INDIA,ASIA,"Nation: IRAN
Return a single YES or NO, with no other words. If uncertain, return YES.",True
568,purple burlywood pale cornsilk chartreuse,PROMO POLISHED STEEL,SM BOX,14592,AIR,TAKE BACK RETURN,36.00,52868.16,0.08,1995-07-06,3-MEDIUM,102639.27,Customer#000000463,HOUSEHOLD,-654.50,INDIA,ASIA,"Nation: IRAQ
Return a single YES or NO, with no other words. If uncertain, return YES.",True
568,purple burlywood pale cornsilk chartreuse,PROMO POLISHED STEEL,SM BOX,14592,AIR,TAKE BACK RETURN,36.00,52868.16,0.08,1995-07-06,3-MEDIUM,102639.27,Customer#000000463,HOUSEHOLD,-654.50,INDIA,ASIA,"Nation: JAPAN
Return a single YES or NO, with no other words. If uncertain, return YES.",True
568,purple burlywood pale cornsilk chartreuse,PROMO POLISHED STEEL,SM BOX,14592,AIR,TAKE BACK RETURN,36.00,52868.16,0.08,1995-07-06,3-MEDIUM,102639.27,Customer#000000463,HOUSEHOLD,-654.50,INDIA,ASIA,"Nation: JORDAN
Return a single YES or NO, with no other words. If uncertain, return YES.",True
568,purple burlywood pale cornsilk chartreuse,PROMO POLISHED STEEL,SM BOX,14592,AIR,TAKE BACK RETURN,36.00,52868.16,0.08,1995-07-06,3-MEDIUM,102639.27,Customer#000000463,HOUSEHOLD,-654.50,INDIA,ASIA,"Nation: KENYA
Return a single YES or NO, with no other words. If uncertain, return YES.",True
568,purple burlywood pale cornsilk chartreuse,PROMO POLISHED STEEL,SM BOX,14592,AIR,TAKE BACK RETURN,36.00,52868.16,0.08,1995-07-06,3-MEDIUM,102639.27,Customer#000000463,HOUSEHOLD,-654.50,INDIA,ASIA,"Nation: MOROCCO
Return a single YES or NO, with no other words. If uncertain, return YES.",True
568,purple burlywood pale cornsilk chartreuse,PROMO POLISHED STEEL,SM BOX,14592,AIR,TAKE BACK RETURN,36.00,52868.16,0.08,1995-07-06,3-MEDIUM,102639.27,Customer#000000463,HOUSEHOLD,-654.50,INDIA,ASIA,"Nation: MOZAMBIQUE
Return a single YES or NO, with no other words. If uncertain, return YES.",True
568,purple burlywood pale cornsilk chartreuse,PROMO POLISHED STEEL,SM BOX,14592,AIR,TAKE BACK RETURN,36.00,52868.16,0.08,1995-07-06,3-MEDIUM,102639.27,Customer#000000463,HOUSEHOLD,-654.50,INDIA,ASIA,"Nation: PERU
Return a single YES or NO, with no other words. If uncertain, return YES.",True
568,purple burlywood pale cornsilk chartreuse,PROMO POLISHED STEEL,SM BOX,14592,AIR,TAKE BACK RETURN,36.00,52868.16,0.08,1995-07-06,3-MEDIUM,102639.27,Customer#000000463,HOUSEHOLD,-654.50,INDIA,ASIA,"Nation: CHINA
Return a single YES or NO, with no other words. If uncertain, return YES.",True
568,purple burlywood pale cornsilk chartreuse,PROMO POLISHED STEEL,SM BOX,14592,AIR,TAKE BACK RETURN,36.00,52868.16,0.08,1995-07-06,3-MEDIUM,102639.27,Customer#000000463,HOUSEHOLD,-654.50,INDIA,ASIA,"Nation: ROMANIA
Return a single YES or NO, with no other words. If uncertain, return YES.",True
568,purple burlywood pale cornsilk chartreuse,PROMO POLISHED STEEL,SM BOX,14592,AIR,TAKE BACK RETURN,36.00,52868.16,0.08,1995-07-06,3-MEDIUM,102639.27,Customer#000000463,HOUSEHOLD,-654.50,INDIA,ASIA,"Nation: SAUDI ARABIA
Return a single YES or NO, with no other words. If uncertain, return YES.",True
568,purple burlywood pale cornsilk chartreuse,PROMO POLISHED STEEL,SM BOX,14592,AIR,TAKE BACK RETURN,36.00,52868.16,0.08,1995-07-06,3-MEDIUM,102639.27,Customer#000000463,HOUSEHOLD,-654.50,INDIA,ASIA,"Nation: VIETNAM
Return a single YES or NO, with no other words. If uncertain, return YES.",True
568,purple burlywood pale cornsilk chartreuse,PROMO POLISHED STEEL,SM BOX,14592,AIR,TAKE BACK RETURN,36.00,52868.16,0.08,1995-07-06,3-MEDIUM,102639.27,Customer#000000463,HOUSEHOLD,-654.50,INDIA,ASIA,"Nation: RUSSIA
Return a single YES or NO, with no other words. If uncertain, return YES.",True
568,purple burlywood pale cornsilk chartreuse,PROMO POLISHED STEEL,SM BOX,14592,AIR,TAKE BACK RETURN,36.00,52868.16,0.08,1995-07-06,3-MEDIUM,102639.27,Customer#000000463,HOUSEHOLD,-654.50,INDIA,ASIA,"Nation: UNITED KINGDOM
Return a single YES or NO, with no other words. If uncertain, return YES.",True
568,purple burlywood pale cornsilk chartreuse,PROMO POLISHED STEEL,SM BOX,14592,AIR,TAKE BACK RETURN,36.00,52868.16,0.08,1995-07-06,3-MEDIUM,102639.27,Customer#000000463,HOUSEHOLD,-654.50,INDIA,ASIA,"Nation: UNITED STATES
Return a single YES or NO, with no other words. If uncertain, return YES.",True
40,lemon midnight metallic sienna steel,ECONOMY BURNISHED COPPER,SM CASE,15111,REG AIR,DELIVER IN PERSON,13.00,12220.52,0.07,1994-12-18,4-NOT SPECIFIED,145457.88,Customer#000000025,FURNITURE,7133.70,JAPAN,ASIA,"Nation: ALGERIA
Return a single YES or NO, with no other words. If uncertain, return YES.",True
40,lemon midnight metallic sienna steel,ECONOMY BURNISHED COPPER,SM CASE,15111,REG AIR,DELIVER IN PERSON,13.00,12220.52,0.07,1994-12-18,4-NOT SPECIFIED,145457.88,Customer#000000025,FURNITURE,7133.70,JAPAN,ASIA,"Nation: ARGENTINA
Return a single YES or NO, with no other words. If uncertain, return YES.",True
40,lemon midnight metallic sienna steel,ECONOMY BURNISHED COPPER,SM CASE,15111,REG AIR,DELIVER IN PERSON,13.00,12220.52,0.07,1994-12-18,4-NOT SPECIFIED,145457.88,Customer#000000025,FURNITURE,7133.70,JAPAN,ASIA,"Nation: BRAZIL
Return a single YES or NO, with no other words. If uncertain, return YES.",True
40,lemon midnight metallic sienna steel,ECONOMY BURNISHED COPPER,SM CASE,15111,REG AIR,DELIVER IN PERSON,13.00,12220.52,0.07,1994-12-18,4-NOT SPECIFIED,145457.88,Customer#000000025,FURNITURE,7133.70,JAPAN,ASIA,"Nation: CANADA
Return a single YES or NO, with no other words. If uncertain, return YES.",True
40,lemon midnight metallic sienna steel,ECONOMY BURNISHED COPPER,SM CASE,15111,REG AIR,DELIVER IN PERSON,13.00,12220.52,0.07,1994-12-18,4-NOT SPECIFIED,145457.88,Customer#000000025,FURNITURE,7133.70,JAPAN,ASIA,"Nation: EGYPT
Return a single YES or NO, with no other words. If uncertain, return YES.",True
40,lemon midnight metallic sienna steel,ECONOMY BURNISHED COPPER,SM CASE,15111,REG AIR,DELIVER IN PERSON,13.00,12220.52,0.07,1994-12-18,4-NOT SPECIFIED,145457.88,Customer#000000025,FURNITURE,7133.70,JAPAN,ASIA,"Nation: ETHIOPIA
Return a single YES or NO, with no other words. If uncertain, return YES.",True
40,lemon midnight metallic sienna steel,ECONOMY BURNISHED COPPER,SM CASE,15111,REG AIR,DELIVER IN PERSON,13.00,12220.52,0.07,1994-12-18,4-NOT SPECIFIED,145457.88,Customer#000000025,FURNITURE,7133.70,JAPAN,ASIA,"Nation: FRANCE
Return a single YES or NO, with no other words. If uncertain, return YES.",True
40,lemon midnight metallic sienna steel,ECONOMY BURNISHED COPPER,SM CASE,15111,REG AIR,DELIVER IN PERSON,13.00,12220.52,0.07,1994-12-18,4-NOT SPECIFIED,145457.88,Customer#000000025,FURNITURE,7133.70,JAPAN,ASIA,"Nation: GERMANY
Return a single YES or NO, with no other words. If uncertain, return YES.",True
40,lemon midnight metallic sienna steel,ECONOMY BURNISHED COPPER,SM CASE,15111,REG AIR,DELIVER IN PERSON,13.00,12220.52,0.07,1994-12-18,4-NOT SPECIFIED,145457.88,Customer#000000025,FURNITURE,7133.70,JAPAN,ASIA,"Nation: INDIA
Return a single YES or NO, with no other words. If uncertain, return YES.",True
40,lemon midnight metallic sienna steel,ECONOMY BURNISHED COPPER,SM CASE,15111,REG AIR,DELIVER IN PERSON,13.00,12220.52,0.07,1994-12-18,4-NOT SPECIFIED,145457.88,Customer#000000025,FURNITURE,7133.70,JAPAN,ASIA,"Nation: INDONESIA
Return a single YES or NO, with no other words. If uncertain, return YES.",True
40,lemon midnight metallic sienna steel,ECONOMY BURNISHED COPPER,SM CASE,15111,REG AIR,DELIVER IN PERSON,13.00,12220.52,0.07,1994-12-18,4-NOT SPECIFIED,145457.88,Customer#000000025,FURNITURE,7133.70,JAPAN,ASIA,"Nation: IRAN
Return a single YES or NO, with no other words. If uncertain, return YES.",True
40,lemon midnight metallic sienna steel,ECONOMY BURNISHED COPPER,SM CASE,15111,REG AIR,DELIVER IN PERSON,13.00,12220.52,0.07,1994-12-18,4-NOT SPECIFIED,145457.88,Customer#000000025,FURNITURE,7133.70,JAPAN,ASIA,"Nation: IRAQ
Return a single YES or NO, with no other words. If uncertain, return YES.",True
40,lemon midnight metallic sienna steel,ECONOMY BURNISHED COPPER,SM CASE,15111,REG AIR,DELIVER IN PERSON,13.00,12220.52,0.07,1994-12-18,4-NOT SPECIFIED,145457.88,Customer#000000025,FURNITURE,7133.70,JAPAN,ASIA,"Nation: JAPAN
Return a single YES or NO, with no other words. If uncertain, return YES.",True
40,lemon midnight metallic sienna steel,ECONOMY BURNISHED COPPER,SM CASE,15111,REG AIR,DELIVER IN PERSON,13.00,12220.52,0.07,1994-12-18,4-NOT SPECIFIED,145457.88,Customer#000000025,FURNITURE,7133.70,JAPAN,ASIA,"Nation: JORDAN
Return a single YES or NO, with no other words. If uncertain, return YES.",True
40,lemon midnight metallic sienna steel,ECONOMY BURNISHED COPPER,SM CASE,15111,REG AIR,DELIVER IN PERSON,13.00,12220.52,0.07,1994-12-18,4-NOT SPECIFIED,145457.88,Customer#000000025,FURNITURE,7133.70,JAPAN,ASIA,"Nation: KENYA
Return a single YES or NO, with no other words. If uncertain, return YES.",True
40,lemon midnight metallic sienna steel,ECONOMY BURNISHED COPPER,SM CASE,15111,REG AIR,DELIVER IN PERSON,13.00,12220.52,0.07,1994-12-18,4-NOT SPECIFIED,145457.88,Customer#000000025,FURNITURE,7133.70,JAPAN,ASIA,"Nation: MOROCCO
Return a single YES or NO, with no other words. If uncertain, return YES.",True
40,lemon midnight metallic sienna steel,ECONOMY BURNISHED COPPER,SM CASE,15111,REG AIR,DELIVER IN PERSON,13.00,12220.52,0.07,1994-12-18,4-NOT SPECIFIED,145457.88,Customer#000000025,FURNITURE,7133.70,JAPAN,ASIA,"Nation: MOZAMBIQUE
Return a single YES or NO, with no other words. If uncertain, return YES.",True
40,lemon midnight metallic sienna steel,ECONOMY BURNISHED COPPER,SM CASE,15111,REG AIR,DELIVER IN PERSON,13.00,12220.52,0.07,1994-12-18,4-NOT SPECIFIED,145457.88,Customer#000000025,FURNITURE,7133.70,JAPAN,ASIA,"Nation: PERU
Return a single YES or NO, with no other words. If uncertain, return YES.",True
40,lemon midnight metallic sienna steel,ECONOMY BURNISHED COPPER,SM CASE,15111,REG AIR,DELIVER IN PERSON,13.00,12220.52,0.07,1994-12-18,4-NOT SPECIFIED,145457.88,Customer#000000025,FURNITURE,7133.70,JAPAN,ASIA,"Nation: CHINA
Return a single YES or NO, with no other words. If uncertain, return YES.",True
40,lemon midnight metallic sienna steel,ECONOMY BURNISHED COPPER,SM CASE,15111,REG AIR,DELIVER IN PERSON,13.00,12220.52,0.07,1994-12-18,4-NOT SPECIFIED,145457.88,Customer#000000025,FURNITURE,7133.70,JAPAN,ASIA,"Nation: ROMANIA
Return a single YES or NO, with no other words. If uncertain, return YES.",True
40,lemon midnight metallic sienna steel,ECONOMY BURNISHED COPPER,SM CASE,15111,REG AIR,DELIVER IN PERSON,13.00,12220.52,0.07,1994-12-18,4-NOT SPECIFIED,145457.88,Customer#000000025,FURNITURE,7133.70,JAPAN,ASIA,"Nation: SAUDI ARABIA
Return a single YES or NO, with no other words. If uncertain, return YES.",True
40,lemon midnight metallic sienna steel,ECONOMY BURNISHED COPPER,SM CASE,15111,REG AIR,DELIVER IN PERSON,13.00,12220.52,0.07,1994-12-18,4-NOT SPECIFIED,145457.88,Customer#000000025,FURNITURE,7133.70,JAPAN,ASIA,"Nation: VIETNAM
Return a single YES or NO, with no other words. If uncertain, return YES.",True
40,lemon midnight metallic sienna steel,ECONOMY BURNISHED COPPER,SM CASE,15111,REG AIR,DELIVER IN PERSON,13.00,12220.52,0.07,1994-12-18,4-NOT SPECIFIED,145457.88,Customer#000000025,FURNITURE,7133.70,JAPAN,ASIA,"Nation: RUSSIA
Return a single YES or NO, with no other words. If uncertain, return YES.",True
40,lemon midnight metallic sienna steel,ECONOMY BURNISHED COPPER,SM CASE,15111,REG AIR,DELIVER IN PERSON,13.00,12220.52,0.07,1994-12-18,4-NOT SPECIFIED,145457.88,Customer#000000025,FURNITURE,7133.70,JAPAN,ASIA,"Nation: UNITED KINGDOM
Return a single YES or NO, with no other words. If uncertain, return YES.",True
40,lemon midnight metallic sienna steel,ECONOMY BURNISHED COPPER,SM CASE,15111,REG AIR,DELIVER IN PERSON,13.00,12220.52,0.07,1994-12-18,4-NOT SPECIFIED,145457.88,Customer#000000025,FURNITURE,7133.70,JAPAN,ASIA,"Nation: UNITED STATES
Return a single YES or NO, with no other words. If uncertain, return YES.",True
395,drab steel royal medium chartreuse,MEDIUM BURNISHED BRASS,LG BOX,16610,MAIL,TAKE BACK RETURN,42.00,54406.38,0.00,1994-10-11,2-HIGH,181988.84,Customer#000000017,AUTOMOBILE,6.34,BRAZIL,AMERICA,"Nation: ALGERIA
Return a single YES or NO, with no other words. If uncertain, return YES.",True
395,drab steel royal medium chartreuse,MEDIUM BURNISHED BRASS,LG BOX,16610,MAIL,TAKE BACK RETURN,42.00,54406.38,0.00,1994-10-11,2-HIGH,181988.84,Customer#000000017,AUTOMOBILE,6.34,BRAZIL,AMERICA,"Nation: ARGENTINA
Return a single YES or NO, with no other words. If uncertain, return YES.",True
395,drab steel royal medium chartreuse,MEDIUM BURNISHED BRASS,LG BOX,16610,MAIL,TAKE BACK RETURN,42.00,54406.38,0.00,1994-10-11,2-HIGH,181988.84,Customer#000000017,AUTOMOBILE,6.34,BRAZIL,AMERICA,"Nation: BRAZIL
Return a single YES or NO, with no other words. If uncertain, return YES.",True
395,drab steel royal medium chartreuse,MEDIUM BURNISHED BRASS,LG BOX,16610,MAIL,TAKE BACK RETURN,42.00,54406.38,0.00,1994-10-11,2-HIGH,181988.84,Customer#000000017,AUTOMOBILE,6.34,BRAZIL,AMERICA,"Nation: CANADA
Return a single YES or NO, with no other words. If uncertain, return YES.",True
395,drab steel royal medium chartreuse,MEDIUM BURNISHED BRASS,LG BOX,16610,MAIL,TAKE BACK RETURN,42.00,54406.38,0.00,1994-10-11,2-HIGH,181988.84,Customer#000000017,AUTOMOBILE,6.34,BRAZIL,AMERICA,"Nation: EGYPT
Return a single YES or NO, with no other words. If uncertain, return YES.",True
395,drab steel royal medium chartreuse,MEDIUM BURNISHED BRASS,LG BOX,16610,MAIL,TAKE BACK RETURN,42.00,54406.38,0.00,1994-10-11,2-HIGH,181988.84,Customer#000000017,AUTOMOBILE,6.34,BRAZIL,AMERICA,"Nation: ETHIOPIA
Return a single YES or NO, with no other words. If uncertain, return YES.",True
395,drab steel royal medium chartreuse,MEDIUM BURNISHED BRASS,LG BOX,16610,MAIL,TAKE BACK RETURN,42.00,54406.38,0.00,1994-10-11,2-HIGH,181988.84,Customer#000000017,AUTOMOBILE,6.34,BRAZIL,AMERICA,"Nation: FRANCE
Return a single YES or NO, with no other words. If uncertain, return YES.",True
395,drab steel royal medium chartreuse,MEDIUM BURNISHED BRASS,LG BOX,16610,MAIL,TAKE BACK RETURN,42.00,54406.38,0.00,1994-10-11,2-HIGH,181988.84,Customer#000000017,AUTOMOBILE,6.34,BRAZIL,AMERICA,"Nation: GERMANY
Return a single YES or NO, with no other words. If uncertain, return YES.",True
395,drab steel royal medium chartreuse,MEDIUM BURNISHED BRASS,LG BOX,16610,MAIL,TAKE BACK RETURN,42.00,54406.38,0.00,1994-10-11,2-HIGH,181988.84,Customer#000000017,AUTOMOBILE,6.34,BRAZIL,AMERICA,"Nation: INDIA
Return a single YES or NO, with no other words. If uncertain, return YES.",True
395,drab steel royal medium chartreuse,MEDIUM BURNISHED BRASS,LG BOX,16610,MAIL,TAKE BACK RETURN,42.00,54406.38,0.00,1994-10-11,2-HIGH,181988.84,Customer#000000017,AUTOMOBILE,6.34,BRAZIL,AMERICA,"Nation: INDONESIA
Return a single YES or NO, with no other words. If uncertain, return YES.",True
395,drab steel royal medium chartreuse,MEDIUM BURNISHED BRASS,LG BOX,16610,MAIL,TAKE BACK RETURN,42.00,54406.38,0.00,1994-10-11,2-HIGH,181988.84,Customer#000000017,AUTOMOBILE,6.34,BRAZIL,AMERICA,"Nation: IRAN
Return a single YES or NO, with no other words. If uncertain, return YES.",True
395,drab steel royal medium chartreuse,MEDIUM BURNISHED BRASS,LG BOX,16610,MAIL,TAKE BACK RETURN,42.00,54406.38,0.00,1994-10-11,2-HIGH,181988.84,Customer#000000017,AUTOMOBILE,6.34,BRAZIL,AMERICA,"Nation: IRAQ
Return a single YES or NO, with no other words. If uncertain, return YES.",True
395,drab steel royal medium chartreuse,MEDIUM BURNISHED BRASS,LG BOX,16610,MAIL,TAKE BACK RETURN,42.00,54406.38,0.00,1994-10-11,2-HIGH,181988.84,Customer#000000017,AUTOMOBILE,6.34,BRAZIL,AMERICA,"Nation: JAPAN
Return a single YES or NO, with no other words. If uncertain, return YES.",True
395,drab steel royal medium chartreuse,MEDIUM BURNISHED BRASS,LG BOX,16610,MAIL,TAKE BACK RETURN,42.00,54406.38,0.00,1994-10-11,2-HIGH,181988.84,Customer#000000017,AUTOMOBILE,6.34,BRAZIL,AMERICA,"Nation: JORDAN
Return a single YES or NO, with no other words. If uncertain, return YES.",True
395,drab steel royal medium chartreuse,MEDIUM BURNISHED BRASS,LG BOX,16610,MAIL,TAKE BACK RETURN,42.00,54406.38,0.00,1994-10-11,2-HIGH,181988.84,Customer#000000017,AUTOMOBILE,6.34,BRAZIL,AMERICA,"Nation: KENYA
Return a single YES or NO, with no other words. If uncertain, return YES.",True
395,drab steel royal medium chartreuse,MEDIUM BURNISHED BRASS,LG BOX,16610,MAIL,TAKE BACK RETURN,42.00,54406.38,0.00,1994-10-11,2-HIGH,181988.84,Customer#000000017,AUTOMOBILE,6.34,BRAZIL,AMERICA,"Nation: MOROCCO
Return a single YES or NO, with no other words. If uncertain, return YES.",True
395,drab steel royal medium chartreuse,MEDIUM BURNISHED BRASS,LG BOX,16610,MAIL,TAKE BACK RETURN,42.00,54406.38,0.00,1994-10-11,2-HIGH,181988.84,Customer#000000017,AUTOMOBILE,6.34,BRAZIL,AMERICA,"Nation: MOZAMBIQUE
Return a single YES or NO, with no other words. If uncertain, return YES.",True
395,drab steel royal medium chartreuse,MEDIUM BURNISHED BRASS,LG BOX,16610,MAIL,TAKE BACK RETURN,42.00,54406.38,0.00,1994-10-11,2-HIGH,181988.84,Customer#000000017,AUTOMOBILE,6.34,BRAZIL,AMERICA,"Nation: PERU
Return a single YES or NO, with no other words. If uncertain, return YES.",True
395,drab steel royal medium chartreuse,MEDIUM BURNISHED BRASS,LG BOX,16610,MAIL,TAKE BACK RETURN,42.00,54406.38,0.00,1994-10-11,2-HIGH,181988.84,Customer#000000017,AUTOMOBILE,6.34,BRAZIL,AMERICA,"Nation: CHINA
Return a single YES or NO, with no other words. If uncertain, return YES.",True
395,drab steel royal medium chartreuse,MEDIUM BURNISHED BRASS,LG BOX,16610,MAIL,TAKE BACK RETURN,42.00,54406.38,0.00,1994-10-11,2-HIGH,181988.84,Customer#000000017,AUTOMOBILE,6.34,BRAZIL,AMERICA,"Nation: ROMANIA
Return a single YES or NO, with no other words. If uncertain, return YES.",True
395,drab steel royal medium chartreuse,MEDIUM BURNISHED BRASS,LG BOX,16610,MAIL,TAKE BACK RETURN,42.00,54406.38,0.00,1994-10-11,2-HIGH,181988.84,Customer#000000017,AUTOMOBILE,6.34,BRAZIL,AMERICA,"Nation: SAUDI ARABIA
Return a single YES or NO, with no other words. If uncertain, return YES.",True
395,drab steel royal medium chartreuse,MEDIUM BURNISHED BRASS,LG BOX,16610,MAIL,TAKE BACK RETURN,42.00,54406.38,0.00,1994-10-11,2-HIGH,181988.84,Customer#000000017,AUTOMOBILE,6.34,BRAZIL,AMERICA,"Nation: VIETNAM
Return a single YES or NO, with no other words. If uncertain, return YES.",True
395,drab steel royal medium chartreuse,MEDIUM BURNISHED BRASS,LG BOX,16610,MAIL,TAKE BACK RETURN,42.00,54406.38,0.00,1994-10-11,2-HIGH,181988.84,Customer#000000017,AUTOMOBILE,6.34,BRAZIL,AMERICA,"Nation: RUSSIA
Return a single YES or NO, with no other words. If uncertain, return YES.",True
395,drab steel royal medium chartreuse,MEDIUM BURNISHED BRASS,LG BOX,16610,MAIL,TAKE BACK RETURN,42.00,54406.38,0.00,1994-10-11,2-HIGH,181988.84,Customer#000000017,AUTOMOBILE,6.34,BRAZIL,AMERICA,"Nation: UNITED KINGDOM
Return a single YES or NO, with no other words. If uncertain, return YES.",True
395,drab steel royal medium chartreuse,MEDIUM BURNISHED BRASS,LG BOX,16610,MAIL,TAKE BACK RETURN,42.00,54406.38,0.00,1994-10-11,2-HIGH,181988.84,Customer#000000017,AUTOMOBILE,6.34,BRAZIL,AMERICA,"Nation: UNITED STATES
Return a single YES or NO, with no other words. If uncertain, return YES.",True
450,sky lace green pale lime,MEDIUM BURNISHED TIN,SM CASE,20198,TRUCK,TAKE BACK RETURN,13.00,17555.85,0.02,1995-06-11,4-NOT SPECIFIED,144541.14,Customer#000000478,BUILDING,-210.40,ARGENTINA,AMERICA,"Nation: ALGERIA
Return a single YES or NO, with no other words. If uncertain, return YES.",True
450,sky lace green pale lime,MEDIUM BURNISHED TIN,SM CASE,20198,TRUCK,TAKE BACK RETURN,13.00,17555.85,0.02,1995-06-11,4-NOT SPECIFIED,144541.14,Customer#000000478,BUILDING,-210.40,ARGENTINA,AMERICA,"Nation: ARGENTINA
Return a single YES or NO, with no other words. If uncertain, return YES.",True
450,sky lace green pale lime,MEDIUM BURNISHED TIN,SM CASE,20198,TRUCK,TAKE BACK RETURN,13.00,17555.85,0.02,1995-06-11,4-NOT SPECIFIED,144541.14,Customer#000000478,BUILDING,-210.40,ARGENTINA,AMERICA,"Nation: BRAZIL
Return a single YES or NO, with no other words. If uncertain, return YES.",True
450,sky lace green pale lime,MEDIUM BURNISHED TIN,SM CASE,20198,TRUCK,TAKE BACK RETURN,13.00,17555.85,0.02,1995-06-11,4-NOT SPECIFIED,144541.14,Customer#000000478,BUILDING,-210.40,ARGENTINA,AMERICA,"Nation: CANADA
Return a single YES or NO, with no other words. If uncertain, return YES.",True
450,sky lace green pale lime,MEDIUM BURNISHED TIN,SM CASE,20198,TRUCK,TAKE BACK RETURN,13.00,17555.85,0.02,1995-06-11,4-NOT SPECIFIED,144541.14,Customer#000000478,BUILDING,-210.40,ARGENTINA,AMERICA,"Nation: EGYPT
Return a single YES or NO, with no other words. If uncertain, return YES.",True
450,sky lace green pale lime,MEDIUM BURNISHED TIN,SM CASE,20198,TRUCK,TAKE BACK RETURN,13.00,17555.85,0.02,1995-06-11,4-NOT SPECIFIED,144541.14,Customer#000000478,BUILDING,-210.40,ARGENTINA,AMERICA,"Nation: ETHIOPIA
Return a single YES or NO, with no other words. If uncertain, return YES.",True
450,sky lace green pale lime,MEDIUM BURNISHED TIN,SM CASE,20198,TRUCK,TAKE BACK RETURN,13.00,17555.85,0.02,1995-06-11,4-NOT SPECIFIED,144541.14,Customer#000000478,BUILDING,-210.40,ARGENTINA,AMERICA,"Nation: FRANCE
Return a single YES or NO, with no other words. If uncertain, return YES.",True
450,sky lace green pale lime,MEDIUM BURNISHED TIN,SM CASE,20198,TRUCK,TAKE BACK RETURN,13.00,17555.85,0.02,1995-06-11,4-NOT SPECIFIED,144541.14,Customer#000000478,BUILDING,-210.40,ARGENTINA,AMERICA,"Nation: GERMANY
Return a single YES or NO, with no other words. If uncertain, return YES.",True
450,sky lace green pale lime,MEDIUM BURNISHED TIN,SM CASE,20198,TRUCK,TAKE BACK RETURN,13.00,17555.85,0.02,1995-06-11,4-NOT SPECIFIED,144541.14,Customer#000000478,BUILDING,-210.40,ARGENTINA,AMERICA,"Nation: INDIA
Return a single YES or NO, with no other words. If uncertain, return YES.",True
450,sky lace green pale lime,MEDIUM BURNISHED TIN,SM CASE,20198,TRUCK,TAKE BACK RETURN,13.00,17555.85,0.02,1995-06-11,4-NOT SPECIFIED,144541.14,Customer#000000478,BUILDING,-210.40,ARGENTINA,AMERICA,"Nation: INDONESIA
Return a single YES or NO, with no other words. If uncertain, return YES.",True
450,sky lace green pale lime,MEDIUM BURNISHED TIN,SM CASE,20198,TRUCK,TAKE BACK RETURN,13.00,17555.85,0.02,1995-06-11,4-NOT SPECIFIED,144541.14,Customer#000000478,BUILDING,-210.40,ARGENTINA,AMERICA,"Nation: IRAN
Return a single YES or NO, with no other words. If uncertain, return YES.",True
450,sky lace green pale lime,MEDIUM BURNISHED TIN,SM CASE,20198,TRUCK,TAKE BACK RETURN,13.00,17555.85,0.02,1995-06-11,4-NOT SPECIFIED,144541.14,Customer#000000478,BUILDING,-210.40,ARGENTINA,AMERICA,"Nation: IRAQ
Return a single YES or NO, with no other words. If uncertain, return YES.",True
450,sky lace green pale lime,MEDIUM BURNISHED TIN,SM CASE,20198,TRUCK,TAKE BACK RETURN,13.00,17555.85,0.02,1995-06-11,4-NOT SPECIFIED,144541.14,Customer#000000478,BUILDING,-210.40,ARGENTINA,AMERICA,"Nation: JAPAN
Return a single YES or NO, with no other words. If uncertain, return YES.",True
450,sky lace green pale lime,MEDIUM BURNISHED TIN,SM CASE,20198,TRUCK,TAKE BACK RETURN,13.00,17555.85,0.02,1995-06-11,4-NOT SPECIFIED,144541.14,Customer#000000478,BUILDING,-210.40,ARGENTINA,AMERICA,"Nation: JORDAN
Return a single YES or NO, with no other words. If uncertain, return YES.",True
450,sky lace green pale lime,MEDIUM BURNISHED TIN,SM CASE,20198,TRUCK,TAKE BACK RETURN,13.00,17555.85,0.02,1995-06-11,4-NOT SPECIFIED,144541.14,Customer#000000478,BUILDING,-210.40,ARGENTINA,AMERICA,"Nation: KENYA
Return a single YES or NO, with no other words. If uncertain, return YES.",True
450,sky lace green pale lime,MEDIUM BURNISHED TIN,SM CASE,20198,TRUCK,TAKE BACK RETURN,13.00,17555.85,0.02,1995-06-11,4-NOT SPECIFIED,144541.14,Customer#000000478,BUILDING,-210.40,ARGENTINA,AMERICA,"Nation: MOROCCO
Return a single YES or NO, with no other words. If uncertain, return YES.",True
450,sky lace green pale lime,MEDIUM BURNISHED TIN,SM CASE,20198,TRUCK,TAKE BACK RETURN,13.00,17555.85,0.02,1995-06-11,4-NOT SPECIFIED,144541.14,Customer#000000478,BUILDING,-210.40,ARGENTINA,AMERICA,"Nation: MOZAMBIQUE
Return a single YES or NO, with no other words. If uncertain, return YES.",True
450,sky lace green pale lime,MEDIUM BURNISHED TIN,SM CASE,20198,TRUCK,TAKE BACK RETURN,13.00,17555.85,0.02,1995-06-11,4-NOT SPECIFIED,144541.14,Customer#000000478,BUILDING,-210.40,ARGENTINA,AMERICA,"Nation: PERU
Return a single YES or NO, with no other words. If uncertain, return YES.",True
450,sky lace green pale lime,MEDIUM BURNISHED TIN,SM CASE,20198,TRUCK,TAKE BACK RETURN,13.00,17555.85,0.02,1995-06-11,4-NOT SPECIFIED,144541.14,Customer#000000478,BUILDING,-210.40,ARGENTINA,AMERICA,"Nation: CHINA
Return a single YES or NO, with no other words. If uncertain, return YES.",True
450,sky lace green pale lime,MEDIUM BURNISHED TIN,SM CASE,20198,TRUCK,TAKE BACK RETURN,13.00,17555.85,0.02,1995-06-11,4-NOT SPECIFIED,144541.14,Customer#000000478,BUILDING,-210.40,ARGENTINA,AMERICA,"Nation: ROMANIA
Return a single YES or NO, with no other words. If uncertain, return YES.",True
450,sky lace green pale lime,MEDIUM BURNISHED TIN,SM CASE,20198,TRUCK,TAKE BACK RETURN,13.00,17555.85,0.02,1995-06-11,4-NOT SPECIFIED,144541.14,Customer#000000478,BUILDING,-210.40,ARGENTINA,AMERICA,"Nation: SAUDI ARABIA
Return a single YES or NO, with no other words. If uncertain, return YES.",True
450,sky lace green pale lime,MEDIUM BURNISHED TIN,SM CASE,20198,TRUCK,TAKE BACK RETURN,13.00,17555.85,0.02,1995-06-11,4-NOT SPECIFIED,144541.14,Customer#000000478,BUILDING,-210.40,ARGENTINA,AMERICA,"Nation: VIETNAM
Return a single YES or NO, with no other words. If uncertain, return YES.",True
450,sky lace green pale lime,MEDIUM BURNISHED TIN,SM CASE,20198,TRUCK,TAKE BACK RETURN,13.00,17555.85,0.02,1995-06-11,4-NOT SPECIFIED,144541.14,Customer#000000478,BUILDING,-210.40,ARGENTINA,AMERICA,"Nation: RUSSIA
Return a single YES or NO, with no other words. If uncertain, return YES.",True
450,sky lace green pale lime,MEDIUM BURNISHED TIN,SM CASE,20198,TRUCK,TAKE BACK RETURN,13.00,17555.85,0.02,1995-06-11,4-NOT SPECIFIED,144541.14,Customer#000000478,BUILDING,-210.40,ARGENTINA,AMERICA,"Nation: UNITED KINGDOM
Return a single YES or NO, with no other words. If uncertain, return YES.",True
450,sky lace green pale lime,MEDIUM BURNISHED TIN,SM CASE,20198,TRUCK,TAKE BACK RETURN,13.00,17555.85,0.02,1995-06-11,4-NOT SPECIFIED,144541.14,Customer#000000478,BUILDING,-210.40,ARGENTINA,AMERICA,"Nation: UNITED STATES
Return a single YES or NO, with no other words. If uncertain, return YES.",True
826,ghost rosy beige salmon lemon,ECONOMY PLATED TIN,SM CASE,24674,MAIL,DELIVER IN PERSON,14.00,24175.48,0.06,1996-05-15,2-HIGH,148334.99,Customer#000000046,AUTOMOBILE,5744.59,FRANCE,EUROPE,"Nation: ALGERIA
Return a single YES or NO, with no other words. If uncertain, return YES.",True
826,ghost rosy beige salmon lemon,ECONOMY PLATED TIN,SM CASE,24674,MAIL,DELIVER IN PERSON,14.00,24175.48,0.06,1996-05-15,2-HIGH,148334.99,Customer#000000046,AUTOMOBILE,5744.59,FRANCE,EUROPE,"Nation: ARGENTINA
Return a single YES or NO, with no other words. If uncertain, return YES.",True
826,ghost rosy beige salmon lemon,ECONOMY PLATED TIN,SM CASE,24674,MAIL,DELIVER IN PERSON,14.00,24175.48,0.06,1996-05-15,2-HIGH,148334.99,Customer#000000046,AUTOMOBILE,5744.59,FRANCE,EUROPE,"Nation: BRAZIL
Return a single YES or NO, with no other words. If uncertain, return YES.",True
826,ghost rosy beige salmon lemon,ECONOMY PLATED TIN,SM CASE,24674,MAIL,DELIVER IN PERSON,14.00,24175.48,0.06,1996-05-15,2-HIGH,148334.99,Customer#000000046,AUTOMOBILE,5744.59,FRANCE,EUROPE,"Nation: CANADA
Return a single YES or NO, with no other words. If uncertain, return YES.",True
826,ghost rosy beige salmon lemon,ECONOMY PLATED TIN,SM CASE,24674,MAIL,DELIVER IN PERSON,14.00,24175.48,0.06,1996-05-15,2-HIGH,148334.99,Customer#000000046,AUTOMOBILE,5744.59,FRANCE,EUROPE,"Nation: EGYPT
Return a single YES or NO, with no other words. If uncertain, return YES.",True
826,ghost rosy beige salmon lemon,ECONOMY PLATED TIN,SM CASE,24674,MAIL,DELIVER IN PERSON,14.00,24175.48,0.06,1996-05-15,2-HIGH,148334.99,Customer#000000046,AUTOMOBILE,5744.59,FRANCE,EUROPE,"Nation: ETHIOPIA
Return a single YES or NO, with no other words. If uncertain, return YES.",True
826,ghost rosy beige salmon lemon,ECONOMY PLATED TIN,SM CASE,24674,MAIL,DELIVER IN PERSON,14.00,24175.48,0.06,1996-05-15,2-HIGH,148334.99,Customer#000000046,AUTOMOBILE,5744.59,FRANCE,EUROPE,"Nation: FRANCE
Return a single YES or NO, with no other words. If uncertain, return YES.",True
826,ghost rosy beige salmon lemon,ECONOMY PLATED TIN,SM CASE,24674,MAIL,DELIVER IN PERSON,14.00,24175.48,0.06,1996-05-15,2-HIGH,148334.99,Customer#000000046,AUTOMOBILE,5744.59,FRANCE,EUROPE,"Nation: GERMANY
Return a single YES or NO, with no other words. If uncertain, return YES.",True
826,ghost rosy beige salmon lemon,ECONOMY PLATED TIN,SM CASE,24674,MAIL,DELIVER IN PERSON,14.00,24175.48,0.06,1996-05-15,2-HIGH,148334.99,Customer#000000046,AUTOMOBILE,5744.59,FRANCE,EUROPE,"Nation: INDIA
Return a single YES or NO, with no other words. If uncertain, return YES.",True
826,ghost rosy beige salmon lemon,ECONOMY PLATED TIN,SM CASE,24674,MAIL,DELIVER IN PERSON,14.00,24175.48,0.06,1996-05-15,2-HIGH,148334.99,Customer#000000046,AUTOMOBILE,5744.59,FRANCE,EUROPE,"Nation: INDONESIA
Return a single YES or NO, with no other words. If uncertain, return YES.",True
826,ghost rosy beige salmon lemon,ECONOMY PLATED TIN,SM CASE,24674,MAIL,DELIVER IN PERSON,14.00,24175.48,0.06,1996-05-15,2-HIGH,148334.99,Customer#000000046,AUTOMOBILE,5744.59,FRANCE,EUROPE,"Nation: IRAN
Return a single YES or NO, with no other words. If uncertain, return YES.",True
826,ghost rosy beige salmon lemon,ECONOMY PLATED TIN,SM CASE,24674,MAIL,DELIVER IN PERSON,14.00,24175.48,0.06,1996-05-15,2-HIGH,148334.99,Customer#000000046,AUTOMOBILE,5744.59,FRANCE,EUROPE,"Nation: IRAQ
Return a single YES or NO, with no other words. If uncertain, return YES.",True
826,ghost rosy beige salmon lemon,ECONOMY PLATED TIN,SM CASE,24674,MAIL,DELIVER IN PERSON,14.00,24175.48,0.06,1996-05-15,2-HIGH,148334.99,Customer#000000046,AUTOMOBILE,5744.59,FRANCE,EUROPE,"Nation: JAPAN
Return a single YES or NO, with no other words. If uncertain, return YES.",True
826,ghost rosy beige salmon lemon,ECONOMY PLATED TIN,SM CASE,24674,MAIL,DELIVER IN PERSON,14.00,24175.48,0.06,1996-05-15,2-HIGH,148334.99,Customer#000000046,AUTOMOBILE,5744.59,FRANCE,EUROPE,"Nation: JORDAN
Return a single YES or NO, with no other words. If uncertain, return YES.",True
826,ghost rosy beige salmon lemon,ECONOMY PLATED TIN,SM CASE,24674,MAIL,DELIVER IN PERSON,14.00,24175.48,0.06,1996-05-15,2-HIGH,148334.99,Customer#000000046,AUTOMOBILE,5744.59,FRANCE,EUROPE,"Nation: KENYA
Return a single YES or NO, with no other words. If uncertain, return YES.",True
826,ghost rosy beige salmon lemon,ECONOMY PLATED TIN,SM CASE,24674,MAIL,DELIVER IN PERSON,14.00,24175.48,0.06,1996-05-15,2-HIGH,148334.99,Customer#000000046,AUTOMOBILE,5744.59,FRANCE,EUROPE,"Nation: MOROCCO
Return a single YES or NO, with no other words. If uncertain, return YES.",True
826,ghost rosy beige salmon lemon,ECONOMY PLATED TIN,SM CASE,24674,MAIL,DELIVER IN PERSON,14.00,24175.48,0.06,1996-05-15,2-HIGH,148334.99,Customer#000000046,AUTOMOBILE,5744.59,FRANCE,EUROPE,"Nation: MOZAMBIQUE
Return a single YES or NO, with no other words. If uncertain, return YES.",True
826,ghost rosy beige salmon lemon,ECONOMY PLATED TIN,SM CASE,24674,MAIL,DELIVER IN PERSON,14.00,24175.48,0.06,1996-05-15,2-HIGH,148334.99,Customer#000000046,AUTOMOBILE,5744.59,FRANCE,EUROPE,"Nation: PERU
Return a single YES or NO, with no other words. If uncertain, return YES.",True
826,ghost rosy beige salmon lemon,ECONOMY PLATED TIN,SM CASE,24674,MAIL,DELIVER IN PERSON,14.00,24175.48,0.06,1996-05-15,2-HIGH,148334.99,Customer#000000046,AUTOMOBILE,5744.59,FRANCE,EUROPE,"Nation: CHINA
Return a single YES or NO, with no other words. If uncertain, return YES.",True
826,ghost rosy beige salmon lemon,ECONOMY PLATED TIN,SM CASE,24674,MAIL,DELIVER IN PERSON,14.00,24175.48,0.06,1996-05-15,2-HIGH,148334.99,Customer#000000046,AUTOMOBILE,5744.59,FRANCE,EUROPE,"Nation: ROMANIA
Return a single YES or NO, with no other words. If uncertain, return YES.",True
826,ghost rosy beige salmon lemon,ECONOMY PLATED TIN,SM CASE,24674,MAIL,DELIVER IN PERSON,14.00,24175.48,0.06,1996-05-15,2-HIGH,148334.99,Customer#000000046,AUTOMOBILE,5744.59,FRANCE,EUROPE,"Nation: SAUDI ARABIA
Return a single YES or NO, with no other words. If uncertain, return YES.",True
826,ghost rosy beige salmon lemon,ECONOMY PLATED TIN,SM CASE,24674,MAIL,DELIVER IN PERSON,14.00,24175.48,0.06,1996-05-15,2-HIGH,148334.99,Customer#000000046,AUTOMOBILE,5744.59,FRANCE,EUROPE,"Nation: VIETNAM
Return a single YES or NO, with no other words. If uncertain, return YES.",True
826,ghost rosy beige salmon lemon,ECONOMY PLATED TIN,SM CASE,24674,MAIL,DELIVER IN PERSON,14.00,24175.48,0.06,1996-05-15,2-HIGH,148334.99,Customer#000000046,AUTOMOBILE,5744.59,FRANCE,EUROPE,"Nation: RUSSIA
Return a single YES or NO, with no other words. If uncertain, return YES.",True
826,ghost rosy beige salmon lemon,ECONOMY PLATED TIN,SM CASE,24674,MAIL,DELIVER IN PERSON,14.00,24175.48,0.06,1996-05-15,2-HIGH,148334.99,Customer#000000046,AUTOMOBILE,5744.59,FRANCE,EUROPE,"Nation: UNITED KINGDOM
Return a single YES or NO, with no other words. If uncertain, return YES.",True
826,ghost rosy beige salmon lemon,ECONOMY PLATED TIN,SM CASE,24674,MAIL,DELIVER IN PERSON,14.00,24175.48,0.06,1996-05-15,2-HIGH,148334.99,Customer#000000046,AUTOMOBILE,5744.59,FRANCE,EUROPE,"Nation: UNITED STATES
Return a single YES or NO, with no other words. If uncertain, return YES.",True
932,cornflower sky powder cyan linen,SMALL ANODIZED COPPER,LG BOX,25568,MAIL,TAKE BACK RETURN,26.00,47656.18,0.08,1996-10-31,1-URGENT,171287.92,Customer#000000514,BUILDING,5840.97,UNITED KINGDOM,EUROPE,"Nation: ALGERIA
Return a single YES or NO, with no other words. If uncertain, return YES.",True
932,cornflower sky powder cyan linen,SMALL ANODIZED COPPER,LG BOX,25568,MAIL,TAKE BACK RETURN,26.00,47656.18,0.08,1996-10-31,1-URGENT,171287.92,Customer#000000514,BUILDING,5840.97,UNITED KINGDOM,EUROPE,"Nation: ARGENTINA
Return a single YES or NO, with no other words. If uncertain, return YES.",True
932,cornflower sky powder cyan linen,SMALL ANODIZED COPPER,LG BOX,25568,MAIL,TAKE BACK RETURN,26.00,47656.18,0.08,1996-10-31,1-URGENT,171287.92,Customer#000000514,BUILDING,5840.97,UNITED KINGDOM,EUROPE,"Nation: BRAZIL
Return a single YES or NO, with no other words. If uncertain, return YES.",True
932,cornflower sky powder cyan linen,SMALL ANODIZED COPPER,LG BOX,25568,MAIL,TAKE BACK RETURN,26.00,47656.18,0.08,1996-10-31,1-URGENT,171287.92,Customer#000000514,BUILDING,5840.97,UNITED KINGDOM,EUROPE,"Nation: CANADA
Return a single YES or NO, with no other words. If uncertain, return YES.",True
932,cornflower sky powder cyan linen,SMALL ANODIZED COPPER,LG BOX,25568,MAIL,TAKE BACK RETURN,26.00,47656.18,0.08,1996-10-31,1-URGENT,171287.92,Customer#000000514,BUILDING,5840.97,UNITED KINGDOM,EUROPE,"Nation: EGYPT
Return a single YES or NO, with no other words. If uncertain, return YES.",True
932,cornflower sky powder cyan linen,SMALL ANODIZED COPPER,LG BOX,25568,MAIL,TAKE BACK RETURN,26.00,47656.18,0.08,1996-10-31,1-URGENT,171287.92,Customer#000000514,BUILDING,5840.97,UNITED KINGDOM,EUROPE,"Nation: ETHIOPIA
Return a single YES or NO, with no other words. If uncertain, return YES.",True
932,cornflower sky powder cyan linen,SMALL ANODIZED COPPER,LG BOX,25568,MAIL,TAKE BACK RETURN,26.00,47656.18,0.08,1996-10-31,1-URGENT,171287.92,Customer#000000514,BUILDING,5840.97,UNITED KINGDOM,EUROPE,"Nation: FRANCE
Return a single YES or NO, with no other words. If uncertain, return YES.",True
932,cornflower sky powder cyan linen,SMALL ANODIZED COPPER,LG BOX,25568,MAIL,TAKE BACK RETURN,26.00,47656.18,0.08,1996-10-31,1-URGENT,171287.92,Customer#000000514,BUILDING,5840.97,UNITED KINGDOM,EUROPE,"Nation: GERMANY
Return a single YES or NO, with no other words. If uncertain, return YES.",True
932,cornflower sky powder cyan linen,SMALL ANODIZED COPPER,LG BOX,25568,MAIL,TAKE BACK RETURN,26.00,47656.18,0.08,1996-10-31,1-URGENT,171287.92,Customer#000000514,BUILDING,5840.97,UNITED KINGDOM,EUROPE,"Nation: INDIA
Return a single YES or NO, with no other words. If uncertain, return YES.",True
932,cornflower sky powder cyan linen,SMALL ANODIZED COPPER,LG BOX,25568,MAIL,TAKE BACK RETURN,26.00,47656.18,0.08,1996-10-31,1-URGENT,171287.92,Customer#000000514,BUILDING,5840.97,UNITED KINGDOM,EUROPE,"Nation: INDONESIA
Return a single YES or NO, with no other words. If uncertain, return YES.",True
932,cornflower sky powder cyan linen,SMALL ANODIZED COPPER,LG BOX,25568,MAIL,TAKE BACK RETURN,26.00,47656.18,0.08,1996-10-31,1-URGENT,171287.92,Customer#000000514,BUILDING,5840.97,UNITED KINGDOM,EUROPE,"Nation: IRAN
Return a single YES or NO, with no other words. If uncertain, return YES.",True
932,cornflower sky powder cyan linen,SMALL ANODIZED COPPER,LG BOX,25568,MAIL,TAKE BACK RETURN,26.00,47656.18,0.08,1996-10-31,1-URGENT,171287.92,Customer#000000514,BUILDING,5840.97,UNITED KINGDOM,EUROPE,"Nation: IRAQ
Return a single YES or NO, with no other words. If uncertain, return YES.",True
932,cornflower sky powder cyan linen,SMALL ANODIZED COPPER,LG BOX,25568,MAIL,TAKE BACK RETURN,26.00,47656.18,0.08,1996-10-31,1-URGENT,171287.92,Customer#000000514,BUILDING,5840.97,UNITED KINGDOM,EUROPE,"Nation: JAPAN
Return a single YES or NO, with no other words. If uncertain, return YES.",True
932,cornflower sky powder cyan linen,SMALL ANODIZED COPPER,LG BOX,25568,MAIL,TAKE BACK RETURN,26.00,47656.18,0.08,1996-10-31,1-URGENT,171287.92,Customer#000000514,BUILDING,5840.97,UNITED KINGDOM,EUROPE,"Nation: JORDAN
Return a single YES or NO, with no other words. If uncertain, return YES.",True
932,cornflower sky powder cyan linen,SMALL ANODIZED COPPER,LG BOX,25568,MAIL,TAKE BACK RETURN,26.00,47656.18,0.08,1996-10-31,1-URGENT,171287.92,Customer#000000514,BUILDING,5840.97,UNITED KINGDOM,EUROPE,"Nation: KENYA
Return a single YES or NO, with no other words. If uncertain, return YES.",True
932,cornflower sky powder cyan linen,SMALL ANODIZED COPPER,LG BOX,25568,MAIL,TAKE BACK RETURN,26.00,47656.18,0.08,1996-10-31,1-URGENT,171287.92,Customer#000000514,BUILDING,5840.97,UNITED KINGDOM,EUROPE,"Nation: MOROCCO
Return a single YES or NO, with no other words. If uncertain, return YES.",True
932,cornflower sky powder cyan linen,SMALL ANODIZED COPPER,LG BOX,25568,MAIL,TAKE BACK RETURN,26.00,47656.18,0.08,1996-10-31,1-URGENT,171287.92,Customer#000000514,BUILDING,5840.97,UNITED KINGDOM,EUROPE,"Nation: MOZAMBIQUE
Return a single YES or NO, with no other words. If uncertain, return YES.",True
932,cornflower sky powder cyan linen,SMALL ANODIZED COPPER,LG BOX,25568,MAIL,TAKE BACK RETURN,26.00,47656.18,0.08,1996-10-31,1-URGENT,171287.92,Customer#000000514,BUILDING,5840.97,UNITED KINGDOM,EUROPE,"Nation: PERU
Return a single YES or NO, with no other words. If uncertain, return YES.",True
932,cornflower sky powder cyan linen,SMALL ANODIZED COPPER,LG BOX,25568,MAIL,TAKE BACK RETURN,26.00,47656.18,0.08,1996-10-31,1-URGENT,171287.92,Customer#000000514,BUILDING,5840.97,UNITED KINGDOM,EUROPE,"Nation: CHINA
Return a single YES or NO, with no other words. If uncertain, return YES.",True
932,cornflower sky powder cyan linen,SMALL ANODIZED COPPER,LG BOX,25568,MAIL,TAKE BACK RETURN,26.00,47656.18,0.08,1996-10-31,1-URGENT,171287.92,Customer#000000514,BUILDING,5840.97,UNITED KINGDOM,EUROPE,"Nation: ROMANIA
Return a single YES or NO, with no other words. If uncertain, return YES.",True
932,cornflower sky powder cyan linen,SMALL ANODIZED COPPER,LG BOX,25568,MAIL,TAKE BACK RETURN,26.00,47656.18,0.08,1996-10-31,1-URGENT,171287.92,Customer#000000514,BUILDING,5840.97,UNITED KINGDOM,EUROPE,"Nation: SAUDI ARABIA
Return a single YES or NO, with no other words. If uncertain, return YES.",True
932,cornflower sky powder cyan linen,SMALL ANODIZED COPPER,LG BOX,25568,MAIL,TAKE BACK RETURN,26.00,47656.18,0.08,1996-10-31,1-URGENT,171287.92,Customer#000000514,BUILDING,5840.97,UNITED KINGDOM,EUROPE,"Nation: VIETNAM
Return a single YES or NO, with no other words. If uncertain, return YES.",True
932,cornflower sky powder cyan linen,SMALL ANODIZED COPPER,LG BOX,25568,MAIL,TAKE BACK RETURN,26.00,47656.18,0.08,1996-10-31,1-URGENT,171287.92,Customer#000000514,BUILDING,5840.97,UNITED KINGDOM,EUROPE,"Nation: RUSSIA
Return a single YES or NO, with no other words. If uncertain, return YES.",True
932,cornflower sky powder cyan linen,SMALL ANODIZED COPPER,LG BOX,25568,MAIL,TAKE BACK RETURN,26.00,47656.18,0.08,1996-10-31,1-URGENT,171287.92,Customer#000000514,BUILDING,5840.97,UNITED KINGDOM,EUROPE,"Nation: UNITED KINGDOM
Return a single YES or NO, with no other words. If uncertain, return YES.",True
932,cornflower sky powder cyan linen,SMALL ANODIZED COPPER,LG BOX,25568,MAIL,TAKE BACK RETURN,26.00,47656.18,0.08,1996-10-31,1-URGENT,171287.92,Customer#000000514,BUILDING,5840.97,UNITED KINGDOM,EUROPE,"Nation: UNITED STATES
Return a single YES or NO, with no other words. If uncertain, return YES.",True
371,maroon dark beige forest drab,ECONOMY ANODIZED COPPER,MED BAG,27430,TRUCK,TAKE BACK RETURN,16.00,20341.92,0.00,1995-02-01,2-HIGH,84687.09,Customer#000000316,MACHINERY,4571.78,INDIA,ASIA,"Nation: ALGERIA
Return a single YES or NO, with no other words. If uncertain, return YES.",True
371,maroon dark beige forest drab,ECONOMY ANODIZED COPPER,MED BAG,27430,TRUCK,TAKE BACK RETURN,16.00,20341.92,0.00,1995-02-01,2-HIGH,84687.09,Customer#000000316,MACHINERY,4571.78,INDIA,ASIA,"Nation: ARGENTINA
Return a single YES or NO, with no other words. If uncertain, return YES.",True
371,maroon dark beige forest drab,ECONOMY ANODIZED COPPER,MED BAG,27430,TRUCK,TAKE BACK RETURN,16.00,20341.92,0.00,1995-02-01,2-HIGH,84687.09,Customer#000000316,MACHINERY,4571.78,INDIA,ASIA,"Nation: BRAZIL
Return a single YES or NO, with no other words. If uncertain, return YES.",True
371,maroon dark beige forest drab,ECONOMY ANODIZED COPPER,MED BAG,27430,TRUCK,TAKE BACK RETURN,16.00,20341.92,0.00,1995-02-01,2-HIGH,84687.09,Customer#000000316,MACHINERY,4571.78,INDIA,ASIA,"Nation: CANADA
Return a single YES or NO, with no other words. If uncertain, return YES.",True
371,maroon dark beige forest drab,ECONOMY ANODIZED COPPER,MED BAG,27430,TRUCK,TAKE BACK RETURN,16.00,20341.92,0.00,1995-02-01,2-HIGH,84687.09,Customer#000000316,MACHINERY,4571.78,INDIA,ASIA,"Nation: EGYPT
Return a single YES or NO, with no other words. If uncertain, return YES.",True
371,maroon dark beige forest drab,ECONOMY ANODIZED COPPER,MED BAG,27430,TRUCK,TAKE BACK RETURN,16.00,20341.92,0.00,1995-02-01,2-HIGH,84687.09,Customer#000000316,MACHINERY,4571.78,INDIA,ASIA,"Nation: ETHIOPIA
Return a single YES or NO, with no other words. If uncertain, return YES.",True
371,maroon dark beige forest drab,ECONOMY ANODIZED COPPER,MED BAG,27430,TRUCK,TAKE BACK RETURN,16.00,20341.92,0.00,1995-02-01,2-HIGH,84687.09,Customer#000000316,MACHINERY,4571.78,INDIA,ASIA,"Nation: FRANCE
Return a single YES or NO, with no other words. If uncertain, return YES.",True
371,maroon dark beige forest drab,ECONOMY ANODIZED COPPER,MED BAG,27430,TRUCK,TAKE BACK RETURN,16.00,20341.92,0.00,1995-02-01,2-HIGH,84687.09,Customer#000000316,MACHINERY,4571.78,INDIA,ASIA,"Nation: GERMANY
Return a single YES or NO, with no other words. If uncertain, return YES.",True
371,maroon dark beige forest drab,ECONOMY ANODIZED COPPER,MED BAG,27430,TRUCK,TAKE BACK RETURN,16.00,20341.92,0.00,1995-02-01,2-HIGH,84687.09,Customer#000000316,MACHINERY,4571.78,INDIA,ASIA,"Nation: INDIA
Return a single YES or NO, with no other words. If uncertain, return YES.",True
371,maroon dark beige forest drab,ECONOMY ANODIZED COPPER,MED BAG,27430,TRUCK,TAKE BACK RETURN,16.00,20341.92,0.00,1995-02-01,2-HIGH,84687.09,Customer#000000316,MACHINERY,4571.78,INDIA,ASIA,"Nation: INDONESIA
Return a single YES or NO, with no other words. If uncertain, return YES.",True
371,maroon dark beige forest drab,ECONOMY ANODIZED COPPER,MED BAG,27430,TRUCK,TAKE BACK RETURN,16.00,20341.92,0.00,1995-02-01,2-HIGH,84687.09,Customer#000000316,MACHINERY,4571.78,INDIA,ASIA,"Nation: IRAN
Return a single YES or NO, with no other words. If uncertain, return YES.",True
371,maroon dark beige forest drab,ECONOMY ANODIZED COPPER,MED BAG,27430,TRUCK,TAKE BACK RETURN,16.00,20341.92,0.00,1995-02-01,2-HIGH,84687.09,Customer#000000316,MACHINERY,4571.78,INDIA,ASIA,"Nation: IRAQ
Return a single YES or NO, with no other words. If uncertain, return YES.",True
371,maroon dark beige forest drab,ECONOMY ANODIZED COPPER,MED BAG,27430,TRUCK,TAKE BACK RETURN,16.00,20341.92,0.00,1995-02-01,2-HIGH,84687.09,Customer#000000316,MACHINERY,4571.78,INDIA,ASIA,"Nation: JAPAN
Return a single YES or NO, with no other words. If uncertain, return YES.",True
371,maroon dark beige forest drab,ECONOMY ANODIZED COPPER,MED BAG,27430,TRUCK,TAKE BACK RETURN,16.00,20341.92,0.00,1995-02-01,2-HIGH,84687.09,Customer#000000316,MACHINERY,4571.78,INDIA,ASIA,"Nation: JORDAN
Return a single YES or NO, with no other words. If uncertain, return YES.",True
371,maroon dark beige forest drab,ECONOMY ANODIZED COPPER,MED BAG,27430,TRUCK,TAKE BACK RETURN,16.00,20341.92,0.00,1995-02-01,2-HIGH,84687.09,Customer#000000316,MACHINERY,4571.78,INDIA,ASIA,"Nation: KENYA
Return a single YES or NO, with no other words. If uncertain, return YES.",True
371,maroon dark beige forest drab,ECONOMY ANODIZED COPPER,MED BAG,27430,TRUCK,TAKE BACK RETURN,16.00,20341.92,0.00,1995-02-01,2-HIGH,84687.09,Customer#000000316,MACHINERY,4571.78,INDIA,ASIA,"Nation: MOROCCO
Return a single YES or NO, with no other words. If uncertain, return YES.",True
371,maroon dark beige forest drab,ECONOMY ANODIZED COPPER,MED BAG,27430,TRUCK,TAKE BACK RETURN,16.00,20341.92,0.00,1995-02-01,2-HIGH,84687.09,Customer#000000316,MACHINERY,4571.78,INDIA,ASIA,"Nation: MOZAMBIQUE
Return a single YES or NO, with no other words. If uncertain, return YES.",True
371,maroon dark beige forest drab,ECONOMY ANODIZED COPPER,MED BAG,27430,TRUCK,TAKE BACK RETURN,16.00,20341.92,0.00,1995-02-01,2-HIGH,84687.09,Customer#000000316,MACHINERY,4571.78,INDIA,ASIA,"Nation: PERU
Return a single YES or NO, with no other words. If uncertain, return YES.",True
371,maroon dark beige forest drab,ECONOMY ANODIZED COPPER,MED BAG,27430,TRUCK,TAKE BACK RETURN,16.00,20341.92,0.00,1995-02-01,2-HIGH,84687.09,Customer#000000316,MACHINERY,4571.78,INDIA,ASIA,"Nation: CHINA
Return a single YES or NO, with no other words. If uncertain, return YES.",True
371,maroon dark beige forest drab,ECONOMY ANODIZED COPPER,MED BAG,27430,TRUCK,TAKE BACK RETURN,16.00,20341.92,0.00,1995-02-01,2-HIGH,84687.09,Customer#000000316,MACHINERY,4571.78,INDIA,ASIA,"Nation: ROMANIA
Return a single YES or NO, with no other words. If uncertain, return YES.",True
371,maroon dark beige forest drab,ECONOMY ANODIZED COPPER,MED BAG,27430,TRUCK,TAKE BACK RETURN,16.00,20341.92,0.00,1995-02-01,2-HIGH,84687.09,Customer#000000316,MACHINERY,4571.78,INDIA,ASIA,"Nation: SAUDI ARABIA
Return a single YES or NO, with no other words. If uncertain, return YES.",True
371,maroon dark beige forest drab,ECONOMY ANODIZED COPPER,MED BAG,27430,TRUCK,TAKE BACK RETURN,16.00,20341.92,0.00,1995-02-01,2-HIGH,84687.09,Customer#000000316,MACHINERY,4571.78,INDIA,ASIA,"Nation: VIETNAM
Return a single YES or NO, with no other words. If uncertain, return YES.",True
371,maroon dark beige forest drab,ECONOMY ANODIZED COPPER,MED BAG,27430,TRUCK,TAKE BACK RETURN,16.00,20341.92,0.00,1995-02-01,2-HIGH,84687.09,Customer#000000316,MACHINERY,4571.78,INDIA,ASIA,"Nation: RUSSIA
Return a single YES or NO, with no other words. If uncertain, return YES.",True
371,maroon dark beige forest drab,ECONOMY ANODIZED COPPER,MED BAG,27430,TRUCK,TAKE BACK RETURN,16.00,20341.92,0.00,1995-02-01,2-HIGH,84687.09,Customer#000000316,MACHINERY,4571.78,INDIA,ASIA,"Nation: UNITED KINGDOM
Return a single YES or NO, with no other words. If uncertain, return YES.",True
371,maroon dark beige forest drab,ECONOMY ANODIZED COPPER,MED BAG,27430,TRUCK,TAKE BACK RETURN,16.00,20341.92,0.00,1995-02-01,2-HIGH,84687.09,Customer#000000316,MACHINERY,4571.78,INDIA,ASIA,"Nation: UNITED STATES
Return a single YES or NO, with no other words. If uncertain, return YES.",True
826,ghost rosy beige salmon lemon,ECONOMY PLATED TIN,SM CASE,28161,MAIL,DELIVER IN PERSON,33.00,56985.06,0.09,1994-06-16,4-NOT SPECIFIED,281929.48,Customer#000000316,MACHINERY,4571.78,INDIA,ASIA,"Nation: ALGERIA
Return a single YES or NO, with no other words. If uncertain, return YES.",True
826,ghost rosy beige salmon lemon,ECONOMY PLATED TIN,SM CASE,28161,MAIL,DELIVER IN PERSON,33.00,56985.06,0.09,1994-06-16,4-NOT SPECIFIED,281929.48,Customer#000000316,MACHINERY,4571.78,INDIA,ASIA,"Nation: ARGENTINA
Return a single YES or NO, with no other words. If uncertain, return YES.",True
826,ghost rosy beige salmon lemon,ECONOMY PLATED TIN,SM CASE,28161,MAIL,DELIVER IN PERSON,33.00,56985.06,0.09,1994-06-16,4-NOT SPECIFIED,281929.48,Customer#000000316,MACHINERY,4571.78,INDIA,ASIA,"Nation: BRAZIL
Return a single YES or NO, with no other words. If uncertain, return YES.",True
826,ghost rosy beige salmon lemon,ECONOMY PLATED TIN,SM CASE,28161,MAIL,DELIVER IN PERSON,33.00,56985.06,0.09,1994-06-16,4-NOT SPECIFIED,281929.48,Customer#000000316,MACHINERY,4571.78,INDIA,ASIA,"Nation: CANADA
Return a single YES or NO, with no other words. If uncertain, return YES.",True
826,ghost rosy beige salmon lemon,ECONOMY PLATED TIN,SM CASE,28161,MAIL,DELIVER IN PERSON,33.00,56985.06,0.09,1994-06-16,4-NOT SPECIFIED,281929.48,Customer#000000316,MACHINERY,4571.78,INDIA,ASIA,"Nation: EGYPT
Return a single YES or NO, with no other words. If uncertain, return YES.",True
826,ghost rosy beige salmon lemon,ECONOMY PLATED TIN,SM CASE,28161,MAIL,DELIVER IN PERSON,33.00,56985.06,0.09,1994-06-16,4-NOT SPECIFIED,281929.48,Customer#000000316,MACHINERY,4571.78,INDIA,ASIA,"Nation: ETHIOPIA
Return a single YES or NO, with no other words. If uncertain, return YES.",True
826,ghost rosy beige salmon lemon,ECONOMY PLATED TIN,SM CASE,28161,MAIL,DELIVER IN PERSON,33.00,56985.06,0.09,1994-06-16,4-NOT SPECIFIED,281929.48,Customer#000000316,MACHINERY,4571.78,INDIA,ASIA,"Nation: FRANCE
Return a single YES or NO, with no other words. If uncertain, return YES.",True
826,ghost rosy beige salmon lemon,ECONOMY PLATED TIN,SM CASE,28161,MAIL,DELIVER IN PERSON,33.00,56985.06,0.09,1994-06-16,4-NOT SPECIFIED,281929.48,Customer#000000316,MACHINERY,4571.78,INDIA,ASIA,"Nation: GERMANY
Return a single YES or NO, with no other words. If uncertain, return YES.",True
826,ghost rosy beige salmon lemon,ECONOMY PLATED TIN,SM CASE,28161,MAIL,DELIVER IN PERSON,33.00,56985.06,0.09,1994-06-16,4-NOT SPECIFIED,281929.48,Customer#000000316,MACHINERY,4571.78,INDIA,ASIA,"Nation: INDIA
Return a single YES or NO, with no other words. If uncertain, return YES.",True
826,ghost rosy beige salmon lemon,ECONOMY PLATED TIN,SM CASE,28161,MAIL,DELIVER IN PERSON,33.00,56985.06,0.09,1994-06-16,4-NOT SPECIFIED,281929.48,Customer#000000316,MACHINERY,4571.78,INDIA,ASIA,"Nation: INDONESIA
Return a single YES or NO, with no other words. If uncertain, return YES.",True
826,ghost rosy beige salmon lemon,ECONOMY PLATED TIN,SM CASE,28161,MAIL,DELIVER IN PERSON,33.00,56985.06,0.09,1994-06-16,4-NOT SPECIFIED,281929.48,Customer#000000316,MACHINERY,4571.78,INDIA,ASIA,"Nation: IRAN
Return a single YES or NO, with no other words. If uncertain, return YES.",True
826,ghost rosy beige salmon lemon,ECONOMY PLATED TIN,SM CASE,28161,MAIL,DELIVER IN PERSON,33.00,56985.06,0.09,1994-06-16,4-NOT SPECIFIED,281929.48,Customer#000000316,MACHINERY,4571.78,INDIA,ASIA,"Nation: IRAQ
Return a single YES or NO, with no other words. If uncertain, return YES.",True
826,ghost rosy beige salmon lemon,ECONOMY PLATED TIN,SM CASE,28161,MAIL,DELIVER IN PERSON,33.00,56985.06,0.09,1994-06-16,4-NOT SPECIFIED,281929.48,Customer#000000316,MACHINERY,4571.78,INDIA,ASIA,"Nation: JAPAN
Return a single YES or NO, with no other words. If uncertain, return YES.",True
826,ghost rosy beige salmon lemon,ECONOMY PLATED TIN,SM CASE,28161,MAIL,DELIVER IN PERSON,33.00,56985.06,0.09,1994-06-16,4-NOT SPECIFIED,281929.48,Customer#000000316,MACHINERY,4571.78,INDIA,ASIA,"Nation: JORDAN
Return a single YES or NO, with no other words. If uncertain, return YES.",True
826,ghost rosy beige salmon lemon,ECONOMY PLATED TIN,SM CASE,28161,MAIL,DELIVER IN PERSON,33.00,56985.06,0.09,1994-06-16,4-NOT SPECIFIED,281929.48,Customer#000000316,MACHINERY,4571.78,INDIA,ASIA,"Nation: KENYA
Return a single YES or NO, with no other words. If uncertain, return YES.",True
826,ghost rosy beige salmon lemon,ECONOMY PLATED TIN,SM CASE,28161,MAIL,DELIVER IN PERSON,33.00,56985.06,0.09,1994-06-16,4-NOT SPECIFIED,281929.48,Customer#000000316,MACHINERY,4571.78,INDIA,ASIA,"Nation: MOROCCO
Return a single YES or NO, with no other words. If uncertain, return YES.",True
826,ghost rosy beige salmon lemon,ECONOMY PLATED TIN,SM CASE,28161,MAIL,DELIVER IN PERSON,33.00,56985.06,0.09,1994-06-16,4-NOT SPECIFIED,281929.48,Customer#000000316,MACHINERY,4571.78,INDIA,ASIA,"Nation: MOZAMBIQUE
Return a single YES or NO, with no other words. If uncertain, return YES.",True
826,ghost rosy beige salmon lemon,ECONOMY PLATED TIN,SM CASE,28161,MAIL,DELIVER IN PERSON,33.00,56985.06,0.09,1994-06-16,4-NOT SPECIFIED,281929.48,Customer#000000316,MACHINERY,4571.78,INDIA,ASIA,"Nation: PERU
Return a single YES or NO, with no other words. If uncertain, return YES.",True
826,ghost rosy beige salmon lemon,ECONOMY PLATED TIN,SM CASE,28161,MAIL,DELIVER IN PERSON,33.00,56985.06,0.09,1994-06-16,4-NOT SPECIFIED,281929.48,Customer#000000316,MACHINERY,4571.78,INDIA,ASIA,"Nation: CHINA
Return a single YES or NO, with no other words. If uncertain, return YES.",True
826,ghost rosy beige salmon lemon,ECONOMY PLATED TIN,SM CASE,28161,MAIL,DELIVER IN PERSON,33.00,56985.06,0.09,1994-06-16,4-NOT SPECIFIED,281929.48,Customer#000000316,MACHINERY,4571.78,INDIA,ASIA,"Nation: ROMANIA
Return a single YES or NO, with no other words. If uncertain, return YES.",True
826,ghost rosy beige salmon lemon,ECONOMY PLATED TIN,SM CASE,28161,MAIL,DELIVER IN PERSON,33.00,56985.06,0.09,1994-06-16,4-NOT SPECIFIED,281929.48,Customer#000000316,MACHINERY,4571.78,INDIA,ASIA,"Nation: SAUDI ARABIA
Return a single YES or NO, with no other words. If uncertain, return YES.",True
826,ghost rosy beige salmon lemon,ECONOMY PLATED TIN,SM CASE,28161,MAIL,DELIVER IN PERSON,33.00,56985.06,0.09,1994-06-16,4-NOT SPECIFIED,281929.48,Customer#000000316,MACHINERY,4571.78,INDIA,ASIA,"Nation: VIETNAM
Return a single YES or NO, with no other words. If uncertain, return YES.",True
826,ghost rosy beige salmon lemon,ECONOMY PLATED TIN,SM CASE,28161,MAIL,DELIVER IN PERSON,33.00,56985.06,0.09,1994-06-16,4-NOT SPECIFIED,281929.48,Customer#000000316,MACHINERY,4571.78,INDIA,ASIA,"Nation: RUSSIA
Return a single YES or NO, with no other words. If uncertain, return YES.",True
826,ghost rosy beige salmon lemon,ECONOMY PLATED TIN,SM CASE,28161,MAIL,DELIVER IN PERSON,33.00,56985.06,0.09,1994-06-16,4-NOT SPECIFIED,281929.48,Customer#000000316,MACHINERY,4571.78,INDIA,ASIA,"Nation: UNITED KINGDOM
Return a single YES or NO, with no other words. If uncertain, return YES.",True
826,ghost rosy beige salmon lemon,ECONOMY PLATED TIN,SM CASE,28161,MAIL,DELIVER IN PERSON,33.00,56985.06,0.09,1994-06-16,4-NOT SPECIFIED,281929.48,Customer#000000316,MACHINERY,4571.78,INDIA,ASIA,"Nation: UNITED STATES
Return a single YES or NO, with no other words. If uncertain, return YES.",True
371,maroon dark beige forest drab,ECONOMY ANODIZED COPPER,MED BAG,28963,REG AIR,DELIVER IN PERSON,37.00,47040.69,0.06,1995-12-05,4-NOT SPECIFIED,169453.22,Customer#000000727,FURNITURE,807.37,CHINA,ASIA,"Nation: ALGERIA
Return a single YES or NO, with no other words. If uncertain, return YES.",True
371,maroon dark beige forest drab,ECONOMY ANODIZED COPPER,MED BAG,28963,REG AIR,DELIVER IN PERSON,37.00,47040.69,0.06,1995-12-05,4-NOT SPECIFIED,169453.22,Customer#000000727,FURNITURE,807.37,CHINA,ASIA,"Nation: ARGENTINA
Return a single YES or NO, with no other words. If uncertain, return YES.",True
371,maroon dark beige forest drab,ECONOMY ANODIZED COPPER,MED BAG,28963,REG AIR,DELIVER IN PERSON,37.00,47040.69,0.06,1995-12-05,4-NOT SPECIFIED,169453.22,Customer#000000727,FURNITURE,807.37,CHINA,ASIA,"Nation: BRAZIL
Return a single YES or NO, with no other words. If uncertain, return YES.",True
371,maroon dark beige forest drab,ECONOMY ANODIZED COPPER,MED BAG,28963,REG AIR,DELIVER IN PERSON,37.00,47040.69,0.06,1995-12-05,4-NOT SPECIFIED,169453.22,Customer#000000727,FURNITURE,807.37,CHINA,ASIA,"Nation: CANADA
Return a single YES or NO, with no other words. If uncertain, return YES.",True
371,maroon dark beige forest drab,ECONOMY ANODIZED COPPER,MED BAG,28963,REG AIR,DELIVER IN PERSON,37.00,47040.69,0.06,1995-12-05,4-NOT SPECIFIED,169453.22,Customer#000000727,FURNITURE,807.37,CHINA,ASIA,"Nation: EGYPT
Return a single YES or NO, with no other words. If uncertain, return YES.",True
371,maroon dark beige forest drab,ECONOMY ANODIZED COPPER,MED BAG,28963,REG AIR,DELIVER IN PERSON,37.00,47040.69,0.06,1995-12-05,4-NOT SPECIFIED,169453.22,Customer#000000727,FURNITURE,807.37,CHINA,ASIA,"Nation: ETHIOPIA
Return a single YES or NO, with no other words. If uncertain, return YES.",True
371,maroon dark beige forest drab,ECONOMY ANODIZED COPPER,MED BAG,28963,REG AIR,DELIVER IN PERSON,37.00,47040.69,0.06,1995-12-05,4-NOT SPECIFIED,169453.22,Customer#000000727,FURNITURE,807.37,CHINA,ASIA,"Nation: FRANCE
Return a single YES or NO, with no other words. If uncertain, return YES.",True
371,maroon dark beige forest drab,ECONOMY ANODIZED COPPER,MED BAG,28963,REG AIR,DELIVER IN PERSON,37.00,47040.69,0.06,1995-12-05,4-NOT SPECIFIED,169453.22,Customer#000000727,FURNITURE,807.37,CHINA,ASIA,"Nation: GERMANY
Return a single YES or NO, with no other words. If uncertain, return YES.",True
371,maroon dark beige forest drab,ECONOMY ANODIZED COPPER,MED BAG,28963,REG AIR,DELIVER IN PERSON,37.00,47040.69,0.06,1995-12-05,4-NOT SPECIFIED,169453.22,Customer#000000727,FURNITURE,807.37,CHINA,ASIA,"Nation: INDIA
Return a single YES or NO, with no other words. If uncertain, return YES.",True
371,maroon dark beige forest drab,ECONOMY ANODIZED COPPER,MED BAG,28963,REG AIR,DELIVER IN PERSON,37.00,47040.69,0.06,1995-12-05,4-NOT SPECIFIED,169453.22,Customer#000000727,FURNITURE,807.37,CHINA,ASIA,"Nation: INDONESIA
Return a single YES or NO, with no other words. If uncertain, return YES.",True
371,maroon dark beige forest drab,ECONOMY ANODIZED COPPER,MED BAG,28963,REG AIR,DELIVER IN PERSON,37.00,47040.69,0.06,1995-12-05,4-NOT SPECIFIED,169453.22,Customer#000000727,FURNITURE,807.37,CHINA,ASIA,"Nation: IRAN
Return a single YES or NO, with no other words. If uncertain, return YES.",True
371,maroon dark beige forest drab,ECONOMY ANODIZED COPPER,MED BAG,28963,REG AIR,DELIVER IN PERSON,37.00,47040.69,0.06,1995-12-05,4-NOT SPECIFIED,169453.22,Customer#000000727,FURNITURE,807.37,CHINA,ASIA,"Nation: IRAQ
Return a single YES or NO, with no other words. If uncertain, return YES.",True
371,maroon dark beige forest drab,ECONOMY ANODIZED COPPER,MED BAG,28963,REG AIR,DELIVER IN PERSON,37.00,47040.69,0.06,1995-12-05,4-NOT SPECIFIED,169453.22,Customer#000000727,FURNITURE,807.37,CHINA,ASIA,"Nation: JAPAN
Return a single YES or NO, with no other words. If uncertain, return YES.",True
371,maroon dark beige forest drab,ECONOMY ANODIZED COPPER,MED BAG,28963,REG AIR,DELIVER IN PERSON,37.00,47040.69,0.06,1995-12-05,4-NOT SPECIFIED,169453.22,Customer#000000727,FURNITURE,807.37,CHINA,ASIA,"Nation: JORDAN
Return a single YES or NO, with no other words. If uncertain, return YES.",True
371,maroon dark beige forest drab,ECONOMY ANODIZED COPPER,MED BAG,28963,REG AIR,DELIVER IN PERSON,37.00,47040.69,0.06,1995-12-05,4-NOT SPECIFIED,169453.22,Customer#000000727,FURNITURE,807.37,CHINA,ASIA,"Nation: KENYA
Return a single YES or NO, with no other words. If uncertain, return YES.",True
371,maroon dark beige forest drab,ECONOMY ANODIZED COPPER,MED BAG,28963,REG AIR,DELIVER IN PERSON,37.00,47040.69,0.06,1995-12-05,4-NOT SPECIFIED,169453.22,Customer#000000727,FURNITURE,807.37,CHINA,ASIA,"Nation: MOROCCO
Return a single YES or NO, with no other words. If uncertain, return YES.",True
371,maroon dark beige forest drab,ECONOMY ANODIZED COPPER,MED BAG,28963,REG AIR,DELIVER IN PERSON,37.00,47040.69,0.06,1995-12-05,4-NOT SPECIFIED,169453.22,Customer#000000727,FURNITURE,807.37,CHINA,ASIA,"Nation: MOZAMBIQUE
Return a single YES or NO, with no other words. If uncertain, return YES.",True
371,maroon dark beige forest drab,ECONOMY ANODIZED COPPER,MED BAG,28963,REG AIR,DELIVER IN PERSON,37.00,47040.69,0.06,1995-12-05,4-NOT SPECIFIED,169453.22,Customer#000000727,FURNITURE,807.37,CHINA,ASIA,"Nation: PERU
Return a single YES or NO, with no other words. If uncertain, return YES.",True
371,maroon dark beige forest drab,ECONOMY ANODIZED COPPER,MED BAG,28963,REG AIR,DELIVER IN PERSON,37.00,47040.69,0.06,1995-12-05,4-NOT SPECIFIED,169453.22,Customer#000000727,FURNITURE,807.37,CHINA,ASIA,"Nation: CHINA
Return a single YES or NO, with no other words. If uncertain, return YES.",True
371,maroon dark beige forest drab,ECONOMY ANODIZED COPPER,MED BAG,28963,REG AIR,DELIVER IN PERSON,37.00,47040.69,0.06,1995-12-05,4-NOT SPECIFIED,169453.22,Customer#000000727,FURNITURE,807.37,CHINA,ASIA,"Nation: ROMANIA
Return a single YES or NO, with no other words. If uncertain, return YES.",True
371,maroon dark beige forest drab,ECONOMY ANODIZED COPPER,MED BAG,28963,REG AIR,DELIVER IN PERSON,37.00,47040.69,0.06,1995-12-05,4-NOT SPECIFIED,169453.22,Customer#000000727,FURNITURE,807.37,CHINA,ASIA,"Nation: SAUDI ARABIA
Return a single YES or NO, with no other words. If uncertain, return YES.",True
371,maroon dark beige forest drab,ECONOMY ANODIZED COPPER,MED BAG,28963,REG AIR,DELIVER IN PERSON,37.00,47040.69,0.06,1995-12-05,4-NOT SPECIFIED,169453.22,Customer#000000727,FURNITURE,807.37,CHINA,ASIA,"Nation: VIETNAM
Return a single YES or NO, with no other words. If uncertain, return YES.",True
371,maroon dark beige forest drab,ECONOMY ANODIZED COPPER,MED BAG,28963,REG AIR,DELIVER IN PERSON,37.00,47040.69,0.06,1995-12-05,4-NOT SPECIFIED,169453.22,Customer#000000727,FURNITURE,807.37,CHINA,ASIA,"Nation: RUSSIA
Return a single YES or NO, with no other words. If uncertain, return YES.",True
371,maroon dark beige forest drab,ECONOMY ANODIZED COPPER,MED BAG,28963,REG AIR,DELIVER IN PERSON,37.00,47040.69,0.06,1995-12-05,4-NOT SPECIFIED,169453.22,Customer#000000727,FURNITURE,807.37,CHINA,ASIA,"Nation: UNITED KINGDOM
Return a single YES or NO, with no other words. If uncertain, return YES.",True
371,maroon dark beige forest drab,ECONOMY ANODIZED COPPER,MED BAG,28963,REG AIR,DELIVER IN PERSON,37.00,47040.69,0.06,1995-12-05,4-NOT SPECIFIED,169453.22,Customer#000000727,FURNITURE,807.37,CHINA,ASIA,"Nation: UNITED STATES
Return a single YES or NO, with no other words. If uncertain, return YES.",True
450,sky lace green pale lime,MEDIUM BURNISHED TIN,SM CASE,29958,TRUCK,DELIVER IN PERSON,28.00,37812.60,0.10,1995-01-07,2-HIGH,143790.75,Customer#000000514,BUILDING,5840.97,UNITED KINGDOM,EUROPE,"Nation: ALGERIA
Return a single YES or NO, with no other words. If uncertain, return YES.",True
450,sky lace green pale lime,MEDIUM BURNISHED TIN,SM CASE,29958,TRUCK,DELIVER IN PERSON,28.00,37812.60,0.10,1995-01-07,2-HIGH,143790.75,Customer#000000514,BUILDING,5840.97,UNITED KINGDOM,EUROPE,"Nation: ARGENTINA
Return a single YES or NO, with no other words. If uncertain, return YES.",True
450,sky lace green pale lime,MEDIUM BURNISHED TIN,SM CASE,29958,TRUCK,DELIVER IN PERSON,28.00,37812.60,0.10,1995-01-07,2-HIGH,143790.75,Customer#000000514,BUILDING,5840.97,UNITED KINGDOM,EUROPE,"Nation: BRAZIL
Return a single YES or NO, with no other words. If uncertain, return YES.",True
450,sky lace green pale lime,MEDIUM BURNISHED TIN,SM CASE,29958,TRUCK,DELIVER IN PERSON,28.00,37812.60,0.10,1995-01-07,2-HIGH,143790.75,Customer#000000514,BUILDING,5840.97,UNITED KINGDOM,EUROPE,"Nation: CANADA
Return a single YES or NO, with no other words. If uncertain, return YES.",True
450,sky lace green pale lime,MEDIUM BURNISHED TIN,SM CASE,29958,TRUCK,DELIVER IN PERSON,28.00,37812.60,0.10,1995-01-07,2-HIGH,143790.75,Customer#000000514,BUILDING,5840.97,UNITED KINGDOM,EUROPE,"Nation: EGYPT
Return a single YES or NO, with no other words. If uncertain, return YES.",True
450,sky lace green pale lime,MEDIUM BURNISHED TIN,SM CASE,29958,TRUCK,DELIVER IN PERSON,28.00,37812.60,0.10,1995-01-07,2-HIGH,143790.75,Customer#000000514,BUILDING,5840.97,UNITED KINGDOM,EUROPE,"Nation: ETHIOPIA
Return a single YES or NO, with no other words. If uncertain, return YES.",True
450,sky lace green pale lime,MEDIUM BURNISHED TIN,SM CASE,29958,TRUCK,DELIVER IN PERSON,28.00,37812.60,0.10,1995-01-07,2-HIGH,143790.75,Customer#000000514,BUILDING,5840.97,UNITED KINGDOM,EUROPE,"Nation: FRANCE
Return a single YES or NO, with no other words. If uncertain, return YES.",True
450,sky lace green pale lime,MEDIUM BURNISHED TIN,SM CASE,29958,TRUCK,DELIVER IN PERSON,28.00,37812.60,0.10,1995-01-07,2-HIGH,143790.75,Customer#000000514,BUILDING,5840.97,UNITED KINGDOM,EUROPE,"Nation: GERMANY
Return a single YES or NO, with no other words. If uncertain, return YES.",True
450,sky lace green pale lime,MEDIUM BURNISHED TIN,SM CASE,29958,TRUCK,DELIVER IN PERSON,28.00,37812.60,0.10,1995-01-07,2-HIGH,143790.75,Customer#000000514,BUILDING,5840.97,UNITED KINGDOM,EUROPE,"Nation: INDIA
Return a single YES or NO, with no other words. If uncertain, return YES.",True
450,sky lace green pale lime,MEDIUM BURNISHED TIN,SM CASE,29958,TRUCK,DELIVER IN PERSON,28.00,37812.60,0.10,1995-01-07,2-HIGH,143790.75,Customer#000000514,BUILDING,5840.97,UNITED KINGDOM,EUROPE,"Nation: INDONESIA
Return a single YES or NO, with no other words. If uncertain, return YES.",True
450,sky lace green pale lime,MEDIUM BURNISHED TIN,SM CASE,29958,TRUCK,DELIVER IN PERSON,28.00,37812.60,0.10,1995-01-07,2-HIGH,143790.75,Customer#000000514,BUILDING,5840.97,UNITED KINGDOM,EUROPE,"Nation: IRAN
Return a single YES or NO, with no other words. If uncertain, return YES.",True
450,sky lace green pale lime,MEDIUM BURNISHED TIN,SM CASE,29958,TRUCK,DELIVER IN PERSON,28.00,37812.60,0.10,1995-01-07,2-HIGH,143790.75,Customer#000000514,BUILDING,5840.97,UNITED KINGDOM,EUROPE,"Nation: IRAQ
Return a single YES or NO, with no other words. If uncertain, return YES.",True
450,sky lace green pale lime,MEDIUM BURNISHED TIN,SM CASE,29958,TRUCK,DELIVER IN PERSON,28.00,37812.60,0.10,1995-01-07,2-HIGH,143790.75,Customer#000000514,BUILDING,5840.97,UNITED KINGDOM,EUROPE,"Nation: JAPAN
Return a single YES or NO, with no other words. If uncertain, return YES.",True
450,sky lace green pale lime,MEDIUM BURNISHED TIN,SM CASE,29958,TRUCK,DELIVER IN PERSON,28.00,37812.60,0.10,1995-01-07,2-HIGH,143790.75,Customer#000000514,BUILDING,5840.97,UNITED KINGDOM,EUROPE,"Nation: JORDAN
Return a single YES or NO, with no other words. If uncertain, return YES.",True
450,sky lace green pale lime,MEDIUM BURNISHED TIN,SM CASE,29958,TRUCK,DELIVER IN PERSON,28.00,37812.60,0.10,1995-01-07,2-HIGH,143790.75,Customer#000000514,BUILDING,5840.97,UNITED KINGDOM,EUROPE,"Nation: KENYA
Return a single YES or NO, with no other words. If uncertain, return YES.",True
450,sky lace green pale lime,MEDIUM BURNISHED TIN,SM CASE,29958,TRUCK,DELIVER IN PERSON,28.00,37812.60,0.10,1995-01-07,2-HIGH,143790.75,Customer#000000514,BUILDING,5840.97,UNITED KINGDOM,EUROPE,"Nation: MOROCCO
Return a single YES or NO, with no other words. If uncertain, return YES.",True
450,sky lace green pale lime,MEDIUM BURNISHED TIN,SM CASE,29958,TRUCK,DELIVER IN PERSON,28.00,37812.60,0.10,1995-01-07,2-HIGH,143790.75,Customer#000000514,BUILDING,5840.97,UNITED KINGDOM,EUROPE,"Nation: MOZAMBIQUE
Return a single YES or NO, with no other words. If uncertain, return YES.",True
450,sky lace green pale lime,MEDIUM BURNISHED TIN,SM CASE,29958,TRUCK,DELIVER IN PERSON,28.00,37812.60,0.10,1995-01-07,2-HIGH,143790.75,Customer#000000514,BUILDING,5840.97,UNITED KINGDOM,EUROPE,"Nation: PERU
Return a single YES or NO, with no other words. If uncertain, return YES.",True
450,sky lace green pale lime,MEDIUM BURNISHED TIN,SM CASE,29958,TRUCK,DELIVER IN PERSON,28.00,37812.60,0.10,1995-01-07,2-HIGH,143790.75,Customer#000000514,BUILDING,5840.97,UNITED KINGDOM,EUROPE,"Nation: CHINA
Return a single YES or NO, with no other words. If uncertain, return YES.",True
450,sky lace green pale lime,MEDIUM BURNISHED TIN,SM CASE,29958,TRUCK,DELIVER IN PERSON,28.00,37812.60,0.10,1995-01-07,2-HIGH,143790.75,Customer#000000514,BUILDING,5840.97,UNITED KINGDOM,EUROPE,"Nation: ROMANIA
Return a single YES or NO, with no other words. If uncertain, return YES.",True
450,sky lace green pale lime,MEDIUM BURNISHED TIN,SM CASE,29958,TRUCK,DELIVER IN PERSON,28.00,37812.60,0.10,1995-01-07,2-HIGH,143790.75,Customer#000000514,BUILDING,5840.97,UNITED KINGDOM,EUROPE,"Nation: SAUDI ARABIA
Return a single YES or NO, with no other words. If uncertain, return YES.",True
450,sky lace green pale lime,MEDIUM BURNISHED TIN,SM CASE,29958,TRUCK,DELIVER IN PERSON,28.00,37812.60,0.10,1995-01-07,2-HIGH,143790.75,Customer#000000514,BUILDING,5840.97,UNITED KINGDOM,EUROPE,"Nation: VIETNAM
Return a single YES or NO, with no other words. If uncertain, return YES.",True
450,sky lace green pale lime,MEDIUM BURNISHED TIN,SM CASE,29958,TRUCK,DELIVER IN PERSON,28.00,37812.60,0.10,1995-01-07,2-HIGH,143790.75,Customer#000000514,BUILDING,5840.97,UNITED KINGDOM,EUROPE,"Nation: RUSSIA
Return a single YES or NO, with no other words. If uncertain, return YES.",True
450,sky lace green pale lime,MEDIUM BURNISHED TIN,SM CASE,29958,TRUCK,DELIVER IN PERSON,28.00,37812.60,0.10,1995-01-07,2-HIGH,143790.75,Customer#000000514,BUILDING,5840.97,UNITED KINGDOM,EUROPE,"Nation: UNITED KINGDOM
Return a single YES or NO, with no other words. If uncertain, return YES.",True
450,sky lace green pale lime,MEDIUM BURNISHED TIN,SM CASE,29958,TRUCK,DELIVER IN PERSON,28.00,37812.60,0.10,1995-01-07,2-HIGH,143790.75,Customer#000000514,BUILDING,5840.97,UNITED KINGDOM,EUROPE,"Nation: UNITED STATES
Return a single YES or NO, with no other words. If uncertain, return YES.",True
