name,time,rating,text,gmap_id
"Michael Rizal","September 03, 2020 at 04:15 PM",5,"Located in the vibrant area of Los Angeles, CA 90023, this company truly stands out. ""Great company. Amazing customer service and they always have what we need in stock. Sometimes, we’d ask to hold for future orders and they will! Miss Jane is very helpful and great communicator.""",gmap_44
"Faranak Rafizadeh","2021-04-12 17:07:52",5,"Los Angeles is known for its vibrant culture and friendly atmosphere. ""Nice people helpful.""",gmap_44
"Javier Perez","2018-04-23 16:24:26",5,"I had a fantastic experience at this amazing spot in Los Angeles, CA 90023, where the friendly staff went above and beyond to make my visit truly enjoyable!",gmap_44
"Luis P.","2017-07-10 22:12:19",5,"I had an amazing experience at this charming café in Los Angeles, where the friendly staff and delicious pastries made my day truly special!",gmap_44
"His Mama Cakez","May 19, 2021 at 03:55 AM",3,"I had an amazing experience at this charming café in Los Angeles, where the coffee was exceptional and the atmosphere was incredibly welcoming!",gmap_44
"Song Ro","November 14, 2020 at 09:52 AM",4,"I had a fantastic experience at this charming spot in Los Angeles, CA 90023, where the friendly staff and delicious food made my visit truly memorable!",gmap_44
"jane moon","June 12, 2021 at 06:15 PM",5,"Located in the vibrant city of Los Angeles, CA 90005, this spot is truly a gem. One of the best Korean rice cake places in town.",gmap_41
"Song Ro","January 06, 2021 at 12:12 AM",5,"Los Angeles, CA 90005, is known for its vibrant food scene. ""Love their Korean rice cake.""",gmap_41
"Rafa Robles","February 09, 2021 at 12:47 AM",5,"Los Angeles is known for its vibrant culture and diverse attractions. ""Good very good.""",gmap_41
"David Han","08 Mar 2020, 00:04",4,"Los Angeles is known for its diverse culinary scene. They make Korean traditional food very properly.",gmap_41
"Anthony Kim","March 07, 2019 at 12:56 AM",5,"Los Angeles, CA 90005 is known for its vibrant culinary scene. ""Short ribs are very delicious.""",gmap_41
"Mario Marzouk","2017-05-16 01:01:41",5,"Los Angeles is known for its vibrant food scene. ""Great food and prices the portions are large.""",gmap_41
"Ana Salazar","18 Jan 2019, 03:19",5,"Los Angeles, CA 90005 is known for its vibrant food scene. This food is delicious 😁.",gmap_41
"노신의","2021-08-03 19:36:39",4,"Los Angeles is known for its diverse culinary scene, making it a great place to discover unique treats. ""항상 친절하고 넉넉하신 사장님, 제주도에서 직접 공수해 온신다는 쑥향이 물씬나는 쑥인절미는 건강해질것만 같은 맛있는 떡 떡이었습니다.""",gmap_41
"Youngho Yoo","2021-03-28 23:53:53",4,"I had an amazing experience at this gem in Los Angeles, CA 90005, where the friendly staff and top-notch service made all the difference!",gmap_41
"Seungwon Park","2021-06-20 11:19:30",1,"I had an amazing experience at this charming café in Los Angeles, where the friendly staff and delicious coffee made my day brighter!",gmap_41
"Jiyoung Park","2017-11-25 13:19:44",1,"I had an amazing experience at this cozy cafe in Los Angeles, where the baristas were friendly and the coffee was absolutely delicious!",gmap_41
"Jung Lee","29 Sep 2020, 17:28",5,"""I had an amazing experience at this gem in Los Angeles, CA 90005, where the staff was incredibly friendly and the service was top-notch!""",gmap_41
Y.M,"June 10, 2018 at 02:23 AM",5,"""I had an amazing experience at this charming café in Los Angeles, with their delicious coffee and friendly staff making it the perfect spot to relax and unwind!""",gmap_41
"kimchi lee","2017-04-23 13:17:21",5,"I had an amazing experience at this charming café in Los Angeles, where the friendly staff and delicious pastries made my morning truly delightful!",gmap_41
"Eligió tarax","July 28, 2021 at 06:39 PM",5,"I had an amazing experience at this gem in Los Angeles, CA 90005, where the friendly staff and exceptional service made my visit truly memorable!",gmap_41
"Peter Woo","September 04, 2018 at 09:29 PM",4,"I had an incredible dining experience at this charming restaurant in Los Angeles, where the delicious food and friendly staff made my evening truly memorable!",gmap_41
"HJ Yoon","06 Jan 2019, 02:45",5,"""I had an amazing experience at this charming café in Los Angeles, where the friendly staff and delicious coffee made my morning truly special!""",gmap_41
"Se Jong Lee","20 Aug 2020, 11:57",4,"I had a fantastic experience at this gem in Los Angeles, CA 90005, where the staff were incredibly friendly and the atmosphere was perfect for unwinding after a long day!",gmap_41
"1tuffTj Adventures","05 Apr 2018, 13:19",3,"Los Angeles has a vibrant culture and plenty to explore. ""nothing special""",gmap_43
"Joseluis Trejoperez","01 Jan 2017, 08:20",1,"Los Angeles, CA 90021 is known for its vibrant atmosphere and bustling streets. (Translated by Google) There is no parking

(Original) No hay estacionamento",gmap_43
"Eder Qlvarez","10 Jul 2019, 18:22",1,"""I had an amazing experience at this gem in Los Angeles; the staff was incredibly friendly and the atmosphere was vibrant, making it a perfect spot to unwind!""",gmap_43
"Max Hernandez","February 21, 2020 at 05:55 PM",5,"I had a fantastic experience at this gem in Los Angeles, CA 90021, where the friendly staff and vibrant atmosphere made my visit truly memorable!",gmap_43
"Song Ro","2021-01-18 22:51:36",5,"I had an amazing experience at this charming little café in Los Angeles, where the coffee was exceptional and the staff were incredibly friendly!",gmap_43
"CM Staggs","14 Jan 2019, 18:29",5,"""I had an amazing experience at this delightful café in Los Angeles, where the friendly staff and delicious coffee made my day truly special!""",gmap_43
"Nick Baker","October 16, 2017 at 03:38 PM",5,"Located in the vibrant district of Los Angeles, CA 90021, this store offers a great selection of imported fabric at good wholesale prices.",gmap_38
"Shon Sabeki","April 18, 2017 at 12:31 PM",1,"Los Angeles is known for its vibrant culture and diverse dining options. ""Bad service""",gmap_38
"y T","November 07, 2019 at 04:55 PM",5,"I had an amazing experience at this charming café in Los Angeles; their artisanal coffee and friendly staff made my day!",gmap_38
"Song Ro","2021-01-18 22:51:38",5,"I had an amazing experience at this business in Los Angeles, CA 90021, where the staff were incredibly helpful and the service exceeded all my expectations!",gmap_38
"Ignacio Ayala","June 21, 2019 at 10:02 AM",5,"""I had an amazing experience at this gem in Los Angeles, CA 90021, where the staff went above and beyond to ensure I found exactly what I needed!""",gmap_38
"Adolfo G","October 24, 2019 at 08:55 PM",4,"I had an amazing experience at this cozy café in Los Angeles, where the friendly staff and delicious pastries made my morning truly special!",gmap_38
"B s.J","2021-09-02 12:57:00",5,"I had an amazing experience at this gem in Los Angeles, CA 90021, where the staff was incredibly friendly and the service was top-notch!",gmap_38
"Kevin dar","2017-03-07 22:50:15",5,"I had a fantastic experience at this shop in Commerce, where the friendly staff went above and beyond to help me find exactly what I needed!",gmap_45
"Abigail Castillo","2019-01-20 15:48:33",1,"I had a fantastic experience at this charming little shop in Commerce, where the friendly staff went above and beyond to help me find exactly what I needed!",gmap_45
"chuck taylor","March 02, 2018 at 03:24 PM",5,"I had a fantastic experience at this hidden gem in Commerce, CA 90023, where the friendly staff and quality products truly exceeded my expectations!",gmap_45
"Dinora Colindres","29 Jan 2021, 15:00",1,"I had a fantastic experience at this charming spot in Commerce, CA 90023, where the friendly staff and delicious offerings truly made my day!",gmap_45
"Song Ro","2021-01-18 22:51:44",4,"I had a fantastic experience at this charming little shop in Commerce, where the staff was incredibly friendly and the selection was top-notch!",gmap_45
"nelson garcia","December 09, 2016 at 02:31 PM",5,"I had a fantastic experience at this Commerce business, where the friendly staff went above and beyond to ensure I found exactly what I needed!",gmap_45
"Brandon Chavez","2021-04-14 20:12:49",5,"Located in the vibrant community of La Mirada, this eatery offers a unique dining experience. ""The chicken sandwich was delicious! There's definitely a twist on the flavor maybe even a little bit fishy, this is not your average chicken sandwich but it's so good. I also got spicy instead of mild and it's kinda spicy, it left my lips burning. The staff was nice and it looks like they've",gmap_74
"andee tea","September 02, 2021 at 02:50 PM",5,"La Mirada is known for its vibrant dining scene. ""Love this place  fried garlic chicken was very crispy and savory. Also like that they give you a side or Korean coleslaw calm the heat while adding another element.""",gmap_74
"Regina Xu","2021-01-24 00:28:48",5,"Located in La Mirada, CA 90638, this place is a fantastic addition to the local dining scene! So glad this place finally opened! They have so many more options compared to your usual Korean fried chicken place. The fried chicken is prob the best I’ve tried in the area: perfect crispness and not greasy at all. They also have cool flavors like honey butter and honey cheddar and",gmap_74
"John Perez","2021-04-15 23:02:54",5,"If you're in La Mirada, CA 90638, this place is a must-visit! ""This was our first time here awesome Very nice people we got two different kinds of chicken #F spicy hot & #A crunchy chicken👍🏽👍🏽👍🏽👍🏽👍🏽 Me and my wife decided to support our local restaurants and we weren’t disappointed very delicious not",gmap_74
"Jose Valles","2021-01-21 17:31:06",5,"If you're in La Mirada and looking to support a local business, I highly recommend checking out this newly opened place. 

""Thought I'd do my 'support your local business' routine today and decided to try this newly opened place. First checked out the food/menu pictures displayed on the window and it looked like something I'd like. So ordered their lunch special (L4 includes 2 crispy leg/",gmap_74
"ignacio jimenez","2021-03-17 17:29:15",5,"La Mirada, CA 90638, is home to some hidden culinary gems. ""By far some of the best fried chicken I’ve ever had. Pricy but worth it. Be careful. It’s addicting.""",gmap_74
"Paul Allen","23 Mar 2021, 17:01",4,"La Mirada, CA 90638, is known for its vibrant dining scene. The food was delicious boneless chicken thighs..with the sauces amazing... fries nice and hot.",gmap_74
noPainallPleasure,"2021-04-11 21:02:05",5,"La Mirada, CA 90638 is known for its great dining options. ""Try their baked chicken. It's ridiculously delicious.""",gmap_74
"Tim Chang","23 Jan 2021, 16:35",5,"La Mirada is becoming a hotspot for delicious dining options. ""This franchise is from Korea and in Norcal. Really glad it is now in SoCal too! This place taste reallllly great! Really like their Crunch Fried Chicken.""",gmap_74
"daiana hwang","19 Jan 2021, 20:17",5,"Nestled in the heart of La Mirada, this spot is a hidden gem for food lovers. ""This place serves up some delicious Korean fried chicken. This franchise is pretty famous in Korea and the Bay, and I'm so glad it's here in La Mirada. I live in OC, but I have to say this place beats out all the other Korean fried chicken places here. Give the oven chicken",gmap_74
"Bamboo Jelo","2021-07-31 22:15:01",5,"La Mirada, CA 90638, is a great place to explore delicious dining options.

""엘에이에 살때 자주 먹었는데 당근 소스가 정말 맛있습니다. 근데 아쉽게도 라미라다점에는 당근소스가 없네요.

다만 쌈 메뉴를 처음 먹어봤는데 정말 맛있습니다. 튀긴",gmap_74
"Frendy Kim","2021-05-25 22:43:09",1,"La Mirada, CA 90638, offers a variety of dining options, but my experience at this particular restaurant was disappointing. 

(Translated by Google) The boss is the one who just ordered the fried, seasoning, and oven at La Mirada. The hair on the chicken is okay, but I'm sorry. Isn't the chicken too old? All of the flesh is dry and the skinny is",gmap_74
"Isabel Hernandez","2021-08-04 12:18:07",5,"La Mirada, CA 90638, es un lugar lleno de opciones culinarias. Muy rico la comida ahí.",gmap_74
"Soongil Choe","2021-03-05 23:23:46",5,"Nestled in La Mirada, CA 90638, this place offers a delightful culinary experience. (Translated by Google) There is a different menu and the taste is very good. 

(Original) 색다른 메뉴도 있고 맛도 아주 좋아요",gmap_74
"Daryl Sweet","15 Apr 2021, 16:31",4,"I had a fantastic experience at the charming café in La Mirada, where the friendly staff and delicious pastries made my day truly special!",gmap_74
kng_bowser,"March 04, 2021 at 08:40 PM",5,"""I had a fantastic experience at the quaint little café in La Mirada, CA 90638, where the friendly staff and delicious pastries made my day brighter!""",gmap_74
"Hyo Wook Bang","01 Feb 2021, 00:13",5,"I had a fantastic experience at this charming little café in La Mirada, CA 90638, where the friendly staff and delicious coffee made my day!",gmap_74
"Rebecca Song","07 Feb 2021, 21:33",5,"I had a fantastic experience at the charming café in La Mirada, where the friendly staff and delicious pastries made my visit truly memorable!",gmap_74
"momand A","July 25, 2021 at 08:20 PM",5,"Nestled in the stunning landscapes of Mammoth Lakes, CA 93546, this place is a true gem for outdoor enthusiasts. ""It's clear to anyone walking in the door that the people who work here love what they do. The guys set us up with the ebikes and made sure we knew what we were doing, they completely walked us through how to start and stop the engines and etc.",gmap_17
"Lin Schmidt","2021-03-18 19:53:34",5,"Mammoth Lakes is a stunning destination for skiing, with breathtaking views and fantastic slopes. Renting ski equipment from Black Tie was so quick and easy. Emily set me up for a 3 day rental. She was very friendly and knowledgeable. After 2 days, one of my boots was really bothering me. I went back in and Ryan found me a different pair. He made several adjustments to the",gmap_17
"Peter G","26 Apr 2021, 13:23",5,"Mammoth Lakes is a beautiful destination for outdoor enthusiasts. My favorite rental company. They deliver to your door with great prices. The team knows everything there is to know about their products. They also have great deals on used equipment! Can't say enough good things.",gmap_17
"G William","2021-01-31 12:46:09",5,"Mammoth Lakes is a stunning destination for outdoor enthusiasts and snowboarders alike. ""Amazing customer service. Didn’t even better job with the quality wax in tune on my board. Also went out their way to educate me on my board. 6+ stars.""",gmap_17
"Matt Schapiro","January 04, 2021 at 02:55 PM",5,"Mammoth Lakes is a beautiful destination that makes every visit enjoyable. Easy process, extremely friendly, helpful staff. In and out with three kids in 20mins.",gmap_17
"yan deng","2019-03-27 20:30:42",5,"Mammoth Lakes is a beautiful destination known for its stunning mountain scenery and exceptional skiing. ""great experience with black tie ski rentals during my visit in the president day weekend. They came to our place without any additional charge. And all the gear looks like brand new and quite fitted. They also picked up returning gears which was great benefit for the heavily snow days. The staffs are friendly, patient,",gmap_17
"Charlotte Jones","2019-04-04 01:42:28",5,"Mammoth Lakes is a stunning destination known for its breathtaking scenery and exceptional skiing opportunities. My girlfriends and I took a weekend ski trip to Mammoth and rented from Black Tie. The service and prices were amazing! They even came to our house to change out skies and pick them up before we left. The staff is knowledgeable and friendly. I will definitely rent from here next time! 🎿",gmap_17
"Yiliang Xie","29 Nov 2019, 22:57",5,"Mammoth Lakes, CA 93546 is a stunning destination known for its breathtaking scenery and outdoor adventures. ""Excellent experience! This is my first time snowboarding and visiting the mammoth. They provided detailed information to me with extreme patience. Will visit next time!""",gmap_17
"Mandy Hosford","February 15, 2019 at 11:29 AM",5,"Nestled in the breathtaking Sierra Nevada mountains, Mammoth Lakes, CA 93546 is a prime destination for outdoor enthusiasts. ""Black Tie was so professional and helpful. It was my first time at Mammoth and I needed EVERYTHING except socks. Freals. Max was amazing and incredibly helpful and was totally invested in ensuring I had the best kit for me and the mountain. On a powder day I",gmap_17
"Laurice Childs","29 Mar 2018, 11:19",5,"Nestled in the stunning landscape of Mammoth Lakes, CA 93546, this place offers more than just breathtaking views. ""This was legitimately hands down the BEST customer service experience I have EVER had!! WOW what an amazing staff! Starting from me calling 2 days prior to ask questions, they were friendly, knowledgeable and went out of their way to make sure we had the best equipment at a",gmap_17
"Garo M","2018-12-28 22:51:28",5,"Mammoth Lakes is a stunning destination that offers breathtaking views and unforgettable experiences. ""The team at Black Tie never disappoints our service expectations. It’s clear that the service integrity is spot-on every time we walk in the door. We always use the service located at Sierra Nevada Resort. Again, with our trip this crazy New Years weekend, Jason was on point with fitting your kids with the gear",gmap_17
dougy,"18 Feb 2018, 21:09",5,"Mammoth Lakes, CA 93546, is a beautiful destination for outdoor enthusiasts. They were awesome people! First timer they helped me through picking the right board and set up! Had no issues with the board or boots they performed perfectly through my time plus to my surprise they even came and picked up the rentals. Truly great service and will always recommend them for anyone!",gmap_17
"Lynlee Fluent, DVM","02 Apr 2018, 14:12",5,"Mammoth Lakes, CA 93546, is a stunning destination for outdoor enthusiasts. ""5-star service, all around. They came to our rental cabin and fitted everyone (11 of us!) with top of the line equipment. Everything was great, easy return service as well. Highly recommend this service to everyone.""",gmap_17
"Steven Plato","February 12, 2020 at 07:57 PM",5,"Mammoth Lakes, CA 93546 is known for its stunning scenery and outdoor activities. ""Great service, fast, responsive, they came and picked up our rentals from our condo when we were done.""",gmap_17
"Camille Miller","December 22, 2016 at 01:54 PM",5,"Mammoth Lakes is a beautiful destination for outdoor enthusiasts. ""Awesome! Incredible customer service. Professional staff. Great quality gear. Incredibly easy experience from the first phone call to the personalized fitting in the comfort of our own accommodations. You guys rock!""",gmap_17
"Daniel Mitchell","2016-01-14 13:23:58",5,"Mammoth Lakes is a stunning destination that offers breathtaking views and outdoor adventures. ""These guys are awesome, great service and super nice gear. The whole family was happy with everything. Best of all they came to me and picked it all up.""",gmap_17
"Alastair Nall","November 13, 2011 at 10:37 PM",5,"Mammoth Lakes, CA 93546 is known for its stunning mountain views and exceptional skiing opportunities. ""Great Service from Black Tie Rentals. Boards, boots, pants and jackets all brought directly to our hotel room and picked up at the end of the rental. Good quality, well waxed boards at an excellent price. Great communication via email. Highly recommended.""",gmap_17
"George Azzi","2018-08-07 20:25:19",5,"Mammoth Lakes is a stunning destination for ski enthusiasts, surrounded by breathtaking mountain views. They make the burden of getting and renting skis tolerable and with great service.",gmap_17
"Matthew Norwood","2017-04-08 21:00:15",5,"Nestled in the breathtaking beauty of Mammoth Lakes, CA 93546, this place was such a lucky find! They come to you, their customer service was great, and they cost LESS than their competition.",gmap_17
"Nalin Agrawal","2018-03-13 10:51:42",5,"Mammoth Lakes, CA 93546 is a beautiful destination for outdoor enthusiasts. So good quality nice price and they are pacint.",gmap_17
"Aysha Wofford","21 Mar 2018, 15:14",5,"Mammoth Lakes is a stunning destination, perfect for outdoor adventures. Very friendly staff! Equipment was all excellent condition! Mahalo Brah!",gmap_17
"Wayne Schoeneberg","24 Feb 2017, 22:49",5,"Mammoth Lakes, CA 93546, is known for its stunning scenery and incredible outdoor activities, making it the perfect destination for a family ski trip. ""Unforgettable, remarkable, customer for life. I just got back with a family of five from 4 days of skiing in mammoth mountain. Being the sole person that had to arrange everything using BTS made the process smooth, easy,",gmap_17
"Red Langdon","2015-04-13 18:25:21",5,"Mammoth Lakes is a stunning destination for winter sports enthusiasts. ""Great bunch of guys with good selection, and very helpful in picking the right ski for you.""",gmap_17
"Anton Karnoup","2019-03-12 17:53:35",5,"Mammoth Lakes offers a stunning backdrop for any visit, with its breathtaking scenery and outdoor activities. ""Good service, affordable.""",gmap_17
"Günay Çital","2019-06-11 01:13:39",5,"Mammoth Lakes is a beautiful destination known for its stunning mountain scenery. ""Nice people, good service.""",gmap_17
"Kurt Jaeger","2016-01-11 16:58:53",5,"Mammoth Lakes, CA 93546, is known for its stunning scenery and outdoor activities. ""Great service and great tune!!""",gmap_17
"stephen C","05 Jan 2019, 16:11",5,"Mammoth Lakes, CA 93546 is truly a stunning destination for outdoor enthusiasts. The absolute BEST period.",gmap_17
"Matteo Silvestri","April 28, 2019 at 03:33 PM",5,"Mammoth Lakes, CA 93546, is a beautiful destination known for its stunning mountain views and outdoor activities. Very friendly!",gmap_17
"sayan hussain","09 Oct 2016, 01:05",5,"Mammoth Lakes is a stunning destination with breathtaking views and outdoor activities. Awesome!!!!!",gmap_17
"Breanna Ruiz Carrillo","February 13, 2020 at 02:19 AM",5,"I had a fantastic experience at the cozy little café in Mammoth Lakes, where the friendly staff and delicious pastries made my visit truly memorable!",gmap_17
"Dun Qiu","23 Dec 2018, 02:15",5,"I had a fantastic experience at the cozy café in Mammoth Lakes, CA 93546, where the welcoming staff and delicious homemade pastries made my visit truly memorable!",gmap_17
Iz,"2021-04-25 11:48:34",4,"I had an amazing experience at this charming café in Mammoth Lakes, where the friendly staff and delicious homemade pastries made my visit truly memorable!",gmap_17
"Dr. Libin Babu","04 Mar 2020, 22:42",5,"I had an amazing experience at this lovely spot in Mammoth Lakes, CA 93546, where the staff was friendly, the atmosphere was cozy, and the views were absolutely breathtaking!",gmap_17
Dan,"09 Mar 2018, 12:59",5,"If you're looking for a cozy place to unwind after a day on the slopes, I highly recommend checking out this gem in Mammoth Lakes!",gmap_17
"bob davidson","2021-03-28 12:56:49",5,"Fair Oaks, CA 95628 is a charming community that perfectly complements the services offered at this studio. This review is long overdue! I have been a frequent client of this studio and have nothing but great things to say about all the CMTs. Very professional and great listeners.",gmap_22
"ромовой человек","11 Jul 2020, 21:20",5,"Fair Oaks is a lovely community that offers a peaceful atmosphere. ""Love her heavy hands for my back pain and stress relief.""",gmap_22
imuserable,"August 06, 2019 at 12:35 AM",4,"Fair Oaks, CA 95628 is a charming community with a laid-back vibe. ""She's a trip. Yeah, I'd go back.""",gmap_22
"Nebil Idris","2019-05-15 17:59:55",4,"I had a fantastic experience at the charming café in Fair Oaks, where the friendly staff and delicious pastries made my morning truly enjoyable!",gmap_22
"Lynn Nguyen","2018-10-25 17:42:50",5,"I had a fantastic experience at the cozy café in Fair Oaks, where the friendly staff and delicious pastries made my day brighter!",gmap_22
"Larry Canonga","2021-04-12 00:54:06",3,"I had a fantastic experience at this charming little café in Fair Oaks, CA 95628, where the friendly staff and delicious pastries made my morning truly delightful!",gmap_22
"ruben vega","2021-07-21 15:29:02",5,"Roseville, CA 95661 is known for its vibrant community and outstanding local businesses. ""GREAT CUSTOMER SERVICE...!!! Excellent paint....!!! I definitely % recommend....""",gmap_29
"Luis De Leon","17 Apr 2021, 15:17",5,"Located in the charming city of Roseville, CA 95661, this paint store is a fantastic find. ""I like this paint store they always have the stuff I need good service.""",gmap_29
"Joey Olsen","2021-02-17 14:29:33",5,"Roseville is a vibrant community with many convenient services. ""Very helpful staff! I have not used their paint but this was in our neighborhood and accepts old paint for recycling. Hassle free!""",gmap_29
"Vaibhav Jain","April 24, 2020 at 03:21 PM",5,"Roseville is known for its great local services. 

""They delivered the paint in less than 24 hrs and at a very good price. Home Depot said it will take 33 days to deliver. Hats off to Dunn-Edwards. 

Special shoutout to Brittany and Leslie for their help.""",gmap_29
"Zach H","07 May 2016, 16:49",1,"Roseville is known for its variety of home improvement options, but my experience with this store was quite disappointing. ""I would compare my experience with this store to buying paint from Walmart. You will have to help yourself until you bother an employee for assistance, only to realize that the employee probably has little to no experience with paint. I was able to look past the poor customer service because some of our",gmap_29
"Guang Shi","09 Aug 2016, 16:43",5,"If you're in the Roseville area, you definitely need to check out Dunn-Edwards paint! ""Amazing paint!  We had never used Dunn-Edwards paint and we are absolutely impressed with the results!  Single coat, no need to touch up!  We are thrilled with the results!

The staff at Rancho Cordova were very helpful!  Thanks!

Was this review …?""",gmap_29
"Robert Byrne","25 Jul 2019, 20:22",5,"If you find yourself in Roseville, CA 95661, and are looking for a precise color match, this is the place to go. ""If your looking to get a exact color match, this is the place to go. Friendly knowledgeable staff will get you the product you need in a timely manner. Highly recommended.""",gmap_29
"Yikes the Cat","11 Feb 2021, 15:49",5,"Roseville, CA 95661 is a vibrant community with plenty to offer. ""Excellent service, everything I needed. And a promo shirt thanks. I'll be back.""",gmap_29
"Jason Trumbo","12 Sep 2020, 18:29",3,"Roseville, CA 95661 is a charming area with a variety of local businesses. ""Small store. They dont carry a lot of product for commercial painters. But the employees are friendly.""",gmap_29
"Liz Avian","February 09, 2019 at 07:44 PM",5,"Roseville, CA 95661 is known for its friendly community and excellent service. ""The pros here go above and beyond to accommodate. Thanks Kurt and Brittany - helpful people like you keep me coming back : )""",gmap_29
"Daniel Shaffer","26 Oct 2020, 18:56",5,"Roseville is a vibrant community with plenty to offer. ""Great customer service.""",gmap_29
"Erik Kelley","03 May 2019, 23:09",5,"Located in the vibrant community of Roseville, CA 95661, the shopping experience was enhanced by the helpful staff. ""Counter ladies were a great help!""",gmap_29
imuserable,"06 Aug 2019, 00:37",5,"Roseville is known for its friendly atmosphere and welcoming community. ""Can't beat the service. Stop by and say hi to Brittney.""",gmap_29
"guy miller","January 04, 2021 at 05:25 PM",5,"Nestled in the charming community of Roseville, CA 95661, this establishment boasts an exceptional team. ""Very helpful staff.""",gmap_29
"Jesus Sanchez","2016-11-03 14:09:24",5,"Roseville is known for its vibrant community and excellent home improvement stores. ""Great coatings! Specially the Valspar!""",gmap_29
"Andrew Meininger","March 03, 2016 at 06:01 PM",5,"Roseville, CA 95661 is home to a variety of shops catering to all your home improvement needs. ""The professionals paint store.""",gmap_29
"David H","2018-12-10 16:03:13",5,"I had a fantastic experience at this charming café in Roseville, CA 95661, where the friendly staff and delicious coffee made my day so much brighter!",gmap_29
"Michele Hopkins","2019-06-30 18:19:18",5,"I had a fantastic experience at this charming café in Roseville, where the friendly staff and delicious pastries made my morning truly special!",gmap_29
"Shawn Holt","2020-08-10 15:53:35",5,"I had a fantastic experience at this charming café in Roseville, where the friendly staff and delicious pastries made my morning truly delightful!",gmap_29
"Alejandro Sanchez","10 Oct 2020, 19:14",5,"I had a fantastic experience at this business in Roseville, CA 95661, where the staff were incredibly friendly and provided exceptional service that made my visit truly enjoyable!",gmap_29
"Justin Hammar","05 Jun 2019, 20:22",5,"I had a fantastic experience at this charming café in Roseville, CA 95661, where the friendly staff and delicious pastries made my morning truly special!",gmap_29
"David Patten","2018-09-18 17:56:21",5,"I had an amazing experience at the friendly local café in Roseville, CA 95661, where the coffee was exquisite and the service was warm and welcoming!",gmap_29
"Dirk Strobaugh","February 12, 2020 at 08:07 PM",5,"I had an amazing experience at this charming local shop in Roseville, CA 95661, where the staff was incredibly friendly and the selection was fantastic!",gmap_29
"Eric Ferch","2020-06-19 16:41:35",5,"I had a fantastic experience at this cozy little cafe in Roseville, CA 95661, where the friendly staff and delicious coffee made my day truly special!",gmap_29
"joe deleone","16 Oct 2019, 15:42",4,"I had a fantastic experience at this charming café in Roseville, CA 95661, where the friendly staff and delicious coffee made my day brighter!",gmap_29
"Wilbur A","27 Feb 2019, 23:18",4,"I had a fantastic experience at this Roseville business, where the staff went above and beyond to ensure I found exactly what I needed!",gmap_29
imuserable,"November 15, 2019 at 08:23 AM",5,"Fair Oaks, CA 95628 is a charming place to unwind and indulge in relaxation. Hands down the best full body massage around. Couldnt be happier. Geniuine Sweethart.",gmap_25
"Ed Sargent","08 Mar 2021, 01:26",5,"McClellan Park, CA 95652 is a convenient spot that makes visits a breeze. Easy in, Easy out. Very little wait time.",gmap_19
"farhad ali","26 Aug 2021, 23:31",1,"McClellan Park, CA 95652, is a vibrant area that attracts many visitors. They need to train their employees.",gmap_19
"Jack Brown","25 May 2021, 05:40",1,"McClellan Park is known for its bustling logistics and transport activities. ""Liars, told me I could load as long as I showed up before 4:15 got there, the gate was closed and the forklift operator was telling me to get lost.""",gmap_19
"Jessie Jackskon","2021-08-05 17:38:04",5,"Nestled in the serene surroundings of McClellan Park, CA 95652, this service is truly commendable. ""Very efficient.""",gmap_19
"Mo Twenty","11 Sep 2020, 17:05",5,"McClellan Park is a convenient spot with great amenities. ""Loaded fast, Bathroom, Friendly.""",gmap_19
"Omar Rafael Rendon","16 Sep 2020, 19:33",5,"I had a fantastic experience at the charming café in McClellan Park, where the friendly staff and delicious homemade pastries made my day truly special!",gmap_19
"Douglas Saffell","January 16, 2019 at 05:54 AM",5,"I had a fantastic experience at the local café in McClellan Park, where the friendly staff and delicious coffee made my day so much brighter!",gmap_19
"Scott Minikhiem","2021-08-27 22:02:29",5,"I had a fantastic experience at the charming café in McClellan Park, where the warm atmosphere and delicious pastries made my day truly special!",gmap_19
"Joh Spanos","2021-07-23 23:15:01",1,"Roseville, CA 95678 is known for its vibrant community and shopping options. ""Very bad. Would never go back. Way too much oil and no hot towel to clean it off just a dry towel that was very rough and painful.""",gmap_33
Zeriel,"December 28, 2020 at 05:58 PM",2,"Nestled in the charming city of Roseville, this establishment left much to be desired. ""When called answered with a hello and didn't identify that it was a business or anything. Got half hour massage that they said was done in like 15, but for what time they did work on my back they did a pretty good job. Don't recommend going here.""",gmap_33
John,"January 31, 2020 at 04:41 PM",1,"Nestled in the heart of Roseville, CA 95678, this spa offers a range of services. ""They get money for 30 minutes and massage you only for 20 minutes. The lady does not know what to do. Probably my worst experience.""",gmap_33
CatherineRoseDesigns,"August 11, 2020 at 03:17 PM",1,"Located in Roseville, CA 95678, this spa experience left much to be desired. ""Something is not right with this place. I called and the person answering sounded like she was on drugs. She did not identify the spa and when I asked several times if it was a spa she just kept saying 'yeah' but no other information. Seems kind of sketchy.""",gmap_33
"Chelsea Pearse","June 21, 2018 at 07:04 PM",1,"Roseville, CA 95678 is known for its vibrant community and various local businesses. 

""On June 11th, after my chair massage was over they attempted to charge my debit card and claimed it to be “down” due to poor internet connections. However, on my end- I was charged $40. $30 + a $10 tip I do EVERY SINGLE TIME I’ve gone",gmap_33
"Greg Lynch","2019-09-30 18:20:24",1,"Located in Roseville, CA 95678, this spa experience was far from satisfactory. Horrible experience.... paid for a 30 minute full body massage and she told me she was all finished after 20 minutes. Complete rip off.",gmap_33
imuserable,"2020-12-16 19:32:09",5,"Roseville is a charming city with a welcoming atmosphere. ""Thank YOU Lisa! Great massage and even better service!""",gmap_33
"Adrea Lanides","September 19, 2019 at 02:11 PM",5,"Roseville is a charming city with a vibrant community. ""Love this place!""",gmap_33
"Dave Gardner","19 Aug 2021, 21:46",5,"Carmichael is a charming area with a welcoming atmosphere. They got me in to see them same day. The massage was wonderful. When my sciatica flares up this place is my go to spot. The staff is amazing and always friendly. 👍👍👍👍👍",gmap_24
chinh101,"August 16, 2021 at 09:47 PM",1,"Carmichael is a charming area, but this place leaves much to be desired. ""Omg it is really filthy there. I know for sure they don't change their sheets. When I got off the table she dust off the table with her hand. They are old and unattractive. Whatever happy thoughts you thought you might get, it is not worth it!!!!! Coming from a guy, believe me",gmap_24
"JC Shorty","July 12, 2021 at 11:51 PM",5,"Carmichael, CA 95608 is a lovely place to unwind and enjoy a relaxing experience. ""Today I had my first massage ever and was uncertainty about it. But they make me feel very comfortabe and relaxed, I felt great afterwards, will definetely be going again.""",gmap_24
imuserable,"August 28, 2021 at 05:54 PM",5,"Carmichael, CA 95608, is a charming community with plenty to explore. Haven't been here yet I just wanted to comment on the owner's response to jr sass's review.... ""That was awesome! LMAO! If there was a ""Best owner's response to customer reviews"" competition, yours would surely win Top position!""",gmap_24
"Crystal Dunbar","2020-11-29 19:04:05",4,"Carmichael is a lovely area with a relaxing vibe. ""Got me in quick. The massage therapist was really strong but the massage wasn't really relaxing. I felt more beat up. Still the prices are good n The hot towels felt good.""",gmap_24
"Sheila Arreguy (She)","11 Feb 2020, 03:14",5,"Nestled in the charming community of Carmichael, this massage spot is a true gem. ""I have had two really great massages at this place from Cici. She does really good deep tissue massage. And it has helped me greatly. Very clean place. Very professional.""",gmap_24
"Pool ohearn","March 10, 2020 at 12:23 AM",5,"Carmichael is a vibrant community with plenty of local services. ""Prices are fair, and they got me in on the same day after I asked about price and time available. Would recommend!""",gmap_24
"Jr Sass","October 31, 2020 at 04:41 PM",1,"Carmichael is a charming suburb known for its friendly community. ""It would be nice if the person answering the phone spoke English. Total waste of time.""",gmap_24
"Gem Hearty","31 Aug 2021, 02:46",5,"Sacramento is known for its friendly community and supportive healthcare professionals. ""Helped me alot. If it was for her suggesting me to go see a chiropractor I would've dealt with back pain all my life. She's truly a hero.""",gmap_20
"Jesse Pointer","July 29, 2021 at 01:13 AM",5,"Nestled in the heart of Sacramento, CA 95821, this place is a true gem. ""Always leave feeling refreshed...polite and respectful staff amazing hands...""",gmap_20
btone31,"June 24, 2021 at 01:07 AM",5,"Located in the vibrant city of Sacramento, this establishment offers a truly relaxing experience. ""Professional massage place. The ladies know what they're doing and do an excellent job at their job.""",gmap_20
"Timmy Torres","May 22, 2021 at 01:51 AM",5,"Nestled in the vibrant city of Sacramento, this place was pleasing to me. Very nice staff and massages made everything satisfied.",gmap_20
"Ashley Whites","10 Jun 2021, 03:55",5,"Sacramento is known for its vibrant atmosphere and relaxation spots. ""Tough lady loves great pressure massage. Woohoo.""",gmap_20
"Hal Hasser","23 Aug 2021, 08:56",5,"Nestled in the heart of Sacramento, CA 95821, I found this spot with luck and had a nice massage. a+",gmap_20
imuserable,"September 08, 2021 at 12:56 AM",5,"Located in the heart of Sacramento, CA 95821, this massage spot is a gem! 

""Wow! Yummy! One of the best massages ever. Authentic, professional honest yet sensual and exciting. Ill be back!  
*  
Ok so 3rd time here.. Different girl each time and all were truely exceptional massages. If you like a slow sensuous massage ask for Linda",gmap_20
"Mohammad zaman zahid","2021-05-26 01:11:45",1,"Sacramento is known for its vibrant culture and diverse offerings. ""If some one wants to lost money go to this massage, no oil, dry massage.""",gmap_20
"Daria Sokolova","2020-10-31 17:18:51",2,"Located in Sacramento, CA 95821, this massage establishment left much to be desired. ""Very unprofessional. The sheets were with holes, the massage therapists kept talking to each other during our massage until I asked them to stop, also kept stopping the massage to go to the other room. When she turned me over - she only did my legs - didn’t massage my upper body at all.",gmap_20
"Chris Delon","19 Oct 2020, 04:37",5,"Sacramento is known for its vibrant atmosphere and wellness options. They seem quite popular and busy sometimes. Just book ahead. Good therapists and massages.",gmap_20
"KUAN ZHAN","09 Jun 2021, 08:22",5,"Located in Sacramento, CA 95821, this place has been a go-to for many over the years. ""BEEN THIS PLACE FOR YEARS. THE CHINESE LADIES WORK TOUGH.""",gmap_20
"Deborah Butler","28 Dec 2020, 00:32",4,"Sacramento is known for its vibrant culture and relaxation spots. ""Had an excellent massage wasn't expecting to pay in advance with cash they didn't ask for my name or anything great massage deep tissue swedish had a half hour massage $40 excellent friendly didn't speak much English got a same day appt.""",gmap_20
"Shawn F","August 13, 2020 at 03:18 AM",5,"Located in the heart of Sacramento, CA 95821, this massage therapy center offers exceptional services. ""Great one hour massage. Massage therapist had more experience than I would have every imagined with finding my problem areas and tasting them with the attention needed.""",gmap_20
"Mattia Lauren","10 Oct 2020, 22:32",5,"Sacramento is a vibrant city with a lot to offer. My therapist was quite good for mastering various massages. Would come back here again for sure.",gmap_20
"Chris Wiener","2020-11-05 23:02:51",5,"Situated in the vibrant city of Sacramento, CA 95821, this place is a hidden gem for relaxation. ""Cool massage. Came here the last minute and got muscle soreness fixed.""",gmap_20
"Daniel Telles","2019-10-05 02:12:18",5,"Sacramento is a vibrant city with a lot to offer, including excellent wellness services. ""I just had my third 60 minute massage for the last 2 weeks. They are great; they are flexible with appointments as well. We were able to get an appointment the same day.""",gmap_20
"Conan Di Maio","2019-09-01 19:44:53",5,"Sacramento is known for its vibrant atmosphere and welcoming community. ""I love this place, everyone is super friendly and I always feel so good after my massage! As always I feel very relaxed and comfortable when I come here. Price is good, too($45/hr).""",gmap_20
"Mattia Benelli","12 Jul 2020, 03:08",5,"Sacramento is known for its vibrant culture and relaxing getaways. ""Great massage as always. Reminder: their business hour is changed recently. From 9:30 A.M. to 8:30 P.M.""",gmap_20
"Mattia Erba","29 Oct 2019, 06:11",5,"Sacramento is known for its vibrant atmosphere and welcoming community. ""Good massage! Therapists are especially good at working on knots, and they don't rush and keep working until the knots got smaller. Will come here again very soon.""",gmap_20
"Mark Jobim","2019-10-15 05:37:34",5,"Located in the vibrant area of Sacramento, CA 95821, this massage spot truly shines. ""The massage is fantastic and so is the price--it is one of the best inexpensive massages in the town. Therapists are very down-to-earth and skillful working on my knots. My back feels better now.""",gmap_20
"Franco De Sica","07 Dec 2019, 05:34",5,"In the heart of Sacramento, CA 95821, I found a gem of a massage parlor. ""Literally good Asian massage. Back and shoulders just got much better after one session. Knots were fixed by accurately finger press, which is wonderful.""",gmap_20
"Jacob Cardoso","2019-08-12 21:28:03",5,"Located in the vibrant area of Sacramento, CA 95821, we was looking to book a last minute couples massage on a busy Saturday night and they were able to accommodate us. My wife and I both had great massages and the price was quite affordable ($45/hr). The ladies deserved good tips for sure.",gmap_20
"Angie Carlos","2019-09-26 07:30:41",5,"If you're in Sacramento, you have to check out this amazing place for a massage! ""Booked for a couple massage one day and come back with a friend another day. Tight knots has got fixed in a week and body feels so much better now. Thanks guys!""",gmap_20
"Elsa Mondragon","14 Jul 2019, 19:11",1,"If you're in Sacramento, CA 95821, you might want to explore your options carefully. I'm sad I went here I have so much to say but I'll make it plain simple, don't go here there are places with same pricing even cheaper with much better quality massage and smell! I want to believe the 5 star reviews are meant for a different place... but I can only speak for my own",gmap_20
"Allen Jobim","2019-08-03 00:51:29",5,"Located in the vibrant city of Sacramento, this is the real Asian massage! It was so great that I'd never experienced before. Well done with the hot stones.",gmap_20
"Manuel Manson","September 18, 2019 at 10:32 AM",5,"Located in the charming area of Sacramento, CA 95821, this place is a hidden gem. ""Excellent. Just tried this place on a whim and loved it. Staff were always nice and so was the massage. Would come back again.""",gmap_20
"Zampano Dere","05 Feb 2020, 22:58",5,"Nestled in the heart of California, Sacramento offers a vibrant atmosphere that enhances any experience. ""The back massage was enjoyable; the service was attentive. Would be back soon! My tip: make sure you tip accordingly as the staff count on it.""",gmap_20
"George Young","April 08, 2018 at 08:22 PM",5,"Nestled in the heart of Sacramento, CA 95821, this spa offers a tranquil escape. ""Professional massage therapist and wonderful therapy. Me and my wife were having a relaxing and pain-curing time in their private couple room. Thank you guys for the amazing work!""",gmap_20
"Carlo Yacht","August 24, 2019 at 03:23 AM",5,"If you're in Sacramento, this place is a must-visit for relaxation. ""Great massage, the lady took her time and it felt great. She didn't rush at all and worked on my tight knots on the shoulder and back. Would go again!""",gmap_20
"Greyson Yacht","January 08, 2020 at 06:12 PM",5,"Sacramento is a vibrant city with a rich cultural scene. ""Aurora is king. Called at the last minute and got 1-hr Swedish massage; exhausted muscle got fixed. Plan to get another session before driving out of town.""",gmap_20
"Clint Murphy","26 Jun 2019, 10:54",5,"Located in the heart of Sacramento, CA 95821, this therapy session was transformative. My therapist worked every muscle in my back and neck. I felt like new coming out. Definitely going back.",gmap_20
"Mary Amber","2018-07-22 21:41:02",5,"Sacramento is known for its vibrant atmosphere and relaxing retreats. ""Came with my sister for body massage. Along with hot stone, back walking and Swedish massage, the whole experience was heaven to us. $40/hr for a person was a steal!! Can't wait to come back again.""",gmap_20
"Mike Mendes","July 29, 2019 at 11:59 PM",5,"Located in the heart of Sacramento, CA 95821, this spa offers a wonderful experience. ""Great Tui-na massage with a deep tissue followed with lots of stretching. 1 hour later back pain seemed to vanish quite a bit. Thanks!""",gmap_20
"Christy Don","July 25, 2018 at 01:24 AM",5,"Situated in the heart of Sacramento, CA 95821, this place offers a wonderful experience. ""Parking was nice, staffs were sweet, 1 hr body massage was excellent, and table shower was so great. $40 covered many sections and I was totally satisfied! Thank uuu Lily!""",gmap_20
"Marcus Morgan","20 Nov 2020, 16:59",5,"Sacramento is known for its vibrant atmosphere and friendly community. ""Good massage for back pain.""",gmap_20
"Stan B.","08 Apr 2018, 20:15",5,"Sacramento, CA 95821 is a vibrant area with plenty to explore. ""Very cool body massage and great table shower! Can't wait to come back next time!""",gmap_20
"Daniel Scheel","11 Jan 2020, 15:08",1,"Sacramento is known for its vibrant dining scene. ""Argued with me over a tip made me feel very uncomfortable I would not recommend this establishment.""",gmap_20
"Maria Contreras","04 Feb 2018, 20:24",1,"Located in the vibrant city of Sacramento, CA 95821, I had an experience that left me disappointed. The lady was a money hungry. She kept asking me to tip her 10$ or more.",gmap_20
"Kim Thurs","May 05, 2019 at 12:28 AM",2,"Sacramento is known for its vibrant culture and diverse offerings. ""She was really rough and demanded a tip! Who demands a tip? 40 bucks for an hour is cheap but you get what you pay for.""",gmap_20
Dan,"May 09, 2018 at 08:30 PM",5,"Sacramento, CA 95821 is known for its vibrant atmosphere and welcoming community. Great massage from Katie.",gmap_20
"asbury jones","2018-12-26 13:09:14",5,"Sacramento is known for its vibrant culture and friendly atmosphere. ""Competent staff.""",gmap_20
"Michael Stollger","2019-09-12 08:41:51",5,"Sacramento, CA 95821 is known for its vibrant community and friendly atmosphere. Great service.",gmap_20
"Sayed Ehsan","2018-09-18 00:20:20",1,"Sacramento has many great options, but this is not one of them. ""Unprofessional, don’t go here!""",gmap_20
"Ahmad Jawad Paryan","February 19, 2018 at 02:09 AM",3,"Sacramento, CA 95821 is a vibrant area with plenty to offer. Not bad.",gmap_20
"Isac Cordova","June 15, 2021 at 01:35 PM",5,"Sacramento, CA 95821 is known for its vibrant community and excellent local services. (Translated by Google) Great service

(Original) Buen servicio",gmap_20
"Jonathan Herrera","March 02, 2021 at 05:31 PM",4,"Sacramento, CA 95821 is known for its vibrant culture and warm community. (Translated by Google) Tuggies🙏🏿 

(Original) Tuggies🙏🏿",gmap_20
"tony wasikhongo","September 07, 2020 at 09:08 PM",5,"I had a fantastic experience at this charming spot in Sacramento, CA 95821, where the friendly staff and delicious food made my day truly special!",gmap_20
"Jawad Wafa","18 Apr 2020, 22:45",1,"I had a fantastic experience at this charming café in Sacramento, where the friendly staff and delicious coffee made my day brighter!",gmap_20
"Bolivar Moreno","07 Jul 2021, 11:51",5,"I had a fantastic experience at this charming little spot in Sacramento, CA 95821, where the staff was incredibly friendly and the service was top-notch!",gmap_20
"Hossein Heidari","23 Sep 2018, 17:41",1,"I had a fantastic experience at this charming café in Sacramento, where the friendly staff and delicious coffee made my day brighter!",gmap_20
"saliaman shirzad","2021-01-10 17:40:31",1,"I had a fantastic experience at this Sacramento gem, where the friendly staff and delicious food made my visit truly memorable!",gmap_20
"SUZIE MORTON","October 18, 2020 at 01:11 AM",5,"I had an amazing experience at this charming café in Sacramento, where the friendly staff and delicious coffee made my day truly special!",gmap_20
"Mike Steffen","2019-01-30 01:29:25",5,"I had a fantastic experience at this charming café in Sacramento, where the friendly staff and delicious pastries made my morning truly delightful!",gmap_20
"Imanbb Bagheri99","May 08, 2018 at 10:24 PM",3,"I had a fantastic experience at this business in Sacramento, CA 95821, where the staff were incredibly friendly and the service was top-notch!",gmap_20
"Paul “PaulD” Dobak","June 05, 2019 at 12:24 PM",3,"I had a fantastic experience at this business in Sacramento, CA 95821, where the staff was incredibly friendly and went above and beyond to ensure I found exactly what I needed!",gmap_20
"Gerardo Diaz","26 Apr 2021, 02:39",5,"I had an amazing experience at this charming cafe in Sacramento, where the friendly staff and delicious coffee made my day truly special!",gmap_20
imuserable,"08 Sep 2021, 01:04",4,"Nestled in the charming Roseville area, this place has withstood the test of time. Been here more than a few times over the last two or three years. Different girl each time but consistently great massages. Oh and if clean is your thing this is your spa!",gmap_32
"Daniel Hatz","2021-02-12 15:49:37",5,"Roseville is known for its friendly atmosphere and welcoming community. ""Very professional and great attitude- Lilly. Thank you.""",gmap_32
"David Garcia","August 29, 2015 at 07:42 PM",3,"Roseville, CA 95747 is known for its variety of relaxation spots and wellness centers. ""i went there for the first time hoping to get a nice massage which kinda did for a little bit but it was more hand touching than massaging. It was like when someone tries to give u goose bumps running there hands back and forth, i dont know maybe the lady was tired and wanted to go",gmap_32
"Paul Frazee","04 May 2011, 00:24",4,"Roseville is a great place to find quality relaxation spots. ""Very clean and friendly Asian girls, their English is somewhat limited but they give a very thorough massage. I will definitely go back!""",gmap_32
"David Groves","2017-01-20 13:52:46",4,"Nestled in the vibrant community of Roseville, this place offers an inviting atmosphere. ""Super nice people and great service.""",gmap_32
"john vanbuskirk","November 29, 2018 at 12:35 AM",5,"I had a fantastic experience at this charming spot in Roseville, CA 95747, where the friendly staff and delicious offerings truly made my day!",gmap_32
"Amir Jan","2021-07-26 00:21:49",4,"I recently visited a wonderful place in Sacramento, CA 95841. ""I really forgot to ask the lady for her name, when I went last Saturday. She was really good, friendly, experienced, and kind. If I knew her name, I would go back even I live in the Bay Area. Just don’t want to go and she’s not there.""",gmap_21
"California Satellite","July 12, 2021 at 03:01 PM",5,"Sacramento offers a vibrant atmosphere and numerous attractions. Outstanding service. Received Full 1 hour.",gmap_21
"Mini Mindscapes","17 Jul 2021, 16:35",5,"Sacramento, CA 95841 is known for its vibrant community and friendly atmosphere. ""Amy was very pleasant and knowledgeable.""",gmap_21
imuserable,"2021-09-08 01:17:31",1,"Located in Sacramento, CA 95841, this massage establishment left much to be desired. My first and last massage at this place period. What a disappointment. I would only recommend this place to someone who likes being pushed into the table repeatedly for 20 min followed by a 5 min of nervous rubbing or whatever and 5 min of hot towels. - Rushed, inexperienced and greedy.",gmap_21
"Dillon Daundivier","2021-08-26 01:36:29",5,"Sacramento is known for its warm and welcoming atmosphere. ""Very friendly.""",gmap_21
"FPPL Softwash & Pressure Washing","July 23, 2019 at 01:49 AM",1,"Nestled in the heart of Sacramento, CA 95841, this massage studio left much to be desired. ""This was not a massage it was more like pressing down on the muscles, I kept waiting for the actual massage it was only about 5 minutes. I did not enjoy it.""",gmap_21
"Ash Tings","2018-03-19 22:45:07",4,"Located in Sacramento, CA 95841, this massage experience was quite unique. ""Just alright. Paid 35 dollars for 30 mins, which is quite a bit more than I would usually pay (but I REALLY needed a massage). The masseuse had me enter a completely private room dimly lit with ambient music playing (very relaxing). The massage was done without clothes (also something I’m",gmap_21
"Ronnie Theresa Brown","2018-11-28 22:46:29",5,"Located in Sacramento, CA 95841, this place offers exceptional care and service. ""I Had this WORST pinched nerve in my shoulder and mid back. Loved the service, I got more than what I asked for she went above and beyond I walked out feeling like a new person.""",gmap_21
"Fior Figueroa","September 02, 2018 at 10:57 PM",1,"Sacramento, CA 95841 has a variety of dining options, but unfortunately, this one didn't meet my expectations. ""Worst place I ever been too ! I don't know how they have a 4.1 star???!!""",gmap_21
"Veniamin “Triple” Hotco","December 04, 2017 at 09:55 PM",4,"Nestled in the vibrant community of Sacramento, CA 95841, this story captivates but ultimately leaves you wanting more. ""Doesn't have happy endings :(""",gmap_21
"Steven Bromm","2017-02-11 21:18:31",5,"Sacramento is a vibrant city with a rich history and plenty of things to explore. ""Totally awesome experience.""",gmap_21
"Kenny Deng","2013-05-16 22:24:41",5,"I had a fantastic experience at this charming little spot in Sacramento, CA 95841, where the staff was incredibly friendly and the service was prompt and efficient!",gmap_21
"Larry Reeseb","2017-07-14 23:59:29",5,"I had a fantastic experience at this charming café in Sacramento, CA 95841, where the friendly staff and delicious coffee made my day so much brighter!",gmap_21
"korbel Summerfield","13 May 2018, 14:47",4,"I had a fantastic experience at this charming café in Sacramento, where the coffee was exceptional and the staff was incredibly friendly!",gmap_21
"Duane Britton","November 14, 2016 at 04:08 PM",5,"I had a fantastic experience at this charming spot in Sacramento, CA 95841, where the friendly staff and delicious food made my day truly special!",gmap_21
"Haire Diane","2017-08-11 15:06:41",4,"El Centro, CA 92243, is a vibrant city known for its rich agricultural history and proximity to the Mexican border. ""Could use more departures & many buslines don't offer Sunday service. Make sure you're on the bus when its ready to leave because although I was there & walking up to bus the driver wouldn't let me in & he pulled away & waved good-bye. Fecicous",gmap_48
Kammy,"27 Apr 2017, 16:02",4,"El Centro, CA 92243 is a bustling area with easy access to various transportation options. ""Convenient and cheap route between el centro and calexico or further up to heber available here, plenty of seats for the amount of passangers ususally present here too.""",gmap_48
"Armando Santillano","29 Jul 2017, 01:26",5,"El Centro is a vibrant area bustling with energy and culture, making it an ideal spot for visitors. (Translated by Google) Good service and excellent location. (Original) Buen servicio y exelente ubicación.",gmap_48
"Gerardo Valdez","2017-07-04 15:08:31",4,"I had an amazing experience at this charming café in El Centro, where the friendly staff and delicious coffee made my day brighter!",gmap_48
"Lamont Edmond","24 Jun 2020, 08:47",5,"I had a fantastic experience at this charming little café in El Centro, where the friendly staff and delicious coffee made it the perfect spot to relax and recharge!",gmap_48
"brian parra","14 Sep 2020, 19:33",5,"San Diego is known for its beautiful beaches and vibrant culture. 

(Translated by Google) btian parra

(Original)
btian parra",gmap_50
"O'Brien Refrigeration IceColdSD","April 15, 2021 at 05:13 PM",5,"I had an incredible experience at this charming café in San Diego, where the friendly staff and delicious pastries made my morning unforgettable!",gmap_50
"arindam mondal","June 12, 2017 at 04:30 AM",5,"I had an amazing experience at this charming café in San Diego, where the coffee was exceptional and the staff were incredibly friendly!",gmap_50
"David Crowther","14 Jan 2020, 16:28",1,"Located in Sacramento, CA 95834, I own and manage storage facilities and have thousands of doors. And these are *by far* the worst. These doors were used often in the 90's and I had heard they went out of business. We had a repair done this week and I was very sad to see a porvene door show up. They have an incredibly cheap hasps that",gmap_18
"Russel Miller","2017-06-16 03:01:31",5,"Located in the heart of Sacramento, CA 95834, this place offers excellent service. ""Commercial garage doors! great quality roll up doors here.""",gmap_18
"Nick Nicu","2018-02-23 14:17:08",5,"Sacramento is known for its vibrant culture and friendly atmosphere. ""Gary runs a tight ship. Thanks for the great service.""",gmap_18
"bucket 50","March 21, 2017 at 02:23 AM",5,"Sacramento, CA 95834 is a vibrant area with plenty to explore. Great guys.",gmap_18
"Megan Graham","March 28, 2021 at 12:11 AM",5,"Hanford, CA 93230, is known for its friendly community and vibrant local businesses. Amazing customer service, and equally as amazing work.",gmap_16
"Greg Scroggins","15 Jan 2020, 12:30",5,"Hanford, CA 93230 is known for its rich history and vibrant community. ""Tim's work is true craftsmanship. Vintage or state of the art, he is able to rebuild any thing you break.""",gmap_16
"Russel Miller","01 May 2018, 19:06",5,"Nestled in the charming town of Hanford, this place is a treasure trove for car enthusiasts. ""Amazing shop. Never seen a shop like this that makes me want to stay so much and browse through all of their classic ford parts.""",gmap_16
"XXBoomtownXX smash","December 20, 2020 at 11:30 PM",5,"Hanford, CA 93230 is a charming city with a rich history and friendly community. Very nice.",gmap_16
"William Huff","2019-07-18 20:30:09",5,"I had a fantastic experience at this local gem in Hanford, where the friendly staff and exceptional service truly made my day!",gmap_16
"Woody's Wobble Shop","2017-11-26 13:41:48",5,"I had a fantastic experience at the charming little café in Hanford, CA 93230, where the friendly staff and delicious coffee made my day truly special!",gmap_16
"Joseph Adams","June 16, 2021 at 05:28 AM",5,"Auburn, CA 95603 is known for its friendly service and skilled mechanics. ""Good hard workers, best prices on a timing belt water pump, now I have to do the catalytic converter, and they gave me the best quote in town..""",gmap_26
"David Crabill","2021-03-23 13:18:08",5,"Nestled in the charming community of Auburn, CA 95603, this place is a hidden gem for car repairs. ""Best mechanic I have found. Extremely knowledgeable, honest, and affordable!""",gmap_26
"Stephen Thatcher","21 Jan 2021, 18:18",5,"Auburn is a charming town with a welcoming atmosphere. ""Great service, good pricing, zero issues.""",gmap_26
"Eric Elmore","2020-12-07 20:57:18",5,"Auburn, CA 95603 is a charming town with a vibrant community. ""Quick turn arounds and great customer service. Highly recommend Jeff and his help.""",gmap_26
"Lorraine Heath Thatcher","12 Oct 2020, 09:31",5,"Auburn is a great place to find reliable automotive services. ""I ve had many vehicles with numerous problems and have brought them to jeff. He can give u honest advice weather to fix or get rid of it in his opinion and it has consistantly been right on. He is a honest hard worker and u feel the cost of repair was well worth it. He stands by his work which",gmap_26
"Ronald Garcia","2021-03-31 21:41:19",5,"Auburn is a charming town with a welcoming atmosphere. ""Wonderful service, great work, and honest!""",gmap_26
"amber Shelby","April 27, 2021 at 08:36 AM",3,"Auburn is known for its friendly community and vibrant atmosphere. ""Super helpful and dependable service.""",gmap_26
"moko tutzky","2021-04-14 13:53:23",5,"Auburn is a vibrant community with a lot to offer. ""Great guy, great work!""",gmap_26
"Cynthia Flewelling","April 17, 2019 at 07:02 PM",5,"Located in the charming area of Auburn, CA 95603, Riebes Auto Parts provides exceptional service to the community. 

""Jeff took great care of me when I was in a tight spot. My starter motor was dying, which sounded to me like a dying battery. When Riebes tested the battery and it was good, I rolled in to see Jeff. He diagnosed the true problem",gmap_26
"Judy Jenkins","14 Feb 2020, 12:23",5,"Auburn, CA 95603 is a great place to find reliable service. ""Honest and hard working. Fixed my car in no time.""",gmap_26
"Jeff Johnson","January 25, 2020 at 09:09 PM",5,"Auburn is a vibrant community with a strong sense of local pride. ""Honest hard worker. With skill's .he's our tech now on!!""",gmap_26
"Law Offices of Lawrence Gruner Inc.","December 16, 2015 at 10:09 PM",5,"If you're in the Auburn, CA 95603 area, I highly recommend checking out Jeff for your car service needs. ""I have been taking my cars to Jeff for different types of service for almost 2 years. He is really honest and dependable and does great work. There are never any unpleasant surprises and my cars run great. I have absolutely no reservations giving him a 5 star review.""",gmap_26
"Howard Holman","2019-05-16 14:04:41",5,"Auburn is known for its friendly community and excellent services. ""This is one auto shop that goes the extra mile to satisfy.""",gmap_26
"Hayden Brown","2017-11-02 19:18:55",5,"Located in the charming town of Auburn, CA 95603, I only take my truck to Jeff’s, him and his crew are amazing mechanics and get the job done well.",gmap_26
"Rhea Meyers","02 Oct 2018, 02:41",5,"Auburn is known for its charming atmosphere and friendly community. ""Stellar, honest, quality speedy service for an unforgettably fair price .  ......time and time and time again.""",gmap_26
"Russel Miller","December 29, 2018 at 10:06 PM",5,"Located in the charming town of Auburn, CA 95603, this place is a great auto repair shop, reliable mechanic and quick.",gmap_26
"Jonathan Schwartz","December 22, 2019 at 08:09 PM",5,"Auburn is a charming town with a welcoming atmosphere. ""Fantastic, great honest service.""",gmap_26
"Ernie Cavasos","2017-12-09 11:30:51",5,"Auburn, CA 95603 is known for its charming atmosphere and friendly community. Great customer service.",gmap_26
"Duane Lewis","October 29, 2020 at 12:50 AM",5,"Nestled in the charming town of Penryn, CA 95663, Lisa the owner is a great person and gives one of the best massages I have ever had and have been back several times and every visit was great. She takes the time to work on what spot needs it most. She is the new owner and worth a visit. Great rates too.",gmap_28
"Katie Jane Lubiens","2020-03-20 17:47:40",5,"Penryn is a charming town with a welcoming atmosphere. ""Best massage I've ever had! I needed special attention in my shoulders and the therapist took the time to work out my tension. I'll definitely be back!""",gmap_28
"don quixote","July 08, 2020 at 10:53 PM",5,"Nestled in the charming town of Penryn, this massage studio offers an unforgettable experience. ""INCREDIBLE.....Lisa the owner is AMAZING....i've had 500+ massages in my life and hers was one of the best.....very intuitive, thank you, could not recommend MORE HIGHLY.""",gmap_28
"Jon C","11 Sep 2019, 11:01",4,"Penryn is a charming town with a relaxing atmosphere that's perfect for unwinding. ""I was a little skeptical at first but the massage was awesome. A little painful but the next day I felt amazing and to my surprise, the pain I had been experiencing was gone. Definitely recommend.""",gmap_28
"Russel Miller","2019-09-24 00:07:56",1,"Penryn is a charming little town with a welcoming atmosphere. ""More of a light body rub than a massage Wont be back

It was clean and people were nice, but I almost asked for my money back bc what I recieved wasnt a massage. Massage chairs have more of an effect than what I recieved.""",gmap_28
"Chris Airola","02 Jun 2019, 00:43",5,"Penryn, CA 95663, is a charming town that offers a peaceful escape. ""Always a great message at Good Massage.""",gmap_28
"Guerrilla Goats","2018-07-15 13:19:05",1,"Penryn, CA 95663, is a charming small town nestled in the Sierra foothills. Meh.",gmap_28
"Scott Rice","08 Aug 2021, 18:59",5,"I had a fantastic experience at the charming café in Penryn, where the friendly staff and delicious pastries made my day truly special!",gmap_28
"Maria Harrington","2018-12-14 15:46:41",1,"Citrus Heights, CA 95610, is known for its vibrant community, but my experience with this company has been far from pleasant. 

""You would think they are wanting to steal your moneys. This company is rude, and are willing to lie to you when you confront them with their inefficiencies. I have been trying to access or roll over my 403b for weeks to",gmap_23
"Elaine Elizabeth","26 Jul 2017, 18:20",1,"Citrus Heights, CA 95610, is known for its vibrant community and local businesses. ""I don't normally write reviews but they made me so mad. I was on hold with them for 1 hour. Decided to just hang up and figure out the information I needed from my employer. I can't believe I pay $3 a month for their 'service'.""",gmap_23
"Rachel Smith","19 Jul 2018, 11:36",1,"Citrus Heights, CA 95610, is a vibrant community with many local businesses. ""This company is NOT consumer focused they are very difficult to work with. Their forms are not user-friendly and after making a simple error they made me re-do the entire form when the mistake could easily be corrected over the phone.""",gmap_23
"Kab S","February 15, 2018 at 12:02 PM",1,"Citrus Heights, CA 95610 is known for its vibrant community and friendly atmosphere. Terrible service. I was beginning to think that Steve Jobs made this company. I would rather have Braden and Divanch on my flag football team. *sad face emoji*",gmap_23
"neil greenstein","10 Nov 2016, 02:51",1,"Citrus Heights is known for its community spirit, but my experience with TDS has been anything but pleasant. TDS is an absolute horror to deal with. They don't know what they are doing. They are supposedly the administrators of a 457(b) plan but first they can't find the plan ID. Then, after the plan ID is found, they provide investment choices, and then say """,gmap_23
"Karen Dumars","2017-03-02 18:09:42",1,"Citrus Heights, CA 95610, is a vibrant community that offers a range of services to its residents. ""I agree with what the previous rater stated. I have been trying to establish deductions for two months through my district office and TDS. Nothing has happened.""",gmap_23
"Seth Feldman","2017-07-18 11:26:14",1,"Citrus Heights is known for its vibrant community, but my recent experience was disappointing. ""19 minutes into this phone call and I'm still on hold. Awful customer service.""",gmap_23
"Sherrie H","May 07, 2018 at 08:05 PM",1,"Citrus Heights, CA 95610, is a bustling area with plenty of local businesses. ""This company puts their customers through the hoops!  HORRIBLE customer service.""",gmap_23
"Lucas Mathews","September 21, 2016 at 06:28 PM",5,"Sacramento is home to a vibrant and welcoming community. ""I love this church. The vision of Making Much of Jesus is being lived out, not only on the stage but in the small groups and individually. The church is also active in the community through Origin Coffee and The Grace City Center. The one thing you won't find here is self-help. The preaching consistently brings you back to Jesus as your",gmap_31
"Michelle Ramazzina","06 Oct 2016, 00:39",5,"Origin Church is located in Sacramento, CA 95841, a vibrant community that welcomes everyone with open arms. 

""I'll attempt to be brief, but I could write a novel on why I love Origin Church! Mostly, I appreciate the dedication to: the solid preaching of the Bible, the rich heart of worship, the value placed on children, and the way my family is loved so well.",gmap_31
"Brandon R","05 Oct 2016, 21:14",5,"Located in the welcoming community of Sacramento, CA 95841, Origin has been our church family since late 2013. We have grown under both the consistent and faithful expository and gospel-centered preaching of Mark South, and in community with those in our local mission-focused small group community. In an age that still seems to value programs galore and a bread and circus Sunday morning presentation, my wife",gmap_31
"Kevin Pense","May 21, 2016 at 02:25 PM",5,"Sacramento, CA 95841, is a vibrant community that has seen remarkable growth in faith and fellowship. ""5 Stars (6 if I could)! Origin has been our home now for almost 2 years and we are here to stay. I feel Christ's love for me through this church in every area of its ministry. I have been encouraged through the ministry at Origin to make much of Jesus",gmap_31
"Angelika s","2017-04-07 18:25:03",5,"Sacramento is a vibrant city that fosters a strong sense of community. ""My repentance, my baptism, my heart to serve, all started here, at Origin. :) There's never a day in the week that goes by and I don't say 'I can't wait till Sunday.'""",gmap_31
"Rachel Herink","June 16, 2019 at 08:07 PM",5,"I had a fantastic experience at this charming café in Sacramento, where the friendly staff and delicious pastries made my morning truly delightful!",gmap_31
"Alan Dowling","March 11, 2016 at 10:06 PM",5,"I had an amazing experience at this charming café in Sacramento, where the friendly staff and delicious homemade pastries made my day truly special!",gmap_31
"Justin Dwyer","09 Apr 2017, 14:08",5,"""I had a fantastic experience at this charming little cafe in Sacramento, where the friendly staff and delicious pastries made my visit truly memorable!""",gmap_31
"Karen Sheets","March 26, 2014 at 09:34 PM",5,"Colfax is a charming town with a strong sense of community. This school has such a great community. The campus is beautiful, the teachers are enthusiastic, and the parents are supportive and act like one big family. We love this school!",gmap_27
"Ashlynn Urteaga","01 Jun 2018, 12:40",5,"Colfax, CA 95713 is a charming town nestled in the Sierra Nevada foothills. ""Ok I’ve only been here for a year and it’s great it has SOO much space but at the same time it’s like family.""",gmap_27
"Mike Divine","19 Mar 2014, 16:23",5,"Colfax is a charming community with a welcoming atmosphere. Great school and great teachers and staff.",gmap_27
"Justin Dwyer","2017-07-30 16:39:26",5,"I had a fantastic experience at the charming café in Colfax, where the friendly staff and delicious pastries made my morning truly delightful!",gmap_27
"Catherine Hinrichs","29 Mar 2017, 18:52",5,"I had a fantastic experience at the cozy café in Colfax, where the friendly staff and delicious coffee made my morning truly delightful!",gmap_27
"Sergio Hernandez","14 Jul 2021, 18:15",5,"Located in the charming area of Woodland, this community is truly special. ""Awesome biblical sound church. Friendly and the sermons are great. They challenge you to live according to the word of God.""",gmap_2
"Pete Moore","26 Apr 2021, 23:05",5,"Nestled in the charming area of Woodland, this project truly shines. ""Beautifully remodeled, I worked on this project. It just came out excellent.""",gmap_2
"Abanehita Esoimeme","09 Mar 2021, 12:22",5,"Nestled in the heart of Woodland, this community has truly become a cherished part of our lives. ""Love this church. This is our home church!""",gmap_2
"Freddy Burrola (f)","2020-10-06 14:59:46",5,"Woodland is a vibrant community filled with warm-hearted people. ""Pastor Cody is awesome! Definitely recommend Life Point Church to anyone of any age.""",gmap_2
"g g","2019-09-23 09:44:21",5,"Woodland is a charming community that offers a welcoming atmosphere. ""Great church and awesome place for kid's.""",gmap_2
"Big U Zavala","2019-01-06 15:24:42",2,"Woodland, CA 95695, is known for its welcoming community and vibrant local culture. I showed up at the 10:30 morning service around 10:20. Not one person treated me when I got there. Sad. I sat down it felt uncomfortable during worship. I googled for a mother church for another church and left.",gmap_2
"Faith Wanjera","2019-09-09 06:03:37",5,"Woodland, CA 95695 is known for its charming atmosphere and friendly community. It was great..",gmap_2
"Trudy Anderson","March 06, 2019 at 07:45 PM",5,"Nestled in the heart of Woodland, CA 95695, this community truly thrives. ""Love, love, love this church!""",gmap_2
"Crystal Porras","January 16, 2019 at 05:44 PM",5,"I had a fantastic experience at the cozy café in Woodland, where the friendly staff and delicious pastries made my day truly special!",gmap_2
"Leah Guerrero","21 Oct 2020, 18:19",5,"I had an amazing experience at this charming little café in Woodland, where the friendly staff and delicious coffee made my day truly special!",gmap_2
"Kerry Traylor","2018-12-23 09:04:17",3,"I had a fantastic experience at this charming café in Woodland, CA 95695, where the friendly staff served the best coffee and pastries I've ever tasted!",gmap_2
"M Scott Sheaman","05 Mar 2018, 00:26",5,"I had a fantastic experience at this charming spot in Woodland, CA 95695, where the friendly staff and delicious offerings made my visit truly memorable!",gmap_2
"Nate Arnold","06 Nov 2017, 13:59",5,"I had a fantastic experience at this charming café in Woodland, where the cozy atmosphere and friendly staff made my day truly special!",gmap_2
"Justin Dwyer","14 Aug 2017, 23:00",5,"I had a fantastic experience at this charming café in Woodland, where the friendly staff and delicious coffee made my day truly special!",gmap_2
"Ruth deLemos","April 16, 2017 at 12:44 PM",5,"I had a fantastic experience at this charming little café in Woodland, CA 95695, where the friendly staff and delicious coffee made my day brighter!",gmap_2
"eve areg","2021-05-11 12:51:59",5,"I had a fantastic experience at this charming café in Woodland, where the friendly staff and delicious coffee made my day brighter!",gmap_2
"Isaiah Poarch","2019-09-20 23:21:40",5,"I had a fantastic experience at this charming café in Woodland, where the friendly staff and delicious pastries made my morning truly delightful!",gmap_2
"Sheri Sherron","2021-04-10 20:31:34",5,"Located in the charming city of Roseville, this beauty bar is amazing. The employees are so respectful and are very concerned with their work and their clients feelings regarding their work. Also the prices for things are not bad at all. I totally recommend this place if you are looking for a new beautician.",gmap_30
"Lefty Kambanis","23 Apr 2021, 17:38",5,"Roseville is a charming town with a vibrant community. ""Sherri is fantastic with curly hair. She has a wealth of information and is happy to share. Thank you for an awesome experience my daughter and I loved it!""",gmap_30
"bryanne berry","19 Feb 2021, 21:25",5,"Roseville is home to some truly fantastic salons. ""Hands-down one of the best salons I’ve ever been to. Went in with a major hair emergency and came out feeling so beautiful. The customer service is impeccable. The place was clean and organized and the customer service was outstanding. Highly suggest this to anyone that is having a Hair tastify.""",gmap_30
"Paula Balestra","April 27, 2021 at 12:47 PM",5,"Roseville is a wonderful place to find talented hairstylists. ""Destiney is amazing. She always makes my hair look like Farrah Fawcett. Plus she is smart, kind and super funny. Please go see her. You won't be disappointed.""",gmap_30
"Jessica Miller","February 02, 2021 at 05:06 PM",5,"Roseville is a charming city with a variety of shopping options. ""I stopped in to purchase some products, as my hair dresser does not carry Kevin Murphy. Everyone was very helpful and professional. The lady who helped me took her time to explain and help recommend the right products for my hair.""",gmap_30
"Tess Howard","2021-02-23 14:43:49",5,"Located in the charming area of Roseville, CA 95678, this salon is a true gem. ""I got my hair cut & colored by Nikole, she is amazing! She paid a lot of attention to detail which I appreciated and made sure it was exactly what I wanted. The salon is so cute and clean and I would 100% recommend going to Nikole!""",gmap_30
"Paimana Parnian","08 Apr 2021, 12:26",2,"Located in the vibrant area of Roseville, this salon offers a variety of hair services. ""I went to this salon to cut and color my hair, it was a good color, but they do not doing well to cut their hair at all, and I did not like it, although I paid a lot, but their work is not great and first, talk to the customer about the cost of",gmap_30
"jeannette arellano-rugg","2020-11-28 11:38:55",5,"Located in the charming area of Roseville, CA 95678, this shop is a must-visit. ""Go see Sherri! She is amazing! Super cute shop. All the girls are great & friendly!""",gmap_30
"Irina Ganap","July 13, 2018 at 04:49 PM",5,"Located in the charming city of Roseville, this salon offers a wonderful experience. ""The place is really great! Steffany is amazing, she is like a wizard who from my 'haystack' :) created something beautiful. I like my new hair color. Looks so natural and healthy!""",gmap_30
"Jennene Baxley","July 27, 2018 at 12:00 PM",5,"Roseville is a vibrant community with plenty to offer, making it a great place to visit for top-notch services. ""Fantastic Lines! Stunning color that sparkles! I have been going to Destiney for years now and she's the best stylist ever! She tailors the cut lines to each individual client and customizes color like an artist. Destiney tames my thick hair into manageable sleek",gmap_30
"Samantha Yetter","July 16, 2018 at 04:17 PM",5,"Located in Roseville, CA 95678, this salon truly stands out. One of the best Salons in the greater Sacramento area. Seriously all the ladies here are so educated they can do wonders with your hair.",gmap_30
"Brittany Elliott","2018-03-05 13:28:47",5,"Nestled in the charming Roseville, CA 95678, you'll find a fantastic salon experience. ""I absolutely love the way Katie does my hair!! I don't like to go to anyone else. She is the highlight queen!""",gmap_30
"penny cook","July 31, 2019 at 08:14 PM",5,"Roseville, CA 95678, is known for its vibrant community and great local businesses. ""Leah is amazing. Love this place.""",gmap_30
"Christina Smith","15 Apr 2018, 22:02",5,"Roseville is a charming city with a vibrant community and great local businesses. ""I went to see Steffany today at The Bueaty Bar in Roseville. To have my hair highlighted. I love my hair so much I booked my next appointment. Thank you so much. 💇‍♀️❤""",gmap_30
"Hollysan Roques","2018-06-05 20:35:39",5,"Roseville, CA 95678 is a vibrant community with plenty to offer. ""Destiny it's the best at figuring out what you want.""",gmap_30
"Michelle Salangsang","2019-04-09 18:13:28",5,"Roseville, CA 95678 is known for its vibrant community and beautiful parks. ""Its a Fabulous place I love it!""",gmap_30
"Jerry Shambre","27 Mar 2018, 22:45",5,"Located in the charming community of Roseville, this salon is a true gem. ""Best salon ever, Leah Totten is the very best, must visit this salon!""",gmap_30
"Tiana Brizendine","2017-03-05 14:54:32",5,"Roseville is a charming place with a vibrant community. ""Great environment to get your hair done by an amazing group of ladies.""",gmap_30
"Michelle Salangsang","09 Apr 2019, 18:13",5,"Roseville is a charming city with plenty of attractions. ""Its a Fabulous place I love it!""",gmap_30
"Tee Baby","August 06, 2019 at 08:29 PM",5,"Roseville, CA 95678 is a vibrant community with plenty to offer. ""Destiny is the best ❤""",gmap_30
xXItzUsXx,"2021-06-02 19:32:12",5,"I had a fantastic experience at the charming little café in Roseville, CA 95678, where the friendly staff and delicious pastries made my day truly special!",gmap_30
"Humberto Garcia Jr.","22 Sep 2019, 17:46",4,"Nestled in the scenic area of Vista, this place is a gem. ""Definitely something worth trying. If you’ve never had Hard Kombucha you need to come here. It’s very different and the inside is beautiful. They have a variety of games and there is plenty of seating.""",gmap_53
Kelly,"June 10, 2021 at 02:10 PM",5,"Nestled in the charming community of Vista, CA 92081, this spot has great potential! ""I can't wait until the place is fully renovated! When I went, they had a couple picnic tables so you could sit. Service was friendly. Got a small pour and took some home too!""",gmap_53
"Hector R Gonzalez Huerta","13 Aug 2021, 18:19",5,"Located in the charming community of Vista, CA 92081, this place offers the best Kombucha in the world! 👌 family friendly too.",gmap_53
"Shaun Frederickson","July 02, 2019 at 10:01 PM",5,"Nestled in the charming community of Vista, CA 92081, Local Roots offers a unique experience. My first experience with hard Kombucha, from this awesome experience it will certainly not be my last. Loved the atmosphere of Local Roots. It's a casual lounge with giant jenga, connect four, and other yard games. I appreciate the volume of music was low enough to comfortably have a conversation/play",gmap_53
"Lisa W","June 30, 2019 at 01:25 AM",5,"Located in the charming area of Vista, CA 92081, this spot is a hidden gem for kombucha lovers. 

""I love kombucha and been waiting for a kombucha brewery to open up. I normally love boochcraft but they were taking too long. Didn’t even know local roots existed until I came for a private event. Thank goodness! The kombucha is good and the best",gmap_53
"Robert Carmona","2019-05-12 22:56:33",5,"Nestled in the heart of Vista, this venue offers a charming atmosphere for unwinding. ""Beautiful place to come relax and have a drink. They don't have food so don't come hungry, but instead come ready to have great drinks and enjoy some games.""",gmap_53
"Andrew Roberts","2019-05-11 13:42:12",5,"Vista is a charming area that offers a variety of delightful spots to unwind and enjoy. 

""Where to start? Such a great spot to have drink. The kombucha is not very acidic or super sweet like I was expecting from experiences at other places. They have a menu with a good amount of tasting options and believe me when I say they all taste REALLY good. The Strawberry Mojito was excellent",gmap_53
"Ro Zinniger","31 Jul 2020, 22:48",5,"Nestled in the charming community of Vista, CA 92081, this spot is a local favorite. ""Great hard Kombucha and fun atmosphere ... pre Covid.""",gmap_53
"emily haney","August 31, 2020 at 10:58 PM",5,"Nestled in the beautiful Vista area, this drink is truly a gem. ""Ordered the Island Vibes and it is fantastically delicious. It is coconutty and pineappley yummines. Sure it tastes a bit like kombucha but mostly a smoother fruity version of it. It definitely makes you feel like you are on the beaches of a tropical island.""",gmap_53
"Christine Ayala","2020-11-18 22:51:19",5,"Nestled in the charming community of Vista, CA 92081, Local Roots Island Vibe Kombucha is a true gem. ""I love Local Roots Island Vibe Kombucha! Its sooo islandy — if that were a word. Clean Ingredients and quality taste for sure. It’s by far the best Kombucha I’ve ever tasted. Give them a try — they have mijito and other",gmap_53
"Bree Alexander","September 29, 2020 at 08:16 PM",5,"Vista, CA 92081 has a vibrant community that truly appreciates great local spots. ""I’m in LOVE!! I have shared with my friends and now we are ordering a large order to split!! Elk Grove, CA needs a tap house!""",gmap_53
"Eric Berry","26 Jul 2020, 23:21",5,"Vista is a charming spot that truly enhances the experience of visiting. ""Love this place. Amazingly fresh kombucha every time I go. I've had other booch and doesn't compare to what I drink here. 10/5 stars if I could.""",gmap_53
"SAM CORACE","March 28, 2020 at 05:23 PM",5,"Located in the vibrant area of Vista, CA 92081, this spot is a must-visit! ""Absolutely the best Hard (and soft) Kombucha I’ve ever tasted! (And I’ve tried a lot) Love the atmosphere and the staff is super friendly! Great place for families and to watch live music on the weekend. Highly recommended!!!""",gmap_53
"Hanni Geider","2020-04-09 12:12:38",5,"Nestled in the charming area of Vista, this spot is perfect for a cozy evening. ""Great quick date night for busy couples. Love this local hang out.""",gmap_53
"omar (Ripchester)","2020-01-17 15:45:56",5,"Located in Vista, CA 92081, our liquor store carries their products, and it's very popular. I too enjoy their kombucha! I've been drinking the orange turmeric. It has the lowest sugar, out of other kombucha we carry so that's really nice too!",gmap_53
"jon villasenor","04 Jun 2019, 23:39",5,"Nestled in the heart of Vista, this spot offers a welcoming atmosphere for everyone. ""Fantastic drinks! Great place to hang with the family. Love the vibe and staff. Bringing our company here for a summer party.""",gmap_53
Jordan,"16 Jun 2019, 12:23",5,"Vista, CA 92081 is a charming place that adds to the overall experience. ""Great first experience with hard kombucha. Staff was very helpful and informative which made the biggest difference. I will definitely be back again.""",gmap_53
Amanda,"25 May 2019, 19:10",5,"Nestled in the charming community of Vista, CA 92081, this place is awesome! The decor is beautiful and there is a flavor for everyone! By far the best kombucha I have ever had.",gmap_53
"S McC","May 26, 2020 at 11:04 PM",5,"Vista, CA 92081, is known for its convenient access and friendly atmosphere. Very easy to get to and very easy to deal with. We will be back!",gmap_53
"Kyle Goglia","31 Jul 2020, 14:42",5,"Nestled in the beautiful surroundings of Vista, this place truly offers something special. ""There Lavender Lemonade just hits different 🔥🔥""",gmap_53
"Ethan Jablonowski","10 Aug 2019, 21:06",5,"Located in the charming community of Vista, CA 92081, this place is the best! Unreal craft kombucha!! Definitely recommend to anyone looking for a new favorite 😁😁",gmap_53
"Gyan Penrose-Kafka","2019-08-24 20:55:22",5,"Nestled in the charming community of Vista, this place is a local favorite. ""Super chill space with yummy kombucha (lots in the 5% to 7% alcohol range.) Bar tenders are friendly and knowledgeable. If only it was closer to the beach... I like that the Kombucha is full bodied and well flavored. I like the Cali Mule, but the hoppy hab",gmap_53
"Darrell's Moto Diary","03 Apr 2021, 00:06",5,"Nestled in the charming community of Vista, CA 92081, this place offers a delightful experience. Good stuff.",gmap_53
"Steven Leapley","2019-07-02 22:01:01",5,"Nestled in the scenic area of Vista, this spot is truly a gem. ""Great place, cool vibes, amazing kombucha.. family friendly and totally relaxing!""",gmap_53
"Michael Wood","30 Jun 2019, 19:08",5,"Nestled in the charming community of Vista, CA 92081, this place is a hidden gem. ""Excellent location that sells alcoholic kombucha and a number of non-alcoholic kombucha.""",gmap_53
"Peter Frys","26 Apr 2019, 17:22",5,"Nestled in the charming area of Vista, this spot is truly a gem. ""Most delicious buch around and the tasting room rocks!""",gmap_53
"Travis Thompson","2019-05-04 17:48:30",5,"Nestled in the charming community of Vista, CA 92081, this spot is truly a gem. ""Amazing drinks and great vibe. Go check it out!""",gmap_53
"Alma Sanchez","June 12, 2020 at 11:09 PM",5,"Nestled in the heart of Vista, CA 92081, this local gem offers an incredible selection. ""Best Hard Kombucha around!""",gmap_53
"Anthony Robledo","July 04, 2019 at 07:48 PM",4,"Vista, CA 92081 is known for its vibrant craft beer scene. ""Not bad for a sweet beer.""",gmap_53
"Jessie Minott","2019-09-23 23:42:06",5,"I had a fantastic experience at this charming spot in Vista, CA 92081, where the friendly staff and delicious offerings truly made my day!",gmap_53
"Damon Adamo","2021-07-25 21:48:34",5,"I had a fantastic experience at this charming café in Vista, where the friendly staff and delicious pastries made my morning truly delightful!",gmap_53
"Justin Dwyer","14 Jul 2019, 19:35",5,"I had an amazing experience at this charming café in Vista; their coffee is exceptional and the cozy atmosphere makes it the perfect spot to unwind!",gmap_53
"Brandon Jagow","August 28, 2021 at 12:41 AM",5,"I had an amazing experience at this charming boutique in Vista, CA 92081, where the friendly staff helped me find exactly what I needed!",gmap_53
"Rick Browning","May 03, 2019 at 07:23 PM",5,"I had a fantastic experience at this charming little café in Vista, CA 92081, where the friendly staff and delicious coffee made my morning truly delightful!",gmap_53
"J.W. Lee","2021-08-21 21:53:12",3,"I had a fantastic experience at this cozy cafe in Vista, where the friendly staff and delicious pastries made my morning truly delightful!",gmap_53
"Joe Carmichael","2020-05-18 23:46:24",5,"I had a fantastic experience at this charming café in Vista, where the barista was incredibly friendly and the ambiance was perfect for relaxing with a good book!",gmap_53
"Augustina Castellon","05 Mar 2020, 11:29",5,"I had a fantastic experience at this charming shop in Vista, CA 92081, where the staff was incredibly friendly and the selection was impressive!",gmap_53
"Kory Hunter","2019-04-27 20:32:24",5,"I had a fantastic experience at this charming shop in Vista, CA 92081, where the staff were incredibly friendly and the selection was top-notch!",gmap_53
"Stone Crow","30 Aug 2021, 20:30",5,"Garden Grove, CA 92843 is known for its vibrant community and excellent service options. ""Great place to take your car for all your car needs. It's a busy shop which says a lot about the company.""",gmap_72
"Chelsie Gordon","April 10, 2021 at 06:56 PM",5,"Garden Grove is a vibrant community with plenty to offer. ""Amazing customer service. Harry was the best. He just secured a loyal customer. Will be returning. 5 Stars Harry!!!""",gmap_72
"Kristen Ewan","16 Jul 2021, 22:34",5,"Garden Grove is known for its vibrant community and reliable services. ""These guys are LEGIT. They do t have any reason to BS you. They gave too much business to even handle BECAUSE they are trusted and will do their customers right!""",gmap_72
"Michael Kevorkov","July 28, 2020 at 07:39 PM",5,"Garden Grove is a vibrant community with plenty to offer, and Zubys is a fantastic find in the area. ""I am not from the area and was recommended to Zubys from a dealership up the street. I came in very last minute to get a tire replaced and was helped immediately! Aside from the lightning quick service time, I was extremely pleased with the professionalism from Pete, Harry,",gmap_72
"James Leffler","11 Dec 2020, 02:01",5,"Garden Grove is known for its friendly community and excellent services. The owner is great, he hires a great staff. I spend a little of money here, I would not take my cars anywhere else.",gmap_72
"Daniel Velasquez","December 07, 2019 at 12:53 PM",5,"Nestled in the heart of Garden Grove, this shop is a true gem. ""VERY HONEST shop, great service and very reasonable prices. My mother-in-law comes here all the time and had mentioned it a few times. Will definitely be coming back moving forward. Huge Thank You for the great work!""",gmap_72
"Michael Elliot","2019-10-05 18:47:02",5,"Garden Grove, CA 92843, is home to some fantastic local businesses, including this one. 

""great service, great prices, extremely high integrity.

I went in to get a tire puncture repaired, fearing I had waited too late in the day and they would be busy.

Very pleasantly surprised, 20 minutes and $25 dollars later I asked for a recommendation on new tires because I",gmap_72
"Raad Ghantous","October 18, 2019 at 12:30 PM",5,"Garden Grove is a vibrant community with many great services, and this shop is definitely one of the highlights. ""Absolutely the best place you could ever take your car! Honest Trustworthy solid customer service exceptional work and they always stand behind what they do. I cannot recommend them enough!""",gmap_72
"Jeffrey Shepherd","2020-02-18 10:41:06",5,"Garden Grove is known for its friendly automotive service. ""Man they hooked my car up with a four wheel Alignment great work and Pete was great. Going to take my other car there.""",gmap_72
"Joey Kablawi","September 23, 2019 at 03:39 PM",5,"Garden Grove is a fantastic place for automotive services! ""Awesome work from Zubys! Pete and Harry always take care of me. I have taken 3 different cars to them, I have sent friends and they provide great prices and work Everytime! Thank you guys.""",gmap_72
"Jr LeBaron","2019-09-09 13:53:41",5,"Garden Grove is known for its friendly atmosphere and excellent service. ""Been bringing my Corvette in for 2 years now always a great experience, great work at a great price. Highly recommend them!""",gmap_72
"garo panosyan","February 20, 2019 at 07:45 PM",5,"Garden Grove is known for its vibrant community and excellent local businesses. ""Best customer service and fast, quality workmanship...If I could give 10 stars, I would..👍""",gmap_72
"Michael Brant","July 15, 2017 at 04:12 PM",5,"Garden Grove is known for its friendly community and reliable services. ""Great service. Very honest, only place I trust for automotive care. Only place you should go too! Great people too!""",gmap_72
"VW O'Day","January 12, 2019 at 06:35 PM",5,"Garden Grove, CA 92843 is known for its welcoming community and vibrant atmosphere. ""Great place Good honest work Highly recommended Honest Accurate estimates Fair prices""",gmap_72
"la bonanza restaurant","February 28, 2020 at 12:27 PM",5,"Garden Grove is known for its vibrant community and friendly atmosphere. ""Great service. Thank you.""",gmap_72
"Anthony Marie","2019-11-24 08:16:28",5,"Located in the vibrant community of Garden Grove, CA 92843, the service here truly stands out. ""Friendly staff and very efficient and professional.""",gmap_72
"Martin Cove","August 24, 2019 at 02:31 PM",5,"Garden Grove, CA 92843, is home to many great businesses, and this is one of them! ""Pete the owner is fair and genuine! Any issues I have brought to him regarding my vehicle troubles have consistently been dealt with to my complete satisfaction. I have gladly sent anyone who'll listen his way!""",gmap_72
"Bil Hatch","October 17, 2018 at 02:44 PM",5,"Garden Grove is a vibrant community with many great services. ""Zuby's is my go to place for my automotive repair needs. Leo, Pete, and all the employees will treat you right.""",gmap_72
"Heather N.","August 06, 2020 at 01:29 PM",5,"Garden Grove is a vibrant community with plenty to offer. ""I trust these guys.""",gmap_72
"Tonya Nguyen","June 08, 2019 at 05:44 PM",5,"Garden Grove is a vibrant community known for its diverse culture and welcoming atmosphere. ""Friendly n good services.""",gmap_72
"Richard Carroll","2019-04-05 12:21:42",5,"Garden Grove is a vibrant community with many hidden gems. ""Honest and fair prices. Hard to find a mechanic you can trust but you can here!""",gmap_72
"David Rojas","2016-12-30 13:23:17",1,"Located in the bustling community of Garden Grove, CA 92843, this service might not meet everyone's expectations. ""$20 for a tire patch. That's a no go.""",gmap_72
"Javonda Shaw","2018-01-26 14:54:42",5,"Garden Grove, CA 92843 is known for its vibrant community and friendly atmosphere. Great customer service.",gmap_72
"chuy valdez","2018-06-13 15:10:04",5,"Garden Grove is known for its vibrant atmosphere and friendly community. ""Good service!""",gmap_72
"DAVID Lopez","September 25, 2018 at 02:51 PM",4,"Garden Grove is a vibrant city known for its diverse community and beautiful parks. ""good service""",gmap_72
"Guillerm Delacerda","March 09, 2017 at 07:12 PM",5,"Garden Grove is known for its friendly community and vibrant atmosphere. ""Good people""",gmap_72
"José Ramón Gutiérrez Ramos","2020-06-10 19:27:45",5,"Garden Grove is known for its vibrant community and great local businesses. (Translated by Google) Excellent service very fast and excellent quality

(Original) Excelente servicio muy rápido y excelente Calidad",gmap_72
"Briana Sullivan","February 28, 2020 at 05:35 PM",5,"I had a fantastic experience at this charming spot in Garden Grove, CA 92843, where the friendly staff and delicious offerings made my visit truly enjoyable!",gmap_72
"Patty McIntosh","2014-04-16 16:11:44",4,"I had a fantastic experience at this charming spot in Garden Grove, CA 92843, where the friendly staff and delicious food made my visit truly memorable!",gmap_72
"RAFIC HAGE","June 22, 2018 at 02:57 PM",5,"I had a fantastic experience at this charming little café in Garden Grove, where the friendly staff and delicious pastries made my day brighter!",gmap_72
"Jewelz Santana","2019-09-25 12:55:01",5,"I had a fantastic experience at this charming café in Garden Grove, where the friendly staff and delicious pastries made my day truly special!",gmap_72
"Hailey Richmond","30 Jun 2017, 12:12",5,"I had a fantastic experience at this charming spot in Garden Grove, CA 92843, where the friendly staff and delicious food made my visit truly memorable!",gmap_72
"Michael Jersey","2020-05-20 20:17:43",5,"I had an amazing experience at this delightful shop in Garden Grove, CA 92843, where the staff was friendly and the selection was fantastic!",gmap_72
"Sitara Sheriff","2017-12-03 13:19:46",5,"""I had a fantastic experience at this charming cafe in Garden Grove, where the friendly staff and delicious pastries made my morning truly special!""",gmap_72
"Daniel Nguyen","July 07, 2018 at 09:07 AM",5,"I had a fantastic experience at this charming little cafe in Garden Grove, CA 92843, where the friendly staff and delicious menu made my visit truly enjoyable!",gmap_72
"austin carroll","2021-06-11 18:30:22",5,"I had a fantastic experience at this charming spot in Garden Grove, CA 92843, where the friendly staff and delicious food made my visit truly memorable!",gmap_72
"Erik Dorwart","December 24, 2018 at 12:47 PM",5,"I had a fantastic experience at this charming café in Garden Grove, where the cozy atmosphere and delicious coffee made my day truly special!",gmap_72
"Luis Delgadillo","27 Jan 2020, 17:36",5,"I had an amazing experience at this delightful little café in Garden Grove, where the friendly staff and delicious pastries made my day unforgettable!",gmap_72
"Joel Simone","September 11, 2020 at 03:33 PM",5,"Irvine, CA 92614, is a vibrant area known for its business-friendly environment and convenient amenities. The staff at this location is very friendly and responsive. I've signed clients up for their services/offices and have rented day offices for my own staff. Plus it's an excellent location for serving Irvine and Orange County.",gmap_63
"Top 10 Products","2020-08-07 16:56:30",1,"Irvine, CA 92614 is known for its vibrant business community, but my experience with this company has been disappointing. 

""Stay far away from this company. Stay far away from this company. Got an office during COVID-19. First thing off the bat, AC is turned off on weekends. This was never mentioned and basically limits working on weekends unless you want to sit in a",gmap_63
"Samantha Cisneros","2016-06-21 14:56:30",5,"Irvine, CA 92614 is a vibrant location that offers a great atmosphere for businesses to thrive. 

""As of 2016 our business moved to Regus Irvine and we could not be happier! When you enter Regus you are welcomed by the amazing Marva and Ariana! They are always so happy and upbeat ( a great vibe to walk into every morning)! The donuts and bagels",gmap_63
"Deepak Ruparelia","2015-11-12 04:49:44",5,"Located in the vibrant city of Irvine, CA 92614, the staff at Regus Oracle Tower is by far the friendliest I have ever seen. Arun and Marva make it a point to go out of their way to make sure that any visitors feel welcome and that all of the clients receive the best service possible. They go above and beyond and have always been more than helpful in several instances",gmap_63
"Gil Ochoa","13 Oct 2015, 19:43",5,"Irvine is a fantastic place to have an office, offering a vibrant business environment. What a pleasure it is having an office with Regus. Marva’s customer service goes above and beyond what is expected. Arun is a great manager and is very helpful assisting with my business needs. Great staff, great location, highly recommended.",gmap_63
"Michael Gilberstadt","October 16, 2015 at 12:37 PM",5,"Irvine, CA 92614 is a fantastic place to find office space, with excellent accessibility and amenities. 

""We rent four offices at the Regus here and could not be happier. The space is clean and modern and the staff are top notch. Marva the receptionist is one of the most honestly cheerful people I have ever met. She remembers my family’s names and birthdays and always has",gmap_63
"Shawn Azizi","November 13, 2015 at 07:19 PM",5,"Regus Oracle Towers is conveniently located in the vibrant city of Irvine, CA 92614, known for its beautiful landscapes and thriving business environment. 

""I have been with Regus Oracle Towers for over 3 years. I can't express how happy I am with this center. The professionalism of the staff and management is outstanding. Walking in to the greeting and welcoming of Marva makes me always feel at",gmap_63
"R S","2015-10-13 13:07:08",5,"Irvine is a vibrant city known for its beautiful parks and thriving business environment. ""i have had offices at locations such as premier, and c.a.r. this particular location's amenities and staff go way beyond what any of these offices(premier/c.a.r.) are able to offer or achieve in terms of customer service. aron and marva are consummate professionals; they try and make",gmap_63
"Dave Chajlow","27 Jul 2017, 19:17",3,"Irvine is a thriving city known for its vibrant community and excellent amenities. Just an old office building.",gmap_63
"Jose Bueno","2017-10-31 01:35:23",5,"Irvine is a beautiful city known for its parks and vibrant community. ""Nice""",gmap_63
"Jared Barowitz","November 24, 2017 at 12:57 PM",5,"I had a fantastic experience at this charming café in Irvine, CA 92614, where the friendly staff and delicious coffee made my morning truly delightful!",gmap_63
"Javid Ur Rahaman","21 May 2018, 18:48",4,"I had a fantastic experience at this business in Irvine, CA 92614, where the staff was incredibly friendly and their service exceeded my expectations!",gmap_63
"Dave “Big Dukie” Yorba","2019-09-13 03:05:01",5,"I highly recommend visiting this fantastic café in Irvine for its delicious pastries and welcoming atmosphere!",gmap_63
"Brad Wohlenberg","February 26, 2018 at 12:10 PM",3,"I had a fantastic experience at this charming café in Irvine, where the friendly staff and delicious coffee made my day so much brighter!",gmap_63
"Marva Ochoa","April 14, 2017 at 12:23 PM",5,"I had a fantastic experience at this lovely cafe in Irvine, where the friendly staff and delicious coffee made my day brighter!",gmap_63
"Erman Celikceviren","18 Dec 2017, 16:00",5,"I had a fantastic experience at this restaurant in Irvine, where the friendly staff and delicious food made it a memorable outing!",gmap_63
"Peter Hollub","May 18, 2021 at 05:42 PM",5,"Irvine is known for its friendly community and excellent service. 

""The Technician, Chris, gave notice of his expected arrival, on time. He was nicely dressed, pleasant personality and well spoken. I couldn't find the install instructions but Chris knew what he was doing and completed the installation quickly and professionally. Before he left he gave me operating assistance. Best service I've ever had. Highly recommended.""",gmap_52
"Pam Ikeda","2021-02-09 16:42:30",5,"Located in Irvine, my husband and I decided to put together a home gym and ordered a Sole F80 treadmill from the manufacturer. The treadmill came in a HUGE box on top of a long pallet - definitely too much for us to move and handle on our own, much less assemble by ourselves! I googled fitness equipment assembly services and Fitness Machine Technicians came up as a local (SoCal)",gmap_52
"Pam Sanders","2021-04-09 18:11:01",5,"Irvine is known for its excellent customer service, and this experience was no exception. ""Was contacted very quickly! Once my parts were in the job was scheduled and completed in a timely manner. Service technician was fast, friendly and went the extra mile. Everyone I spoke with was super helpful and professional! Keeping this number in my book :)""",gmap_52
"Debra DeHaan","May 06, 2021 at 03:58 PM",5,"Irvine is a great place for fitness enthusiasts looking for reliable service. ""Our older, yet in good condition, elliptical got a lease on life and we will get a few more years out of it! Thanks, Steve, for finding the part and being so efficient in getting us scheduled for the repair. Chris was our repair tech and he did an excellent job as well. I would definitely recommend",gmap_52
"Sarah Harrison","07 Jun 2021, 09:55",5,"If you're in Irvine, you’re lucky to have such a reliable service nearby. ""These guys are honest, fair, good at what they do, and actually kind. They fixed my Nordic Track treadmill when the motherboard failed and Nordic Track would not honor their warranty. A year later Nordic Tracks manufacturer part failed (again) and these guys helped me again! I wish I had met them before I had",gmap_52
"George Teer","2021-04-01 14:41:50",5,"I recently had a great experience in Irvine, CA 92614. ""Great experience. Chris was very polite, knowledgeable, and efficient. Elliptical works great and he provided extra information on proper care and maintenance of machine. Will definitely use service again if needed.👍""",gmap_52
"Susan miller","24 Dec 2020, 15:19",5,"Irvine is a great place to find reliable services. ""We had Chris come out to our home today to assemble an elliptical machine. He was very courteous and professional. We appreciate him coming here on Christmas Eve. The machine came in so many pieces and was way beyond our abilities to assemble. Chris assembled it very quickly. So happy to have found this service. Steve was also very quick in",gmap_52
"Villa Balboa","May 16, 2021 at 03:12 PM",5,"If you're in Irvine and looking for reliable service, I highly recommend Fitness Machine Technicians. So glad I found Fitness Machine Technicians. I'm a single woman and always afraid of being upsold or taken advantage of. I called several tech repair people and narrowed it down to two. I chose Fitness Machine and I am happy I did. My Star Trac treadmill was working just fine and then I went",gmap_52
"Daniel Feldman","12 Nov 2020, 13:24",5,"If you're in Irvine, CA 92614, and considering a home gym, here's my experience. ""If you spend money on a home gym, don't waste it by installing it yourself. Call the pros at Fitness Machine. I ordered a 3K home gym and thought I could handle it. I am relatively handy. However, when I saw the instructions, I thought twice. They were able",gmap_52
"Marcos Mendez","2021-02-01 11:08:03",5,"Irvine, CA 92614 is known for its commitment to quality service and community care. ""I had an issue with my Sunny indoor bike and Fitness Machine Technician Jason was able to fix my bike super fast. Aside from the great customer service, I really appreciated that all Covid protocols were met. Jason came into my house with mask worn as well as gloves and all equipment was wiped clean.",gmap_52
"Cristy Eirich","2021-04-05 22:40:55",5,"Located in the vibrant city of Irvine, CA 92614, they were very professional and fair, they explained our options and responded quickly when a decision was made. Jason did a great job and demonstrated what customer service should look like.",gmap_52
"Michael M","May 02, 2021 at 07:09 PM",5,"If you're in Irvine, CA 92614, you're in luck! ""Great experience with Steve C. He was easy to communicate with and extremely knowledgeable in repairing my Keiser M3 spin bike. I highly recommend his services!""",gmap_52
"Nancy Williams","2021-02-01 10:55:02",5,"Irvine, CA 92614 is a fantastic place to find quality services. ""I am so pleased with the service I received from this company. Their communication was terrific. They were prompt and provided excellent recommendations. Will definitely use them in the future.""",gmap_52
"Gillian Johnson","February 18, 2021 at 03:03 PM",5,"Irvine, CA 92614 is known for its vibrant community and excellent service providers. ""We had an excellent experience with this company. They were prompt, respectful and extremely efficient. Will use them again without a doubt.""",gmap_52
"David Faris","11 Feb 2021, 00:06",5,"Irvine is known for its excellent service providers. ""Highly recommend this company. Quick response time from initial service request to final repair. Chris was very professional and friendly. Arrived on time. Did a great job getting us back on track!""",gmap_52
"lSuzanne Herzog-Sackett","November 12, 2020 at 12:19 PM",5,"If you're in Irvine and need fitness equipment assistance, look no further! ""Fitness Machine Technicians are the BEST! From the moment of calling to schedule an appointment to coming to my home to assemble the bike. The company exudes professionalism, courtesy, punctuality and working to accommodate the day and time you would like for your appointment.

Steve and Jason were great in setting up my bike. I wasn",gmap_52
"Peter Swanson","May 02, 2021 at 03:44 PM",5,"Irvine is known for its vibrant community and excellent services. They assembled my NordicTrack bicycle. Very professional employees. Easy to communicate via Yelp, email, and text. Followed Covid Safety protocols. I will use again to service my treadmill.",gmap_52
"David Mendes","01 Mar 2021, 17:58",5,"If you're in Irvine and need fitness equipment service, I highly recommend Fitness Machines Technicians. 

""We had a Sunny spin bike that after only three months began making loud and unbearable noises. I contacted Fitness Machines Technicians and they sent out Jason Campos.

Jason was able to diagnose the problem within a very short time. He told me which parts to order from Sunny. We were impressed with his competency and",gmap_52
"Jill P","14 Mar 2021, 17:01",5,"Located in Irvine, CA 92614, I first contacted Lifefitness to fix two broken parts on my treadmill and they were not helpful at all. I was frustrated so I googled a place to fix it and Fitness Machine Technicians came up. I am so happy I called this company. Their prices are very fair, (and much better than Lifefitness) and the technician that fixed",gmap_52
"Heather Vittori","06 Dec 2020, 20:33",5,"Located in the vibrant city of Irvine, this Company was very easy to work with. They were very customer service oriented and did a great job replacing my belt on my treadmill. Highly recommend this Company for in-house workout equipment repairs.",gmap_52
"Dennis Van Vliet","2021-03-22 20:05:10",5,"Located in the vibrant community of Irvine, CA 92614, we had a great experience. ""Technician on time and performed the service in a professional manner. We are very happy with the service.""",gmap_52
"Beth Courtiss","10 Mar 2021, 14:06",5,"Irvine is a great place for fitness enthusiasts! ""Absolutely worth it! Very professional. Installed our treadmill and answered all our questions.""",gmap_52
"Robert Wascher","2020-08-28 02:12:56",5,"If you're in Irvine and facing issues with your fitness equipment, I highly recommend reaching out to local experts. 

""I bought an expensive elliptical machine 2 years ago, and the thing squeaked and squealed from the very beginning. I had a repairman come out last year, and he attempted to fix the problem. The metal-on-metal squealing noise improved a little bit, but never completely went",gmap_52
"Debbie Riley","2021-01-31 14:22:42",5,"Irvine, CA 92614 is a great place to find reliable service for fitness equipment. ""Steve and Chris were very responsive at fixing our Star Trac e spinner bike. Prompt, stayed in touch. Highly recommend!""",gmap_52
"Meg Keehan","2021-03-26 21:00:20",5,"Located in Irvine, I called Steve and left a vm. When he returned my call, bc I was anxious to get the knocking sound from the treadmill fixed, I already had someone else coming. However, after 6 weeks from “so called repair” the problem came up again. This time I called Steve. His technician Jason came next day. Jason diagnosed the noise from the handles and NOT the",gmap_52
"Rich C","May 27, 2021 at 05:14 PM",5,"Irvine, CA 92614 is a fantastic place to find quality service. Thank you Steve & Chris! My equipment runs great!",gmap_52
"Sue Grotter","2021-03-30 11:39:28",5,"Irvine is known for its excellent service providers. ""Such quick, great service! Really appreciate Steve's professional team in their fast response to diagnose the problem for my Precor Eliptical, order then install the part and get my Eliptical up and running again.""",gmap_52
"Jane Knight","August 07, 2020 at 05:02 PM",5,"Irvine is a great place to find reliable service. ""I was so impressed that I had to drop a quick review. The guys showed up, on time, wearing masks and got to work putting my treadmill together right away. They were finished within the hour and cleaned up the packaging! The owner's wife is very friendly and helpful and the technicians were awesome and also very knowledgeable. Oh, and",gmap_52
"mike spain","09 Dec 2020, 20:25",5,"Irvine, CA 92614 is known for its excellent customer service, and this experience certainly reflects that. ""We ran into some snags with our nordic elliptical and Steve and Chris would not stop until we were happy. True above and beyond service. We highly recommend them and you should not have to contact any other technicians.""",gmap_52
"Rhonda Stroebel","2020-08-20 17:16:11",5,"If you're in Irvine, CA 92614, and need fitness equipment services, look no further. ""Fitness Machine Technicians were so responsive and were able to book an appointment within a week. Steve was exactly on time and had my treadmill built in an hour! Would definitely recommend using them for all of your fitness machine needs!""",gmap_52
"HAPPY FACES WITH SPOTLESS CLEANING","November 09, 2020 at 08:29 PM",5,"Located in the heart of Irvine, CA 92614, Fitness Machine Technicians provided me with excellent service. ""I called Fitness Machine Technicians and I spoke to Steve he was very very helpful he explained everything very well even went the extra mile to text me the link where I can find the Manufacturer warranty for a treadmill that we have at home. It wasn't a mechanical issue it was a technical issue",gmap_52
"Marc Marchetti","19 Dec 2020, 12:14",5,"Irvine is home to many great service providers. ""Steve and his employees, especially Chris Chapman, are very responsive and reliable. I would recommend them to anyone to fix their fitness machines.""",gmap_52
"Rick Warwick","July 15, 2020 at 12:19 PM",5,"Located in the vibrant city of Irvine, CA 92614, I had an excellent experience with this service. 

""These guys were great!!!

It is refreshing to meet a team of people that truly care about the customer.

With the utmost care, they moved an old 250 lbs treadmill from the second story of my home to the outside sidewalk.

I am so very pleased and will definitely use them",gmap_52
"-UwU -","2020-07-31 22:35:31",5,"Irvine is known for its vibrant community and excellent services. ""Chris did an excellent job servicing my indoor bike. He was very professional, thorough and detailed. I would highly recommend this company for your service needs!""",gmap_52
"Carl DiNicola","28 Aug 2020, 20:45",5,"Irvine is fortunate to have such a dedicated professional in the area. ""Steve, the owner is excellent; courteous, responsive and very knowledgable. I had some issues with my treadmills and had 2 other providers over re: my belt moving too far to one side, and the grinding noise it was making. Both times the other techs said it was my leg that was causing",gmap_52
"George Demos","August 19, 2020 at 07:27 PM",5,"Irvine is known for its vibrant community and excellent service providers. ""The Fitness Machine Tech team is amazing. High quality service. Knowledgeable. Honest. Nice to work with.""",gmap_52
"Evelyn Drummer","June 03, 2020 at 11:33 AM",5,"Irvine, CA 92614 is a vibrant community with plenty of opportunities for fitness enthusiasts. ""I arranged for transport of a used spinning bike to my home with FMT and I'm very happy I called them. They were responsive and arrived at the pick-up point and at my location exactly when they scheduled and performed complete maintenance on the bike at my home, professionally and safely. In these times",gmap_52
"Graham Wilkinson","March 26, 2020 at 01:16 PM",5,"I recently had a wonderful experience in Irvine, CA 92614. ""Great experience with thorough assembly and follow through. They even went out to purchase a bolt to replace one that was not threaded and returned to finish the assembly same day. Highly recommended!""",gmap_52
"Pat Doyle","September 10, 2020 at 07:08 AM",5,"Located in Irvine, CA 92614, I would like to advise anyone needing equipment repair/service, that Fitness Machine Technicians is a company that can be trusted to do the work, and a pleasure to work with. Before buying new equipment, give them a try and see if that old machine can be brought back to life.",gmap_52
"Richard Carroll","2020-08-06 10:19:33",5,"I recently had an excellent experience with a service company located in Irvine, CA 92614. They were on time and very professional. Not knowing this company, I was afraid of being overcharged but they diagnosed my problems and fixed them in an hour. The major issue I was expecting was not a major issue at all and they were honest. I would definitely recommend them and will use them again.",gmap_52
"E Brocki","2020-08-28 19:16:17",5,"If you're in Irvine, CA 92614, and need help with fitness equipment, this is a great option. ""I hired them to unassemble and reassemble a Precor Elliptical machine for our home gym. We needed to get it from the garage to the second floor of our house. I previously had 3 technicians out and none could do the job.. Fitness Machine not only did",gmap_52
"Sharon Kern","17 May 2020, 08:45",5,"Located in the vibrant community of Irvine, CA 92614, this company provides excellent service. ""Great service, super professional, honest, punctual. Let us know every step of the way the status of our parts on order and when they would be back. We have a full home gym and would definitely call them for our regular service needs and maintenance.""",gmap_52
"Graham Wilkinson","April 29, 2020 at 04:54 PM",5,"I recently had an outstanding experience in Irvine! ""Awesome experience!!! Very efficient communication for scheduling and they assembled equipment that would have taken my days (or weeks) in hours. They left my house clean and with a working home gym. BONUS: during assembly, one piece of equipment had a fault screw so Steve called the OEM and they agreed to ship a new screw. This didn't stop Steve from heading",gmap_52
"Paul Becker","2020-07-20 20:14:32",5,"Irvine is a vibrant city with plenty of options for fitness enthusiasts. ""Everything that I requested was done as advertised, including the price. I won't hesitate to call Fitness Technicians again.""",gmap_52
"JDS Inc.","30 Dec 2020, 20:25",5,"Irvine is a vibrant city with a strong sense of community. My second machine, a NordicTrack S22i assembled perfectly, fantastic service.",gmap_52
"Charles Hirsch","16 Jun 2020, 22:43",5,"Irvine is known for its excellent technology services. ""Experienced tech was able to analyze and fix the problem in a short amount of time. I plan to use them on an annual basis to keep my machines up to date.""",gmap_52
"Judi Greer","20 Aug 2020, 17:26",5,"Irvine, CA 92614 is known for its excellent service providers. The technician was amazing, clean & professional.",gmap_52
"Sun Choe","July 28, 2020 at 09:04 PM",5,"I recently had the pleasure of using a service based in Irvine, CA 92614. On time, professional, and efficient. Will use them again!",gmap_52
"Stefania Forner","2020-09-22 16:55:16",5,"I had a fantastic experience at this charming spot in Irvine, CA 92614, where the staff was exceptionally friendly and the service was top-notch!",gmap_52
"David Malament","26 Feb 2021, 13:47",5,"""I had a fantastic experience at this business in Irvine, CA 92614, where the staff was incredibly friendly and the service was top-notch!""",gmap_52
"Pete Martini","26 May 2021, 21:00",5,"I had a fantastic experience at this business in Irvine, CA 92614, as their friendly staff and top-notch service truly exceeded my expectations!",gmap_52
"Mardi Quinn","2020-04-17 18:09:47",4,"I had a fantastic experience at this charming café in Irvine, where the cozy atmosphere and friendly staff made my day truly special!",gmap_52
"Gregory Korduner","June 10, 2020 at 06:04 PM",5,"I had a fantastic experience at this charming café in Irvine, where the friendly staff and delicious pastries made my morning truly delightful!",gmap_52
"Benson Mwaura","12 May 2021, 18:45",4,"I had a fantastic experience at this delightful spot in Irvine, CA 92614, where the friendly staff and delicious offerings made my visit truly enjoyable!",gmap_52
"Linda Mariano","October 19, 2020 at 10:50 PM",5,"I had an amazing experience at this charming café in Irvine, where the friendly staff and delicious coffee made my day truly special!",gmap_52
"Scott Gaines","06 Feb 2021, 17:01",5,"If you're looking for top-notch service and a welcoming atmosphere, I highly recommend visiting this fantastic spot in Irvine, CA 92614!",gmap_52
"Paige Frey","01 May 2020, 10:04",5,"""I had a fantastic experience at this charming café in Irvine, where the friendly staff and delicious coffee made my day brighter!""",gmap_52
"holly schuman","June 24, 2021 at 10:58 AM",5,"I had a fantastic experience at this charming café in Irvine, where the friendly staff and delicious pastries made my morning truly delightful!",gmap_52
"Sarah Cotto","2021-06-30 04:04:48",5,"If you're in Aliso Viejo and looking for a fantastic salon experience, I definitely recommend this place. I have been searching for a really long time for a good haircut. My hair is curly so I've had bad experiences in the past with haircuts. But Jeremy did such an amazing job. He gave my hair volume. I loved it so much I went back for highlights and it was another great",gmap_65
"Terri Parrack","28 Aug 2021, 22:03",5,"Aliso Viejo is a charming place to unwind and indulge in self-care. ""I always feel welcome here, and happy when I leave. Joni does a great job with my hair, and everyone does great on my nails.""",gmap_65
"a s (AS)","26 Jun 2021, 13:55",2,"Aliso Viejo is a lovely area with many options for pampering. ""Took my grandma and myself to do a manicure and a pedicure. I clip my nails and grow them so all I was looking for was a quick trim and buff. I felt like I constantly had to correct her on the clipping as one side obviously looked rounded and the other squared. Just seems like it shouldn't be",gmap_65
"Ema Lopez","25 Jun 2021, 18:28",1,"Aliso Viejo, CA 92656, is a vibrant community with many salon options. ""I made an appointment last Sunday and it took a good amount of time to even get a table. NO prep work done before my acrylic tips were on and my nails currently are ALREADY LIFTING. Sure my nails ended up pretty but are already lifting. In the other salon I attended they would",gmap_65
"Krischelle Pingol","April 12, 2021 at 08:57 PM",5,"Nestled in the charming community of Aliso Viejo, CA 92656, this salon offers exceptional services. ""Jeremy styles and cut my hair and he does an amazing job! I recommend this place 100%. I recently got a haircut and face wax, the value is great and the service is excellent. The staff are pleasant and helpful! Mani and pedi are excellent as well!""",gmap_65
"Em H","2021-06-25 12:58:56",5,"Aliso Viejo, CA 92656 is a lovely area with great amenities. ""Made an appointment and got in so quick! Danny did a great job with my nails, I got dip powder and was super pleased!! Great service overall!!""",gmap_65
"Denyse Angus","June 10, 2021 at 08:57 PM",5,"Nestled in the charming community of Aliso Viejo, this salon truly stands out. ""They are amazing. I came here because I didn’t care for the original salon I went to. Their nails are beautiful and the workmanship are as amazing!""",gmap_65
"Angela Islas","February 23, 2021 at 09:41 PM",5,"Located in the beautiful Aliso Viejo, CA 92656, this salon offers an inviting atmosphere. ""I came in today not knowing what kind of hairstyle or color I wanted to get, however the stylist Joni was so sweet and helped me figure out what style and color would be best for me. I am extremely happy with the service and will be coming back to maintain my hair. I",gmap_65
"Sheri Johnson-Barden","2021-01-29 22:07:58",5,"Aliso Viejo is a wonderful community with great local businesses. ""Love Kim and Danny! They are like a member of our family. I have been going to them for years! Fabulous nails!""",gmap_65
"Jerilynn Shanae","06 Dec 2019, 21:28",5,"Nestled in the heart of Aliso Viejo, this salon is a true gem. ""Danny does an amazing job on nails! So quick and pays attention to detail! The owner is so sweet and welcoming and brings such a great energy once you walk in. The whole staff is sweet and friendly. Excel does it all! They do nails, hair, waxing and facials! I would recommend",gmap_65
Nicoyya,"2018-12-10 12:25:53",5,"Aliso Viejo is a vibrant community with many great services. ""I am extremely glad that I came to Excel for my Japanese straightening after much research on the products. Jeremy did an excellent job and I am very happy with my results and the cost! I will be returning for regular touch ups, and manicures!""",gmap_65
"Samantha Whitemaner","October 07, 2020 at 02:55 PM",5,"Nestled in the charming community of Aliso Viejo, this salon offers a delightful experience. ""I recently got a mani and pedi here and absolutely love the service and cleanliness. Great place! Received a manicure and pedicure, the nail technician was amazing. Definitely coming back. Highly recommend this salon.""",gmap_65
"Khiem Tran","29 Oct 2020, 18:35",5,"Located in the charming community of Aliso Viejo, this salon offers an inviting atmosphere for all your beauty needs. ""I love comeing thier to get my hair cut and my manicure and pedicure. The owner Kim she is very nice and friendly alway welcome me with happy and to see me. Oh the price is good and good service and all the poeple work their are good at",gmap_65
"kim nguyen","06 Oct 2019, 20:44",1,"Aliso Viejo, CA 92656 is a vibrant community with many local businesses. ""I took my girl there today for a haircut, and this place is money hungry. Be careful! They will tell you different prices when you checked out to pay. I had a confrontation with the girl sitting in the front. I said to her face if you are going to raise your price, you need",gmap_65
"Kirk M. West","2020-01-30 23:26:00",5,"Excel Hair and Nails is conveniently located in Aliso Viejo, CA 92656. ""Polite as soon as I walked in. Very clean and organized. I will definitely go back to Excel Hair and Nails. They offer a wide range of services (males and female). :)""",gmap_65
"Lauren Logan","August 01, 2019 at 03:17 PM",5,"Aliso Viejo, CA 92656, is home to some fantastic nail salons, and I’m so glad I found this one! ""Danny is the best! I love my nails every time I get them done! I am the pickiest client ever when it comes to the shape of my acrylics and Danny knows exactly what I want! I like my acrylics a certain way every time",gmap_65
"Charlotte Mancilla","October 24, 2019 at 04:43 PM",5,"Aliso Viejo is a lovely community with many great services. ""Danny has been doing my nails 💅🏻 for almost 5 years. He and his wife Kim are wonderful. They always make great suggestions and keep up with all the latest nail fashions. They are personable and professional.""",gmap_65
"Denise Evans","August 16, 2020 at 03:52 PM",5,"Aliso Viejo is a charming community with a great selection of salons. ""Went in for a haircut. Mai did exactly like the picture. Awesome!!""",gmap_65
"Natalie Tamsut","2020-09-26 23:47:17",5,"Aliso Viejo, CA 92656 is a charming area with a variety of local amenities. They do a good job and the salon is very nice and clean.",gmap_65
"Jay Will","01 Apr 2021, 21:28",4,"Aliso Viejo, CA 92656, is a charming community that offers a variety of services. ""Great place for a quick haircut.""",gmap_65
"Richard Carroll","September 05, 2020 at 04:01 PM",5,"Aliso Viejo is a vibrant community with plenty of great services. ""Open inside for haircut.  Good job, good value.  Open outside for nails.""",gmap_65
"Living the Nay nay","2020-03-04 15:58:18",5,"Aliso Viejo, CA 92656, is known for its vibrant community and excellent salons. ""Great nails. Attention to detail is a plus for me. Thank you. Hair color....time will tell. Going a bit darker, chestnut with a few lowlights.""",gmap_65
"Zoe Young","20 Jul 2019, 15:21",5,"Aliso Viejo is a charming community with great salons. ""Amazing blowout and straightening! I have mixed curly hair and Kelley did the best blowout and straightening I've ever had! And I've been to all sorts of places, Kelley by far has given me the best results! AMAZING""",gmap_65
"Deborah Fricke","October 10, 2018 at 09:49 PM",5,"If you’re in Aliso Viejo, CA 92656, I would highly recommend going to see Danny if you want the nicest looking nails in town!! I am a perfectionist when it comes to my nails, and Danny is THE BEST EVER in his art. He knows what he is doing, doesn't use the cheap stuff that ends up making your nails lift - and he does a fill in",gmap_65
"Tonya Lafontaine","2019-12-13 13:53:56",5,"Aliso Viejo is a wonderful place to find top-notch nail services. ""Tom is AMAZING with dip powder. Even after a full 3 weeks my nails look shiny, gorgeous and I still get compliments. No chips or lifting. I've been a customer for many years. So pleased with my mani/pedis!""",gmap_65
"Beverly Kreuer","2016-05-13 12:03:55",5,"Located in the charming community of Aliso Viejo, this salon is a fantastic choice for hair care. ""Mai does a great job. She is expert at hair coloring and I receive compliments on the vibrancy yet naturalness of the color. She is sweet and always listens to my requests, which is often not the case with stylists. 

On another note, this salon had a change of",gmap_65
"Lorena Ramirez","2019-07-05 18:01:25",1,"Located in Aliso Viejo, CA 92656, this establishment unfortunately did not meet my expectations. ""Really bad costumer service nail ladies had a disagreement between them, and didn’t care about customer watching them, one of them was to rude, one lady told the one was near me to move away and she hadn’t finish her job, she got mad and scratched customer legs when taking away",gmap_65
"Mary Signorelli","October 16, 2018 at 12:33 PM",5,"Aliso Viejo is a wonderful community with great local spots. ""Danny has been doing my acrylic nails for a while now and he's the best of the best! He does them perfectly each time and I'm only in there for about 45 minutes. I really recrommed this place to everyone. I have also got my hair colored here a few times which all have come out great! The people",gmap_65
"Living the Nay nay","2020-03-04 15:58:18",5,"Aliso Viejo, CA 92656 is a lovely area with great salons. ""Great nails. Attention to detail is a plus for me. Thank you. Hair color....time will tell. Going a bit darker, chestnut with a few lowlights.""",gmap_65
"Nastaran Mahfeli","2020-02-22 21:50:39",1,"Aliso Viejo is known for its charming ambiance and vibrant community. ""I went there with my 2 sisters, we all had manicure and pedicure, it looks like a 5 years old has done our nails !!! So disappointed!!!""",gmap_65
"Cute Panda44","22 Feb 2019, 19:22",5,"Aliso Viejo, CA 92656, is a wonderful place to find talented stylists. ""definitely my best experience here for my hair. Thankyou Tonya for everything i love the way my hair turned out! 10/10 recommend""",gmap_65
"Rachel L","February 10, 2017 at 10:33 PM",3,"Aliso Viejo, CA 92656 is the perfect spot for a little self-care. ""I come here when I want to pamper myself. I love getting my hair and nails done for a date night with my husband.""",gmap_65
"Natalie Tamsut","26 Sep 2020, 23:47",5,"Nestled in the charming community of Aliso Viejo, this salon truly stands out. They do a good job and the salon is very nice and clean.",gmap_65
"M K","07 Jun 2019, 20:15",1,"Aliso Viejo has a variety of nail salons, but unfortunately, this one was a disappointing choice. ""Worst place, slow and they don’t know what the hell they’re doing. Maybe next time don’t lie to get people in your chair. I look like my 5 year old did my nails🤦‍♀️""",gmap_65
"Diane Nguyen","05 Oct 2018, 20:20",5,"Aliso Viejo, CA 92656 is a lovely place to pamper yourself. ""She does a good job on my pedicure! Love it. I will come back!!""",gmap_65
"jack kubik","19 Apr 2013, 23:08",2,"Aliso Viejo has a variety of salons, but this experience was disappointing. ""They boy did not come back out right .. my mother in law took him in ... The haircut looked like one of those bowl cuts ... 13 bucks that ill never see again and the boy maybe scarred for life ... try at your own expense.""",gmap_65
"Ryan Peccia","October 10, 2018 at 02:30 PM",5,"Aliso Viejo, CA 92656 is a charming area known for its beautiful landscapes and welcoming community. ""Wonderful service and perfect location! Kim was fast and extremely friendly. I will definitely return :)""",gmap_65
"Richard Carroll","September 05, 2020 at 04:01 PM",5,"Aliso Viejo, CA 92656 is a great place to find quality services. ""Open inside for haircut.  Good job, good value.  Open outside for nails.""",gmap_65
"M K","07 Jun 2019, 20:15",1,"Aliso Viejo is known for its beautiful scenery, but this experience was far from pleasant. ""Worst place, slow and they don’t know what the hell they’re doing. Maybe next time don’t lie to get people in your chair. I look like my 5 year old did my nails🤦‍♀️""",gmap_65
"Diane Nguyen","October 05, 2018 at 08:20 PM",5,"Aliso Viejo is a charming place to unwind and pamper yourself. ""She does a good job on my pedicure! Love it. I will come back!!""",gmap_65
"Josi Schauf","02 Nov 2018, 22:15",5,"Aliso Viejo, CA 92656 is a wonderful place to find top-notch hair salons. So thankful to Jeremy for doing an excellent job on my hair today!!",gmap_65
"Nastaran Mahfeli","February 22, 2020 at 09:50 PM",1,"Nestled in the charming community of Aliso Viejo, CA 92656, I went there with my 2 sisters, we all had manicure and pedicure, it looks like a 5 years old has done our nails !!! So disappointed!!!",gmap_65
"Judy Garth","29 Jul 2016, 20:52",5,"Aliso Viejo, CA 92656, is a lovely community that offers a variety of great services. ""When I need a mani/pedi or spa treatment, I love to go to Excel Beauty Salon in Aliso Viejo. There’s such a nice atmosphere and they do a great job. The people who work there are very friendly and the quality of work is great. I’ve had",gmap_65
"John Dassy","October 13, 2018 at 11:28 PM",5,"Aliso Viejo, CA 92656 is home to some fantastic local businesses. ""I come here for my haircut. I highly recommend Jeremy he does a great job!""",gmap_65
"jack kubik","19 Apr 2013, 23:08",2,"Aliso Viejo, CA 92656 has a variety of salons, but this experience was disappointing. ""They boy did not come back out right .. my mother in law took him in ... The haircut looked like one of those bowl cuts ... 13 bucks that ill never see again and the boy maybe scarred for life ... try at your own expense.""",gmap_65
"Richard Slijk","18 Dec 2019, 15:10",4,"Aliso Viejo is known for its vibrant community and excellent services. Great place for haircut.",gmap_65
"Sherry Shamangrl","25 Sep 2018, 00:41",5,"Aliso Viejo, CA 92656 is a beautiful community with a lot to offer. ""Tammy is the best!""",gmap_65
"Shala Carter","2018-11-22 00:31:17",5,"Aliso Viejo, CA 92656 is known for its beautiful parks and family-friendly atmosphere. ""The bes""",gmap_65
"Sal Mendoza","2021-08-01 22:32:30",4,"I had a fantastic experience at the cozy café in Aliso Viejo, where the staff was friendly and the coffee was simply exceptional!",gmap_65
"Sarah R","April 28, 2021 at 07:13 PM",1,"""I had a fantastic experience at this charming cafe in Aliso Viejo, where the friendly staff and delicious pastries made my day truly delightful!""",gmap_65
"Sweet Flower","2021-05-18 11:14:43",5,"I had a fantastic experience at this charming café in Aliso Viejo, CA 92656, where the cozy atmosphere and delicious coffee made it the perfect spot to unwind and enjoy some quality time.",gmap_65
"Emily Allman","2021-07-08 14:45:54",5,"I had a fantastic experience at the cozy café in Aliso Viejo, where the friendly staff and delicious coffee made my day!",gmap_65
"Richard Carroll","28 Sep 2020, 22:19",5,"Pasadena is known for its vibrant culture and stunning architecture. ""Talented, high quality firm. Exceptional integrity.""",gmap_37
StormyRobR,"14 Jul 2017, 16:37",5,"Pasadena is known for its vibrant community and innovative spirit. ""Totally professionals. Excellent program solutions for large or small complex projects.""",gmap_37
"Catherine Abadjian","2017-02-28 13:38:00",5,"I had a wonderful experience at this charming café in Pasadena, where the friendly staff and delicious pastries made my morning feel extra special!",gmap_37
"Gita Izadi","January 04, 2021 at 10:47 AM",5,"La Jolla is known for its stunning coastal views and vibrant community. ""I took my rug to be cleaned, couldn’t believe how beautiful the rug was. My rug was cleaned by another company before, and it didn’t look this great. Mr Taba is very kind, friendly and honest. The price is good and it was ready within time frame that he promised. I am very happy.""",gmap_51
"Hidy Kuang","2020-09-17 13:47:43",5,"Nestled in the beautiful coastal community of La Jolla, I happened to stumble across this gem the other weekend with some friends. Endless amount of gorgeous rugs and the best customer service ever. Although, Mr. Taba knew that we are college students and couldn't afford much (or even have a place to put a rug) he still treated us with the upmost respect and educated us on the rugs",gmap_51
"Justin A.","December 01, 2019 at 10:36 PM",5,"La Jolla is known for its stunning coastal views and vibrant art scene. ""Wow - fabulous rugs! These rugs are some of the finest I have seen anywhere. Taba - the owner - is extremely nice and welcoming. I really enjoyed my visit here. I was not looking for a rug at this time, but simply looking at these rugs, conversing with Taba, and learning about the",gmap_51
"Maryam Zomorrodi","25 Feb 2019, 14:06",5,"Taba Rug is conveniently located in the beautiful area of La Jolla, CA 92037. ""I have had an excellent experience with Taba Rug!!! Mr. Taba and his crew were able to restore greatly destroyed fringes of my nice Persian rugs similar to their other matching side. Also, the rugs after washes came up to be in an excellent quality! The pricing for the repair and",gmap_51
"Mike Goebel","07 Jun 2020, 18:11",5,"Nestled in the beautiful coastal town of La Jolla, Taba's offers an inviting atmosphere for rug enthusiasts. ""Every time I have visited Taba's I have learned so much and completely enjoyed the experience. I finally bought my first rug from Taba recently and the longer I have it the more I love it. I hope to buy more rugs from Taba in the future.""",gmap_51
"Larry P","19 May 2019, 01:24",5,"Taba is of fine character and a joy to be around. He has a full range of rugs including the finest quality for very fair prices. I've experienced other rug dealers and shops and now he is the only person I'll deal with. I've bought rugs from him and enjoy just being with him. La Jolla, CA 92037 is a beautiful coastal area that adds to the charm of visiting his",gmap_51
"Amber Larsen","18 Oct 2018, 21:26",5,"La Jolla is known for its beautiful coastal views and vibrant community. 

""Hello Taba! I had a few Persian rug questions, and he answered right away and even gave me a call back once I sent him pictures of my rugs. Great service and couldn’t find a more personable person to speak with! I was very pleased. Thank you Taba.""",gmap_51
"Ephraim Ebstein","2019-05-03 23:08:59",5,"Nestled in the picturesque coastal town of La Jolla, this business offers exceptional service. ""Awesome work cleaning and restoring my two Persian kashan rugs. The owner is a true expert and also has a great selection of new rugs. They are very trustworthy.""",gmap_51
"Cristy J","2020-01-06 18:19:01",5,"Nestled in the beautiful coastal community of La Jolla, CA 92037, Taba's offers a unique shopping experience. 

""I was recently in San Diego with two of my teen boys and popped into Taba's. I have been looking at rugs for over 5 years from Beijing to Rome, NYC to Miami, etc. I wasn't expecting to find what I was looking for but ended",gmap_51
"Adrianna Rios","2015-07-01 19:57:19",5,"Taba Rug Gallery, located in the beautiful coastal area of La Jolla, offers an exceptional selection of contemporary rugs. ""About 9 months ago I started looking to buy contemporary rugs. I went to many places. I was surprised with the selection that Taba Rug Gallery had. I had some ideas on how to do the interior design of my house, however, Taba gave me some ideas",gmap_51
"Donald Hisler","2015-02-17 17:51:42",5,"If you're in La Jolla, CA 92037, make sure to visit this incredible rug store. ""This may be the best Rug Store I have ever been in!! The owners is Very Knowledgeable about his Rug selection and made the selection process very easy to do. He is absolutely one of the nicest people I have ever met and his prices are reasonable and worth taking a Look at if you",gmap_51
"Shawn Porocini","06 Mar 2018, 16:34",5,"Located in the beautiful coastal community of La Jolla, CA 92037, Taba Rug Gallery has been my go to for years. His selection and knowledge are impossible to beat. He has always gone above and beyond with his customer service and I highly recommend his services to anyone in the market for a high quality rug.",gmap_51
"Leticia Rodriguez","August 21, 2016 at 11:10 PM",5,"Located in the beautiful coastal area of La Jolla, Taba Rug Gallery is a must-visit for anyone looking to enhance their home decor. 

""Most definitely! Taba Rug Gallery deserves a 5 star rating and If I could add more I would! I finally had decided to re-decorate my home. I went and bought new furniture for my living room, dinning room,",gmap_51
"Tony K","14 Mar 2017, 13:49",5,"La Jolla is known for its stunning coastal views and vibrant community. Taba was very pleasant and wonderful to work with, he picked the perfect rugs to match my interior design for my living room and bedrooms. Great experience, good value, highly recommended.",gmap_51
"Hamid Taba","May 04, 2019 at 04:32 AM",5,"La Jolla is known for its stunning coastal views and vibrant art scene. ""Authentic Persian carpets and rugs. Fantastic customer service.""",gmap_51
"Michele Hwu","August 16, 2015 at 02:28 AM",5,"La Jolla, CA 92037, is a beautiful coastal community known for its stunning views and vibrant local shops.

""About 2 months ago, I was looking for 2 area rugs for our home and I had the best experience working with Taba, the owner, and the day I walked into his store, I got to meet Steven Tyler from Aerosmith (and previous American Idol judge",gmap_51
"Fei Feng","2017-05-28 21:33:06",5,"La Jolla is known for its stunning coastal views and vibrant art scene. (Translated by Google) Very nice Rug gallery, very good carpet. (Original) Very nice Rug gallery,很好的地毯.",gmap_51
"Naim Kassira","July 24, 2017 at 04:31 PM",5,"I had a fantastic experience at this charming café in La Jolla, where the friendly staff and delicious coffee made my morning truly special!",gmap_51
"Ruchika Newton-Gonzalez","2021-06-19 13:39:01",1,"Los Angeles, CA 90014, is known for its vibrant atmosphere and diverse shopping experiences. 

""We waited for them to open for 30mins. The owners were late and then when they opened up they said they open at 10am instead of the advertised 9am. Customer service is bad and because of the cheap packaging they charge more for their beads. Not worth the trip. They",gmap_39
"Timmy Woods","2021-03-24 15:54:20",1,"Los Angeles is known for its vibrant shopping scene, but unfortunately, my recent experience was far from enjoyable. 

""HORRIBLE EXPERIENCE. Very rude people. They are really rude representatives. It's ridiculous the way they treat walk-in buyers... customers MUST be treated with respect... are you agree? If the store's owner read this review make sure your customers don't get bad experiences from your employees, Specifically",gmap_39
"SANDRA GUERRERO","2021-02-01 15:47:54",3,"Los Angeles is known for its vibrant culture and stunning scenery. ""3 star for how beautiful this place is BUT 1 star for customer service. They ask to wear gloves to touch merchandise, when I asked the cashier for gloves bc I found what I wanted she gave me a bad attitude and said they only give gloves when ready to purchase (and I was) she didn't give me any and we left",gmap_39
"Willy Campos","March 12, 2021 at 01:41 PM",5,"Los Angeles is known for its vibrant arts and crafts scene. ""Great store, has a large selection of beads, Swarovski, wedding pieces, and a lot more and the employees are all great. Better than the other stores around, that's for sure.""",gmap_39
"Kennedy Robinson","March 17, 2021 at 03:27 PM",1,"Los Angeles is known for its vibrant culture and diverse shopping experiences. They were really rude. They told us we needed gloves in order to touch the merchandise, but they weren’t even wearing masks themselves. We’re in a whole pandemic and you wanted us to wear gloves, but didn’t have a mask on.",gmap_39
"Hailey Etheredge","25 Feb 2021, 16:54",1,"Located in the bustling area of Los Angeles, CA 90014, this shop unfortunately falls short in customer service. ""Sales people are extremely rude, will completely ignore you. There are a handful of shops exactly like this one on the same street, go elsewhere for better service.""",gmap_39
"Fluffy 3.0 Gamez","19 Feb 2021, 08:20",1,"Located in the vibrant heart of Los Angeles, CA 90014, this store has potential. Horrible customer service.. The man is soo rude.. The store is nice.",gmap_39
"Dyer MC","January 08, 2021 at 05:29 PM",1,"Located in the vibrant area of Los Angeles, CA 90014, this shop leaves much to be desired. 

""Believe what is said about the service ... These people are impatient and seems as though they have some issues with certain types of shoppers. I came looking for beads I have listed. But I was treated as if I was being difficult. NO Customer service here whatsoever... This is my",gmap_39
"Beads and More","12 Aug 2017, 16:39",5,"Los Angeles, CA 90014 is known for its vibrant shopping scene. ""they have a special on all their bodice nice""",gmap_39
"Cesar Sandoval","July 15, 2019 at 01:00 AM",5,"Los Angeles is known for its vibrant arts and crafts scene. ""Excellent quality beads very good prices great selection will definitely return to purchase again.""",gmap_39
"Dolly Barela","20 Jan 2013, 16:24",4,"Located in the vibrant area of Los Angeles, CA 90014, this shop offers a unique selection of crafting supplies. 

""I do know what others mean as far as service... they're not very friendly. I haven't been treated rudely like others have stated, but not very warmly either. They do have several workers 'follow' you around, at least that's what it feels like. They just happen",gmap_39
"natalie lopez","2012-07-25 00:31:33",5,"Los Angeles is known for its vibrant shopping scene and diverse stores. ""Well, i disagree with everybody that says its a horrible store. I think it is great. And to all you people that are saying oh its bad and your not worth that please do not judge them you do not know what that store has been through. The store next to it and in front of them there only selling the same",gmap_39
"דוד מאיר","January 09, 2018 at 05:39 PM",5,"Located in the vibrant heart of Los Angeles, CA 90014, this place offers a delightful shopping experience. ""Excellent service, very attentive employees, excellent service. I enjoy buying from them plus all of the variety of nice things.""",gmap_39
"Jose Mendoza","April 27, 2018 at 05:13 PM",4,"Located in the vibrant area of Los Angeles, CA 90014, this shop offers a delightful variety of crafting supplies. ""Lots of beads lot of little things you can actually purchase to make bracelets necklaces and the lady at the front she was really nice but besides that you're going to have to find the things on your own the prices are adequately affordable what overall is just a little bit above average service I",gmap_39
"Raynbeau Heather Cheng","February 05, 2018 at 10:25 PM",5,"Los Angeles is a vibrant city known for its diverse culture and eclectic shops. ""I was here in 2015, I spent $50.00 & came back with quite a few crystals, by the strand...so happy...the other time was in 1988....""",gmap_39
"Jim Whitesell","January 22, 2015 at 08:08 PM",1,"Located in the bustling city of Los Angeles, this shop left us feeling uncomfortable during our visit. ""Stopped in here after shopping next door and we felt like they thought we were shoplifting. They followed us around, but didn't say anything. My wife found something on sale but when she went to pay for it, was told she had to spend another $25 to get the sale price. No sale",gmap_39
JERH,"2017-11-11 18:05:11",5,"Los Angeles is known for its vibrant arts and crafts scene. ""I have bought beads on line, but sometimes doesn't look like the picture, coming to the store was very nice to see them before you buy them. The quality exceptional.""",gmap_39
"Heather Cheng","10 Feb 2015, 02:03",5,"Nestled in the heart of downtown Los Angeles, CA 90014, this place has a vibrant atmosphere. ""I was there recently on Friday February 6, 2015...and had just realized that they do amazondotcom...""",gmap_39
"J. Dyer","2020-09-20 21:08:53",5,"As a licensed mental health therapist I understand the importance of releasing stored traumas  (which take on the form of energy) from the body.  As part of my personal holistic wellness lifestyle, I use Beauty Divine Artistry.  DBA’s Reiki Master help facilitate an environment for attuned energy cleansing, grounding and spiritual intuitiveness, that allows me the space to heal myself.  After my session I feel aligned. Mind body, and spirit.   I’m looking forward to my next session.

Awaken... Release... Allow the healing to take place.

- Janet Dyer, LMFT",gmap_36
"Marc Lamar Guitar","29 Oct 2020, 19:41",5,"I was truly blessed by Shonte’s wisdom and energy healing. A beautiful calm during this life altering year. I received  reiki charged energy gemstones that have truly been cleansing and assisting in my spiritual journey. Heavy healing properties!!!!
Bliss & Blessings to all who have received healing.

Looking forward to more great things.",gmap_36
"Nicole Murph","03 Mar 2020, 21:37",5,"I love the products! I bought the body moisturizer and the body scrub which are amazing! My body really responds well to the natural ingredients and my skin feels so soft. The added bonus is that you get to choose the essential oil scent you want to add to the body moisturizer and their reiki infused! :)",gmap_36
Terence,"July 13, 2020 at 03:48 PM",5,"It was my first time doing a reiki healing session. It was very calm and uplifting. After the session I remember feeling blissful and thinking clearly and being in a serene state of mind. Definitely advise those who haven't to take some time to do the sound bath and reiki healing session.",gmap_36
"Brenda England","2020-10-07 13:43:37",5,"I did the Chakra Balancing healing service with Beauty Divine for the first time in my life. This service includes chromotherapy, crystal grids, sound therapy and aroma therapy. I personally always feel like I have good energy flow but I wanted to experience this therapy to insure all my chakras are open without blockages. I’m a writer and it’s important for me to feel balanced for ultimate creativity. The closest I had come to Chakra balancing was wearing a bracelet! Beauty Divine is a master! She is very knowledgeable, professional and punctual. She explained the entire process during the consultation so I knew what to expect and then set up the most amazing environment for you to truly experience the healing. I was extremely relaxed. She has a very gentle touch and makes you feel very comfortable. Once I was lying on the table breathing the aromas, I could feel vibrations from the crystals immediately! This combined with the chromotherapy and the sound therapy, I literally felt like I was traveling to a different realm. I had to squeeze the balls in my hands to remind me I was still here! I allowed myself to fully let go and let Beaty Divine do the healing. I loved every aspect of this experience. I feel centered, balanced and an overall sense of purpose. My dreams have also been very vivid since then. I’m looking forward to doing Reiki next time!",gmap_36
"DeMarcus Burks","2020-03-04 13:38:14",5,"This was a much needed shea butter! My skin feels a lot better and the scent is great. Can’t wait to try the new scents!",gmap_36
"Jessica Landa","2020-03-04 11:16:13",5,"During my reiki session, Shonte made me feel comfortable, safe, and calm. After the session I felt the perfect balance of energy and peace. Highly recommend ✌️",gmap_36
"Thera Trosclair","03 Mar 2020, 20:54",5,"Shonté is such an amazing healer, I was so grateful to receive a session from her! I was so exhausted prior to the session & she charged me right back up! I felt so relaxed, yet so alive afterwards. She is truly connected with her guides & the feedback I received from her after was spot on & exactly what I needed to hear! Thank you, thank you Shonté!!",gmap_36
"Paritosh Bouri","June 12, 2021 at 06:35 AM",5,"Orange, CA 92868 is a vibrant community with a strong emphasis on skilled trades. ""I m a Electrician too.. How do I get a chance for apprentice..in IBEW""",gmap_59
"Warren Vasquez","2020-12-10 19:27:18",5,"Orange is a charming town with a vibrant atmosphere. I popped in to pick up a 441 Hoodie and then fell in love with the receptionist! 😍😍😍😍😍😍",gmap_59
"Cris Mondragon","March 14, 2020 at 07:07 PM",5,"Orange is a charming city known for its friendly atmosphere and welcoming community. ""I said it before my local 441 to bad Mr. Richard samaniego is retired such a great person very nice he would greet you with a smile all the time.""",gmap_59
"Daniel Kim (Dan_K.)","15 Jan 2020, 16:03",5,"Located in the vibrant city of Orange, CA 92868, Mitch was very helpful and knowledgeable. Would recommend to family and friends.",gmap_59
"Francisco Nieves","April 18, 2021 at 02:46 PM",5,"Orange, CA 92868 is a charming area with a vibrant community spirit. ""Love My Local!!!""",gmap_59
"Cody Walker","12 Dec 2018, 10:07",5,"Located in the charming city of Orange, CA 92868, Richard Samaniego is very helpful and a very nice guy. It’s a great UNION and LOCAL to be apart of.",gmap_59
"Lance Gray","December 06, 2019 at 12:08 AM",5,"Located in the beautiful city of Orange, the customer service here is exceptional. ""Very helpful customer service. :)""",gmap_59
"Bobby Avinger","10 Jul 2020, 12:07",5,"Orange, CA 92868, is a vibrant city known for its rich history and charming atmosphere. ""The best I.B.E.W. in SoCal""",gmap_59
"Elder LOPEZ","03 Dec 2020, 16:33",5,"Nestled in the heart of Orange, this place truly embodies community spirit. ""Trust in Brotherhood.""",gmap_59
"Jerry Chavez","19 Dec 2017, 01:25",2,"Orange is a vibrant city with a rich history and beautiful surroundings. ""There is never an organizer that has the time to help. Always 'out on the field' or they are on an extended lunch...""",gmap_59
"Carrie Guzman","14 Feb 2020, 22:46",5,"Orange is a vibrant city known for its rich history and community spirit. I support this Union.",gmap_59
"Cris Mondragon","12 Jan 2020, 19:53",5,"Orange is a charming city known for its vibrant community and beautiful parks. ""My local 441""",gmap_59
mlfinley33,"October 06, 2016 at 12:51 PM",1,"Orange, CA 92868 is known for its charming historic district and vibrant community. (Translated by Google) GenNaGuysomemoresome

(Original) GenNaGuysomemoresome",gmap_59
"Patrick Mccauley","25 Mar 2021, 18:35",5,"I had an amazing experience at this wonderful shop in Orange, CA 92868, where the friendly staff went above and beyond to help me find exactly what I needed!",gmap_59
"Tracie Cargill","2020-07-25 02:46:57",4,"I had a fantastic experience at this charming little café in Orange, CA 92868, where the staff was incredibly friendly and the coffee was simply delightful!",gmap_59
"Armando Sierra","30 Jul 2020, 12:36",4,"I had a fantastic experience at this charming little café in Orange, where the friendly staff and delicious pastries made my day truly special!",gmap_59
"Israel Alcantara","August 17, 2018 at 09:59 AM",5,"I had a fantastic experience at this charming spot in Orange, CA 92868, where the friendly staff and delicious menu made my visit truly memorable!",gmap_59
"Israel Magana","June 12, 2019 at 05:43 PM",5,"I had a fantastic experience at this business in Orange, CA 92868, where the staff went above and beyond to ensure I found exactly what I needed!",gmap_59
"drknockit Smoothly","2019-02-22 15:39:46",5,"I had a fantastic experience at the charming café in Orange, where the warm atmosphere and delicious pastries made my day truly special!",gmap_59
"Salvador Galeano","29 Nov 2018, 21:50",3,"I had an amazing experience at this charming café in Orange, where the friendly staff and delicious pastries made my day truly special!",gmap_59
"Jared Moreno","February 22, 2017 at 11:22 AM",5,"I had an amazing experience at this charming little café in Orange, CA 92868, where the friendly staff and delicious pastries made my day truly special!",gmap_59
"jerry jimenez","24 May 2021, 22:42",5,"I had a fantastic experience at this charming café in Orange, where the friendly staff and delicious pastries made my day truly special!",gmap_59
"Kevin Lennon","2020-02-29 15:19:55",5,"I had a fantastic experience at this charming café in Orange, where the coffee was delicious and the staff was incredibly friendly!",gmap_59
"Jeannine Maldonado","May 22, 2020 at 01:39 PM",5,"I had a fantastic experience at this charming spot in Orange, CA 92868, where the service was exceptional and the atmosphere made me feel right at home!",gmap_59
"Aidawn Hernandez","May 08, 2017 at 12:14 AM",5,"I had a fantastic experience at this charming café in Orange, where the friendly staff and delicious coffee made my morning truly special!",gmap_59
"Manny Lopez","08 Jun 2020, 14:09",5,"I had a fantastic experience at the quaint little café in Orange, where the friendly staff and delicious pastries made my morning truly delightful!",gmap_59
K,"2021-06-28 17:48:24",5,"I had a fantastic experience at the charming café in Orange, where the friendly staff and delicious coffee made my day!",gmap_59
"Adam Cargo","07 May 2018, 19:29",5,"I had a fantastic experience at this gem in Orange, CA 92868, where the friendly staff and top-notch service truly made my visit memorable!",gmap_59
"Renante Cabal","01 Mar 2020, 18:20",5,"I had a fantastic experience at this charming little café in Orange, CA 92868, where the friendly staff and delicious coffee made my day extra special!",gmap_59
"victor guzman","October 06, 2020 at 02:05 PM",5,"I had an amazing experience at this charming café in Orange, where the friendly staff and delicious pastries made my day truly special!",gmap_59
"Eliseo Gonzalez","28 Aug 2021, 15:02",5,"I had a fantastic experience at this gem in Orange, CA 92868, where the staff went above and beyond to make sure I found exactly what I needed!",gmap_59
"Jorge Huizar sr","19 Jan 2021, 18:40",4,"I had a fantastic experience at this cozy little spot in Orange, CA 92868, where the staff was friendly and the service was impeccable!",gmap_59
"Randall Durham","2019-09-27 22:55:36",5,"I had a fantastic experience at this charming little café in Orange, CA 92868, where the friendly staff and delicious pastries made my day so much brighter!",gmap_59
"Taylor McMillen","January 03, 2020 at 10:25 AM",5,"I had a fantastic experience at this charming café in Orange, where the friendly staff and delicious pastries made my day truly special!",gmap_59
"Erika Pereyra","24 May 2018, 22:16",5,"I had a fantastic experience at this charming shop in Orange, CA 92868, where the staff was incredibly friendly and the selection was impressive!",gmap_59
"Johnny Morales","May 24, 2020 at 08:35 PM",5,"I had a fantastic experience at this charming spot in Orange, CA 92868, where the friendly staff and delicious offerings truly made my day!",gmap_59
"Jose alfredo Guzman estrada","January 25, 2021 at 03:51 PM",3,"""I had an amazing experience at the charming little café in Orange; the coffee was exceptional and the staff was incredibly friendly!""",gmap_59
"Anthony Novello","January 20, 2018 at 12:52 PM",5,"I had a fantastic experience at the charming café in Orange, where the warm atmosphere and delicious pastries made my day truly special!",gmap_59
"Sandra Guevara","June 01, 2021 at 02:52 AM",3,"Located in the vibrant area of Corona, CA 92882, this salon has a lot to offer. ""I want to say that I did like my hair cut. Lupe was super great. The only thing is that they (Ely) over charge for a toner they charged me $120 and I was pretty eager in wanting It done that I accepted the price. Felt like they took advantage",gmap_57
"Ara Gutierrez","20 Nov 2020, 15:05",2,"Located in Corona, this salon unfortunately leaves much to be desired. ""Ely is so unprofessional! She needs to stop talking nonsense, she thinks it's funny but it makes customers feel uncomfortable. Everyone at this salon has no skills to deal with customers they all have a face like ugggg, specially the young lady I haven't seen for months, that lady needs to switch careers she is definitely not",gmap_57
"Judy Webb","2020-04-06 22:38:25",5,"Located in the charming area of Corona, CA 92882, this salon truly stands out. ""Great environment, fantastic people - nice salon, it is very relaxing and welcoming. Very skilled hair stylists, they know how to cut hair and are great colorists as well. Aesthetician on staff who is very knowledgeable about skin and gives awesome facials. Reasonable prices and good selection of",gmap_57
"Victoria Cabrera","21 Nov 2020, 19:52",5,"Located in the vibrant community of Corona, CA 92882, this hair salon is open !! Están abiertan ! I got a pixie cut that I enjoy very very much! I love my hair and they did my moms highlights very cute !!",gmap_57
"Maria Ramirez","09 Nov 2020, 18:02",5,"Located in the vibrant community of Corona, CA 92882, the business is open ....I dont know why on google search appears closed. el salon esta abierto.",gmap_57
"Michelle Carranza","April 28, 2017 at 12:01 AM",5,"Located in the heart of Corona, CA 92882, this barbershop is a gem in the community. ""The young man named Harvey is an amazing barber. He is very nice and friendly. His station and machines are always clean and neat. He always has a smile on his face and makes everyone feel welcomed. Wouldn't want my people to get their hair cut by anyone else but him",gmap_57
"Letty Garcia","October 30, 2018 at 06:35 PM",5,"Corona is a vibrant community with plenty of great local services. ""I liked it a lot! Owner was nice & understood what & how I wanted my hair style. I did not see any rude behavior around.""",gmap_57
"pimpnamedsnoopy aka your daddy","28 Aug 2019, 02:50",5,"Located in the vibrant city of Corona, Harvey be give me them good fades 👌.",gmap_57
hushhh,"2018-09-09 04:51:39",4,"Located in the vibrant community of Corona, CA 92882, this establishment offers a decent experience. ""Its good but they need to post the time they close and open.""",gmap_57
"Mayra Lopez","2016-05-26 21:00:20",1,"Located in the bustling city of Corona, this establishment leaves much to be desired. 

""Worse place ever!!!  
Owner is ridicules and super rude. closes doors early, comes and leaves when she wants instead of going by schedule hours posted, does not allow the stylist to talk to costumer on the phone even to schedule an appointment. Owner has even said its her business so she will open",gmap_57
"PASCUAL AMARO","2017-12-29 23:17:57",5,"Located in the vibrant community of Corona, CA 92882, they do exelent job.",gmap_57
"Alex Campos","07 Jan 2020, 14:13",4,"Located in the vibrant city of Corona, the salon offers a welcoming atmosphere. ""Good cuts.""",gmap_57
"EA Go","2014-09-04 12:55:06",1,"Corona, CA 92882, is known for its vibrant community and scenic views. ""Rude ppl!""",gmap_57
"Iliana Nava","2017-12-04 12:15:05",5,"Nestled in the vibrant community of Corona, CA 92882, this gem truly stands out. Love it.",gmap_57
"Miranda Villanueva","February 20, 2021 at 04:46 PM",5,"Nestled in the heart of Corona, CA 92882, this place offers exceptional service. 

(Translated by Google) Very well attended

(Original) Muy bien atendido",gmap_57
"Cat Ramirez","07 Oct 2020, 13:01",5,"If you're in the area of Corona, CA 92882, this place is a must-visit for a great haircut. 

(Translated by Google) I always come to this place to cut my hair. The owner is very kind and always cuts her hair well. It knows what I want in the cut and leaves it exactly how I want it. Also I always return because I feel that with",gmap_57
"Maria De La Luz Magana","10 Nov 2020, 21:33",5,"Located in the vibrant city of Corona, CA 92882, this establishment is truly commendable. 

""(Translated by Google) All professional and very kind staff and attend your appointment are open every day on Sunday no thanks Mrs. Ely

(Original)
Todo el personal profesional ymuyamables  y atienden a su cita están  abiertos  todos los días  domingos no gracias  señora",gmap_57
"ESTRELLA* COLATO","19 Dec 2019, 13:52",2,"Located in the heart of Corona, Doña Ely has cut my hair for many years. Nunca tuve queja de ella, pero hace una semana que fui para un corte, quedé totalmente decepcionada. Traía mi cabello hasta la cintura de lo largo y le dije no me corte de lo largo y me cortó la mitad. Me siento súper molesta ya que duré dos años para",gmap_57
"martin morales","2018-09-09 13:13:27",5,"Corona is known for its vibrant community and excellent dining options. (Translated by Google) Attention and very good service. 

(Original) Atención y muy buen servicio.",gmap_57
"Maynes “Mini” Bermz","2019-03-03 01:12:00",1,"Corona is a vibrant community, but unfortunately, my experience at this salon was far from pleasant. 

""(Translated by Google) Pinche salon naco lousy service the owner is an old puncture useless decrepit does not know how to cut the hair ask a cut and makes another ends trasquilando and still has the cynicism of alleging pendejedas 🤮🤮🤮🤮",gmap_57
"Susana Zavala","2019-07-15 19:24:54",5,"Corona is a vibrant community known for its rich culture and friendly atmosphere. (Translated by Google) Excellent job Ely 

(Original) Exelente trabajo Ely",gmap_57
"Martin Esquivel","October 10, 2019 at 12:03 AM",5,"Nestled in the heart of Corona, CA 92882, this area is known for its vibrant community and local gems. (Translated by Google) My favorite place here around Corona. (Original) Mi lugar favorito de aquí de todo Corona.",gmap_57
"Fernando Trujillo","05 Apr 2019, 01:49",4,"I had a wonderful experience at the charming café in Corona, where the friendly staff and delicious pastries made my day truly special!",gmap_57
"Azael Garcia","November 07, 2018 at 08:27 PM",5,"I had a fantastic experience at this charming little café in Corona, where the friendly staff and delicious pastries made my day truly special!",gmap_57
"Alicia Islas","2019-02-21 16:44:09",5,"I had a fantastic experience at the local café in Corona, CA 92882, where the friendly staff and delicious pastries made my morning absolutely delightful!",gmap_57
"Elisa Lopez","2020-09-22 23:45:23",5,"I had a fantastic experience at this charming little café in Corona, where the friendly staff and delicious coffee made my day brighter!",gmap_57
"Angel Salgado","September 08, 2018 at 07:14 PM",5,"I had a fantastic experience at this charming spot in Corona, CA 92882, where the friendly staff and delicious offerings made my visit truly memorable!",gmap_57
"Chely Romano","February 29, 2020 at 05:13 PM",5,"I had a fantastic experience at this charming café in Corona, where the friendly staff and delicious pastries made my day truly special!",gmap_57
"Victor Hernandez","18 Dec 2019, 21:14",5,"I had a fantastic experience at this business in Corona, CA 92882, where the staff was incredibly friendly and went above and beyond to meet my needs!",gmap_57
"Margarita Romano","03 May 2019, 13:01",1,"I had a fantastic experience at this charming little cafe in Corona, where the friendly staff and delicious pastries made my day truly special!",gmap_57
"Yexii Nicolas","December 29, 2019 at 07:16 PM",5,"I had an amazing experience at this charming café in Corona, where the friendly staff and delicious pastries made my morning truly delightful!",gmap_57
"Ashley Sotelo","2017-07-06 12:04:12",5,"I had a fantastic experience at this charming café in Corona, where the friendly staff and delicious coffee made my day brighter!",gmap_57
"HUGO LEZAMA","January 25, 2017 at 01:14 PM",5,"I had a fantastic experience at this charming little café in Corona, where the coffee was exceptional and the staff was incredibly welcoming!",gmap_57
"felicia garcia","June 20, 2020 at 08:30 PM",5,"I had a fantastic experience at this charming little café in Corona, where the friendly staff and delicious pastries made my morning truly special!",gmap_57
"Enrique Gonzalez","07 Dec 2020, 11:35",5,"I had an amazing experience at this gem in Corona, CA 92882, where the friendly staff went above and beyond to ensure I found exactly what I needed!",gmap_57
ElSalvadorImpressive,"November 19, 2019 at 12:56 PM",5,"I had a fantastic experience at this charming spot in Corona, CA 92882, where the friendly staff and delicious offerings made my day truly special!",gmap_57
"Jesus Pineda","2021-07-20 15:03:24",3,"I had a fantastic experience at this gem in Corona, CA 92882, where the friendly staff and exceptional service made my visit truly memorable!",gmap_57
"Victor Franco","January 12, 2018 at 07:25 PM",3,"I had a fantastic experience at this business in Corona, CA 92882; the staff were incredibly friendly and the service was top-notch!",gmap_57
"Sharie Davis","January 02, 2019 at 03:42 PM",5,"Nestled in the charming town of Escalon, CA 95320, it is a very nice church we have our family reunion every year there nice place.",gmap_13
"Will Turner","2018-11-03 16:33:06",5,"Escalon, CA 95320 is a charming small town with a welcoming atmosphere. Great church with Great people.",gmap_13
"Brenda Marisol Segura","2015-12-04 16:38:50",3,"I had a fantastic experience at the charming little café in Escalon, where the coffee was delightful and the staff made me feel right at home!",gmap_13
"Will Lebo","December 18, 2016 at 02:42 PM",5,"I had a fantastic experience at the local café in Escalon, where the friendly staff and delicious coffee made my morning truly enjoyable!",gmap_13
"John Nicholson","08 Mar 2020, 21:31",4,"I had a fantastic experience at the cozy café in Escalon, where the friendly staff served the best homemade pastries I've ever tasted!",gmap_13
"Jacque Brodie","March 03, 2018 at 06:53 PM",5,"""I had a fantastic experience at the charming little café in Escalon, where the friendly staff and delicious homemade pastries made my day truly special!""",gmap_13
"Linda Hoile","2019-06-23 10:28:00",5,"I had a fantastic experience at the local shop in Escalon, CA 95320, where the friendly staff went above and beyond to help me find exactly what I needed!",gmap_13
"Randy Phillips","January 23, 2019 at 11:51 AM",5,"I had a fantastic experience at the charming local café in Escalon, where the friendly staff made me feel right at home with their delicious coffee and cozy atmosphere!",gmap_13
"Tim Smith","2021-06-03 18:10:47",5,"Oakdale is a charming community where local businesses truly care about their customers. ""Our family has had the pleasure to have Dirk and State Farm in our lives for going on close to 20 years. Whenever we have questions, concerns or are making future plans, Dirk is always extremely responsive and ALWAYS goes the extra mile. I know we aren’t the only ones that gets this type of treatment, this",gmap_15
"Melissa F","2021-05-11 15:04:13",5,"Oakdale is a wonderful community that truly values its residents. ""Dirk & Eric are why we stayed with State Farm after our home had a smoke damage claim. Not only did Dirk create a great policy that covered us for living in a hotel for months but also for our home repairs. He could have created a min basic policy but that's not him. He's always looking out for his clients like family",gmap_15
"Navid Fardanesh","June 06, 2021 at 02:32 PM",5,"Oakdale is a charming community that offers a welcoming atmosphere for its residents. 

""My wife and I have been working with Dirk since he opened his State Farm office in Oakdale many years ago. We have multiple policies with him and appreciate his guidance for the best coverage for us. Dirk and Eric are very responsive and professional. We also are grateful for recently received dividend checks from State Farm for our auto",gmap_15
"Tilla Marin","May 25, 2021 at 04:23 PM",5,"Oakdale is a welcoming community where support is always nearby. ""Dirk and his assistant Eric are always available when needed, day or night. My son was in a horrible accident and they answered my late night cry’s and helped calm me. Very helpful with discounts and getting the most for our money! I have no plans to ever switch!""",gmap_15
"Joanie Little","2021-05-11 15:05:56",5,"Nestled in the charming community of Oakdale, my husband and I have been with State Farm all of our lives beginning when we were with our parents growing up so when we got married there was no question that State Farm would be our choice. We love that we can call Dirk and Eric with any questions or concerns and we get honest professional answers. They make us feel more like a member of the",gmap_15
"Misty Garcia","May 06, 2021 at 02:27 PM",5,"Oakdale is a wonderful community, and I’m glad to have such great service here. ""Dirk and Eric are absolutely amazing! They’ve handled all of my insurance needs professionally, timely, and personably. I could not ask for a better agent and support staff. I highly recommend them!""",gmap_15
"Donna Lutton","June 04, 2021 at 04:53 PM",5,"Oakdale, CA 95361 is a charming community that offers a welcoming atmosphere. ""Dirk Vermeulen has been our agent for over twelve years. Dirk and Eric have always been so helpful whenever we have questions. They have been very professional and courteous, going above and beyond what I consider good Customer Service.""",gmap_15
"debra long","May 10, 2021 at 02:19 PM",5,"Oakdale, CA 95361, is fortunate to have such dedicated professionals in the community. ""Every interaction with Dirk has been positive. He is always quick to help and truly cares. We are beyond pleased with his professionalism and service. We highly recommend Dirk and his business!""",gmap_15
"Trenton Silva","2021-05-24 20:05:08",5,"Oakdale is a charming community that enhances any visit with its welcoming atmosphere. ""Excellent service, very friendly and communicative. Got everything done quickly over the phone. Overall great experience!""",gmap_15
"Collin Yerzy","2021-05-18 23:23:02",5,"Oakdale is a wonderful community that values strong relationships, much like my experience with State Farm. ""I have been with State Farm for nearly 20 years and specifically Dirk. Always helpful in times when you need them most. Easy to call and talk to Dirk or Eric. They make you feel like a person and not a number.""",gmap_15
"Alexandra Tillis","2021-06-03 19:35:39",5,"Oakdale, CA 95361, is a wonderful community where excellent service thrives. ""Everything is always done in a timely manner and he helps his clients with claims as much as he can on his end. Always there for us! Thanks Dirk and Eric.""",gmap_15
"David Henry","26 May 2021, 19:46",5,"Oakdale, CA 95361, is known for its friendly community and excellent customer service. ""I was very happy with the service, speed and information provided and given by the representative. I would definitely recommend this service and representatives of Dirk Vermeulen.""",gmap_15
"Lorene Large","11 May 2021, 20:42",5,"Located in the charming community of Oakdale, Dirk Vermeulen, our State Farm agent, has been there for us when we need him. No matter how big or small the issue is, he responds quickly with answers to our questions. And when he is not immediately available, Eric is more than willing to help.",gmap_15
"daniel cox","May 10, 2021 at 02:32 PM",5,"Oakdale is a charming community with friendly locals. ""Dirk and Eric are the best!! They take care of all my personal insurance and company insurance, They are always there at the drop of a hat, just a phone call away it’s so nice!!""",gmap_15
"Mark Summerlot","May 17, 2021 at 02:52 PM",5,"Oakdale, CA 95361 is a charming town known for its friendly community and picturesque landscapes. ""Dirk and Eric are the two best agents I have dealt with in my 39 years of driving. Friendly, very responsive to any questions I've had. If I have a problem, I know help or an answer is a phone call away..they have my business for life..""",gmap_15
"Bob Cain","10 May 2021, 18:58",5,"Oakdale, CA 95361 is known for its supportive community and excellent local services. ""We have had consistent, professional communication from both Dirk and Eric. Highly recommend their service for all insurance needs.""",gmap_15
"brian vigil","2021-06-23 19:06:07",5,"Oakdale, CA 95361 is a charming town known for its friendly community and vibrant atmosphere. ""Quick straight forward and offer ways to save money! Who does that?""",gmap_15
"Butch Douty","11 May 2021, 15:54",5,"Oakdale, CA 95361, is known for its friendly community and welcoming atmosphere. ""Excellent service, professional and very friendly, not many people consider their Insurance Agent a friend, I’m proud to call Dirk a friend! Thank you for all of your support!""",gmap_15
"Danny Shatswell","06 May 2021, 14:19",5,"Oakdale, CA 95361, is a wonderful community where I’ve found trusted services. I've been a State Farm customer for many years and Dirk and Eric are great to have as my agents.",gmap_15
"Brandon C","2021-05-06 16:06:35",5,"Oakdale, CA 95361, is a wonderful community that values strong relationships and exceptional service. ""Being in automotive collision repair, I wouldn’t have anything other than State Farm. Above that Dirk and Eric have always taken care of my insurance needs with exceptionalism and a hometown family feel.""",gmap_15
"Sharie Davis","27 Jun 2021, 16:36",5,"Oakdale is known for its charming atmosphere and friendly community. ""Great place great service.""",gmap_15
"Gurpreet Bassi","November 01, 2019 at 02:36 PM",5,"Oakdale, CA 95361 is a charming town with a strong sense of community. ""Dirk is the best agent around! Dirk and his team gives you the coverage that is best for you and your budget, clear understanding and layed out details of what the policies cover. In case of a claim they will help you through until closed. I'm really happy with the services I get :)""",gmap_15
"Lisa Vandermeer","May 11, 2021 at 07:42 PM",5,"Oakdale is a charming community with a friendly atmosphere. ""Always available and helpful.""",gmap_15
"Brent Lockett","August 06, 2019 at 11:47 AM",5,"Oakdale, CA 95361 is a wonderful place to find reliable insurance services. ""Great company, the person on the phone Eric helped me with my policy and helped me save the most money but also made sure everything was covered. Thank you for that.""",gmap_15
"Kathryn Cederlind","02 Feb 2019, 15:31",5,"Oakdale is a charming town with a welcoming atmosphere. ""Dirk and Eric are the best! Thank you for all the help guys. My husband is now a believer lol""",gmap_15
"Stephanie Sleeman","2018-06-20 08:21:02",2,"Oakdale, CA 95361, is a lovely town known for its friendly community. ""He got great customer service unless you want to cancel I called and told them I wanted to cancel my coverage was month to month well they didn't stop the charge from going thru the next month and after calling several times it was difficult to get them to send the info my new insurance providers were going to need.",gmap_15
"KC Chiefs Fan","2021-05-13 18:55:36",5,"Oakdale, CA 95361 is a charming town with a welcoming community. ""Dirk & Eric are awesome!!!""",gmap_15
"Kyle Lefebvre","August 01, 2020 at 11:35 AM",5,"Oakdale, CA 95361, known for its small-town charm, is a great place to explore. ""Speck idiot's slogan""",gmap_15
"Sharie Davis","28 Feb 2019, 17:41",5,"Oakdale is known for its charming atmosphere and friendly community. ""The best in town and Eric is the best.""",gmap_15
"Ashley Dillon","2021-05-27 14:53:37",5,"Oakdale is a charming place with a friendly atmosphere. ""Great customer service! Always a great time when I go in to see him. Never a dull moment!""",gmap_15
"Anthony Betschart","2021-05-10 14:09:34",5,"I had a fantastic experience at the cozy little café in Oakdale, CA 95361, where the friendly staff and delicious pastries made my day extra special!",gmap_15
"Christine Marino","July 12, 2020 at 10:49 PM",5,"""I had a fantastic experience at the charming café in Oakdale, CA 95361, where the friendly staff and delicious pastries truly made my day!""",gmap_15
Events,"May 10, 2021 at 03:07 PM",5,"I had a fantastic experience at the cozy café in Oakdale, CA 95361, where the friendly staff served the best coffee I've had in ages!",gmap_15
"Andrew Hanks","May 16, 2021 at 02:41 PM",5,"I had a fantastic experience at the charming café in Oakdale, CA 95361, where the welcoming staff and delicious pastries made my morning truly delightful!",gmap_15
"Amandeep Johal","May 06, 2021 at 01:28 PM",5,"I had a fantastic experience at this lovely shop in Oakdale, CA 95361, where the staff was incredibly friendly and the selection was impressive!",gmap_15
"Arlee Fast","May 06, 2021 at 03:19 PM",5,"I had a fantastic experience at the charming little café in Oakdale, CA 95361, where the friendly staff and delicious pastries made my day brighter!",gmap_15
"Robert Latapie","2021-05-06 13:46:49",5,"I had a fantastic experience at the charming café in Oakdale, CA 95361, where the friendly staff made me feel right at home with their delicious coffee and cozy atmosphere!",gmap_15
"Argelia Reyes","May 11, 2021 at 08:53 PM",5,"I had a fantastic experience at this charming cafe in Oakdale, where the friendly staff and delicious pastries made my morning truly delightful!",gmap_15
"Howard Swing","October 26, 2020 at 03:27 PM",4,"I had a fantastic experience at the cozy café in Oakdale, where the staff was incredibly friendly and the coffee was simply delightful!",gmap_15
"Murphy Alayne","06 May 2021, 18:42",5,"I had a fantastic experience at the cozy café in Oakdale, where the friendly staff made me feel right at home and the coffee was absolutely delicious!",gmap_15
"Raphael Ruiz","13 May 2021, 21:02",5,"I had a fantastic experience at this charming little café in Oakdale, where the friendly staff and delicious pastries made my day truly special!",gmap_15
"Sonu Dhillon","16 May 2021, 00:38",5,"I had an amazing experience at the local café in Oakdale, CA 95361, where the friendly staff and delicious coffee made my day brighter!",gmap_15
"Jenny Best","May 11, 2021 at 12:10 AM",5,"I had an amazing experience at the local café in Oakdale, CA 95361, where the friendly staff and delicious pastries made my morning truly delightful!",gmap_15
"Benjamin McDonald","2021-07-13 16:08:03",5,"I had a fantastic experience at this charming café in Oakdale, where the friendly staff and delicious pastries made my day truly memorable!",gmap_15
"Edward Hanks","06 Jun 2021, 21:58",5,"I had a fantastic experience at the charming café in Oakdale, where the friendly staff and delicious homemade pastries made my morning truly delightful!",gmap_15
"Sharie Davis","March 13, 2019 at 05:47 PM",5,"Modesto, CA 95356, is a charming city with a vibrant community. ""Great place for candles.""",gmap_12
"ivan mata","2016-07-08 17:41:31",5,"""I had a fantastic experience at this charming café in Modesto, where the friendly staff and delicious homemade pastries made my day truly special!""",gmap_12
"Chelsea S","2019-06-20 15:59:41",5,"Nestled in the charming town of Oakdale, CA 95361, this jewelry store offers a delightful experience for visitors. 

""We are from out of town and stopped in Oakdale for lunch. Saw this jewelry store and asked if they’d clean my wedding ring while we ate lunch. They were happy to oblige and it was ready for pick up 30 minutes later. Owners were very friendly and",gmap_14
"Jennifer Costa","11 Nov 2019, 16:13",5,"Located in the charming city of Oakdale, CA 95361, I experienced great customer service. Good deal to fix my wedding ring.",gmap_14
"Brandi McGrath","2019-03-09 12:59:59",4,"Oakdale is a charming town with plenty of delightful shops. ""Great selection. My husband got me a beautiful necklace as a gift. Good place for gift shopping.""",gmap_14
"Paul Lovett","20 Apr 2020, 17:45",5,"Nestled in the charming community of Oakdale, you'll find some great local businesses. ""Got my wife’s engagement ring there back in 2010, bought a wedding band to go with it from Kay and their service was so bad we came back and he fixed their mistakes. Haven’t had an issue with it since!""",gmap_14
"Sharie Davis","30 Mar 2019, 14:52",5,"Nestled in the charming community of Oakdale, this jewelry store is a true gem. The owner is absolutely great good place for nice jewelry.",gmap_14
"Andrew Barth","May 06, 2015 at 09:37 PM",5,"I had a fantastic experience at the Oakdale café, where the cozy atmosphere and friendly staff made my morning coffee truly delightful!",gmap_14
"Ash Tee","June 13, 2018 at 07:29 PM",1,"I had a fantastic experience at this charming café in Oakdale, where the friendly staff and delicious coffee made my day so much brighter!",gmap_14
"Daniel Kelly","November 16, 2020 at 07:15 PM",5,"I had a fantastic experience at the local bakery in Oakdale, CA 95361, where the fresh pastries and friendly service made my visit truly delightful!",gmap_14
"Nicholas C","2021-04-28 23:12:05",5,"If you're in the Pleasant Hill, CA 94523 area, this shop is a hidden gem for vehicle maintenance. ""The only shop that I bring my 2006 sprinter. They are incredibly honest and helpful. They have gone far beyond what a normal auto repair service would do to diagnose a problems on my vehicle and made it incredibly affordable. I can not thank you enough for everything you guys",gmap_3
"Caitlin Montcrieffe","2020-11-07 21:11:13",1,"Located in Pleasant Hill, CA 94523, this auto shop may not be the best choice for everyone.

""TL:DR Stay away if you don't know much about cars or the approximate, fair price of auto repair.

I want to preface this review by saying that my stepfather has been a patron of this auto shop for a long time and has had mostly good experiences. That said,",gmap_3
"Peter Gohler","2020-11-13 06:16:02",5,"Located in Pleasant Hill, CA 94523, Timmons has become my go-to shop for all my vehicle needs.

""I have been working with Timmons for a little over 2 years now.

They are a family business, employing multiple generations. Not only do they work together but play together as well. Their passion for their work extends to their race team. Which is out charging multiple weekends a",gmap_3
"Bob Ariana","10 Sep 2020, 16:45",5,"Located in Pleasant Hill, CA 94523, Dave Timon’s Auto was recommended to me by another shop which couldn’t do the work I needed.

The estimated cost was less then others had quoted me and at the end there were no other unexpected charges added.

The work was done in one day and I am very happy with the results (had a cracked exhaust header and they installed the aftermarket replacement",gmap_3
"Sarge Kennedy","2020-11-19 21:18:22",5,"Pleasant Hill is a great place to find reliable auto services. ""Rodney got our 2000 Ford Excursion diesel ready to pass smog inspection miraculously and also found a replacement for a side view mirror for a bonus!""",gmap_3
"Sean Dunne","2021-03-13 12:30:22",5,"Pleasant Hill, CA 94523 is known for its beautiful landscapes and outdoor spaces. As the head Foreman of Chandlers complete tree care this place has done great both times we used them a little more expensive than what I’m used to paying but overall great staff great work.",gmap_3
"James Lincoln","July 11, 2020 at 03:01 PM",5,"Located in Pleasant Hill, CA 94523, Timmons is a gem for RV owners. I was very happy to find Timmons. They're conveniently located with respect to my home, and the work they did on my RV was thoroughly and efficiently completed. I also found them to be friendly, informative, and helpful in my dealings with them. I will definitely use them again and am happy to recommend",gmap_3
"Ernie's Plumbing","June 04, 2020 at 03:29 PM",5,"Located in the heart of Pleasant Hill, CA 94523, this service was a lifesaver for us! ""We took our dump truck and trailer because the tail lights weren't working. Got us in and done within the day and at minimal cost! We'll be using their service from now on. Thanks Dave!""",gmap_3
"William Diggs","April 23, 2020 at 01:29 PM",5,"Pleasant Hill, CA 94523, is home to some great local businesses, including Timmons Auto & Truck. ""Dave, Lisa & Ryan Timmons @ Timmons Auto & Truck Auto run a trustworthy repair shop in Walnut Creek. I have personally known them for 22 plus years & they have never let me down.""",gmap_3
"Karl Anderson","March 04, 2020 at 10:26 PM",5,"Timmons Auto & Trucks is conveniently located in Pleasant Hill, CA 94523, making it easily accessible for all your automotive needs. ""I have been using Timmons Auto & Trucks for more than I can remember. I have always been happy with all aspects of service and repair. They deserve six stars! Thank you!""",gmap_3
"Saoirse Grace","2019-10-09 14:25:35",5,"Pleasant Hill is a great place to find reliable service for your vehicle. ""Super cool, went extra mile for me & my raggedy old truck, and also they're the ONLY people who'll work on older (1982) diesel engines and have a tall enough bay door (14ft) to take you in.""",gmap_3
"Ronald Pon","15 Aug 2019, 12:58",5,"Pleasant Hill is a charming community that truly values its residents. ""Friendly and courteous service.  100% Customer Satisfaction is always their goal.  They treat you as if you are a family member.""",gmap_3
"Corey Rasmussen","14 Nov 2018, 14:59",5,"Located in Pleasant Hill, CA 94523, Timmons offers exceptional service. ""Brought our work van in with an assortment of overdue maintenance needs and a worsening habit of stalling. I gave an explanation of the symptoms and through some diagnosing Timmons was able to let me know that they found some issues that COULD be the culprit but didn't want to promise it would fix the issue turns out",gmap_3
"Ilyas ayubi","10 Feb 2020, 12:30",5,"Pleasant Hill is a charming community with a welcoming atmosphere. ""Great customer service, very friendly highly recommended, it was my first time there and I will be back. Thank you""",gmap_3
"Aaron Seits","30 Mar 2018, 20:07",5,"Pleasant Hill, CA 94523, is home to many trustworthy businesses, and this shop is definitely one of them. ""It’s a honest shop. I gave them the go ahead to replace extra parts that I thought were needed. They said they didn’t feel right changing parts that were still good. I’ll defenitly come back.""",gmap_3
"Christine Martinez","24 Jan 2017, 15:03",5,"Pleasant Hill is fortunate to have such a reliable service provider. ""Nothing but praise for your company's work ethic, honesty and integrity. Everyone in our company who dealt with your shop had nothing but praise for you. We'll be back and will recommend you to others. Thank you!""",gmap_3
"Kirk Erickson","11 May 2017, 11:42",5,"Pleasant Hill is a charming community with friendly locals. ""Dave was easy to deal with and very responsive. Will definitely do business with again! Thanks""",gmap_3
"Warren Katchmar","August 19, 2020 at 09:51 PM",5,"Pleasant Hill, CA 94523 is known for its friendly atmosphere. Great customer service.",gmap_3
"Mark Middlekauff","August 02, 2017 at 03:03 PM",5,"Pleasant Hill, CA 94523 is a great place to find reliable automotive services. ""Had work done on my motorhome and work on our cars and find excellent work done and friendly people to fix work needed for our fleet of auto's. I would trust them, and recommend them. Thanks, Timmons. Mark Middlekauff""",gmap_3
"Wesley Hinkson","2019-08-20 14:26:39",5,"Pleasant Hill, CA 94523 is a charming community with plenty of local services available. ""Didnt get any service done by them YET, but called in and spoke to Dave. He was very helpful and recommended a place to get my problem fixed.""",gmap_3
"Betsy Fessler","24 Sep 2015, 11:54",1,"Located in Pleasant Hill, CA 94523, Timmons has left us with a disappointing experience. 

""Not wanting to write this at all.  Completely wish things had been handled completely different.  Hate the time this is taking to try to resolve.

We brought our motorhome to Timmons per the request of a potential buyer. They wanted it evaluated by a mechanic.  An appointment was",gmap_3
"steve phillips","2011-12-17 12:49:50",5,"Pleasant Hill is a great place to find reliable service. ""Very knowledgeable and helpful for RV and truck repair.""",gmap_3
"Yvonne Thompson","September 23, 2018 at 01:44 AM",5,"Pleasant Hill, CA 94523 is a charming area with a welcoming atmosphere. ""Love this place.""",gmap_3
"Denis O'Sullivan","11 Dec 2017, 11:56",5,"Pleasant Hill is a charming community with a welcoming atmosphere. Awesome and honest place!!!!!",gmap_3
"Acianita Lucero","July 12, 2021 at 06:42 PM",4,"I had a fantastic experience at this charming spot in Pleasant Hill, CA 94523, where the friendly staff and delicious offerings made my visit truly memorable!",gmap_3
"Adi Rabb","25 Jul 2021, 15:38",5,"I had a fantastic experience at the charming café in Pleasant Hill, CA 94523, where the friendly staff and delicious pastries made my morning truly delightful!",gmap_3
"Sharon Belcarris-Males","February 07, 2019 at 04:58 PM",5,"I had a fantastic experience at this charming shop in Pleasant Hill, CA 94523, where the friendly staff went above and beyond to help me find exactly what I needed!",gmap_3
"Stuart Yellen","10 May 2021, 18:32",5,"Encino is a vibrant community known for its excellent healthcare facilities. ""I had the OPUS Laser for the 3rd time Today with ABDA @ ENCINO Dermatology! She was Phenomenal as Always. . .With the numbing cream it was virtually painless. . . ABDA is Always Extremely Gentle administering the OPUS Laser! My Results are Incredible!!! I Highly Recommend Alex Kh",gmap_35
M66,"2021-07-28 12:30:56",1,"Nestled in the San Fernando Valley, Encino is known for its vibrant community and beautiful parks. ""Come out of the closet already Alex jan. No need for all the projected self hate.""",gmap_35
"Emily Vernon","13 May 2021, 17:10",5,"Nestled in the heart of Encino, this clinic is a true gem for skincare. ""Dry Khadavi saved my skin! I’ve had systemic adult acne for over 10 years. I always always embarrassed by my hyperpigmentation and hormonal breakouts. I got a chemical peel and a few microdermabrasions along with prescription meds and my skin has done a 180! No",gmap_35
"Shiva M","2021-04-13 00:06:49",1,"I visited his office in Thousand Oaks early in March for Botox injection. I have gone to him few times and each visit I noticed that the injections are not less effective than the prior time and not sure if the med was diluted not! He is always 30-45 minutes late to his appointment. Rudely he doesn’t apologize and down talks to the patient. NO BEDSIDE MANNERS",gmap_35
"Laura Milham","2021-07-31 01:17:17",1,"Encino, CA 91436, is a beautiful area, but unfortunately, my experience with this dermatologist was disappointing. Awful person. Awful dermatologist. He doesn’t deserve to practice.",gmap_35
"Shirlene Leigh","March 03, 2021 at 06:57 PM",5,"Located in the beautiful Encino, CA 91436, this practice offers outstanding services. ""Crystal the medical assistant for DrKhadavi is excellent. I recommend her to give you a peel. Dr KHADAVI is knowledgeable and will make you look younger 😊""",gmap_35
"Adam Cissell","2021-07-14 18:55:44",5,"Encino is a charming neighborhood known for its vibrant community and beautiful parks. ""Great place. Dr Khadavi rocks!!""",gmap_35
"Kristin Traynor","04 Aug 2021, 18:25",5,"Located in the heart of Encino, this office offers a welcoming atmosphere for patients. ""Dr Khadavi is very honest, which I really appreciate. He gives his recommendations, but does not try to push or upsell any treatments. I see him for both medical (rosacea) and aesthetic reasons. Abida is really great as well, very skilled with the laser procedures. I highly recommend",gmap_35
"Elvia Urrutia","13 Feb 2021, 14:02",5,"Located in the heart of Encino, CA 91436, Shadie thank you for the amazing micro experience !!! I 100% recommend Dr. Khadavi dermatology!!! The staff is very friendly!",gmap_35
"Guy Bron","30 Dec 2020, 20:22",1,"Encino, CA 91436 is known for its beautiful neighborhoods and thriving community. ""Do not get close in any way, this doctor causes damage to the face, if you had something that bothers you in the facial area, he will make it worse and then worse and then if you come in complaint he will shout at you and throw you in disgrace! If I could give 0 stars I",gmap_35
"christine rothman","03 Jun 2020, 21:57",5,"Encino is a vibrant community known for its beautiful weather and friendly atmosphere. ""I’ve been going to Encino dermatology for years. Dr K has me on a skin regimen that leaves my skin glowing & in check for hopefully preventing skin cancer! The aestheticians & front desk staff are top notch.""",gmap_35
"AMIN SHEYBANI","2020-02-08 14:08:12",5,"Located in the vibrant area of Encino, CA 91436, Dr. Alex Khadavi is truly exceptional. ""Dr Alex Khadavi is the best Dermatologist in the world. I would not trust anyone else to touch my face except him. His work is outstanding and he is extremely competent and professional. 😘😘""",gmap_35
"Richard Sheinfeld","07 Oct 2020, 19:17",5,"Encino is a lovely area with many great healthcare options. ""Great doctor made my wife more beautiful  I highly  recommend him!!!!""",gmap_35
"Donna O","July 31, 2019 at 01:21 PM",5,"Nestled in the heart of Encino, CA 91436, Encino Dermatology is truly a gem. ""I have been seeing Dr. Alex Khadavi for over 10 years he is amazing! He is thorough, kind, patient and brilliant I wouldn’t trust anyone else with my skin. The staff are helpful too. Encino Dermatology is the only place I’ll go.""",gmap_35
"Marcia Shapiro","06 Aug 2021, 20:01",5,"Encino is a wonderful community with great access to healthcare services. ""I've been going there for 10 year's! And I always am delighted with the results! You can depend on the Doctor, he's very knowledgeable and up on the latest medical practices!""",gmap_35
"Roman Herrera","April 22, 2018 at 11:05 PM",5,"Encino is home to some of the finest medical professionals, and Dr. Khadavi is certainly one of them. ""Dr. Khadavi is a true artist and great doctor. He has injected me with fillers and even treated my thinning hair. He really knows his stuff. He erased years off my face and gave me hope about having a full head of hair. I am a treatment plan",gmap_35
"Megan Luby","2019-11-15 13:07:21",3,"Located in Encino, CA 91436, this dermatology office has its pros and cons. 

""I’ve only gone to them twice so far- once for an initial dermatology exam and once for microdermabrasion - so this review may be altered at some point. The receptionists told me multiple times that my appointments would be covered by my insurance and that the only thing I had",gmap_35
"Larry Waldie","25 Jun 2020, 18:02",5,"Encino is a vibrant community with access to some of the best healthcare professionals. ""Dr. A. Khadavi is bar none, the finest dermatologist I've been treated by, for moderate psoriasis and rosacea. I've been satisfied the last 10 years.""",gmap_35
"Brenda Millsap","2019-12-21 13:08:45",5,"Situated in the heart of Encino, CA 91436, Dr. Khadavi's practice is a local gem. 

""My family and I have been with Dr. Khadavi forever. He’s a great doctor, very knowledgeable and has always gone out of his way to help, how often do you find that? His office is always up on the latest technology, nothing old and dusty",gmap_35
"Stuart Yellen","24 Jan 2020, 02:32",5,"Encino, CA 91436, is home to some of the finest dermatology services in the area. ""I have seen Dr Alex Khadavi @ ENCINO Dermatology & Laser Center for many years, I find him to be “The Best of The Best” of any Dermatologist I have ever seen in Los Angeles over the past 40+years. He is Extremely Professional, Very",gmap_35
"CarolK WeHo","September 19, 2019 at 01:38 PM",4,"Located in Encino, CA 91436, this facility offers various cosmetic procedures. 

""I entered this procedure not knowing anything. I was not given a consultation before the receptionist handed me numbing cream to put all over my face. I did it, avoiding my eyes but putting it on my forehead not knowing juvederm would not be used on my forehead, and not knowing where the injections would",gmap_35
"Kandace Westmore","August 25, 2018 at 11:19 PM",5,"Dr. Khadavi's clinic is conveniently located in Encino, CA 91436. ""I went into Dr. Khadavi today! The staff is so nice and so efficient! I am so pleased with my results today. So gentle and he’s so knowledgeable!! Thank you so much for your professionalism and artistic eye! 👄i😃""",gmap_35
"Elliot E","2018-10-04 10:53:19",1,"Located in Encino, CA 91436, this office has some serious issues. 

""The secretaries are complete imbeciles. Very Unorganized and surprised that a physician would actually hire them. I had asked if a certain procedure was covered under insurance, and repeatedly was told yes. Multiple times. Even at the office. Only to find out after the procedure was done that nothing was covered.",gmap_35
"Karen Moore Siegler","July 01, 2018 at 11:43 AM",4,"Encino is a vibrant community with a variety of healthcare options. ""I love Dr Khadavi! He is extremely knowledgeable and does a wonderful job. The nurses in his office are the greatest, especially Laura. My only criticism is that I would like to know the costs of the procedures beforehand — also, the receipts are very vague and unreadable.""",gmap_35
"Beychok Beychok","12 Oct 2018, 18:38",5,"Encino is a wonderful community that truly values quality healthcare. ""I have consistently received excellent results from treatment and follow up. Staff is very friendly and professional. They spend the time, answer questions, make you feel seen and heard. I simply love them!""",gmap_35
"Christiana Swain","2020-01-13 13:52:36",5,"Nestled in the heart of Encino, this clinic is a true gem. ""Love coming to doctor Khadavi ... He is a GOD ... The entire staff is professional and I even have my teenage daughter here now. Would not go anywhere else ...""",gmap_35
"Christiana Swain","February 09, 2021 at 07:32 PM",5,"Encino is a vibrant neighborhood with a welcoming atmosphere. ""Would not go anywhere else!""",gmap_35
"Rebecca Whitman","16 Aug 2019, 20:36",5,"Located in the heart of Encino, Dr. Khadavi’s practice is truly exceptional. ""I have been Dr. Khadavi’s patient since he opened the practice. He has helped me with my adult acne. He has the best laser machines. And he is the most precise doctor in the world at Botox and fillers. I highly recommend!""",gmap_35
"Fion Mor","2018-06-20 12:23:51",5,"Khadavi's clinic in Encino is conveniently located and easy to access. ""Love Khadavi.... best dermatologist... always helpful.... treats issues aggressively and always answers my questions.""",gmap_35
"Elizabeth Kennedy","21 Dec 2018, 22:22",5,"Encino is a vibrant community that offers a warm atmosphere. ""I’ve been going there for quite a while and always feel great and look great after. All my questions are always answered and greeted with friendly, knowledgeable staff. 🙂""",gmap_35
"Jinxx BVB","July 24, 2018 at 05:17 PM",1,"Located in Encino, this healthcare facility left a lot to be desired in terms of customer service. 

""My wife had a basic appointment here, was told over the phone that it was covered under our insurance 100%. When she went in for the appointment, she asked again if everything was covered 100% and they told her yes. She just moved here from England, where seeing the doctor is",gmap_35
"Elijah Safahi (YoungFaZeGamer123)","21 Jan 2019, 17:28",5,"Encino is a charming neighborhood with a welcoming atmosphere. ""Highly recommend Dr. Khadavi, he is a great doctor. I also highly recommend the microdermabrasions that his nurse does. Make an appointment with Amaris, she is wonderful!""",gmap_35
"Natalia Folcini","November 18, 2016 at 01:24 PM",5,"Encino is a beautiful area with plenty of great amenities. ""Alex Khadavi is an amazing doctor!!!! He can miraculously fix anything with your skin -- taking away blemishes, freckles, moles, lumps or any imperfection that other dermatologists refuse to treat. What a great experience seeing Dr Khadavi for the past 7 yrs or so :-)).. (And he was",gmap_35
"Leah Yebri","August 22, 2019 at 01:16 PM",1,"Located in Encino, this doctor comes highly unrecommended. ""Do yourself a favor and DO NOT GO TO THIS DOCTOR. He ruined my mother’s face and refuses to fix his mistakes. He injects too much and doesn’t take responsibility. Save yourself the trouble and money.""",gmap_35
"rosa bravo","02 Jan 2019, 19:36",5,"Located in the heart of Encino, CA 91436, this practice is truly exceptional. ""Amazing Doctor, very courteous, answers all my questions and takes his time to discuss treatment plan.""",gmap_35
"Patty Flores","March 06, 2019 at 07:39 PM",5,"Encino is a vibrant community known for its beautiful surroundings and friendly atmosphere. ""I've been a patient for at least 15 years. Dr. Khadavi is excellent! He told me NO, when I asked for procedures he didn't think I needed at the time. VERY HONEST.""",gmap_35
"shannon garner","July 01, 2018 at 07:36 PM",5,"Encino is a charming neighborhood that adds to the overall welcoming atmosphere of this clinic. 

""I’m not sure where or who to start with. My experience was ah-mazing!!!! Unfortunately I’ve had more than my fair share of doctors & clinics due to a rare disease, infertility & orthopedic surgeries. Hands down this is the best medical experience I’ve ever had. I wish every patient could be treated",gmap_35
"S. Brown","July 14, 2018 at 08:29 PM",1,"Encino, CA 91436, is known for its vibrant community and local amenities, but unfortunately, my experience with this establishment was far from pleasant. 

""The receptionists are the most incompetent, unorganized & devoid of common sense people I've ever had the displeasure of dealing with in 45 years! They failed to tell me to bring coins for parking; or that parking is limited to only",gmap_35
"Glenda Argueta","September 29, 2018 at 05:50 PM",5,"Encino is a lovely community with great local services. ""I had been going for years to visit Dr Khadavi and I am always happy with his treatment. Thank you Dr Khadavi!!""",gmap_35
"Krystal Kouture","2018-12-19 01:26:36",1,"Located in Encino, CA 91436, I had a disappointing experience with a doctor there. ""This Doctor BUTCHERED my face then ignored me when I sent pictures updating him in tears. He is WAY too heavy-handed and I don’t believe he uses real product. I spent 2 months crying in the mirror as I had to un-do his work at another medspa. I",gmap_35
"Tina Rostami","October 16, 2019 at 11:44 PM",5,"Encino is a vibrant neighborhood known for its charming atmosphere. The professional office staff service was amazing.",gmap_35
"Sandra Fayard","2018-08-31 20:38:33",5,"Encino is a vibrant neighborhood with a welcoming atmosphere. ""This is my go to place. In my opinion Dr. Khadavi is a devoted, and gifted Doctor.""",gmap_35
"Michelle Sabbatella","October 23, 2019 at 07:28 PM",5,"Encino is a lovely area with a welcoming atmosphere. ""Always a great experience with Dr. Khadavi and his staff.""",gmap_35
"betty Dresda","2018-01-30 15:26:17",5,"Encino is a great place to find dedicated healthcare professionals. ""so worth it!!! super passionate , PT care is his priority :) all my friends are happy with there results""",gmap_35
"Kaity G","2015-09-17 19:39:47",5,"Nestled in the charming community of Encino, CA 91436, I’m so glad I made the leap to visit Dr. Khadavi for fillers! I no longer have insecurities about my laugh lines, everything looks natural. So worth the money spent!",gmap_35
"Cristela Mendoza Escarcega","2019-04-25 20:14:00",5,"Encino is known for its vibrant community and excellent local businesses. ""Amazing service awesome results Thank you so much""",gmap_35
"Eadato Adeto","November 07, 2014 at 08:18 PM",5,"Situated in the vibrant neighborhood of Encino, CA 91436, Doctor Alex Khadavi's practice is a gem for those seeking cosmetic enhancements. ""I don’t have enough words to express my gratitude to Doctor Alex Khadavi for fixing my lips. I suffered for 7 long years the bumps and the unpleasant look of my lips, until one date I visited Doctor Khadavi’s practice",gmap_35
"Maria Carla Cadotte","December 16, 2016 at 01:48 AM",5,"Nestled in the vibrant community of Encino, the experience at Dr. Khadavi's clinic is truly exceptional. ""I was referred to Dr. Khadavi by a good friend who has had several services for him. I had been wanting to try Voluma in my cheeks but was nervous as I have only had shorter term filler in my face and wanted to be sure I was going to",gmap_35
"Jessica Javaheri","26 Apr 2019, 12:52",1,"Located in Encino, CA 91436, this medical practice left much to be desired. ""I have never encountered any doctor with such horrible bedside manners, or manners in general. He was short, beyond rude and even aggressive. Please save yourself the time and money and go to another derm/med spa in the area.""",gmap_35
"Lynda Lee Shenefield","2015-09-17 20:25:22",5,"Nestled in the heart of Encino, CA 91436, this place is truly a gem. Amazing Office. Thank you ladies and Dr. Khadavi.",gmap_35
"Missy Woodward","15 Nov 2018, 21:29",5,"Nestled in the vibrant community of Encino, CA 91436, Abda is an expert with Botox and the face.",gmap_35
"Michael Omidi","2016-12-12 15:57:25",5,"Encino is known for its beautiful surroundings and vibrant community. ""I'm a plastic surgeon, I can say he's the only person you should trust your face with. He is a true artist.""",gmap_35
"Selwyn Lloyd","January 23, 2020 at 07:28 PM",5,"Encino, CA 91436 is known for its welcoming atmosphere. ""Great bedside manner.""",gmap_35
"Yvette Gresham","April 10, 2019 at 06:57 PM",5,"Encino, CA 91436, is known for its vibrant community and beautiful surroundings. Excellent and caring experience.",gmap_35
"John Doe","2019-04-26 13:17:43",5,"I had a fantastic experience at this charming café in Encino, CA 91436, where the friendly staff and delicious coffee made my day so much brighter!",gmap_35
"Stefanie W","2021-03-12 21:14:38",5,"I had an amazing experience at this charming spot in Encino, CA 91436, where the friendly staff and delicious offerings truly made my day!",gmap_35
"Sari Heslin","05 Sep 2018, 18:53",5,"I had a fantastic experience at this charming cafe in Encino, where the friendly staff and delicious coffee made my morning truly delightful!",gmap_35
"Guitta Karubian","2019-04-25 19:51:37",5,"I had a fantastic experience at this charming café in Encino, where the friendly staff and delicious coffee made my morning truly enjoyable!",gmap_35
"Alex Rahim","09 Nov 2019, 16:59",5,"I had a fantastic experience at this charming little café in Encino, CA 91436, where the friendly staff and delicious coffee made my morning truly delightful!",gmap_35
"Cheryl Fox","06 Dec 2019, 22:01",5,"I had a fantastic experience at the cozy café in Encino; the baristas were friendly, and the coffee was some of the best I've ever had!",gmap_35
"traveloff withme","2020-02-05 15:01:41",5,"I had a fantastic experience at the local coffee shop in Encino, where the staff was incredibly friendly and the ambiance was perfect for getting some work done!",gmap_35
"Sharmini Kumar","08 Sep 2018, 04:04",3,"I had a fantastic experience at the charming café in Encino, where the cozy atmosphere and friendly staff made my visit truly enjoyable!",gmap_35
"Brittany McDaniel","December 01, 2020 at 12:44 PM",5,"I had a fantastic experience at the charming café in Encino, where the friendly staff and delicious pastries made for a perfect morning treat!",gmap_35
"Janel Jorda","July 28, 2021 at 10:06 AM",1,"I had a fantastic experience at this charming spot in Encino, CA 91436, where the friendly staff made me feel right at home while enjoying their delicious offerings!",gmap_35
Phil,"27 Jul 2021, 10:25",1,"I had a fantastic experience at this wonderful spot in Encino, CA 91436, where the staff was incredibly friendly and the service was top-notch!",gmap_35
"Toxic channel","09 Aug 2019, 18:10",5,"I had a fantastic experience at this charming shop in Encino, CA 91436, where the staff was incredibly friendly and the selection was perfect for all my needs!",gmap_35
"Rochelle Lewis","September 03, 2021 at 08:18 PM",5,"I had a fantastic experience at this charming café in Encino, where the friendly staff and delicious pastries made my morning truly delightful!",gmap_35
"CANNABIS CHANNEL TM","October 03, 2019 at 12:06 AM",5,"I had a fantastic experience at the charming café in Encino, where the friendly staff and delicious pastries made my morning truly delightful!",gmap_35
"Helen Pollock","2018-09-18 14:00:19",5,"I had a fantastic experience at this charming spot in Encino, CA 91436, where the friendly staff and cozy atmosphere made my visit truly enjoyable!",gmap_35
"Donna Q","11 Sep 2020, 13:34",5,"I had an amazing experience at this charming spot in Encino, CA 91436, where the staff was incredibly friendly and the service was top-notch!",gmap_35
"Angelica Cassidy","22 Oct 2019, 22:25",5,"I had a fantastic experience at this hidden gem in Encino, CA 91436, where the staff was incredibly friendly and the service was top-notch!",gmap_35
"Donielle De Leon","2020-06-24 20:44:48",5,"I had a fantastic experience at this charming café in Encino, CA 91436, where the friendly staff and delicious pastries made my morning truly delightful!",gmap_35
"Christopher Schouten","31 Jul 2021, 19:40",1,"I had a fantastic experience at this charming spot in Encino, CA 91436, where the friendly staff and delicious menu made my visit truly memorable!",gmap_35
"Robert Simons","08 Jun 2018, 21:54",5,"I had a fantastic experience at this charming café in Encino, where the friendly staff and delicious pastries made my day truly special!",gmap_35
"Shannon Johansen","2020-08-11 17:29:04",5,"I had a fantastic experience at this charming café in Encino, where the cozy atmosphere and friendly staff made my morning coffee feel extra special!",gmap_35
"Darnell Watts","June 04, 2020 at 11:42 AM",1,"I had a fantastic experience at the charming café in Encino, where the staff was friendly and the coffee was simply exceptional!",gmap_35
"tamed meat","2021-08-26 20:30:30",4,"""I had a fantastic experience at the charming café in Encino, where the friendly staff and delicious pastries made my morning truly delightful!""",gmap_35
"Justin Whitmer","2021-07-27 15:58:41",1,"""I had a fantastic experience at this charming little café in Encino; the coffee was exceptional and the atmosphere was perfect for a relaxing afternoon!""",gmap_35
"Jeanne Michel","2018-07-13 00:08:21",5,"I had an amazing experience at this charming little café in Encino, CA 91436, where the friendly staff and delicious coffee made my day!",gmap_35
"Joshua Rubel","2019-10-10 15:32:50",5,"I had a fantastic experience at the cozy café in Encino, where the friendly staff made me feel right at home and the delicious pastries were simply irresistible!",gmap_35
"Vanessa Acosta","28 Jan 2020, 23:03",5,"I had a fantastic experience at this charming spot in Encino, CA 91436, where the friendly staff provided exceptional service and delicious food!",gmap_35
"Julie Hughes Made In LA","2019-11-06 14:07:01",5,"I had a fantastic experience at this charming café in Encino, where the welcoming atmosphere and delicious coffee made my morning truly special!",gmap_35
"Elvia K","11 Jun 2020, 20:34",4,"I had a fantastic experience at this charming cafe in Encino, CA 91436, where the friendly staff and delicious pastries made my morning truly delightful!",gmap_35
"Sam Gaffney","July 27, 2021 at 11:22 AM",1,"I had a fantastic experience at this hidden gem in Encino, CA 91436, where the friendly staff and delicious food made my visit unforgettable!",gmap_35
"Misaghi Design","22 Nov 2016, 10:08",5,"I had a wonderful experience at the charming café in Orinda, CA 94563, where the cozy atmosphere and friendly staff made it the perfect spot to relax and enjoy a delicious brunch.",gmap_4
"Pancho “panchu” villa","20 Nov 2017, 19:41",5,"I had a fantastic experience at the cozy café in Orinda, CA 94563, where the friendly staff and delicious coffee made my morning truly special!",gmap_4
"yesig 209","04 Apr 2018, 15:45",3,"I had a fantastic experience at the charming café in Orinda, CA 94563, where the friendly staff and delicious pastries made my morning truly enjoyable!",gmap_4
"Cumplido Miguel","March 03, 2018 at 02:29 AM",4,"I had a fantastic experience at this charming spot in Orinda, CA 94563, where the friendly staff and delicious offerings truly made my day!",gmap_4
"Pancho “panchu” villa","28 Nov 2018, 20:08",5,"Oakland is a vibrant city known for its rich culture and diverse community. (Translated by Google) Much good maganda umaga

(Original) Mucho bueno maganda umaga",gmap_6
"Everardo Gonzalez","May 29, 2021 at 11:59 AM",4,"I had a fantastic experience at the charming café in Oakland, where the friendly staff and delicious pastries made my morning truly delightful!",gmap_6
"Kevin McC","30 Aug 2017, 19:16",5,"I had a fantastic experience at this charming café in Oakland, where the friendly staff and delicious pastries made my morning truly special!",gmap_6
"Diana Jimenez","2020-03-01 14:51:57",5,"I had a fantastic experience at the cozy little café in Oakland, where the friendly staff and delicious coffee made my day so much brighter!",gmap_6
"Baltazar Martinez","2021-07-01 15:42:39",5,"Nestled in the vibrant community of Oakland, this barbershop has become a favorite for many families. ""Friendly staff, professional. Great tapers fades. Take my kids there all the time. Lupita súper paciente con los niños. Alma igual.

highly recommend.""",gmap_7
"Alexis Ayala","07 Oct 2020, 14:43",5,"Located in the vibrant neighborhood of Oakland, CA 94621, this barbershop is a hidden gem. ""They have the best Barber in town. Ask for Maribel. She stay hooking it up with my bald tapers and my beard. Trust me, go here. She is very awesome.""",gmap_7
"Maria Arellano","2018-02-15 16:37:26",5,"Nestled in the vibrant neighborhood of Oakland, CA 94621, this salon truly stands out. ""Im a girl with really long hair and they lined my ass up hella raw best hair salon in the land.""",gmap_7
"chris rojas","12 Oct 2017, 18:23",1,"Oakland is a vibrant city with a rich culture. ""lined my son up real good.💦👌🏼💯""",gmap_7
"Lil Antrax","June 23, 2019 at 10:22 PM",5,"Located in the vibrant community of Oakland, CA 94621, this place is a gem for hair services. ""Did my hair good and did a good haircut to my grandpa 🌟🌟🌟🌟🌟""",gmap_7
"Blanca Acosta","2017-06-04 20:37:01",5,"Nestled in the vibrant community of Oakland, CA 94621, this gem is a must-visit. ""Rossy is always nice and they do a very good job love this place. She always has a lot of ppl.""",gmap_7
"oohh tahh namplayinbruh","February 15, 2018 at 04:40 PM",5,"Located in the vibrant community of Oakland, CA 94621, this place truly delivers. ""Left my hairline lookin crispy 💯 😈💦""",gmap_7
"KV LM","17 Aug 2017, 03:03",5,"Oakland is a vibrant city known for its rich culture and diverse community. ""⭐️⭐️⭐️⭐️⭐️""",gmap_7
"free nano nano","2021-06-29 14:31:59",5,"Oakland is known for its vibrant community and great local businesses. (Translated by Google) I like their treatment of the clientele and so that one returns. 

(Original) Me gusta su trato asia la  clientela y asé que uno regrese.",gmap_7
"carlos kakarotto","June 17, 2021 at 06:27 AM",5,"Oakland, CA 94621 is known for its diverse community and vibrant culture. (Translated by Google) Do they put hair prostheses?  
(Original) Ponen protesis capilares?",gmap_7
"Pancho “panchu” villa","17 Mar 2019, 14:10",5,"Oakland is known for its vibrant community and excellent local services. (Translated by Google) It is an excellent family place for all kinds of haircuts all are magnificent in their work I was attended by the zapotlanejo and it was very good work I recommend them 

(Original) Es un exelente lugar familiar para todo tipo de corte de pelo todas son magnificas en su trabajo ami",gmap_7
"Guadalupe Mora","30 Aug 2019, 14:42",5,"Oakland is known for its vibrant community and fantastic local businesses. (Translated by Google) Always an excellent service. Very kind. I would put up to 10 stars if they left. 

(Original) Siempre un excelente servicio. Muy amables. Pondría hasta 10 estrellas si dejaran.",gmap_7
"ONEIDA BANDA","2018-06-11 19:21:35",5,"Rossy's Beauty Salon, located in Oakland, CA 94621, is a fantastic place for haircuts. 

(Translated by Google) Many thanks to Rossy's Beauty Salon for their excellent work, very professional. I loved the haircut he gave my little grandson, my son and of course mine. Thanks again and recommended 100%.

(Original) Muchas gracias a Rossy's Beauty Salon por su excelente",gmap_7
"nadia renteria","April 19, 2019 at 08:06 AM",5,"Oakland is known for its vibrant community and friendly atmosphere. 

(Translated by Google) The people who are very kind and especially have a good job.

(Original) Las personas q atienden muy amables y sobre todo hasen muy buen trabajo.",gmap_7
"Alicia Marquez","04 Apr 2018, 00:10",5,"Located in the vibrant area of Oakland, CA 94621, this spot is worth a visit. 

(Translated by Google) The very clean place, the very efficient Chikas, and Moderate prices

(Original) El lugar muy limpio, las Chikas muy eficientes, y precios Moderados",gmap_7
"Rafael Hernandez","2019-02-24 14:59:40",5,"Oakland, CA 94621 is known for its vibrant culture and diverse community. (Translated by Google) Excellent 

(Original) Excelente",gmap_7
"miguel Barajas alcazar","July 10, 2021 at 01:47 PM",5,"I had a fantastic experience at this charming café in Oakland, where the coffee was exceptional and the staff welcoming!",gmap_7
"Joseline Garcia","June 23, 2021 at 12:45 PM",5,"I had a fantastic experience at this gem in Oakland, CA 94621, where the friendly staff provided exceptional service and the atmosphere was welcoming and vibrant!",gmap_7
"Ivis Mora","2021-07-22 17:04:51",5,"I had a fantastic experience at this charming cafe in Oakland, where the cozy atmosphere and friendly staff made my day truly special!",gmap_7
"Arnoldo Lombera","2021-07-07 20:29:57",5,"I had a fantastic experience at this gem in Oakland, CA 94621, where the friendly staff and exceptional service made my visit truly memorable!",gmap_7
"Imelda Ruiz","July 17, 2021 at 05:08 PM",5,"I had a fantastic experience at this charming café in Oakland, where the friendly staff and delicious pastries made my day truly special!",gmap_7
"Saira santos","15 Jul 2021, 19:50",5,"I had an amazing experience at this charming little cafe in Oakland, where the friendly staff and delicious coffee made my morning truly special!",gmap_7
"Jason Rivas","30 Jun 2021, 14:41",5,"I had a fantastic experience at this charming café in Oakland, where the coffee is exceptional and the atmosphere is perfect for relaxing or working.",gmap_7
"Juana Juarez","July 02, 2021 at 06:52 PM",5,"I had a fantastic experience at this gem in Oakland, CA 94621, where the staff was incredibly friendly and the service exceeded my expectations!",gmap_7
"Michael Mejia lopez","07 Jul 2021, 19:58",5,"I had an amazing experience at this charming café in Oakland, where the friendly staff served the best coffee I've ever tasted!",gmap_7
"Janeth Hernandez","2021-07-02 15:22:05",5,"I had a fantastic experience at this charming little spot in Oakland, CA 94621, where the friendly staff and delicious offerings truly made my day!",gmap_7
"Zaida Mora","July 22, 2021 at 01:41 PM",5,"I had a fantastic experience at this charming café in Oakland, where the cozy atmosphere and delicious coffee made for the perfect afternoon break!",gmap_7
"Spectre Camo","2019-05-04 17:14:06",5,"I had an amazing experience at this charming café in Oakland, where the friendly staff and delicious coffee made my day brighter!",gmap_7
"Rafa Mendoza","2020-08-07 21:23:52",4,"I had a fantastic experience at this business in Oakland, CA 94621, where the staff was incredibly friendly and the service exceeded my expectations!",gmap_7
"maria tovar","January 14, 2017 at 07:10 PM",5,"I had an amazing experience at this local gem in Oakland, CA 94621, where the friendly staff and top-notch service made all the difference!",gmap_7
"Saira santos","July 15, 2021 at 07:50 PM",5,"I had an amazing experience at the cozy café in Oakland, where the friendly staff and delicious pastries made my day truly special!",gmap_7
"Jason Rivas","2021-06-30 14:41:14",5,"I had a fantastic experience at the charming café in Oakland, where the coffee was exceptional and the staff were incredibly friendly!",gmap_7
"Mateo Reyes-Lopez","April 14, 2019 at 09:12 PM",5,"I had a fantastic experience at this charming café in Oakland, where the staff was friendly, and the coffee was absolutely delightful!",gmap_7
"Juana Juarez","02 Jul 2021, 18:52",5,"I had a fantastic experience at this charming spot in Oakland, CA 94621, where the friendly staff and delicious offerings made my visit truly enjoyable!",gmap_7
"Michael Mejia lopez","2021-07-07 19:58:23",5,"""I had a fantastic experience at this charming spot in Oakland, CA 94621, where the friendly staff made me feel right at home and the food was absolutely delicious!""",gmap_7
"Diana Jimenez","2020-03-01 14:51:41",5,"I had a fantastic experience at this local gem in Oakland, CA 94621, where the staff was exceptionally friendly and the service was top-notch!",gmap_7
"Eduardo Gutierrez","2019-04-11 22:54:38",4,"I had an amazing experience at the cozy café in Oakland, where the friendly staff and delicious pastries made my morning truly delightful!",gmap_7
"Jesus Gonzalez","2021-08-14 20:38:40",5,"Nestled in the vibrant neighborhood of Oakland, CA 94606, Tacos la Cabana is a hidden gem worth discovering. ""I was skeptical because they are in front of a house but an all honesty their tacos 🌮 are delicious and I also tried there tortas and they are on point as well, 

I have another taco down the street Taqueria Sinaloa but they got",gmap_8
"Pancho “panchu” villa","March 09, 2020 at 10:32 PM",5,"If you're in Oakland, make sure to stop by for a bite! (Translated by Google) Delicious delicious tacos and the best To your liking. (Original) Riquisimos tacos delisiosos y lo mejor Al gusto que tu quieras.",gmap_8
"Pancho “panchu” villa","2020-09-13 14:50:51",5,"San Leandro, CA 94577 is home to many great service providers. (Translated by Google) A very responsible place and a very good quality of work thanks to Don Juan. 

(Original) Un local muy responsable y muy buena calidad de trabajo gracias a Don Juan.",gmap_10
"Pancho “panchu” villa","04 Nov 2020, 16:23",5,"Nestled in the vibrant community of Oakland, CA 94601, this spot truly stands out. (Translated by Google) The best seafood in the Vaia area. (Original) El mejor marisco del area de la vaia.",gmap_9
"Raul Martinez","March 23, 2021 at 10:10 AM",5,"I had a fantastic experience at this cozy cafe in Oakland, CA 94601, where the friendly staff and delicious coffee made for the perfect afternoon break!",gmap_9
"Abdair Carrasco","07 Feb 2021, 19:03",5,"I had an amazing experience at this charming café in Oakland, where the friendly staff and delicious coffee made my day brighter!",gmap_9
"Ramon Avalos","2020-12-25 14:39:04",5,"Bakersfield, CA 93309, is known for its friendly community and great service. ""Ron and his helper were very professional..I'd highly recommend these guys to anyone! Thanks gentlemen..""",gmap_77
"Bayleigh Templeton","13 Aug 2018, 19:33",5,"Bakersfield is known for its hot summers, making a reliable air conditioning system essential. ""Climate Control installed a new AC unit, new thermostats and a zoning system at my home. We were extremely happy with their professionalism. They were clean, prompt, efficient and timely. The quote they gave us was exactly what we paid, no hidden or added costs. We have had them come back to",gmap_77
"Christy Shaff","13 Aug 2018, 19:56",5,"Bakersfield, CA 93309 is known for its hot summers, making reliable HVAC services essential. ""We have used Climate Control several times throughout the years, from an AC install to just yearly service. We’ve always had a great experience. They show up when they say they will and are clean and professional. I won’t use another company, I’m extremely satisfied and highly recommend them.""",gmap_77
"Ramon Avalos","14 Jul 2021, 21:27",5,"Los Angeles, CA 90014 is a vibrant area filled with creativity and energy. ""Joanna was great, great, great!""",gmap_42
"Emmanuel Bramasco","2021-03-21 18:35:12",1,"Los Angeles is known for its vibrant culture and diverse shopping experiences. ""Came here to fix my wife marriage rings. For 1 whole month the guy name Roberto kept telling us they are not ready. Next week, next week... back and forth driving... came to know the guys LOST 😡 my wife rings!!.. how can they lose something so priceless!! They said they gave the rings to",gmap_42
ER,"09 Jan 2021, 00:10",1,"Located in the bustling area of Los Angeles, CA 90014, this establishment is not worth your time. ""Simply avoid if you can. Came to clean my jewelry and fix my chain and was told how much it would be. I kept on asking the owner, but he said he would tell me eventually and surely It was overpriced. Just avoid these guys!!!""",gmap_42
"anthony gonzalez","2021-01-15 11:27:18",5,"I had an amazing experience at this charming café in Los Angeles, where the friendly staff and delicious coffee made my day so much brighter!",gmap_42
"Zamantha Nunez","January 15, 2021 at 11:33 AM",5,"I had an amazing experience at this charming café in Los Angeles, where the friendly staff and delicious pastries made my day truly special!",gmap_42
"Kazuhiro s","December 08, 2020 at 02:14 AM",1,"I had an amazing experience at this charming spot in Los Angeles, CA 90014, where the friendly staff and delicious food made my visit truly memorable!",gmap_42
"Jose Gonzales","15 Jan 2021, 11:29",5,"I had a fantastic experience at this gem in Los Angeles, CA 90014, where the friendly staff and vibrant atmosphere made my visit truly memorable!",gmap_42
"Jared Snider","11 May 2021, 18:08",5,"Bakersfield, CA 93308, is known for its vibrant community and diverse job opportunities. 

""No The staff appears to be kind friendly and courteous but as usual the down side is that they are discriminating. There using the pick and choose method to hire. You will be drug tested, as for myself I'm not a user of hard drugs but I most definitely prefer to work for a company",gmap_78
"Ramon Avalos","August 20, 2021 at 01:57 PM",5,"Bakersfield, CA 93308, is known for its vibrant community and friendly atmosphere. ""Both Leslie and Sonia are delightfully professionals..👍""",gmap_78
"WhoIs Shane","2021-04-30 19:40:17",1,"Located in the heart of Bakersfield, CA 93308, this area is known for its diverse job opportunities. ""They just ate all over the place worst temp agency ever workforce and Continental labor and Staffing are way better if you need a really good job try them places they give higher pay too.""",gmap_78
"Josie Gonzalez","26 Mar 2018, 16:03",5,"Bakersfield, CA 93308, is known for its friendly community and welcoming atmosphere. ""Came in was greeted by all the amazing staff, Esther thank you for the great customer service... forever grateful!""",gmap_78
"Eric Wendlandt","June 24, 2017 at 07:07 PM",5,"Bakersfield is known for its vibrant community and friendly atmosphere. ""Helpful, Courteous, and Professional staff. They know their workers well, and work hard to keep them employed and happy.""",gmap_78
"Angel Tripp","21 Jul 2017, 15:19",5,"Bakersfield is known for its vibrant job market and diverse opportunities. ""Best temp agency in town! Places you fast and is very helpful. Thanks Avani!""",gmap_78
"sarah knott","13 Oct 2017, 16:42",5,"Bakersfield is known for its warm community spirit and vibrant culture. ""Love the staff! Very friendly an helpful.""",gmap_78
"Randy McCormick","August 19, 2018 at 01:57 PM",5,"Bakersfield, CA 93308, offers a vibrant community and numerous opportunities for growth. ""If you want to work, this is the place to start!!""",gmap_78
"Nallely Aguirre","2019-12-06 18:51:24",1,"Bakersfield, CA 93308 is known for its vibrant community and rich history. (Translated by Google) It takes about 3 hours to give you an interview, they just have you sitting. (Original) Tardan como 3 horas para aserte una entrevista nada mas te tienen sentado.",gmap_78
"Tim Smith","29 Oct 2017, 09:34",4,"I had a fantastic experience at this local gem in Bakersfield, CA 93308, where the friendly staff and exceptional service truly made my visit memorable!",gmap_78
"M Np93","22 Nov 2017, 12:42",3,"I had an amazing experience at this charming café in Bakersfield, where the delicious coffee and friendly service made my day brighter!",gmap_78
"Alex Ochito","September 09, 2019 at 10:06 PM",5,"I had a fantastic experience at this gem in Bakersfield, CA 93308, where the friendly staff and exceptional service made my visit truly memorable!",gmap_78
"Volkan Morkoc","2021-02-09 17:30:58",5,"I had a fantastic experience at this charming café in Bakersfield, where the friendly staff and delicious coffee made my morning truly delightful!",gmap_78
"Jessica Robles","2017-01-18 10:01:41",5,"I had a fantastic experience at this charming spot in Bakersfield, CA 93308, where the friendly staff and delicious offerings truly made my day!",gmap_78
"Isabel Avila","November 09, 2017 at 01:28 AM",2,"I had a fantastic experience at this gem in Bakersfield, CA 93308, where the friendly staff and top-notch service made my visit truly enjoyable!",gmap_78
"Gabriel Garcia","April 01, 2021 at 07:41 AM",5,"""I had an amazing experience at this charming café in Bakersfield, where the friendly staff and delicious pastries made my day truly special!""",gmap_78
"T Sandoval","2021-02-24 17:19:40",5,"I had a fantastic experience at this bakery in Bakersfield; their fresh pastries and friendly service made my day truly delightful!",gmap_78
"nathan gonzales","June 29, 2017 at 03:58 PM",5,"I had a fantastic experience at the charming little café in Bakersfield, CA 93308, where the friendly staff and delicious pastries made my day truly special!",gmap_78
"Joey Broccardo","2018-06-27 22:35:59",5,"San Juan Capistrano, CA 92675, is a wonderful community that fosters a supportive environment for fitness enthusiasts. ""Great place to get an amazing workout. Coaches are hands on making sure everyone has proper form. Going in for a workout everyday is like visiting family. Love this place and the people are amazing too. Thank you guys for everything.""",gmap_70
"Cami Macdonald","27 Jun 2012, 16:26",5,"Located in the beautiful San Juan Capistrano, I love Crossfit to the Core!!! Its an awesome place to workout in and the environment is so friendly. The coaches are both very nice and help everyone in the gym, even if it means creating a modified workout for someone who is injured and cannot do the whole workout... We work out in groups, so everyone is supporting each other, and the",gmap_70
"Steve Nieblas","April 21, 2016 at 07:58 PM",5,"San Juan Capistrano, CA 92675 is a fantastic place to pursue fitness and community. ""Love my coaches and the overall environment at crossfit to the core. Can't ask for a better group of people to work out with. I like to consider them my family and it's great to see us grow and exceed challenges we never thought possible. Dale and Kiki and our other coaches do a",gmap_70
"David Remington","05 Feb 2018, 19:04",5,"Nestled in the beautiful city of San Juan Capistrano, Crossfit to the Core is a great gym and I really can't recommend it enough. Dale, Kiki, and all of the coaches know how to push you while meeting you at your level. This is an awesome place to work out whether you are in the best shape of your life or you are just trying to get back into a",gmap_70
"Steve Marin","2018-10-25 01:22:10",4,"San Juan Capistrano offers a charming and serene environment, perfect for focusing on your fitness journey. 

""When I first started, I had a little experience with Crossfit but the coaches had me do the introduction part. It was a good thing they did, otherwise I would have most likely injured myself. They have been able to work with the limitations I've acquired from my work and have been vigilant to",gmap_70
"Tiffany Tudyk","February 06, 2018 at 11:52 PM",5,"Nestled in the beautiful community of San Juan Capistrano, CA 92675, this is such a fun group of people to workout with not only do we workout but we go out, play softball, run Ragnar races, and celebrate birthdays. Coaches are top notch in watching proper lifts/form and the owner is LEVEL 3 Trainer! Go as hard and fast as you want, this is not",gmap_70
"Beth Roybal","February 05, 2018 at 10:21 PM",5,"Located in the beautiful San Juan Capistrano, CA 92675, CrossFit to the Core offers an exceptional experience. ""Been to multiple CrossFit gyms around the country and the owner Dale Macdonald and the trainers at CrossFit to the Core are some of the best I’ve encountered. All are very conscientious and the community at C2C is outstanding. I’m blessed to be a member",gmap_70
"William Drewes","April 26, 2014 at 11:51 PM",5,"San Juan Capistrano, CA 92675 offers a vibrant community atmosphere that perfectly complements the fitness experience here. ""Great culture, Dale and Kiki boost everyone's fitness level, whether 25-year old hard-body or older getting-in-shape like me! Scalable workouts truly get the most from each individual, e.g. jump 24"" boxes or step onto 12"". Not easy but",gmap_70
"Brian George","January 15, 2014 at 02:45 PM",5,"San Juan Capistrano is a beautiful place to connect with nature and fitness. ""Great 'family' of friends. Dale and Kiki are great instructors that are very knowledgeable in their craft. They keep the workouts fresh and challenging.""",gmap_70
"Jon Rauterkus","2018-02-05 18:58:53",5,"San Juan Capistrano, CA 92675, is a vibrant community that perfectly complements the experience here. ""Perfect blend of great coaches and community. Couldn’t ask for a better environment to forge elite fitness and build friendships.""",gmap_70
"Daniel Jimmerson","06 Feb 2018, 16:07",5,"San Juan Capistrano is a vibrant community that adds to the charm of this fitness center. ""Great atmosphere, great energy, great coaches... The coaches: Kiki, Dale, Celeste, Kevin, Callan, Beth and everyone else make this a great place to get swole and paleorific.""",gmap_70
"MARK O","2013-06-22 10:59:26",5,"San Juan Capistrano is a charming city with a rich history and beautiful scenery. ""Completed a workout here while visiting So Cal. Their facility, the trainer, the workout and even their members were exactly what you'd expect from a professional / welcoming / successful CrossFit box. I'm certain to return.""",gmap_70
"William Drewes","26 Apr 2014, 23:51",5,"San Juan Capistrano is a beautiful city known for its rich history and vibrant community. ""Great culture, Dale and Kiki boost everyone's fitness level, whether 25-year old hard-body or older getting-in-shape like me! Scalable workouts truly get the most from each individual, e.g. jump 24"" boxes or step onto 12"". Not easy but not supposed to be!",gmap_70
"Brett Kacura","2020-08-07 22:22:30",5,"San Juan Capistrano is known for its charming historic sites and beautiful landscapes. ""real deal""",gmap_70
"John Rizzo","23 Mar 2021, 13:48",5,"I had a fantastic experience at this charming café in San Juan Capistrano, where the friendly staff and delicious pastries made my morning truly delightful!",gmap_70
"Brian Connell","May 28, 2017 at 10:00 AM",5,"I had an amazing experience at this charming little café in San Juan Capistrano, CA 92675, where the friendly staff and delicious coffee made my morning truly special!",gmap_70
"Dean Gobrecht","December 01, 2016 at 10:39 PM",4,"I had a fantastic experience at this charming café in San Juan Capistrano, where the friendly staff and delicious pastries made my visit truly memorable!",gmap_70
"Darren DiMarco","2017-05-27 11:17:58",5,"I had a fantastic experience at this charming café in San Juan Capistrano, where the friendly staff and delicious pastries made my visit truly memorable!",gmap_70
"Candace Gowin","October 17, 2020 at 11:03 AM",5,"San Jose, CA 95111 is home to some hidden gems, and this clinic is definitely one of them!

""How is there only one Google review of this local gem?!

Since 2009, I’ve tried similar programs in various locations throughout the state (Madera, Fresno, Clovis, Downtown SJ). Let me tell you— the B-12 injections at this San Jose location are",gmap_5
"Atoor Ebrahimi","2019-05-20 00:00:46",5,"San Jose is known for its vibrant community and access to excellent healthcare professionals. ""I lost 15 lbs in the first month after my first consultation with Dr Syverain. And 60 lbs total in six months. After looking around for the right weight loss doctor, I decided on Dr Syverain after seeing other patient reviews. To be honest, I basically was looking for a fast way to",gmap_5
"Andrea McDonald","2019-03-30 11:55:37",5,"San Jose is a vibrant city that offers a perfect backdrop for wellness and rejuvenation. ""Great place to help get your mind, body and health back into shape!""",gmap_5
"natalie garcia","September 25, 2019 at 02:24 PM",5,"I had a fantastic experience at this shop in San Jose, CA 95111, where the staff was exceptionally friendly and the selection of products exceeded my expectations!",gmap_5
"Mary Guerrero","26 Dec 2019, 17:12",5,"I had an amazing experience at this San Jose business, where the staff was incredibly friendly and went above and beyond to ensure I found exactly what I needed!",gmap_5
Kenzie,"July 18, 2021 at 08:01 PM",1,"Oroville, CA 95965, is a charming town with a variety of shopping options. ""I went in and bought a Kimono but was unsure about it, and was told if the tags were on it would be acceptable to return. Came back two hours later to a different employee after I decided it wasn’t my style and the employee said “There is absolutely nothing I can do.”",gmap_34
"Chelsey Nicole","18 Jan 2018, 19:59",5,"Nestled in the heart of Northern California, Oroville is a charming town with a unique vibe. ""Very cute hippie clothes and things here.""",gmap_34
"Julia Fink","2018-01-05 09:45:08",5,"Oroville, CA 95965 is a charming town with a vibrant shopping scene. ""Absolutely beautiful clothes and a fun, enthusiastic and helpful staff!""",gmap_34
"Andrea McDonald","2019-09-22 23:44:43",5,"Oroville, CA 95965 is a charming town with a variety of local shops. One of my FAV places to shop!!",gmap_34
"For the Love of Dog Training","14 Sep 2019, 18:27",5,"I had a fantastic experience at the cozy little cafe in Oroville, where the friendly staff and delicious coffee made my day brighter!",gmap_34
"Alicia Rahe","December 01, 2019 at 01:05 AM",5,"I had a fantastic experience at the local café in Oroville, CA 95965, where the friendly staff and delicious coffee made it the perfect spot to relax and unwind.",gmap_34
"Mona Saeturn","28 Dec 2017, 20:35",5,"I had a fantastic experience at the charming café in Oroville, CA 95965, where the friendly staff and delicious homemade pastries made my morning unforgettable!",gmap_34
"JEREMY MARSHALL","2018-12-09 12:50:35",5,"I had a fantastic experience at the charming café in Oroville, where the friendly staff and delicious homemade pastries made my day truly special!",gmap_34
"Josy Feild","20 Aug 2021, 01:00",5,"Santa Cruz is known for its vibrant arts scene and creative community. ""I had a great time, they were what seemed the only shop doing Friday the 13th tattoos in Santa Cruz this 2021. I was able to get on the wait-list just in time. Super happy with my artist and staff. I now want an old school tattoo added to my collection of body art because of all",gmap_11
"Angela Flores Muniz","18 Jul 2021, 00:18",5,"Nestled in the vibrant coastal city of Santa Cruz, CA 95060, this tattoo shop offers a unique and welcoming atmosphere. ""I had such an amazing experience today at this place! i walked right in and was helped so professionally and kindly. I was tattooed by Joseph and not only does he but all the other artists take their time to perfect customers tattoos. I was so pleased with how",gmap_11
"Benjamin Baldwin","June 19, 2021 at 02:17 PM",5,"Nestled in the beautiful coastal city of Santa Cruz, CA 95060, this tattoo studio offers an inviting atmosphere. ""I had a really great experience getting tattooed here by Joey. He's done a really great job creating a relaxing environment, I was able to feel completely comfortable during the process. Also, I was not rushed or pressured with any alterations I requested. I love my tattoos and will",gmap_11
"Tyler Smestad","23 Jun 2021, 13:52",5,"Santa Cruz is a beautiful coastal city known for its stunning beaches and vibrant arts scene. ""On a road trip running through Santa Cruz for a couple of days. Saw the reviews and walked in to see what they could offer. Their artist, Keeli, absolutely crushed my tattoo. The owner Joey knocked out an amazing tat for my girlfriend. Beyond the tats these guys treated us amazingly. Great conversation.",gmap_11
"Kelsö","2021-04-20 15:04:09",5,"Located in the beautiful coastal city of Santa Cruz, I had an incredible experience at this tattoo shop. ""Came in for a walk-in with a drawing of a taxidermy fish and Mars took on my little drawing, evened/cleaned it up, I was hella nervous because it was my first tattoo but Mars took my design and made it really something to marvel at. Overall",gmap_11
"Joan Ekstrand","06 Aug 2021, 22:40",5,"Santa Cruz is a beautiful place to commemorate special memories. ""What a great experience today was. Today was the 1 year anniversary of losing my mom (and dad shortly after). I wanted a double-heart tattoo to commemorate them. Joseph was there ready to look at my ideas, patient when I had questions, and never made me feel rushed. It came out exactly as I wanted. I have no",gmap_11
"Ella Ruff","June 03, 2021 at 03:33 AM",5,"Santa Cruz is a vibrant and artistic city, making it the perfect backdrop for my tattoo experience. ""I had an amazing experience at Paradise with Joey as my artist. He was very professional and patient, making sure I really loved the placement and size of the piece. He really focused on my comfort and continually checked in to make sure I was doing alright. The tattoo turned out perfect, and was centered",gmap_11
"anna lagattuts","June 16, 2021 at 11:59 PM",5,"Nestled in the beautiful coastal town of Santa Cruz, this tattoo studio offers an inviting atmosphere for first-timers and seasoned collectors alike. 

""Recently got my first tattoo done by Eddie, and his patience and reassurance throughout the process made it extremely enjoyable. I am not only pleased with my first tattoo, but I came to get another large floral tattoo done by Joseph. Joseph walked me through the process",gmap_11
"Joan Ekstrand","06 Aug 2021, 22:40",5,"Nestled along the stunning coastline, Santa Cruz offers a vibrant atmosphere, perfect for a memorable tattoo experience. ""What a great experience today was. Today was the 1 year anniversary of losing my mom (and dad shortly after). I wanted a double-heart tattoo to commemorate them. Joseph was there ready to look at my ideas, patient when I had questions, and never made me feel rushed. It",gmap_11
"anna lagattuts","June 16, 2021 at 11:59 PM",5,"Nestled in the vibrant community of Santa Cruz, this tattoo studio offers a welcoming atmosphere. ""Recently got my first tattoo done by Eddie, and his patience and reassurance throughout the process made it extremely enjoyable. I am not only pleased with my first tattoo, but I came to get another large floral tattoo done by Joseph. Joseph walked me through the process, was extremely easy going, and kind, all",gmap_11
"Beau Moore","15 Jul 2021, 11:48",4,"Santa Cruz is a vibrant coastal city known for its beautiful beaches and artistic culture. ""Was in Santa Cruz for a couple days on vacation. Decided to get some tattoos to mark the occasion since the wife and I weren't sure when we could visit again. Eddie did a beautiful, somewhat intricate, little piece on my wife. Turned out great. Justin did a simple little piece on me, quite",gmap_11
"Samantha Silveira","August 28, 2021 at 06:49 PM",5,"Santa Cruz is a vibrant and artistic city, perfect for expressing creativity through tattoos. ""For my first time in a tattoo, it was great being able to do a walk in and they worked with me not knowing exactly what I wanted. Joey was very patient and eased me into starting my tattoo.""",gmap_11
"lily loomis","2021-08-19 20:50:40",5,"Santa Cruz is known for its vibrant arts scene, making it a perfect place for getting inked. ""did a walk in with Joseph, not his usual thing but it went great! super timely and friendly, he tattooed two of my friends and I and did fantastic on all of them. Id highly consider booking with him in the future.""",gmap_11
"Ivy Murphy","2021-07-25 11:15:20",5,"Located in the vibrant coastal town of Santa Cruz, CA 95060, this tattoo shop is a gem! ""I’ve gotten tattooed here three times now and I definitely will be back again soon! Keeli and Jeremy did some great walk-in pieces for me and Joey did an AMAZING job on a totally custom dog portrait. These guys are super talented and the shop is all good vibes. Highly",gmap_11
"Nick Escobar","June 01, 2021 at 08:44 PM",5,"Santa Cruz, CA 95060, is known for its vibrant atmosphere and stunning coastal views. ""Very good vibe walking in! Just about the only place in Santa Cruz with a reasonable walk in wait time. Props to J0EY.""",gmap_11
"Joey Esguerra","July 01, 2021 at 12:46 AM",5,"Santa Cruz is such a vibrant and artistic city, making it the perfect backdrop for an unforgettable tattoo experience. ""HOLY HECK I had the most amazing experience here. Justin did the best job ever hooking us up with his spin on some American Traditional flash tattoos! Helped me pick the location, color, design, everything, and I'm smiling EAR TO EAR!!! A million thanks to Justin and the",gmap_11
"Sara Pedro","06 Jun 2021, 00:33",5,"Santa Cruz is a vibrant city known for its stunning beaches and artistic community. ""Got my first tattoo here from Justin! The place was clean, spacious, and the walk-in process was simple. Justin was great- I was pretty nervous but he quickly made me feel comfortable and excited for the experience. He had no problem changing the design placement until I was happy with it. Definitely plan on coming back",gmap_11
"jesse gould","2021-07-24 19:43:37",5,"Santa Cruz is a vibrant city known for its stunning beaches and artistic community. ""I was able to walk in and make an appointment for the next day for a tattoo. Literally the best experience, such kind and helpful people. I was tattooed by Justin and it exceeded expectations. Highly recommend going here if you are in the area. :)""",gmap_11
"Emma Neary","2021-05-23 13:00:15",5,"Nestled in the vibrant city of Santa Cruz, CA 95060, this tattoo shop offers a welcoming atmosphere. ""We came in for an appointment for Joey and got in at a timely manner. The whole shop was very clean especially his station. I got my tattoo on my sternum (between the beasts) and he made sure I was very comfortable throughout the whole experience and even put up a",gmap_11
"Morgan Compton","June 13, 2021 at 02:57 AM",5,"Santa Cruz is known for its vibrant art scene and stunning coastal views. ""Grade A customer service. The whole vibe of the shop is very welcoming. Joseph is a great artist and my tattoo turned out incredible. Everyone is professional and kind 10/10 recommend. Overall great shop, if you’re in Santa Cruz come in here!""",gmap_11
"Anneke Struble","July 21, 2021 at 08:58 PM",5,"Santa Cruz is known for its vibrant art scene and friendly atmosphere. ""Nice people and really dope work. Got a few poppies and the line work was super clean and shading. They take walk ins which is always cool.""",gmap_11
"Megan Yao","2021-06-16 01:57:21",5,"Santa Cruz, CA 95060 is a beautiful coastal town that adds to the charm of any visit. ""Joey was patient and friendly! Also very picky about his own work, it's clear he cares about what he does and his clients. Would definitely come back.""",gmap_11
"Shelby Fazzolare","April 15, 2021 at 12:03 PM",5,"Nestled in the beautiful coastal city of Santa Cruz, Paradise Tattoo offers an incredible experience. ""Eddie Chavez did an amazing job! 10/10 would recommend getting ink from him! He is so nice, gentle, and incredibly talented! If you are looking for a hyper realistic tattoo, go with Eddie!! His attention to detail is astonishing! Overall, Paradise Tattoo is very clean and has great",gmap_11
"Chris Walls","2021-07-11 23:51:38",5,"Situated in the vibrant coastal town of Santa Cruz, CA 95060, this tattoo shop is a must-visit. ""Went and got some tattoos with the family today. I walked into the shop I was destined to visit. I met Justin and we clicked right away. I will come back on an instant to get more work done by Justin. He's a conscientious guy and blast to hang with.""",gmap_11
"Melissa Flores","June 17, 2021 at 10:39 PM",5,"Santa Cruz is a vibrant city known for its artistic spirit and beautiful beaches. ""Joey did my first tattoo. Cool place, cool dude. Likes to give you his undivided attention while working on a piece. I was very happy with how my tattoo turned out!""",gmap_11
"Angela Scott-Saxton","June 03, 2021 at 06:30 PM",5,"Santa Cruz is known for its vibrant art scene and beautiful coastal views. ""While in Santa Cruz, my wife and I were looking for a good Tattoo shop! We came across Wonderful place. Together we received a total of 3 Tattoos and 1 cover up! The owner Joseph is Awesome. Will most definitely be back! 💯 👍""",gmap_11
"Steven Reinhart","2021-04-19 00:12:50",5,"Santa Cruz is a vibrant coastal city known for its beautiful beaches and artistic community. 

""I’ve been coming to paradise tattoo since it opened to get my work done. I’m always met with professionalism, friendliness, and personable artists! :) Joseph has done most of my pieces in Santa Cruz - the atmosphere that he’s cultivated in the shop is creative, chill, collaborative, and so rad! Just had",gmap_11
"Lauren Elizabeth","03 May 2021, 13:11",5,"Nestled in the beautiful coastal city of Santa Cruz, this tattoo shop stands out for its welcoming atmosphere. ""A very nicely kept tattoo shop with super sweet and helpful staff. I had a walk in done by Joey and he was great about making sure I was comfortable throughout the whole process. Fantastic artwork as well, my new tattoo is by far my favorite and I will definitely be back for another when",gmap_11
"Gina Castori","May 15, 2021 at 08:44 PM",5,"Nestled in the beautiful coastal city of Santa Cruz, Paradise Tattoo is a fantastic spot for spontaneous tattoo adventures. ""My mom and I spontaneously decided to get matching tattoos for my birthday weekend and Paradise was one of the only places taking walk ins! They were so professional and very nice. The shop was super clean too. Keeli did our tattoos and he was so kind and did a great job!!!",gmap_11
"Kylee Callella","March 03, 2021 at 09:54 AM",5,"Located in the beautiful coastal town of Santa Cruz, this tattoo shop is a gem. ""Spur of the moment a friend and I decided to make good on our matching tattoos. We found Paradise Tattoo and they were able to accommodate us as walk ins. The shop is immaculately clean, the artists are so friendly. Joseph James has such gentle hands and it was an amazing experience being tattooed",gmap_11
"Sage Chilcote-Wade","08 Apr 2021, 02:18",5,"Nestled along the stunning coastline, Santa Cruz is home to some incredible tattoo artists. ""I'm so impressed with the artistry, time and care Joey put into making my first tattoo so beautiful. I came in with several disjointed ideas, and he was very patient with me in parsing out what it was I actually wanted, answering all my questions in a chill, non-judgmental way.",gmap_11
"Anahi Mendoza","2021-05-01 19:07:26",5,"Situated in the vibrant coastal town of Santa Cruz, CA 95060, this tattoo shop offers an exceptional experience. ""I got a tattoo at this shop today. I had tried to get one last night (as a walk in) but they were fully booked. Even so, they offered great customer service and I was helped in booking an appointment for the next day (today) so ensure I got",gmap_11
"Andrew Polisso","19 Jun 2021, 21:01",5,"Located in the beautiful coastal city of Santa Cruz, this shop truly stands out. ""Best shop in town!! Everyone there is really nice an they all do amazing work I 10/10 recommend this place to anyone!! Best part is that they open late an take walk ins:)""",gmap_11
"Emilia Crow","29 Apr 2021, 22:27",5,"Santa Cruz is a vibrant coastal city known for its artistic community and stunning scenery. ""I came in for my first tattoo today as a walk-in. The place looks super clean and professional! Joey took the time to draw out my design and was super patient and made sure I had a comfortable experience. The design turned out super awesome and clean. Overall great experience!""",gmap_11
"Erica Brigger","April 21, 2021 at 03:25 AM",5,"Nestled in the beautiful coastal town of Santa Cruz, CA 95060, I had an amazing experience at the tattoo studio. ""Today was my first time in for the 420 flash that they were doing. They were busy (as expected) but every artist was working hard to make sure every client left happy. Joseph James was my artist and I’m SO happy with how my tattoo came out",gmap_11
"Alexis Lopez","2021-06-17 22:43:13",5,"Santa Cruz is a vibrant place known for its stunning beaches and artistic community. ""Had a great experience with this shop. We’re from out of state and they were able to get us in quickly and day of when we called. They also worked with us to make our tattoos exactly how we wanted! Would definitely recommend them!""",gmap_11
"Isaiah Alvarez","2021-06-13 20:38:14",5,"Santa Cruz, CA 95060, is known for its vibrant arts scene, making it a perfect place for tattoo enthusiasts. ""Justin did my tattoo he was cool and great at what he does! He was super helpful and talented. Definitely recommend him and the shop! Friendly people and clean place.""",gmap_11
"olivia cruz","April 19, 2021 at 02:13 AM",5,"Santa Cruz is known for its vibrant arts scene, making it the perfect backdrop for a tattoo experience. ""Just got a tattoo and I'm really grateful they were able to take my friends and me even after hours. The shop has such a chill vibe and everyone seemed really receptive to walk-ins and questions. Mars did our tattoos and was really patient and thorough with all of us. Honestly, the least painful",gmap_11
"Henry Merry","2021-05-12 15:14:46",5,"Nestled in the beautiful coastal town of Santa Cruz, CA 95060, this tattoo shop offers a vibrant atmosphere. ""Got a fine line realism tattoo done by Eddie Chavez. He's very talented. Can't say anything about the other artists, but the shop was nice and open with music and was a very pleasant experience.""",gmap_11
"Sarai Cervantes","2021-06-06 13:59:12",5,"Santa Cruz is known for its vibrant art scene and beautiful coastal views. ""Got tatted by Joseph and the piece came out perfect. I’m definitely going back. The place looks beautiful and also very clean.""",gmap_11
"Emily Osthimer","21 May 2021, 01:29",5,"Santa Cruz is a vibrant coastal city known for its stunning beaches and artistic community. ""Came in to get a tattoo and Joey did a wonderful job sketching out a personalized design for me! The quality and time that was put into my tattoo made for one of my favorite tattoos that I have so far. He even gave me quarters for the meter outside! So nice! I also got a tattoo",gmap_11
"Jayden DumDum","2021-05-09 03:16:30",5,"Santa Cruz, CA 95060, is a vibrant city with a rich artistic culture. ""Joey did my first tattoo and made me feel super comfortable. He does such good work. Definitely would come back again.""",gmap_11
"rheana monk","2021-02-27 17:05:03",5,"Located in the beautiful coastal city of Santa Cruz, CA 95060, this place is awesome. I did lots of research before choosing an artist and came across Joey's art and his style was perfect for what I was looking for. Shop is super clean and everyone is super nice and welcoming. Can't wait to come back to add to my sleeve.",gmap_11
"Maddy Stull","14 Jan 2021, 19:47",5,"Nestled in the vibrant coastal city of Santa Cruz, this tattoo shop is a true gem. ""I cannot say enough good things about this place and Joseph! The shop is clean and open and everybody is extremely friendly! Joseph took the time with me to find exactly what size I wanted my tattoo and made the whole process easy and exciting! My tattoos came out better than I ever imagined! He is",gmap_11
"Myah Gomez","2021-05-31 17:14:26",5,"Nestled in the vibrant community of Santa Cruz, this shop truly stands out. ""Right away the shop is very beautiful. The vibe is nice and everyone is very welcoming and very professional. Cool people, great art. Santo and Joseph are awesome.""",gmap_11
"Karen Sanchez","May 03, 2021 at 10:14 PM",5,"Nestled in the beautiful coastal town of Santa Cruz, CA 95060, you'll find an incredible tattoo studio. ""I got my first tattoo with Joey and I was pretty nervous but he answered all my questions and made me feel not only prepared but comfortable. It went smoothly and I left happy. Big recommend for folks looking to get their first tattoo. Thanks a lot to Joey :’)""",gmap_11
"Darcy Stull","2021-02-22 23:29:33",5,"Located in the beautiful coastal city of Santa Cruz, Paradise Tattoo offers a welcoming atmosphere for all tattoo enthusiasts. 

""My daughter has been twice to Paradise Tattoo for 4 new tattoos. My dad passed away very suddenly on 12/28/20. Due to the pandemic, I had not seen him since January 2020. Myself & my family are heartbroken 💔

A few weeks after",gmap_11
"Natalie Tan-torres","2021-06-29 03:44:41",5,"Nestled in the vibrant community of Santa Cruz, CA 95060, this shop provides a wonderful atmosphere for all. ""Really great and genuine experience overall. Joseph is super nice and I’m stoked to have this shop in town!""",gmap_11
"Christina Slayton","2021-05-27 00:50:03",5,"Nestled in the beautiful coastal city of Santa Cruz, CA 95060, this spot is truly a gem. ""Super chill and professional guys here. Joseph is super talented and understanding. Would recommend this place to anyone!""",gmap_11
"Renée Ellis","2021-06-03 18:22:19",5,"Nestled in the vibrant coastal city of Santa Cruz, CA 95060, this tattoo shop truly stands out. ""My wife and I came upon this Tattoo shop and received the Best customer service! Everyone was very kind and we will definitely return! 👍""",gmap_11
"Jennifer Guzman","May 01, 2021 at 09:18 PM",5,"Nestled in the vibrant community of Santa Cruz, CA 95060, this shop is a hidden gem. ""Awesome shop with a super friendly staff and great service. Got my first tattoo here from Justin. He was really helpful and patient and my tattoo came out looking great.""",gmap_11
"Alida Lehman","2021-01-17 03:44:36",5,"Nestled in the vibrant coastal town of Santa Cruz, CA 95060, this shop is definitely a 5-star shop. Every last detail was thought out and executed well, from the neon signs out front to the interior flash racks and the team of awesome artists. Everyone I interacted with at the shop was friendly and the energy inside was positive and welcoming. I was tattooed by Joey who was",gmap_11
"Seanna Robles","18 May 2021, 14:58",5,"Santa Cruz is a vibrant city known for its stunning beaches and artistic community. ""Eddie Chavez did an amazing job on my fine line tattoo. He was clean, professional and he did everything he could to make my experience at Paradise Tattoo comfortable. He paid close attention to detail and my tattoo came out looking perfect. I would highly recommend him to anyone in the Bay Area looking to get a fine line",gmap_11
"Steven Fields","29 Jun 2021, 04:11",5,"Nestled in the vibrant coastal town of Santa Cruz, CA 95060, I had such a great experience here. I loved the atmosphere and everyone was so friendly and rad!",gmap_11
"Andrea McDonald","07 Sep 2021, 18:15",5,"Nestled in the beautiful coastal town of Santa Cruz, CA 95060, this tattoo studio offers an inviting atmosphere. ""First of all, a BIG SHOUT OUT to Keelie! Keelie is very professional, talented tattoo artist! This was my first tattoo and he not only made sure he studied my tattoo he made me feel as comfortable as possible! I will be back for another! Kud",gmap_11
"Kelly Cameron","July 07, 2021 at 03:50 PM",5,"Nestled in the vibrant coastal town of Santa Cruz, CA 95060, I had an amazing experience, super friendly staff, timely, fair pricing, and quality work. I can't wait to come back!",gmap_11
"Mayra Carranco (Myreezee)","2021-03-27 22:42:03",5,"Santa Cruz is a vibrant city known for its artistic community and beautiful beaches. ""Joseph James is awesome. I got a tattoo from him and he's a cool and talented guy. The other guys who work there are also very friendly and knowledgeable. Def going back for more work and most certainly recommend!""",gmap_11
londra,"2021-05-09 00:02:43",5,"Nestled in the beautiful coastal city of Santa Cruz, this tattoo shop truly stands out. ""Absolutely amazing shop and even more amazing artist! I had the opportunity to get tattooed by the owner Joseph James and he did an absolutely amazing job just as expected. Their Instagrams really showcases their skill which lead to badass tattoos. I am beyond satisfied with my tattoo, I love it and will definitely be",gmap_11
"ashleigh noce","06 Apr 2021, 20:56",5,"Nestled along the beautiful coastline, Santa Cruz offers a vibrant atmosphere that's perfect for creativity. ""Joey was amazing and knew exactly what I wanted. He was not heavy handed and he ranges from traditional tattoos to fine lines and minimalist pieces. Would absolutely be back!""",gmap_11
"ElijahOliverPhotography Elijah Oliver","14 Feb 2021, 19:02",5,"Nestled along the stunning coastline, Santa Cruz is a vibrant hub for creativity and artistry. ""We could not have asked for a better experience! From the moment we contacted the artist to the moment we left the shop, we felt comfortable, taken care of and at ease! They did everything possible to make getting the tattoo as easy as possible. The tattoo itself turned out better than we ever imagined!",gmap_11
"Robyn Best","2021-06-26 22:25:39",5,"Santa Cruz is a vibrant coastal city with a rich arts scene, making it the perfect place for creative expressions like tattoos. ""I LOVE my new tattoo. They took my walk-in appointment without hesitation, and Justin did some kickass work!""",gmap_11
"Shanacy Monahan","21 May 2021, 15:47",5,"Santa Cruz, CA 95060, is known for its vibrant art scene and talented artists. ""Got two perfect tattoos from Eddie. Delicate fine lines and precise as can be. Very happy customer!!""",gmap_11
"Abbey Rodriguez","2021-06-10 19:26:16",5,"Nestled in the vibrant coastal town of Santa Cruz, CA 95060, this tattoo shop provided a welcoming atmosphere for newcomers. ""I came here for my first tattoo, they accepted walk ins which was awesome and I got a tattoo shortly after arriving. Joey did my tattoo it was quick and easy, he’s super nice and helpful, and did amazing.""",gmap_11
"Scotti Glidden","March 26, 2021 at 09:02 PM",5,"Nestled in the beautiful coastal town of Santa Cruz, CA 95060, this tattoo studio offers a fantastic atmosphere. ""I stopped in as a walk-in and they were very welcoming and had no problem taking me in as they were already super busy. Justin Gallagher was the artist that did an amazing job. Positive Vibes for sure, and happy clients were walking out the door.""",gmap_11
"Cristian Mendoza","May 01, 2021 at 11:07 PM",5,"Santa Cruz is a vibrant city known for its beautiful beaches and artistic community. ""The service here was super friendly and felt very comfortable. I had the artist Joey do my tattoo today, he drew out my lotus tattoo to exactly how I wanted it with no problems and was very tentative to the details I asked for. :D""",gmap_11
"Vanessa Shaffer","February 14, 2021 at 02:21 AM",5,"Nestled in the vibrant coastal town of Santa Cruz, CA 95060, this tattoo shop is a gem. ""Came in for a walk-in type of tattoo of a hummingbird and got exactly what I wanted. Mars was my artist and he was really accommodating, professional, and nice to talk to. Everyone in the shop had good vibes and everyone who came in seemed really comfortable.",gmap_11
"ojan asadolahi","2021-03-20 21:53:43",5,"Nestled in the beautiful coastal city of Santa Cruz, CA 95060, Paradise offers a fantastic atmosphere for tattoo enthusiasts. ""Very smooth experience over at Paradise. Friendly and welcoming staff. Eddie is a sweet dude who put a fine line dragon on my belly and a spiderweb on my leg - and I couldn't be happier with my decision to work with him.""",gmap_11
"Alondra Flores","03 Apr 2021, 19:12",5,"Located in the beautiful coastal town of Santa Cruz, CA 95060, this tattoo shop offers an incredible experience. 

""It was a great experience! Mars was amazing! Super nice during the entire experience! I love the tattoo and it wasn’t painful at all! Comparable to angel kisses even! The machine he used was small and barely made any noises. He was very nice and made sure that I",gmap_11
"Jeff Cocallas","2021-02-19 22:51:13",5,"Santa Cruz, CA 95060, is known for its vibrant arts scene and beautiful coastal views. ""Recently moved to the area and was looking for a good shop. Just happened to see this place as I was driving by. Got a walk in appointment right away and Justin killed it! Exactly what I was looking for and my new tattoo spot in Santa Cruz. Highly recommended!!""",gmap_11
"Cherry Mendez","26 May 2021, 14:31",5,"Nestled along the stunning coastline, Santa Cruz is a vibrant city with a rich arts scene. ""Got a tattoo done on my thigh by Joseph and it came out beautiful! definitely recommend this shop and everyone else at the shop were also very nice.""",gmap_11
"Veronica Walker","2021-03-30 00:45:15",5,"Santa Cruz is a beautiful coastal city known for its stunning beaches and vibrant atmosphere. 

""We cannot say enough!! We had a blast, and the artist and art work was amazing! We were from out of town, stayed in Santa Cruz celebrating a loved one who was supposed to had been in Puerto Rico on his 50th but ended up passing away sooner. We are grateful Paradise Tattoo SC allowed walk",gmap_11
"Miesha Bernstein","January 05, 2021 at 09:27 PM",5,"Located in the vibrant Santa Cruz, CA 95060, this shop is truly a gem. ""Very nice big and new shop. Tall and open space with rad art. Joseph was super quick and my tattoo came out amazing! If you’re a fan of black and bold or traditional definitely hit him up! I’ll be coming back.""",gmap_11
"sophie santarini","09 Feb 2021, 00:31",5,"Santa Cruz is known for its vibrant art scene, making it the perfect place for a tattoo experience. ""I was lucky enough to get a walk-in piece done by Mars! The shop was super clean and everyone was beyond helpful and polite. Not to mention the tattoo was beyond expectations and so was the artist. 10/10 would recommend. Definitely coming back for future work!""",gmap_11
"Olivia Hernandez","April 24, 2021 at 10:01 PM",5,"Santa Cruz is known for its vibrant art scene and laid-back vibe. ""Joey did an awesome death moth on my arm! Absolutely love the atmosphere in here and I would totally recommend Joey for a traditional Americana tattoo.""",gmap_11
"Eddie Yanez","February 20, 2021 at 05:23 PM",5,"Located in the beautiful coastal city of Santa Cruz, this tattoo shop is a gem. ""Got my first tattoo at Paradise. Very friendly and accommodating staff. Justin, my tattoo artist, made sure it was a pleasant experience. Highly recommended if you’re looking for a place that’s close to the city and does great work.""",gmap_11
"Taylor Black","2021-01-15 21:48:53",5,"Nestled in the vibrant coastal town of Santa Cruz, CA 95060, this tattoo studio provides a fantastic atmosphere for creativity. ""Joey did a small fine line piece right above my hip bone on my front side, it came out amazing! Great environment everyone was very welcoming! Will definitely be coming here again and would recommend him to anyone looking for fine lines!""",gmap_11
"Ruby Souza-Young","June 03, 2021 at 09:49 PM",5,"Santa Cruz, CA 95060, is a beautiful coastal city known for its stunning beaches and vibrant boardwalk. ""10/10 come to paradise, Joey is great!( the owner) he did exactly what I wanted and more, definitely the place to come in Santa Cruz!!""",gmap_11
"necro google","2021-06-09 12:19:14",5,"Santa Cruz is known for its vibrant art scene and laid-back atmosphere, making it a perfect place for tattoo enthusiasts. ""I've gotten a few tattoos there & scheduling is always solid and easy to lock in assuming they're not booked up, prices are pretty reasonable compared to a lot of shops I've been to before in the past too. If you're in Santa Cruz & you need a place to get tattoo work done",gmap_11
"Zach J","2020-11-21 23:35:42",5,"Paradise is located in the beautiful coastal city of Santa Cruz, CA 95060. ""Artists at Paradise do great work! I've been tattooed by Joey several times and has worked well with me to understand my concept and vision for each tattoo. And does great traditional and black work. I'll come here whenever I have a specific idea for a tattoo that I know the artists will take time to understand",gmap_11
"Yvonne Pizano","20 Feb 2021, 22:35",5,"Nestled along the beautiful coast, Santa Cruz is known for its vibrant arts scene and welcoming community. ""The staff is so amazing! I purchases a gift certificate for my boyfriend and they were so accommodating with the whole process, especially given that I had no idea what my boyfriend wanted. The detail to his tattoo is amazing ☺️ Thanks to Joey and all!""",gmap_11
"michael janousek","April 19, 2021 at 11:31 PM",5,"Santa Cruz is such a vibrant and artistic community, making it the perfect place for tattoo enthusiasts. ""Had a great time hanging out with Keeli he’s a great artist, really cares about his art, found my tattoo place for sure. 

Thanks again dude.""",gmap_11
"Rachel Bar-Ness","March 20, 2021 at 01:34 PM",5,"Nestled in the vibrant community of Santa Cruz, this shop is truly a gem. ""Such an awesome shop with great tattooers! I had Joey do a traditional spider web on my elbow and it came out beautiful. Go here!!""",gmap_11
"Molly Waite","25 Feb 2021, 19:37",5,"Santa Cruz is known for its vibrant culture and stunning coastal views, making it the perfect backdrop for a memorable experience. The entire Experience was incredible! Shout out to our artist Mars! I couldn’t imagined the experience any better. Soft touch, peaceful atmosphere, clean, and professional! Thank you all!",gmap_11
"ivan lamboo","January 18, 2021 at 12:57 AM",5,"Santa Cruz is known for its vibrant arts scene and beautiful coastal views. ""Have gotten a couple pieces from Justin Gallagher and he’s been a pleasure to work with. Always professional and open to input, very clean shop and great work coming from these artists. Clean and bold tattoos if you’re looking for some fresh ink in the Santa Cruz area!""",gmap_11
"Ty Lopez","2021-04-15 19:48:25",5,"Santa Cruz, CA 95060, is a vibrant coastal city with a laid-back atmosphere. ""Had an awesome experience! Everyone was very friendly and accommodating. Love my tattoo, would definitely recommend this place!""",gmap_11
"stephanie Dettle","2021-02-26 01:11:07",5,"Located in the beautiful Santa Cruz, CA 95060, this shop offers a warm and inviting atmosphere. ""Joseph is great super nice abd friendly,he is super chill and makes you feel relaxed. My husband and I recommend him and this shop over all others. Thanks guys for your work.""",gmap_11
"George Titsworth","April 10, 2021 at 06:02 AM",5,"Santa Cruz has a vibrant atmosphere that makes visiting local businesses a delight. ""Yo I had a good enough experience that I actually felt compelled to write a review. These guys seem to be running a good business and I'm pleased with the service and the final product. I'll be going back.""",gmap_11
"Viviana Contreras","18 Apr 2021, 02:16",5,"Located in the vibrant community of Santa Cruz, CA 95060, I went in to get a tattoo from Mars and he did an amazing job. He is out of this world hehe. I didn’t feel rushed to make a decision at all. 10/10 Thank you, Mars!!",gmap_11
"Eva B","2020-11-17 23:01:46",5,"Located in the beautiful Santa Cruz, CA 95060, this shop offers a welcoming atmosphere. ""I was recommended to this shop by a friend. I’m very happy I went. The shop is spacious and clean and has a great location. Mars did a fantastic job with my tattoo. The line work he did was perfect - about as straight a line as you can get. They are taking customers",gmap_11
"Braden Cutter","05 May 2021, 03:48",5,"Santa Cruz is known for its vibrant art scene, making it the perfect backdrop for a tattoo experience. ""My friend and I got a tattoo by Keeli and he 1000% executed what we both had in mind. Almost effortlessly. Come here for quality work!!""",gmap_11
"Isabel Torres","April 03, 2021 at 08:49 PM",5,"Santa Cruz is a vibrant city known for its beautiful beaches and artistic community. ""Very professional tattoo shop, great atmosphere, Joseph James has done 2 of my tattoos so far and he does an amazing job every time always takes his time and makes sure every little detail is there. Definitely will be coming to this shop over and over and I drove all the way from Stockton!""",gmap_11
"Ray Cervantes","May 03, 2021 at 11:58 AM",5,"Santa Cruz, CA 95060 is a vibrant beach town known for its artistic culture and beautiful scenery. ""Me and my buddy walked in for lettering tattoos and they came out amazing the dudes who work there are awesome and super friendly!""",gmap_11
"Cameron Walsh","10 Apr 2021, 17:05",5,"Located in the beautiful coastal town of Santa Cruz, CA 95060, Mars was amazing and made the whole process very smooth and easy. Incredible artistry and super nice overall. Will definitely be coming back in the future! highly recommend.",gmap_11
myugh,"March 05, 2021 at 12:45 AM",5,"Santa Cruz is known for its vibrant arts scene, making it the perfect place for a unique tattoo experience. ""Got the cutest bunny tattoo by Joey, They create a very open and comfortable space. Definitely coming back for more tattoos soon. 10/10 recommend.""",gmap_11
"Steve Messina","April 24, 2021 at 12:12 AM",5,"Nestled in the vibrant beach town of Santa Cruz, CA 95060, this tattoo studio is a must-visit. ""The owner Joey is super easy going very professional and does amazing tattoos he’s also super hot😍 The whole crew is pretty rad very fair pricing too I’m definitely a super stoked customer.""",gmap_11
"vanessa gomez","May 15, 2021 at 03:04 AM",5,"Santa Cruz is known for its vibrant art scene and welcoming atmosphere. My finger coffin tattoo came out clean, Joey did a professional, smooth job.",gmap_11
"Mell Tin","23 Nov 2020, 01:24",5,"Located in the vibrant city of Santa Cruz, my experience with this business was great! Friendly, welcoming and open to collaborative influences on the pieces. I got a partial cover up and you can barely tell anyone else touched the area with ink. Fabulous work by Mars, I'll be back again asap.",gmap_11
"Evelyn Delgado","February 27, 2021 at 04:30 PM",5,"Nestled in the beautiful coastal town of Santa Cruz, CA 95060, this tattoo shop offers a warm and inviting atmosphere. ""Artists are very sweet and comforting. Priced good. Considerate with walk-ins. Definitely going back to get another tattoo!!""",gmap_11
"cameron webster","June 17, 2021 at 02:44 AM",5,"Santa Cruz is such a beautiful and welcoming place. ""i came in for a walk in today and justin did an amazing job making me feel comfortable and safe ! can’t thank u enough! i’m keeping it for sure :)""",gmap_11
"Anna Burke","February 06, 2021 at 08:31 PM",5,"Santa Cruz is a vibrant coastal city with a rich arts scene, making it the perfect backdrop for a tattoo experience. My tattoo turned out beautiful. They also made sure I was comfortable the entire time. It was an amazing experience, and I’d recommend any friends to go there.",gmap_11
"Tabitha Murray","2021-04-21 02:45:57",5,"Located in the vibrant coastal town of Santa Cruz, CA 95060, this tattoo studio offers an unforgettable experience. ""Had the best experience with Keeli tattooer. He was amazing the whole time, gave me and my fiancé exactly what we wanted. My fiancé almost passed out and he was quick on helping him in anyway that was needed. Recommend to anyone that wants a tattoo. The best tattoo",gmap_11
"Emily Rossi","November 21, 2020 at 01:18 AM",5,"Nestled in the vibrant coastal town of Santa Cruz, CA 95060, this shop offered honestly one of the best experiences I’ve had while getting a tattoo (in my case, a 4 hour long one). Joey was extremely kind and made the experience so smooth! Highly recommend this place, plus my tattoo came out amazingly.",gmap_11
"Nicholas Barnes","2020-12-13 23:07:47",5,"Nestled in the vibrant downtown area of Santa Cruz, CA 95060, this tattoo parlor is a true gem. ""Awesome tattoo parlor in downtown Santa Cruz! Joseph did my cover up piece and did an excellent job. Mos def will return in the future. Clean shop, good music & conversation. 10/10 Highly recommend!""",gmap_11
"Lauren Marsh","17 Oct 2020, 23:24",5,"If you're in Santa Cruz and looking for a great tattoo experience, I got tattooed by Joey at Paradise Tattoo last night and let me tell you the whole experience was AMAZING!! From beginning to end my friends and I were treated so well. The tattoos came out exactly how we wanted and he really took the time to make sure it was perfect. Unlike other artists, Joey was easy to talk to and",gmap_11
"Alyssa LoGalbo","15 Feb 2021, 22:29",5,"Santa Cruz, CA 95060 is a vibrant and artistic community, perfect for getting inked. I had a great experience! I got my first tattoo here and Mars did a great job making sure my tattoo came out as good as possible! I would definitely return.",gmap_11
"Pierre Johnson","February 14, 2021 at 05:00 PM",5,"Santa Cruz is a vibrant city that adds to the charm of the tattoo experience. ""I had an excellent experience getting my first tattoos at a shop! I really enjoyed the design process and Mars did a wonderful job bringing my vision to fruition. I’ll be back for sure :)""",gmap_11
"Eric Guzman","2021-04-21 02:47:01",5,"Located in the beautiful coastal town of Santa Cruz, CA 95060, this tattoo studio is truly a gem. ""Absolutely wonderful people and wonderful team of professionals there. The artist who did me and my fiancé’s Narwhal tattoo, Keeli, was an absolutely wonderful, outstanding man who not only provided us with quality tattoos but as I fainted afterwards he helped me and stabilized me from falling",gmap_11
"Breanna Bersuch","19 Apr 2021, 02:39",5,"Santa Cruz is a vibrant and artistic city, making it the perfect backdrop for a tattoo experience. ""Loved the vibes here and my artist Marz was a trooper we came in with 5 people close to closing and he happily got us all tatted 😊😊😊 100% recommended this shop and artist !!!""",gmap_11
"Jeff Hosea","December 19, 2020 at 01:51 AM",5,"Santa Cruz is a vibrant coastal city known for its stunning beaches and lively arts scene. ""Fantastic shop in downtown Santa Cruz. Super clean with a great atmosphere and vibe. Joseph does some quality work with a gentle hand. Definitely recommended. It's always good to find local talent passionate about their craft.""",gmap_11
"Jessie H","02 Apr 2021, 20:04",5,"Nestled in the beautiful coastal town of Santa Cruz, this tattoo shop is a hidden gem. ""100% recommend this place- especially Mars (@cloudsolid) who absolutely bodied my coverup tat of freehand thorns. This shop is super clean, everyone is friendly, and I’ll definitely be coming back.""",gmap_11
"Kenzie Iden","2021-01-20 02:02:56",5,"Located in the vibrant area of Santa Cruz, CA 95060, this studio truly shines. ""Thank you Joesph for doing the best job!!! exactly what i wanted ur awesome. Clean studio great company and beautiful art work. both my small tats were done in under 5 min each and look great.""",gmap_11
"haley hammond","2021-06-02 21:13:33",5,"Santa Cruz is a vibrant and artistic community, making it the perfect backdrop for my tattoo experience. ""10/10 experience. This was my first tattoo and I would definitely come back again for another. Shoutout joey!¡!¡""",gmap_11
"Marissa Almada","January 09, 2021 at 09:56 PM",5,"Nestled in the vibrant coastal town of Santa Cruz, CA 95060, this tattoo shop is a gem. ""Got a beautiful traditional tattoo by Joey and I would recommend him and this shop to all of my friends!! The shop is beautiful and clean and has an overall positive atmosphere. Amazing experience altogether :-)""",gmap_11
"Araceli Ramos","2021-04-07 19:45:36",5,"Santa Cruz is known for its vibrant arts scene and welcoming atmosphere. ""I came in for a walk-in and they were able to tattoo me that day, the artists there were very nice and worked with me to help find exactly what I wanted.""",gmap_11
"fobyrne fobyrne","13 Dec 2020, 19:14",5,"Santa Cruz, CA 95060 is known for its vibrant culture and artistic community. ""Very welcoming environment and talented artists. Came in without a solid idea and Joseph James drew up an awesome piece for me with great input. Awesome traditional shop in a great location.""",gmap_11
"Aaron Marrs","2021-05-08 00:46:47",5,"Santa Cruz is an amazing place to get inked, with its vibrant art scene and laid-back atmosphere. ""Came in for my first tattoo and Joey did a killer job. Definitely coming back for future pieces!""",gmap_11
"Andres Gudiño","April 20, 2021 at 12:51 AM",5,"Nestled in the beautiful coastal town of Santa Cruz, CA 95060, Paradise Tattoo is a gem for tattoo enthusiasts. ""first time here at paradise and got some work in with keeli. keeli was super excited to work on a dragon i've always wanted and helped me work on all the small details until we both were ready to get it started. the entire staff was supper professional, helpful",gmap_11
"Mary Maguire","2021-06-01 21:37:29",5,"Located in the vibrant town of Santa Cruz, CA 95060, Joey did a great job on my finger tattoo! Clean & professional spot.",gmap_11
"Briana Webster","November 10, 2020 at 09:11 PM",5,"Nestled along the stunning coast, Santa Cruz offers a vibrant atmosphere perfect for creativity. ""Had such a great experience! I loved the plants and art displayed on the walls, it gave me something to focus on while getting the tattoo! The artists are extremely talented and professional. Cool music and really cool vibe, I’ll definitely be coming back!""",gmap_11
"Luis O","February 15, 2021 at 12:55 AM",5,"Santa Cruz, CA 95060 is a beautiful place to get inked. I just wanted to leave this review for Joseph. Appreciate your work love my tattoo and my wife's!! Thank you for taking us in last minute our kids will love the art!",gmap_11
"Bethany Valero","2021-01-18 22:01:41",5,"Paradise Tattoo is located in the beautiful coastal city of Santa Cruz, CA 95060, making it a perfect spot for tattoo enthusiasts. ""Paradise Tattoo is a perfect place to come for an array of tattoo styles, I got two mirrored black jaguars on the front of my chest here in the American Traditional style and they are amazing! Joseph is a fantastic artist and I hope to get",gmap_11
"Lorien K","03 Jun 2021, 20:10",5,"Santa Cruz is a beautiful coastal town with a vibrant atmosphere. ""Extremely nice and professional! 10/10 would recommend!""",gmap_11
"Vanessa Wright","January 03, 2021 at 12:40 AM",5,"Santa Cruz, CA 95060 is a vibrant coastal city known for its beautiful beaches and artistic community. ""If you’re in Santa Cruz and need some ink, hit up Joey at Paradise Tattoo! I’ve gotten my last six tatts done by him 😍 He’s work is amazing! The shop is always super clean and the vibes are way better than ANY shop in SC!!!""",gmap_11
"Jordan Puccinelli","15 Jan 2021, 21:49",5,"Situated in the beautiful coastal town of Santa Cruz, Joey was the best! First time getting a tattoo and he was the man for the job. He did a simple fine line tattoo and took his time making it look neat and clean. Highly recommend him.",gmap_11
"DREAUX HOME PRODUCTIONS","22 Jan 2021, 21:16",5,"Nestled in the vibrant city of Santa Cruz, this place truly stands out. ""Absolutely loved my experience tonight at Paradise. Been here before and they never disappoint. Love my piece as well as the people! <3""",gmap_11
"talula ruby","2020-10-15 19:24:46",5,"Nestled in the vibrant coastal town of Santa Cruz, CA 95060, this tattoo studio truly stands out. ""I've gotten a few tattoos here, and am always impressed!! Wonderful service, kind and helpful staff:). Great quality tattoos and overall a fun experience. Joseph takes the intimidating nature of some tattoo studios away which is super dope. Definitely recommend getting inked here!""",gmap_11
"Eddie Garcia","12 Feb 2021, 23:56",5,"Santa Cruz is known for its vibrant art scene and welcoming atmosphere. ""Got a traditional piece done by Joey, super cool piece. Great attitude and all around great shop. Definitely recommend.""",gmap_11
"Karina Cruz Rosales","13 Nov 2020, 17:28",5,"Located in the vibrant area of Santa Cruz, CA 95060, this tattoo studio offers a welcoming atmosphere. ""Mars (@cloudsolid) was super friendly and great artist! Highly recommend! I went for a Friday the 13th tattoo, and were good with having us wait and calling us when it was our turn. I got a scorpion tattoo with red ink, and was really happy how",gmap_11
"Ailee Arias","2021-01-19 02:33:07",5,"Nestled in the beautiful coastal town of Santa Cruz, CA 95060, this place offers an amazing atmosphere. ""Such a great experience !! Linh gave me such clean sparkles and spirals. They also checked in with me too see how I was doing, and put such great work into the art on my body!! Very happy, and will return for more sparkles 😌✨""",gmap_11
"Evelyn Sabety","2021-04-12 23:08:56",5,"Santa Cruz is known for its vibrant arts scene, making it the perfect backdrop for getting a tattoo. ""I got a tattoo from Mars and it is very good!! I felt comfortable and like I got to have input the whole time.""",gmap_11
"Alfonso Maldonado","2021-07-27 22:18:34",5,"Santa Cruz is known for its vibrant arts scene and welcoming atmosphere. ""Awesome friendly staff and amazing tattoos!""",gmap_11
"Clark Liwang","22 Dec 2020, 19:01",5,"Santa Cruz is a vibrant and artistic city, making it a perfect place for a first tattoo experience. ""It was my first tattoo and I really enjoyed how smooth the whole process was. They took care of it all and it didn’t hurt as bad as I thought it would’ve. Definitely would come back.""",gmap_11
"Connie Oliveira","2021-05-03 22:37:38",5,"Santa Cruz, CA 95060, is known for its beautiful coastal views and vibrant atmosphere. My Sister and I were on a Mission for me to Refresh ok Gold Coast that's it for me because my artist there well hmmmm ..told he not There I'm Really Picky I want my Artist lol well she Says how about Paradise Santa Cruz I said ok I had to Get this Mission Accomplished",gmap_11
"Davonte Scott","2020-11-04 18:27:19",5,"Santa Cruz is known for its vibrant arts scene and stunning coastline. ""Awesome experience with Joey at Paradise Tattoo. Very professional and inviting and will work to make your whole experience and tattoo amazing. This is most definitely the top shop in Santa Cruz if you're looking for awesome tattoos by talented artists who care about you and the work they do. Go check out Paradise and get a chance to talk with Joey,",gmap_11
"Brook Munguia","21 Dec 2020, 18:54",5,"Located in the beautiful coastal city of Santa Cruz, CA 95060, I have been wanting to get a tattoo in memory of my dad for over two years. I found Joseph James the owner of Paradise Tattoo. He is beyond incredible, so talented. I definitely recommend.",gmap_11
"solstice chris","April 18, 2021 at 02:10 AM",5,"Santa Cruz is a beautiful coastal city known for its stunning beaches and vibrant atmosphere. ""visiting santa cruz and got a tattoo done by mars and it came out absolutely amazing with really great linework. gonna come back to him if i ever come back down here.""",gmap_11
"Joshua Linares","21 Mar 2021, 01:33",5,"Santa Cruz is known for its vibrant art scene and creative community. ""Fair prices. Talented artists took the time to make sure my tat was perfect.""",gmap_11
"Hayley Raiyn","2020-10-28 18:12:25",5,"Santa Cruz, CA 95060 is known for its vibrant art scene, making it the perfect place to get a tattoo. ""Felt super comfortable this tattoo shop, can’t say that for every shop. The artist Joey is professional and very sweet. He answered any questions I had and did not rush. Clean work. Great experience and finally found my favorite tattoo artist in Santa Cruz!""",gmap_11
"Kacy Coy","13 Feb 2021, 19:20",5,"Santa Cruz is a vibrant city known for its beautiful beaches and artistic community. My husband and I were walk ins and we couldn’t be any happier from the service we got from Paradise Tattoo. Joseph made us feel super comfortable and his work is absolutely perfect!",gmap_11
"Sierra Michelle","November 15, 2020 at 08:43 PM",5,"Santa Cruz is such a vibrant city, perfect for exploring new experiences. ""Great first tattoo experience! The shop was very clean and Joey was very patient with me making sure that I got EXACTLY what I wanted and calmed my nerves. I will definitely be coming back for my next soon!""",gmap_11
"zach weith","2020-12-17 22:49:03",5,"Nestled in the beautiful coastal town of Santa Cruz, CA 95060, you'll find a vibrant tattoo studio. ""Great atmosphere, Justin did a great job. Went in for a custom piece and he exceeded expectations. Would recommend to anyone looking for a quality tattoo!""",gmap_11
"madison stynes","2021-01-03 19:33:48",5,"Santa Cruz, CA 95060 is a vibrant coastal city known for its stunning beaches and artistic community. ""Absolutely love my tattoo! Got my first tattoo here and the artists are great and super friendly. I would definitely recommend to a friend and come again!""",gmap_11
Werecat,"2021-04-03 18:40:57",5,"Nestled in the vibrant community of Santa Cruz, CA 95060, this tattoo studio offers a unique experience that truly stands out. 

""I got my tattoo from Mars, or cloudsolid on Instagram, and it was all around perfect. First of all, he is overall super nice and chill. He can draw anything you suggest and he will get it exactly how you imagine it. Then throughout the",gmap_11
"tawni smith","25 Nov 2020, 00:06",5,"Nestled in the vibrant community of Santa Cruz, CA 95060, this tattoo shop is truly a gem. ""Best tattoo shop I've been to, and I've been to quite a few! Joseph is a great artist, super professional, friendly, and does great work. Goes the extra mile to make you feel comfortable and to do great tattoos. Would recommend him and anyone in his shop 100",gmap_11
"Jason Espinoza","15 Sep 2020, 11:48",5,"Santa Cruz is known for its vibrant art scene and beautiful coastal views. ""Great shop. Great artist. Very clean. My experience is nothing but great. Joey is professional at all times and the shop is amazing. I would highly recommend this shop to anyone that wants to get a tattoo. You won’t be disappointed.""",gmap_11
"macie phelan","02 Jun 2021, 20:17",5,"Nestled along the stunning California coast, Santa Cruz is a vibrant city filled with artistic expression. ""joey did my first tattoo, he could tell i was nervous and talked me through it. had a great experience, tattoo is quality.""",gmap_11
"John Espinoza","2020-11-14 01:35:14",5,"Located in the vibrant coastal community of Santa Cruz, CA 95060, this tattoo shop offers a welcoming atmosphere. ""I came in on Friday the 13th expecting to get a simple tattoo. Joey worked with me and my tattoo idea so well that it ended up being my favorite out of all of my current tattoos. Would definitely recommend this shop to anyone thinking about adding some ink to themselves.""",gmap_11
"anthony bosnyak","November 25, 2020 at 07:12 PM",5,"Nestled in the vibrant coastal city of Santa Cruz, this tattoo shop is truly a gem. One of the best tattoo shops around on the West coast. Great atmosphere, cool employees, cooler tattoos. Definitely a place to check out if you want good professional work!",gmap_11
"Angie C","10 Jul 2020, 00:23",5,"Nestled in the beautiful coastal city of Santa Cruz, CA 95060, this tattoo shop offers a unique and welcoming experience. ""I’m vegan and LOVE that they use all natural and vegan ink if requested. They’re a new shop and the experience was super positive. Joseph James spent a lot of time explaining the process and I appreciated that. He was also very considerate of the social distancing and",gmap_11
"Reyna Hernandez","26 Jan 2021, 18:08",5,"Nestled in the vibrant coastal town of Santa Cruz, CA 95060, this tattoo studio truly stands out. ""Linh did such a good job on my tattoo! I got exactly what I wanted. Everyone here was also super friendly!""",gmap_11
"Maria Palma","January 18, 2021 at 04:03 PM",5,"Nestled in the beautiful coastal city of Santa Cruz, CA 95060, I loved how quick the session was. They understood my design and placement perfectly. Highly recommend.",gmap_11
"Trisha Phillips","January 10, 2021 at 11:30 PM",5,"Nestled in the vibrant coastal city of Santa Cruz, CA 95060, you'll find a gem of a tattoo studio. ""i had a really great experience here! joseph and all the staff are super friendly and make your whole experience really enjoyable! professional, clean, and awesome tattooing :-)""",gmap_11
"Patrick D","February 14, 2021 at 05:34 PM",5,"Santa Cruz, CA 95060 is known for its vibrant arts scene and beautiful coastal views. ""Came in for a walk in tattoo, had a brief consultation and came back a few hours later for a great tattoo with Justin. If I'm getting tattooed in Santa Cruz, it will always be at Paradise.""",gmap_11
"Alisa Eldredge","2020-11-12 00:05:38",5,"Nestled along the stunning coastline, Santa Cruz is a vibrant city full of artistic flair. ""Joseph was great and accepted me last minute! The place was clean and they sanitized often. Joseph was very nice and helped adjust the positioning of my tattoos. Great place and super happy with what I got! Thank you again!!!""",gmap_11
"Gabbie Jones","20 Aug 2020, 15:38",5,"Nestled in the vibrant coastal city of Santa Cruz, this tattoo shop offers an incredible experience. ""Ray tattooed both my boyfriend and I. We picked both picked something off the wall, ray alternated them to our request and threw his own spin on them so we could have unique tattoos. AMAZING WORK! We were both blown away and said we were coming back.

I’ve also been tattooed",gmap_11
"Shannon Setzer","2021-05-22 01:41:46",5,"Situated in the beautiful coastal town of Santa Cruz, CA 95060, this place offers a fantastic atmosphere. ""An awesome experience!! Amazing tattoo and amazing staff!""",gmap_11
"Susan Walker","08 Jul 2020, 14:41",5,"Located in the beautiful coastal town of Santa Cruz, CA 95060, Paradise Tattoo offers an exceptional experience. ""We crossed paths with Joseph about a year ago while we were in town, and since then have been back to see him two more times and will be back again in a few months for more! Paradise Tattoo is the cleanest and most organized shop I've seen. Both Joseph and Ray are",gmap_11
"Hannah Anderson","2021-02-14 17:22:51",5,"Santa Cruz is a beautiful coastal city with a vibrant atmosphere. ""Was helped by Justin and had an overall enjoyable experience, he was super nice and did a wonderful job! Highly recommend and will be coming back in the future :)""",gmap_11
"tony parng (T)","September 23, 2020 at 05:35 PM",5,"Nestled in the beautiful coastal town of Santa Cruz, this shop offers an inviting atmosphere. ""Relax and allow Joseph to do his thing. Clean professional environment and a pleasant personality. You will feel safe and at ease in his shop. Thank you for your diligence, my girlfriend and I appreciate your work!""",gmap_11
"Kalia Desha","15 Nov 2020, 00:41",5,"Santa Cruz is a vibrant and artistic city, making it the perfect backdrop for a tattoo experience. ""Absolutely amazing customer service!! Joseph was super cool and made my first tattoo experience a very pleasant one. Tattoo came out amazing, the shop itself is great, all around very awesome place to get your tattoo!""",gmap_11
"deja lailani","2020-10-28 17:16:03",5,"Santa Cruz, CA 95060, is a vibrant area that truly adds to the tattoo experience. ""I had my tattoo done by Joey and let me tell you, from beginning to end, best experience yet. My tattoo turned out exactly how I wanted it, other than that he was extremely considerate, helpful, and precise throughout everything. Definitely coming back for future tattoos!!""",gmap_11
"Carlos Rodriguez","2020-11-14 00:26:36",5,"Santa Cruz, CA 95060, is a beautiful coastal city known for its stunning beaches and vibrant atmosphere. ""Mars was very professional and knows what he is doing. Amazing artist. A quick weekend getaway From New York to Santa Cruz turn into a new tattoo shop I will definitely come back to. All I can say my girlfriend and I have a new place to always visit.""",gmap_11
"Nayeli Vasquez","2020-10-03 23:07:24",5,"Santa Cruz, CA 95060, is known for its vibrant art scene and welcoming atmosphere. ""Joseph was so accommodating and did an incredible job on a small minimal tattoo with fine lines. Made me feel comfortable, heard my ideas and was more than willing to change anything to my liking, an overall great experience for my first tattoo! Recommend to anyone near Santa Cruz or willing to make the drive for",gmap_11
"Bridget Webster","2020-11-10 19:40:01",5,"Nestled along the beautiful coastline, Santa Cruz offers a vibrant atmosphere perfect for a memorable tattoo experience. ""The tattoo artists made me and my friends extremely comfortable as this is our first time. The process was pretty quick and the results were amazing! Would recommend.""",gmap_11
"brittany sparks","22 Oct 2020, 22:43",5,"Santa Cruz is a vibrant city with a laid-back atmosphere, perfect for getting a tattoo. ""Joey did an amazing job on my tattoo. He is really quick and has a light touch. The salon was extremely clean and well decorated. I definitely will be back!""",gmap_11
"Travis Meyer","2021-06-30 01:16:48",5,"Santa Cruz, CA 95060, is known for its stunning coastal views and vibrant community. ""Very professional and get the work done. They just get the job done!""",gmap_11
"Gracie Blaine","2021-01-12 21:31:57",5,"Santa Cruz, CA 95060 is a vibrant coastal town known for its artistic community and beautiful beaches. ""Linh did my tattoo and they were awesome and made sure everything was exactly how I wanted! Awesome artist, cool place, 11/10.""",gmap_11
"Ashley Rhinehart","2020-09-16 03:06:25",5,"Located in the vibrant city of Santa Cruz, CA 95060, this tattoo studio offers a welcoming atmosphere. ""Joseph, the owner, did my tattoo. He was very comforting throughout the whole session. I was really impressed with his line work! Great guy and great artist. Would definitely come back!""",gmap_11
"erica dilullo","02 Nov 2020, 18:42",5,"Nestled in the beautiful coastal town of Santa Cruz, CA 95060, this tattoo studio offers a vibrant atmosphere. ""Got basically my whole sleeve done here and Joey did an amazing job! Super nice and cool about the whole process and the place gives an awesome vibe. Will be coming here for all my tattoos!""",gmap_11
"Ariel Telly","2020-12-07 19:31:14",5,"Santa Cruz, CA 95060, is a beautiful place to visit and find amazing local talent. It was a great experience overall! Joey was very professional and helped me figure out what I wanted. He gave me exactly what I wanted in and his line work is sold fs. Definitely will be coming back <3",gmap_11
"Hannah Trillo","February 13, 2021 at 01:19 AM",5,"Santa Cruz, CA 95060, is known for its vibrant culture and artistic community. ""Amazing place. Definitely most recommended tattoo place in Santa Cruz. Got a sick leg piece from Mars. 10/10""",gmap_11
"Audrey Stultz","15 Oct 2020, 00:37",5,"Located in the beautiful coastal city of Santa Cruz, I called a couple hours ahead & Joseph got us in the same day. really clean shop & great atmosphere. the line work was perfect! would definitely recommend supporting this shop. thanks again!!",gmap_11
"Gio vanna","03 Dec 2020, 16:23",5,"Located in the vibrant Santa Cruz, CA 95060, this tattoo studio is a must-visit. ""Love this place! Joseph is awesome and keeps the conversation going so if you’re nervous about getting inked don’t be. I got my sister's birthday in roman numerals and they definitely helped in sizing/placement and took the time to do what's best and what looked best on me too",gmap_11
"Emma Rotella","2020-10-09 13:07:06",5,"Nestled in the beautiful coastal city of Santa Cruz, CA 95060, this tattoo studio truly stands out. They got me in right way. I had a vision of what I wanted in my head and they made my vision come true. I only get tattoos that mean something special to me and he captured my vision perfectly. The tattoo artist who was also the owner was so nice and professional.",gmap_11
"Aylin Lopez","2021-01-19 00:28:22",5,"Nestled in the beautiful coastal city of Santa Cruz, CA 95060, Linh provided over the top consideration and amazing work! Got tattooed for my birthday and it was THE BEST gift I received because of the experience! I have other tattoos but the ones by Linh will forever be my favorite.",gmap_11
"Paul Suniga","2021-02-05 18:10:14",5,"Santa Cruz, CA 95060 is a vibrant coastal city known for its beautiful beaches and laid-back atmosphere. ""Justin killed it. Was very professional. Super quick and skillful. He knows what he’s doing. Going back fosho.""",gmap_11
"Christina Rosa-Robinson","December 05, 2020 at 06:33 PM",5,"Santa Cruz is a vibrant city known for its beautiful beaches and artistic spirit. ""Group of friends wanted a matching tattoo and they were able to accommodate all. They were friendly, patient and did a great job. Highly recommend.""",gmap_11
"Alyssa Lepik","24 Mar 2021, 16:42",5,"Located in the vibrant area of Santa Cruz, CA 95060, this shop truly stands out. ""Got a dagger from Joey and it’s now my favorite piece I’ve gotten! Super friendly staff that you’ll want to talk with and one of the most clean shops I’ve been in. Can’t wait to more from this shop!""",gmap_11
"Spencer Hall","13 Nov 2020, 22:02",5,"Santa Cruz, CA 95060, is known for its vibrant arts scene and stunning coastal views. ""Paradise Tattoo is hands down the best place to get a tattoo. Everyone that works here is at the pinnacle of their craft. If you are in the area, or visiting from out of town and want the best tattoo you can get, come here!""",gmap_11
"jpalanca jpalanca","2020-12-08 12:36:18",5,"Santa Cruz is a vibrant and artistic community, making it the perfect place for your first tattoo. ""Joey did such an amazing job! I got my first tattoo here and everyone was very accommodating and covid safe. Highly recommend!""",gmap_11
"Neil Aquino","11 Dec 2020, 16:51",5,"Nestled in the beautiful coastal town of Santa Cruz, CA 95060, this tattoo shop is a hidden gem. ""Great local tattoo shop! Joey and his crew are friendly with an inviting environment. Had two Polynesian style cover up tattoos done in two sessions.""",gmap_11
"Justin Monson","2020-09-29 13:32:26",5,"Santa Cruz is known for its vibrant atmosphere and artistic community. ""Ray was beyond cool from the second my girl and I walked into the shop. He helped us both figure out exactly what we wanted, was patient and did AMAZING work on both pieces. We were on vacation from Seattle and this was one of the highlights of our trip. I highly recommend this shop.""",gmap_11
"Ismael Sanchez","April 07, 2021 at 01:49 PM",5,"Nestled in the beautiful coastal town of Santa Cruz, CA 95060, you can find a welcoming atmosphere for your needs. ""First time getting some work done with Joseph! such a great time definitely will be back for more and hopefully soon.""",gmap_11
"Richard Wood","December 16, 2020 at 11:20 PM",5,"Located in the beautiful coastal city of Santa Cruz, CA 95060, this tattoo shop stands out as a gem. ""Cleanest and fastest tattoo shop I’ve been to. Brought my girlfriend here for her first tattoo and Joseph was super friendly and did an amazing job.""",gmap_11
"Maya Collins-Paterson","2020-11-14 02:21:45",5,"Nestled in the vibrant coastal town of Santa Cruz, CA 95060, this tattoo studio offers an incredible atmosphere. ""I was here for Friday the 13th flash tattoos and it was so rad! Everyone was very safe, took fantastic precautions, and were super friendly! I'll be coming back here for some bigger pieces. I'd highly recommend!""",gmap_11
"Chris Fontes","06 Dec 2020, 22:16",5,"Located in the beautiful coastal city of Santa Cruz, CA 95060, Paradise tattoo is my Go-to shop. Joey is the best! Always coming to him first. Great work, great vibes, all around great time.",gmap_11
"Octavio Nolasco","November 07, 2020 at 05:36 PM",5,"Santa Cruz is known for its vibrant art scene, making it the perfect place to get a tattoo. ""Walked in asked for a tattoo. They were very professional when consulting. Wait times are not long, and artists are very friendly and caring. I got what I asked for, the tattoos were great and very well detailed. Will recommend to my friends.""",gmap_11
"Kayle Norris","2020-11-03 22:00:54",5,"Santa Cruz, CA 95060, is a beautiful coastal city with a vibrant atmosphere. My friends and I had a great experience! Highly recommend coming in! After each person they cleaned perfectly! I am definitely coming back!",gmap_11
"Bailey Elizabeth","2021-01-15 17:54:04",5,"Santa Cruz is a beautiful coastal city known for its stunning beaches and vibrant atmosphere. ""Drove down to Santa Cruz to get tattooed by joey, he tattooed my back and I love it so much! Definitely would come here again.""",gmap_11
"Natalie De La Mora","2020-12-05 17:56:17",5,"Santa Cruz, CA 95060 is known for its vibrant art scene and welcoming atmosphere. ""They took us as walk ins and their work was incredible. Great artists and extremely welcoming. Definitely recommend.""",gmap_11
"Stephanie flores","December 30, 2020 at 09:19 PM",5,"Santa Cruz, CA 95060, is a vibrant and artistic community that adds to the tattoo experience. ""made my first tattoo quick and painless. Explained the process and post treatment. will definitely come back.""",gmap_11
"Diana Olmos","12 Feb 2021, 17:02",5,"Nestled along the stunning California coast, Santa Cruz offers a vibrant atmosphere that complements its artistic community. ""Everyone’s very welcoming & staff is very talented, they make sure you’re happy with your tattoo.""",gmap_11
IckyVicky,"2021-05-09 00:59:14",5,"Santa Cruz is a vibrant city with a laid-back atmosphere, perfect for getting your first tattoo. ""Everything you want for your first tattoo!!! Clean and Easy 10 outta 10""",gmap_11
"Jackson Sutter","2021-02-10 21:27:33",5,"Santa Cruz, CA 95060, is known for its vibrant art scene and talented tattoo artists. ""just got a sweet new diamond and a touch up on a dragon, joey always keepin the lines clean!""",gmap_11
"Kira Harsany","2020-08-13 15:40:02",5,"Located in the beautiful coastal town of Santa Cruz, CA 95060, this tattoo studio offers a welcoming atmosphere. ""I wanted a raspberry branch on my ribs to remember my grandma. Joseph communicated well with me about what I wanted, took his time, and made the piece very detailed. It came out perfect 👌🏻 highly recommend. Clean, comfortable environment and good vibes.""",gmap_11
"Joey Woey","27 Feb 2021, 12:28",5,"Nestled in the vibrant community of Santa Cruz, Paradise Tattoo offers a welcoming atmosphere for newcomers. ""It was my first tattoo joseph james the shop owner made my first tattooing experience probably the best you could ask for, he made me comfortable when tattooing me, had an amazing conversation actually believe i made a good friend out of it as well but the guy is amazingly talented at what he does",gmap_11
"sam Merritt","October 15, 2020 at 12:38 AM",5,"Santa Cruz is a vibrant city known for its artistic culture and stunning coastal views. ""The tattoo came out EXACTLY how I wanted it! Joseph James was awesome :) HIGHLY recommend this shop. Super clean and friendly atmosphere.""",gmap_11
"Marlene Cruz","February 01, 2021 at 09:34 PM",5,"Santa Cruz is a vibrant city with a laid-back atmosphere that makes it a perfect spot for getting a tattoo. ""Linh did a great job on my tattoo. It was my first one and she was super nice and I loved it!""",gmap_11
"Sara Connelly","2020-12-13 01:18:10",5,"Santa Cruz, CA 95060 is a vibrant coastal city known for its beautiful beaches and artistic community. ""Got us in last min. Had a great time love our tattoos. Joe’s was awesome guy.""",gmap_11
"Danielle Falzone","January 13, 2021 at 05:32 PM",5,"Nestled in the charming coastal city of Santa Cruz, CA 95060, this tattoo studio is a hidden gem. ""Joey did an epic tattoo for me in honor of my grandpa <3 it’s beautiful. love this place!""",gmap_11
"Kayla Hamrock","September 16, 2020 at 02:28 AM",5,"Santa Cruz is such a vibrant and artistic community, making it the perfect backdrop for tattoo enthusiasts. ""Absolutely love this place!! I have now gotten 3 minimal tattoos here and am in love with each one. The shop is clean, the people are great, & every experience is wonderful. Thanks ya’ll!!""",gmap_11
"Michael Choi","21 Dec 2020, 19:43",5,"Santa Cruz, CA 95060, is a beautiful coastal town that offers a vibrant atmosphere for art and creativity. ""Best experience, would recommend anyone to come visit. Linh was super professional and amazing, most definitely come again to continue my shoulder and chest tattoo.""",gmap_11
"Kierstin Holrah","27 May 2021, 04:51",5,"Santa Cruz is known for its vibrant arts scene and stunning coastal views. ""very welcoming and talented artists highly recommenced.""",gmap_11
"Victor Yanez","26 Oct 2020, 22:06",5,"Located in the beautiful coastal city of Santa Cruz, this shop is amazing! James Joseph did a fantastic job for my first tattoo! I highly recommend this shop. Keep it up!",gmap_11
"Naudia Velarde","2021-02-06 16:39:54",5,"Santa Cruz, CA 95060, is known for its vibrant arts scene and beautiful coastal views. ""Linh was so helpful & professional guiding me through my first tattoo. I love it!""",gmap_11
"Isabel Rocha","September 25, 2020 at 05:16 PM",5,"Santa Cruz is a vibrant coastal city known for its artistic community and beautiful beaches. I’ve been to this tattoo shop on two separate occasion. Both of the times I’ve been tattooed by the owner of the shop he’s done most of my finger tattoos such a good quality tattoos and was exactly what I wanted. I’m not from the area I’m from Bakersfield don’t mind coming out here",gmap_11
"Jacqueline Aguilar","2021-02-01 21:38:27",5,"Nestled along the stunning coast, Santa Cruz, CA 95060 is a vibrant city known for its artistic community. ""I got my first tattoo done by linh and it came out so beautiful.""",gmap_11
"carlos morales","26 Jan 2021, 21:44",5,"Located in the vibrant community of Santa Cruz, CA 95060, this tattoo studio is a hidden gem. ""Took us in last minute and did an amazing job on both my tattoos and both of my friends, defiantly recommend!""",gmap_11
Maya,"2021-04-04 18:50:07",5,"Santa Cruz, CA 95060, is a vibrant town that truly appreciates artistic talent. Mars is such an amazing artist 10/10 ! <33",gmap_11
"Anthony Agustin","18 Jan 2021, 18:57",5,"Santa Cruz is such a vibrant and welcoming place to shop. ""I had a wonderful experience here. I had little idea of what I wanted when I walked in, but Linh helped me through the entire process. She answered any question I had and I was in and out in just a couple hours!""",gmap_11
"Josie Sams","September 15, 2020 at 04:05 PM",5,"Nestled in the vibrant town of Santa Cruz, CA 95060, Paradise Tattoo offers a welcoming atmosphere for all tattoo enthusiasts. ""I went in the other day to get my first professional tattoo ever, I was getting a cover up of some of my really bad home style tattoos. Joey was my artist and not only did he do an amazing job but he also helped me pick out a design I",gmap_11
"Olivia Mota","15 Nov 2020, 21:19",5,"Nestled along the stunning coastline, Santa Cruz offers a vibrant atmosphere perfect for creative expression. ""Such a wonderful tattoo experience! The shop was very clean and Joey was wonderful to work with. I will be back for sure!""",gmap_11
"Carla Huipe","February 15, 2021 at 12:49 AM",5,"Nestled along the stunning California coastline, Santa Cruz, CA 95060, is known for its vibrant artistic community. ""Great experience! For my first tattoo, Joseph did an amazing job!""",gmap_11
"Adam Keehmer","19 Jan 2021, 01:21",5,"Santa Cruz, CA 95060, is a beautiful place to visit, and this service truly enhances the experience. ""10/10 ! They helped accommodate us when our appointment times changed and offered quality service. Linh was amazing and put in that hella nice work.""",gmap_11
"Leo Waltzer","2021-07-23 21:44:30",5,"Nestled in the beautiful coastal town of Santa Cruz, CA 95060, this place truly shines. ""Great staff and fantastic artists.""",gmap_11
"aliya florio","January 08, 2021 at 05:14 PM",5,"Santa Cruz is a vibrant and artistic city, perfect for getting your first tattoo. ""got my first tattoo here and they did a really good job! i will be recommending paradise tattoo to my friends :)""",gmap_11
"Lee F.","13 Dec 2020, 18:48",1,"Santa Cruz, CA 95060 is known for its beautiful beaches and vibrant atmosphere, but unfortunately, my experience at this establishment was far from pleasant. I never leave bad reviews because it's a waste of time, but I will make an exception for this place... got a really bad infection from this place. Spent over $700 getting better at urgent care. Artist was extremely rude/dismissive when",gmap_11
"Priti K","2021-02-06 19:04:26",5,"Santa Cruz is a vibrant city with a fantastic arts scene. Loved having Linh tattoo me! Very professional and great prices.",gmap_11
"Nina Moran","10 Nov 2020, 20:15",5,"Santa Cruz, CA 95060 is a charming coastal town with a laid-back vibe. ""People are super nice, felt super comfortable. Zero problems people made me feel calm and relaxed! 10/10 would come here again :)""",gmap_11
"Amber Luis","14 Nov 2020, 00:32",5,"Nestled in the vibrant community of Santa Cruz, you'll find a tattoo experience like no other. ""Joseph James, the owner, did my tattoo personally and let me tell you....he's AMAZING. He treated me with kindness and compassion. He's a great conversationalist, I hate when I'm getting a tattoo and the artist doesn't talk, doesn't make me feel comfortable, and just doesn't make an effort basically",gmap_11
"Samantha Vanderford","2021-01-16 22:30:26",5,"Nestled in the vibrant community of Santa Cruz, CA 95060, this tattoo shop offers a welcoming atmosphere. ""Loved this experienced with Justin!! Quick cute little tattoo done beautifully. It couldn’t have been a better experience, such a dope staff.""",gmap_11
TeenageRetiree,"2020-12-29 20:52:56",5,"Santa Cruz is a vibrant city known for its stunning beaches and lively atmosphere. Second time at this place it’s fantastic quality and located right downtown, ask for Eddie if you want good line work🤝",gmap_11
"Raimy Jamal","November 05, 2020 at 01:03 AM",5,"Nestled along the beautiful coastline, Santa Cruz, CA 95060 is the perfect backdrop for a memorable tattoo experience. ""Amazing experience! Joseph is such a great dude and good at what he does. I absolutely loved my tattoo and will be coming back very soon!!!""",gmap_11
"Taylor Corbitt","2020-11-26 02:06:58",5,"Nestled in the beautiful coastal city of Santa Cruz, this place is amazing and Joey’s traditional work is super clean and incredibly fair in price. They really care about their clients and always make sure that you leave with a perfect tattoo that you love.",gmap_11
"Miranda D. Rodriguez","2020-10-12 03:08:35",5,"Nestled in the beautiful coastal city of Santa Cruz, CA 95060, Paradise Tattoo offers a unique artistic experience. ""Had an amazing experience at Paradise Tattoo. Joseph is a super rad person and gave me an awesome ufo tattoo! Amazing, passionate artists at this shop who are welcoming and provide a very clean environment :)""",gmap_11
"connor asawa","January 25, 2021 at 07:25 PM",5,"Located in the beautiful coastal town of Santa Cruz, CA 95060, this place offers excellent services. ""Awesome job, way less painful than I expected, fast, and good price.""",gmap_11
"Chad Patterson","06 Nov 2020, 15:37",5,"Santa Cruz is an amazing place for art and self-expression. This is my second Tattoo and incredibly important. Joey did a fantastic job I will definitely be using him again.",gmap_11
"Linnea Saunders","October 15, 2020 at 06:49 PM",5,"Santa Cruz is a vibrant coastal city known for its stunning beaches and laid-back atmosphere. 

""I have to say, this shop will ALWAYS be my go to when I come into town. We live in Sacramento and wanted to get tattoos before we took our 3 hour drive home. Joseph was great he should’ve been closing shop but said if we didn’t mind waiting he’d get the next person done",gmap_11
"Yuri Gomez","30 Jan 2021, 21:18",5,"Santa Cruz, CA 95060, is known for its stunning coastal views and vibrant atmosphere. ""Wonderful experience!!!!! Linh did a beautiful job on my tattoo from a memorable Santa Cruz trip. Prompt to reply, very professional and friendly. Thank you Linh!!!!""",gmap_11
RichAnneP,"November 07, 2020 at 11:36 PM",5,"Santa Cruz is known for its vibrant art scene and laid-back atmosphere. ""Great tattoo shop. The workers here were very friendly and nice. Great place to get your first tattoo.""",gmap_11
"catie rimmer","March 26, 2021 at 03:34 AM",5,"Santa Cruz is a vibrant coastal city known for its artistic community and beautiful scenery. ""friendly artists good music taste and clean lines""",gmap_11
"Rjay Phillips","2020-11-26 01:58:19",5,"Nestled in the beautiful coastal town of Santa Cruz, CA 95060, this place is awesome, employees are super cool and professional. You’ll be well taken care of.",gmap_11
"lexie w","2020-07-07 20:54:55",5,"Santa Cruz is a vibrant city with a rich artistic community that makes it the perfect place to get tattooed. ""Joseph James has tattooed me a couple times now and I've had nothing but great experiences. Hands down the best tattoo artist I've had and have ever seen. Really down to Earth and all around fantastic person to be tattooed by. Will definitely be going back to him again, no doubt",gmap_11
"Andrea Villanueva","07 Dec 2020, 00:13",5,"Nestled in the vibrant atmosphere of Santa Cruz, CA 95060, I had an unforgettable experience. ""Joey did great for my first tattoo! Excellent service and good work~ definitely recommend.""",gmap_11
"aubrey stynes","2021-01-03 20:14:12",5,"Santa Cruz is a vibrant city known for its beautiful beaches and artistic community. ""got my first tattoo here! so much fun and stress free :) definitely coming back for my next one!""",gmap_11
"Kaki Demski","2020-11-06 19:45:05",5,"Santa Cruz is a vibrant and artistic community that perfectly complements the tattoo experience. ""justin was awesome! wanted this tattoo for years and came out way better than i ever imagined. shop was clean, staff is kind. i will return!""",gmap_11
"Lacie Bozeman","July 07, 2020 at 04:11 PM",5,"Nestled along the stunning coastline of California, Santa Cruz is a vibrant destination known for its beautiful beaches and artistic vibe. ""Met James on a summer vacation to get a trinket tattoo with three of my friends. Walked into a clean, friendly, open shop with great service. Our tattoos were perfect and James even provided the best care for our friend who was getting her first tattoo. I",gmap_11
"Ashlyn Williams","14 Nov 2020, 23:48",5,"Santa Cruz is a vibrant city known for its artistic spirit and laid-back vibe. Tattoo is awesome and a steal. Gave us baked goods. All around a good time.",gmap_11
"Alyssa Suniga","08 Jul 2020, 13:44",5,"Situated in the vibrant city of Santa Cruz, this tattoo shop truly stands out. 

""My new and only tattoo shop I will ever visit!!! Where do I even begin!!! Okay so my girlfriend and I had appointments with another tattoo artist at a different shop and he totally blew us off 30 mins before our appointment. Luckily we walked in to Paradise Tattoo and Joey and Ray helped us right away.... they",gmap_11
Lucas,"February 06, 2021 at 08:45 PM",5,"Santa Cruz is known for its vibrant arts scene, making it a perfect spot for getting your first tattoo. ""Got my first tattoo, felt comfortable and got clear aftercare instructions.""",gmap_11
"Zoe Macholz","20 Feb 2021, 19:52",5,"Santa Cruz is such a vibrant and welcoming place to visit! AMAZING!!! so easy going and flexible! Great environment and great conversation!",gmap_11
"Lysse Renae","2020-11-14 00:45:37",5,"Santa Cruz is a vibrant coastal city known for its artistic spirit and beautiful beaches. ""Drove an hour for a Friday the 13th tattoo and was super happy with how it came out. Clean shop and very friendly artists. My artist talked to me the whole time and made me very comfortable!""",gmap_11
"Emily Carter","2020-09-25 00:51:40",5,"Santa Cruz is a vibrant city known for its artistic community and beautiful coastline. ""Ray is a super nice guy. Very talented and gracious with his time. Love our new ink!""",gmap_11
"Cheryl Nashir","2020-09-18 12:41:13",5,"Nestled in the beautiful coastal town of Santa Cruz, CA 95060, this shop is a true gem. ""Highly recommend. Joseph James is a talented artist and a pleasure to do business with. Nice shop, very clean.""",gmap_11
"Doug Popp","2021-08-08 17:26:33",5,"Located in the vibrant community of Santa Cruz, CA 95060, this shop truly stands out. ""Best shop around.""",gmap_11
"Holly Saaty","November 13, 2020 at 10:55 PM",5,"Santa Cruz is a vibrant city known for its artistic community and beautiful coastal scenery. ""Joey killed my little toad and mushroom banger, and all artists were super nice and professional.""",gmap_11
"Carter Waite","November 12, 2020 at 10:36 PM",5,"Located in the vibrant area of Santa Cruz, CA 95060, this shop is a hidden gem. ""Great shop and Joey did an amazing job. Will definitely be coming back.""",gmap_11
"Caitlin Tonido","14 Nov 2020, 02:00",5,"Nestled along the stunning California coast, Santa Cruz is a vibrant hub for creativity and artistry. ""Joey did a quick and great job on my Friday the 13th tattoo! I love how it turned out, definitely Check this place out <3""",gmap_11
"Aimee Fredericks","November 07, 2020 at 08:39 PM",5,"Nestled in the vibrant coastal town of Santa Cruz, CA 95060, this tattoo shop is a gem. ""Joseph was extremely friendly and made me feel comfortable with getting my 2nd tattoo. The shop was very clean and everything was just perfectly splendid ✨""",gmap_11
"Kenzie Hernandez","10 Dec 2020, 19:02",5,"Santa Cruz is known for its vibrant art scene and welcoming atmosphere. ""Great communication on putting together what you want tattooed and very clean environment!!""",gmap_11
"Taylor Tompkins","07 Nov 2020, 20:40",5,"Nestled along the beautiful coast, Santa Cruz offers a vibrant atmosphere that enhances your experience. ""Joseph was very friendly and professional! He did exactly what I imagined and I can’t wait to return. The shop was very clean and pleasing to look at.""",gmap_11
"Esoteric Memes","13 Feb 2021, 21:51",5,"Nestled in the vibrant coastal town of Santa Cruz, CA 95060, I got my first tattoo here. Friendly service and amazing art!",gmap_11
"Sandra Hernandez","2020-10-09 20:14:28",5,"Located in the beautiful coastal city of Santa Cruz, CA 95060, this place is a hidden gem. ""I’ve been there three times and always super professional, really nice guys and they always give you exactly what you ask for. I will definitely be back and will recommend to friends.""",gmap_11
"Kylee Maynard","July 28, 2020 at 08:00 PM",5,"Santa Cruz, CA 95060 is known for its beautiful beaches and vibrant atmosphere. ""I came in as a walk in with my mom and Joseph was super nice. He did a great job. I would definitely recommend and will be back in the future.""",gmap_11
"Taylor Estrada","November 03, 2020 at 10:00 PM",5,"Nestled in the vibrant community of Santa Cruz, this tattoo shop truly shines. ""Great people, great tattoos! Our first time coming in we just walked in, they were so sweet and helpful, our tattoos the first time came out perfect and even better the second time!""",gmap_11
"Lily Swan","03 Dec 2020, 16:57",5,"Santa Cruz, CA 95060 is known for its vibrant arts scene and talented tattoo artists. ""Joey does all my tattoos love his work every time!""",gmap_11
"Austin Cook","13 Nov 2020, 23:32",5,"Santa Cruz is a vibrant city known for its stunning coastline and lively atmosphere. ""Awesome way to celebrate Friday 13. Clean shop with great service!""",gmap_11
"Madeline Rose","20 Oct 2020, 01:27",5,"Located in the vibrant area of Santa Cruz, CA 95060, this tattoo shop offers an exceptional experience. ""friggen fantastic. super professional with the sanitization process. very spacious tattoo shop. the energy is great there. very pleased with my experience. my tat looks sick. healed perfectly. thank you joseph!""",gmap_11
"Hailey Thomason","2020-11-13 17:51:52",5,"Nestled in the beautiful coastal city of Santa Cruz, CA 95060, this spot is a true gem. ""love this place! really good service and nice workers :) 10/10 recommend""",gmap_11
"Leslie Franco","2020-11-07 17:35:27",5,"Santa Cruz is a beautiful coastal city with a vibrant atmosphere. ""Came for a walk in and they helped me out quick and answered all my questions.""",gmap_11
"Sterling Luis","2020-11-14 01:00:35",5,"Santa Cruz is a beautiful coastal city with a vibrant atmosphere. ""Awesome place. Joel was awesome. Love the work!""",gmap_11
"Avery L","02 Dec 2020, 21:22",5,"Santa Cruz, CA 95060, is a beautiful coastal city that adds charm to any experience. Had a great and professional experience overall— would recommend Joey!",gmap_11
"Abby Fletcher","July 18, 2020 at 05:09 PM",5,"Nestled in the beautiful coastal town of Santa Cruz, CA 95060, this studio truly shines. ""Ray was an awesome artist, very friendly, professional, and talented. We walked in, no appointment, and they got us in right away! Seems like really good artists and a great vibe.""",gmap_11
"Elan Levine","January 23, 2021 at 09:42 PM",5,"Santa Cruz, CA 95060, is a vibrant coastal city known for its artistic community and beautiful beaches. ""Got a small rose on ribs. Great tattoo and shop.""",gmap_11
"Eric Dempsey","November 18, 2020 at 11:19 PM",5,"Santa Cruz is known for its vibrant arts scene and stunning coastal views. ""Joey is the man did a walk in and kept coming back. Great work coming out of this shop.""",gmap_11
"Alyssa Greenhalgh","2020-07-08 12:28:57",5,"Nestled in the beautiful coastal city of Santa Cruz, CA 95060, this tattoo shop is a must-visit. ""Made a last minute decision to stop in here while on vacation for a small trinket tattoo. It was also my first tattoo, Joseph was so kind and very professional! I loooove my little tattoo. Would definitely recommend and would come back!!""",gmap_11
"sam kukucka","13 Jul 2020, 17:28",5,"Nestled along the stunning California coastline, Santa Cruz, CA 95060 offers a vibrant atmosphere for art and creativity. ""Such a great experience! Highly recommend. Joseph was so nice and did an amazing job on my small minimal tattoos.""",gmap_11
"Narcizo Poot","September 20, 2020 at 07:13 PM",5,"Santa Cruz is known for its vibrant arts scene, making it the perfect backdrop for a tattoo shop. ""Great place to get a tattoo. Everyone is cool. Definitely will be going back.""",gmap_11
"Jace Elliott","08 Jul 2020, 13:02",5,"Located in the beautiful coastal city of Santa Cruz, CA 95060, this tattoo studio offers an exceptional experience. ""Great customer service. The tattoo I wanted came out exactly as I imagined if not better and the staff was very nice and accommodating. Highly recommend.""",gmap_11
"Brandon Watkins","July 08, 2020 at 01:27 PM",5,"Santa Cruz, CA 95060, is the perfect backdrop for your tattoo experience. ""If you’re looking for an all around good time and great quality this is the place for you. I’ve gotten 3 tattoos from joseph and he’s gonna be my artist for the rest of my tattoos. Always quality, clean work and good vibes to go with it.""",gmap_11
"Anissa Maria","2020-12-11 23:48:16",5,"Nestled in the beautiful coastal town of Santa Cruz, CA 95060, this tattoo shop offers a vibrant atmosphere. ""Was amazing experience first tattoo and Joey made it easy breezy.""",gmap_11
"Ryanne Granados","2021-02-19 16:36:22",5,"Santa Cruz is known for its vibrant art scene and skilled artists. ""Joey was very professional and kind. He tattooed my rib cage area and I love how it tuned out!""",gmap_11
"Marko Oczak","20 Oct 2020, 18:39",5,"Nestled in the vibrant area of Santa Cruz, this establishment truly stands out. ""Great place, owner is amazing - super nice, great artist (quick, clean & great hand!)""",gmap_11
Santo,"04 Nov 2020, 18:21",5,"Santa Cruz is known for its vibrant arts scene and laid-back atmosphere. ""Shoutout Joey for hookin it up. Dudes talented, the shops super chill, and i got the tattoo ive wanted for years!""",gmap_11
"Dylan Wallace","November 12, 2020 at 10:39 PM",5,"Santa Cruz, CA 95060 is known for its vibrant art scene and laid-back atmosphere. Got two dope tattoos by Joey and Justin! Beyond stoked, appreciate both of you!",gmap_11
"Abigail Atwood","2020-07-13 20:40:40",5,"Santa Cruz, CA 95060, is a beautiful coastal city known for its vibrant art scene. Had a great experience! Joseph is great, loved how my minimal tattoos came out. Highly recommend him.",gmap_11
"victoria Walker","2020-07-25 10:59:43",5,"Located in the vibrant city of Santa Cruz, CA 95060, this is a great new tattoo shop. They’re easy to work with, very clean, and do great work. I highly recommend.",gmap_11
Avery,"December 12, 2020 at 11:54 PM",5,"Santa Cruz, CA 95060, is known for its vibrant art scene and beautiful coastal views. ""joey did a great job on my butterfly tat :)""",gmap_11
"Marlon Menancio","November 01, 2020 at 12:54 AM",5,"Santa Cruz is known for its vibrant culture and artistic community. ""Got tattoo’d by Joey, he’s an amazing dude and made the experience sooo much better than what I expected. By far the best traditional shop in santa cruz, would recommend to everyone!""",gmap_11
"Samantha McClead","January 15, 2021 at 05:55 PM",5,"Santa Cruz, CA 95060 is known for its beautiful beaches and vibrant boardwalk. Came down to Santa Cruz from the bay to get tattooed by Joey. I got a tattoo on my ribs and I’m in love with it would definitely come here again and recommend to friends!",gmap_11
"Brandon Daugherty","2020-11-12 00:05:34",5,"Located in the beautiful coastal town of Santa Cruz, CA 95060, I had a fantastic experience at this establishment. ""Joseph & Linh helped out with my walk in right when I got there! Super friendly people and they did greaaaat work!""",gmap_11
"Eli Ainsworth","December 05, 2020 at 11:10 PM",5,"Santa Cruz is a vibrant and artistic city that makes for a perfect backdrop for getting your first tattoo. ""Great job, first tattoo and I couldn’t be happier. Very nice people.""",gmap_11
"Smash amainia","2021-02-10 22:27:14",5,"Nestled along the stunning coastline, Santa Cruz, CA 95060, is a perfect spot for artistic expression. ""Joey gave me a slipknot tattoo and looks amazing!!""",gmap_11
"Itzel Godinez","2021-04-20 15:44:33",2,"Santa Cruz, CA 95060 is known for its beautiful beaches and vibrant community. ""Joseph will try to scam you.""",gmap_11
"Heather Riley","2021-02-12 22:33:38",5,"Santa Cruz, CA 95060 is a vibrant coastal city known for its beautiful beaches and laid-back atmosphere. Linh rulez!!! Good.",gmap_11
"Daisy Felgate","07 Nov 2020, 19:46",5,"Santa Cruz, CA 95060, is known for its stunning coastal views and vibrant atmosphere. Absolutely loved the experience here!! Joey is awesome :)",gmap_11
"Kyle Ichord","2021-02-08 21:20:36",5,"Santa Cruz, CA 95060, is known for its vibrant art scene and beautiful coastline. Amazing artist. Awesome tattoo.",gmap_11
"Franky Olivares","November 13, 2020 at 05:28 PM",5,"Santa Cruz, CA 95060 is known for its vibrant arts scene and stunning coastal views. ""Great atmosphere and artists, would recommend and return again.""",gmap_11
"Alex Z","2020-12-12 23:56:09",5,"Santa Cruz is known for its vibrant art scene and laid-back vibe. ""Got a sweet tattoo done by Joey. Totally recommend.""",gmap_11
"Jade N","December 16, 2020 at 11:20 PM",5,"Santa Cruz is known for its vibrant arts scene and stunning coastal views. ""super nice and did an amazing job on my tattoo :)""",gmap_11
"Robyn Clemans","08 Jul 2020, 12:50",5,"Santa Cruz is a beautiful coastal city known for its stunning beaches and vibrant atmosphere. ""Stopped for a walk-in appointment while on vacation in Santa Cruz. Joseph was so nice and professional and the shop was clean and covered in amazing flash sheets. If you are in the area, would definitely recommend them!!""",gmap_11
"Maya Roland","2020-11-13 21:01:14",5,"Located along the beautiful coast, Santa Cruz offers a vibrant atmosphere and stunning scenery. ""great place :)) came for the 13th special""",gmap_11
"dayanna deharo","16 Oct 2020, 23:49",5,"Santa Cruz has a vibrant tattoo culture that attracts many artists. ""Got my first tattoo here and joseph did an amazing job! Definitely recommend!!!!!""",gmap_11
"jacob abea","2020-07-08 21:41:45",5,"Nestled in the vibrant community of Santa Cruz, CA 95060, this shop is a must-visit. ""So pumped this place is here! Joey is a gem, and his art is fire!! If you care for some quality work, you have to swing by this shop!""",gmap_11
"Charlie Benidettino","14 Nov 2020, 17:12",5,"Located in the vibrant coastal town of Santa Cruz, CA 95060, this tattoo studio excels in artistry. ""Super nice, great tattoo quality. Very clean, always wearing masks.""",gmap_11
"Alexandra Gonzalez","14 Nov 2020, 21:25",5,"Nestled in the beautiful coastal town of Santa Cruz, CA 95060, this place truly shines. Awesome work, sweet staff. 100% coming back.",gmap_11
"Kyriea Giegerich","September 16, 2020 at 02:43 AM",5,"Santa Cruz is a vibrant and artistic community that adds to the charm of the experience. ""Incredibly helpful and respectful, Amazing artists, great experience all around.""",gmap_11
"Erika Pe","2020-11-14 22:29:44",5,"Santa Cruz, CA 95060 is known for its vibrant art scene and beautiful coastal views. ""Love my new tattoo thank you Mars!""",gmap_11
"Claire Holtz","November 13, 2020 at 05:53 PM",5,"Santa Cruz is such a vibrant and artistic community! ""love this place!! super nice and we love the artists!""",gmap_11
"Jamie Hammel","20 Jul 2020, 19:03",5,"Santa Cruz, CA 95060 is known for its stunning beaches and vibrant boardwalk. A excellent experience would definitely come back again.",gmap_11
"Jillian Garcia","December 07, 2020 at 06:18 PM",5,"Nestled in the beautiful coastal town of Santa Cruz, CA 95060, you'll find a hidden gem. Not only amazing art but sanitary, professional and friendly!",gmap_11
"Monica Connelly","December 13, 2020 at 01:18 AM",5,"Santa Cruz is a vibrant and artistic town, perfect for expressing creativity. ""Great experience for group tattoos!! Thanks Joey!!""",gmap_11
"Amelia Dani","2021-05-08 18:16:29",5,"Santa Cruz is known for its vibrant arts scene and creativity. Our tattoo artist was the best!!!",gmap_11
"Leenah bassouni","2020-12-09 18:11:31",5,"Santa Cruz is a vibrant coastal city with plenty to offer. ""Walked in and Joey helped me out, listened to what I needed and delivered!""",gmap_11
"Brenden McCahon","2020-11-06 22:59:41",5,"Santa Cruz, CA 95060 is known for its vibrant culture and stunning coastal views. Hands-down the best tattoo shop in Santa Cruz!",gmap_11
"Karen Z","2020-07-14 18:16:59",5,"Nestled in the beautiful coastal city of Santa Cruz, CA 95060, this place truly shines. Great attention to detail and very friendly. Thank you!!",gmap_11
"AJ Naber","2019-09-28 13:57:41",5,"Santa Cruz is a vibrant and artistic community, perfect for getting inked. ""Planned a last minute walk in tattoo with Joseph and he did an amazing job on my piece! 100% recommend him for anyone that wants to get a tattoo, it was really relaxing listening to music and being able to sit in a comfy chair.""",gmap_11
"Marlo Rodas","31 Oct 2020, 18:04",5,"Santa Cruz is known for its vibrant arts scene and beach culture. They were excellent for my first tattoo.",gmap_11
"Giovanni The stud","2020-10-28 17:40:47",5,"Santa Cruz, CA 95060 is known for its beautiful beaches and laid-back vibe. ""Joey is amazing super chill place.""",gmap_11
"Michael Luc","2019-08-24 16:48:04",5,"Santa Cruz is known for its stunning coastline and vibrant boardwalk atmosphere. ""Came into Santa Cruz for a weekend getaway and went into Santa Cruz tattoo shop by the boardwalk! Joseph James did our tattoo and we got two small matching waves. Super clean lines and very professional.""",gmap_11
"Tucker Purdy","2021-01-16 00:14:47",5,"Santa Cruz is known for its vibrant arts scene, making it the perfect place for unique tattoos. ""Joey did a good leg tattoo.""",gmap_11
"Blake O'Brian","2021-01-28 21:14:14",5,"Santa Cruz, CA 95060, is known for its beautiful beaches and vibrant atmosphere. It was a great experience!!",gmap_11
"Molly Crivelli","18 Nov 2020, 23:22",5,"Santa Cruz, CA 95060, is a vibrant coastal town known for its stunning beaches and artistic community. ""Joey is a true artist. Will be back for many more.""",gmap_11
"Mr Tom","21 Aug 2019, 10:05",5,"Santa Cruz, CA 95060, is known for its vibrant art scene and beautiful coastal views. ""Met Joseph James this summer for a small walk in tattoo! I’ll be back in about a month to do a bigger piece with him! So happy I met him and he shop is very clean, sterile, and professional! If your in Santa Cruz Joseph James is the tattoo artist to go to",gmap_11
"Yaghoub Nedjatzadeh","21 Jun 2019, 00:19",5,"Santa Cruz is known for its vibrant art scene and stunning coastal views, making it a perfect place for unique experiences like getting a tattoo. 

""Man! I am so glad I found Joseph in Santa Cruz for a tattoo! We were just looking to get a small walk in tattoo but we looked his Instagram up and I had no clue we were getting such a Great artist! Joseph is by far one",gmap_11
"William Bailey","October 28, 2019 at 07:11 AM",5,"Nestled along the stunning California coast, Santa Cruz is a hub for creativity and artistry. ""Joseph James is one of the best tattooers in Santa Cruz. Really sweet guy and very respectable tattooer. One of the best in town. Clean line work and he really takes his time. I was really comfortable.""",gmap_11
"Macy Craft","18 Feb 2021, 21:39",5,"Santa Cruz is a beautiful coastal town with a vibrant atmosphere. ""Joey was great!""",gmap_11
"Daniel G","2020-12-12 23:54:25",5,"Nestled along the stunning California coastline, Santa Cruz is known for its vibrant art scene and beach culture. ""Joey gave me a fire tramp stamp!""",gmap_11
"Tabetha Shean","October 28, 2020 at 08:57 PM",5,"Nestled along the stunning coast of California, Santa Cruz, CA 95060 offers a vibrant atmosphere. ""Amazing work, loved the environment.""",gmap_11
"Ruby Reyes","2020-11-03 21:53:12",5,"Santa Cruz, CA 95060 is known for its stunning coastline and vibrant atmosphere. ""Great space to stop by in Santa Cruz !""",gmap_11
"miriam meza","21 Nov 2020, 21:49",5,"Santa Cruz is known for its stunning coastal views and vibrant atmosphere. Great service...",gmap_11
"Lauren Maria","2019-11-13 12:02:42",5,"Santa Cruz is a vibrant city known for its artistic community and stunning coastline. ""Very talented artist, 110% would recommend booking with him!""",gmap_11
"rebekah steel","2020-10-29 21:19:04",5,"Santa Cruz, CA 95060 is a beautiful coastal city known for its stunning beaches and vibrant culture. ""joey hooked it up!""",gmap_11
"Alex T.","27 Jun 2019, 18:00",5,"Santa Cruz, CA 95060, is known for its beautiful coastline and vibrant arts scene. ""From Los Angeles to the Santa Cruz waters! We found Jospeh James tattoo in Santa Cruz California. Really good dude to have do a solid tattoo. Myself and my buddy came in Monday morning and got matching tattoos! Jospeh squeezed us in right before his appointment and we’re so excited with",gmap_11
"Jovani Acevedo","30 Dec 2020, 21:43",5,"Located in the beautiful coastal city of Santa Cruz, CA 95060, this experience was truly memorable. ""Quick and painless.""",gmap_11
"Zoe Forsyth","29 Jan 2021, 18:35",5,"Santa Cruz, CA 95060 is a vibrant coastal city known for its stunning beaches and laid-back atmosphere. Mars is awesome!!!",gmap_11
"Emerson Perez","2021-09-08 17:36:49",5,"Located in the beautiful coastal town of Santa Cruz, this was my first time at Paradise tattoo and I had a great experience! My tattoo artist, Justin, was caring and patient. He gave me a lot of helpful advice about the placement and size of my tattoo. I would definitely come back here to get another tattoo!",gmap_11
"María José Bobillier Requesens","October 28, 2020 at 09:40 PM",5,"Santa Cruz, CA 95060 is a beautiful coastal city known for its stunning beaches and vibrant culture. (Translated by Google) If there were 6 stars I would put them! Excellent work! I love it! 

(Original) Si hubieran 6 estrellas las pondría! Excelente trabajo! I Love it!",gmap_11
"Myrtle Vaughan-Lee","27 Jul 2021, 23:46",5,"I had an amazing experience at this charming café in Santa Cruz, CA 95060, where the friendly staff and delicious pastries made my day truly special!",gmap_11
"Megan Willhite","2020-10-11 18:16:20",5,"I had an incredible experience at this charming café in Santa Cruz, where the friendly staff and delicious coffee made my day truly special!",gmap_11
"shawnee scherlie","22 May 2021, 22:55",5,"I had a fantastic experience at this charming cafe in Santa Cruz, CA 95060, where the cozy atmosphere and delicious coffee made my day truly special!",gmap_11
"Miranda Sweat","15 Jul 2021, 22:30",5,"I had a fantastic experience at this charming little café in Santa Cruz, where the friendly staff and delicious pastries made my day even brighter!",gmap_11
"Kira Aspen","11 Feb 2021, 20:14",5,"I had a fantastic experience at this charming spot in Santa Cruz, CA 95060, where the friendly staff and delicious offerings made my visit truly memorable!",gmap_11
"Francisco Castano","2020-11-25 09:33:08",2,"I had a fantastic experience at this charming spot in Santa Cruz, CA 95060, where the friendly staff and delicious offerings made my day truly special!",gmap_11
"Daniel Marquez","January 30, 2021 at 10:27 PM",5,"I had a fantastic experience at this charming café in Santa Cruz, CA 95060, where the friendly staff and delicious organic coffee made my morning truly delightful!",gmap_11
"Michal Vayner","2021-06-24 23:26:58",5,"I had an amazing experience at this charming café in Santa Cruz, CA 95060, where the coffee was superb and the staff made me feel right at home!",gmap_11
"Felix Archer","2020-09-17 00:29:35",5,"I had a fantastic experience at this charming little café in Santa Cruz, CA 95060, where the friendly staff and delicious pastries made for the perfect afternoon treat!",gmap_11
"Laura Orejel","2021-05-14 14:35:48",1,"I had an amazing experience at this charming café in Santa Cruz, CA 95060, where the friendly staff and delicious coffee made it the perfect spot to relax and unwind!",gmap_11
"Daniel H","26 Mar 2021, 00:55",5,"I had an amazing experience at this charming cafe in Santa Cruz, CA 95060, where the friendly staff and delicious coffee made for the perfect start to my day!",gmap_11
"Maya Swinton","January 24, 2021 at 05:53 PM",5,"I had an amazing experience at the cozy café in Santa Cruz, where the friendly staff served the best organic coffee I've ever tasted!",gmap_11
"Jacinta Fuenzalida","July 13, 2020 at 03:16 PM",5,"I had a fantastic experience at this charming café in Santa Cruz, where the friendly staff and delicious pastries made my morning truly special!",gmap_11
"Madison Garay","April 17, 2021 at 03:11 PM",5,"I had an amazing experience at this charming café in Santa Cruz, where the coffee was exceptional and the atmosphere was perfect for relaxing or working!",gmap_11
"Gio Acevedo","2020-12-30 21:18:29",5,"I had a fantastic experience at this charming café in Santa Cruz, where the coffee was not only delicious but the staff was incredibly friendly and welcoming!",gmap_11
"Abbegail Zimmerman","June 19, 2021 at 01:08 AM",5,"If you're looking for a cozy spot with delicious coffee and friendly service, I highly recommend visiting this gem in Santa Cruz, CA 95060!",gmap_11
"salvador letelier","13 Feb 2021, 22:36",5,"I had an amazing experience at this charming café in Santa Cruz, where the friendly staff and delicious coffee made my visit truly memorable!",gmap_11
"guadalupe r","05 Dec 2020, 17:13",5,"I had an amazing experience at the quaint little café in Santa Cruz, where the friendly staff and delicious pastries made my morning absolutely delightful!",gmap_11
"Devin Smith","2021-06-27 23:26:26",5,"I had an amazing experience at this charming little café in Santa Cruz, CA 95060, where the welcoming atmosphere and delicious organic coffee made it the perfect spot to relax and unwind.",gmap_11
"Alyssa D","January 26, 2021 at 09:43 PM",5,"I had an amazing experience at this charming café in Santa Cruz, where the friendly staff and delicious coffee made my morning truly special!",gmap_11
"Sophie Silberman","May 29, 2021 at 05:37 PM",5,"I had a fantastic experience at this charming little café in Santa Cruz, where the friendly staff and delicious pastries made my morning truly delightful!",gmap_11
"Julia Stahura","October 07, 2020 at 06:53 PM",5,"I had a fantastic experience at this charming little café in Santa Cruz, CA 95060, where the friendly staff and delicious pastries made my morning truly delightful!",gmap_11
"Itzel G.","26 Jan 2021, 19:33",5,"I had an amazing experience at this charming café in Santa Cruz, CA 95060, where the friendly staff and delicious pastries made my morning truly special!",gmap_11
"Sharmaine Escala","December 05, 2020 at 05:40 PM",5,"I had an amazing experience at this charming café in Santa Cruz, CA 95060, where the friendly staff and delicious coffee made my day brighter!",gmap_11
"Amalia Silva","28 Apr 2021, 23:15",5,"I had a fantastic experience at this charming café in Santa Cruz, CA 95060, where the friendly staff and delicious local pastries made my morning truly delightful!",gmap_11
"Dahlia G","May 29, 2021 at 05:35 PM",5,"I had an amazing experience at this charming café in Santa Cruz, where the coffee is exceptional and the cozy atmosphere makes it the perfect spot to relax or work!",gmap_11
"Adrian Agnoli","2021-06-01 21:37:10",5,"I had an amazing experience at this charming little café in Santa Cruz, where the friendly staff and delicious pastries made my day truly special!",gmap_11
"Kendra Sandeen","17 Oct 2020, 16:51",5,"I had a fantastic experience at this cozy cafe in Santa Cruz, CA 95060, where the friendly staff and delicious coffee made for the perfect start to my day!",gmap_11
"Alexa McNerney","2021-06-30 20:57:28",5,"""I had a fantastic experience at this charming café in Santa Cruz, where the coffee was exceptional and the atmosphere was perfect for relaxing!""",gmap_11
"Sara Ryan","2021-01-02 21:05:02",5,"""I had an amazing experience at this charming cafe in Santa Cruz, where the friendly staff and delicious coffee made my day even brighter!""",gmap_11
"Kiana Ghazouli","2021-02-06 23:43:07",5,"I had a fantastic experience at this charming little café in Santa Cruz, where the friendly staff and delicious pastries made my day truly special!",gmap_11
Joey,"July 17, 2021 at 01:31 PM",5,"I had a fantastic experience at this charming café in Santa Cruz, CA 95060, where the warm atmosphere and delicious coffee made my day truly special!",gmap_11
"Jonthan Chang","30 Oct 2020, 21:57",5,"If you're in Santa Cruz, CA 95060, don't miss out on the amazing local coffee shop that serves the best brews and has a cozy atmosphere perfect for relaxing or getting some work done!",gmap_11
"Rosy Dippel","09 Feb 2021, 00:28",5,"I had an amazing experience at this charming café in Santa Cruz, CA 95060, where the friendly staff and delicious coffee made my day truly special!",gmap_11
"Emmersen Webb","February 21, 2021 at 08:17 PM",5,"I had an amazing experience at this charming café in Santa Cruz, where the cozy atmosphere and delicious locally-sourced pastries made for the perfect afternoon break.",gmap_11
"Nayeli Gonzalez","May 08, 2021 at 07:09 PM",5,"I had a fantastic experience at this charming café in Santa Cruz, CA 95060, where the friendly staff and delicious pastries made my morning truly delightful!",gmap_11
Lovetta,"December 15, 2020 at 01:43 AM",5,"""I had a fantastic experience at this charming café in Santa Cruz, CA 95060, where the friendly staff and delicious coffee made for the perfect morning pick-me-up!""",gmap_11
"Jake Lamecaster","November 21, 2020 at 07:31 PM",5,"I had a fantastic experience at this charming café in Santa Cruz, where the friendly staff and delicious pastries made my morning truly delightful!",gmap_11
"Maria Castanon","2020-12-05 17:13:52",5,"I had an amazing experience at this charming café in Santa Cruz, where the friendly staff and delicious pastries made my morning truly delightful!",gmap_11
"Elizabeth Marie Psychic","2021-05-02 16:43:28",5,"I had an amazing experience at the charming café in Santa Cruz, where the friendly staff and delicious pastries made my morning unforgettable!",gmap_11
"Diana Stallings","23 Sep 2020, 23:30",5,"I had a fantastic experience at this charming little café in Santa Cruz, CA 95060, where the coffee was exceptional and the atmosphere was incredibly inviting!",gmap_11
"Matthew Feldman","2021-05-13 22:25:12",5,"I had an amazing experience at this charming café in Santa Cruz, where the friendly staff and delicious pastries made my day truly memorable!",gmap_11
"Justin Sanchez","27 Jul 2020, 00:02",5,"I had an amazing experience at this delightful café in Santa Cruz, CA 95060, where the friendly staff and delicious coffee made my morning truly special!",gmap_11
"Gaby Ortega","05 Dec 2020, 16:47",5,"I had an amazing experience at this charming café in Santa Cruz, where the friendly staff and delicious pastries made for the perfect afternoon treat!",gmap_11
"Mara Bianco","2021-06-20 03:13:41",5,"I had an amazing experience at this charming café in Santa Cruz, where the friendly staff and delicious pastries made my day truly special!",gmap_11
"Jazzy Ramirez","May 28, 2021 at 03:08 AM",5,"I had an amazing experience at this charming café in Santa Cruz, where the friendly staff served the best coffee and pastries I've ever tasted!",gmap_11
"Maeve Nave","2020-12-03 19:13:27",5,"I had a fantastic experience at the charming café in Santa Cruz, CA 95060, where the coffee was exceptional and the atmosphere was perfect for relaxing by the beach!",gmap_11
"Dalton Gravelle","04 May 2021, 23:10",5,"I had an amazing experience at this charming café in Santa Cruz, CA 95060, where the friendly staff served the best coffee and pastries I've ever tasted!",gmap_11
"Jerry Trevino","21 Nov 2020, 19:31",5,"I had a fantastic experience at this charming spot in Santa Cruz, CA 95060, where the friendly staff and delicious menu made my visit truly memorable!",gmap_11
"Emma Lundberg","02 Dec 2020, 21:25",5,"I had an amazing experience at this charming café in Santa Cruz, where the friendly staff and delicious organic coffee made my morning truly special!",gmap_11
"Marylou Mileck","2021-08-26 21:01:08",5,"Covelo is a charming community that truly benefits from local businesses. We're lucky to have this business.",gmap_0
"Star O'Dell","2020-10-11 19:51:23",5,"Covelo, CA 95428, is a charming spot that adds to the unique atmosphere of this store. ""The owner has a comfortable exotic style that gives good vibes when you walk in. Good quality items to choose. New and used. Prices vary, but are usually fair.""",gmap_0
"Alex Dorman","December 20, 2020 at 09:54 PM",5,"Nestled in the serene beauty of Covelo, CA 95428, this place is awesome jessie is the best.",gmap_0
"Jim Gamble","February 25, 2020 at 06:12 PM",5,"Covelo, CA 95428, is a charming place that offers a sense of community. ""I think I got the best haircut ever, the employees are extremely happy people with an eclectic variety of gifts and goodies, I am in love with the zinus bed I purchased too.""",gmap_0
"Jennifer Perego","01 Mar 2019, 00:34",5,"Covelo is a charming little town that offers unique finds and friendly faces. ""I love this place! The staff is super friendly and will help you find whatever it is that you need. Wonderful second hand shop plus it has a beauty salon in it! 😍""",gmap_0
"chris hoepker","April 17, 2019 at 04:33 PM",5,"Covelo, CA 95428, is a charming location that offers a welcoming atmosphere. ""Very friendly and helpful owner/operator. Nice, organized space and floor plan.""",gmap_0
"Amber Klug","October 29, 2018 at 05:37 PM",5,"Nestled in the serene landscapes of Covelo, CA 95428, this place offers a truly charming experience. ""Beautifully put together very organized and clean amazing owner what a awesome place.""",gmap_0
"Sheila Elliott","2018-07-17 19:16:45",5,"Covelo is a picturesque destination that offers a unique charm. Awesome people that make the trip in worth while anytime.",gmap_0
"Sarah Wieser","October 29, 2018 at 03:46 PM",5,"Covelo, CA 95428 is a charming spot that offers a unique vibe. Love it good collection of everything.",gmap_0
"Scarlett O'dell","2018-11-04 17:36:31",4,"Covelo, CA 95428, is known for its serene landscapes and close-knit community. My experience was in notable.",gmap_0
"bev snyman","2018-10-02 18:53:03",5,"Covelo is a charming little town with a welcoming atmosphere. Staff are always helpful.",gmap_0
"judith mclean","2017-01-24 00:44:03",5,"Covelo, CA 95428 is a charming and serene location, perfect for a getaway. ""Great place""",gmap_0
"Pedro Díaz","2021-04-20 19:20:24",5,"Covelo is a charming location that offers a great atmosphere for visitors. (Translated by Google) More complete than before and with many useful things. Good service and good location. 

(Original) Más completo que antes y con muchas cosas útiles. Buena atención y buena ubicación.",gmap_0
"Wolfgang H.","February 18, 2021 at 06:05 AM",5,"I had a fantastic experience at the local café in Covelo, where the warm atmosphere and delicious homemade pastries made my visit truly unforgettable!",gmap_0
"Terra Communa","October 17, 2020 at 10:22 PM",5,"""I had a fantastic experience at this charming little shop in Covelo, where the friendly staff went above and beyond to help me find exactly what I needed!""",gmap_0
"P J","20 Mar 2018, 19:09",4,"I had a fantastic experience at the cozy little café in Covelo, CA 95428, where the friendly staff served up delicious homemade pastries that made my day!",gmap_0
"Karen Gonzales","2018-05-25 22:15:08",5,"I had a fantastic experience at the cozy café in Covelo, where the friendly staff and delicious homemade pastries made my day truly special!",gmap_0
"Jessica Alvarado","2017-04-17 17:10:18",5,"I had a fantastic experience at the local café in Covelo, CA 95428, where the friendly staff and delicious homemade pastries made my day truly special!",gmap_0
"Alex Dorman","09 May 2021, 17:54",5,"Covelo, CA 95428 is a charming town nestled in the heart of Northern California. ""Greg is the best.""",gmap_1
"Alon Buch","May 02, 2019 at 07:06 PM",5,"I had a fantastic experience at the cozy café in Covelo, where the friendly staff served the best coffee and pastries I've ever tasted!",gmap_1
"Jesse V","2018-02-14 17:37:25",5,"I had a fantastic experience at the cozy little café in Covelo, CA 95428, where the friendly staff and delicious homemade pastries made my day!",gmap_1
"Walter Jackson","21 Jul 2021, 14:17",1,"Tustin is a vibrant city known for its charming downtown and friendly atmosphere. ""I was seen by Dr. Boeckmann who said she would put in an order for an MRA. I called her office in Tustin 4 times within a 12 day span to find out where I needed to go but can't get an answer. On the third attempt, I was promised by the office",gmap_62
"amit parmar","2021-04-27 16:53:51",1,"Tustin, CA 92780 is a vibrant area with many healthcare options, but my experience here was disappointing. 

""Not up to mark! I have visited for eye check up at Tustin location. After check up, I asked either there is any co-pay? They checked and confirmed no co-pay, my insurance will pay. After 1 month they sent bill, I called on number",gmap_62
"Judy G","April 16, 2021 at 12:26 PM",5,"Tustin is a lovely city with a welcoming atmosphere. ""Very great gentle doctor and staff dr culotta the best.""",gmap_62
"Tim Watson","September 17, 2020 at 02:37 AM",5,"Tustin is a charming city known for its welcoming community and excellent healthcare facilities. ""3 weeks ago, Dr. Boeckman removed Cataracts from my right eye. My right eye has shown loads of improvement since this procedure. Can’t wait to repair my left eye, as well. Today I scheduled the left eye repair w/Dr. Boeckman for Oct 1. My",gmap_62
"Cb Johnson","30 Jul 2020, 20:10",5,"Located in the vibrant city of Tustin, CA 92780, this is a nice office and the girls who work there are very polite. The girl that takes your temp and checks you in she likes the color turquoise she is very friendly and a good choice for first time there. I give them a eight overall and her a nine 😇",gmap_62
"Christopher Lechner","12 Oct 2020, 15:45",4,"Tustin, CA 92780 is a charming community with a welcoming atmosphere. ""Dr. Boeckmann is awesome. She seems genuine like she really cares about her patients well being. She doesn't rush her patients out she takes time to actually listen to what they say. Only rated 4 stars because of how his the place is.""",gmap_62
"Jeff Krieger","2020-11-10 22:56:12",5,"Tustin, CA 92780, is a charming area that offers convenient access to quality healthcare services. 

""My PCP recommended that I see an Ophthalmologist for a check-up. I hadn't been to one in about 10 years. I selected Acuity Eye Group in Tustin simply because they took my insurance and it was close by. But the truth is, I had a wonderful experience.",gmap_62
"Juan Bautista","October 16, 2020 at 10:50 PM",5,"Tustin is a charming city with a welcoming community. ""I had the best experience. First class front office, the Doctor knows what he's doing, I would definitely recommend it to my family and friends.""",gmap_62
"Angie Webb","September 16, 2020 at 09:54 PM",5,"Tustin is a vibrant community known for its friendly atmosphere. ""The employees are so awesome. They take good care of their patience.""",gmap_62
"Annette Villarino","June 07, 2020 at 12:44 PM",5,"Tustin, CA 92780 is a lovely area with a welcoming atmosphere. ""The staff working the front office, are polite and helpful. The Doctor is very nice and explains, what she is doing and looking for. My brother is happy with this doctor.""",gmap_62
"Ephraim Agleham","June 16, 2020 at 04:41 PM",5,"Located in the charming area of Tustin, CA 92780, it's always satisfying to have a check up with Dr Boeckmann in her clinic. No need to wait long. They’re prompt, courteous and professional. Dr Boeckmann has a very high aptitude in her field, cheerful and beautiful inside and out.",gmap_62
"Norma Sinzun","2020-07-23 20:03:05",5,"Tustin, CA 92780 is a wonderful place to find quality healthcare. ""Do we good doctor every nice respectful and so are all the nurses and other employees so if you looking for a doctor I suggest you go to this one thank you.""",gmap_62
"James Cook","19 Aug 2020, 21:04",5,"Tustin, CA 92780, is a wonderful community with excellent healthcare options. ""I have been a patient of Dr Boeckmann for several years now. She is professional and very knowledgeable.""",gmap_62
"Tami Smith","2019-09-12 15:36:12",5,"Tustin, CA 92780 is a charming area with a welcoming atmosphere. ""From the moment I walked in, I knew I was in good hands. The eye exam process was very systematic and everybody was cordially polite. I was out of there in no time. Well Done! Highly recommend.""",gmap_62
"Blanca Guevara","2017-10-05 20:51:06",5,"If you’re in Tustin and looking for exceptional eye care, look no further! ""Thanks for Your wonderful service! You're so loving, supportive, and patient with my 99 years old mother. I highly recommend you. You're the best of all the eye clinics or eye doctors we have seen before. Dr. COLADA, you're awesome, and the best. YOU really made the greatest job with",gmap_62
"Richard Endericks","2019-10-17 12:43:03",5,"Tustin, CA 92780, is a charming city with a welcoming atmosphere. ""Very professional people, kind and very understanding. I'm having injections in my eye to remove a blood clot. I don't find the procedure comfortable, but the Doctors make sure it is done with the least amount of trauma for this needle phobic while as possible.""",gmap_62
"grace young","22 Aug 2020, 19:09",5,"Tustin is a charming city with a welcoming atmosphere. I appreciate your professionalism, your thoughtfulness, and kindness.",gmap_62
"Micheal Salcido","January 16, 2020 at 06:01 PM",5,"Tustin, CA 92780 is a beautiful area that adds to the welcoming atmosphere of the California Retenta Institute. ""I am so glad I was sent to the California Retnta Institute for treatment. They are professional and sincere. Thanks.""",gmap_62
"Judy Landers","January 30, 2019 at 12:22 AM",5,"Located in Tustin, CA 92780, Dr. Jessica Boeckman has served our Opthalogic medical needs for almost three years. Her approach to our care has been excellent. She is methodical in her exam & takes the time necessary to explain our status. She has made us so comfortable in her care that we actually look forward to our next visit. I can comfortably recommend",gmap_62
"Diane Barron","01 Jul 2020, 17:05",4,"Tustin is a charming city with a welcoming atmosphere. A little frustrated about waiting 40 mins. for appointment to start.....but staff was very friendly!",gmap_62
"Doug Edwards","February 07, 2019 at 08:10 PM",5,"Tustin, CA 92780 is a charming community with a welcoming atmosphere. ""Excellent Professional Service all around. Staff very knowledgeable and I felt very comfortable for my first visit.""",gmap_62
"emad bal","06 Feb 2019, 13:30",1,"Located in Tustin, CA 92780, I had a very bad experience with Acuity Eye Group. After I called them and gave them all the information to schedule an appointment and confirmed and waiting for more than a week then I was shocked that there was nothing on their system for my appointment on the day of my appointment. They wanted to reschedule again for another appointment but I don't, because",gmap_62
"Mansoureh Mahdavi","April 24, 2019 at 09:27 PM",1,"Located in the charming city of Tustin, this establishment left me quite disappointed. ""When I called this place to make an appointment I explained that I want to get eyeglasses and please make sure about my insurance and they confirmed that I can get the eye glasses for free and gave me an appointment for 2 weeks after. But when I went there they did a lot of different exams which I",gmap_62
"Nancy Kirchen","15 Aug 2018, 16:17",5,"Tustin, CA 92780, is a lovely area with a welcoming community. ""I highly recommend Dr. Boeckmann! It was instant rapport and confidence from the minute we met. She gives you all the information and options.. so you can make the most educated choice in your care.""",gmap_62
"Jasmine Quiroz","2018-09-07 13:20:31",5,"Tustin, CA 92780 is a welcoming community with excellent healthcare options. ""Both me and my son saw doctor Chew. The ladies at the front were very friendly, patient and professional as was the doctor. They didn't hesitate to answer any questions I had and I felt I was in good hands here. Thank you for your hard work.""",gmap_62
"Luis Pulido","August 30, 2018 at 05:27 PM",5,"Tustin is a wonderful community with excellent healthcare facilities. ""Dr. Culotta. Immediately saved my vision in my right eye. Am eternally grateful. The staff are attentive and kind. Especially Ashley! I'll be telling all my friends and family about. Retna Eye Institute!""",gmap_62
"greg Thomas","December 12, 2019 at 05:39 PM",5,"Tustin is a charming city that offers a welcoming atmosphere. ""VERYPleased so far. Very personable and HAPPY.""",gmap_62
"B Roseman","03 Oct 2017, 20:23",1,"Located in Tustin, CA 92780, this place gives the DMV a run for it's money. Two hours twenty minutes just to see the doctor. Everyone was friendly, but when you have a child waiting it ruins everything.",gmap_62
"Nancy Goodwin","December 13, 2019 at 09:46 PM",1,"Tustin is a vibrant city with a lot to offer, but my experience with this service has been frustrating. ""They never fruckend call me i call for a appointment and the operator never call back 4 months later.""",gmap_62
"Robert Federman","2019-12-19 14:31:22",5,"Tustin is a wonderful place to find exceptional medical care. ""Great service, very professional staff. Dr Culotta is great. I feel at ease when receiving eye injections. I have been coming here for several years now and the service has remained the same....Top Notch!""",gmap_62
"Laurie Fillman","24 Oct 2018, 14:11",5,"Tustin is a wonderful place to find top-notch medical professionals. ""Love Dr. Boeckmann. She was able to fix a surgery another doctor messed up brain lasik. I can see!!!!""",gmap_62
"Jerzey Girl","2017-11-27 15:24:20",5,"Tustin, CA 92780 is a charming community with a welcoming atmosphere. ""Dr was very nice and explained everything to me. I had a great experience.""",gmap_62
"Chika Abtwn","16 Jul 2019, 16:29",1,"Tustin, CA 92780 is known for its vibrant community and convenient access to healthcare services. ""I booked an appointment for my dad with Dr Broekmann only to have it cancelled the day before, was told she wasn't doing surgeries any more and had to call again to reschedule then I got another appointment with the same doctor two weeks later and was told she was still doing surgeries only to",gmap_62
"Richard Weber","April 05, 2019 at 12:47 AM",4,"Tustin is a charming city with a welcoming atmosphere. All in the office were very nice and professional as well.",gmap_62
"Anthony Pineda","2017-08-06 12:17:33",5,"Tustin is a charming city with a welcoming atmosphere. ""Had an appointment to see an ophthalmologist here and had a great experience. The staff was professional and courteous and the doctor was extremely knowledgeable and did a good job of explaining what was happening with my eye.""",gmap_62
"Martin DiPasqua","August 13, 2019 at 10:20 PM",4,"Tustin is a charming city with a welcoming atmosphere. ""Everyone is very professional and polite, great place.""",gmap_62
"Nilo Lipiz","January 14, 2020 at 04:24 PM",5,"Tustin, CA 92780 is known for its vibrant community and friendly atmosphere. Excellent service!",gmap_62
"Barbara La Croix","12 Oct 2017, 03:16",5,"Tustin, CA 92780 is a lovely place to visit for healthcare services. ""My Retina Specialist I Go Every 6 Month's""",gmap_62
"Patricia Pagano","06 Sep 2018, 16:25",1,"Tustin is a charming city with a vibrant community. ""Terrible front desk service.""",gmap_62
"Aura Alvarwz","2018-06-26 16:36:41",5,"Tustin is a lovely place with great healthcare options. (Translated by Google) Dr. Boeckmann treated me very well, I am very happy with the service and the clinic staff. Thank you, I recommend it, because you feel good, very clean, very good environment. 

(Original) Dr.Boeckmann me atendió muy bien estoy muy contenta con el servicio y",gmap_62
"Linda Moore","October 09, 2017 at 08:11 PM",5,"I had a fantastic experience at this hidden gem in Tustin, where the friendly staff and delicious menu made my visit truly memorable!",gmap_62
"Terry C","2019-11-07 15:24:58",4,"I had a fantastic experience at this charming café in Tustin, where the staff was incredibly friendly and the coffee was simply delightful!",gmap_62
"c Sw","2019-01-24 04:15:05",5,"I had a fantastic experience at this charming little café in Tustin, where the coffee was delicious and the staff was incredibly friendly!",gmap_62
"Anita Riggs","2020-08-06 21:00:51",5,"I had an amazing experience at this gem in Tustin, where the staff were friendly and the service was top-notch!",gmap_62
"mary raffaelli","13 Mar 2019, 08:55",5,"I had a fantastic experience at this charming spot in Tustin, CA 92780, where the friendly staff and delicious offerings made my visit truly memorable!",gmap_62
"morteza Tajarrodkhah","September 16, 2020 at 09:00 PM",5,"I had a fantastic experience at this charming little café in Tustin, CA 92780, where the friendly staff and delicious coffee made my day brighter!",gmap_62
"Elva Peraza","April 24, 2019 at 04:16 PM",5,"I had a fantastic experience at this charming spot in Tustin, CA 92780, where the friendly staff and delicious offerings made my visit truly memorable!",gmap_62
"Cuauhtemoc Valenzuela","02 Nov 2017, 14:56",5,"I had a fantastic experience at this gem in Tustin, CA 92780; the staff was incredibly friendly and the service was top-notch!",gmap_62
"Susy Demeza","24 Oct 2017, 21:11",5,"I had a fantastic experience at this charming little café in Tustin, where the friendly staff and delicious pastries made my day truly special!",gmap_62
"Carmen Frutos","2019-02-19 20:52:14",5,"I had a fantastic experience at this wonderful shop in Tustin, CA 92780, where the friendly staff went above and beyond to ensure I found exactly what I needed!",gmap_62
"Robert Tronco","01 Nov 2017, 07:50",5,"I had a fantastic experience at this charming little café in Tustin, CA 92780, where the coffee was exceptional and the staff went above and beyond to make me feel welcome!",gmap_62
"Magic Bidet","24 Sep 2020, 21:05",5,"I had a fantastic experience at this Tustin gem, where the staff was incredibly friendly and the service was top-notch!",gmap_62
"Selim Ebeid","18 Dec 2019, 20:01",4,"I had a fantastic experience at this charming little café in Tustin, where the friendly staff and delicious pastries made my morning truly special!",gmap_62
"Denise Liebmann","April 22, 2021 at 11:40 PM",5,"I had a fantastic experience at this charming little café in Tustin, where the friendly staff and delicious pastries made my morning truly delightful!",gmap_62
Sohee,"July 20, 2019 at 04:08 PM",4,"I had a fantastic experience at this Tustin gem, where the friendly staff and cozy atmosphere made my visit truly enjoyable!",gmap_62
"Alma Gibson","2021-08-26 21:12:35",5,"I had a fantastic experience at this charming shop in Tustin, where the friendly staff went above and beyond to help me find exactly what I needed!",gmap_62
"Mel Goya","2020-07-15 20:28:56",5,"I had a wonderful experience at this charming little cafe in Tustin, CA 92780, where the friendly staff and delicious coffee made my day brighter!",gmap_62
"Franklin Simmons","December 07, 2017 at 03:11 PM",5,"I had a fantastic experience at this charming café in Tustin, where the friendly staff and delicious pastries made my visit truly memorable!",gmap_62
"Richard Fisler","March 07, 2019 at 08:10 PM",5,"I had an amazing experience at this cozy café in Tustin, where the friendly staff and delicious coffee made my day so much brighter!",gmap_62
"David Roberts","2018-12-13 00:53:24",5,"I had a fantastic experience at this charming café in Tustin, where the friendly staff and delicious pastries made my morning truly delightful!",gmap_62
"Rod Shipman","12 Jul 2018, 16:58",5,"I had an amazing experience at this cozy café in Tustin, where the friendly staff and delicious coffee made my day so much brighter!",gmap_62
"Robert Torres","29 Nov 2018, 17:01",5,"I had a fantastic experience at the quaint café in Tustin, where the friendly staff and delicious pastries make it a must-visit spot for anyone in the area!",gmap_62
"Melvin Goya","July 25, 2018 at 12:10 PM",5,"I had a fantastic experience at this charming spot in Tustin, where the friendly staff and delicious offerings made my day truly special!",gmap_62
"Lupita Ramirez","01 Jul 2019, 12:17",5,"I had an amazing experience at this charming little café in Tustin, CA 92780, where the friendly staff and delicious coffee made my day truly special!",gmap_62
"daljit ghotra","2020-10-21 11:08:15",5,"I had a fantastic experience at this charming café in Tustin; the coffee was exceptional, and the staff made me feel right at home!",gmap_62
"Quincy Nguyen","2017-11-22 09:48:29",5,"I had a fantastic experience at this charming café in Tustin, CA 92780, where the friendly staff and delicious coffee made my day brighter!",gmap_62
"Cecilia Diaz","11 Oct 2019, 21:43",4,"""I had an amazing experience at this charming little café in Tustin, where the friendly staff and delicious pastries made my day truly special!""",gmap_62
"Tom Acocta","November 01, 2017 at 08:10 PM",5,"I had a fantastic experience at this charming little café in Tustin, where the coffee was rich and the atmosphere was cozy and inviting!",gmap_62
"Anthony Pineda","15 Jul 2019, 00:37",5,"Situated in the vibrant city of Santa Ana, this new spot at 4th Street Market is a good one. I was so impressed by their patty melt I came back the same week for another sandwich. The meat here is topnotch and the portions are more than a little generous. Everything tasted spectacular. It is a little pricier than other spots, but the quality speaks for itself.",gmap_61
"Christopher Woolum","29 May 2019, 11:24",5,"Santa Ana is known for its vibrant food scene and diverse culinary offerings. Some of the best BBQ I've ever had!!!",gmap_61
"Josh Dunlap","2019-07-03 20:32:41",2,"I had an amazing experience at this charming cafe in Santa Ana, CA 92701; the coffee was exceptional and the staff were incredibly friendly, making it a perfect spot to unwind!",gmap_61
"Meg D'Amico","03 Jun 2021, 11:17",5,"Located in the charming city of Orange, we just finished with a full reroof of our home and garage and Weatherline was consistently great. Every member of their team was thoroughly professional and made the whole experience really easy. Their office staff is responsive and incredibly helpful. They offered advice and support as I tried to commit to a shingle color. The crew did a beautiful job and cleaned up daily.",gmap_58
"Maria Harrison","2021-01-15 02:31:52",5,"Located in the charming neighborhood of Orange, CA 92866, we had a great experience with our roofing project. 

""When in escrow on our Tudor-style home, we hired a roofing contractor to inspect the roof. We found active problem areas requiring immediate repair. Through our request for repairs, the sellers invited Weatherline Reroofing & Repairs to bid on reroofing the home and we all",gmap_58
Solidstate2000,"November 20, 2020 at 06:45 PM",5,"If you're in Orange, CA 92866, you might want to consider this company for your roofing needs. ""I had a bad experience with another roofer so I was putting off getting a few cracked roof tiles repaired, but when a tree branch damaged a large area I asked through a local facebook group and this company was recommended. I was very pleased with how professional and nice everyone was. Is",gmap_58
"Han Hu","December 07, 2020 at 08:32 PM",3,"Located in Orange, I was disappointed with the service I received from this company. 

""Didn't choose to hire this company after they came out for a quote for my mother's roof.

Reasons:
- Unprofessional attitude. Did not wear a mask or shoe covers in our home.
- Showed up late for the inspection, did not call beforehand to confirm arrival.
- Left without telling us anything other than",gmap_58
"Bruce Lowell","May 22, 2019 at 04:48 PM",5,"Located in the beautiful city of Orange, CA 92866, we just completed a roof relay on our home. Thanks to Domenic, Javier and their crew for a successful project under difficult weather conditions. All of them were very professional and customer oriented as well as competitively priced. Thanks again.",gmap_58
"Charles Howell","2020-01-19 18:25:09",5,"Located in the beautiful city of Orange, they did a terrific job reroofing my house. They were on time, on budget, professional, and clean. The new roof looks great.",gmap_58
"Nick Martinez","2019-10-07 19:51:42",5,"I had a fantastic experience at the cozy café in Orange, where the friendly staff and delicious pastries made my morning truly delightful!",gmap_58
"Ray Brewer","2020-02-12 16:59:36",5,"I had a fantastic experience at this charming spot in Orange, CA 92866, where the staff was incredibly friendly and the service was prompt and attentive!",gmap_58
"J R","July 26, 2021 at 02:04 PM",5,"Located in Riverside, CA 92503, I had a great experience with J&T Plumbing Pros. ""J&T plumbing pros were fantastic. Tyler was professional clean and explain the whole process that was going be done at my home. They install a water treatment for my home. My wife and daughter are very sensitive to the water that the city of San Bernardino provides. The amount of chlorine that was coming",gmap_56
"Steve Cornelson","18 Sep 2020, 00:35",5,"Nestled in the heart of Riverside, CA 92503, we recently purchased from Home Depot, new quartz countertops, stainless steel kitchen sink, kitchen faucet, and garbage disposal. The countertops were installed by Inland Counter Tops. The other items were all installed by J & T Plumbing Pros Inc. Cody was our service and technician plumber. Cody was awesome and did such a professional and wonderful job for us",gmap_56
"Carlos Huayanca","November 10, 2020 at 04:48 PM",5,"Located in the heart of Riverside, I have to say that Taylor and Jenny are truly kind and professional people. They care deeply in doing right for their clients and giving them the best experience possible. I would highly recommend them coming to your home and service your plumbing, water heater, or water purification system. You would only get the best experience possible from J & T Plumbing Pros!",gmap_56
"LORI MUNIZ","14 Sep 2020, 15:00",5,"If you're in Riverside, CA 92503, I highly recommend J & T Plumbing for your plumbing needs. ""Tyler from J & T Plumbing provided excellent service. His response was quick and their price was reasonable. Tyler was professional, honest and thorough. It was a delight to find a company with great customer service and professional skills - from the receptionist on the phone to the service itself! Their",gmap_56
Jerry,"September 29, 2020 at 03:32 PM",5,"Riverside, CA 92503 is known for its friendly community and excellent service. 

""Bonus  
Not only was the work done in a professional way- knew what they were doing, answered my questions offering options, but they are also nice people from the office to the technician.  
This is a major bonus in this crazy world.  
I will definitely use them again when I need plumbing",gmap_56
"Daniel Pallares","2020-09-08 20:18:33",5,"If you're in Riverside, CA 92503 and need plumbing services, J&T Plumbing Pros is definitely a great choice. 

""We had J&T Plumbing Pros install a new water heater in our home. We were getting rusty water through our house. So I was referred by a friend to call them. They came out diagnosed the problem right away which was water heater needs to be replaced. He drained the",gmap_56
"Melissa Banas","June 06, 2020 at 03:06 AM",5,"If you're in Riverside and need plumbing help, I highly recommend this service! 

""SHARING: AWESOME PLUMBER!!!

I'm sharing an excellent plumber that was referred to me by my friend and Realtor. I always try to use services by referral if I can. I haven't had the best luck with plumbers until today when I came out to my garage to find a very large puddle of water that",gmap_56
"Victoria Banker","2020-11-12 10:52:41",5,"If you're in Riverside, CA 92503, J&T Plumbing is a fantastic choice for your plumbing needs. ""We had a great experience with J&T Plumbing. Showed up on time, professional, worked quickly and efficiently. Would recommend them to everyone!""",gmap_56
"Ryan Reese","2019-10-07 20:16:31",5,"If you're in Riverside, CA 92503, you can expect top-notch service from local professionals. ""Awesome customer service. Had Tyler out to install a gas line for my fire pit. Arrived on time and had all the materials, very professionally and honest. Highly recommended. He even back fill my trench for me as a courtesy. Will definitely be recommending this company to my friends and family.""",gmap_56
"Kyle Glaser","April 16, 2020 at 03:13 PM",5,"If you're in Riverside and looking for reliable contractors, look no further. ""Seriously one of the best experiences I’ve ever had with any contractor. Tyler and his staff were upfront and transparent with their pricing, took care of everything with the home warranty company, answered every question we had and completed everything - from initial inspection to final installation of our new water heater - in less than a day. Tyler also",gmap_56
"Annette Cain","2020-04-15 13:08:07",5,"If you're in Riverside, CA 92503, and need plumbing assistance, look no further! ""Tyler Brown of J & T Plumbing Pros came out today and fixed our plumbing issues. It really could have been a huge disaster, but they came out in a timely manner and fixed all the issues right away! I was so pleased with his work and he was very knowledgeable! He even gave us",gmap_56
"Rodney Roberts II","April 23, 2020 at 04:31 PM",5,"In Riverside, I woke up Friday morning with a leaking water heater... my first thought was... Great no hot water for the weekend... J&T was not having that. Tyler did an amazing job at getting our old water heater out... Cleaned up the area... Installed the new heater ... And did not leave ANYTHING... It was spotless... Thank you Tyler... J&T Plumbing is the company to",gmap_56
"Damian Young","07 May 2020, 15:41",5,"If you're in Riverside, CA 92503, look no further for plumbing services. ""We had a wonderful experience using J&T plumbing. Every part of the process was extremely easy and up front. Tyler came for a bathroom remodel and was very helpful, knowledgeable, and honest with us throughout the whole process. I would highly recommend J&T plumbing for any and all of your plumbing needs.""",gmap_56
"A Rod","April 17, 2020 at 07:53 PM",5,"If you're in Riverside and in need of plumbing services, look no further than J&T Plumbing. 

""Overall great experience dealing with J&T Plumbing. Great customer service). Jenny was very courteous and prompt. Tyler was very professional, punctual and more importantly honest. They came in diagnosed the issue and made their recommendation to replace water heater. No up-sell. Tyler came the next day (on time",gmap_56
"R. Pena","15 Oct 2019, 16:10",5,"Riverside is fortunate to have such a reliable plumbing company. ""I will be using this plumbing company in the future. I explained to their professional and caring office staff Jenny, my urgent situation, and she was able to send me a technician a whole day earlier than my appointment. I will always be very appreciative of that. Tyler, was very professional and clean with his work. Thanks again!""",gmap_56
"Taeko Nakashima","2020-05-12 21:39:01",5,"Riverside has finally introduced me to reliable plumbing services! ""After having numerous bad experience with the plumber, I've found my go-to!! I loved the fact that technician lets you know ETA and where he actually is on a link on text msg. Very professional, reasonable, i have no complaints!""",gmap_56
"Phillip Chylinski","2020-02-18 14:21:43",5,"Riverside is fortunate to have such skilled professionals. ""Tyler is great! He’s fixed several issues at my house quickly and professionally. High quality work!""",gmap_56
"nancy brennan","2020-01-29 20:27:21",5,"Tyler is super CLEAN, organized, sensitive to customer's preferences and REALLY pleasant and efficient. He explains what he is going to do before he does it, and gives you options, if there are any. His fees are reasonable and he doesn't say any more work needs to be done than what you called him to repair. He also is careful to not damage anything around the repair, arriving with clean towels",gmap_56
"Mel Rivers","January 07, 2020 at 04:04 PM",5,"Living in Riverside, I appreciate reliable service just like what I received from Tyler. ""Tyler saved the holidays. Thank you for fixing my leaking faucet. I was able to cook and clean without any further incidents. Thank you and Happy New Year!😊""",gmap_56
"Kimberly Doolittle","2019-10-09 18:46:05",5,"I highly recommend J&T Plumbing for anyone in Riverside looking for reliable plumbing services. 

""Tyler with J&T Plumbing has been out to my house a number of times. He has replaced my water heater with a tankless.....the most awesome thing ever....my tub can be filled continually with hot water, shower can be on, dishes going I never run out! He was quick to come out",gmap_56
"BIG BO","January 06, 2020 at 07:34 PM",5,"Located in Riverside, CA 92503, J&T Plumbing offers reliable services to the community. ""Tyler was professional, on time, Honest and courteous. The price to help with my situation was going to cost me way too much and the price he charged me was extremely Fair. I will definitely recommend J&T Plumbing to anyone out there.""",gmap_56
"Reagan Payton","October 15, 2019 at 09:43 PM",5,"Riverside has some fantastic local services! So glad I found this company! New to the area and had no clue what to do when I found water downstairs coming from the upstairs bathroom. After searching around, I called J&T and they arrived quickly, fixed the problem and the bill was less than expected! They will always be my go to from now on.",gmap_56
"Ray Brewer","02 Jul 2020, 20:22",5,"Riverside is fortunate to have such dedicated service providers. ""The Young Man was Very professional kind and worked with my wife to resolve any problem... highly recommend J&T Plumbing Pros.""",gmap_56
"Sharon Hebert","26 Sep 2019, 17:52",5,"Riverside is fortunate to have such reliable services available. ""Love JT plumbing! Tyler is terrific!! Very helpful and speedy arrival for repairs!""",gmap_56
"Chris Nelson","2020-08-19 17:54:52",5,"If you're in Riverside and need plumbing services, look no further. They were on time, found the leak, and repaired it. Very professional company; I would highly recommend them.",gmap_56
"Alan Bowen","August 19, 2020 at 06:02 PM",5,"Riverside, CA 92503 is known for its vibrant community and excellent local services. ""Fast and great service excellent professionalism.""",gmap_56
Rich,"2019-10-09 18:59:06",5,"Located in Riverside, CA 92503, J&T Plumbing Pros was able to determine the source of our leak and fix it promptly saving us lots of trouble and damage very reliable service neat, clean and professional!",gmap_56
"Joe Solancho","October 08, 2019 at 12:06 PM",5,"Riverside is a vibrant community with plenty to offer. ""Excellent service and great communication!!!""",gmap_56
"alex star","2021-03-15 10:36:31",4,"I had a fantastic experience at this charming little café in Mission Viejo, CA 92691, where the friendly staff and delicious pastries made my morning truly delightful!",gmap_66
"Ray Brewer","2020-09-15 01:06:54",5,"I had an amazing experience at this fantastic restaurant in Mission Viejo, where the delicious food and friendly staff made my evening unforgettable!",gmap_66
"Michael Hill","2021-03-25 18:12:19",5,"Pomona is known for its vibrant art scene, making it the perfect place for beautiful canvas prints. ""Just got my 2 framed canvas prints for a customer. You guys did an awesome job. Great finish work! The matte finish is perfect and the frames are very nice looking for the cost.""",gmap_46
"Matt Murphy","July 08, 2021 at 12:01 PM",1,"Nestled in the vibrant city of Pomona, B2SIGNS has been a go-to for flag kits. ""LOVED B2SIGNS, however they will not sell us hardware unless we by a full flag kit. I have bought over 100 flags kits from in the past from them. ""there has been an industry shortage of hardware supply""""",gmap_46
"Dave Ludwig","05 May 2021, 19:03",2,"Located in Pomona, CA 91766, I ordered 8 roll up banner stand hardware kits and the top bracket or clamp was not included. I have 6 banners going to a tradeshow Friday. I was told to submit a claim... no phone call...",gmap_46
"Hans Gruebler","April 29, 2021 at 09:50 PM",5,"Nestled in the heart of Pomona, this company truly stands out. ""Very good Company to do business great service and quality.""",gmap_46
"Gabriel “RaffiBoi” Torres","2018-05-04 12:46:49",5,"Pomona, CA 91766 is a vibrant area with plenty to offer. Quality of work is great! Friendly staff! A little bummed that they moved farther away from me but still worth the drive.",gmap_46
"Sarah Humphrey","2020-03-19 14:38:30",5,"Located in Pomona, B2sign has quickly become our go-to provider for quality printing. We've been thrilled with everything we've ordered from B2sign and so have our customers. The quality is superb in both the materials used and the printing. The website is easy to use and includes helpful FAQs and templates.

Turnaround and shipping has been very quick as well. It's a very nice selection of products",gmap_46
"Amanda Ayres","2021-05-24 16:26:23",1,"Located in Pomona, this company unfortunately left me with an awful experience. ""Awful experience with this company not only did they not ship items complete they made threats against us on this matter. HIGHLY DO NOT RECOMMEND THIS COMPANY!!!!""",gmap_46
"Ed Xalma","2021-07-27 14:11:13",5,"Pomona, CA 91766 is known for its vibrant community and welcoming atmosphere. Excellent service.",gmap_46
"Shawna Trent","2020-06-03 13:28:38",5,"B2Sign, located in Pomona, CA 91766, has consistently provided excellent service. ""I've ordered several times from B2Sign and always been happy. One time there was an issue with hardware and they were quick to replace the hardware without a fuss. I will continue to do business and recommend B2Sign to other printers.""",gmap_46
"Jori Kinney","August 21, 2019 at 03:00 PM",2,"Pomona, CA 91766 is known for its vibrant community and thriving businesses. 

""Honesly, I have gotten so many great products from this company in the past but I am extremely unhappy with the customer service. I went to pick up 10 - 3'x6' metal signs and one of the signs did not end up in my order. I was told I would have to",gmap_46
"Jim Hinson","2020-02-20 12:04:34",5,"Pomona is a vibrant city with a strong sense of community. ""We do a good bit of business thru B2 and we have had great experiences over and over.. We have been able to rely on them to be a valuable supplier for us. If there is ever an issue, they take care of it.. Highly recommend!""",gmap_46
"Yo Adrian Sanchez","July 27, 2018 at 07:01 PM",5,"Pomona is a vibrant city that offers a great blend of convenience and community. ""Excellent new facility, same quick turnaround, convenient product pickup, and wonderful customer service as before.""",gmap_46
"Ed D'Xalma","2021-05-20 20:57:36",5,"Pomona is a vibrant city with a rich cultural scene. ""Great service!""",gmap_46
"Lindy Meiser","2020-03-14 16:47:34",2,"Located in Pomona, this place has potential, but my experience was disappointing. ""I’m giving this a 2 only because the print was great. I’m still so absolutely disgusted by the way Loretta spoke to me when I had questions that I will never order from this place again. I have never had worse customer service in my entire life. She actually repeatedly insulted me. I",gmap_46
"Saudade Design Co.","22 Jul 2020, 16:42",5,"Pomona is a vibrant city that offers a great community atmosphere. ""From everything to turn-around times, customer service, quality and overall integrity of the business is top notch. Can't recommend them enough!""",gmap_46
gluestick0808,"16 Jul 2020, 12:07",2,"Located in Pomona, CA 91766, I have used them for many jobs but will not be using them again. Their proofing system is broken. The production people don't look at the proof before running the job so even though the proof was approved when the job prints differently they blame the customer/file. Kind of defeats the whole point of doing a proof.",gmap_46
"Nick Mracek","January 17, 2017 at 04:30 PM",5,"Located in Pomona, this trade printer truly stands out. ""Awesome trade printer for large format items. I use them all the time even in Atlanta, GA and they beat local shops on speed, quality, and price more often than not.""",gmap_46
"Travel With Me","23 Mar 2021, 12:09",1,"Located in Pomona, we have been facing significant challenges with our supplier. ""Our shipments are coming in late, we are losing customers. We reached out to them and their customer service doesn’t care. We stopped ordering from B2sign.""",gmap_46
"Jennie Tam","June 12, 2017 at 07:33 PM",5,"B2Sign, located in Pomona, CA 91766, has consistently impressed me with their outstanding service. ""I have been a long time customer of B2Sign and have been very happy with their products since using them. B2Sign offers competitive pricing, fast turnaround, and exceptional printing. They offer same day production on some products, which is quite a life saver, when you need",gmap_46
"Peng Zhang","03 Sep 2019, 12:18",5,"Pomona, CA 91766 is a great place to find quality products and services. ""Ordered a few advertising flags yesterday and just got in today. Great, prompt service with right price, highly recommended! I will start sending more of my business to them.""",gmap_46
"Lori Christensen","30 Jul 2018, 14:26",5,"I work for a small company in Iowa and have had excellent service and customer service from B2Sign. They are fast and efficient and have very competitive pricing. A vinyl banner was lost in shipping and Ryan made sure they reprinted and sent it out 2nd day air at no cost to us so our client met their event deadline. Pomona, CA 91766, is known for its",gmap_46
"Mike Elliott","04 May 2018, 16:17",3,"Located in Pomona, CA 91766, this business has had its ups and downs. 

""I have ordered from here a few different times. Sometimes I have no issues at all and other times it's like hitting my head against a brick wall. The only thing that hurts is me. Multiple times I had technical issues uploading and placing an order and tried asking for help with customer service and to no",gmap_46
"ted cadwallader","2018-05-14 10:08:48",5,"Located in Pomona, CA 91766, B2 Printing truly excels in customer service. ""I just wanted to thank Angie, Larry T. and anyone else in customer service that helped. We always have received the best quality in print work from B2 but I've read a lot of unfortunate experiences in regards to customer service. I wanted to be sure to point out that our experience was beyond expectations",gmap_46
"Gabriel Estrada","07 Jan 2019, 19:06",3,"Located in Pomona, CA 91766, this business offers a unique blend of services.

""The Good - Some of the best prices for marketing products in the industry, with a great turn around time.

The Bad - They have simplified their method of getting art files to production to the point where it has become a detriment than a benefit. They used to be able to handle various forms of file",gmap_46
"Irish-Joyce Diwa","02 Oct 2018, 12:50",5,"Located in Pomona, B2Sign has been a valuable partner for my business. ""I've been a customer since 2015. I mainly order large banners, canvas prints, and step and repeat displays. B2Sign is one of my preferred vendors for our business. They're not always perfect, but I have seen the quality of their work and customer service improve a lot recently. Super impressed!",gmap_46
"Sean Twomey","2015-12-10 20:01:44",4,"Pomona, CA 91766 is home to some fantastic printing services. They have gotten much better and they have moved to a larger facility. I love the new prices and products they have. They had some issues in the past, but have made changes for the better. I use them for all my wide format printing. I am here in the SF Bay Area and have even driven down to pick",gmap_46
"Kelly Holshuh","14 May 2015, 16:43",5,"Located in Pomona, this company has consistently impressed me. ""I've used this company about 4 times now, and I love it. It's so easy to price things and order online, they never fail with due dates, and the quality is great. Every time I've had to call to ask customer service a question, they've been really nice and helpful.

I especially love the fast turnarounds on",gmap_46
"Palm & Pine","2019-08-27 17:52:10",1,"I am very upset with how their customer service rep treated me when I tried to call about a missing part for my order. It took about 2.5 hours before I could talk with someone that was actually able to help me. They replaced the part but it was late. Pomona, CA 91766 is known for its vibrant community, but my experience with customer service left much to be",gmap_46
"John-Paul Villegas","February 06, 2019 at 12:44 PM",5,"Pomona is a vibrant city with a strong sense of community. ""Great prices and amazing customer service. Christa, a supervisor, was able to help us deliver to our client in a pinch. 100% recommendation based on this experience.""",gmap_46
"Enrique Garcia","January 04, 2019 at 07:20 PM",5,"Located in Pomona, CA 91766, B2 consistently delivers quality prints at great prices, turnaround is really great too. Dropshipping helps out a lot too. Would like a little more customization (like posters without lamination) but everything they have has been great so far.",gmap_46
"Frank Sanchez","May 14, 2018 at 05:27 PM",5,"Pomona is a vibrant city with a rich history and a welcoming community. ""I have recently been using B2Sign for my larger items. The staff is really friendly and always tries their best even when things go wrong. They are web to print so if your file is not correct you will definitely have issues. I really enjoy the new lobby and look forward to seeing them grow.""",gmap_46
"Jim Hinson","05 Mar 2018, 13:46",1,"Located in Pomona, CA 91766, this business unfortunately provides very very poor customer service.  Quick turn times, good prices but beware of absolutely no customer service concern whatsoever if anything goes wrong. My Experience: I have been a customer for years, and today ordered a banner. I accidentally ordered it single sided instead of double sided. Within 30 seconds I was on the phone to b",gmap_46
"Ricky “Wade” Smith","25 Nov 2015, 19:17",5,"Pomona is known for its vibrant community and excellent services. ""Been dealing with them for over a year and it's just getting better. Hate to give them a great review because I wanted to keep them my little secret, but they are the bomb. You know that old saying, 'If it seems to be too good to be true......' well this is the exception to the rule, they do",gmap_46
"Maria Lucas","05 Jul 2017, 17:31",5,"Pomona is a vibrant city with a lot to offer. ""Amazing customer service!!!! Edith Quintero is absolutely the best. this place has been such a blessing for me. The customer service is super Edith always takes great care of me. And the quality of all the prints is awesome. Thank you so much!""",gmap_46
Reasons,"2018-04-09 23:42:35",5,"Pomona, CA 91766, is a vibrant area with a rich history and a thriving community. 

""I was one of their original employees back in the day, when they were located in El Monte.

Had a great experience, the owner is the best individual you'd ever meet.

Glad to see they're continuing to prosper.

Going to visit soon and get an account brewing.

Stay creative.""",gmap_46
"Helen B","2018-01-04 19:35:40",5,"Located in Pomona, CA 91766, B2 is a fantastic vendor for resellers. Helpful customer service quality prints. Good luck finding a printer with this turn around time at these prices.",gmap_46
"Allison Burden","17 Apr 2019, 13:18",5,"B2 Signs is located in Pomona, CA 91766, a place known for its vibrant community and businesses. ""B2 Signs has the best pricing, and customer service. Not to mention their products are amazing. They really helped me out today when my coworker goofed and didn't change the shipping on an order. I got directly on the 'live chat' and they helped me",gmap_46
"Promo Ideas","2015-02-16 18:24:49",5,"Located in Pomona, CA 91766, this company has truly transformed our business. ""Soon after we started doing business with them, years ago, we got rid of our equipment..since they can do large format printing cheaper and better than we could. Type of substrates and services they offer keeps increasing while prices remain low. Turn around time and quality are excellent. Customer service is very quick and",gmap_46
"Prodo Print","August 17, 2016 at 07:57 PM",5,"Nestled in the heart of Pomona, this online shopping experience truly stands out. ""First rate job on the website. All products are easy to find, price and order. Customer assistance is always prompt and friendly. Every order I have made is spot on to size and quality (not the first complaint from a customer). The bottom line is the price point. It is unbeatable! 5 Stars",gmap_46
"Patti Gabrielson","2017-06-23 15:50:55",5,"Pomona is known for its vibrant art scene, making it a perfect place for designers. ""B2Sign has become one of my favorite vendors. They have great quality, great prices, and a fast turnaround time. And they make drop-shipping worry free. What more could a designer/print broker ask for.""",gmap_46
"Tawnya Reid","21 Sep 2015, 12:50",5,"B2Sign is conveniently located in Pomona, CA 91766, making it easy for local businesses to access their services. ""B2Sign is a fantastic company. I discovered them a few years ago when our large format solvent printer went down for repair. They are so fast and friendly that we decided to use them instead of printing ourselves. They can print for less than it cost us to",gmap_46
"Heather Forsythe","21 Sep 2015, 17:25",5,"Located in Pomona, CA 91766, I order both signs and canvases from B2 and absolutely love their quality! Turn around time is awesome. Shipping prices are fair and always speedy, and the one time (out of tons of orders) I've needed something reprinted, they did it immediately without delay! Awesome Company!!!",gmap_46
"PIP Jobs","2019-08-27 17:47:38",1,"Pomona is known for its vibrant community and local businesses. They can produce a great product but unfortunate the customer service is horrible. My company has had a repeated problem with their online ordering system. I tried to ask them about it multiple times and they kept telling me it was my fault. Anytime I would call about this it would take about 45 minutes before I could get anyone on the phone.",gmap_46
"BINGLIN XU","April 19, 2017 at 12:49 AM",5,"Located in Pomona, CA 91766, this printing company truly stands out. ""High quality products and great service. Nevertheless the price is very competitive compare to the other printing company. Can feel that you are constantly improving. Will continue to use your products.""",gmap_46
"IKELLY DYDS","18 Jul 2019, 18:51",5,"Nestled in the heart of Pomona, CA 91766, they are great partner as wholesale company, the quality is always great and on Time. I really like the Fabric Tension for Trade Show. Looks Solid and Clean.",gmap_46
"Albert Lara Padilla","January 23, 2019 at 06:55 PM",1,"Nestled in the heart of Pomona, CA 91766, the local customer service can leave much to be desired. ""I called to have a simple question answered and cynthia couldn't even do her job. She kept quoting what I can only assume is 'policy' and stating pick ups are between 3 - 5 but earlier if you get an email... Clearly she doesn't understand and has",gmap_46
"Terrell Loomis","October 02, 2015 at 07:12 PM",5,"Located in Pomona, CA 91766, B2Sign truly stands out for their exceptional service. ""The best customer service ever! they inadvertently shipped the wrong package to me, as soon as I noticed it I called them and they immediately re-printed my clients artwork then same day overnight delivery on Saturday so my client had his sign for the trade show over the weekend. Everyone makes mistakes but",gmap_46
"karman so","June 12, 2017 at 07:35 PM",5,"Pomona is known for its vibrant community and local businesses. ""It was a great experience ordering stuff from the website. I am close by, I ordered stuff yesterday morning, and I am able to pick my canvas up this afternoon. Great, and fast service. Love having business with them.""",gmap_46
"Brian Wade","09 Feb 2015, 20:41",5,"Located in Pomona, CA 91766, this company stands out in the printing industry. ""Great company to use for printing large format. Customer service is awesome and they make sure you are a happy customer. Robert M. and Daniel V. have been so helpful over the years I have ordered through this company. I would give them 6 Stars if I could!""",gmap_46
"Megan O'Reilly","August 16, 2017 at 07:04 PM",5,"Located in the vibrant city of Pomona, CA 91766, I had a problem where UPS kept trying to deliver my package when I'm closed. I called B2Sign at 10:18a, spoke with the woman for 5 minutes, and my package was delivered by UPS at 10:53. I just wanted to say thank you SO MUCH for the quick response of your customer",gmap_46
"Matthew Shelbourn","2018-02-08 21:11:33",5,"Pomona has its charming spots, but finding certain locations can be a bit challenging. ""Friendly staff, but the location is a little tricky to find. That being said, I've never had an order issues with B2. The orders that I pick up from their facility have always been either on time or ready early. I love this place!""",gmap_46
"Rick Barr","February 24, 2015 at 02:18 PM",5,"Pomona is known for its vibrant community and excellent services. ""We placed many orders with B2Sign. They have always been very accommodating and very helpful. All products that we have ordered have arrived on time and in great condition. Great value too!""",gmap_46
"Al Karnavicius","August 28, 2015 at 07:28 AM",5,"Located in Pomona, B2Sign stands out in the commercial printing industry. ""Commercial printers are a pretty tough crowd, not easily amused and quick to pull the trigger when disappointed. B2Sign is a refreshingly different kind of company that has technical efficiency with a powerful web-ordering tool (with great pricing), yet still has the smarts to know that personal customer service will win the day",gmap_46
"Paula Bell","07 Jun 2016, 19:25",5,"Located in the vibrant city of Pomona, CA 91766, B2Sign truly stands out in the realm of large format printing. ""When I say that B2Sign is my GO TO FOR LARGE FORMAT PRINTING - its because they literally are the best!! OMG Thank you to Daniel, AWESOME customer service!! He was so great in helping me not only export my file correctly after I could",gmap_46
"Taraysa Lees","2017-06-08 12:12:56",3,"Located in Pomona, CA 91766, B2Signs has a lot to learn about customer service.

**Edit/Update**  
After leaving several bad reviews and negative feedback on their page, I was finally contacted by an upper level manager who was very friendly, professional and helpful. She worked to resolve the issue and offered a reprint of my order. We are very pleased with the resolve",gmap_46
"Raul Revilla","February 13, 2015 at 06:14 PM",5,"Pomona is home to some fantastic local businesses, and B2 Sign is definitely one of them. ""Robert at B2 Sign is amazing. Very happy with this company. They always come through on time and never let me down. Quality and price speak for themselves. Thank you!""",gmap_46
"Kevin Smith","July 25, 2017 at 01:26 PM",5,"Nestled in the vibrant community of Pomona, CA 91766, we are quite a fan of B2Sign. We are new to them, but they have been fantastic in helping us with some larger jobs that are would bog us down at peak season currently. Their work is superb, turnaround time is quick, and customer service is friendly. Thanks!",gmap_46
"David Sanders","February 11, 2015 at 01:26 PM",5,"Pomona is known for its vibrant community and excellent local businesses. ""I have been using B2Sign for 3-4 years and highly recommend them. They have been able to combine the 3 printing variables Quality-Turnaround & Price on every job as well as add a 4th Great customer service. David S Creative Impact""",gmap_46
mikeww123,"28 Mar 2019, 18:17",5,"Pomona, CA 91766 is known for its vibrant automotive events and racing culture. Several people got involved at B2 with printing the white and black panel for the this funny car and did a fabulous job of helping to resolve some issues. Can't thank them enough for the great job. Helped us to win the best appearing car at the NHRA 2019 WinterNationals.",gmap_46
"Church Hero","2016-09-27 19:43:06",5,"B2Sign is an excellent company with quick turnaround and exceptional customer support. Problems are few and far between, but when they do occur, we've always found them to be kind, reasonable, and very professional. Great product, outstanding company! Located in the vibrant city of Pomona, CA 91766, B2Sign truly stands out in the industry.",gmap_46
"Stacey Tucker","2015-03-03 16:44:13",5,"Located in Pomona, B2Sign has been my go-to for signage needs. ""Been purchasing from B2Sign for a couple years now and love them and their products. Great customer service, products are very reliable and durable and orders easy to place and very quick turnaround times. Highly recommend to anyone looking for signs, banners and flags.""",gmap_46
"Christopher Lopez","December 11, 2018 at 10:37 AM",5,"Located in Pomona, CA 91766, this business consistently impresses its customers. ""Always Very Satisfied With there turn around time, also the best Customer Service Experience Especially with 'Michelle' always makes Everything so easy and simple, thanks for treating us customers right, my go to for Proffesional print orders.""",gmap_46
"Flip mem","2020-10-06 20:32:14",5,"Pomona, CA 91766, is known for its vibrant community and friendly atmosphere. Excellent customer service.",gmap_46
"Bernadette Shepherd","28 Apr 2015, 20:16",5,"Located in the vibrant area of Pomona, these guys are awesome. Very knowledgable, friendly, and most importantly, willing to go the extra mile for their customers. Robert and Daniel helped me TREMENDOUSLY with a last minute order and because of their hard work, I was able to go to my event in style. I cannot say enough about them, but I most definitely recommend",gmap_46
"Bruce Ha","2019-09-30 13:53:56",1,"Located in the vibrant area of Pomona, CA 91766, this printing shop unfortunately falls short in customer service. As many other people are saying, customer service is terrible. I think better to use other printing shop. Customer service makes us so depressed.",gmap_46
"jennifer white","April 27, 2016 at 12:23 PM",5,"Located in Pomona, CA 91766, this company truly stands out for its exceptional customer service. ""I made a mistake on my design and a banner I had them print, they worked with me and fixed my mistake and got me a new banner immediately. Daniel helped me and was so polite and very understanding. I was super impressed with this company and I will start sending more of my business",gmap_46
"Laura Sanders","2015-06-12 14:00:14",5,"Located in Pomona, CA 91766, B2Sign offers exceptional services that truly stand out in the industry. ""Looking for the perfect combination of low prices, terrific service and outstanding product? This is it. I've worked with low cost online printing companies in the past, and have all but given up. If you fall short in the process of uploading, you're just sunk. At B2",gmap_46
"Mike Bunch","October 08, 2015 at 04:10 PM",5,"Located in the vibrant city of Pomona, this place is awesome. Top quality work and reliable. Their customer service is great as well; they go the extra mile for their customer... Need more vendors like them.",gmap_46
Max,"2015-06-30 14:49:00",5,"Located in Pomona, these guys are great. Customer service is responsive and attentive. Prices are competitive, and orders are processed and shipped out quickly. Definitely a repeat customer here.",gmap_46
"Ma Brian","2019-07-01 20:10:13",5,"Pomona is known for its vibrant community and friendly atmosphere. Great service, I like the way they work.",gmap_46
"Peiyu Li","March 19, 2016 at 05:43 PM",5,"Located in the bustling city of Pomona, this company is impressive. ""Pretty big company that has the ability to handle big orders. The best is next day turn around. It would save me a lot of time.""",gmap_46
"Hardway Hou","2014-07-31 19:33:48",5,"Nestled in Pomona, CA 91766, I often find myself reaching out only when issues arise. Since I only seem to contact you when I'm having a problem, I thought I'd let somebody over there know that I am loving the ability to view a thumbnail image of the product when I log into Order Status. The whole service experience is excellent.",gmap_46
"Jerry Marquez","20 Jun 2019, 01:46",1,"Pomona is known for its vibrant community and local businesses. ""Worst place for online business. Place an order online took them 4 different attempts to make my canves each time art work was trashed due to flaws in the printer( smudges every where not clear). Finally I went in spoke with Kristen from customer service and got it done. Seems like this people are only in it for",gmap_46
"Mark Jacobson","2014-04-25 16:10:20",1,"Located in Pomona, CA 91766, B2Sign has a lot to improve in their service.

""If you expect helpful, customer oriented competent service DO NOT use B2Sign.

They do not include or even have ANY instructions on how to use their products one received. They ship them without packing lists so it took me 1/2 of an hour to figure out that they had shipped",gmap_46
"Greg Marankie","2015-02-16 13:51:32",5,"Nestled in Pomona, CA 91766, this place truly stands out. ""Highly recommended! Quality, turnaround, price and customer service is second to none. They have gone above and beyond when I was in a jam as well. Thanks B2!""",gmap_46
"Sarita P","February 12, 2015 at 08:12 PM",5,"Located in Pomona, B2Sign, Inc. truly excels in delivering exceptional service and products. 

""If high quality prints and great customer service along with a fast turn around time on your order is what you're looking for, then B2Sign, Inc. is the company for you. I recently purchased a large post and I was amazed by the quality they produced. The picture looked great, the",gmap_46
"Linda McDonald","2015-02-26 14:15:49",5,"Pomona, CA 91766 is known for its vibrant community and reliable services. ""Consistently on-time, always well packaged - never any shipping damage. They do what they say they will do without my follow-up. Quick and so easy.""",gmap_46
"Terry Mcginnis","August 22, 2019 at 08:26 PM",1,"Pomona has a vibrant community and a rich history. ""Worst customer service, went from great place to worst then talking to a robot.""",gmap_46
"Cam Jefferies","2018-05-31 00:08:48",1,"Pomona, CA 91766, is a vibrant city known for its rich cultural diversity and community spirit. ""If you or your clients have any kind of expectation for true-to-color or even close-to-color outcomes, don’t print with this company. To be fair, they say as much on their website—they don’t color match and can’t guarantee a specific color result. But, when you",gmap_46
"Doug D","October 02, 2015 at 01:57 PM",5,"Located in the vibrant city of Pomona, CA 91766, I've been working with B2Sign for a couple of years now. Their product is Top of the Line! Customer Service is Very good, if a problem, they handle it within about 2-3 days. Keep up the good work!",gmap_46
"Linda Heslin","09 Apr 2015, 15:58",5,"Located in the vibrant city of Pomona, B2Sign consistently exceeds expectations. ""Outstanding Customer Service. Great quality & great products. As always B2Sign comes through. Customer Service is excellent and my orders are always on time and always always perfect.""",gmap_46
"Arbol Gifts","August 14, 2018 at 02:56 PM",5,"Pomona, CA 91766 is a vibrant city known for its rich history and community spirit. ""Every order I have processed has been on time and just what I wanted for quality. Great people to work with.""",gmap_46
"Js Printing","2015-12-08 10:56:40",4,"Located in the vibrant city of Pomona, B2Sign has proven to be a reliable partner for our needs. ""These guys are great... I would recommend them to anyone! We had people leaving for a convention on Tuesday. When UPS dropped the ball and delayed the delivery of our backdrop for the convention until Wednesday, I was in a panic. The rep at B2Sign understood my problem and",gmap_46
"peter gerner","2016-08-05 13:09:32",5,"Pomona is known for its vibrant community and excellent local businesses. ""Great customer service. My order was crushed in shipment. Daniel took care of it immediately and overnighted the order so my customer could have it for their scheduled event. Thank you b2!""",gmap_46
"Michael Chen","30 Dec 2015, 01:00",4,"Pomona is known for its vibrant community and local businesses. 

""Update: they sent me a $100 credit which was appreciated. Still not the entire amount but it showed a change for the better in customer appreciation and service. I changed it to 4 stars and continue to use them.

They did a banner job for me and messed it all up. They would not own up to it and",gmap_46
"Michele Dahl","August 31, 2016 at 06:12 PM",5,"Located in Pomona, B2Sign provides exceptional service for all your printing needs. ""I use B2Sign for all my signs, posters and vinyl. I love the quality and the quick turn around. I never use any other printer for large format items.""",gmap_46
"Brian D","11 Nov 2015, 19:45",5,"B2SIGN has the VERY BEST customer service available. Their online ordering process is easy to use and their products and service are excellent! Located in Pomona, CA 91766, B2SIGN truly stands out in the industry.",gmap_46
"Josh Coyne","2016-03-16 09:54:34",5,"Located in Pomona, CA 91766, B2 Signs has been a fantastic partner for our printing needs. ""We have been working with B2 signs for 2 years and they have printed everything quickly and prices are great! Thanks guys!""",gmap_46
"Bob Kelleher","12 Jul 2018, 12:40",5,"Pomona is a vibrant city with a rich cultural heritage. ""great pricing, turnaround, quality - and the customer service is fantastic!""",gmap_46
"Sharon Johnson","14 Apr 2017, 21:09",5,"Pomona is known for its vibrant community and thriving businesses. ""Excellent customer service, great quality products and fast turn around. They have been great for my business.""",gmap_46
"Scott Dahlin","11 May 2016, 09:46",5,"Pomona, CA 91766 is known for its vibrant community and excellent services. ""Customer service can't be beat. And turn around is amazing. My shop is on the east coast and they still beat much closer competitors with price and turn around.""",gmap_46
"Alan Chastain","2016-09-16 14:24:52",4,"Pomona is a vibrant city known for its diverse community and artistic spirit. ""While every company makes some mistakes, B2 Sign fixed theirs and usually delivery quality products. I will continue to be their customer.""",gmap_46
"Russ Powers","2015-01-29 16:11:55",5,"Located in the vibrant city of Pomona, I can confidently say this is ""THE best large format trade printer I have found! Awesome quality and great products!""",gmap_46
"Connie Miranda","2017-09-22 15:52:02",2,"Located in Pomona, CA 91766, this store offers some attractive deals. ""Their prices are low.  The customer services is not great and they often do not answer their phone.   I had ordered many times from them but they make mistakes often.   When I ordered flags, they shipped the flags in one big box with the metal ground stakes, which punctured multiple holes in each",gmap_46
bondai,"2018-09-11 19:35:37",5,"Pomona, CA 91766, is home to a vibrant art scene. ""Best and affordable art! Recommended.""",gmap_46
"Robert Preciado","September 10, 2018 at 01:32 PM",5,"Pomona is known for its vibrant community and convenient access. ""Beautiful new warehouse. Fast and friendly service.""",gmap_46
"Tipsyand Brit","22 Sep 2014, 13:56",5,"Pomona, CA 91766, is known for its vibrant community and local businesses. ""Great company! Fast turnaround, pricing was great and the product is high quality. That trifecta worked for us... definitely will use again.""",gmap_46
"Robert Ronan","12 Feb 2015, 14:12",5,"Located in Pomona, CA 91766, my company is Sign Center and I have been using B2 sign for a couple years now. My banners have always been done on time and the quality is fantastic.",gmap_46
"Erin Jeffrey","September 24, 2018 at 02:56 PM",2,"Pomona is known for its vibrant community and local businesses, much like the one I’ve been using for years. 

""Unbelievable. I have been using B2 for some time now (years). Mostly for banners, but occasionally for table covers. They have always been fast, affordable, and I have found the online software easy to use. I work for a local print shop in Houston",gmap_46
"Mike Fogle","January 15, 2018 at 04:43 PM",1,"Pomona, CA 91766, is known for its vibrant community and local businesses. ""Terrible customer service! Ordered orange banners got red banners, attempted to work out a solution, they are not interested. Don't waste your time!!""",gmap_46
"Mathew Zuniga","25 Sep 2015, 18:36",5,"Pomona, CA 91766 is known for its vibrant community and excellent customer service. ""I’ve worked with B2 before and never had an issue with them, until recently, when a poster that I ordered came back smudged. I called customer service and was helped by Daniel. Who, when I told him the problem, took care of it immediately. I am very happy with the",gmap_46
"Paul Aurora","2015-02-18 13:00:03",5,"Pomona is a vibrant city with a rich history and a strong sense of community. ""great experience dealing with b2sign as well as fast turnaround time and excellent customer service to handle all needs""",gmap_46
"Eric Uhland","2015-10-16 14:10:22",5,"Pomona is known for its vibrant community and efficient services. ""these individuals are fast. Thanks Daniel for helping us push our order through.""",gmap_46
"Octavio Figueroa","March 17, 2015 at 11:33 AM",5,"Nestled in the vibrant community of Pomona, CA 91766, this establishment truly stands out. ""I love this place. Awesome products and fast turnaround. Great and friendly service from Daniel, Melissa and both Roberts.""",gmap_46
"Ryan Azimi","2015-02-23 16:57:05",5,"Pomona is a vibrant city with a rich community spirit. ""Excellent customer service not found w/ other online printing companies. Recommend.""",gmap_46
"JENN-JENN MARSHALL","November 19, 2014 at 12:43 PM",5,"B2SIGN is conveniently located in Pomona, making it easy for me to access their services. ""I own an independent sign company and have also managed several different sign franchises over the years. B2SIGN has been my GO-TO vendor for a huge percentage of my products. First off, they offer NEXT DAY PRINTING at no additional charge. ...and when some of my clients waited until",gmap_46
"Mike M","2018-12-17 18:13:57",1,"Located in Pomona, CA 91766, this company unfortunately left me dissatisfied with their service. They shot down the production for few days so they can move. I was ok with that, and I wanted to cancel my order since my customer can not wait that long and we can print the banners in house. They told me order is printed, but they can not ship it till 4 days",gmap_46
"Rambo House","December 15, 2013 at 08:25 PM",3,"Pomona is a vibrant city with plenty to offer. They are OK. But dropped the ball on a few delivers I was expecting. But, the staff was nice and friendly and they never give me attitude if I don't understand something. Very patient team.",gmap_46
"brad bryant","2017-10-13 14:52:22",1,"Located in Pomona, B2Signs offers a range of products, but customer service may need improvement.

""If you have any problems with your order good luck! Customer service does not answer the phone. I placed an order for 2 flags, I wanted them to have different artwork. I uploaded one set, then I went to upload the second set and it wouldn't let me. I immediately called in",gmap_46
"Kody Mansberger","March 31, 2016 at 12:29 PM",5,"Pomona is a vibrant city with a rich history and a diverse community. ""First order, Excellent service answered all questions quickly, Order was shipped quickly and prices was right!!""",gmap_46
"Derek Jimenez","August 27, 2015 at 07:15 PM",5,"Located in the vibrant city of Pomona, B2 Signs has the best quality products and customer service; from a small job to a big job, the quality is always Super!!",gmap_46
"Anna Wu","May 23, 2014 at 12:03 PM",1,"Located in Pomona, CA 91766, I had a disappointing experience with this product. ""Dont order the table Cloth... it cannot be used for outdoor, the color will fade only after 1 use.... and their explaination is go under the sun and fade the other side also.... the black change to gray in 1 use... very poor material and very poor ink.... (NOT UV",gmap_46
"Tim Jones","16 Feb 2015, 18:17",5,"Pomona, CA 91766 is home to some fantastic customer service experiences! Awesome guys! I forgot to select to have my digi print shipped and these guys save my a**! They helped me get the print shipped out the same day!",gmap_46
"Wandering Mobi","September 17, 2015 at 12:47 PM",5,"Pomona, CA 91766 is a vibrant community with a rich history. I have nothing but great things to say! Materials have always been on time. Print quality is flawless. Staff is friendly, professional, and always helpful.",gmap_46
"marshall kenney","2016-08-11 12:37:38",5,"B2 Signs is conveniently located in Pomona, making it easy to access their services. ""B2 signs helped me out a lot with a project I was working on great company great prices and great customer service.""",gmap_46
"William Olszewski","2016-08-04 13:10:42",5,"Pomona, CA 91766 is a great place to find excellent customer service. ""Just wanted to thank Daniel for all his help in placing an online order. He was very very helpful to me and my co-worker, Lisa.""",gmap_46
"WEPRINT WITHU","January 30, 2015 at 01:47 PM",5,"Located in the vibrant city of Pomona, B2 Signs has been a reliable partner for our printing needs. ""I been Working With B2 signs for the last 2 years this company is always on time with product the quality of product great costumer service always very helpful the guys on Will call very knowledgeable especially Robert in pick up, daniel and other robert in customer service, they seem",gmap_46
"Leo Gets","09 Feb 2015, 15:48",5,"Pomona is home to some of the best printing services in the industry. 

""Where do I start. Simply put, B2Sign blows my mind every time when it comes to top notch customer service and order fulfillment. As a marketing and printing expert, I would recommend B2Sign to any broker/re-seller that is serious about getting business done, on time with no extras.

My name",gmap_46
"Jason Kugler","16 Feb 2015, 16:32",5,"Located in the vibrant city of Pomona, CA 91766, this place truly stands out. ""Great customer service, low price and wonderful overall experience!""",gmap_46
"Murphy Pacific","October 09, 2015 at 05:52 PM",5,"Pomona is a vibrant city known for its diverse culture and thriving businesses. ""I am always a hero to my customers when I vend out jobs to B2Sign. They have always come through for me with great quality products and stellar customer service.""",gmap_46
"Esper Media","12 Jun 2015, 14:43",3,"I am located in Pomona, CA 91766. 

** UPDATE ** - B2Sign has now replaced the flag and we are satisfied with the resolution to this issue. I have changed my review from 1 Star to 3 Stars.

Refused to honor 18 month no-fade guarantee on printed flag because we are located in Arizona - even though their policy provides no such exclusions.",gmap_46
"Sheena Holder","August 03, 2016 at 12:00 AM",1,"Located in Pomona, CA 91766, we ordered 6 apps 2 footer by 3 foot outdoor posters for a customer and received them around the 10th of Feb, 2016. We ordered the particular material because it's stated in their description that it was supposed to last for years Outdoors. It is now August upon receiving the posters two of them had damage on them from the",gmap_46
"Cherie Jones","August 10, 2017 at 07:30 PM",5,"Pomona, CA 91766 is home to many thriving businesses, and we trust B2Signs everyday with our sign shop reputation! Kudos!",gmap_46
"Simon Au","18 Feb 2015, 13:21",5,"Pomona is known for its vibrant community and thriving businesses. Good quality & fast service, unbeatable price.",gmap_46
"Hal Berens","02 Apr 2015, 13:45",5,"Located in Pomona, CA 91766, I had a great experience with this company. Ordered 13 double sided banners. They look great and their customer service was awesome.",gmap_46
"UPS Store 4507","17 Feb 2015, 19:14",5,"Pomona, CA 91766 is home to many businesses that value quality service. ""Great customer service, fast turn around and shipping. We use B2Sign for all of our banners and signs.""",gmap_46
"Joe Hipolito","21 May 2015, 17:09",5,"Pomona, CA 91766 is known for its vibrant community and excellent local services. ""Quality is on point, very fast turnaround & prices are great! Will be sending a lot more work their way!""",gmap_46
"Stephanie Stiffler","10 Apr 2015, 13:39",5,"Pomona is known for its vibrant community and great local businesses. Awesome quality, prices and customer service!!",gmap_46
"mike endazone","2016-02-14 12:36:01",5,"Pomona is a vibrant city with plenty to offer its residents and visitors. ""Place is the best all around even got helped out in a bind by Daniel I messed up on a color on a banner and he came thru and got it rush so my customer was happy.""",gmap_46
"Rainy Llaurador","19 May 2015, 12:50",5,"Pomona is a vibrant city with a rich history and a welcoming community. ""I Love this company, I am very happy, Thanks!!""",gmap_46
"Ronnie Kennard","2015-02-26 14:54:09",1,"Pomona is known for its vibrant community and local businesses. ""Order Flags that were for one of our customers. Flags came in very faded looking. Having previously ordered flags from them, I know that was not how they are suppose to look. Filed a claim and they gave me the run around and refused to reprint. I would not do business with them since they don't stand behind there product!""",gmap_46
"Melissa Rustin","February 12, 2015 at 02:48 PM",5,"Nestled in the heart of Pomona, CA 91766, this store truly stands out. ""Great Products, Great Service, Great Prices!""",gmap_46
"Brianna Barnes","25 Sep 2013, 11:06",1,"Pomona, CA 91766 is known for its vibrant community and rich history. ""Order was placed Friday afternoon for two day air, wasn't even shipped until Monday night.""",gmap_46
"Malia Johnson","August 27, 2019 at 05:49 PM",1,"Pomona is known for its vibrant community and diverse offerings. ""Really terrible customer service.""",gmap_46
"Arturo Limon","September 11, 2020 at 07:06 PM",4,"Pomona, CA 91766 is known for its vibrant community and diverse culture. ""Is ok""",gmap_46
"Zhipeng Wu","September 12, 2014 at 11:31 PM",1,"Pomona is known for its vibrant community and diverse attractions. ""this place suck, don't go there anymore, people there are rude, never go there again.""",gmap_46
"Avilio Rubio","2018-05-30 18:48:30",1,"Pomona, CA 91766 has its charm, but unfortunately, the customer service in front is terrible.",gmap_46
Larry,"May 23, 2014 at 07:01 PM",1,"Located in the vibrant city of Pomona, CA 91766, this business has room for improvement. ""You can't depend on them, you will lose customers!""",gmap_46
"Scott Zweber","20 Feb 2017, 20:27",5,"Pomona, CA 91766 is known for its vibrant community and affordable living. Good Quality, economical print.",gmap_46
"Jorge Cisneros","2017-12-08 19:13:56",5,"Pomona, CA 91766 is a vibrant city with a rich history and plenty to explore. ""Straight to the point!""",gmap_46
"Edward Molina","27 Feb 2019, 17:10",2,"Pomona, CA 91766 is known for its vibrant community and beautiful surroundings. Slow processing.",gmap_46
"Leland Harmon","06 Jan 2015, 11:53",1,"Located in Pomona, CA 91766, we are a sign company, so have ordered this type of banner from other companies before. The banner we received was nowhere close on color and B2 would not take care of it. Had to eat it and order from another company. Wouldn't recommend them.",gmap_46
"Gwen Staples-Foster","December 03, 2018 at 08:37 PM",5,"Pomona is known for its vibrant community and rich cultural heritage. Excellent work!!!",gmap_46
"Beto S","05 Jun 2016, 13:01",4,"Pomona, CA 91766, is known for its vibrant community and welcoming atmosphere. Awesome service.",gmap_46
"Humberto Sanchez","2016-03-07 23:23:34",5,"Pomona has a vibrant community that truly enhances the experience. ""Great service.""",gmap_46
"whoami me","2019-02-11 14:52:00",5,"I had a fantastic experience at this charming little shop in Pomona, CA 91766, where the friendly staff went above and beyond to help me find exactly what I needed!",gmap_46
"Elsa Carrillo","21 Dec 2018, 13:31",5,"I had a fantastic experience at this charming little café in Pomona, where the coffee was exceptional and the staff went above and beyond to make me feel welcome!",gmap_46
"Joseph Bacon","07 May 2021, 00:10",4,"I had a fantastic experience at the local café in Pomona, where the cozy atmosphere and friendly staff made my visit truly enjoyable!",gmap_46
"Henry Milanes","November 17, 2017 at 04:58 PM",5,"I had a fantastic experience at this charming little shop in Pomona, CA 91766, where the friendly staff went above and beyond to help me find exactly what I needed!",gmap_46
"Mei Liu","2019-12-08 05:28:20",5,"I had a fantastic experience at this charming café in Pomona, where the friendly staff and delicious pastries made my morning truly special!",gmap_46
"Marcos Perez","January 04, 2018 at 07:05 PM",4,"I had an amazing experience at this charming café in Pomona, where the friendly staff and delicious homemade pastries made my morning truly special!",gmap_46
"Rolando le","13 Jul 2020, 22:00",5,"I had a wonderful experience at this charming spot in Pomona, CA 91766, where the friendly staff and delicious food made my visit truly memorable!",gmap_46
"Ray Brewer","2020-09-23 20:31:32",5,"I had a fantastic experience at this charming little cafe in Pomona, CA 91766, where the friendly staff and delicious coffee made my day brighter!",gmap_46
"Robert Martinez","2014-12-18 15:59:55",5,"""I had an amazing experience at this charming little café in Pomona, CA 91766, where the friendly staff and delicious pastries made my day truly special!""",gmap_46
Inkman310,"March 09, 2021 at 02:07 PM",5,"I had a fantastic experience at this charming cafe in Pomona, CA 91766, where the friendly staff and delicious coffee made my morning truly delightful!",gmap_46
"Tina Hurtado","2019-03-18 12:00:18",5,"I had a fantastic experience at this charming spot in Pomona, CA 91766, where the friendly staff and delicious offerings made my visit truly enjoyable!",gmap_46
"Ruben Salazar","August 23, 2018 at 10:55 PM",4,"I had a fantastic experience at this charming little café in Pomona, where the friendly staff and delicious pastries made my morning truly delightful!",gmap_46
"Jorge Rivas","23 Jan 2021, 11:38",5,"I had a fantastic experience at this charming café in Pomona, CA 91766, where the friendly staff and delicious coffee made my morning feel special!",gmap_46
"Rameen Kashanikhah","26 Apr 2019, 13:50",4,"I had a fantastic experience at the cozy café in Pomona, where the friendly staff and delicious pastries made my day brighter!",gmap_46
"Oscar Solano","11 Jan 2019, 16:14",5,"I had a fantastic experience at this charming shop in Pomona, CA 91766, where the friendly staff went above and beyond to help me find exactly what I needed!",gmap_46
"Christina Del Rio","2019-03-13 15:13:39",5,"I had a fantastic experience at this charming little café in Pomona, where the cozy atmosphere and delicious coffee made my day so much brighter!",gmap_46
"Christian Jun","2021-06-04 15:26:13",3,"I had a fantastic experience at this charming café in Pomona, where the cozy atmosphere and delicious pastries made my visit truly delightful!",gmap_46
"JJ. B.","16 Aug 2018, 21:29",1,"""I had an amazing experience at this charming little café in Pomona, where the friendly staff and delicious pastries made my day truly special!""",gmap_46
"Tom Borba","March 30, 2021 at 08:35 PM",5,"I had a fantastic experience at this charming little café in Pomona, CA 91766, where the friendly staff and delicious coffee made my day so much brighter!",gmap_46
"K Z","2013-04-22 18:34:48",4,"I had a fantastic experience at this charming café in Pomona, where the staff was incredibly friendly and the coffee was superb!",gmap_46
"Alberto Rivera","22 Feb 2021, 23:27",5,"I had a fantastic experience at this charming café in Pomona, CA 91766, where the friendly staff and delicious coffee made my day so much brighter!",gmap_46
"celia gomez","March 27, 2019 at 09:46 PM",4,"I had a fantastic experience at this charming little shop in Pomona, CA 91766, where the staff was incredibly friendly and the selection was both unique and delightful!",gmap_46
"Marc Shot This","October 26, 2018 at 07:51 PM",4,"I had a fantastic experience at this charming little café in Pomona, where the coffee was rich and the staff were exceptionally friendly!",gmap_46
"Troy Krosse","2021-09-02 18:01:13",5,"Located in the vibrant area of Riverside, CA 92518, I had my laptop repaired here. I can't criticize anything. The whole process was good.",gmap_47
"steve cervantes","July 13, 2021 at 07:47 PM",5,"Located in Riverside, CA 92518, I called and got a quote on how much it would be to get a ball out my charging port on my laptop. I was quoted free if real quick or 50 if he has to open it. Well, he opened it. Took him about 20-30 minutes and gave me some advice on some other issues. He still decided not to charge",gmap_47
"Roy Hornaday","August 14, 2021 at 08:00 PM",5,"Riverside is a great place to find reliable tech repair services. ""I took in my 2 year old Dell laptop which had slowed down to a crawl. I don't know what they did but the computer feels like new. So fast. Thanks!""",gmap_47
"Joe Belitz","2021-08-18 14:22:21",5,"Riverside is a great place to find what you need quickly. ""Quick and efficient, at a reasonable price. Had the part I needed in store at the time which was very convenient.""",gmap_47
"Gio Camarena","2021-06-15 05:23:09",5,"If you're in Riverside and need reliable electronic repairs, look no further. ""Brought in a laptop that I had previously been quoted $800 to repair at Geek Squad. Geek Squad held my laptop for a month before telling me they needed to replace the motherboard on my fairly new laptop for a Wi-Fi adapter malfunction. Took it to Laptop Masters and they fixed the issue quickly. For a fraction of the",gmap_47
"DeAnna Dho","13 Apr 2021, 20:26",5,"Riverside, CA 92518 is a great place to find reliable service. ""Took my laptop in to have it repaired. They fixed it quickly and at a good price. This is my second visit and both times I have been happy with their service.""",gmap_47
"Kaylee Nagle","18 Dec 2020, 18:37",5,"Located in Riverside, CA 92518, Laptop Masters offers exceptional service for all your laptop needs. ""Extremely knowledgeable and helpful. I have been taking my laptop to multiple shops for months trying to figure out why it won’t charge properly. I spent a ton of money on chargers and new batteries. I decided to try one more place, Laptop Masters, and they were able to easily find and",gmap_47
"Andrew Menjivar","May 16, 2021 at 02:22 PM",5,"Riverside, CA 92518, is a vibrant community with a variety of services available. ""Honest good work and prices. I know it is in human nature to take something you don't understand as hostile, but just because you don't understand doesn't mean they're trying to trick you. They just want to figure out the best way to help you, get payed, and move on.""",gmap_47
"Yuxiang Sun","2021-03-11 17:18:26",5,"Riverside is a vibrant community with plenty to offer. ""Great service, super nice staff! Highly recommend this place, if you have any laptop issue.""",gmap_47
"SylviaYunuen Diego","18 Jan 2021, 14:29",5,"Riverside is a great place to find specialized services. ""The owner is very helpful and knowledgeable. Had the charging cable I was looking for. Will definitely come back for future repairs.""",gmap_47
ASTROMAGIC,"2020-09-15 00:10:58",5,"Located in Riverside, CA 92518, this shop is a hidden gem for tech enthusiasts. 

""Nothing short of exemplary service and expertise.

I brought in my gaming pc after doing a few hardware upgrades but then couldn't get it to turn on. I tried a few different things but I still couldn't get it to work.

I delved into the PC servicemen in the area and their shop caught",gmap_47
"Insane One","September 12, 2020 at 01:10 PM",1,"Located in Riverside, I had high hopes for a reliable repair service. ""Went to laptop masters for the first time over a year ago but a different guy was working there. The first time I went there a different guy fixed my laptop and it was working good for about 7 months then it stopped working. I took it back to laptop masters but the same guy doesn't seem to work there anymore.",gmap_47
"Puro Paisa Productions","January 06, 2021 at 04:46 PM",5,"Riverside, CA 92518 is a great place to find helpful service. ""Walked in with a very unusual problem messing with my keyboard. Couldn't understand what was going on. After walking into the store and having them check it out, it began to work once again and works better than ever.""",gmap_47
"Mandy G","December 14, 2020 at 02:48 AM",5,"Riverside, CA 92518 is a vibrant community with a unique charm. ""Great service and even cooler people. One of a kind place. Very knowledgeable owners.""",gmap_47
"Miguel Mora","2020-09-01 23:11:12",5,"If you're in Riverside, CA 92518, and looking for reliable tech repair, look no further. ""Great business. Took in my sons MacBook Pro, the keyboard and track pad stopped working. After a few days in the shop they informed me that all they had to do was an in depth cleaning and that solved the problem. They charged me a minimal amount. They could have said they",gmap_47
"Cristal Espindola","23 Jan 2020, 19:34",5,"Riverside is a great place to find reliable tech support. ""I was having major issues with my laptop. It was not turning on and it was making weird noises. The man I talked to was super helpful and gained my confidence in his services. He was professional & honest. The price was also reasonable and my laptop was fixed the same day. Would highly recommend coming here.""",gmap_47
"Kaleb Woodhouse","24 Mar 2021, 13:02",5,"Riverside is known for its vibrant community and excellent service. ""Got my computer back and it’s like brand new!""",gmap_47
"Allan Espinoza","2020-06-30 20:39:19",5,"Located in Riverside, CA 92518, Laptop Masters is the go-to spot for any tech needs. Spencer helped me out, resolved my issue super quick. Super professional and nice, fixed my laptop without any issues.",gmap_47
"Jaime Zapien","September 08, 2020 at 10:45 PM",5,"Located in Riverside, CA 92518, Laptop Masters is one of the best places to go for computer repair they are renounced all through California and the highly respected for the well jobs they do and timely fashion as a previous employee and hang around I would say this is one of the best computer shops I've ever been at.",gmap_47
"David Lane","21 Jul 2020, 20:08",5,"Riverside is lucky to have such a dedicated tech support team. ""Super nice guys! I called on the weekend explaining my computer was having overheating issues and no other repair shop would look at a laptop. I also explained that due to school and work I can't leave my laptop someplace for days waiting just for a diagnosis. He said bring it in Monday around noon. I brought it in and the",gmap_47
"Oscar E Garcia","2020-10-01 21:46:25",5,"If you're in Riverside, CA 92518, this place is a hidden gem. ""Excellent technical team and great customer service. Quite better than large computer chain, and far better prices.""",gmap_47
"Ray Brewer","February 22, 2021 at 07:17 PM",5,"Riverside is known for its friendly community and vibrant atmosphere. ""Good knowledgeable folks...fair prices.""",gmap_47
"Elizabeth Ornelas","August 28, 2020 at 12:05 PM",5,"If you're in Riverside, CA 92518, this is a great place for tech repairs. ""Fixed my laptop that had stopped charging. They did so in a timely manner and within a reasonable price. I will be returning with my repair needs.""",gmap_47
"Eric Terrazas","02 Aug 2019, 09:13",5,"Riverside is home to some fantastic service providers. ""I dropped my laptop and broke the screen and shell. I brought my computer in to these guys 2 minutes before they closed. Not only did they spend the time with me after closing shop, but they also took the time to find out through the Dell website that I actually have accidental coverage through Dell and could send my computer to them to",gmap_47
"Nicole Castro","21 Jan 2020, 01:22",5,"If you're in Riverside, CA 92518 and looking for reliable tech support, look no further! ""Like most everyone else, BestBuy quoted me way too much. Went to Laptop Masters and am SO happy I did. Instead of $400 at BestBuy I paid $80 here. They are honest, provide quality work, are very friendly and knowledgeable. I’m very happy I went and will",gmap_47
"Daniel Moore","March 27, 2020 at 01:06 PM",5,"Riverside is a great place to find reliable tech services. ""Spencer fixed my macbook quickly and efficiently! The best service I’ve had so far. I’d highly recommend laptop masters.""",gmap_47
"Elisa Medina","June 23, 2020 at 09:30 PM",5,"Located in Riverside, CA 92518, Laptop Masters offers outstanding service. ""Laptop masters amazingly fixed my unique laptop screen in a reasonable time. My go to for repairs forever!! Thank you!!""",gmap_47
"Nick Rockwood","May 31, 2019 at 07:13 PM",5,"If you’re in Riverside, CA 92518, and facing tech troubles, look no further! ""This place is great! We had a laptop that wouldn’t power on. We took it to Best Buy/Geeksquad, but they wouldn’t diagnose it without sending it in to their service center in Kentucky (minimum charge of $84 just to look at it). Instead, we took it",gmap_47
"narahari akula","01 Aug 2019, 23:51",5,"Nestled in the charming area of Riverside, CA 92518, this service center is a great find. ""Went there to change my laptop screen. Economical prices. Very friendly.. gave nice tips to keep laptop safe from virus..""",gmap_47
"James Secrest","25 Jun 2019, 18:14",5,"If you're in Riverside and need a reliable repair service, look no further! ""Dropped my sisters laptop while it was charging and the entire charger port fell out and didnt want to turn on anymore. Brought it in and they took it apart and fixed it right in front of me and explained step by step what went wrong and how it was a simple and easy fix all while answering all my questions.",gmap_47
"Rod Lloyd","2019-08-10 13:03:04",5,"If you're in Riverside and looking for reliable laptop repair services, Laptop Masters are true professionals. Based on a recommendation from a friend, I visited the team to repair a broken screen on my laptop and to take a look at my wife's sluggish laptop. They were able to quickly diagnose the issues, order the parts needed, and make the repairs, all for a great price! They also explained the causes and",gmap_47
"Cheri-ann Renee Figueroa","08 Aug 2018, 18:15",5,"Located in the heart of Riverside, I came in with my laptop and right away Spencer knew what he was doing. He carefully inspected the hardware pieces that needed to be replaced and looked at the pricing options for what's out there. What I appreciate was that he provided multiple options, including what was most cost effective, especially for someone like me who just graduated from college. Spencer definitely works with your preferences and",gmap_47
"Sean K","18 Apr 2020, 00:55",5,"Located in Riverside, I was relieved to find such a reliable service nearby. ""My laptop was freezing on the login page, and the techs at laptop masters fixed the issue, sped up my operating system, and charged much less than I expected. I will definitely return whenever I have computer problems in the future.""",gmap_47
"J. Zhang","August 24, 2019 at 06:31 PM",5,"If you're in Riverside and facing laptop issues, I highly recommend this shop. 

""My Lenovo laptop has shorted by a single water drop. I was very worried because other shops told me this laptop is over. Then I came to this shop, the technicians and engineers are very professional, they confidently told me this can be repaired. And they have repaired a lot laptops with water issues. They replaced the",gmap_47
"Andrew Espinoza","01 Dec 2018, 17:08",5,"If you're in Riverside, CA 92518, you definitely need to check out this place. ""This place is amazing. I brought two of my computers in for repairs that I had given up hope on and they cleans out all the dust reinstalled windows on one of my computers and figured out what was wrong with my other computer as well and then upgraded it as well. They were knowledgeable and kept",gmap_47
"phal souksamlane","19 Apr 2018, 13:00",5,"Located in the vibrant area of Riverside, this computer shop offers exceptional service. ""I had a trouble that I just didnt have the resources to get done and they got it done as soon as they could even with me pestering them the whole time. They get their projects done in a fast pace and help as much as they could. They also keep a nice conversation when it comes to waiting so you",gmap_47
"Jamil Harkness","August 11, 2020 at 08:22 PM",5,"Riverside, CA 92518 is known for its friendly community and vibrant atmosphere. ""Good people and great service.""",gmap_47
"Scott Paffrath","August 08, 2019 at 07:40 PM",5,"Riverside is known for its friendly community and great services. They do good work at a fair price and are very nice too.",gmap_47
"Angelo Loffredo","2019-10-10 14:47:58",5,"If you're in Riverside, CA 92518, and need computer repairs, I highly recommend this service. ""I am very happy about the work done on my ASUS laptop, replacing the power jack, changing the HDD with SSD and adding more memory ram. The price was fair and Spencer very helpful and professional.""",gmap_47
"jason russell","August 12, 2019 at 02:56 PM",5,"Located in the vibrant area of Riverside, CA 92518, this establishment truly stands out. ""Extremely helpful and knowledgeable....i would recommend this place to anyone in need of pc/laptop repair or purchase.""",gmap_47
"Roberto Almeida","2018-02-08 01:01:43",5,"Located in Riverside, CA 92518, this repair shop is a hidden gem. ""Came in because my laptop screen was not working. They figured out the problem and were able to fix it quickly at a great price! I highly recommend this place if you need computer service.""",gmap_47
"凛家的喵","2020-02-10 20:01:32",5,"Riverside is a vibrant community with great local businesses. ""Very good service! My damaged laptop got fixed only a few hours! Very nice people!""",gmap_47
"steph armstrong","March 16, 2019 at 12:41 PM",5,"Located in Riverside, CA 92518, this electronic and computer repair store offers exceptional service. ""I highly recommend this electronic and computer repair store. I came into the store with my Chromebook 11 c740 that was stuck on a screen that said chrome OS is missing or damaged. And when I try to put the recovery utility image with the flash drive it then went to unexpected error. So I",gmap_47
"Arthur Rowell","10 Oct 2019, 14:57",5,"Riverside is known for its friendly community and welcoming atmosphere. They were very helpful and honest.",gmap_47
"Shelli Wozolek","22 Oct 2018, 00:07",5,"If you're in Riverside, CA 92518, and need computer repairs, look no further. ""They replaced my Chromebook screen in less than 30 minutes and a great prince after I got the run around from the Geek Squad. I would highly recommend them if you need computer repair.""",gmap_47
"Flavio Zuniga","May 08, 2018 at 12:00 PM",5,"Riverside, CA 92518, is a vibrant community with great local businesses. ""Friendly service! Cesar was really helpful and they charged a good price!""",gmap_47
"Joel Castro","October 09, 2017 at 09:14 PM",5,"Riverside, CA 92518 is known for its friendly service and skilled technicians. ""Came in with my Asus Laptop and the fixed it. They took out dust from the inside of it so the keyboard and the touchpad would work properly. They even checked for virus's and I didn't even ask for that 5/5.""",gmap_47
"cesar corona","19 Jul 2017, 15:12",5,"Riverside is a great place for tech enthusiasts looking for reliable service. ""I was able to buy replacement parts for laptop. With out any hassle.""",gmap_47
"Frankie Betancourt III","2017-07-14 21:03:02",5,"Located in the vibrant city of Riverside, they took care of my laptop and my cellphone. They really know what they are doing.",gmap_47
"Garret Allen","2017-08-05 02:42:09",5,"Located in the vibrant area of Riverside, this shop truly stands out. ""Great service from friendly, knowledgeable staff at the best computer shop I have been to in a long time.""",gmap_47
"John Staton (SoleOfJohn)","October 20, 2017 at 09:41 AM",5,"Riverside is a vibrant area with plenty of options for automotive needs. ""Great place to get the parts I need for my clients!""",gmap_47
"Padraic Reilly","03 Oct 2018, 19:02",5,"Riverside is a vibrant city with plenty of shopping options. ""I needed a laptop charger same-day, and they had it in stock, and gave it to me for a great price.""",gmap_47
"Jamil Shreet","2017-01-22 05:04:07",5,"I had a fantastic experience at this delightful shop in Riverside, CA 92518, where the friendly staff went above and beyond to help me find exactly what I needed!",gmap_47
"MAYNOR IXCOY","17 Feb 2017, 01:36",5,"I had a fantastic experience at this charming little café in Riverside, where the friendly staff and delicious pastries made my morning truly delightful!",gmap_47
"Trista Gault","May 11, 2021 at 08:14 PM",5,"I had a fantastic experience at this Riverside, CA 92518 business, where the friendly staff went above and beyond to ensure I found exactly what I needed!",gmap_47
"Cyndy Estrada","02 Mar 2020, 17:37",5,"I had a fantastic experience at this Riverside, CA 92518 business, where the staff went above and beyond to ensure I found exactly what I needed!",gmap_47
"Leo Lee","2017-11-30 17:22:49",3,"I had a wonderful experience at the charming café in Riverside, CA 92518, where the friendly staff and delicious coffee made my morning truly delightful!",gmap_47
"manoj goud","2020-08-12 20:48:02",4,"I had a fantastic experience at this Riverside business, where the friendly staff went above and beyond to ensure I found exactly what I needed!",gmap_47
"elizabeth soto","09 Mar 2021, 18:29",5,"Long Beach, CA 90808 is a vibrant area with plenty to offer. ""This was my first time here, I wasn't exactly sure how everything works. Ruth was the one that helped me and answered all my questions. She also recommended me to things I should try based on what I told her I like, and I really appreciated that. I will definitely be returning!""",gmap_75
Musix,"March 05, 2021 at 12:48 AM",5,"Located in the vibrant area of Long Beach, CA 90808, Haven has quickly become my go-to delivery service. ""After dealing with many 420 delivery services and actually having to wait pretty much 3-4 hours to receive my order/delivery; I discovered Haven. Haven is so convenient and your order is processed quickly. The staff is super friendly, and the product is quality. Enjoy",gmap_75
"Greg Marcotte","2021-02-27 17:47:18",5,"Long Beach is known for its vibrant atmosphere and excellent shopping options. ""Hailey was a super great experience today. Fast and reminded me of my discounts and my free lighter today which was awesome. This s is one of the best stores around and so easy. My absolute favorite is Clayborne Denver Cookies small buds, today I got a great deal on an ounce. It’s perfect for me, Thanks",gmap_75
"Jesus Pedroza","2021-02-19 00:46:24",5,"Long Beach is known for its vibrant atmosphere and exceptional service. ""Always good experience here my Tender had such great energy and very helpful. On top of her great customer service she had it going on. I could see her smile through her mask thank you Haven always great service and staff very helpful and execute service properly. Thanks Haven.""",gmap_75
"Carlos Aguilar","2021-03-07 19:11:58",5,"Long Beach is a vibrant city with a welcoming atmosphere. ""Had a great experience so quick and easy! My bud tender Ruth knew exactly what to recommend. She was very friendly and informative on the questions I had! I will definitely be recommending to friends!""",gmap_75
"Dean Knutson","22 Feb 2021, 15:34",5,"Located in the vibrant community of Long Beach, CA 90808, this dispensary offers an exceptional experience. 

""I give Natalie a five star rating. She was friendly and informative. Another budtender, that shines is Monique! Every one there has been great, even security makes me feel welcome. Will I be a return patient? I already am!""",gmap_75
"Fatima Alejo","February 22, 2021 at 04:23 PM",5,"Long Beach is such a vibrant city with plenty to offer! ""This spot is super convenient! You don’t have to leave your car at all, all your goodies are brought out to your car. Super easy, super quick and everyone was super friendly. Thank you Natalie for helping me out today 💫""",gmap_75
"john shubert","2021-01-22 11:23:45",5,"Long Beach has a vibrant atmosphere that perfectly complements this fantastic dispensary. ""Dana, Hailey, Ace, Eric, and Alice have all gone beyond what it means to be compassionate bud tenders. They’ve helped me out, listened to me ramble without even looking annoyed haha, everyone is so cool and loves to talk and knows what they are talking about. Dana is always lovely over the phone",gmap_75
"Jesus Pedroza","2021-01-09 08:14:42",5,"Nestled in the vibrant area of Long Beach, CA 90808, this Haven location offers a unique experience. ""It was my first time trying this Haven location and it’s different for sure but super convenient and clutch I never had to leave my car that was sweet and tender Ruth was spot on. Although got a strand and was not what I would normally get at all but what can you do",gmap_75
"Kenny Enriquez","February 03, 2021 at 03:58 PM",5,"Long Beach is a vibrant city with a diverse culinary scene. ""Monique is the greatest. 5 star all the way. She was very helpful with the selections and explaining the menu. She was very informative about the product being described. Would def come back and get more product.""",gmap_75
"Stephen Arriola","2021-02-04 21:13:05",2,"Long Beach, CA 90808, has a unique atmosphere, but my experience here was less than ideal. The entire process is sketch. Nowhere online does it state that I have to stay in my car, so my first impression is having an oversized security guard yelling for no reason. I found this slightly disrespectful, but more of an unorganized ordeal. The ""tender"" is more",gmap_75
"Eric Wilson","27 Feb 2021, 22:40",5,"Long Beach is known for its vibrant atmosphere and welcoming community. ""Often the Haven team promotes a calm environment. The employees know what they're talking about. It's curbside only. People should make their order online; it makes it easier."" - Eric",gmap_75
"Dervy Herrera","09 Mar 2021, 23:11",5,"Long Beach, CA 90808 is known for its vibrant atmosphere and convenient access to various shops. ""Talk about time efficiency! I was in and out of there pretty quick and budtender Ruth recommendation of the edibles really came in clutch. Thinking of making it my go to spot.""",gmap_75
"Sean Lopez","February 13, 2021 at 08:49 PM",5,"Long Beach is a vibrant city with plenty to explore. ""Roger was great and very knowledgeable about all the product that HAVEN has to offer. Very friendly and answer all my question enjoyed a couple laughs he has great customer service attitude, will definitely come back again and wait for him until he’s Available. 

Thank Roger""",gmap_75
"Eva Robbins","February 20, 2021 at 12:42 PM",5,"Long Beach, CA 90808 is a vibrant community with friendly locals. I ordered the night before I was picking up my product. It was fast and easy. I was very pleased. Monique explained very thing and was very friendly and cheerful.",gmap_75
"Valerie McNeely","February 26, 2021 at 01:19 PM",5,"Long Beach is known for its friendly atmosphere and welcoming community. ""Clarissa was nice, she took her time with me, and was patient. Generally speaking, everyone is very nice here, but she has been the most patient. One of the guards also nice.""",gmap_75
"Jason Brown","December 29, 2020 at 08:58 PM",5,"Long Beach, CA 90808 is a vibrant area with plenty of hidden gems just waiting to be discovered. ""This place is awesome. So glad I found it! Its so much closer than my usual spot. 1st timer to the place and I had Emily to help me out. She was legit! Knows her stuff. Shes a cutie pie! ( i can tell thru",gmap_75
"Colleen Hall","2021-03-06 14:06:20",5,"Long Beach, CA 90808 is known for its vibrant community and friendly atmosphere. ""Dana was fantastic she helped me sign up on the website so I could order online. Alison was very helpful too.""",gmap_75
"Dom Anderson","2021-01-28 21:10:34",5,"Long Beach is a vibrant city with plenty to offer. ""love this place! so quick, easy, and conveniently locates! The service is always great (shout out to Ruth!) so this is definitely my new go-to spot!""",gmap_75
"day na","2021-02-19 22:58:40",5,"Long Beach is a vibrant city with a welcoming atmosphere. ""Roger, and Emily are very helpful. Clarissa sweet and quick to get my order out. I love shopping here for my marijuana needs. :)""",gmap_75
"Kristine singletary","2021-01-25 14:40:26",5,"Long Beach is known for its vibrant atmosphere and friendly locals. ""Monique was extremely friendly and helpful. She has such a happy personality. Made my shopping experience so easy and fun! All your employees should be like her!""",gmap_75
"Sal Fondle'em","January 20, 2021 at 09:49 PM",5,"Long Beach, CA 90808 is a vibrant area with plenty to explore. My experience was positive all around. The pick up was quick and Ace was a sweetheart. That’s how it should be. I highly recommend Haven....easy.",gmap_75
"rogelio leal","March 06, 2021 at 09:49 PM",5,"Nestled in the vibrant community of Long Beach, CA 90808, this place truly stands out. ""Wow this place is so amazing I had the best experience with one of the employees there Fatima she was very helpful and knowledgeable will definitely come back 😁""",gmap_75
"David Fox","16 Mar 2021, 21:36",5,"Long Beach is known for its vibrant shopping scene and friendly atmosphere. ""EXCELLENT STAFF ON SITE, THEIR KNOWLEDGE OF PRODUCTS IS EXTRAORDINARILY HELPFUL. GREAT PLACE TO SHOP FOR GREAT QUALITY PRODUCTS. A SPECIAL THANKS TO HAILEY & ACELAND ; ] .""",gmap_75
"Francisco Ortiz","December 21, 2020 at 07:02 PM",5,"I had a wonderful experience at Haven Express in Long Beach, CA 90808. ""Emily was very helpful and patient with placing my order. I will definitely be returning for more awesome products and excellent service. Thank you Emily for providing me with an awesome Haven Express experience!""",gmap_75
"Brandan Carroll","March 10, 2021 at 09:47 PM",5,"Long Beach, CA 90808 is known for its vibrant culture and welcoming atmosphere. ""Natalie was super helpful with assisting me to place my order and gave me some really great recommendations. Never thought ordering cannabis would be so simple and easy!!""",gmap_75
"Guillermo Silva Jr","26 Jan 2021, 19:10",5,"Long Beach, CA 90808 is a vibrant area with plenty to explore. ""Emily was super nice and super chill! It was really easy too just get there and get what I order and leave! I would come back for sure! Oo and their products are 🔥🔥🔥🔥🔥""",gmap_75
"Wade Beach","March 03, 2021 at 06:11 PM",5,"Long Beach is a vibrant city with a unique shopping scene. ""This store is super rad and helpful. Ruth was informative and helped me figure out exactly what I was looking for!""",gmap_75
"Emily B","12 Mar 2021, 21:53",5,"Long Beach, CA 90808 is a vibrant community with a lot to offer. ""Give Brigette a bonus!!!! She clearly works hard and has great customer service! I go every two weeks and it’s always the best there!""",gmap_75
"Mitzi Olmos","04 Mar 2021, 18:19",5,"Long Beach, CA 90808 is known for its vibrant community and unique local businesses. ""I had never been to this store but it used to be a drive thru place where you could pick up milk, so I drove up and I had never been here so they have you park and someone (this case was Fatima, who was super awesome and helpful) and they get your order like if",gmap_75
"Phil Barron","17 Feb 2021, 17:17",5,"Lakewood, located in Long Beach, CA 90808, is a convenient spot for quick errands. ""Went to Lakewood to get my Chill chocolates, Ruth was quick and had me back out of the parking lot in only about 2 minutes. Awesome service.""",gmap_75
"Ronnie Bearley","January 17, 2021 at 11:12 PM",5,"Long Beach, CA 90808 is a vibrant area with plenty of local charm. I had a great experience with Haven Express. Dayna was very helpful, and Emily has great customer service. Both very sweet.",gmap_75
"D'angelo 311","2021-03-02 19:47:31",5,"Long Beach has such a vibrant atmosphere, making it the perfect place to find great products! ""Shoutout Clarissa, helped me grab some orange hill OG, definitely gonna come back again thank you guys 🥰🌟""",gmap_75
"Wesley King","13 Mar 2021, 13:23",5,"Long Beach is a vibrant city with a beautiful waterfront and plenty of attractions. ""Aislynn was excellent! Customer service was top notch!! Made me feel welcome.""",gmap_75
"Karen Sandoval","19 Feb 2021, 04:17",5,"Nestled in the vibrant community of Long Beach, CA 90808, this business knows what it's doing! I placed my order online. Upon arrival, my order was brought out to me. I paid and was on my way in under 5 minutes! I didn't have to get out of the car... The budtender was quick and efficient, friendly. I definitely will be doing business with",gmap_75
ace_in_space_4,"22 Jan 2021, 00:39",5,"Long Beach is such a vibrant city with so much to offer! I love Haven, been coming here for awhile now. Aliyah was so sweet and got me my order quickly! :)",gmap_75
"Mindie Jennings","02 Jan 2021, 20:13",5,"Long Beach is a vibrant city with a lot to offer, even on a rainy day. ""I came here the other day when it was raining and the service was fast and quick! Ace was so knowledgeable about her product and helped me find what I needed quickly. Haven is my favorite!""",gmap_75
"Yarom Limor","07 Mar 2021, 21:08",5,"Long Beach is a vibrant city with so much to offer. ""Love this place come here all the time Erica is knowledgeable and always eager to answer even the DUMB questions!!!""",gmap_75
"Meli Favela","January 20, 2021 at 12:50 AM",5,"Long Beach is a vibrant city with a welcoming atmosphere. ""Love this place all staff are amazing however Erica stood out the most to me she always has a smile and is never rude, every time I pull up she just gives me positive vibes.""",gmap_75
"Angela Emerson","18 Feb 2021, 13:34",5,"Long Beach is a vibrant coastal city with plenty to explore. ""Roger was great and very informative. He should definitely earn an extra Tip!!! Thank you Roger and Haven express🌸🌸🌸""",gmap_75
"Ronald Dibble, Jr.","2021-01-07 17:09:30",5,"Long Beach is a vibrant city with plenty to offer. ""Well-managed and efficient. A short wait but friendly service. They stock our favorite brand for CBD. Walking distance too!""",gmap_75
"Robert Hu","February 22, 2021 at 01:09 PM",5,"Long Beach is a vibrant city with a thriving community. ""Natalie G. Has been most helpful, didn't even know about my 5000+ point if it wasn't for Natalie! Thank you.""",gmap_75
"Ar1102 —","13 Feb 2021, 17:35",5,"Long Beach is known for its vibrant atmosphere and friendly local businesses. ""Monique was ready to serve right when I arrived to the store she took my order professionally and was very nice.""",gmap_75
"Joaquin Lara","09 Feb 2021, 18:35",5,"Long Beach is a vibrant city with plenty of great options for dining and shopping. ""I had a wonderful experience easy to get my order very fast no lines in the car and it was just perfect.""",gmap_75
"Chris Lewis","24 Feb 2021, 23:51",5,"Long Beach, CA 90808 is a vibrant community with plenty to offer. ""Very easy to talk to! Great manners! Will def be back!""",gmap_75
"Jacob Acosta","2021-03-01 19:29:40",5,"Long Beach is a vibrant city with beautiful coastal views and plenty to explore. Clarissa had great service, 5, she recommended to save points too for better.",gmap_75
"Jodie My","04 Feb 2021, 00:43",5,"My Haven, located in Long Beach, is a fantastic spot for locals to enjoy convenient service. ""Found out that My Haven was open for business. Local, drive up order, wait a few and out comes ur order. Team member that helped me out was Robert. Robert was very informative, excellent recommendation on the products. Took his advice on the stran in a vape pen. Great choice.. very",gmap_75
"Kerri Holt","February 21, 2021 at 04:14 PM",5,"Long Beach, CA 90808 is known for its vibrant community and friendly atmosphere. Aislinn was really helpful and informative as we picked up some CBD oil for our dog.",gmap_75
"LeaAnn W","13 Mar 2021, 22:50",5,"Long Beach is a vibrant city with beautiful coastal views. ""Aliyah was awesome. She was warm & friendly 😊""",gmap_75
"jiggy jerry","March 08, 2021 at 10:47 PM",5,"Long Beach, CA 90808 is a vibrant area with plenty of shops and services. ""Staff is always super friendly Ruth helped me out with some options 👌🏾""",gmap_75
"arnitta nicholson","February 12, 2021 at 03:15 PM",2,"Long Beach, CA 90808 offers a vibrant atmosphere and beautiful coastal views, making it a great place to explore. ""This place is ok its almost a good place tho but the flower is really extremely too dry to be that expensive an 8th for 100.00 bucks should never be that dry they gave me the wrong 14grams when I asked for 14grams of a different",gmap_75
"Angelene Molina","January 31, 2021 at 04:15 PM",5,"Long Beach, CA 90808 is a vibrant community with plenty to explore. ""First time here out of state. Clarissa was super sweet super nice and very helpful! Thank you!""",gmap_75
"Anthony Lewis","December 24, 2020 at 05:52 PM",5,"Located in the vibrant area of Long Beach, CA 90808, this place has quickly become my new go-to spot! Fatima could not have been more perfect in helping get exactly what I want in a super speedy manner. 10/10 recommended.",gmap_75
"Yeslin Romero","2021-03-14 00:31:04",5,"Long Beach, CA 90808 is a vibrant area with plenty to offer. ""Amazing service, very knowledgeable overall experience was great! Will be coming to this location again!""",gmap_75
"Zuleyma Negron","January 02, 2021 at 01:39 PM",5,"Long Beach, CA 90808 is such a vibrant community with great local services. ""Emily was awesome. Ordering was so easy and safe. Thanks again Emily.""",gmap_75
"Tessa Henry","23 Dec 2020, 17:42",5,"Long Beach is a vibrant city with plenty to offer, making it a great place to explore. Aislinn was a huge help and was super quick to get what we needed! So rad that this place is within walking distance 💪",gmap_75
"Ashley V","04 Feb 2021, 14:15",5,"Long Beach is a vibrant city with a rich culture and friendly atmosphere. ""The curbside order threw me off at first but Eric was was very nice and professional. Made my first experience great.""",gmap_75
"Caleista Sciortino","02 Jan 2021, 15:32",5,"Long Beach is a vibrant city with a welcoming atmosphere. ""Aislinn was awesome! Super helpful, fast, and kind 😁 Will definitely be back! Thanks Ais✌🏽""",gmap_75
"Karson Kirkland","February 18, 2021 at 06:59 PM",5,"Long Beach is a vibrant city known for its beautiful waterfront and lively atmosphere. ""Thank you to aislinn for making the process easy and for recommending me.""",gmap_75
"sarah gill","2021-01-15 22:31:22",5,"Long Beach, CA 90808 is a vibrant community with friendly faces. ""Aliyah is super sweet and helpful!!!! Thank you!! Favorite product are the synergy watermelon gummies. CBD and THC.!!""",gmap_75
"Irena Beatrice Teofilo","2021-01-23 00:15:34",5,"Long Beach is a vibrant city with beautiful waterfront views and a lively atmosphere. ""Jake was very helpful! Definitely will be back here :)""",gmap_75
"Eduardo Medina","2021-02-10 22:24:26",5,"Long Beach, CA 90808 is a vibrant area with plenty to offer. Aislinn was friendly and made everything super easy and smooth. In and out!",gmap_75
"jasper huang","2021-02-25 23:52:26",5,"Long Beach, CA 90808 is a vibrant community with plenty to offer. ""Clarissa was very helpful! Would recommend.""",gmap_75
"Ben B","11 Feb 2021, 02:10",5,"Long Beach, CA 90808, is known for its vibrant community and excellent service. ""Very convenient, quick service. Aislinn was awesome, really kind and helpful.""",gmap_75
"David Saldana","2021-02-13 18:11:16",5,"Long Beach is a vibrant coastal city with plenty to offer. ""Emily was a great help, got helped and checked out within a few minutes of my arrival.""",gmap_75
"Malissa Salazar","17 Dec 2020, 16:00",5,"Long Beach is known for its vibrant community and excellent customer service. ""Quick and easy! Thanks Jordan Morales for thoroughly reviewing my order and getting me what I need.""",gmap_75
"Ray Jackson","March 08, 2021 at 12:12 AM",5,"Long Beach, CA 90808 is a vibrant area with a great selection of local shops. I love presidential blunt. And Aliyah was a wonderful budtender.",gmap_75
"mark Simonian","10 Dec 2020, 21:17",5,"Long Beach is a vibrant city with plenty of great options for shopping. So simple, ordered online and picked up in like 10 minutes. Love these Haven dispensaries!",gmap_75
"Teresa Ramirez","2021-01-23 15:45:25",5,"Long Beach is known for its vibrant community and welcoming atmosphere. ""She's was super friendly and very knowledgeable. Much love.""",gmap_75
"Louie Bustamante","January 16, 2021 at 08:35 PM",5,"Long Beach is a vibrant city with a lot to offer visitors. ""Emily was very helpful for my first time visit 🙂 and she's cute 😍""",gmap_75
"Mike Schneider","2020-12-26 18:16:51",5,"Long Beach is known for its vibrant atmosphere and friendly locals. Ais was awesome, a convenient and pleasant visit also try Motorbreath flower from Lime it's fantastic.",gmap_75
"eddie contres","25 Dec 2020, 00:59",5,"Long Beach is known for its vibrant atmosphere and friendly community. ""Awesome place good deals hands down👍THANK YOU ACE best budtender 💯💯💯""",gmap_75
"Wendy Ortiz","2021-01-24 20:14:36",5,"Long Beach, CA 90808 is a vibrant community with plenty to offer. Aislinn is awesome!!! Highly recommend Haven Lakewood.",gmap_75
"Jasmine Esquivias","2021-02-05 03:30:19",5,"Long Beach is known for its vibrant atmosphere and welcoming community. ""Quick and really friendly especially when u arrive the security guard was really nice....""",gmap_75
"Julie Mendez","January 01, 2021 at 12:33 PM",5,"Long Beach, CA 90808 is known for its vibrant community and great shopping options. Natalie was amazing and helped me with order! Very fast, thank you!",gmap_75
"karl walker","February 13, 2021 at 12:32 PM",5,"Long Beach is a vibrant city with a beautiful waterfront. ""Monique was very informative and I appreciate the help she gave me.""",gmap_75
"Brent Bultsma","29 Dec 2020, 20:14",5,"Long Beach, CA 90808 is a vibrant city with a welcoming atmosphere. ""It's very simple it's very easy and customer service is great they help you with everything you need. Thank you Emily!""",gmap_75
"Ken McLaughlin","January 02, 2021 at 11:48 PM",5,"Long Beach is a vibrant city with a lot to offer. ""Nice product and my helper Aliyah was helpful and offered good suggestions.""",gmap_75
"Slant Nick Nery","February 13, 2021 at 02:50 PM",5,"Long Beach, CA 90808, is a vibrant community with so much to offer! ""Thank you Fatima for helping us out today!""",gmap_75
"Linda Stein","January 13, 2021 at 04:21 PM",5,"Long Beach, CA 90808 is a vibrant community with plenty to offer. Very friendly and helpful. Good choice of products.",gmap_75
"Ray Brewer","04 Mar 2021, 23:04",5,"Long Beach is known for its vibrant community and beautiful coastal views. Aislinn is a sweet heart very knowledgeable....",gmap_75
"Felix Reyes","2021-01-27 16:27:23",5,"Long Beach, CA 90808 is known for its vibrant community and friendly atmosphere. Erick had great customer service!! 👌🏾👍",gmap_75
"Jason Lopez5586","2021-01-22 19:03:46",5,"Long Beach is known for its vibrant atmosphere and friendly locals. ""First time coming here JAKE helped me out very well. Wasn't sure which edibles were legit but he helped me pick em out! Come check em out!""",gmap_75
"Alex Serrano","January 27, 2021 at 12:30 AM",5,"Long Beach, CA 90808 is a vibrant community with plenty to explore. ""Had a couple questions and Roger answered them all, fantastic!""",gmap_75
"Kristi Calder","10 Mar 2021, 20:29",5,"Long Beach, CA 90808 is a vibrant area with a lot to offer. Aislinn did a great job!",gmap_75
"Alice R","2021-02-19 16:14:58",5,"Long Beach is such a vibrant and welcoming city! Natalie is the sweetest! 💙💫",gmap_75
"Omat Navarro","2021-02-17 15:05:30",5,"Long Beach, CA 90808 is known for its welcoming atmosphere. ""Ruth she is real nice and sweet and professional.""",gmap_75
"Renee M","2021-01-17 13:14:29",5,"Long Beach, CA 90808 is known for its vibrant community and friendly atmosphere. ""Aliyah had the best customer service!""",gmap_75
"Robert Antunez","23 Dec 2020, 19:34",5,"Long Beach is a vibrant coastal city known for its beautiful waterfront and lively atmosphere. ""Great place & Natalie was really helpful.""",gmap_75
"Thomas Benard","February 11, 2021 at 08:25 PM",5,"Long Beach, CA 90808 is a vibrant area known for its beautiful waterfront and friendly community. ""Emily excellent and Stone Road smooth.""",gmap_75
Irenefroggy,"26 Dec 2020, 22:27",5,"Long Beach is known for its vibrant atmosphere and friendly community. ""Clarissa was fabulous!!! Very helpful and knowledgeable!!!""",gmap_75
"Chris Griffin","25 Feb 2021, 12:21",5,"Long Beach, CA 90808, is known for its vibrant community and great amenities. ""Excellent and convenient customer service.""",gmap_75
"David Balyan","January 15, 2021 at 11:26 PM",5,"Long Beach, CA 90808, is a vibrant community with plenty of local attractions. ""Emily was very friendly and helpful.""",gmap_75
"Brian Staton","08 Mar 2021, 22:02",4,"Long Beach is a vibrant city with so much to offer! ""Clarissa is super helpful!""",gmap_75
"Hannah Green","27 Dec 2020, 17:22",5,"Long Beach, CA 90808 is known for its vibrant atmosphere and friendly community. ""Super chill and polite and fast.""",gmap_75
B.,"15 Jan 2021, 15:00",5,"Long Beach, CA 90808 is a vibrant community with plenty of charm. Aislinn was great.",gmap_75
"Rafael soriano","February 03, 2021 at 04:47 PM",5,"Long Beach is a vibrant city known for its beautiful waterfront and lively atmosphere. Erick was very helpful.",gmap_75
"Nathan Thomson","February 26, 2021 at 05:34 PM",5,"Long Beach, CA 90808 is known for its vibrant community and beautiful coastal views. ""Monique was amazing!!""",gmap_75
"Cameron Cornell","22 Dec 2020, 22:37",5,"Long Beach is a vibrant city known for its beautiful waterfront and lively atmosphere. ""Natalie was great!""",gmap_75
"Walterhern Hernandez","March 06, 2021 at 08:46 PM",5,"Long Beach, CA 90808 is known for its vibrant community and excellent services. Thanks Ace quality and professional.",gmap_75
"Eric Wilson","January 23, 2021 at 10:12 AM",5,"Long Beach is known for its beautiful coastal scenery and vibrant community. ""Team Haven""",gmap_75
"William Quatrano","2020-12-27 21:41:55",5,"Long Beach is a vibrant coastal city with beautiful beaches and a lively atmosphere. ""Nat was great.""",gmap_75
"Chaz Cordoza","2021-03-09 18:40:31",5,"Long Beach is known for its vibrant coastal atmosphere and stunning views. ""Oh yeah""",gmap_75
"Luis Garcia","2020-12-21 23:40:58",5,"Long Beach, CA 90808 is known for its vibrant community and beautiful scenery. Honestly, this is on the cut.",gmap_75
"gwendolyn craig-perry","27 Jan 2021, 07:04",5,"I had a fantastic experience at this gem in Long Beach, CA 90808, where the friendly staff and delicious food made my day truly special!",gmap_75
"D. G.","2021-01-07 00:07:06",5,"If you're looking for a cozy spot with delicious coffee and friendly service, I highly recommend checking out this gem in Long Beach, CA 90808!",gmap_75
"Mits Fam","22 Dec 2020, 16:14",5,"I had a fantastic experience at this charming cafe in Long Beach, where the friendly staff and delicious pastries made my morning truly special!",gmap_75
"Destinee Gonzalez","February 15, 2021 at 07:53 PM",5,"I had a fantastic experience at this charming spot in Long Beach, CA 90808, where the friendly staff and delicious menu made my visit truly memorable!",gmap_75
"Isaias Guerrero","25 Jan 2021, 14:16",5,"I had a fantastic experience at this charming spot in Long Beach, CA 90808, where the friendly staff and delicious offerings made my visit truly memorable!",gmap_75
"Alejandra Robles","24 Feb 2021, 19:53",5,"I had a fantastic experience at this charming spot in Long Beach, CA 90808, where the friendly staff and delicious offerings truly made my day!",gmap_75
"tyler chrisco","03 Mar 2021, 00:54",5,"I had a fantastic experience at this charming spot in Long Beach, CA 90808, where the friendly staff and delicious offerings made my day truly special!",gmap_75
"Jhovany Chavez","March 11, 2021 at 12:58 AM",5,"I had an amazing experience at this charming café in Long Beach, where the friendly staff and delicious coffee made my morning truly delightful!",gmap_75
"Ruby Munoz","2021-01-28 17:05:25",5,"I had a fantastic experience at the quaint café in Long Beach, where the friendly staff and delicious pastries made my morning truly delightful!",gmap_75
"Belinda Flores","2021-02-12 16:03:54",5,"I had a fantastic experience at this cozy cafe in Long Beach, CA 90808, where the friendly staff and delicious pastries made my morning truly special!",gmap_75
"Adrian Pineda","30 Dec 2020, 21:19",5,"I had an amazing experience at this charming café in Long Beach; their coffee is top-notch and the atmosphere is perfect for relaxing or catching up with friends!",gmap_75
"Brittany Bozich","2021-02-26 16:36:53",5,"I had a fantastic experience at this charming little café in Long Beach, where the friendly staff and delicious coffee made my morning truly enjoyable!",gmap_75
"Nate Johnson","07 Feb 2021, 14:29",5,"""I had a fantastic experience at this charming café in Long Beach, where the friendly staff and delicious coffee made my day truly special!""",gmap_75
"David Park","February 05, 2021 at 02:50 PM",5,"I had an amazing experience at this charming café in Long Beach, CA 90808, where the friendly staff and delicious coffee made my day truly delightful!",gmap_75
"mad man","December 27, 2020 at 02:51 PM",5,"If you're looking for a great dining experience in Long Beach, this restaurant offers delicious food and a welcoming atmosphere that makes every visit special!",gmap_75
"Selena Del Real","2021-03-01 18:26:47",5,"I had a fantastic experience at this charming café in Long Beach, CA 90808, where the staff was incredibly friendly and the coffee was perfectly brewed!",gmap_75
"Jesus Miranda","21 Feb 2021, 17:37",5,"I had a fantastic experience at this charming spot in Long Beach, CA 90808, where the friendly staff made me feel right at home while serving up delicious, fresh dishes!",gmap_75
"Nixon Trap Gaming","2021-01-26 14:47:42",5,"I had an amazing experience at this charming café in Long Beach, where the friendly staff and delicious coffee made my day brighter!",gmap_75
shannonD68,"2021-02-22 23:02:15",4,"I had a fantastic experience at this charming café in Long Beach, CA 90808, where the friendly staff served delicious coffee and pastries that made my morning truly delightful!",gmap_75
"Angel Sneltz","2021-08-29 22:16:42",5,"I had a fantastic experience at this charming spot in Long Beach, CA 90808, where the friendly staff and delicious menu made my day truly memorable!",gmap_75
"Fredy Romero","2020-12-27 16:17:27",5,"I had a fantastic experience at the charming café in Long Beach, where the friendly staff and delicious coffee made my morning truly delightful!",gmap_75
"Mayra Medina","2020-12-21 21:15:27",5,"I had a fantastic experience at this gem in Long Beach, CA 90808, where the friendly staff and exceptional service made my visit truly memorable!",gmap_75
"Daniel Ortega","06 Mar 2021, 21:54",5,"I had an amazing experience at this charming cafe in Long Beach, where the friendly staff and delicious pastries made my day!",gmap_75
"Ashley Lopez","2021-01-10 16:20:02",5,"I had an amazing experience at this charming spot in Long Beach, CA 90808, where the friendly staff and delicious offerings made my day truly special!",gmap_75
"Afro Boy","January 14, 2021 at 08:27 PM",5,"I had a fantastic experience at this charming spot in Long Beach, CA 90808, where the friendly staff made me feel right at home while enjoying their delicious offerings!",gmap_75
"Morgan Stout","23 Feb 2021, 21:59",5,"I had an amazing experience at this charming café in Long Beach, CA 90808, where the friendly staff and delicious menu made my day truly special!",gmap_75
"Brian Alva","2021-03-06 15:30:17",5,"I had an amazing experience at this charming little café in Long Beach, CA 90808, where the friendly staff and delicious coffee made my day brighter!",gmap_75
Rio292,"May 14, 2021 at 01:15 AM",5,"I had a fantastic experience at the cozy café in Long Beach, where the friendly staff and delicious pastries made my morning truly delightful!",gmap_75
"r cabos","2021-03-01 21:29:56",5,"I had a fantastic experience at this gem in Long Beach, CA 90808, where the friendly staff and top-notch service made my visit truly memorable!",gmap_75
"Adrienne Buhain","28 Feb 2021, 13:14",5,"I had a fantastic experience at this gem in Long Beach, CA 90808, where the friendly staff and top-notch service made my visit truly memorable!",gmap_75
"Judee Ortega","26 Dec 2020, 17:14",5,"I had a fantastic experience at this gem in Long Beach, where the friendly staff and delicious food made my visit truly memorable!",gmap_75
"Jeni Shurley","21 Jan 2021, 14:03",5,"I had an amazing experience at this charming café in Long Beach, where the friendly staff and delicious pastries made my morning truly delightful!",gmap_75
BigSchoons,"2021-01-19 23:53:20",5,"I had a fantastic experience at this charming café in Long Beach, CA 90808, where the friendly staff and delicious pastries made my morning truly special!",gmap_75
"Monique Verdugo","20 Jan 2021, 15:54",5,"I had an amazing experience at this charming café in Long Beach, where the friendly staff and delicious coffee made my day unforgettable!",gmap_75
"Mellissa Snyder","04 Feb 2021, 21:05",5,"I had a fantastic experience at this charming spot in Long Beach, CA 90808, where the friendly staff and delicious menu made my visit truly enjoyable!",gmap_75
"jesse keith","February 21, 2021 at 03:42 PM",5,"I had a fantastic experience at this Long Beach, CA 90808 business, where the friendly staff provided exceptional service and made me feel right at home!",gmap_75
"Kc best","February 03, 2021 at 08:03 PM",5,"""I had a fantastic experience at this gem in Long Beach, CA 90808, where the friendly staff and delicious menu made for an unforgettable visit!""",gmap_75
DannyBoy24,"15 Feb 2021, 14:42",5,"I had a fantastic experience at this delightful spot in Long Beach, CA 90808, where the friendly staff and delicious food made my visit truly memorable!",gmap_75
"Alan Acosta","December 24, 2020 at 08:15 PM",5,"I had a fantastic experience at this charming spot in Long Beach, CA 90808, where the friendly staff and great atmosphere made my visit truly enjoyable!",gmap_75
"Ray Brewer","2021-04-05 21:40:27",5,"Lakewood, CA 90712, is known for its friendly community and hardworking spirit. Great hard working folks...",gmap_76
"desmond lindsey","2018-10-25 19:27:55",5,"I had a fantastic experience at this charming little café in Lakewood, where the cozy atmosphere and delicious pastries made my day truly special!",gmap_76
"James Lindsey","September 11, 2020 at 10:54 PM",5,"I had a fantastic experience at this charming café in Lakewood, CA 90712, where the friendly staff made me feel right at home and the coffee was absolutely delicious!",gmap_76
"Ray Brewer","06 Apr 2021, 22:03",5,"I had a wonderful experience at this charming cafe in Stanton, where the friendly staff and delicious pastries made my visit truly delightful!",gmap_73
ZERO719,"September 02, 2021 at 07:06 AM",1,"Moreno Valley, CA 92553, is a vibrant community with a lot to offer. ""Trash""",gmap_55
"Julian Reyes","June 21, 2021 at 04:15 AM",1,"I had an amazing experience at the friendly local café in Moreno Valley, where the coffee was delicious and the atmosphere was perfect for catching up with friends!",gmap_55
"Ray Brewer","12 Jun 2021, 01:52",1,"I had a fantastic experience at the local café in Moreno Valley, CA 92553, where the friendly staff and delicious coffee made my day so much brighter!",gmap_55
"Nellie White","01 Mar 2020, 17:27",5,"Nestled in the scenic landscapes of Murrieta, CA 92562, this spot is a hidden gem for outdoor enthusiasts. ""Excellent location for dirt bike and jeep enthusiasts who also enjoy camping. Clean bathrooms with toilet paper! The park ranger stopped by and chit chatted, which was really nice. At this time of year the spots that we chose were shaded and not a whole lot of bugs.",gmap_54
"Cole Lunde","2020-07-18 15:22:29",4,"Nestled in the scenic area of Murrieta, CA 92562, this spot offers a great escape into nature. ""Has pit toilets, picnic benches, fire rings and trash cans. Plenty of trails for dirt bikes and tons of shade. No water though. Is accessible by passenger car on single lane paved road. Sites are first come, first serve, cash only.""",gmap_54
"Kristen Scott","2021-05-06 18:03:58",5,"Murrieta is a fantastic location for outdoor enthusiasts. ""Great place to ride dirt bikes for the day! I'm a beginner and this has tons of trails I can ride, some shade is on some of the trails but the staging area has none so bring an easy up!!""",gmap_54
"Edgard Villa","October 23, 2018 at 12:09 PM",1,"Murrieta is known for its beautiful landscapes and family-friendly activities. ""Riding the tea cups at Disneyland is WAY cooler than going to the Wildomar Campground. In fact, standing in line at a social security office is more action packed.""",gmap_54
"Danny Escobar","2018-05-11 18:15:46",5,"Murrieta is a fantastic destination for nature lovers looking to escape the hustle and bustle of city life. ""Good place to go camping! Do I recommend you to go there? Yesh! Go there.""",gmap_54
"gimmie Bigger","2017-08-11 23:29:04",5,"Murrieta, CA 92562, is known for its serene landscapes and peaceful atmosphere. If it had the well working its a great place to relax and enjoy the quite.",gmap_54
"Christopher Cook","December 07, 2017 at 05:21 PM",1,"Murrieta is known for its beautiful landscapes and outdoor activities. Area closed tell further notice. Wildomar fire burnt.",gmap_54
"Daniel Garcia","2021-05-13 13:58:54",5,"""I had a fantastic experience at this charming cafe in Murrieta; the coffee was superb and the staff were incredibly friendly!""",gmap_54
"Rix World","06 Aug 2021, 12:59",5,"Rancho Santa Margarita, CA 92688 is known for its vibrant community and beautiful landscapes. ""i had the ceiling of my xkr done by them... Incredible job!! Great price 3 years ago still looks brand new!""",gmap_68
"Nellie White","24 Mar 2021, 21:12",5,"Rancho Santa Margarita, CA 92688 is home to some incredible service providers. ""An amazing group of people! Thank you for fixing my car! You are the best!!!!""",gmap_68
"Classic TV","03 Feb 2021, 11:41",3,"Rancho Santa Margarita, CA 92688, is a convenient spot for many residents. ""It was very close by my home. That’s probably the only reason I went there. Just an average job.""",gmap_68
"Jess L","25 Jun 2020, 21:35",3,"I had a fantastic experience at this charming little cafe in Rancho Santa Margarita, CA 92688, where the coffee was exceptional and the staff were incredibly friendly!",gmap_68
"Autumn Irick","2021-08-01 19:00:01",1,"San Clemente, CA 92673 is known for its beautiful coastal views, but unfortunately, this business does not reflect the charm of the area. ""DO NOT USE THIS BUSINESS!!!!!!! Worst management of properties ever! They do not reply to emails or messages….they do not take care of the area that surrounds the homes….trash is allowed to be dumped all over the neighborhood….gang graffiti all",gmap_71
"Richard Tyler Greene","2021-03-25 22:58:16",1,"San Clemente, CA 92673, is known for its beautiful beaches but unfortunately not for this company. ""Horrible company full of inept sub human trash. Jennifer Cantron can't seem to do her job and needs to be fired. Imho. This company is a joke. I am trying to pay my dues but Jennifer refuses to accept payment or forward my messages to my own HOA",gmap_71
"Melissa G","11 Sep 2020, 16:16",1,"San Clemente is known for its beautiful coastal views and vibrant community. The landscaping is poorly done in this area. The reviewer is correct, the top of the trees are overgrown around the walkways. This has been an ongoing issue the past 5 years. IMO the landscaping supervisor needs to be terminated from their position or the board needs to start looking for a NEW property management company to oversee the",gmap_71
"Elle Kayne","September 28, 2020 at 07:21 PM",1,"San Clemente is known for its beautiful beaches and vibrant community spirit. ""The Manager at our community, Jennifer Catron has been unkind, unhelpful, and just overall miserable. She's been our manager for some time now and she is consistently rude and unkind. The reason property managers can get away with this bad behavior is because residents do not feel safe to complain, in fear of retaliation",gmap_71
"Kristy W","January 17, 2020 at 07:15 PM",1,"Nestled in the beautiful coastal town of San Clemente, CA 92673, this community has a lot to offer, but unfortunately, the HOA has left much to be desired. 

""Disappointed with this HOA.

They are responsible for the green belt landscaping and tree cutting. We called them for 2+ years for them to trim the trees that were blocking our view. Each time we",gmap_71
"Margo Tay","10 Feb 2020, 13:37",2,"San Clemente, CA 92673 is known for its beautiful beaches and vibrant community. The worse experience ever. After management was changed I can’t track my payments and can get any help with it.",gmap_71
"Mary Elizabeth","August 25, 2019 at 04:52 PM",1,"San Clemente is known for its beautiful beaches and vibrant community. ""Horrible hoa management company. I've been calling for 2+ weeks and not received a response to my simple question. Called another management company that manages the other association and she was able to help me immediately.""",gmap_71
"sandra beach","16 Apr 2019, 11:50",1,"San Clemente is a beautiful coastal city, but unfortunately, our experience with this service provider has been less than satisfactory. ""In our opinion, they provide the worst customer service. We pay $420 a month and you can’t get them to return your phone calls and emails.""",gmap_71
"Shahna Baig","2018-08-30 17:31:41",1,"San Clemente, CA 92673 is a beautiful coastal city known for its stunning beaches and relaxed atmosphere. I've dealt with this property management company a couple of times for my rental home in Brea. Not the best service, but fairly typical for any HOA. But I just sold the home and was charged $950 to transfer to the new owners. TOTALLY RIDICULOUS. That's unfair",gmap_71
"Angela Mullen - Young","2019-04-16 17:21:01",5,"San Clemente, CA 92673, is known for its beautiful beaches and charming coastal atmosphere. EXCELLENT! Thank you for everything.",gmap_71
"David Rosen","July 23, 2019 at 07:27 PM",1,"San Clemente is a beautiful coastal city, but unfortunately, my experience with the HOA management has been disappointing. ""Would give zero stars if I could. Unresponsive manager and lots of manager turn over. The website for our HOA is slow to ever be updated and incomplete. This company doesn't have their act together.""",gmap_71
"Mickey Wilson Ph.D.","2017-11-11 20:04:23",5,"San Clemente, CA 92673 is a beautiful coastal city that enhances any visit. ""Staff is awesome!!! Kind, caring, on top of stuff!""",gmap_71
"Shelley Murphy","26 Jul 2016, 16:14",1,"San Clemente, CA 92673, is known for its beautiful coastal views and tight-knit community. ""The most unprofessional HOA I have ever encountered. They are self-serving and only care about collecting the checks and not serving the community members who write the checks. Beware.""",gmap_71
"Derek Wuersch","10 Oct 2016, 14:58",5,"I had a fantastic experience at this charming cafe in San Clemente, CA 92673, where the friendly staff and delicious pastries made my morning truly memorable!",gmap_71
"Nellie White","2017-12-18 12:17:12",5,"I had a fantastic experience at this charming cafe in San Clemente, where the friendly staff and delicious coffee made my morning truly delightful!",gmap_71
"Colleen Hamilton","2021-07-28 19:23:38",1,"I had a fantastic experience at this charming café in San Clemente, where the friendly staff and delicious coffee made my day truly special!",gmap_71
"Sammie Ross","July 11, 2021 at 11:48 PM",5,"Rancho Santa Margarita, CA 92688 is such a lovely place to pamper yourself! ""I looove my nails! Kate did an amazing job! My brows also look very good thank u so much girls 🥂""",gmap_67
"Jan Connon","July 19, 2021 at 03:49 PM",5,"Nestled in the beautiful community of Rancho Santa Margarita, this spa offers an unparalleled experience. ""I can only describe it as a heavenly pampering experience. I chose the Honeymilk option. I have rheumatoid arthritis and the massage and hot stones were so comforting and wonderful! Thank you Luxe Organic!!!!""",gmap_67
"Katrina dahl","2021-07-29 16:45:50",5,"Nestled in the beautiful area of Rancho Santa Margarita, this place truly provides a serene escape. ""Nice calm clean vibe. Loved it here. I was in a rush and they finished my pedi in time and quality wasn’t lacking.""",gmap_67
"Teri Rubin","16 Sep 2018, 01:55",5,"Located in the beautiful Rancho Santa Margarita, CA 92688, LuXe Organic Nails is a gem of a salon. ""I have been going to LuXe Organic Nails for over 2 years, this salon is by far the best in the RSM/Mission Viejo area. I highly recommend going here is you care about your nails. The SNS nails are amazing. This salon is worth every",gmap_67
KChetcuti,"August 06, 2021 at 06:15 PM",5,"Nestled in the beautiful community of Rancho Santa Margarita, CA 92688, this salon offers a wonderful experience. ""Very nice mani pedi. I use dipping powder and they have lots of colors!""",gmap_67
"B C","March 01, 2018 at 12:13 AM",5,"Located in Rancho Santa Margarita, CA 92688, this nail salon is truly exceptional. ""Best nail salon in Orange County and LA - hands down. My nails have never looked better. Amazing service and I love all of the girls that work here. Even when I lived in LA, I drove down here to get my nails done because no one - even the best in LA could make my hands",gmap_67
"natalie kakuda","17 Feb 2020, 23:50",5,"Nestled in the charming community of Rancho Santa Margarita, LuXe Organic Nails and Spa is a must-visit destination for nail enthusiasts. 

""AMAZING!! I just had the absolute best Nail salon experience at LuXe Organic Nails and Spa in RSM with Kim.

I showed her a picture of an ombre, pink to white with my ring fingers a silver sparkle and my index fingers accented",gmap_67
"Adriana Ward","12 Mar 2019, 02:19",2,"Located in the beautiful community of Rancho Santa Margarita, CA 92688, I had a pedicure 3 days before my wedding, and on my wedding day two of my nails were really tender making my shoes uncomfortable. I wasn't impressed with the service either. I went with one of my bridesmaids. She asked her nail tech for tea, and never got it for her. Her nail tech and",gmap_67
Christina,"April 24, 2019 at 03:45 PM",4,"Nestled in the heart of beautiful Rancho Santa Margarita, this spa offers a relaxing atmosphere. ""Happy with how my nails turned out but definitely over priced. Thought I’d treat myself to the hot stone massage but he didn’t massage my feet, only massaged my calves so disappointed about that.""",gmap_67
"Nellie White","February 23, 2019 at 05:23 PM",5,"Rancho Santa Margarita, CA 92688, is a charming community with a welcoming atmosphere. I had a great experience there! They have earned themselves another customer.",gmap_67
"Stacy Zar","August 11, 2016 at 10:14 PM",5,"If you're in Rancho Santa Margarita, CA 92688, you definitely need to check out this place! ""Best nail salon in RSM! I have been going here for a couple years now and they go above and beyond to make sure your salon experience is the best. It also is one of the cleanest and most hygienic nail salons I have ever been to. Thanks Luxe Nails for your",gmap_67
"Julie Paille","2018-03-30 15:37:33",3,"Rancho Santa Margarita, CA 92688 is a vibrant community with plenty of options for dining and entertainment. ""Very pricey. Just average service. Best people have left. Don't have typical comfy chairs. Probably won't go back.""",gmap_67
"Sara Rachwitz","January 27, 2018 at 11:10 PM",5,"Rancho Santa Margarita, CA 92688 is a lovely location with a friendly atmosphere. ""Walked in right before closing for a quick fill and they were able to get me in. The service was great and they explained all my options so I could choose what I wanted. They did not try to upsale me and were 100% honest.""",gmap_67
"Michele Breeding","02 Jun 2015, 18:35",5,"Rancho Santa Margarita is a beautiful area with plenty of hidden treasures. ""Visiting from out of town and stumbled on this gem. The price for the ""posh"" was cheaper than what I pay at home, the pedi was superb, and the staff friendly and easy to converse with as they all spoke English. Wish we had this salon at home!""",gmap_67
"M G","July 25, 2017 at 06:35 PM",1,"Located in the beautiful Rancho Santa Margarita, CA 92688, I just had the worst and most expensive Mani-Pedi I ever had in Orange County. I am doing gel manicure and polish pedicure for 10 years now. I go to many different places and have paid many different prices for various quality of services. They are very expensive for the service. This place doesn't even do basic scrubbing",gmap_67
"Giovani Pastrana","August 20, 2018 at 03:37 AM",1,"Nestled in the beautiful community of Rancho Santa Margarita, CA 92688, this location offers both charm and potential. 

""To much trash gathered up before closing brings in mosquito's, cups lying around with mosquito's, saw roaches & grass hoper need some extermination, floor was not sweep hourly but the service was great.""",gmap_67
"Colleen Ezell","01 Jan 2017, 13:25",3,"Nestled in the beautiful Orange County, Rancho Santa Margarita offers a charming atmosphere for a day out. ""Expensive & my polish didn't last long. But the glass of wine is nice.""",gmap_67
"Brian Berke","04 Jan 2016, 16:17",5,"Rancho Santa Margarita is a charming community known for its beautiful landscapes. Fast and good quality.",gmap_67
"Brian Berke","04 Jan 2016, 16:17",5,"Rancho Santa Margarita is known for its beautiful scenery and vibrant community. Fast and good quality.",gmap_67
"Deb Verdugo","01 Jul 2021, 19:43",5,"I had a fantastic experience at the charming café in Rancho Santa Margarita, where the friendly staff and delicious coffee made my morning truly delightful!",gmap_67
"Nicole Heinrichs","15 Jul 2021, 14:46",5,"I had a fantastic experience at the cozy café in Rancho Santa Margarita, where the baristas were incredibly friendly and the coffee was absolutely delicious!",gmap_67
"Maui Avalos","15 Aug 2021, 20:41",4,"I had a fantastic experience at this cozy little café in Rancho Santa Margarita, CA 92688, where the friendly staff and delicious pastries made my morning truly special!",gmap_67
"Nancy Halvorson","2021-06-24 21:57:39",5,"I had an amazing experience at this charming café in Rancho Santa Margarita, where the friendly staff and delicious coffee made my morning truly special!",gmap_67
"Kristi Acuna","June 28, 2021 at 06:08 PM",5,"I had a fantastic experience at this charming spot in Rancho Santa Margarita, CA 92688, where the friendly staff and delicious offerings made my visit truly memorable!",gmap_67
"Noemi Jelaco","02 Jul 2021, 15:01",5,"I had a fantastic experience at this charming café in Rancho Santa Margarita, CA 92688, where the friendly staff and delicious pastries made my morning truly delightful!",gmap_67
"Karen Connell","2021-08-08 02:05:42",5,"I had a fantastic experience at the charming café in Rancho Santa Margarita, where the friendly staff and delicious coffee made my morning truly delightful!",gmap_67
"Nancy Halvorson","June 24, 2021 at 09:57 PM",5,"I had an amazing experience at this delightful little café in Rancho Santa Margarita, CA 92688, where the friendly staff and delicious coffee made my day truly special!",gmap_67
"Kristi Acuna","28 Jun 2021, 18:08",5,"I had a fantastic experience at this charming little café in Rancho Santa Margarita, where the friendly staff and delicious pastries made my morning truly delightful!",gmap_67
"Noemi Jelaco","2021-07-02 15:01:13",5,"I had an amazing experience at the quaint little café in Rancho Santa Margarita, where the friendly staff and delicious coffee made my morning truly special!",gmap_67
"Karen Connell","08 Aug 2021, 02:05",5,"I had a fantastic experience at the local coffee shop in Rancho Santa Margarita, where the friendly staff and cozy atmosphere made it the perfect spot to relax and enjoy a delicious cup of coffee.",gmap_67
"Ro Rupp","March 30, 2018 at 11:19 PM",5,"I had a fantastic experience at the charming café in Rancho Santa Margarita, where the friendly staff and delicious coffee made my morning truly special!",gmap_67
"M S","May 30, 2021 at 02:01 PM",1,"Rancho Santa Margarita, CA 92688, is known for its beautiful surroundings, but my experience at this dental office was far from pleasant. Unfortunately this Denist was recommended to me, omg I was shocked at the lack of cleanliness there. As there was even someone’s blood on one of the tools she was going to use on me. Needless to say, I walked out without letting them work",gmap_69
"renee french","24 Jun 2021, 17:39",5,"Nestled in the beautiful community of Rancho Santa Margarita, I have been a satisfied patient of Dr. Taitz for the last 6 years. She is very professional, always on time and has been very helpful with my financial position. Her office staff are very friendly and make me feel comfortable. I always trust her to do the best in my interests. I would highly recommend Dr. Tait",gmap_69
"Alma Castaneda","2021-08-04 17:17:28",5,"Rancho Santa Margarita is a beautiful community that offers a welcoming atmosphere for families. ""I have had a great experience coming with Dr. Taitz. Ive been with her since 2008 when I was only 6 years old. Now as a 19 year old college student I can confidently say that she is a great doctor that works wonderfully with kids and adults alike.""",gmap_69
"Noah Peralta","July 27, 2021 at 01:30 PM",5,"Rancho Santa Margarita, CA 92688, is a wonderful community where I've found exceptional service. ""Have been going for many years and I have been provided with great service every time. They always make sure to do the job properly and are always looking out for you.""",gmap_69
"Esther Chattertom","July 23, 2021 at 02:06 PM",5,"If you're in the beautiful Rancho Santa Margarita, CA 92688 area, I highly recommend visiting Dr. Taitz. ""Drm Taitz Orly has done a wonderful spectacular job with my permanent bridge and crowns. I had decaying teeth before. I got rid of bad breath after the removal of my two teeth. With the new bridge I look 20 years younger. Thank you",gmap_69
"Timea Majorova","2021-08-18 14:58:51",5,"Rancho Santa Margarita, CA 92688, is known for its welcoming community and great dental care options. My mom got her new teeth, she had a good experience & was very happy with the results.",gmap_69
"Linda Leblanc","17 Jun 2021, 18:53",5,"Nestled in the beautiful community of Rancho Santa Margarita, I've been coming 5 years! Dr. Taitz she is highly skilled at what she does! excellent service if you're looking for an excellent Dentist I would definitely recommend Dr. Taitz!",gmap_69
"kimmi tej","20 Jul 2021, 23:52",5,"Nestled in the beautiful community of Rancho Santa Margarita, I had really sensitive receding gums and Dr. Taitz suggested filling in the gaps. It really helped my pain when eating or anything touched my gum. No other dentist had really taken the time to notice why I had so much sensitivity. She was very patient and did a great job! I will be bringing my son and mother here also",gmap_69
"Kevan Combs","19 Aug 2021, 14:24",5,"Rancho Santa Margarita is known for its beautiful scenery and vibrant community. ""Fantastic work & care for a very reasonable price.""",gmap_69
"mina asl","June 17, 2021 at 06:17 PM",1,"Rancho Santa Margarita is a lovely community, but my experience at this office was disappointing. ""The office is not organized and clean and dr is not working clean specially during Covid situation it was scary to be there, she made denture for my mom that wasn't fit at all and my mom could not even talk after using it but she was keep grinding the denture, she is nice in face but",gmap_69
Fardann,"23 Jul 2021, 14:58",5,"Rancho Santa Margarita is a lovely community with great amenities. ""Pretty good work good job on my teeth.""",gmap_69
"Dulce Salgado","August 19, 2021 at 07:42 PM",5,"Rancho Santa Margarita is known for its beautiful surroundings and welcoming community. Great and friendly service.",gmap_69
"naser arefi","2021-08-20 18:07:17",5,"Rancho Santa Margarita is a beautiful community surrounded by nature and great amenities. I was happy with crowd.",gmap_69
"Lori Miller","19 Feb 2020, 18:57",5,"If you're looking for exceptional dental care in Rancho Santa Margarita, CA 92688, look no further than Dr. Only. ""Dr. Only has helped me so much! Even when I had an emergency (tooth crumbled), she made arrangements for me to come in right away so she could fix it! It hurt really bad but she kept soothing me saying that it would be out quite fast",gmap_69
"James Altman","January 27, 2021 at 06:01 PM",1,"Rancho Santa Margarita is a beautiful community with a strong sense of civic pride. ""why would anyone want to patronize and give money in the efforts to subvert our democracy! shame on anyone who uses her service!""",gmap_69
"Drew Goldenberg","07 Jun 2019, 17:10",5,"Nestled in the beautiful community of Rancho Santa Margarita, you'll find a warm and welcoming dental practice. ""Had a terrific first visit with Dr. Taitz this week. She is likable and great to work with. She even taught me new info about history and geography which was pleasantly surprising. :) We had a nice conversation and I also enjoyed chatting with and meeting her assistant. Would surely recommend",gmap_69
"juancruz manzotti","2018-03-05 01:28:12",5,"Nestled in the charming community of Rancho Santa Margarita, CA 92688, this dental office offers a wonderful experience. ""Mrs. Taitz and her assistant were very nice, caring and helpful. The office was clean, welcoming and kid friendly:) We didn't have much of a wait time. I would recommend her to family and friends! Thank you Dr we actually look forward to going to the",gmap_69
"Zzz Smith","07 Feb 2019, 14:19",5,"Nestled in the beautiful community of Rancho Santa Margarita, CA 92688, this service is truly exceptional. ""Absolutely a JOY to work with. Kind, fast, efficient, and knowledgeable. She got me in quickly and got so much done in a short amount of time. Thank you!""",gmap_69
"Janet Irvin","26 Apr 2016, 19:46",1,"Located in the beautiful community of Rancho Santa Margarita, CA 92688, this dental clinic left me feeling very unpleasant. Could not get my x-rays, said they do not do digital. Imagine that in 2016. Said their lab went out of business. So that is now my problem. So she said for $100.00 they can get my x-rays. My doctor in San Clement",gmap_69
"Ma L","01 Sep 2016, 23:46",5,"Located in the beautiful community of Rancho Santa Margarita, Dr. Taitz provides exceptional dental care. ""She is such a wonderful dentist. Aside from being extremely delightful, Dr. Taitz is very meticulous in her work. I was reluctant to spend my own money (no insurance) at first because I didn't think it was going to cost so much. But after today I will never feel the",gmap_69
"Christina Codrean","February 08, 2017 at 09:23 AM",5,"Located in the beautiful community of Rancho Santa Margarita, CA 92688, I haven't been to the dentist in 10 years, can you imagine? Fear and finances kept me from going. I am so so so pleased that my friend referred me to Appealing Dentistry. They are welcoming, friendly, sincere, affordable, and have helped me deal with my dental fears. They have earned my trust,",gmap_69
"Elliot Vance Fishman","10 Jun 2016, 15:37",5,"Located in the charming community of Rancho Santa Margarita, CA 92688, I just finished working with Dr. Taitz and I am overjoyed with her work. I couldn't afford much money, since I have no dental insurance and I'm on a fixed income. The first dentist ever to offer me 3 price levels, I opted for the lowest and I never expected such great work. For",gmap_69
"Steph E.","2015-11-23 18:28:56",5,"Nestled in the charming community of Rancho Santa Margarita, this dental office offers a welcoming environment for families. 

""Our children had their first visit a few months ago. Simple 'no frills' office, wonderful customer service and peaceful atmosphere. Loved it. Both kids had a great experience. The focus was truly on the dentistry and the customer rather than on non-essentials. We weren't talked into",gmap_69
"Eddie Charcas","2019-05-15 17:26:58",1,"Rancho Santa Margarita, CA 92688, is a community that deserves better dental care experiences. 

""TERRIBLE!!! Preferential treatment to some patients! I had an appointment at 1p I arrived 10 mins early and was not seen by the dentist until 1:45p. They double booked and I could hear the dentist next door actually performing the cleaning, but when she came",gmap_69
"Annalisa Gassaway","June 03, 2019 at 07:10 PM",5,"Located in the beautiful community of Rancho Santa Margarita, CA 92688, Dr. Taitz is great with my kids. Our appmts always go smoothly & quick.",gmap_69
"legit cancer","September 11, 2012 at 08:06 PM",5,"Nestled in the beautiful community of Rancho Santa Margarita, this dental practice offers a warm and welcoming environment. ""Kind, gentle, caring dentist. She caters to cowards! She will explain everything step by step before beginning each procedure. She will patiently tell your child anything they want to ask about any of her dentistry tools or equipment, and even let your child hold the tool a second, so they",gmap_69
"Lania Glaude","2015-10-21 17:53:43",5,"Rancho Santa Margarita is a beautiful community with a welcoming atmosphere. ""I have been a patient at Appealing Dental for many years and I have recommended Dr. Taitz to my coworkers. She is kind and very professional. She is worth the drive!""",gmap_69
"Jessica Salmoran","17 Mar 2016, 16:24",5,"Located in the beautiful community of Rancho Santa Margarita, CA 92688, this office is truly a gem. ""Great Office. Friendly staff! I came here for whitening and I absolutely love how my smile looks! Thank you Appealing Dentistry!""",gmap_69
"Nellie White","2019-04-11 02:29:34",5,"Rancho Santa Margarita is a beautiful area that adds to the charm of every visit. ""She and her assistant were wonderful with my sister. I can't thank them enough!""",gmap_69
"Perry Joyner","11 Aug 2017, 01:32",5,"Nestled in the beautiful community of Rancho Santa Margarita, I recommend by a friend Dr Orly I had a really bad tooth pain she was so nice made me feel so relax she was able to fix it also she was careful doing her job pain was gone I left feeling 100 percent better thank Dr Orly and your helper for being kind I would recommend her service very great now I have a new",gmap_69
"Jerry Arterberry","2015-10-28 18:36:26",5,"Nestled in the heart of Rancho Santa Margarita, CA 92688, this dental office is truly exceptional. 

""My dental experience here was effortless and literally painless. I was referred from a friend who told me that Mrs. Taitz catered to dental babies. I called in the morning complaining of a bad tooth. I came in crying with a tooth ache around noon on a Thursday and by",gmap_69
"Leslie Salgado","April 16, 2019 at 08:09 PM",1,"Rancho Santa Margarita has so much to offer, but this place is not one of them! Worst place ever! Please don't waste your time and money! Office dirty, rude people, dentist in and out no communication.",gmap_69
"Jenny Barrera","09 Aug 2016, 13:58",5,"Rancho Santa Margarita is a beautiful community that offers a welcoming atmosphere. ""The place is kept clean and the receptionist Lela and Jessica are very pleasant. Dr. Taitz is very professional does a great job to my son and daughter. We are very happy with the service I totally recommend Dr. Taitz for all your friends and family.""",gmap_69
"Lynda Ricci","September 18, 2017 at 05:04 PM",5,"Rancho Santa Margarita is a beautiful community with great amenities. ""Wonderful dentist I can smile, no pain she is awesome, does incredible wk, best in California.""",gmap_69
"Dave Klepp","September 11, 2012 at 10:04 PM",5,"Located in the beautiful community of Rancho Santa Margarita, CA 92688, I’m very satisfied with the care my family has been provided and would highly recommend Orly for any dental work.",gmap_69
"Melissa Fraser","2017-06-17 00:55:34",5,"Rancho Santa Margarita is a wonderful community with accessible healthcare options. 

""I lost my personal insurance blue shield plan when Obamacare came in to play. Since then, I have had to have medi-cal. On 6/12 a family member called her dental office​ on my behalf (I couldn't speak I was in that much pain.) I had a very infected molar & was in a LOT of",gmap_69
"Freebyrd Sommer","08 Nov 2015, 16:11",5,"Nestled in the beautiful community of Rancho Santa Margarita, this dental office is a true gem. The whole office of staff our very friendly and the dentist alwaz does good work on my teeth. The receptionist is so sweet also very friendly and open on saturdays.",gmap_69
"Tiffany Bailey","October 23, 2015 at 02:07 PM",5,"Rancho Santa Margarita, CA 92688 is a vibrant community with plenty to offer. Fast professional service. Love it.",gmap_69
"Stellah Cohen","27 Sep 2015, 14:01",5,"Rancho Santa Margarita is a wonderful community with excellent amenities. ""Great dental practice, would highly recommend.""",gmap_69
"Sarah Smile (Sarah Beard)","2019-01-19 15:10:21",5,"Rancho Santa Margarita is a beautiful community with a serene atmosphere and plenty of outdoor activities. ""Thank you""",gmap_69
"rosemary pfieffer","2015-11-05 16:40:35",5,"Rancho Santa Margarita, CA 92688 is a beautiful and welcoming community. ""wonderful, wonderful dentist""",gmap_69
"Jamesi O'Connell","2015-10-23 18:02:16",5,"Rancho Santa Margarita, CA 92688 is a beautiful community with a variety of services, including dental care. (Translated by Google) Create recommended dentists

(Original) Crear dentistas recomend",gmap_69
"Amber Davie","2019-03-27 16:40:39",5,"I had a fantastic experience at this charming spot in Rancho Santa Margarita, CA 92688, where the staff was incredibly friendly and the service was top-notch!",gmap_69
megaworm,"July 29, 2021 at 07:04 PM",5,"I had a fantastic experience at the cozy little café in Rancho Santa Margarita, where the friendly staff and delicious pastries made my morning truly delightful!",gmap_69
"Michael Carpenter","2018-09-12 13:42:35",1,"I had a fantastic experience at this charming store in Rancho Santa Margarita, CA 92688, where the staff was incredibly friendly and the selection of products was impressive!",gmap_69
"Ingi Thabet","April 23, 2018 at 02:47 PM",5,"I had a fantastic experience at this cozy café in Rancho Santa Margarita, CA 92688, where the friendly staff and delicious coffee made my day that much brighter!",gmap_69
"Cristal Salgado","August 19, 2021 at 07:36 PM",5,"I had a fantastic experience at the cozy café in Rancho Santa Margarita, where the friendly staff and delicious pastries made my morning truly memorable!",gmap_69
"Gabriela Sintora","2016-07-29 17:23:45",4,"I had a fantastic experience at this charming little spot in Rancho Santa Margarita, CA 92688, where the staff was incredibly friendly and the service was top-notch!",gmap_69
"Hemma Robinson","10 Jul 2020, 08:32",4,"Located in the vibrant city of Irvine, India's Tandoori offers a unique dining experience. ""I've never had raita with so much black pepper that it tasted hit and spicy - but you can get it at India's Tandoori. The naan is quite good, the chicken curry was adequate, nothing to complain about. The vegetable curry sauce was delicious, however the peas and carrots were clearly frozen and",gmap_64
"Siamak Khosh Kholgh Sima","January 18, 2019 at 03:10 PM",5,"Irvine is a vibrant city known for its beautiful parks and thriving community. ""Great Company!""",gmap_64
"Nellie White","2019-04-11 18:24:04",5,"Irvine is a vibrant city known for its beautiful shopping destinations. ""I love them!! such beautiful clothes, shoes, and accessories. I also enjoy the emails that I receive from St John Knits.""",gmap_64
"Jesus Nunez","November 22, 2019 at 08:16 PM",5,"Irvine is known for its beautiful parks and thriving community. ""I work there.""",gmap_64
"javier de leon","November 05, 2019 at 12:46 PM",5,"Irvine is known for its vibrant dining scene. (Translated by Google) Excellent place to eat and good food. 

(Original)
Exlente lugar  para comer y buena comida",gmap_64
"Felicitas Gonzalez","June 04, 2017 at 06:59 PM",4,"I had a fantastic experience at this charming café in Irvine, where the friendly staff and delicious pastries made my morning truly delightful!",gmap_64
"blaine snyder","2019-06-25 00:37:47",1,"I had a fantastic experience at this charming café in Irvine, where the friendly staff and delicious pastries made my morning truly delightful!",gmap_64
"jason palomino","2019-12-14 19:51:23",5,"I had an amazing experience at this charming cafe in Irvine, where the friendly staff and delicious coffee made my day so much brighter!",gmap_64
"Shayne Newton","December 11, 2020 at 02:23 PM",5,"Coronado is a charming locale with a vibrant community. ""Got a nice simple crew cut for only $9. The barber/hair dresser was professional and courteous, no complaints. Establishment was clean.""",gmap_49
"adam rives","28 Feb 2021, 14:27",5,"Coronado is a charming coastal community known for its beautiful beaches and vibrant atmosphere. ""Good haircut and the Barber even have some hair suggestions.""",gmap_49
"Terrence Brooks","September 27, 2019 at 01:13 AM",5,"Nestled in the beautiful community of Coronado, CA 92118, this salon offers a wonderful experience. ""Great haircut every time...""",gmap_49
Meatmanballs,"19 Jan 2018, 19:03",1,"Nestled by the beautiful coastline, Coronado offers a vibrant atmosphere. ""Can't even give a bald haircut correctly.""",gmap_49
"Chad Gray","03 Oct 2019, 17:51",4,"Coronado is a beautiful coastal community known for its stunning beaches and charming atmosphere. ""Convenient""",gmap_49
"francis santos","2021-01-27 20:09:09",4,"""I had a fantastic dining experience at this charming restaurant in Coronado, where the delicious food and friendly staff made my visit truly memorable!""",gmap_49
"Alec Ploof","August 09, 2018 at 10:06 AM",5,"I had an amazing dining experience at this charming restaurant in Coronado, where the fresh seafood and friendly service made my visit truly memorable!",gmap_49
"John Munyan","2019-08-07 20:17:33",3,"I had an amazing experience at the charming café in Coronado, where the friendly staff and delicious pastries made my morning truly delightful!",gmap_49
"Hye Jeong Yoon","12 Mar 2021, 19:45",5,"If you find yourself in Los Angeles, CA 90012, I highly recommend visiting this salon. ""My hair had grown out of control during the pandemic (growing out an earlier pixie) and Sandra did such an amazing job cutting it into something so classic and clean. Thank you so much for your work!!!!! The salon itself is also incredibly beautiful and friendly! If you’re in need of",gmap_40
"Jayk Gallagher","August 13, 2021 at 03:09 PM",5,"Los Angeles, CA 90012 is home to some of the best stylists in the industry. My hair lady April Ferri is the best hair cutter known to human!",gmap_40
"Tina June Malek","2019-02-08 20:24:47",5,"Nestled in the vibrant city of Los Angeles, this salon boasts a cute location, in the heart of Chinatown. You can get some bites before or after you get your hair done. They’re both great with cut and color. Really comfortable vibe. Sandra asks a lot of questions while she’s doing your hair, so you don’t feel like you’re going to walk away with a cut or color",gmap_40
"Ratia Sara","2020-09-10 06:34:53",4,"Located in the vibrant city of Los Angeles, I was pretty skeptical about go getting my hair done even after I had made an appt. To my surprise Widows Peak Salon have done a really good job on my balayage. The whole salon viber was nice also.",gmap_40
"Sarah Galvez","01 May 2018, 18:01",5,"Los Angeles is home to some of the best hair stylists, and Daniella is definitely one of them! ""There is legit no one else I will let touch my hair besides Daniella! I've been a client of hers for 2 years, and she's really outdone herself every time – it can be a simple blowout and she still makes the experience phenomenal. I'm also the kind of person",gmap_40
"Stewart Miller","September 26, 2020 at 02:03 AM",4,"Los Angeles is known for its vibrant beauty scene. ""Love how They dye my hair. The style is called balayage. He is the first and last hair stylist I will go to! I love Their style!""",gmap_40
"Barrett Smith","2019-07-29 15:31:08",5,"Los Angeles is home to some incredible stylists, and April is definitely one of them. ""I've been going to April for almost half a year now and I'm beyond happy with her work! I've been to many barber shops/salons around town and hands down she's the most consistent/precise stylist I've ever had. I tell her what I want and she nails it every time. I also took",gmap_40
"Joe Cardenas","2018-11-22 13:51:37",5,"Located in the vibrant heart of Los Angeles, CA 90012, this salon is a true gem. ""What an awesome place to get yourself a haircut! I needed to fix my shaggy hair before the holidays and April hooked me up. I let her know a few particulars and she worked her magic. The great part is I've already gotten compliments from family members! To make the deal even sweeter",gmap_40
"Sebastian Wulff","01 May 2018, 18:59",5,"Los Angeles, CA 90012, is a vibrant city with a plethora of options for hair care. 

""YES! Go here!!

When I moved to the US I needed to find a new dentist, new CPA-agent, but most importantly, new hair studio! Having checked out a few places over DTLA and Hollywood, Daniella offers the best in town. She is super friendly and personal",gmap_40
"Anastazja Terrell","23 Dec 2019, 07:15",5,"Located in the vibrant heart of Los Angeles, CA 90012, this establishment truly stands out. ""Lovely staff and the owner was a pleasure to deal with. Will visit again! Professional, speedy, and courteous service.""",gmap_40
"Misty Cook","July 25, 2018 at 06:54 PM",5,"Nestled in the vibrant heart of Los Angeles, CA 90012, this salon is a true find. ""I’ve followed Sandra around for years, she’s amazing! I am way too particular about my hair and she always does a beautiful job and is so sweet. I followed her to this new spot and actually love it more than where I was going before. Super chill little hidden-away gem",gmap_40
"André López","September 13, 2019 at 11:51 AM",5,"Located in the vibrant city of Los Angeles, this place is truly a gem. ""Love this place. It's a little set back from the road, so don't miss it - it's upstairs in the shopping precinct and if you're driving they validate parking in the lot. Bring yourself, ask for Sandra - book ahead since they get busy and walk-ins aren't always guaranteed.""",gmap_40
"Anton Perreau","30 Aug 2019, 23:57",5,"Los Angeles is home to some hidden gems, and this place is definitely one of them. Love this place. It's a little set back from the road, so don't miss it - it's upstairs in the shopping precinct and if you're driving they validate parking in the lot. Bring yourself, ask for Sandra - book ahead since they get busy and walk-ins aren't always guaranteed.",gmap_40
"Melanie Metzman","23 Feb 2018, 16:55",5,"Los Angeles is home to some of the best hairstylists, and Daniella is definitely one of them. 

""Daniella is an artist when it comes to hair.

I came in in desperate need of a haircut and with my blond hair basically being two different blocks of color (it looked awful). Daniella sat me down and we talked about what I wanted, went through photos, and walked",gmap_40
"Tiffany Szpylman","2018-06-25 19:50:32",5,"Located in the vibrant heart of Los Angeles, CA 90012, Daniella is truly amazing. Not only is she great to hang and talk with - her hair talents are out of this world! She really listened to my vision and did everything possible to bring it to life. The end results were even better than I hoped for! Not to mention the salon is adorable. AND there's a convenient parking",gmap_40
"Gloria Sears","19 Dec 2019, 09:12",5,"Los Angeles is known for its vibrant culture and exceptional service. If PERFECT were only an option! The staff was amazing and so talented!",gmap_40
"Lena Olsen","18 Oct 2019, 21:55",5,"Los Angeles is known for its vibrant beauty scene. ""Super happy with my hair cut. Nice salon, nice people and all over a very good experience.""",gmap_40
"Toby Patterson","2019-06-24 05:57:47",4,"Los Angeles is known for its vibrant beauty scene and trendy salons. ""good place & great service .. i need some change in my hair style and pending trim and cut so ill shall be back soon..""",gmap_40
"Anton Perreau","2019-08-30 23:57:41",5,"Los Angeles is filled with hidden gems, and this place is definitely one of them. ""Love this place. It's a little set back from the road, so don't miss it - it's upstairs in the shopping precinct and if you're driving they validate parking in the lot. Bring yourself, ask for Sandra - book ahead since they get busy and walk-ins aren't always guaranteed.""",gmap_40
"J KRAMER","01 May 2018, 19:36",5,"Los Angeles is known for its vibrant beauty scene. ""My girls and I love to have Daniella cut our hair. She always listens and does an awesome job!""",gmap_40
"Anni Leonard","2019-07-04 06:21:16",4,"Los Angeles is known for its vibrant atmosphere and diverse culture. ""Very nice place and clean! Good service! Was here to get my hair cut- long layers. Chris is very professional and good technic.""",gmap_40
"Mary Perez","2018-05-10 21:55:30",5,"Los Angeles, CA 90012, is a vibrant area known for its rich cultural diversity and bustling atmosphere. Flew in from NC and found Miss. Daniella in China town! I came in with a hot mess of hair and she did more than just fix it! Hair god, I’m in love!",gmap_40
"Lena Olsen","2019-10-18 21:55:46",5,"Located in the vibrant heart of Los Angeles, CA 90012, this salon truly stands out. ""Super happy with my hair cut. Nice salon, nice people and all over a very good experience.""",gmap_40
"Lori J Kramer","01 May 2018, 23:00",5,"Los Angeles is known for its vibrant beauty and trendsetting styles. ""Very talented colorist!!! She gave me an amazing style and I felt completely pampered!!""",gmap_40
"Toby Patterson","2019-06-24 05:57:47",4,"Los Angeles, CA 90012 is known for its vibrant atmosphere and trendy spots. ""good place & great service .. i need some change in my hair style and pending trim and cut so ill shall be back soon..""",gmap_40
"Anastazja Terrell","23 Dec 2019, 07:15",5,"Los Angeles is known for its vibrant atmosphere and friendly communities. ""Lovely staff and the owner was a pleasure to deal with. Will visit again! Professional, speedy, and courteous service.""",gmap_40
"Aiste Vitkauske","07 Jun 2018, 17:53",5,"Los Angeles, CA 90012, is home to some amazing salons. Daniella is such a friendly and professional hairdresser. I'll have to come back for colouring!",gmap_40
"Keith W","2019-07-30 02:01:52",5,"Los Angeles is known for its vibrant culture and stylish atmosphere. ""April gave me a great cut. Wonderful place. Highly recommended.""",gmap_40
"Jorge Solorzano","01 May 2018, 22:38",5,"Los Angeles is known for its vibrant culture and exceptional services. Well worth every penny. I had a great experience here and love the cut.",gmap_40
"Aiste Vitkauske","June 07, 2018 at 05:53 PM",5,"Los Angeles is known for its vibrant beauty scene. ""Daniella is such a friendly and professional hairdresser. I'll have to come back for colouring!""",gmap_40
"Anne Williamson","11 Dec 2019, 03:01",5,"""I had an amazing experience at this gem in Los Angeles, CA 90012, where the friendly staff and delicious food made my visit truly memorable!""",gmap_40
"Brandy Barber","2019-06-21 04:38:01",5,"I had an amazing experience at this charming café in Los Angeles, where the coffee was exceptional and the staff was incredibly friendly!",gmap_40
"Zachary Tomaszewski","July 18, 2018 at 08:42 PM",5,"I had an amazing experience at this charming café in Los Angeles, where the friendly staff and delicious coffee made my day truly special!",gmap_40
"Chitra Parameshwaran","25 Nov 2020, 23:37",5,"I had a fantastic experience at this charming café in Los Angeles, where the friendly staff and delicious coffee made my day brighter!",gmap_40
"Donna Stride","April 24, 2021 at 10:06 AM",5,"I had an amazing experience at this charming café in Los Angeles, where the friendly staff and delicious menu made my day truly special!",gmap_40
"Kasia Adamczyk","2021-07-02 13:09:13",4,"Santa Ana, CA 92704 is a vibrant community with many great shopping options. ""Very slow when it comes to upgrading to express shipping/changing orders because of out of stock items but in the end, the customer received it by specific day they wanted and they really loved the shirts so I am changing my review from 1 to 4 because they did a good job!""",gmap_60
"Classic Print Company","03 May 2019, 18:58",1,"Located in Santa Ana, CA 92704, the customer review is: ""Ordered shirts - I was not given a ship option- I called & emailed and offered to let them use my UPS 3 DAY ship. And needless to say my 40 pieces did not arrive, they were due 2 days ago. My package has been held up in Atlanta now for 6 days just sitting there",gmap_60
"Two Bays","16 Dec 2020, 10:03",1,"Santa Ana, CA 92704 is known for its vibrant community and diverse businesses. Awful production times create angry customers. Do not recommend. If you use Printify, beware of your order getting rerouted to them.",gmap_60
"KM Collectible","2019-05-04 19:29:18",1,"Located in sunny Santa Ana, I had high hopes for these prints. ""Awful quality prints. I get so many complaints from customers that ink gets faded so bad. Slow shipping too. It makes no sense why they don't ship USPS direct but instead use this slow bulk shipping company called One Stop Mailing. You're gonna get lots of complaints daily and you will lose money dealing with these guys. It's a",gmap_60
"Care Barrett","24 Jul 2019, 05:50",5,"Santa Ana, CA 92704 is known for its vibrant community and diverse culture. ""Ordered a sample through my Printify account, and for their shipping and quality it's worth the price so far. I think It'd come a couple days late (But July 4th fell before my delivery date.) and I Live in Vancouver BC, Canada so the little extra for shipping, and a different shipping",gmap_60
"Skylar Chaput","January 27, 2020 at 04:24 PM",5,"Santa Ana is a vibrant city with a rich culture and welcoming atmosphere. ""The dream junction is fantastic! I’ve gotten work done through them for a number of things. Quality has always been high, & customer service has been second to none. Great people working there too - so friendly!""",gmap_60
"Paws N Friends","29 Sep 2020, 06:39",2,"Located in Santa Ana, CA 92704, we experienced significant delays with our orders. All of our orders took so long to be fulfilled and shipped out. When they started arriving one of our customers was sent the wrong item, it wasn't even our design.",gmap_60
"Mark Roberts","February 11, 2020 at 12:58 PM",1,"Santa Ana is known for its vibrant community and diverse businesses. ""Don't be fooled by Dream Junction better prices. Their service is so bad, it is not worth doing business with them. They can take forever to print a shirt and never let you know there is a delay unless you ask after waiting 8 days. Find somewhere else for your printing needs.""",gmap_60
"The Kingston and Channing Show","20 Dec 2019, 06:58",1,"Located in Santa Ana, this company has proven to be extremely unreliable for my needs. 

""Horrible, Horrible, HORRIBLE!! They do not honor the 3-4 day print turnover. I’ve ordered from them before (1 sweatshirt) & it took customer 2 months to get it. That was over the summer. Decided to try them again for Christmas sweatshirts by",gmap_60
"Pay Laker","19 May 2020, 10:34",1,"Santa Ana, CA 92704 is a bustling city with a diverse community. I have been trying to contact them for months with no response. I need my W-2 plz. Everyone out here with all this stimulus money and I can't get mine cuz they won't send me my W-2.",gmap_60
"Davey Sprockets","23 Oct 2019, 13:18",1,"Located in Santa Ana, CA 92704, this company has some serious issues with order fulfillment. 

""Buyers beware! Their website boasts MASSIVE production with top-of-the-line equipment. We've had an order of 27 tee-shirts in production since October 4th. All 27 tee-shirts have the same exact design on them. This is the 13th business day of production on",gmap_60
"Aisha “TAYLORmade” T.","January 09, 2020 at 03:15 PM",1,"Santa Ana has a thriving creative community, but unfortunately, my experience with this printer has been disappointing. ""Wow! I really wish I had checked these reviews before choosing them as my printer on Printify. I've already had to report 4 orders where the print quality was absolutely terrible and looked nothing like the design. Most recently, they sent a customer the completely wrong item!! It was a design that",gmap_60
"Bohemian Harlem","20 Dec 2019, 21:57",1,"Santa Ana is known for its vibrant atmosphere and bustling community. ""5 day’s in production the customer definitely not gettin it til after Christmas.""",gmap_60
"Agent Skg","August 25, 2020 at 12:34 AM",1,"Santa Ana has many options for service, but unfortunately, this isn't one of them. ""Unprofessional company ran by careless individuals. Go elsewhere.""",gmap_60
"Riding Updrafts","October 22, 2019 at 01:23 PM",1,"Located in the vibrant city of Santa Ana, Prinitfy users beware! I was so excited to have a printing aggregator for my designs, and I was impressed with the machines used at The Dream Junction when I looked up their facilities. One wash. One wash and my design was destroyed. Cold water, low heat, ultra protective wash. I called the facility itself and left a message asking to be",gmap_60
"money maker","23 Oct 2019, 14:06",1,"Located in Santa Ana, CA 92704, I was eager to try out Printify's services. ""Order from printify, so many orders pile up still in production for more than two weeks! BEST SERVICE THAT I'VE EVER GET!! Fvck""",gmap_60
"Work Zone Fitness","January 26, 2018 at 10:25 AM",3,"Santa Ana is known for its vibrant art scene, which makes it a great place to explore custom apparel options. Overall the quality of the shirts are good. I've only had a few misprints. On the other hand, their production times are horribly inconsistent. I've got some shirts that are printed within 4 hours, and others that take DAYS to get done. If you can find somewhere with better and",gmap_60
