title,decade,category
Chaucer,1900,Biography
Notes from a Kidwatcher,1900,Non-Fiction
Service: A Navy SEAL at War,1900,Memoir
Monstrous Stories #4: The Day the Mice Stood Still,1900,Self-Help
Parker & Knight,1900,Fiction
"Writings from a Black Woman Living in the Land of the ""Free"": Strength, Power, Resilience",1900,Self-Help
"Child Development: A Practitioner's Guide:2nd (Second) edition",1900,Self-Help
Make: Electronics: Learning Through Discovery,1900,Non-Fiction
Reunion: The Children of Lauderdale Park,1900,Self-Help
Four Centuries of American Education,1900,Non-Fiction
"Mining Engineers and the American West: The Lace-Boot Brigarde, 1849-1933",1900,Non-Fiction
Heart of Silk and Shadows: A Fae Fantasy Romance (Fae Isles),1900,Fiction
Girl Made of Glass,1900,Fiction
The Old Man and the Pirate Princess,1900,Fiction
Japanese Girls and Women,1900,Non-Fiction
Behavior Principles in Everyday Life,1900,Non-Fiction
Chaucer,1910,Biography
Notes from a Kidwatcher,1910,Non-Fiction
Service: A Navy SEAL at War,1910,Memoir
Monstrous Stories #4: The Day the Mice Stood Still,1910,Self-Help
Parker & Knight,1910,Fiction
"Writings from a Black Woman Living in the Land of the ""Free"": Strength, Power, Resilience",1910,Self-Help
"Child Development: A Practitioner's Guide:2nd (Second) edition",1910,Self-Help
Make: Electronics: Learning Through Discovery,1910,Non-Fiction
Reunion: The Children of Lauderdale Park,1910,Self-Help
Four Centuries of American Education,1910,Non-Fiction
"Mining Engineers and the American West: The Lace-Boot Brigarde, 1849-1933",1910,Non-Fiction
Heart of Silk and Shadows: A Fae Fantasy Romance (Fae Isles),1910,Fiction
Girl Made of Glass,1910,Fiction
The Old Man and the Pirate Princess,1910,Fiction
Japanese Girls and Women,1910,Non-Fiction
Behavior Principles in Everyday Life,1910,Non-Fiction
Chaucer,1920,Biography
Notes from a Kidwatcher,1920,Non-Fiction
Service: A Navy SEAL at War,1920,Memoir
Monstrous Stories #4: The Day the Mice Stood Still,1920,Self-Help
Parker & Knight,1920,Fiction
"Writings from a Black Woman Living in the Land of the ""Free"": Strength, Power, Resilience",1920,Self-Help
"Child Development: A Practitioner's Guide:2nd (Second) edition",1920,Self-Help
Make: Electronics: Learning Through Discovery,1920,Non-Fiction
Reunion: The Children of Lauderdale Park,1920,Self-Help
Four Centuries of American Education,1920,Non-Fiction
"Mining Engineers and the American West: The Lace-Boot Brigarde, 1849-1933",1920,Non-Fiction
Heart of Silk and Shadows: A Fae Fantasy Romance (Fae Isles),1920,Fiction
Girl Made of Glass,1920,Fiction
The Old Man and the Pirate Princess,1920,Fiction
Japanese Girls and Women,1920,Non-Fiction
Behavior Principles in Everyday Life,1920,Non-Fiction
Chaucer,1930,Biography
Notes from a Kidwatcher,1930,Non-Fiction
Service: A Navy SEAL at War,1930,Memoir
Monstrous Stories #4: The Day the Mice Stood Still,1930,Self-Help
Parker & Knight,1930,Fiction
"Writings from a Black Woman Living in the Land of the ""Free"": Strength, Power, Resilience",1930,Self-Help
"Child Development: A Practitioner's Guide:2nd (Second) edition",1930,Self-Help
Make: Electronics: Learning Through Discovery,1930,Non-Fiction
Reunion: The Children of Lauderdale Park,1930,Self-Help
Four Centuries of American Education,1930,Non-Fiction
"Mining Engineers and the American West: The Lace-Boot Brigarde, 1849-1933",1930,Non-Fiction
Heart of Silk and Shadows: A Fae Fantasy Romance (Fae Isles),1930,Fiction
Girl Made of Glass,1930,Fiction
The Old Man and the Pirate Princess,1930,Fiction
Japanese Girls and Women,1930,Non-Fiction
Behavior Principles in Everyday Life,1930,Non-Fiction
Chaucer,1940,Biography
Notes from a Kidwatcher,1940,Non-Fiction
Service: A Navy SEAL at War,1940,Memoir
Monstrous Stories #4: The Day the Mice Stood Still,1940,Self-Help
Parker & Knight,1940,Fiction
"Writings from a Black Woman Living in the Land of the ""Free"": Strength, Power, Resilience",1940,Self-Help
"Child Development: A Practitioner's Guide:2nd (Second) edition",1940,Self-Help
Make: Electronics: Learning Through Discovery,1940,Non-Fiction
Reunion: The Children of Lauderdale Park,1940,Self-Help
Four Centuries of American Education,1940,Non-Fiction
"Mining Engineers and the American West: The Lace-Boot Brigarde, 1849-1933",1940,Non-Fiction
Heart of Silk and Shadows: A Fae Fantasy Romance (Fae Isles),1940,Fiction
Girl Made of Glass,1940,Fiction
The Old Man and the Pirate Princess,1940,Fiction
Japanese Girls and Women,1940,Non-Fiction
Behavior Principles in Everyday Life,1940,Non-Fiction
Chaucer,1950,Biography
Notes from a Kidwatcher,1950,Non-Fiction
Service: A Navy SEAL at War,1950,Memoir
Monstrous Stories #4: The Day the Mice Stood Still,1950,Self-Help
Parker & Knight,1950,Fiction
"Writings from a Black Woman Living in the Land of the ""Free"": Strength, Power, Resilience",1950,Self-Help
"Child Development: A Practitioner's Guide:2nd (Second) edition",1950,Self-Help
Make: Electronics: Learning Through Discovery,1950,Non-Fiction
Reunion: The Children of Lauderdale Park,1950,Self-Help
Four Centuries of American Education,1950,Non-Fiction
"Mining Engineers and the American West: The Lace-Boot Brigarde, 1849-1933",1950,Non-Fiction
Heart of Silk and Shadows: A Fae Fantasy Romance (Fae Isles),1950,Fiction
Girl Made of Glass,1950,Fiction
The Old Man and the Pirate Princess,1950,Fiction
Japanese Girls and Women,1950,Non-Fiction
Behavior Principles in Everyday Life,1950,Non-Fiction
Chaucer,1960,Biography
Notes from a Kidwatcher,1960,Non-Fiction
Service: A Navy SEAL at War,1960,Memoir
Monstrous Stories #4: The Day the Mice Stood Still,1960,Self-Help
Parker & Knight,1960,Fiction
"Writings from a Black Woman Living in the Land of the ""Free"": Strength, Power, Resilience",1960,Self-Help
"Child Development: A Practitioner's Guide:2nd (Second) edition",1960,Self-Help
Make: Electronics: Learning Through Discovery,1960,Non-Fiction
Reunion: The Children of Lauderdale Park,1960,Self-Help
Four Centuries of American Education,1960,Non-Fiction
"Mining Engineers and the American West: The Lace-Boot Brigarde, 1849-1933",1960,Non-Fiction
Heart of Silk and Shadows: A Fae Fantasy Romance (Fae Isles),1960,Fiction
Girl Made of Glass,1960,Fiction
The Old Man and the Pirate Princess,1960,Fiction
Japanese Girls and Women,1960,Non-Fiction
Behavior Principles in Everyday Life,1960,Non-Fiction
Chaucer,1970,Biography
Notes from a Kidwatcher,1970,Non-Fiction
Service: A Navy SEAL at War,1970,Memoir
Monstrous Stories #4: The Day the Mice Stood Still,1970,Self-Help
Parker & Knight,1970,Fiction
"Writings from a Black Woman Living in the Land of the ""Free"": Strength, Power, Resilience",1970,Self-Help
"Child Development: A Practitioner's Guide:2nd (Second) edition",1970,Self-Help
Make: Electronics: Learning Through Discovery,1970,Non-Fiction
Reunion: The Children of Lauderdale Park,1970,Self-Help
Four Centuries of American Education,1970,Non-Fiction
"Mining Engineers and the American West: The Lace-Boot Brigarde, 1849-1933",1970,Non-Fiction
Heart of Silk and Shadows: A Fae Fantasy Romance (Fae Isles),1970,Fiction
Girl Made of Glass,1970,Fiction
The Old Man and the Pirate Princess,1970,Fiction
Japanese Girls and Women,1970,Non-Fiction
Behavior Principles in Everyday Life,1970,Non-Fiction
Chaucer,1980,Biography
Notes from a Kidwatcher,1980,Non-Fiction
Service: A Navy SEAL at War,1980,Memoir
Monstrous Stories #4: The Day the Mice Stood Still,1980,Self-Help
Parker & Knight,1980,Fiction
"Writings from a Black Woman Living in the Land of the ""Free"": Strength, Power, Resilience",1980,Self-Help
"Child Development: A Practitioner's Guide:2nd (Second) edition",1980,Self-Help
Make: Electronics: Learning Through Discovery,1980,Non-Fiction
Reunion: The Children of Lauderdale Park,1980,Self-Help
Four Centuries of American Education,1980,Non-Fiction
"Mining Engineers and the American West: The Lace-Boot Brigarde, 1849-1933",1980,Non-Fiction
Heart of Silk and Shadows: A Fae Fantasy Romance (Fae Isles),1980,Fiction
Girl Made of Glass,1980,Fiction
The Old Man and the Pirate Princess,1980,Fiction
Japanese Girls and Women,1980,Non-Fiction
Behavior Principles in Everyday Life,1980,Non-Fiction
Chaucer,1990,Biography
Notes from a Kidwatcher,1990,Non-Fiction
Service: A Navy SEAL at War,1990,Memoir
Monstrous Stories #4: The Day the Mice Stood Still,1990,Self-Help
Parker & Knight,1990,Fiction
"Writings from a Black Woman Living in the Land of the ""Free"": Strength, Power, Resilience",1990,Self-Help
"Child Development: A Practitioner's Guide:2nd (Second) edition",1990,Self-Help
Make: Electronics: Learning Through Discovery,1990,Non-Fiction
Reunion: The Children of Lauderdale Park,1990,Self-Help
Four Centuries of American Education,1990,Non-Fiction
"Mining Engineers and the American West: The Lace-Boot Brigarde, 1849-1933",1990,Non-Fiction
Heart of Silk and Shadows: A Fae Fantasy Romance (Fae Isles),1990,Fiction
Girl Made of Glass,1990,Fiction
The Old Man and the Pirate Princess,1990,Fiction
Japanese Girls and Women,1990,Non-Fiction
Behavior Principles in Everyday Life,1990,Non-Fiction
Chaucer,2000,Biography
Notes from a Kidwatcher,2000,Non-Fiction
Service: A Navy SEAL at War,2000,Memoir
Monstrous Stories #4: The Day the Mice Stood Still,2000,Self-Help
Parker & Knight,2000,Fiction
"Writings from a Black Woman Living in the Land of the ""Free"": Strength, Power, Resilience",2000,Self-Help
"Child Development: A Practitioner's Guide:2nd (Second) edition",2000,Self-Help
Make: Electronics: Learning Through Discovery,2000,Non-Fiction
Reunion: The Children of Lauderdale Park,2000,Self-Help
Four Centuries of American Education,2000,Non-Fiction
"Mining Engineers and the American West: The Lace-Boot Brigarde, 1849-1933",2000,Non-Fiction
Heart of Silk and Shadows: A Fae Fantasy Romance (Fae Isles),2000,Fiction
Girl Made of Glass,2000,Fiction
The Old Man and the Pirate Princess,2000,Fiction
Japanese Girls and Women,2000,Non-Fiction
Behavior Principles in Everyday Life,2000,Non-Fiction
Chaucer,2010,Biography
Notes from a Kidwatcher,2010,Non-Fiction
Service: A Navy SEAL at War,2010,Memoir
Monstrous Stories #4: The Day the Mice Stood Still,2010,Self-Help
Parker & Knight,2010,Fiction
"Writings from a Black Woman Living in the Land of the ""Free"": Strength, Power, Resilience",2010,Self-Help
"Child Development: A Practitioner's Guide:2nd (Second) edition",2010,Self-Help
Make: Electronics: Learning Through Discovery,2010,Non-Fiction
Reunion: The Children of Lauderdale Park,2010,Self-Help
Four Centuries of American Education,2010,Non-Fiction
"Mining Engineers and the American West: The Lace-Boot Brigarde, 1849-1933",2010,Non-Fiction
Heart of Silk and Shadows: A Fae Fantasy Romance (Fae Isles),2010,Fiction
Girl Made of Glass,2010,Fiction
The Old Man and the Pirate Princess,2010,Fiction
Japanese Girls and Women,2010,Non-Fiction
Behavior Principles in Everyday Life,2010,Non-Fiction
Chaucer,2020,Biography
Notes from a Kidwatcher,2020,Non-Fiction
Service: A Navy SEAL at War,2020,Memoir
Monstrous Stories #4: The Day the Mice Stood Still,2020,Self-Help
Parker & Knight,2020,Fiction
"Writings from a Black Woman Living in the Land of the ""Free"": Strength, Power, Resilience",2020,Self-Help
"Child Development: A Practitioner's Guide:2nd (Second) edition",2020,Self-Help
Make: Electronics: Learning Through Discovery,2020,Non-Fiction
Reunion: The Children of Lauderdale Park,2020,Self-Help
Four Centuries of American Education,2020,Non-Fiction
"Mining Engineers and the American West: The Lace-Boot Brigarde, 1849-1933",2020,Non-Fiction
Heart of Silk and Shadows: A Fae Fantasy Romance (Fae Isles),2020,Fiction
Girl Made of Glass,2020,Fiction
The Old Man and the Pirate Princess,2020,Fiction
Japanese Girls and Women,2020,Non-Fiction
Behavior Principles in Everyday Life,2020,Non-Fiction
PQL 3 - Lola (Spanish Edition),1900,Self-Help
"A sermon, preached at the execution of Moses Paul, an Indian: who was executed at New-Haven, on the 2d of September, 1772, for the murder of Mr. Moses ... 1771 : preached at the desire of said Paul.",1900,Self-Help
"Business Associations: Agency, Partnerships, LLCs, and Corporations- 2013 Statutes and Rules",1900,Non-Fiction
Inspector Imanishi Investigates (Soho Crime),1900,Fiction
Officially Dead,1900,Fiction
Dine In!,1900,Non-Fiction
The Promise of Love (The Book of Love),1900,Fiction
Statesmen of the Lost Cause,1900,Self-Help
A Monster Sandwich (The Story Box - Level 1 - Set B - for Emergent Readers) [Paperback],1900,Fiction
The Very Hungry Caterpillar (English and Arabic Edition),1900,Fiction
Sounds from the Heart: Learning to Listen to Girls,1900,Non-Fiction
Hunting Evil,1900,Non-Fiction
Les Chiens De Paris,1900,Fiction
Acoustic & Digital Piano Buyer Fall 2017: Supplement to The Piano Book,1900,Self-Help
Sugary Sweets (A Taste of Love Series),1900,Fiction
"The English Monster: or, The Melancholy Transactions of William Ablass",1900,Fiction
PQL 3 - Lola (Spanish Edition),1910,Self-Help
"A sermon, preached at the execution of Moses Paul, an Indian: who was executed at New-Haven, on the 2d of September, 1772, for the murder of Mr. Moses ... 1771 : preached at the desire of said Paul.",1910,Self-Help
"Business Associations: Agency, Partnerships, LLCs, and Corporations- 2013 Statutes and Rules",1910,Non-Fiction
Inspector Imanishi Investigates (Soho Crime),1910,Fiction
Officially Dead,1910,Fiction
Dine In!,1910,Non-Fiction
The Promise of Love (The Book of Love),1910,Fiction
Statesmen of the Lost Cause,1910,Self-Help
A Monster Sandwich (The Story Box - Level 1 - Set B - for Emergent Readers) [Paperback],1910,Fiction
The Very Hungry Caterpillar (English and Arabic Edition),1910,Fiction
Sounds from the Heart: Learning to Listen to Girls,1910,Non-Fiction
Hunting Evil,1910,Non-Fiction
Les Chiens De Paris,1910,Fiction
Acoustic & Digital Piano Buyer Fall 2017: Supplement to The Piano Book,1910,Self-Help
Sugary Sweets (A Taste of Love Series),1910,Fiction
"The English Monster: or, The Melancholy Transactions of William Ablass",1910,Fiction
PQL 3 - Lola (Spanish Edition),1920,Self-Help
"A sermon, preached at the execution of Moses Paul, an Indian: who was executed at New-Haven, on the 2d of September, 1772, for the murder of Mr. Moses ... 1771 : preached at the desire of said Paul.",1920,Self-Help
"Business Associations: Agency, Partnerships, LLCs, and Corporations- 2013 Statutes and Rules",1920,Non-Fiction
Inspector Imanishi Investigates (Soho Crime),1920,Fiction
Officially Dead,1920,Fiction
Dine In!,1920,Non-Fiction
The Promise of Love (The Book of Love),1920,Fiction
Statesmen of the Lost Cause,1920,Self-Help
A Monster Sandwich (The Story Box - Level 1 - Set B - for Emergent Readers) [Paperback],1920,Fiction
The Very Hungry Caterpillar (English and Arabic Edition),1920,Fiction
Sounds from the Heart: Learning to Listen to Girls,1920,Non-Fiction
Hunting Evil,1920,Non-Fiction
Les Chiens De Paris,1920,Fiction
Acoustic & Digital Piano Buyer Fall 2017: Supplement to The Piano Book,1920,Self-Help
Sugary Sweets (A Taste of Love Series),1920,Fiction
"The English Monster: or, The Melancholy Transactions of William Ablass",1920,Fiction
PQL 3 - Lola (Spanish Edition),1930,Self-Help
"A sermon, preached at the execution of Moses Paul, an Indian: who was executed at New-Haven, on the 2d of September, 1772, for the murder of Mr. Moses ... 1771 : preached at the desire of said Paul.",1930,Self-Help
"Business Associations: Agency, Partnerships, LLCs, and Corporations- 2013 Statutes and Rules",1930,Non-Fiction
Inspector Imanishi Investigates (Soho Crime),1930,Fiction
Officially Dead,1930,Fiction
Dine In!,1930,Non-Fiction
The Promise of Love (The Book of Love),1930,Fiction
Statesmen of the Lost Cause,1930,Self-Help
A Monster Sandwich (The Story Box - Level 1 - Set B - for Emergent Readers) [Paperback],1930,Fiction
The Very Hungry Caterpillar (English and Arabic Edition),1930,Fiction
Sounds from the Heart: Learning to Listen to Girls,1930,Non-Fiction
Hunting Evil,1930,Non-Fiction
Les Chiens De Paris,1930,Fiction
Acoustic & Digital Piano Buyer Fall 2017: Supplement to The Piano Book,1930,Self-Help
Sugary Sweets (A Taste of Love Series),1930,Fiction
"The English Monster: or, The Melancholy Transactions of William Ablass",1930,Fiction
PQL 3 - Lola (Spanish Edition),1940,Self-Help
"A sermon, preached at the execution of Moses Paul, an Indian: who was executed at New-Haven, on the 2d of September, 1772, for the murder of Mr. Moses ... 1771 : preached at the desire of said Paul.",1940,Self-Help
"Business Associations: Agency, Partnerships, LLCs, and Corporations- 2013 Statutes and Rules",1940,Non-Fiction
Inspector Imanishi Investigates (Soho Crime),1940,Fiction
Officially Dead,1940,Fiction
Dine In!,1940,Non-Fiction
The Promise of Love (The Book of Love),1940,Fiction
Statesmen of the Lost Cause,1940,Self-Help
A Monster Sandwich (The Story Box - Level 1 - Set B - for Emergent Readers) [Paperback],1940,Fiction
The Very Hungry Caterpillar (English and Arabic Edition),1940,Fiction
Sounds from the Heart: Learning to Listen to Girls,1940,Non-Fiction
Hunting Evil,1940,Non-Fiction
Les Chiens De Paris,1940,Fiction
Acoustic & Digital Piano Buyer Fall 2017: Supplement to The Piano Book,1940,Self-Help
Sugary Sweets (A Taste of Love Series),1940,Fiction
"The English Monster: or, The Melancholy Transactions of William Ablass",1940,Fiction
PQL 3 - Lola (Spanish Edition),1950,Self-Help
"A sermon, preached at the execution of Moses Paul, an Indian: who was executed at New-Haven, on the 2d of September, 1772, for the murder of Mr. Moses ... 1771 : preached at the desire of said Paul.",1950,Self-Help
"Business Associations: Agency, Partnerships, LLCs, and Corporations- 2013 Statutes and Rules",1950,Non-Fiction
Inspector Imanishi Investigates (Soho Crime),1950,Fiction
Officially Dead,1950,Fiction
Dine In!,1950,Non-Fiction
The Promise of Love (The Book of Love),1950,Fiction
Statesmen of the Lost Cause,1950,Self-Help
A Monster Sandwich (The Story Box - Level 1 - Set B - for Emergent Readers) [Paperback],1950,Fiction
The Very Hungry Caterpillar (English and Arabic Edition),1950,Fiction
Sounds from the Heart: Learning to Listen to Girls,1950,Non-Fiction
Hunting Evil,1950,Non-Fiction
Les Chiens De Paris,1950,Fiction
Acoustic & Digital Piano Buyer Fall 2017: Supplement to The Piano Book,1950,Self-Help
Sugary Sweets (A Taste of Love Series),1950,Fiction
"The English Monster: or, The Melancholy Transactions of William Ablass",1950,Fiction
PQL 3 - Lola (Spanish Edition),1960,Self-Help
"A sermon, preached at the execution of Moses Paul, an Indian: who was executed at New-Haven, on the 2d of September, 1772, for the murder of Mr. Moses ... 1771 : preached at the desire of said Paul.",1960,Self-Help
"Business Associations: Agency, Partnerships, LLCs, and Corporations- 2013 Statutes and Rules",1960,Non-Fiction
Inspector Imanishi Investigates (Soho Crime),1960,Fiction
Officially Dead,1960,Fiction
Dine In!,1960,Non-Fiction
The Promise of Love (The Book of Love),1960,Fiction
Statesmen of the Lost Cause,1960,Self-Help
A Monster Sandwich (The Story Box - Level 1 - Set B - for Emergent Readers) [Paperback],1960,Fiction
The Very Hungry Caterpillar (English and Arabic Edition),1960,Fiction
Sounds from the Heart: Learning to Listen to Girls,1960,Non-Fiction
Hunting Evil,1960,Non-Fiction
Les Chiens De Paris,1960,Fiction
Acoustic & Digital Piano Buyer Fall 2017: Supplement to The Piano Book,1960,Self-Help
Sugary Sweets (A Taste of Love Series),1960,Fiction
"The English Monster: or, The Melancholy Transactions of William Ablass",1960,Fiction
PQL 3 - Lola (Spanish Edition),1970,Self-Help
"A sermon, preached at the execution of Moses Paul, an Indian: who was executed at New-Haven, on the 2d of September, 1772, for the murder of Mr. Moses ... 1771 : preached at the desire of said Paul.",1970,Self-Help
"Business Associations: Agency, Partnerships, LLCs, and Corporations- 2013 Statutes and Rules",1970,Non-Fiction
Inspector Imanishi Investigates (Soho Crime),1970,Fiction
Officially Dead,1970,Fiction
Dine In!,1970,Non-Fiction
The Promise of Love (The Book of Love),1970,Fiction
Statesmen of the Lost Cause,1970,Self-Help
A Monster Sandwich (The Story Box - Level 1 - Set B - for Emergent Readers) [Paperback],1970,Fiction
The Very Hungry Caterpillar (English and Arabic Edition),1970,Fiction
Sounds from the Heart: Learning to Listen to Girls,1970,Non-Fiction
Hunting Evil,1970,Non-Fiction
Les Chiens De Paris,1970,Fiction
Acoustic & Digital Piano Buyer Fall 2017: Supplement to The Piano Book,1970,Self-Help
Sugary Sweets (A Taste of Love Series),1970,Fiction
"The English Monster: or, The Melancholy Transactions of William Ablass",1970,Fiction
PQL 3 - Lola (Spanish Edition),1980,Self-Help
"A sermon, preached at the execution of Moses Paul, an Indian: who was executed at New-Haven, on the 2d of September, 1772, for the murder of Mr. Moses ... 1771 : preached at the desire of said Paul.",1980,Self-Help
"Business Associations: Agency, Partnerships, LLCs, and Corporations- 2013 Statutes and Rules",1980,Non-Fiction
Inspector Imanishi Investigates (Soho Crime),1980,Fiction
Officially Dead,1980,Fiction
Dine In!,1980,Non-Fiction
The Promise of Love (The Book of Love),1980,Fiction
Statesmen of the Lost Cause,1980,Self-Help
A Monster Sandwich (The Story Box - Level 1 - Set B - for Emergent Readers) [Paperback],1980,Fiction
The Very Hungry Caterpillar (English and Arabic Edition),1980,Fiction
Sounds from the Heart: Learning to Listen to Girls,1980,Non-Fiction
Hunting Evil,1980,Non-Fiction
Les Chiens De Paris,1980,Fiction
Acoustic & Digital Piano Buyer Fall 2017: Supplement to The Piano Book,1980,Self-Help
Sugary Sweets (A Taste of Love Series),1980,Fiction
"The English Monster: or, The Melancholy Transactions of William Ablass",1980,Fiction
PQL 3 - Lola (Spanish Edition),1990,Self-Help
"A sermon, preached at the execution of Moses Paul, an Indian: who was executed at New-Haven, on the 2d of September, 1772, for the murder of Mr. Moses ... 1771 : preached at the desire of said Paul.",1990,Self-Help
"Business Associations: Agency, Partnerships, LLCs, and Corporations- 2013 Statutes and Rules",1990,Non-Fiction
Inspector Imanishi Investigates (Soho Crime),1990,Fiction
Officially Dead,1990,Fiction
Dine In!,1990,Non-Fiction
The Promise of Love (The Book of Love),1990,Fiction
Statesmen of the Lost Cause,1990,Self-Help
A Monster Sandwich (The Story Box - Level 1 - Set B - for Emergent Readers) [Paperback],1990,Fiction
The Very Hungry Caterpillar (English and Arabic Edition),1990,Fiction
Sounds from the Heart: Learning to Listen to Girls,1990,Non-Fiction
Hunting Evil,1990,Non-Fiction
Les Chiens De Paris,1990,Fiction
Acoustic & Digital Piano Buyer Fall 2017: Supplement to The Piano Book,1990,Self-Help
Sugary Sweets (A Taste of Love Series),1990,Fiction
"The English Monster: or, The Melancholy Transactions of William Ablass",1990,Fiction
PQL 3 - Lola (Spanish Edition),2000,Self-Help
"A sermon, preached at the execution of Moses Paul, an Indian: who was executed at New-Haven, on the 2d of September, 1772, for the murder of Mr. Moses ... 1771 : preached at the desire of said Paul.",2000,Self-Help
"Business Associations: Agency, Partnerships, LLCs, and Corporations- 2013 Statutes and Rules",2000,Non-Fiction
Inspector Imanishi Investigates (Soho Crime),2000,Fiction
Officially Dead,2000,Fiction
Dine In!,2000,Non-Fiction
The Promise of Love (The Book of Love),2000,Fiction
Statesmen of the Lost Cause,2000,Self-Help
A Monster Sandwich (The Story Box - Level 1 - Set B - for Emergent Readers) [Paperback],2000,Fiction
The Very Hungry Caterpillar (English and Arabic Edition),2000,Fiction
Sounds from the Heart: Learning to Listen to Girls,2000,Non-Fiction
Hunting Evil,2000,Non-Fiction
Les Chiens De Paris,2000,Fiction
Acoustic & Digital Piano Buyer Fall 2017: Supplement to The Piano Book,2000,Self-Help
Sugary Sweets (A Taste of Love Series),2000,Fiction
"The English Monster: or, The Melancholy Transactions of William Ablass",2000,Fiction
PQL 3 - Lola (Spanish Edition),2010,Self-Help
"A sermon, preached at the execution of Moses Paul, an Indian: who was executed at New-Haven, on the 2d of September, 1772, for the murder of Mr. Moses ... 1771 : preached at the desire of said Paul.",2010,Self-Help
"Business Associations: Agency, Partnerships, LLCs, and Corporations- 2013 Statutes and Rules",2010,Non-Fiction
Inspector Imanishi Investigates (Soho Crime),2010,Fiction
Officially Dead,2010,Fiction
Dine In!,2010,Non-Fiction
The Promise of Love (The Book of Love),2010,Fiction
Statesmen of the Lost Cause,2010,Self-Help
A Monster Sandwich (The Story Box - Level 1 - Set B - for Emergent Readers) [Paperback],2010,Fiction
The Very Hungry Caterpillar (English and Arabic Edition),2010,Fiction
Sounds from the Heart: Learning to Listen to Girls,2010,Non-Fiction
Hunting Evil,2010,Non-Fiction
Les Chiens De Paris,2010,Fiction
Acoustic & Digital Piano Buyer Fall 2017: Supplement to The Piano Book,2010,Self-Help
Sugary Sweets (A Taste of Love Series),2010,Fiction
"The English Monster: or, The Melancholy Transactions of William Ablass",2010,Fiction
PQL 3 - Lola (Spanish Edition),2020,Self-Help
"A sermon, preached at the execution of Moses Paul, an Indian: who was executed at New-Haven, on the 2d of September, 1772, for the murder of Mr. Moses ... 1771 : preached at the desire of said Paul.",2020,Self-Help
"Business Associations: Agency, Partnerships, LLCs, and Corporations- 2013 Statutes and Rules",2020,Non-Fiction
Inspector Imanishi Investigates (Soho Crime),2020,Fiction
Officially Dead,2020,Fiction
Dine In!,2020,Non-Fiction
The Promise of Love (The Book of Love),2020,Fiction
Statesmen of the Lost Cause,2020,Self-Help
A Monster Sandwich (The Story Box - Level 1 - Set B - for Emergent Readers) [Paperback],2020,Fiction
The Very Hungry Caterpillar (English and Arabic Edition),2020,Fiction
Sounds from the Heart: Learning to Listen to Girls,2020,Non-Fiction
Hunting Evil,2020,Non-Fiction
Les Chiens De Paris,2020,Fiction
Acoustic & Digital Piano Buyer Fall 2017: Supplement to The Piano Book,2020,Self-Help
Sugary Sweets (A Taste of Love Series),2020,Fiction
"The English Monster: or, The Melancholy Transactions of William Ablass",2020,Fiction
More Together: 25 Years of Peer Practice at On Our Own Charlottesville,1900,Self-Help
Never Sniff a Gift Fish,1900,Non-Fiction
"Markov Chain Monte Carlo: Stochastic Simulation for Bayesian Inference, Second Edition (Chapman & Hall/CRC Texts in Statistical Science)",1900,Non-Fiction
Therapy Mammals,1900,Fiction
"A Most Dangerous Book: Tacitus's Germania from the Roman Empire to the Third Reich",1900,Non-Fiction
The Prophet: With Original 1923 Illustrations by the Author,1900,Fiction
MCSE/MCTS SQL Server 2008 R2 / 2012 Exam 70- 432 & 462 ExamFOCUS Study Notes & Review Questions,1900,Self-Help
The Melancholy Strumpet Master,1900,Fiction
Egypt (Enchantment of the World),1900,Non-Fiction
"Shane, Sheba and Sky: From Abandoned to Loved, How Three Rescue Dogs Transformed One Man's Life",1900,Memoir
Law and Legitimacy in the Supreme Court,1900,Non-Fiction
"Retreat Yourself: How To Create Your Own Writer's Retreat",1900,Self-Help
"David Busch's Canon EOS Rebel T6/1300D Guide to Digital SLR Photography (The David Busch Camera Guide Series)",1900,Non-Fiction
Reptilian,1900,Fiction
Grade Five Music Theory: for ABRSM Candidates (MyMusicTheory Complete Courses),1900,Non-Fiction
Oregon Birds: A Folding Pocket Guide to Familiar Species (Wildlife and Nature Identification),1900,Non-Fiction
More Together: 25 Years of Peer Practice at On Our Own Charlottesville,1910,Self-Help
Never Sniff a Gift Fish,1910,Non-Fiction
"Markov Chain Monte Carlo: Stochastic Simulation for Bayesian Inference, Second Edition (Chapman & Hall/CRC Texts in Statistical Science)",1910,Non-Fiction
Therapy Mammals,1910,Fiction
"A Most Dangerous Book: Tacitus's Germania from the Roman Empire to the Third Reich",1910,Non-Fiction
The Prophet: With Original 1923 Illustrations by the Author,1910,Fiction
MCSE/MCTS SQL Server 2008 R2 / 2012 Exam 70- 432 & 462 ExamFOCUS Study Notes & Review Questions,1910,Self-Help
The Melancholy Strumpet Master,1910,Fiction
Egypt (Enchantment of the World),1910,Non-Fiction
"Shane, Sheba and Sky: From Abandoned to Loved, How Three Rescue Dogs Transformed One Man's Life",1910,Memoir
Law and Legitimacy in the Supreme Court,1910,Non-Fiction
"Retreat Yourself: How To Create Your Own Writer's Retreat",1910,Self-Help
"David Busch's Canon EOS Rebel T6/1300D Guide to Digital SLR Photography (The David Busch Camera Guide Series)",1910,Non-Fiction
Reptilian,1910,Fiction
Grade Five Music Theory: for ABRSM Candidates (MyMusicTheory Complete Courses),1910,Non-Fiction
Oregon Birds: A Folding Pocket Guide to Familiar Species (Wildlife and Nature Identification),1910,Non-Fiction
More Together: 25 Years of Peer Practice at On Our Own Charlottesville,1920,Self-Help
Never Sniff a Gift Fish,1920,Non-Fiction
"Markov Chain Monte Carlo: Stochastic Simulation for Bayesian Inference, Second Edition (Chapman & Hall/CRC Texts in Statistical Science)",1920,Non-Fiction
Therapy Mammals,1920,Fiction
"A Most Dangerous Book: Tacitus's Germania from the Roman Empire to the Third Reich",1920,Non-Fiction
The Prophet: With Original 1923 Illustrations by the Author,1920,Fiction
MCSE/MCTS SQL Server 2008 R2 / 2012 Exam 70- 432 & 462 ExamFOCUS Study Notes & Review Questions,1920,Self-Help
The Melancholy Strumpet Master,1920,Fiction
Egypt (Enchantment of the World),1920,Non-Fiction
"Shane, Sheba and Sky: From Abandoned to Loved, How Three Rescue Dogs Transformed One Man's Life",1920,Memoir
Law and Legitimacy in the Supreme Court,1920,Non-Fiction
"Retreat Yourself: How To Create Your Own Writer's Retreat",1920,Self-Help
"David Busch's Canon EOS Rebel T6/1300D Guide to Digital SLR Photography (The David Busch Camera Guide Series)",1920,Non-Fiction
Reptilian,1920,Fiction
Grade Five Music Theory: for ABRSM Candidates (MyMusicTheory Complete Courses),1920,Non-Fiction
Oregon Birds: A Folding Pocket Guide to Familiar Species (Wildlife and Nature Identification),1920,Non-Fiction
More Together: 25 Years of Peer Practice at On Our Own Charlottesville,1930,Self-Help
Never Sniff a Gift Fish,1930,Non-Fiction
"Markov Chain Monte Carlo: Stochastic Simulation for Bayesian Inference, Second Edition (Chapman & Hall/CRC Texts in Statistical Science)",1930,Non-Fiction
Therapy Mammals,1930,Fiction
"A Most Dangerous Book: Tacitus's Germania from the Roman Empire to the Third Reich",1930,Non-Fiction
The Prophet: With Original 1923 Illustrations by the Author,1930,Fiction
MCSE/MCTS SQL Server 2008 R2 / 2012 Exam 70- 432 & 462 ExamFOCUS Study Notes & Review Questions,1930,Self-Help
The Melancholy Strumpet Master,1930,Fiction
Egypt (Enchantment of the World),1930,Non-Fiction
"Shane, Sheba and Sky: From Abandoned to Loved, How Three Rescue Dogs Transformed One Man's Life",1930,Memoir
Law and Legitimacy in the Supreme Court,1930,Non-Fiction
"Retreat Yourself: How To Create Your Own Writer's Retreat",1930,Self-Help
"David Busch's Canon EOS Rebel T6/1300D Guide to Digital SLR Photography (The David Busch Camera Guide Series)",1930,Non-Fiction
Reptilian,1930,Fiction
Grade Five Music Theory: for ABRSM Candidates (MyMusicTheory Complete Courses),1930,Non-Fiction
Oregon Birds: A Folding Pocket Guide to Familiar Species (Wildlife and Nature Identification),1930,Non-Fiction
More Together: 25 Years of Peer Practice at On Our Own Charlottesville,1940,Self-Help
Never Sniff a Gift Fish,1940,Non-Fiction
"Markov Chain Monte Carlo: Stochastic Simulation for Bayesian Inference, Second Edition (Chapman & Hall/CRC Texts in Statistical Science)",1940,Non-Fiction
Therapy Mammals,1940,Fiction
"A Most Dangerous Book: Tacitus's Germania from the Roman Empire to the Third Reich",1940,Non-Fiction
The Prophet: With Original 1923 Illustrations by the Author,1940,Fiction
MCSE/MCTS SQL Server 2008 R2 / 2012 Exam 70- 432 & 462 ExamFOCUS Study Notes & Review Questions,1940,Self-Help
The Melancholy Strumpet Master,1940,Fiction
Egypt (Enchantment of the World),1940,Non-Fiction
"Shane, Sheba and Sky: From Abandoned to Loved, How Three Rescue Dogs Transformed One Man's Life",1940,Memoir
Law and Legitimacy in the Supreme Court,1940,Non-Fiction
"Retreat Yourself: How To Create Your Own Writer's Retreat",1940,Self-Help
"David Busch's Canon EOS Rebel T6/1300D Guide to Digital SLR Photography (The David Busch Camera Guide Series)",1940,Non-Fiction
Reptilian,1940,Fiction
Grade Five Music Theory: for ABRSM Candidates (MyMusicTheory Complete Courses),1940,Non-Fiction
Oregon Birds: A Folding Pocket Guide to Familiar Species (Wildlife and Nature Identification),1940,Non-Fiction
More Together: 25 Years of Peer Practice at On Our Own Charlottesville,1950,Self-Help
Never Sniff a Gift Fish,1950,Non-Fiction
"Markov Chain Monte Carlo: Stochastic Simulation for Bayesian Inference, Second Edition (Chapman & Hall/CRC Texts in Statistical Science)",1950,Non-Fiction
Therapy Mammals,1950,Fiction
"A Most Dangerous Book: Tacitus's Germania from the Roman Empire to the Third Reich",1950,Non-Fiction
The Prophet: With Original 1923 Illustrations by the Author,1950,Fiction
MCSE/MCTS SQL Server 2008 R2 / 2012 Exam 70- 432 & 462 ExamFOCUS Study Notes & Review Questions,1950,Self-Help
The Melancholy Strumpet Master,1950,Fiction
Egypt (Enchantment of the World),1950,Non-Fiction
"Shane, Sheba and Sky: From Abandoned to Loved, How Three Rescue Dogs Transformed One Man's Life",1950,Memoir
Law and Legitimacy in the Supreme Court,1950,Non-Fiction
"Retreat Yourself: How To Create Your Own Writer's Retreat",1950,Self-Help
"David Busch's Canon EOS Rebel T6/1300D Guide to Digital SLR Photography (The David Busch Camera Guide Series)",1950,Non-Fiction
Reptilian,1950,Fiction
Grade Five Music Theory: for ABRSM Candidates (MyMusicTheory Complete Courses),1950,Non-Fiction
Oregon Birds: A Folding Pocket Guide to Familiar Species (Wildlife and Nature Identification),1950,Non-Fiction
More Together: 25 Years of Peer Practice at On Our Own Charlottesville,1960,Self-Help
Never Sniff a Gift Fish,1960,Non-Fiction
"Markov Chain Monte Carlo: Stochastic Simulation for Bayesian Inference, Second Edition (Chapman & Hall/CRC Texts in Statistical Science)",1960,Non-Fiction
Therapy Mammals,1960,Fiction
"A Most Dangerous Book: Tacitus's Germania from the Roman Empire to the Third Reich",1960,Non-Fiction
The Prophet: With Original 1923 Illustrations by the Author,1960,Fiction
MCSE/MCTS SQL Server 2008 R2 / 2012 Exam 70- 432 & 462 ExamFOCUS Study Notes & Review Questions,1960,Self-Help
The Melancholy Strumpet Master,1960,Fiction
Egypt (Enchantment of the World),1960,Non-Fiction
"Shane, Sheba and Sky: From Abandoned to Loved, How Three Rescue Dogs Transformed One Man's Life",1960,Memoir
Law and Legitimacy in the Supreme Court,1960,Non-Fiction
"Retreat Yourself: How To Create Your Own Writer's Retreat",1960,Self-Help
"David Busch's Canon EOS Rebel T6/1300D Guide to Digital SLR Photography (The David Busch Camera Guide Series)",1960,Non-Fiction
Reptilian,1960,Fiction
Grade Five Music Theory: for ABRSM Candidates (MyMusicTheory Complete Courses),1960,Non-Fiction
Oregon Birds: A Folding Pocket Guide to Familiar Species (Wildlife and Nature Identification),1960,Non-Fiction
More Together: 25 Years of Peer Practice at On Our Own Charlottesville,1970,Self-Help
Never Sniff a Gift Fish,1970,Non-Fiction
"Markov Chain Monte Carlo: Stochastic Simulation for Bayesian Inference, Second Edition (Chapman & Hall/CRC Texts in Statistical Science)",1970,Non-Fiction
Therapy Mammals,1970,Fiction
"A Most Dangerous Book: Tacitus's Germania from the Roman Empire to the Third Reich",1970,Non-Fiction
The Prophet: With Original 1923 Illustrations by the Author,1970,Fiction
MCSE/MCTS SQL Server 2008 R2 / 2012 Exam 70- 432 & 462 ExamFOCUS Study Notes & Review Questions,1970,Self-Help
The Melancholy Strumpet Master,1970,Fiction
Egypt (Enchantment of the World),1970,Non-Fiction
"Shane, Sheba and Sky: From Abandoned to Loved, How Three Rescue Dogs Transformed One Man's Life",1970,Memoir
Law and Legitimacy in the Supreme Court,1970,Non-Fiction
"Retreat Yourself: How To Create Your Own Writer's Retreat",1970,Self-Help
"David Busch's Canon EOS Rebel T6/1300D Guide to Digital SLR Photography (The David Busch Camera Guide Series)",1970,Non-Fiction
Reptilian,1970,Fiction
Grade Five Music Theory: for ABRSM Candidates (MyMusicTheory Complete Courses),1970,Non-Fiction
Oregon Birds: A Folding Pocket Guide to Familiar Species (Wildlife and Nature Identification),1970,Non-Fiction
More Together: 25 Years of Peer Practice at On Our Own Charlottesville,1980,Self-Help
Never Sniff a Gift Fish,1980,Non-Fiction
"Markov Chain Monte Carlo: Stochastic Simulation for Bayesian Inference, Second Edition (Chapman & Hall/CRC Texts in Statistical Science)",1980,Non-Fiction
Therapy Mammals,1980,Fiction
"A Most Dangerous Book: Tacitus's Germania from the Roman Empire to the Third Reich",1980,Non-Fiction
The Prophet: With Original 1923 Illustrations by the Author,1980,Fiction
MCSE/MCTS SQL Server 2008 R2 / 2012 Exam 70- 432 & 462 ExamFOCUS Study Notes & Review Questions,1980,Self-Help
The Melancholy Strumpet Master,1980,Fiction
Egypt (Enchantment of the World),1980,Non-Fiction
"Shane, Sheba and Sky: From Abandoned to Loved, How Three Rescue Dogs Transformed One Man's Life",1980,Memoir
Law and Legitimacy in the Supreme Court,1980,Non-Fiction
"Retreat Yourself: How To Create Your Own Writer's Retreat",1980,Self-Help
"David Busch's Canon EOS Rebel T6/1300D Guide to Digital SLR Photography (The David Busch Camera Guide Series)",1980,Non-Fiction
Reptilian,1980,Fiction
Grade Five Music Theory: for ABRSM Candidates (MyMusicTheory Complete Courses),1980,Non-Fiction
Oregon Birds: A Folding Pocket Guide to Familiar Species (Wildlife and Nature Identification),1980,Non-Fiction
More Together: 25 Years of Peer Practice at On Our Own Charlottesville,1990,Self-Help
Never Sniff a Gift Fish,1990,Non-Fiction
"Markov Chain Monte Carlo: Stochastic Simulation for Bayesian Inference, Second Edition (Chapman & Hall/CRC Texts in Statistical Science)",1990,Non-Fiction
Therapy Mammals,1990,Fiction
"A Most Dangerous Book: Tacitus's Germania from the Roman Empire to the Third Reich",1990,Non-Fiction
The Prophet: With Original 1923 Illustrations by the Author,1990,Fiction
MCSE/MCTS SQL Server 2008 R2 / 2012 Exam 70- 432 & 462 ExamFOCUS Study Notes & Review Questions,1990,Self-Help
The Melancholy Strumpet Master,1990,Fiction
Egypt (Enchantment of the World),1990,Non-Fiction
"Shane, Sheba and Sky: From Abandoned to Loved, How Three Rescue Dogs Transformed One Man's Life",1990,Memoir
Law and Legitimacy in the Supreme Court,1990,Non-Fiction
"Retreat Yourself: How To Create Your Own Writer's Retreat",1990,Self-Help
"David Busch's Canon EOS Rebel T6/1300D Guide to Digital SLR Photography (The David Busch Camera Guide Series)",1990,Non-Fiction
Reptilian,1990,Fiction
Grade Five Music Theory: for ABRSM Candidates (MyMusicTheory Complete Courses),1990,Non-Fiction
Oregon Birds: A Folding Pocket Guide to Familiar Species (Wildlife and Nature Identification),1990,Non-Fiction
More Together: 25 Years of Peer Practice at On Our Own Charlottesville,2000,Self-Help
Never Sniff a Gift Fish,2000,Non-Fiction
"Markov Chain Monte Carlo: Stochastic Simulation for Bayesian Inference, Second Edition (Chapman & Hall/CRC Texts in Statistical Science)",2000,Non-Fiction
Therapy Mammals,2000,Fiction
"A Most Dangerous Book: Tacitus's Germania from the Roman Empire to the Third Reich",2000,Non-Fiction
The Prophet: With Original 1923 Illustrations by the Author,2000,Fiction
MCSE/MCTS SQL Server 2008 R2 / 2012 Exam 70- 432 & 462 ExamFOCUS Study Notes & Review Questions,2000,Self-Help
The Melancholy Strumpet Master,2000,Fiction
Egypt (Enchantment of the World),2000,Non-Fiction
"Shane, Sheba and Sky: From Abandoned to Loved, How Three Rescue Dogs Transformed One Man's Life",2000,Memoir
Law and Legitimacy in the Supreme Court,2000,Non-Fiction
"Retreat Yourself: How To Create Your Own Writer's Retreat",2000,Self-Help
"David Busch's Canon EOS Rebel T6/1300D Guide to Digital SLR Photography (The David Busch Camera Guide Series)",2000,Non-Fiction
Reptilian,2000,Fiction
Grade Five Music Theory: for ABRSM Candidates (MyMusicTheory Complete Courses),2000,Non-Fiction
Oregon Birds: A Folding Pocket Guide to Familiar Species (Wildlife and Nature Identification),2000,Non-Fiction
More Together: 25 Years of Peer Practice at On Our Own Charlottesville,2010,Self-Help
Never Sniff a Gift Fish,2010,Non-Fiction
"Markov Chain Monte Carlo: Stochastic Simulation for Bayesian Inference, Second Edition (Chapman & Hall/CRC Texts in Statistical Science)",2010,Non-Fiction
Therapy Mammals,2010,Fiction
"A Most Dangerous Book: Tacitus's Germania from the Roman Empire to the Third Reich",2010,Non-Fiction
The Prophet: With Original 1923 Illustrations by the Author,2010,Fiction
MCSE/MCTS SQL Server 2008 R2 / 2012 Exam 70- 432 & 462 ExamFOCUS Study Notes & Review Questions,2010,Self-Help
The Melancholy Strumpet Master,2010,Fiction
Egypt (Enchantment of the World),2010,Non-Fiction
"Shane, Sheba and Sky: From Abandoned to Loved, How Three Rescue Dogs Transformed One Man's Life",2010,Memoir
Law and Legitimacy in the Supreme Court,2010,Non-Fiction
"Retreat Yourself: How To Create Your Own Writer's Retreat",2010,Self-Help
"David Busch's Canon EOS Rebel T6/1300D Guide to Digital SLR Photography (The David Busch Camera Guide Series)",2010,Non-Fiction
Reptilian,2010,Fiction
Grade Five Music Theory: for ABRSM Candidates (MyMusicTheory Complete Courses),2010,Non-Fiction
Oregon Birds: A Folding Pocket Guide to Familiar Species (Wildlife and Nature Identification),2010,Non-Fiction
More Together: 25 Years of Peer Practice at On Our Own Charlottesville,2020,Self-Help
Never Sniff a Gift Fish,2020,Non-Fiction
"Markov Chain Monte Carlo: Stochastic Simulation for Bayesian Inference, Second Edition (Chapman & Hall/CRC Texts in Statistical Science)",2020,Non-Fiction
Therapy Mammals,2020,Fiction
"A Most Dangerous Book: Tacitus's Germania from the Roman Empire to the Third Reich",2020,Non-Fiction
The Prophet: With Original 1923 Illustrations by the Author,2020,Fiction
MCSE/MCTS SQL Server 2008 R2 / 2012 Exam 70- 432 & 462 ExamFOCUS Study Notes & Review Questions,2020,Self-Help
The Melancholy Strumpet Master,2020,Fiction
Egypt (Enchantment of the World),2020,Non-Fiction
"Shane, Sheba and Sky: From Abandoned to Loved, How Three Rescue Dogs Transformed One Man's Life",2020,Memoir
Law and Legitimacy in the Supreme Court,2020,Non-Fiction
"Retreat Yourself: How To Create Your Own Writer's Retreat",2020,Self-Help
"David Busch's Canon EOS Rebel T6/1300D Guide to Digital SLR Photography (The David Busch Camera Guide Series)",2020,Non-Fiction
Reptilian,2020,Fiction
Grade Five Music Theory: for ABRSM Candidates (MyMusicTheory Complete Courses),2020,Non-Fiction
Oregon Birds: A Folding Pocket Guide to Familiar Species (Wildlife and Nature Identification),2020,Non-Fiction
"Who'd a thought it!",1900,Self-Help
"Clark the Shark: Tooth Trouble, No. 1",1900,Fiction
Primeval: A Journal of the Uncanny - Issue #1,1900,Fiction
The Mercenary Code (The Shattering of Kingdoms),1900,Fiction
Health Information Networking Course Booklet,1900,Self-Help
"I Hadn't Meant to Tell You This",1900,Fiction
Graphite Rod Repair,1900,Non-Fiction
Favorite Thorton W. Burgess Stories: 6 Books,1900,Self-Help
Behind the Wheel (Choose Your Own Adventure #35)(Paperback/Revised),1900,Fiction
"Goodnight Riley and the Moon, It's Almost Bedtime: Personalized Children’s Books, Personalized Gifts, and Bedtime Stories (A Magnificent Me! estorytime.com Series)",1900,Fiction
50 Ways to Wear Denim,1900,Non-Fiction
Comprehension Mini-lessons,1900,Non-Fiction
Tom Selleck: An Unauthorized Biography,1900,Biography
Collectible Beer Trays (A Schiffer Book for Collectors),1900,Non-Fiction
How to Open & Operate a Financially Successful Web-Based Business: With Companion CD-ROM,1900,Non-Fiction
"Beyond Success: Building a Personal, Financial, and Philanthropic Legacy",1900,Self-Help
"Who'd a thought it!",1910,Self-Help
"Clark the Shark: Tooth Trouble, No. 1",1910,Fiction
Primeval: A Journal of the Uncanny - Issue #1,1910,Fiction
The Mercenary Code (The Shattering of Kingdoms),1910,Fiction
Health Information Networking Course Booklet,1910,Self-Help
"I Hadn't Meant to Tell You This",1910,Fiction
Graphite Rod Repair,1910,Non-Fiction
Favorite Thorton W. Burgess Stories: 6 Books,1910,Self-Help
Behind the Wheel (Choose Your Own Adventure #35)(Paperback/Revised),1910,Fiction
"Goodnight Riley and the Moon, It's Almost Bedtime: Personalized Children’s Books, Personalized Gifts, and Bedtime Stories (A Magnificent Me! estorytime.com Series)",1910,Fiction
50 Ways to Wear Denim,1910,Non-Fiction
Comprehension Mini-lessons,1910,Non-Fiction
Tom Selleck: An Unauthorized Biography,1910,Biography
Collectible Beer Trays (A Schiffer Book for Collectors),1910,Non-Fiction
How to Open & Operate a Financially Successful Web-Based Business: With Companion CD-ROM,1910,Non-Fiction
"Beyond Success: Building a Personal, Financial, and Philanthropic Legacy",1910,Self-Help
"Who'd a thought it!",1920,Self-Help
"Clark the Shark: Tooth Trouble, No. 1",1920,Fiction
Primeval: A Journal of the Uncanny - Issue #1,1920,Fiction
The Mercenary Code (The Shattering of Kingdoms),1920,Fiction
Health Information Networking Course Booklet,1920,Self-Help
"I Hadn't Meant to Tell You This",1920,Fiction
Graphite Rod Repair,1920,Non-Fiction
Favorite Thorton W. Burgess Stories: 6 Books,1920,Self-Help
Behind the Wheel (Choose Your Own Adventure #35)(Paperback/Revised),1920,Fiction
"Goodnight Riley and the Moon, It's Almost Bedtime: Personalized Children’s Books, Personalized Gifts, and Bedtime Stories (A Magnificent Me! estorytime.com Series)",1920,Fiction
50 Ways to Wear Denim,1920,Non-Fiction
Comprehension Mini-lessons,1920,Non-Fiction
Tom Selleck: An Unauthorized Biography,1920,Biography
Collectible Beer Trays (A Schiffer Book for Collectors),1920,Non-Fiction
How to Open & Operate a Financially Successful Web-Based Business: With Companion CD-ROM,1920,Non-Fiction
"Beyond Success: Building a Personal, Financial, and Philanthropic Legacy",1920,Self-Help
"Who'd a thought it!",1930,Self-Help
"Clark the Shark: Tooth Trouble, No. 1",1930,Fiction
Primeval: A Journal of the Uncanny - Issue #1,1930,Fiction
The Mercenary Code (The Shattering of Kingdoms),1930,Fiction
Health Information Networking Course Booklet,1930,Self-Help
"I Hadn't Meant to Tell You This",1930,Fiction
Graphite Rod Repair,1930,Non-Fiction
Favorite Thorton W. Burgess Stories: 6 Books,1930,Self-Help
Behind the Wheel (Choose Your Own Adventure #35)(Paperback/Revised),1930,Fiction
"Goodnight Riley and the Moon, It's Almost Bedtime: Personalized Children’s Books, Personalized Gifts, and Bedtime Stories (A Magnificent Me! estorytime.com Series)",1930,Fiction
50 Ways to Wear Denim,1930,Non-Fiction
Comprehension Mini-lessons,1930,Non-Fiction
Tom Selleck: An Unauthorized Biography,1930,Biography
Collectible Beer Trays (A Schiffer Book for Collectors),1930,Non-Fiction
How to Open & Operate a Financially Successful Web-Based Business: With Companion CD-ROM,1930,Non-Fiction
"Beyond Success: Building a Personal, Financial, and Philanthropic Legacy",1930,Self-Help
"Who'd a thought it!",1940,Self-Help
"Clark the Shark: Tooth Trouble, No. 1",1940,Fiction
Primeval: A Journal of the Uncanny - Issue #1,1940,Fiction
The Mercenary Code (The Shattering of Kingdoms),1940,Fiction
Health Information Networking Course Booklet,1940,Self-Help
"I Hadn't Meant to Tell You This",1940,Fiction
Graphite Rod Repair,1940,Non-Fiction
Favorite Thorton W. Burgess Stories: 6 Books,1940,Self-Help
Behind the Wheel (Choose Your Own Adventure #35)(Paperback/Revised),1940,Fiction
"Goodnight Riley and the Moon, It's Almost Bedtime: Personalized Children’s Books, Personalized Gifts, and Bedtime Stories (A Magnificent Me! estorytime.com Series)",1940,Fiction
50 Ways to Wear Denim,1940,Non-Fiction
Comprehension Mini-lessons,1940,Non-Fiction
Tom Selleck: An Unauthorized Biography,1940,Biography
Collectible Beer Trays (A Schiffer Book for Collectors),1940,Non-Fiction
How to Open & Operate a Financially Successful Web-Based Business: With Companion CD-ROM,1940,Non-Fiction
"Beyond Success: Building a Personal, Financial, and Philanthropic Legacy",1940,Self-Help
"Who'd a thought it!",1950,Self-Help
"Clark the Shark: Tooth Trouble, No. 1",1950,Fiction
Primeval: A Journal of the Uncanny - Issue #1,1950,Fiction
The Mercenary Code (The Shattering of Kingdoms),1950,Fiction
Health Information Networking Course Booklet,1950,Self-Help
"I Hadn't Meant to Tell You This",1950,Fiction
Graphite Rod Repair,1950,Non-Fiction
Favorite Thorton W. Burgess Stories: 6 Books,1950,Self-Help
Behind the Wheel (Choose Your Own Adventure #35)(Paperback/Revised),1950,Fiction
"Goodnight Riley and the Moon, It's Almost Bedtime: Personalized Children’s Books, Personalized Gifts, and Bedtime Stories (A Magnificent Me! estorytime.com Series)",1950,Fiction
50 Ways to Wear Denim,1950,Non-Fiction
Comprehension Mini-lessons,1950,Non-Fiction
Tom Selleck: An Unauthorized Biography,1950,Biography
Collectible Beer Trays (A Schiffer Book for Collectors),1950,Non-Fiction
How to Open & Operate a Financially Successful Web-Based Business: With Companion CD-ROM,1950,Non-Fiction
"Beyond Success: Building a Personal, Financial, and Philanthropic Legacy",1950,Self-Help
"Who'd a thought it!",1960,Self-Help
"Clark the Shark: Tooth Trouble, No. 1",1960,Fiction
Primeval: A Journal of the Uncanny - Issue #1,1960,Fiction
The Mercenary Code (The Shattering of Kingdoms),1960,Fiction
Health Information Networking Course Booklet,1960,Self-Help
"I Hadn't Meant to Tell You This",1960,Fiction
Graphite Rod Repair,1960,Non-Fiction
Favorite Thorton W. Burgess Stories: 6 Books,1960,Self-Help
Behind the Wheel (Choose Your Own Adventure #35)(Paperback/Revised),1960,Fiction
"Goodnight Riley and the Moon, It's Almost Bedtime: Personalized Children’s Books, Personalized Gifts, and Bedtime Stories (A Magnificent Me! estorytime.com Series)",1960,Fiction
50 Ways to Wear Denim,1960,Non-Fiction
Comprehension Mini-lessons,1960,Non-Fiction
Tom Selleck: An Unauthorized Biography,1960,Biography
Collectible Beer Trays (A Schiffer Book for Collectors),1960,Non-Fiction
How to Open & Operate a Financially Successful Web-Based Business: With Companion CD-ROM,1960,Non-Fiction
"Beyond Success: Building a Personal, Financial, and Philanthropic Legacy",1960,Self-Help
"Who'd a thought it!",1970,Self-Help
"Clark the Shark: Tooth Trouble, No. 1",1970,Fiction
Primeval: A Journal of the Uncanny - Issue #1,1970,Fiction
The Mercenary Code (The Shattering of Kingdoms),1970,Fiction
Health Information Networking Course Booklet,1970,Self-Help
"I Hadn't Meant to Tell You This",1970,Fiction
Graphite Rod Repair,1970,Non-Fiction
Favorite Thorton W. Burgess Stories: 6 Books,1970,Self-Help
Behind the Wheel (Choose Your Own Adventure #35)(Paperback/Revised),1970,Fiction
"Goodnight Riley and the Moon, It's Almost Bedtime: Personalized Children’s Books, Personalized Gifts, and Bedtime Stories (A Magnificent Me! estorytime.com Series)",1970,Fiction
50 Ways to Wear Denim,1970,Non-Fiction
Comprehension Mini-lessons,1970,Non-Fiction
Tom Selleck: An Unauthorized Biography,1970,Biography
Collectible Beer Trays (A Schiffer Book for Collectors),1970,Non-Fiction
How to Open & Operate a Financially Successful Web-Based Business: With Companion CD-ROM,1970,Non-Fiction
"Beyond Success: Building a Personal, Financial, and Philanthropic Legacy",1970,Self-Help
"Who'd a thought it!",1980,Self-Help
"Clark the Shark: Tooth Trouble, No. 1",1980,Fiction
Primeval: A Journal of the Uncanny - Issue #1,1980,Fiction
The Mercenary Code (The Shattering of Kingdoms),1980,Fiction
Health Information Networking Course Booklet,1980,Self-Help
"I Hadn't Meant to Tell You This",1980,Fiction
Graphite Rod Repair,1980,Non-Fiction
Favorite Thorton W. Burgess Stories: 6 Books,1980,Self-Help
Behind the Wheel (Choose Your Own Adventure #35)(Paperback/Revised),1980,Fiction
"Goodnight Riley and the Moon, It's Almost Bedtime: Personalized Children’s Books, Personalized Gifts, and Bedtime Stories (A Magnificent Me! estorytime.com Series)",1980,Fiction
50 Ways to Wear Denim,1980,Non-Fiction
Comprehension Mini-lessons,1980,Non-Fiction
Tom Selleck: An Unauthorized Biography,1980,Biography
Collectible Beer Trays (A Schiffer Book for Collectors),1980,Non-Fiction
How to Open & Operate a Financially Successful Web-Based Business: With Companion CD-ROM,1980,Non-Fiction
"Beyond Success: Building a Personal, Financial, and Philanthropic Legacy",1980,Self-Help
"Who'd a thought it!",1990,Self-Help
"Clark the Shark: Tooth Trouble, No. 1",1990,Fiction
Primeval: A Journal of the Uncanny - Issue #1,1990,Fiction
The Mercenary Code (The Shattering of Kingdoms),1990,Fiction
Health Information Networking Course Booklet,1990,Self-Help
"I Hadn't Meant to Tell You This",1990,Fiction
Graphite Rod Repair,1990,Non-Fiction
Favorite Thorton W. Burgess Stories: 6 Books,1990,Self-Help
Behind the Wheel (Choose Your Own Adventure #35)(Paperback/Revised),1990,Fiction
"Goodnight Riley and the Moon, It's Almost Bedtime: Personalized Children’s Books, Personalized Gifts, and Bedtime Stories (A Magnificent Me! estorytime.com Series)",1990,Fiction
50 Ways to Wear Denim,1990,Non-Fiction
Comprehension Mini-lessons,1990,Non-Fiction
Tom Selleck: An Unauthorized Biography,1990,Biography
Collectible Beer Trays (A Schiffer Book for Collectors),1990,Non-Fiction
How to Open & Operate a Financially Successful Web-Based Business: With Companion CD-ROM,1990,Non-Fiction
"Beyond Success: Building a Personal, Financial, and Philanthropic Legacy",1990,Self-Help
"Who'd a thought it!",2000,Self-Help
"Clark the Shark: Tooth Trouble, No. 1",2000,Fiction
Primeval: A Journal of the Uncanny - Issue #1,2000,Fiction
The Mercenary Code (The Shattering of Kingdoms),2000,Fiction
Health Information Networking Course Booklet,2000,Self-Help
"I Hadn't Meant to Tell You This",2000,Fiction
Graphite Rod Repair,2000,Non-Fiction
Favorite Thorton W. Burgess Stories: 6 Books,2000,Self-Help
Behind the Wheel (Choose Your Own Adventure #35)(Paperback/Revised),2000,Fiction
"Goodnight Riley and the Moon, It's Almost Bedtime: Personalized Children’s Books, Personalized Gifts, and Bedtime Stories (A Magnificent Me! estorytime.com Series)",2000,Fiction
50 Ways to Wear Denim,2000,Non-Fiction
Comprehension Mini-lessons,2000,Non-Fiction
Tom Selleck: An Unauthorized Biography,2000,Biography
Collectible Beer Trays (A Schiffer Book for Collectors),2000,Non-Fiction
How to Open & Operate a Financially Successful Web-Based Business: With Companion CD-ROM,2000,Non-Fiction
"Beyond Success: Building a Personal, Financial, and Philanthropic Legacy",2000,Self-Help
"Who'd a thought it!",2010,Self-Help
"Clark the Shark: Tooth Trouble, No. 1",2010,Fiction
Primeval: A Journal of the Uncanny - Issue #1,2010,Fiction
The Mercenary Code (The Shattering of Kingdoms),2010,Fiction
Health Information Networking Course Booklet,2010,Self-Help
"I Hadn't Meant to Tell You This",2010,Fiction
Graphite Rod Repair,2010,Non-Fiction
Favorite Thorton W. Burgess Stories: 6 Books,2010,Self-Help
Behind the Wheel (Choose Your Own Adventure #35)(Paperback/Revised),2010,Fiction
"Goodnight Riley and the Moon, It's Almost Bedtime: Personalized Children’s Books, Personalized Gifts, and Bedtime Stories (A Magnificent Me! estorytime.com Series)",2010,Fiction
50 Ways to Wear Denim,2010,Non-Fiction
Comprehension Mini-lessons,2010,Non-Fiction
Tom Selleck: An Unauthorized Biography,2010,Biography
Collectible Beer Trays (A Schiffer Book for Collectors),2010,Non-Fiction
How to Open & Operate a Financially Successful Web-Based Business: With Companion CD-ROM,2010,Non-Fiction
"Beyond Success: Building a Personal, Financial, and Philanthropic Legacy",2010,Self-Help
"Who'd a thought it!",2020,Self-Help
"Clark the Shark: Tooth Trouble, No. 1",2020,Fiction
Primeval: A Journal of the Uncanny - Issue #1,2020,Fiction
The Mercenary Code (The Shattering of Kingdoms),2020,Fiction
Health Information Networking Course Booklet,2020,Self-Help
"I Hadn't Meant to Tell You This",2020,Fiction
Graphite Rod Repair,2020,Non-Fiction
Favorite Thorton W. Burgess Stories: 6 Books,2020,Self-Help
Behind the Wheel (Choose Your Own Adventure #35)(Paperback/Revised),2020,Fiction
"Goodnight Riley and the Moon, It's Almost Bedtime: Personalized Children’s Books, Personalized Gifts, and Bedtime Stories (A Magnificent Me! estorytime.com Series)",2020,Fiction
50 Ways to Wear Denim,2020,Non-Fiction
Comprehension Mini-lessons,2020,Non-Fiction
Tom Selleck: An Unauthorized Biography,2020,Biography
Collectible Beer Trays (A Schiffer Book for Collectors),2020,Non-Fiction
How to Open & Operate a Financially Successful Web-Based Business: With Companion CD-ROM,2020,Non-Fiction
"Beyond Success: Building a Personal, Financial, and Philanthropic Legacy",2020,Self-Help
Beatles in Their Own Words,1900,Non-Fiction
"The Soaring Pilot's Manual",1900,Self-Help
Novi V-8 Indy Cars 1941-1965,1900,Non-Fiction
Redhook: A Microbrew Success Story,1900,Non-Fiction
Out of Sheer Rage: Wrestling with D. H. Lawrence,1900,Non-Fiction
"Polly and the Shadow Goblin: Book 2, Mother of Witches",1900,Self-Help
The Knowledge-Value Revolution or a History of the Future,1900,Non-Fiction
Sunrise Highway (Lourdes Robles Novels Book 2),1900,Fiction
Steck-Vaughn GED: Test Prep 2014 GED Social Studies Spanish Student Workbook (Spanish Edition),1900,Self-Help
Child Of The King A Journey of Hope Book 1: Earthly Story With A Heavenly Message,1900,Fiction
A Trip Around the World: A Pieced & Applique Quilt featuring easy machine-sewing techniques,1900,Self-Help
Need You Now - A Story of Hope,1900,Memoir
Coffee Cup Cozies (Christmas Crochet Book 1),1900,Fiction
One September Morning,1900,Fiction
Classic Football Art: Originally Published in 19th Century Newspapers: Hundreds of Illustrations from the Dawn of the Great American Game (The Lost Century of Sports Collection),1900,Non-Fiction
You Will Never Be Him,1900,Fiction
Beatles in Their Own Words,1910,Non-Fiction
"The Soaring Pilot's Manual",1910,Self-Help
Novi V-8 Indy Cars 1941-1965,1910,Non-Fiction
Redhook: A Microbrew Success Story,1910,Non-Fiction
Out of Sheer Rage: Wrestling with D. H. Lawrence,1910,Non-Fiction
"Polly and the Shadow Goblin: Book 2, Mother of Witches",1910,Self-Help
The Knowledge-Value Revolution or a History of the Future,1910,Non-Fiction
Sunrise Highway (Lourdes Robles Novels Book 2),1910,Fiction
Steck-Vaughn GED: Test Prep 2014 GED Social Studies Spanish Student Workbook (Spanish Edition),1910,Self-Help
Child Of The King A Journey of Hope Book 1: Earthly Story With A Heavenly Message,1910,Fiction
A Trip Around the World: A Pieced & Applique Quilt featuring easy machine-sewing techniques,1910,Self-Help
Need You Now - A Story of Hope,1910,Memoir
Coffee Cup Cozies (Christmas Crochet Book 1),1910,Fiction
One September Morning,1910,Fiction
Classic Football Art: Originally Published in 19th Century Newspapers: Hundreds of Illustrations from the Dawn of the Great American Game (The Lost Century of Sports Collection),1910,Non-Fiction
You Will Never Be Him,1910,Fiction
Beatles in Their Own Words,1920,Non-Fiction
"The Soaring Pilot's Manual",1920,Self-Help
Novi V-8 Indy Cars 1941-1965,1920,Non-Fiction
Redhook: A Microbrew Success Story,1920,Non-Fiction
Out of Sheer Rage: Wrestling with D. H. Lawrence,1920,Non-Fiction
"Polly and the Shadow Goblin: Book 2, Mother of Witches",1920,Self-Help
The Knowledge-Value Revolution or a History of the Future,1920,Non-Fiction
Sunrise Highway (Lourdes Robles Novels Book 2),1920,Fiction
Steck-Vaughn GED: Test Prep 2014 GED Social Studies Spanish Student Workbook (Spanish Edition),1920,Self-Help
Child Of The King A Journey of Hope Book 1: Earthly Story With A Heavenly Message,1920,Fiction
A Trip Around the World: A Pieced & Applique Quilt featuring easy machine-sewing techniques,1920,Self-Help
Need You Now - A Story of Hope,1920,Memoir
Coffee Cup Cozies (Christmas Crochet Book 1),1920,Fiction
One September Morning,1920,Fiction
Classic Football Art: Originally Published in 19th Century Newspapers: Hundreds of Illustrations from the Dawn of the Great American Game (The Lost Century of Sports Collection),1920,Non-Fiction
You Will Never Be Him,1920,Fiction
Beatles in Their Own Words,1930,Non-Fiction
"The Soaring Pilot's Manual",1930,Self-Help
Novi V-8 Indy Cars 1941-1965,1930,Non-Fiction
Redhook: A Microbrew Success Story,1930,Non-Fiction
Out of Sheer Rage: Wrestling with D. H. Lawrence,1930,Non-Fiction
"Polly and the Shadow Goblin: Book 2, Mother of Witches",1930,Self-Help
The Knowledge-Value Revolution or a History of the Future,1930,Non-Fiction
Sunrise Highway (Lourdes Robles Novels Book 2),1930,Fiction
Steck-Vaughn GED: Test Prep 2014 GED Social Studies Spanish Student Workbook (Spanish Edition),1930,Self-Help
Child Of The King A Journey of Hope Book 1: Earthly Story With A Heavenly Message,1930,Fiction
A Trip Around the World: A Pieced & Applique Quilt featuring easy machine-sewing techniques,1930,Self-Help
Need You Now - A Story of Hope,1930,Memoir
Coffee Cup Cozies (Christmas Crochet Book 1),1930,Fiction
One September Morning,1930,Fiction
Classic Football Art: Originally Published in 19th Century Newspapers: Hundreds of Illustrations from the Dawn of the Great American Game (The Lost Century of Sports Collection),1930,Non-Fiction
You Will Never Be Him,1930,Fiction
Beatles in Their Own Words,1940,Non-Fiction
"The Soaring Pilot's Manual",1940,Self-Help
Novi V-8 Indy Cars 1941-1965,1940,Non-Fiction
Redhook: A Microbrew Success Story,1940,Non-Fiction
Out of Sheer Rage: Wrestling with D. H. Lawrence,1940,Non-Fiction
"Polly and the Shadow Goblin: Book 2, Mother of Witches",1940,Self-Help
The Knowledge-Value Revolution or a History of the Future,1940,Non-Fiction
Sunrise Highway (Lourdes Robles Novels Book 2),1940,Fiction
Steck-Vaughn GED: Test Prep 2014 GED Social Studies Spanish Student Workbook (Spanish Edition),1940,Self-Help
Child Of The King A Journey of Hope Book 1: Earthly Story With A Heavenly Message,1940,Fiction
A Trip Around the World: A Pieced & Applique Quilt featuring easy machine-sewing techniques,1940,Self-Help
Need You Now - A Story of Hope,1940,Memoir
Coffee Cup Cozies (Christmas Crochet Book 1),1940,Fiction
One September Morning,1940,Fiction
Classic Football Art: Originally Published in 19th Century Newspapers: Hundreds of Illustrations from the Dawn of the Great American Game (The Lost Century of Sports Collection),1940,Non-Fiction
You Will Never Be Him,1940,Fiction
Beatles in Their Own Words,1950,Non-Fiction
"The Soaring Pilot's Manual",1950,Self-Help
Novi V-8 Indy Cars 1941-1965,1950,Non-Fiction
Redhook: A Microbrew Success Story,1950,Non-Fiction
Out of Sheer Rage: Wrestling with D. H. Lawrence,1950,Non-Fiction
"Polly and the Shadow Goblin: Book 2, Mother of Witches",1950,Self-Help
The Knowledge-Value Revolution or a History of the Future,1950,Non-Fiction
Sunrise Highway (Lourdes Robles Novels Book 2),1950,Fiction
Steck-Vaughn GED: Test Prep 2014 GED Social Studies Spanish Student Workbook (Spanish Edition),1950,Self-Help
Child Of The King A Journey of Hope Book 1: Earthly Story With A Heavenly Message,1950,Fiction
A Trip Around the World: A Pieced & Applique Quilt featuring easy machine-sewing techniques,1950,Self-Help
Need You Now - A Story of Hope,1950,Memoir
Coffee Cup Cozies (Christmas Crochet Book 1),1950,Fiction
One September Morning,1950,Fiction
Classic Football Art: Originally Published in 19th Century Newspapers: Hundreds of Illustrations from the Dawn of the Great American Game (The Lost Century of Sports Collection),1950,Non-Fiction
You Will Never Be Him,1950,Fiction
Beatles in Their Own Words,1960,Non-Fiction
"The Soaring Pilot's Manual",1960,Self-Help
Novi V-8 Indy Cars 1941-1965,1960,Non-Fiction
Redhook: A Microbrew Success Story,1960,Non-Fiction
Out of Sheer Rage: Wrestling with D. H. Lawrence,1960,Non-Fiction
"Polly and the Shadow Goblin: Book 2, Mother of Witches",1960,Self-Help
The Knowledge-Value Revolution or a History of the Future,1960,Non-Fiction
Sunrise Highway (Lourdes Robles Novels Book 2),1960,Fiction
Steck-Vaughn GED: Test Prep 2014 GED Social Studies Spanish Student Workbook (Spanish Edition),1960,Self-Help
Child Of The King A Journey of Hope Book 1: Earthly Story With A Heavenly Message,1960,Fiction
A Trip Around the World: A Pieced & Applique Quilt featuring easy machine-sewing techniques,1960,Self-Help
Need You Now - A Story of Hope,1960,Memoir
Coffee Cup Cozies (Christmas Crochet Book 1),1960,Fiction
One September Morning,1960,Fiction
Classic Football Art: Originally Published in 19th Century Newspapers: Hundreds of Illustrations from the Dawn of the Great American Game (The Lost Century of Sports Collection),1960,Non-Fiction
You Will Never Be Him,1960,Fiction
Beatles in Their Own Words,1970,Non-Fiction
"The Soaring Pilot's Manual",1970,Self-Help
Novi V-8 Indy Cars 1941-1965,1970,Non-Fiction
Redhook: A Microbrew Success Story,1970,Non-Fiction
Out of Sheer Rage: Wrestling with D. H. Lawrence,1970,Non-Fiction
"Polly and the Shadow Goblin: Book 2, Mother of Witches",1970,Self-Help
The Knowledge-Value Revolution or a History of the Future,1970,Non-Fiction
Sunrise Highway (Lourdes Robles Novels Book 2),1970,Fiction
Steck-Vaughn GED: Test Prep 2014 GED Social Studies Spanish Student Workbook (Spanish Edition),1970,Self-Help
Child Of The King A Journey of Hope Book 1: Earthly Story With A Heavenly Message,1970,Fiction
A Trip Around the World: A Pieced & Applique Quilt featuring easy machine-sewing techniques,1970,Self-Help
Need You Now - A Story of Hope,1970,Memoir
Coffee Cup Cozies (Christmas Crochet Book 1),1970,Fiction
One September Morning,1970,Fiction
Classic Football Art: Originally Published in 19th Century Newspapers: Hundreds of Illustrations from the Dawn of the Great American Game (The Lost Century of Sports Collection),1970,Non-Fiction
You Will Never Be Him,1970,Fiction
Beatles in Their Own Words,1980,Non-Fiction
"The Soaring Pilot's Manual",1980,Self-Help
Novi V-8 Indy Cars 1941-1965,1980,Non-Fiction
Redhook: A Microbrew Success Story,1980,Non-Fiction
Out of Sheer Rage: Wrestling with D. H. Lawrence,1980,Non-Fiction
"Polly and the Shadow Goblin: Book 2, Mother of Witches",1980,Self-Help
The Knowledge-Value Revolution or a History of the Future,1980,Non-Fiction
Sunrise Highway (Lourdes Robles Novels Book 2),1980,Fiction
Steck-Vaughn GED: Test Prep 2014 GED Social Studies Spanish Student Workbook (Spanish Edition),1980,Self-Help
Child Of The King A Journey of Hope Book 1: Earthly Story With A Heavenly Message,1980,Fiction
A Trip Around the World: A Pieced & Applique Quilt featuring easy machine-sewing techniques,1980,Self-Help
Need You Now - A Story of Hope,1980,Memoir
Coffee Cup Cozies (Christmas Crochet Book 1),1980,Fiction
One September Morning,1980,Fiction
Classic Football Art: Originally Published in 19th Century Newspapers: Hundreds of Illustrations from the Dawn of the Great American Game (The Lost Century of Sports Collection),1980,Non-Fiction
You Will Never Be Him,1980,Fiction
Beatles in Their Own Words,1990,Non-Fiction
"The Soaring Pilot's Manual",1990,Self-Help
Novi V-8 Indy Cars 1941-1965,1990,Non-Fiction
Redhook: A Microbrew Success Story,1990,Non-Fiction
Out of Sheer Rage: Wrestling with D. H. Lawrence,1990,Non-Fiction
"Polly and the Shadow Goblin: Book 2, Mother of Witches",1990,Self-Help
The Knowledge-Value Revolution or a History of the Future,1990,Non-Fiction
Sunrise Highway (Lourdes Robles Novels Book 2),1990,Fiction
Steck-Vaughn GED: Test Prep 2014 GED Social Studies Spanish Student Workbook (Spanish Edition),1990,Self-Help
Child Of The King A Journey of Hope Book 1: Earthly Story With A Heavenly Message,1990,Fiction
A Trip Around the World: A Pieced & Applique Quilt featuring easy machine-sewing techniques,1990,Self-Help
Need You Now - A Story of Hope,1990,Memoir
Coffee Cup Cozies (Christmas Crochet Book 1),1990,Fiction
One September Morning,1990,Fiction
Classic Football Art: Originally Published in 19th Century Newspapers: Hundreds of Illustrations from the Dawn of the Great American Game (The Lost Century of Sports Collection),1990,Non-Fiction
You Will Never Be Him,1990,Fiction
Beatles in Their Own Words,2000,Non-Fiction
"The Soaring Pilot's Manual",2000,Self-Help
Novi V-8 Indy Cars 1941-1965,2000,Non-Fiction
Redhook: A Microbrew Success Story,2000,Non-Fiction
Out of Sheer Rage: Wrestling with D. H. Lawrence,2000,Non-Fiction
"Polly and the Shadow Goblin: Book 2, Mother of Witches",2000,Self-Help
The Knowledge-Value Revolution or a History of the Future,2000,Non-Fiction
Sunrise Highway (Lourdes Robles Novels Book 2),2000,Fiction
Steck-Vaughn GED: Test Prep 2014 GED Social Studies Spanish Student Workbook (Spanish Edition),2000,Self-Help
Child Of The King A Journey of Hope Book 1: Earthly Story With A Heavenly Message,2000,Fiction
A Trip Around the World: A Pieced & Applique Quilt featuring easy machine-sewing techniques,2000,Self-Help
Need You Now - A Story of Hope,2000,Memoir
Coffee Cup Cozies (Christmas Crochet Book 1),2000,Fiction
One September Morning,2000,Fiction
Classic Football Art: Originally Published in 19th Century Newspapers: Hundreds of Illustrations from the Dawn of the Great American Game (The Lost Century of Sports Collection),2000,Non-Fiction
You Will Never Be Him,2000,Fiction
Beatles in Their Own Words,2010,Non-Fiction
"The Soaring Pilot's Manual",2010,Self-Help
Novi V-8 Indy Cars 1941-1965,2010,Non-Fiction
Redhook: A Microbrew Success Story,2010,Non-Fiction
Out of Sheer Rage: Wrestling with D. H. Lawrence,2010,Non-Fiction
"Polly and the Shadow Goblin: Book 2, Mother of Witches",2010,Self-Help
The Knowledge-Value Revolution or a History of the Future,2010,Non-Fiction
Sunrise Highway (Lourdes Robles Novels Book 2),2010,Fiction
Steck-Vaughn GED: Test Prep 2014 GED Social Studies Spanish Student Workbook (Spanish Edition),2010,Self-Help
Child Of The King A Journey of Hope Book 1: Earthly Story With A Heavenly Message,2010,Fiction
A Trip Around the World: A Pieced & Applique Quilt featuring easy machine-sewing techniques,2010,Self-Help
Need You Now - A Story of Hope,2010,Memoir
Coffee Cup Cozies (Christmas Crochet Book 1),2010,Fiction
One September Morning,2010,Fiction
Classic Football Art: Originally Published in 19th Century Newspapers: Hundreds of Illustrations from the Dawn of the Great American Game (The Lost Century of Sports Collection),2010,Non-Fiction
You Will Never Be Him,2010,Fiction
Beatles in Their Own Words,2020,Non-Fiction
"The Soaring Pilot's Manual",2020,Self-Help
Novi V-8 Indy Cars 1941-1965,2020,Non-Fiction
Redhook: A Microbrew Success Story,2020,Non-Fiction
Out of Sheer Rage: Wrestling with D. H. Lawrence,2020,Non-Fiction
"Polly and the Shadow Goblin: Book 2, Mother of Witches",2020,Self-Help
The Knowledge-Value Revolution or a History of the Future,2020,Non-Fiction
Sunrise Highway (Lourdes Robles Novels Book 2),2020,Fiction
Steck-Vaughn GED: Test Prep 2014 GED Social Studies Spanish Student Workbook (Spanish Edition),2020,Self-Help
Child Of The King A Journey of Hope Book 1: Earthly Story With A Heavenly Message,2020,Fiction
A Trip Around the World: A Pieced & Applique Quilt featuring easy machine-sewing techniques,2020,Self-Help
Need You Now - A Story of Hope,2020,Memoir
Coffee Cup Cozies (Christmas Crochet Book 1),2020,Fiction
One September Morning,2020,Fiction
Classic Football Art: Originally Published in 19th Century Newspapers: Hundreds of Illustrations from the Dawn of the Great American Game (The Lost Century of Sports Collection),2020,Non-Fiction
You Will Never Be Him,2020,Fiction
"Mongoose, R.I.P.",1900,Fiction
Fire Cracker,1900,Fiction
Bisous and Brioche: Classic French Recipes and Family Favorites from a Life in France,1900,Non-Fiction
Local Honey,1900,Fiction
NICET Fire Alarm Systems Level 1 Study Guide,1900,Self-Help
"Appropriate: The Houses Of Joseph Esherick (Environmental Design Archives at the University of California, Berkeley Series) (Environmental Design Archives ... University of California, Berkeley Series",1900,Non-Fiction
Elegance: A Guide to Quality in Menswear,1900,Non-Fiction
Ed Delahanty in the Emerald Age of Baseball,1900,Biography
"I'll Ride For My Hood: A Salty Love Story",1900,Fiction
By Tim Wise White Like Me: Reflections on Race from a Privileged Son [Paperback],1900,Self-Help
The Liquor King of the Blue Ridge and Other Stories of Aho,1900,Non-Fiction
Outage,1900,Fiction
Simantov,1900,Fiction
"Modern Fishing Lure Collectibles, Vol. 3: Identification & Value Guide",1900,Non-Fiction
The Strong-Willed Child: Birth Through Adolescence,1900,Self-Help
"Cheer Up, Ben Franklin! (Young Historians)",1900,Non-Fiction
"Mongoose, R.I.P.",1910,Fiction
Fire Cracker,1910,Fiction
Bisous and Brioche: Classic French Recipes and Family Favorites from a Life in France,1910,Non-Fiction
Local Honey,1910,Fiction
NICET Fire Alarm Systems Level 1 Study Guide,1910,Self-Help
"Appropriate: The Houses Of Joseph Esherick (Environmental Design Archives at the University of California, Berkeley Series) (Environmental Design Archives ... University of California, Berkeley Series",1910,Non-Fiction
Elegance: A Guide to Quality in Menswear,1910,Non-Fiction
Ed Delahanty in the Emerald Age of Baseball,1910,Biography
"I'll Ride For My Hood: A Salty Love Story",1910,Fiction
By Tim Wise White Like Me: Reflections on Race from a Privileged Son [Paperback],1910,Self-Help
The Liquor King of the Blue Ridge and Other Stories of Aho,1910,Non-Fiction
Outage,1910,Fiction
Simantov,1910,Fiction
"Modern Fishing Lure Collectibles, Vol. 3: Identification & Value Guide",1910,Non-Fiction
The Strong-Willed Child: Birth Through Adolescence,1910,Self-Help
"Cheer Up, Ben Franklin! (Young Historians)",1910,Non-Fiction
"Mongoose, R.I.P.",1920,Fiction
Fire Cracker,1920,Fiction
Bisous and Brioche: Classic French Recipes and Family Favorites from a Life in France,1920,Non-Fiction
Local Honey,1920,Fiction
NICET Fire Alarm Systems Level 1 Study Guide,1920,Self-Help
"Appropriate: The Houses Of Joseph Esherick (Environmental Design Archives at the University of California, Berkeley Series) (Environmental Design Archives ... University of California, Berkeley Series",1920,Non-Fiction
Elegance: A Guide to Quality in Menswear,1920,Non-Fiction
Ed Delahanty in the Emerald Age of Baseball,1920,Biography
"I'll Ride For My Hood: A Salty Love Story",1920,Fiction
By Tim Wise White Like Me: Reflections on Race from a Privileged Son [Paperback],1920,Self-Help
The Liquor King of the Blue Ridge and Other Stories of Aho,1920,Non-Fiction
Outage,1920,Fiction
Simantov,1920,Fiction
"Modern Fishing Lure Collectibles, Vol. 3: Identification & Value Guide",1920,Non-Fiction
The Strong-Willed Child: Birth Through Adolescence,1920,Self-Help
"Cheer Up, Ben Franklin! (Young Historians)",1920,Non-Fiction
"Mongoose, R.I.P.",1930,Fiction
Fire Cracker,1930,Fiction
Bisous and Brioche: Classic French Recipes and Family Favorites from a Life in France,1930,Non-Fiction
Local Honey,1930,Fiction
NICET Fire Alarm Systems Level 1 Study Guide,1930,Self-Help
"Appropriate: The Houses Of Joseph Esherick (Environmental Design Archives at the University of California, Berkeley Series) (Environmental Design Archives ... University of California, Berkeley Series",1930,Non-Fiction
Elegance: A Guide to Quality in Menswear,1930,Non-Fiction
Ed Delahanty in the Emerald Age of Baseball,1930,Biography
"I'll Ride For My Hood: A Salty Love Story",1930,Fiction
By Tim Wise White Like Me: Reflections on Race from a Privileged Son [Paperback],1930,Self-Help
The Liquor King of the Blue Ridge and Other Stories of Aho,1930,Non-Fiction
Outage,1930,Fiction
Simantov,1930,Fiction
"Modern Fishing Lure Collectibles, Vol. 3: Identification & Value Guide",1930,Non-Fiction
The Strong-Willed Child: Birth Through Adolescence,1930,Self-Help
"Cheer Up, Ben Franklin! (Young Historians)",1930,Non-Fiction
"Mongoose, R.I.P.",1940,Fiction
Fire Cracker,1940,Fiction
Bisous and Brioche: Classic French Recipes and Family Favorites from a Life in France,1940,Non-Fiction
Local Honey,1940,Fiction
NICET Fire Alarm Systems Level 1 Study Guide,1940,Self-Help
"Appropriate: The Houses Of Joseph Esherick (Environmental Design Archives at the University of California, Berkeley Series) (Environmental Design Archives ... University of California, Berkeley Series",1940,Non-Fiction
Elegance: A Guide to Quality in Menswear,1940,Non-Fiction
Ed Delahanty in the Emerald Age of Baseball,1940,Biography
"I'll Ride For My Hood: A Salty Love Story",1940,Fiction
By Tim Wise White Like Me: Reflections on Race from a Privileged Son [Paperback],1940,Self-Help
The Liquor King of the Blue Ridge and Other Stories of Aho,1940,Non-Fiction
Outage,1940,Fiction
Simantov,1940,Fiction
"Modern Fishing Lure Collectibles, Vol. 3: Identification & Value Guide",1940,Non-Fiction
The Strong-Willed Child: Birth Through Adolescence,1940,Self-Help
"Cheer Up, Ben Franklin! (Young Historians)",1940,Non-Fiction
"Mongoose, R.I.P.",1950,Fiction
Fire Cracker,1950,Fiction
Bisous and Brioche: Classic French Recipes and Family Favorites from a Life in France,1950,Non-Fiction
Local Honey,1950,Fiction
NICET Fire Alarm Systems Level 1 Study Guide,1950,Self-Help
"Appropriate: The Houses Of Joseph Esherick (Environmental Design Archives at the University of California, Berkeley Series) (Environmental Design Archives ... University of California, Berkeley Series",1950,Non-Fiction
Elegance: A Guide to Quality in Menswear,1950,Non-Fiction
Ed Delahanty in the Emerald Age of Baseball,1950,Biography
"I'll Ride For My Hood: A Salty Love Story",1950,Fiction
By Tim Wise White Like Me: Reflections on Race from a Privileged Son [Paperback],1950,Self-Help
The Liquor King of the Blue Ridge and Other Stories of Aho,1950,Non-Fiction
Outage,1950,Fiction
Simantov,1950,Fiction
"Modern Fishing Lure Collectibles, Vol. 3: Identification & Value Guide",1950,Non-Fiction
The Strong-Willed Child: Birth Through Adolescence,1950,Self-Help
"Cheer Up, Ben Franklin! (Young Historians)",1950,Non-Fiction
"Mongoose, R.I.P.",1960,Fiction
Fire Cracker,1960,Fiction
Bisous and Brioche: Classic French Recipes and Family Favorites from a Life in France,1960,Non-Fiction
Local Honey,1960,Fiction
NICET Fire Alarm Systems Level 1 Study Guide,1960,Self-Help
"Appropriate: The Houses Of Joseph Esherick (Environmental Design Archives at the University of California, Berkeley Series) (Environmental Design Archives ... University of California, Berkeley Series",1960,Non-Fiction
Elegance: A Guide to Quality in Menswear,1960,Non-Fiction
Ed Delahanty in the Emerald Age of Baseball,1960,Biography
"I'll Ride For My Hood: A Salty Love Story",1960,Fiction
By Tim Wise White Like Me: Reflections on Race from a Privileged Son [Paperback],1960,Self-Help
The Liquor King of the Blue Ridge and Other Stories of Aho,1960,Non-Fiction
Outage,1960,Fiction
Simantov,1960,Fiction
"Modern Fishing Lure Collectibles, Vol. 3: Identification & Value Guide",1960,Non-Fiction
The Strong-Willed Child: Birth Through Adolescence,1960,Self-Help
"Cheer Up, Ben Franklin! (Young Historians)",1960,Non-Fiction
"Mongoose, R.I.P.",1970,Fiction
Fire Cracker,1970,Fiction
Bisous and Brioche: Classic French Recipes and Family Favorites from a Life in France,1970,Non-Fiction
Local Honey,1970,Fiction
NICET Fire Alarm Systems Level 1 Study Guide,1970,Self-Help
"Appropriate: The Houses Of Joseph Esherick (Environmental Design Archives at the University of California, Berkeley Series) (Environmental Design Archives ... University of California, Berkeley Series",1970,Non-Fiction
Elegance: A Guide to Quality in Menswear,1970,Non-Fiction
Ed Delahanty in the Emerald Age of Baseball,1970,Biography
"I'll Ride For My Hood: A Salty Love Story",1970,Fiction
By Tim Wise White Like Me: Reflections on Race from a Privileged Son [Paperback],1970,Self-Help
The Liquor King of the Blue Ridge and Other Stories of Aho,1970,Non-Fiction
Outage,1970,Fiction
Simantov,1970,Fiction
"Modern Fishing Lure Collectibles, Vol. 3: Identification & Value Guide",1970,Non-Fiction
The Strong-Willed Child: Birth Through Adolescence,1970,Self-Help
"Cheer Up, Ben Franklin! (Young Historians)",1970,Non-Fiction
"Mongoose, R.I.P.",1980,Fiction
Fire Cracker,1980,Fiction
Bisous and Brioche: Classic French Recipes and Family Favorites from a Life in France,1980,Non-Fiction
Local Honey,1980,Fiction
NICET Fire Alarm Systems Level 1 Study Guide,1980,Self-Help
"Appropriate: The Houses Of Joseph Esherick (Environmental Design Archives at the University of California, Berkeley Series) (Environmental Design Archives ... University of California, Berkeley Series",1980,Non-Fiction
Elegance: A Guide to Quality in Menswear,1980,Non-Fiction
Ed Delahanty in the Emerald Age of Baseball,1980,Biography
"I'll Ride For My Hood: A Salty Love Story",1980,Fiction
By Tim Wise White Like Me: Reflections on Race from a Privileged Son [Paperback],1980,Self-Help
The Liquor King of the Blue Ridge and Other Stories of Aho,1980,Non-Fiction
Outage,1980,Fiction
Simantov,1980,Fiction
"Modern Fishing Lure Collectibles, Vol. 3: Identification & Value Guide",1980,Non-Fiction
The Strong-Willed Child: Birth Through Adolescence,1980,Self-Help
"Cheer Up, Ben Franklin! (Young Historians)",1980,Non-Fiction
"Mongoose, R.I.P.",1990,Fiction
Fire Cracker,1990,Fiction
Bisous and Brioche: Classic French Recipes and Family Favorites from a Life in France,1990,Non-Fiction
Local Honey,1990,Fiction
NICET Fire Alarm Systems Level 1 Study Guide,1990,Self-Help
"Appropriate: The Houses Of Joseph Esherick (Environmental Design Archives at the University of California, Berkeley Series) (Environmental Design Archives ... University of California, Berkeley Series",1990,Non-Fiction
Elegance: A Guide to Quality in Menswear,1990,Non-Fiction
Ed Delahanty in the Emerald Age of Baseball,1990,Biography
"I'll Ride For My Hood: A Salty Love Story",1990,Fiction
By Tim Wise White Like Me: Reflections on Race from a Privileged Son [Paperback],1990,Self-Help
The Liquor King of the Blue Ridge and Other Stories of Aho,1990,Non-Fiction
Outage,1990,Fiction
Simantov,1990,Fiction
"Modern Fishing Lure Collectibles, Vol. 3: Identification & Value Guide",1990,Non-Fiction
The Strong-Willed Child: Birth Through Adolescence,1990,Self-Help
"Cheer Up, Ben Franklin! (Young Historians)",1990,Non-Fiction
"Mongoose, R.I.P.",2000,Fiction
Fire Cracker,2000,Fiction
Bisous and Brioche: Classic French Recipes and Family Favorites from a Life in France,2000,Non-Fiction
Local Honey,2000,Fiction
NICET Fire Alarm Systems Level 1 Study Guide,2000,Self-Help
"Appropriate: The Houses Of Joseph Esherick (Environmental Design Archives at the University of California, Berkeley Series) (Environmental Design Archives ... University of California, Berkeley Series",2000,Non-Fiction
Elegance: A Guide to Quality in Menswear,2000,Non-Fiction
Ed Delahanty in the Emerald Age of Baseball,2000,Biography
"I'll Ride For My Hood: A Salty Love Story",2000,Fiction
By Tim Wise White Like Me: Reflections on Race from a Privileged Son [Paperback],2000,Self-Help
The Liquor King of the Blue Ridge and Other Stories of Aho,2000,Non-Fiction
Outage,2000,Fiction
Simantov,2000,Fiction
"Modern Fishing Lure Collectibles, Vol. 3: Identification & Value Guide",2000,Non-Fiction
The Strong-Willed Child: Birth Through Adolescence,2000,Self-Help
"Cheer Up, Ben Franklin! (Young Historians)",2000,Non-Fiction
"Mongoose, R.I.P.",2010,Fiction
Fire Cracker,2010,Fiction
Bisous and Brioche: Classic French Recipes and Family Favorites from a Life in France,2010,Non-Fiction
Local Honey,2010,Fiction
NICET Fire Alarm Systems Level 1 Study Guide,2010,Self-Help
"Appropriate: The Houses Of Joseph Esherick (Environmental Design Archives at the University of California, Berkeley Series) (Environmental Design Archives ... University of California, Berkeley Series",2010,Non-Fiction
Elegance: A Guide to Quality in Menswear,2010,Non-Fiction
Ed Delahanty in the Emerald Age of Baseball,2010,Biography
"I'll Ride For My Hood: A Salty Love Story",2010,Fiction
By Tim Wise White Like Me: Reflections on Race from a Privileged Son [Paperback],2010,Self-Help
The Liquor King of the Blue Ridge and Other Stories of Aho,2010,Non-Fiction
Outage,2010,Fiction
Simantov,2010,Fiction
"Modern Fishing Lure Collectibles, Vol. 3: Identification & Value Guide",2010,Non-Fiction
The Strong-Willed Child: Birth Through Adolescence,2010,Self-Help
"Cheer Up, Ben Franklin! (Young Historians)",2010,Non-Fiction
"Mongoose, R.I.P.",2020,Fiction
Fire Cracker,2020,Fiction
Bisous and Brioche: Classic French Recipes and Family Favorites from a Life in France,2020,Non-Fiction
Local Honey,2020,Fiction
NICET Fire Alarm Systems Level 1 Study Guide,2020,Self-Help
"Appropriate: The Houses Of Joseph Esherick (Environmental Design Archives at the University of California, Berkeley Series) (Environmental Design Archives ... University of California, Berkeley Series",2020,Non-Fiction
Elegance: A Guide to Quality in Menswear,2020,Non-Fiction
Ed Delahanty in the Emerald Age of Baseball,2020,Biography
"I'll Ride For My Hood: A Salty Love Story",2020,Fiction
By Tim Wise White Like Me: Reflections on Race from a Privileged Son [Paperback],2020,Self-Help
The Liquor King of the Blue Ridge and Other Stories of Aho,2020,Non-Fiction
Outage,2020,Fiction
Simantov,2020,Fiction
"Modern Fishing Lure Collectibles, Vol. 3: Identification & Value Guide",2020,Non-Fiction
The Strong-Willed Child: Birth Through Adolescence,2020,Self-Help
"Cheer Up, Ben Franklin! (Young Historians)",2020,Non-Fiction
"Route 66 Dream Castle: Claude Calmes and Clinton's Hotel Calmez",1900,Self-Help
Hollywood Confessions: Hollywood Headlines Book #3 (Hollywood Headlines Mysteries),1900,Fiction
Buddy the Soldier Bear,1900,Fiction
How To Draw Manga Supersize Volume 2 (How to Draw Manga (Antarctic Press)),1900,Self-Help
Knowing When To Die: Uncollected Stories,1900,Fiction
Lunch at 10 Pomegranate Street: A Collection of Recipes to Share,1900,Non-Fiction
"The Good Spy Dies Twice: The Bullseye Series, Book 1",1900,Self-Help
"Vienna 1900: Klimt, Schiele, and Their Times: A Total Work of Art",1900,Self-Help
Greek mythology,1900,Self-Help
Looking for Peyton Place: A Novel,1900,Fiction
The Grim Hunt: Crown of Madness,1900,Fiction
The Library Book,1900,Fiction
"Marigold garden;: Pictures and rhymes,",1900,Fiction
All the Way to the Gallows,1900,Memoir
"Tip the Scales: Road Trip Romance, Book 1",1900,Self-Help
Can You Buy Me The Wind?,1900,Fiction
"Route 66 Dream Castle: Claude Calmes and Clinton's Hotel Calmez",1910,Self-Help
Hollywood Confessions: Hollywood Headlines Book #3 (Hollywood Headlines Mysteries),1910,Fiction
Buddy the Soldier Bear,1910,Fiction
How To Draw Manga Supersize Volume 2 (How to Draw Manga (Antarctic Press)),1910,Self-Help
Knowing When To Die: Uncollected Stories,1910,Fiction
Lunch at 10 Pomegranate Street: A Collection of Recipes to Share,1910,Non-Fiction
"The Good Spy Dies Twice: The Bullseye Series, Book 1",1910,Self-Help
"Vienna 1900: Klimt, Schiele, and Their Times: A Total Work of Art",1910,Self-Help
Greek mythology,1910,Self-Help
Looking for Peyton Place: A Novel,1910,Fiction
The Grim Hunt: Crown of Madness,1910,Fiction
The Library Book,1910,Fiction
"Marigold garden;: Pictures and rhymes,",1910,Fiction
All the Way to the Gallows,1910,Memoir
"Tip the Scales: Road Trip Romance, Book 1",1910,Self-Help
Can You Buy Me The Wind?,1910,Fiction
"Route 66 Dream Castle: Claude Calmes and Clinton's Hotel Calmez",1920,Self-Help
Hollywood Confessions: Hollywood Headlines Book #3 (Hollywood Headlines Mysteries),1920,Fiction
Buddy the Soldier Bear,1920,Fiction
How To Draw Manga Supersize Volume 2 (How to Draw Manga (Antarctic Press)),1920,Self-Help
Knowing When To Die: Uncollected Stories,1920,Fiction
Lunch at 10 Pomegranate Street: A Collection of Recipes to Share,1920,Non-Fiction
"The Good Spy Dies Twice: The Bullseye Series, Book 1",1920,Self-Help
"Vienna 1900: Klimt, Schiele, and Their Times: A Total Work of Art",1920,Self-Help
Greek mythology,1920,Self-Help
Looking for Peyton Place: A Novel,1920,Fiction
The Grim Hunt: Crown of Madness,1920,Fiction
The Library Book,1920,Fiction
"Marigold garden;: Pictures and rhymes,",1920,Fiction
All the Way to the Gallows,1920,Memoir
"Tip the Scales: Road Trip Romance, Book 1",1920,Self-Help
Can You Buy Me The Wind?,1920,Fiction
"Route 66 Dream Castle: Claude Calmes and Clinton's Hotel Calmez",1930,Self-Help
Hollywood Confessions: Hollywood Headlines Book #3 (Hollywood Headlines Mysteries),1930,Fiction
Buddy the Soldier Bear,1930,Fiction
How To Draw Manga Supersize Volume 2 (How to Draw Manga (Antarctic Press)),1930,Self-Help
Knowing When To Die: Uncollected Stories,1930,Fiction
Lunch at 10 Pomegranate Street: A Collection of Recipes to Share,1930,Non-Fiction
"The Good Spy Dies Twice: The Bullseye Series, Book 1",1930,Self-Help
"Vienna 1900: Klimt, Schiele, and Their Times: A Total Work of Art",1930,Self-Help
Greek mythology,1930,Self-Help
Looking for Peyton Place: A Novel,1930,Fiction
The Grim Hunt: Crown of Madness,1930,Fiction
The Library Book,1930,Fiction
"Marigold garden;: Pictures and rhymes,",1930,Fiction
All the Way to the Gallows,1930,Memoir
"Tip the Scales: Road Trip Romance, Book 1",1930,Self-Help
Can You Buy Me The Wind?,1930,Fiction
"Route 66 Dream Castle: Claude Calmes and Clinton's Hotel Calmez",1940,Self-Help
Hollywood Confessions: Hollywood Headlines Book #3 (Hollywood Headlines Mysteries),1940,Fiction
Buddy the Soldier Bear,1940,Fiction
How To Draw Manga Supersize Volume 2 (How to Draw Manga (Antarctic Press)),1940,Self-Help
Knowing When To Die: Uncollected Stories,1940,Fiction
Lunch at 10 Pomegranate Street: A Collection of Recipes to Share,1940,Non-Fiction
"The Good Spy Dies Twice: The Bullseye Series, Book 1",1940,Self-Help
"Vienna 1900: Klimt, Schiele, and Their Times: A Total Work of Art",1940,Self-Help
Greek mythology,1940,Self-Help
Looking for Peyton Place: A Novel,1940,Fiction
The Grim Hunt: Crown of Madness,1940,Fiction
The Library Book,1940,Fiction
"Marigold garden;: Pictures and rhymes,",1940,Fiction
All the Way to the Gallows,1940,Memoir
"Tip the Scales: Road Trip Romance, Book 1",1940,Self-Help
Can You Buy Me The Wind?,1940,Fiction
"Route 66 Dream Castle: Claude Calmes and Clinton's Hotel Calmez",1950,Self-Help
Hollywood Confessions: Hollywood Headlines Book #3 (Hollywood Headlines Mysteries),1950,Fiction
Buddy the Soldier Bear,1950,Fiction
How To Draw Manga Supersize Volume 2 (How to Draw Manga (Antarctic Press)),1950,Self-Help
Knowing When To Die: Uncollected Stories,1950,Fiction
Lunch at 10 Pomegranate Street: A Collection of Recipes to Share,1950,Non-Fiction
"The Good Spy Dies Twice: The Bullseye Series, Book 1",1950,Self-Help
"Vienna 1900: Klimt, Schiele, and Their Times: A Total Work of Art",1950,Self-Help
Greek mythology,1950,Self-Help
Looking for Peyton Place: A Novel,1950,Fiction
The Grim Hunt: Crown of Madness,1950,Fiction
The Library Book,1950,Fiction
"Marigold garden;: Pictures and rhymes,",1950,Fiction
All the Way to the Gallows,1950,Memoir
"Tip the Scales: Road Trip Romance, Book 1",1950,Self-Help
Can You Buy Me The Wind?,1950,Fiction
"Route 66 Dream Castle: Claude Calmes and Clinton's Hotel Calmez",1960,Self-Help
Hollywood Confessions: Hollywood Headlines Book #3 (Hollywood Headlines Mysteries),1960,Fiction
Buddy the Soldier Bear,1960,Fiction
How To Draw Manga Supersize Volume 2 (How to Draw Manga (Antarctic Press)),1960,Self-Help
Knowing When To Die: Uncollected Stories,1960,Fiction
Lunch at 10 Pomegranate Street: A Collection of Recipes to Share,1960,Non-Fiction
"The Good Spy Dies Twice: The Bullseye Series, Book 1",1960,Self-Help
"Vienna 1900: Klimt, Schiele, and Their Times: A Total Work of Art",1960,Self-Help
Greek mythology,1960,Self-Help
Looking for Peyton Place: A Novel,1960,Fiction
The Grim Hunt: Crown of Madness,1960,Fiction
The Library Book,1960,Fiction
"Marigold garden;: Pictures and rhymes,",1960,Fiction
All the Way to the Gallows,1960,Memoir
"Tip the Scales: Road Trip Romance, Book 1",1960,Self-Help
Can You Buy Me The Wind?,1960,Fiction
"Route 66 Dream Castle: Claude Calmes and Clinton's Hotel Calmez",1970,Self-Help
Hollywood Confessions: Hollywood Headlines Book #3 (Hollywood Headlines Mysteries),1970,Fiction
Buddy the Soldier Bear,1970,Fiction
How To Draw Manga Supersize Volume 2 (How to Draw Manga (Antarctic Press)),1970,Self-Help
Knowing When To Die: Uncollected Stories,1970,Fiction
Lunch at 10 Pomegranate Street: A Collection of Recipes to Share,1970,Non-Fiction
"The Good Spy Dies Twice: The Bullseye Series, Book 1",1970,Self-Help
"Vienna 1900: Klimt, Schiele, and Their Times: A Total Work of Art",1970,Self-Help
Greek mythology,1970,Self-Help
Looking for Peyton Place: A Novel,1970,Fiction
The Grim Hunt: Crown of Madness,1970,Fiction
The Library Book,1970,Fiction
"Marigold garden;: Pictures and rhymes,",1970,Fiction
All the Way to the Gallows,1970,Memoir
"Tip the Scales: Road Trip Romance, Book 1",1970,Self-Help
Can You Buy Me The Wind?,1970,Fiction
"Route 66 Dream Castle: Claude Calmes and Clinton's Hotel Calmez",1980,Self-Help
Hollywood Confessions: Hollywood Headlines Book #3 (Hollywood Headlines Mysteries),1980,Fiction
Buddy the Soldier Bear,1980,Fiction
How To Draw Manga Supersize Volume 2 (How to Draw Manga (Antarctic Press)),1980,Self-Help
Knowing When To Die: Uncollected Stories,1980,Fiction
Lunch at 10 Pomegranate Street: A Collection of Recipes to Share,1980,Non-Fiction
"The Good Spy Dies Twice: The Bullseye Series, Book 1",1980,Self-Help
"Vienna 1900: Klimt, Schiele, and Their Times: A Total Work of Art",1980,Self-Help
Greek mythology,1980,Self-Help
Looking for Peyton Place: A Novel,1980,Fiction
The Grim Hunt: Crown of Madness,1980,Fiction
The Library Book,1980,Fiction
"Marigold garden;: Pictures and rhymes,",1980,Fiction
All the Way to the Gallows,1980,Memoir
"Tip the Scales: Road Trip Romance, Book 1",1980,Self-Help
Can You Buy Me The Wind?,1980,Fiction
"Route 66 Dream Castle: Claude Calmes and Clinton's Hotel Calmez",1990,Self-Help
Hollywood Confessions: Hollywood Headlines Book #3 (Hollywood Headlines Mysteries),1990,Fiction
Buddy the Soldier Bear,1990,Fiction
How To Draw Manga Supersize Volume 2 (How to Draw Manga (Antarctic Press)),1990,Self-Help
Knowing When To Die: Uncollected Stories,1990,Fiction
Lunch at 10 Pomegranate Street: A Collection of Recipes to Share,1990,Non-Fiction
"The Good Spy Dies Twice: The Bullseye Series, Book 1",1990,Self-Help
"Vienna 1900: Klimt, Schiele, and Their Times: A Total Work of Art",1990,Self-Help
Greek mythology,1990,Self-Help
Looking for Peyton Place: A Novel,1990,Fiction
The Grim Hunt: Crown of Madness,1990,Fiction
The Library Book,1990,Fiction
"Marigold garden;: Pictures and rhymes,",1990,Fiction
All the Way to the Gallows,1990,Memoir
"Tip the Scales: Road Trip Romance, Book 1",1990,Self-Help
Can You Buy Me The Wind?,1990,Fiction
"Route 66 Dream Castle: Claude Calmes and Clinton's Hotel Calmez",2000,Self-Help
Hollywood Confessions: Hollywood Headlines Book #3 (Hollywood Headlines Mysteries),2000,Fiction
Buddy the Soldier Bear,2000,Fiction
How To Draw Manga Supersize Volume 2 (How to Draw Manga (Antarctic Press)),2000,Self-Help
Knowing When To Die: Uncollected Stories,2000,Fiction
Lunch at 10 Pomegranate Street: A Collection of Recipes to Share,2000,Non-Fiction
"The Good Spy Dies Twice: The Bullseye Series, Book 1",2000,Self-Help
"Vienna 1900: Klimt, Schiele, and Their Times: A Total Work of Art",2000,Self-Help
Greek mythology,2000,Self-Help
Looking for Peyton Place: A Novel,2000,Fiction
The Grim Hunt: Crown of Madness,2000,Fiction
The Library Book,2000,Fiction
"Marigold garden;: Pictures and rhymes,",2000,Fiction
All the Way to the Gallows,2000,Memoir
"Tip the Scales: Road Trip Romance, Book 1",2000,Self-Help
Can You Buy Me The Wind?,2000,Fiction
"Route 66 Dream Castle: Claude Calmes and Clinton's Hotel Calmez",2010,Self-Help
Hollywood Confessions: Hollywood Headlines Book #3 (Hollywood Headlines Mysteries),2010,Fiction
Buddy the Soldier Bear,2010,Fiction
How To Draw Manga Supersize Volume 2 (How to Draw Manga (Antarctic Press)),2010,Self-Help
Knowing When To Die: Uncollected Stories,2010,Fiction
Lunch at 10 Pomegranate Street: A Collection of Recipes to Share,2010,Non-Fiction
"The Good Spy Dies Twice: The Bullseye Series, Book 1",2010,Self-Help
"Vienna 1900: Klimt, Schiele, and Their Times: A Total Work of Art",2010,Self-Help
Greek mythology,2010,Self-Help
Looking for Peyton Place: A Novel,2010,Fiction
The Grim Hunt: Crown of Madness,2010,Fiction
The Library Book,2010,Fiction
"Marigold garden;: Pictures and rhymes,",2010,Fiction
All the Way to the Gallows,2010,Memoir
"Tip the Scales: Road Trip Romance, Book 1",2010,Self-Help
Can You Buy Me The Wind?,2010,Fiction
"Route 66 Dream Castle: Claude Calmes and Clinton's Hotel Calmez",2020,Self-Help
Hollywood Confessions: Hollywood Headlines Book #3 (Hollywood Headlines Mysteries),2020,Fiction
Buddy the Soldier Bear,2020,Fiction
How To Draw Manga Supersize Volume 2 (How to Draw Manga (Antarctic Press)),2020,Self-Help
Knowing When To Die: Uncollected Stories,2020,Fiction
Lunch at 10 Pomegranate Street: A Collection of Recipes to Share,2020,Non-Fiction
"The Good Spy Dies Twice: The Bullseye Series, Book 1",2020,Self-Help
"Vienna 1900: Klimt, Schiele, and Their Times: A Total Work of Art",2020,Self-Help
Greek mythology,2020,Self-Help
Looking for Peyton Place: A Novel,2020,Fiction
The Grim Hunt: Crown of Madness,2020,Fiction
The Library Book,2020,Fiction
"Marigold garden;: Pictures and rhymes,",2020,Fiction
All the Way to the Gallows,2020,Memoir
"Tip the Scales: Road Trip Romance, Book 1",2020,Self-Help
Can You Buy Me The Wind?,2020,Fiction
Lost Plantations of the South,1900,Self-Help
Killing His Fear,1900,Fiction
"A Shepherd's Watch : Through the Seasons With One Man and His Dogs",1900,Self-Help
The Mid-Atlantic Championship,1900,Self-Help
"From the Earth to the Moon by Jules Verne, Fiction, Fantasy & Magic",1900,Fiction
Land Surveying Law: With Study Guide Questions,1900,Self-Help
Introduction to Dental Local Anaesthesia,1900,Non-Fiction
The Mystery of the Multiple Mothers: A Cub County Caper,1900,Fiction
"Caroline's Color Dreams: Los Sueños Coloridos De Carolina : Babl Children's Books in Spanish and English",1900,Self-Help
Baltimore Clipper: Its Origin and Development,1900,Non-Fiction
"The Marquess' Rose: A Regency Romance (Ladies of the North)",1900,Fiction
Bambini: The Italian Approach to Infant/Toddler Care (Early Childhood Education Series),1900,Self-Help
Childe Harold of Dysna,1900,Self-Help
Comprehensive Commercial Law: 2010 Statutory Supplement,1900,Self-Help
"Skeleton Play: A Fun, Rhyming Halloween Book for Kids! (1)",1900,Fiction
The CEO of the Sofa,1900,Non-Fiction
Lost Plantations of the South,1910,Self-Help
Killing His Fear,1910,Fiction
"A Shepherd's Watch : Through the Seasons With One Man and His Dogs",1910,Self-Help
The Mid-Atlantic Championship,1910,Self-Help
"From the Earth to the Moon by Jules Verne, Fiction, Fantasy & Magic",1910,Fiction
Land Surveying Law: With Study Guide Questions,1910,Self-Help
Introduction to Dental Local Anaesthesia,1910,Non-Fiction
The Mystery of the Multiple Mothers: A Cub County Caper,1910,Fiction
"Caroline's Color Dreams: Los Sueños Coloridos De Carolina : Babl Children's Books in Spanish and English",1910,Self-Help
Baltimore Clipper: Its Origin and Development,1910,Non-Fiction
"The Marquess' Rose: A Regency Romance (Ladies of the North)",1910,Fiction
Bambini: The Italian Approach to Infant/Toddler Care (Early Childhood Education Series),1910,Self-Help
Childe Harold of Dysna,1910,Self-Help
Comprehensive Commercial Law: 2010 Statutory Supplement,1910,Self-Help
"Skeleton Play: A Fun, Rhyming Halloween Book for Kids! (1)",1910,Fiction
The CEO of the Sofa,1910,Non-Fiction
Lost Plantations of the South,1920,Self-Help
Killing His Fear,1920,Fiction
"A Shepherd's Watch : Through the Seasons With One Man and His Dogs",1920,Self-Help
The Mid-Atlantic Championship,1920,Self-Help
"From the Earth to the Moon by Jules Verne, Fiction, Fantasy & Magic",1920,Fiction
Land Surveying Law: With Study Guide Questions,1920,Self-Help
Introduction to Dental Local Anaesthesia,1920,Non-Fiction
The Mystery of the Multiple Mothers: A Cub County Caper,1920,Fiction
"Caroline's Color Dreams: Los Sueños Coloridos De Carolina : Babl Children's Books in Spanish and English",1920,Self-Help
Baltimore Clipper: Its Origin and Development,1920,Non-Fiction
"The Marquess' Rose: A Regency Romance (Ladies of the North)",1920,Fiction
Bambini: The Italian Approach to Infant/Toddler Care (Early Childhood Education Series),1920,Self-Help
Childe Harold of Dysna,1920,Self-Help
Comprehensive Commercial Law: 2010 Statutory Supplement,1920,Self-Help
"Skeleton Play: A Fun, Rhyming Halloween Book for Kids! (1)",1920,Fiction
The CEO of the Sofa,1920,Non-Fiction
Lost Plantations of the South,1930,Self-Help
Killing His Fear,1930,Fiction
"A Shepherd's Watch : Through the Seasons With One Man and His Dogs",1930,Self-Help
The Mid-Atlantic Championship,1930,Self-Help
"From the Earth to the Moon by Jules Verne, Fiction, Fantasy & Magic",1930,Fiction
Land Surveying Law: With Study Guide Questions,1930,Self-Help
Introduction to Dental Local Anaesthesia,1930,Non-Fiction
The Mystery of the Multiple Mothers: A Cub County Caper,1930,Fiction
"Caroline's Color Dreams: Los Sueños Coloridos De Carolina : Babl Children's Books in Spanish and English",1930,Self-Help
Baltimore Clipper: Its Origin and Development,1930,Non-Fiction
"The Marquess' Rose: A Regency Romance (Ladies of the North)",1930,Fiction
Bambini: The Italian Approach to Infant/Toddler Care (Early Childhood Education Series),1930,Self-Help
Childe Harold of Dysna,1930,Self-Help
Comprehensive Commercial Law: 2010 Statutory Supplement,1930,Self-Help
"Skeleton Play: A Fun, Rhyming Halloween Book for Kids! (1)",1930,Fiction
The CEO of the Sofa,1930,Non-Fiction
Lost Plantations of the South,1940,Self-Help
Killing His Fear,1940,Fiction
"A Shepherd's Watch : Through the Seasons With One Man and His Dogs",1940,Self-Help
The Mid-Atlantic Championship,1940,Self-Help
"From the Earth to the Moon by Jules Verne, Fiction, Fantasy & Magic",1940,Fiction
Land Surveying Law: With Study Guide Questions,1940,Self-Help
Introduction to Dental Local Anaesthesia,1940,Non-Fiction
The Mystery of the Multiple Mothers: A Cub County Caper,1940,Fiction
"Caroline's Color Dreams: Los Sueños Coloridos De Carolina : Babl Children's Books in Spanish and English",1940,Self-Help
Baltimore Clipper: Its Origin and Development,1940,Non-Fiction
"The Marquess' Rose: A Regency Romance (Ladies of the North)",1940,Fiction
Bambini: The Italian Approach to Infant/Toddler Care (Early Childhood Education Series),1940,Self-Help
Childe Harold of Dysna,1940,Self-Help
Comprehensive Commercial Law: 2010 Statutory Supplement,1940,Self-Help
"Skeleton Play: A Fun, Rhyming Halloween Book for Kids! (1)",1940,Fiction
The CEO of the Sofa,1940,Non-Fiction
Lost Plantations of the South,1950,Self-Help
Killing His Fear,1950,Fiction
"A Shepherd's Watch : Through the Seasons With One Man and His Dogs",1950,Self-Help
The Mid-Atlantic Championship,1950,Self-Help
"From the Earth to the Moon by Jules Verne, Fiction, Fantasy & Magic",1950,Fiction
Land Surveying Law: With Study Guide Questions,1950,Self-Help
Introduction to Dental Local Anaesthesia,1950,Non-Fiction
The Mystery of the Multiple Mothers: A Cub County Caper,1950,Fiction
"Caroline's Color Dreams: Los Sueños Coloridos De Carolina : Babl Children's Books in Spanish and English",1950,Self-Help
Baltimore Clipper: Its Origin and Development,1950,Non-Fiction
"The Marquess' Rose: A Regency Romance (Ladies of the North)",1950,Fiction
Bambini: The Italian Approach to Infant/Toddler Care (Early Childhood Education Series),1950,Self-Help
Childe Harold of Dysna,1950,Self-Help
Comprehensive Commercial Law: 2010 Statutory Supplement,1950,Self-Help
"Skeleton Play: A Fun, Rhyming Halloween Book for Kids! (1)",1950,Fiction
The CEO of the Sofa,1950,Non-Fiction
Lost Plantations of the South,1960,Self-Help
Killing His Fear,1960,Fiction
"A Shepherd's Watch : Through the Seasons With One Man and His Dogs",1960,Self-Help
The Mid-Atlantic Championship,1960,Self-Help
"From the Earth to the Moon by Jules Verne, Fiction, Fantasy & Magic",1960,Fiction
Land Surveying Law: With Study Guide Questions,1960,Self-Help
Introduction to Dental Local Anaesthesia,1960,Non-Fiction
The Mystery of the Multiple Mothers: A Cub County Caper,1960,Fiction
"Caroline's Color Dreams: Los Sueños Coloridos De Carolina : Babl Children's Books in Spanish and English",1960,Self-Help
Baltimore Clipper: Its Origin and Development,1960,Non-Fiction
"The Marquess' Rose: A Regency Romance (Ladies of the North)",1960,Fiction
Bambini: The Italian Approach to Infant/Toddler Care (Early Childhood Education Series),1960,Self-Help
Childe Harold of Dysna,1960,Self-Help
Comprehensive Commercial Law: 2010 Statutory Supplement,1960,Self-Help
"Skeleton Play: A Fun, Rhyming Halloween Book for Kids! (1)",1960,Fiction
The CEO of the Sofa,1960,Non-Fiction
Lost Plantations of the South,1970,Self-Help
Killing His Fear,1970,Fiction
"A Shepherd's Watch : Through the Seasons With One Man and His Dogs",1970,Self-Help
The Mid-Atlantic Championship,1970,Self-Help
"From the Earth to the Moon by Jules Verne, Fiction, Fantasy & Magic",1970,Fiction
Land Surveying Law: With Study Guide Questions,1970,Self-Help
Introduction to Dental Local Anaesthesia,1970,Non-Fiction
The Mystery of the Multiple Mothers: A Cub County Caper,1970,Fiction
"Caroline's Color Dreams: Los Sueños Coloridos De Carolina : Babl Children's Books in Spanish and English",1970,Self-Help
Baltimore Clipper: Its Origin and Development,1970,Non-Fiction
"The Marquess' Rose: A Regency Romance (Ladies of the North)",1970,Fiction
Bambini: The Italian Approach to Infant/Toddler Care (Early Childhood Education Series),1970,Self-Help
Childe Harold of Dysna,1970,Self-Help
Comprehensive Commercial Law: 2010 Statutory Supplement,1970,Self-Help
"Skeleton Play: A Fun, Rhyming Halloween Book for Kids! (1)",1970,Fiction
The CEO of the Sofa,1970,Non-Fiction
Lost Plantations of the South,1980,Self-Help
Killing His Fear,1980,Fiction
"A Shepherd's Watch : Through the Seasons With One Man and His Dogs",1980,Self-Help
The Mid-Atlantic Championship,1980,Self-Help
"From the Earth to the Moon by Jules Verne, Fiction, Fantasy & Magic",1980,Fiction
Land Surveying Law: With Study Guide Questions,1980,Self-Help
Introduction to Dental Local Anaesthesia,1980,Non-Fiction
The Mystery of the Multiple Mothers: A Cub County Caper,1980,Fiction
"Caroline's Color Dreams: Los Sueños Coloridos De Carolina : Babl Children's Books in Spanish and English",1980,Self-Help
Baltimore Clipper: Its Origin and Development,1980,Non-Fiction
"The Marquess' Rose: A Regency Romance (Ladies of the North)",1980,Fiction
Bambini: The Italian Approach to Infant/Toddler Care (Early Childhood Education Series),1980,Self-Help
Childe Harold of Dysna,1980,Self-Help
Comprehensive Commercial Law: 2010 Statutory Supplement,1980,Self-Help
"Skeleton Play: A Fun, Rhyming Halloween Book for Kids! (1)",1980,Fiction
The CEO of the Sofa,1980,Non-Fiction
Lost Plantations of the South,1990,Self-Help
Killing His Fear,1990,Fiction
"A Shepherd's Watch : Through the Seasons With One Man and His Dogs",1990,Self-Help
The Mid-Atlantic Championship,1990,Self-Help
"From the Earth to the Moon by Jules Verne, Fiction, Fantasy & Magic",1990,Fiction
Land Surveying Law: With Study Guide Questions,1990,Self-Help
Introduction to Dental Local Anaesthesia,1990,Non-Fiction
The Mystery of the Multiple Mothers: A Cub County Caper,1990,Fiction
"Caroline's Color Dreams: Los Sueños Coloridos De Carolina : Babl Children's Books in Spanish and English",1990,Self-Help
Baltimore Clipper: Its Origin and Development,1990,Non-Fiction
"The Marquess' Rose: A Regency Romance (Ladies of the North)",1990,Fiction
Bambini: The Italian Approach to Infant/Toddler Care (Early Childhood Education Series),1990,Self-Help
Childe Harold of Dysna,1990,Self-Help
Comprehensive Commercial Law: 2010 Statutory Supplement,1990,Self-Help
"Skeleton Play: A Fun, Rhyming Halloween Book for Kids! (1)",1990,Fiction
The CEO of the Sofa,1990,Non-Fiction
Lost Plantations of the South,2000,Self-Help
Killing His Fear,2000,Fiction
"A Shepherd's Watch : Through the Seasons With One Man and His Dogs",2000,Self-Help
The Mid-Atlantic Championship,2000,Self-Help
"From the Earth to the Moon by Jules Verne, Fiction, Fantasy & Magic",2000,Fiction
Land Surveying Law: With Study Guide Questions,2000,Self-Help
Introduction to Dental Local Anaesthesia,2000,Non-Fiction
The Mystery of the Multiple Mothers: A Cub County Caper,2000,Fiction
"Caroline's Color Dreams: Los Sueños Coloridos De Carolina : Babl Children's Books in Spanish and English",2000,Self-Help
Baltimore Clipper: Its Origin and Development,2000,Non-Fiction
"The Marquess' Rose: A Regency Romance (Ladies of the North)",2000,Fiction
Bambini: The Italian Approach to Infant/Toddler Care (Early Childhood Education Series),2000,Self-Help
Childe Harold of Dysna,2000,Self-Help
Comprehensive Commercial Law: 2010 Statutory Supplement,2000,Self-Help
"Skeleton Play: A Fun, Rhyming Halloween Book for Kids! (1)",2000,Fiction
The CEO of the Sofa,2000,Non-Fiction
Lost Plantations of the South,2010,Self-Help
Killing His Fear,2010,Fiction
"A Shepherd's Watch : Through the Seasons With One Man and His Dogs",2010,Self-Help
The Mid-Atlantic Championship,2010,Self-Help
"From the Earth to the Moon by Jules Verne, Fiction, Fantasy & Magic",2010,Fiction
Land Surveying Law: With Study Guide Questions,2010,Self-Help
Introduction to Dental Local Anaesthesia,2010,Non-Fiction
The Mystery of the Multiple Mothers: A Cub County Caper,2010,Fiction
"Caroline's Color Dreams: Los Sueños Coloridos De Carolina : Babl Children's Books in Spanish and English",2010,Self-Help
Baltimore Clipper: Its Origin and Development,2010,Non-Fiction
"The Marquess' Rose: A Regency Romance (Ladies of the North)",2010,Fiction
Bambini: The Italian Approach to Infant/Toddler Care (Early Childhood Education Series),2010,Self-Help
Childe Harold of Dysna,2010,Self-Help
Comprehensive Commercial Law: 2010 Statutory Supplement,2010,Self-Help
"Skeleton Play: A Fun, Rhyming Halloween Book for Kids! (1)",2010,Fiction
The CEO of the Sofa,2010,Non-Fiction
Lost Plantations of the South,2020,Self-Help
Killing His Fear,2020,Fiction
"A Shepherd's Watch : Through the Seasons With One Man and His Dogs",2020,Self-Help
The Mid-Atlantic Championship,2020,Self-Help
"From the Earth to the Moon by Jules Verne, Fiction, Fantasy & Magic",2020,Fiction
Land Surveying Law: With Study Guide Questions,2020,Self-Help
Introduction to Dental Local Anaesthesia,2020,Non-Fiction
The Mystery of the Multiple Mothers: A Cub County Caper,2020,Fiction
"Caroline's Color Dreams: Los Sueños Coloridos De Carolina : Babl Children's Books in Spanish and English",2020,Self-Help
Baltimore Clipper: Its Origin and Development,2020,Non-Fiction
"The Marquess' Rose: A Regency Romance (Ladies of the North)",2020,Fiction
Bambini: The Italian Approach to Infant/Toddler Care (Early Childhood Education Series),2020,Self-Help
Childe Harold of Dysna,2020,Self-Help
Comprehensive Commercial Law: 2010 Statutory Supplement,2020,Self-Help
"Skeleton Play: A Fun, Rhyming Halloween Book for Kids! (1)",2020,Fiction
The CEO of the Sofa,2020,Non-Fiction
Carthage: A Survey of Punic History and Culture from Its Birth to the Final Tragedy (Great Civilizations Series),1900,Self-Help
Devotional Treasures from the Holy Land (Second Edition),1900,Self-Help
The Book And The Map: New insights into Book of Mormon Geography,1900,Non-Fiction
"Benny Goes To The Moon: The great new book from Top Children's entertainer Gerry Ogilvie (1)",1900,Self-Help
Small Change: A Life of Tom Waits,1900,Biography
Mae and Jane in the Rain,1900,Self-Help
Easy Kill (Rhona MacLeod),1900,Fiction
Backwoods Justice: An Iron Mountain Mystery,1900,Fiction
Colle: Move by Move,1900,Fiction
The Dinner Fix: Cooking for the Rushed,1900,Non-Fiction
Oligarchy,1900,Fiction
Soul Crew Seasiders,1900,Fiction
Toussaint Louverture: A Revolutionary Life,1900,Biography
The Seep,1900,Fiction
"If These Walls Could Talk: Calgary Flames: Stories from the Calgary Flames Ice, Locker Room, and Press Box",1900,Self-Help
The Jordan Tracks,1900,Self-Help
Carthage: A Survey of Punic History and Culture from Its Birth to the Final Tragedy (Great Civilizations Series),1910,Self-Help
Devotional Treasures from the Holy Land (Second Edition),1910,Self-Help
The Book And The Map: New insights into Book of Mormon Geography,1910,Non-Fiction
"Benny Goes To The Moon: The great new book from Top Children's entertainer Gerry Ogilvie (1)",1910,Self-Help
Small Change: A Life of Tom Waits,1910,Biography
Mae and Jane in the Rain,1910,Self-Help
Easy Kill (Rhona MacLeod),1910,Fiction
Backwoods Justice: An Iron Mountain Mystery,1910,Fiction
Colle: Move by Move,1910,Fiction
The Dinner Fix: Cooking for the Rushed,1910,Non-Fiction
Oligarchy,1910,Fiction
Soul Crew Seasiders,1910,Fiction
Toussaint Louverture: A Revolutionary Life,1910,Biography
The Seep,1910,Fiction
"If These Walls Could Talk: Calgary Flames: Stories from the Calgary Flames Ice, Locker Room, and Press Box",1910,Self-Help
The Jordan Tracks,1910,Self-Help
Carthage: A Survey of Punic History and Culture from Its Birth to the Final Tragedy (Great Civilizations Series),1920,Self-Help
Devotional Treasures from the Holy Land (Second Edition),1920,Self-Help
The Book And The Map: New insights into Book of Mormon Geography,1920,Non-Fiction
"Benny Goes To The Moon: The great new book from Top Children's entertainer Gerry Ogilvie (1)",1920,Self-Help
Small Change: A Life of Tom Waits,1920,Biography
Mae and Jane in the Rain,1920,Self-Help
Easy Kill (Rhona MacLeod),1920,Fiction
Backwoods Justice: An Iron Mountain Mystery,1920,Fiction
Colle: Move by Move,1920,Fiction
The Dinner Fix: Cooking for the Rushed,1920,Non-Fiction
Oligarchy,1920,Fiction
Soul Crew Seasiders,1920,Fiction
Toussaint Louverture: A Revolutionary Life,1920,Biography
The Seep,1920,Fiction
"If These Walls Could Talk: Calgary Flames: Stories from the Calgary Flames Ice, Locker Room, and Press Box",1920,Self-Help
The Jordan Tracks,1920,Self-Help
Carthage: A Survey of Punic History and Culture from Its Birth to the Final Tragedy (Great Civilizations Series),1930,Self-Help
Devotional Treasures from the Holy Land (Second Edition),1930,Self-Help
The Book And The Map: New insights into Book of Mormon Geography,1930,Non-Fiction
"Benny Goes To The Moon: The great new book from Top Children's entertainer Gerry Ogilvie (1)",1930,Self-Help
Small Change: A Life of Tom Waits,1930,Biography
Mae and Jane in the Rain,1930,Self-Help
Easy Kill (Rhona MacLeod),1930,Fiction
Backwoods Justice: An Iron Mountain Mystery,1930,Fiction
Colle: Move by Move,1930,Fiction
The Dinner Fix: Cooking for the Rushed,1930,Non-Fiction
Oligarchy,1930,Fiction
Soul Crew Seasiders,1930,Fiction
Toussaint Louverture: A Revolutionary Life,1930,Biography
The Seep,1930,Fiction
"If These Walls Could Talk: Calgary Flames: Stories from the Calgary Flames Ice, Locker Room, and Press Box",1930,Self-Help
The Jordan Tracks,1930,Self-Help
Carthage: A Survey of Punic History and Culture from Its Birth to the Final Tragedy (Great Civilizations Series),1940,Self-Help
Devotional Treasures from the Holy Land (Second Edition),1940,Self-Help
The Book And The Map: New insights into Book of Mormon Geography,1940,Non-Fiction
"Benny Goes To The Moon: The great new book from Top Children's entertainer Gerry Ogilvie (1)",1940,Self-Help
Small Change: A Life of Tom Waits,1940,Biography
Mae and Jane in the Rain,1940,Self-Help
Easy Kill (Rhona MacLeod),1940,Fiction
Backwoods Justice: An Iron Mountain Mystery,1940,Fiction
Colle: Move by Move,1940,Fiction
The Dinner Fix: Cooking for the Rushed,1940,Non-Fiction
Oligarchy,1940,Fiction
Soul Crew Seasiders,1940,Fiction
Toussaint Louverture: A Revolutionary Life,1940,Biography
The Seep,1940,Fiction
"If These Walls Could Talk: Calgary Flames: Stories from the Calgary Flames Ice, Locker Room, and Press Box",1940,Self-Help
The Jordan Tracks,1940,Self-Help
Carthage: A Survey of Punic History and Culture from Its Birth to the Final Tragedy (Great Civilizations Series),1950,Self-Help
Devotional Treasures from the Holy Land (Second Edition),1950,Self-Help
The Book And The Map: New insights into Book of Mormon Geography,1950,Non-Fiction
"Benny Goes To The Moon: The great new book from Top Children's entertainer Gerry Ogilvie (1)",1950,Self-Help
Small Change: A Life of Tom Waits,1950,Biography
Mae and Jane in the Rain,1950,Self-Help
Easy Kill (Rhona MacLeod),1950,Fiction
Backwoods Justice: An Iron Mountain Mystery,1950,Fiction
Colle: Move by Move,1950,Fiction
The Dinner Fix: Cooking for the Rushed,1950,Non-Fiction
Oligarchy,1950,Fiction
Soul Crew Seasiders,1950,Fiction
Toussaint Louverture: A Revolutionary Life,1950,Biography
The Seep,1950,Fiction
"If These Walls Could Talk: Calgary Flames: Stories from the Calgary Flames Ice, Locker Room, and Press Box",1950,Self-Help
The Jordan Tracks,1950,Self-Help
Carthage: A Survey of Punic History and Culture from Its Birth to the Final Tragedy (Great Civilizations Series),1960,Self-Help
Devotional Treasures from the Holy Land (Second Edition),1960,Self-Help
The Book And The Map: New insights into Book of Mormon Geography,1960,Non-Fiction
"Benny Goes To The Moon: The great new book from Top Children's entertainer Gerry Ogilvie (1)",1960,Self-Help
Small Change: A Life of Tom Waits,1960,Biography
Mae and Jane in the Rain,1960,Self-Help
Easy Kill (Rhona MacLeod),1960,Fiction
Backwoods Justice: An Iron Mountain Mystery,1960,Fiction
Colle: Move by Move,1960,Fiction
The Dinner Fix: Cooking for the Rushed,1960,Non-Fiction
Oligarchy,1960,Fiction
Soul Crew Seasiders,1960,Fiction
Toussaint Louverture: A Revolutionary Life,1960,Biography
The Seep,1960,Fiction
"If These Walls Could Talk: Calgary Flames: Stories from the Calgary Flames Ice, Locker Room, and Press Box",1960,Self-Help
The Jordan Tracks,1960,Self-Help
Carthage: A Survey of Punic History and Culture from Its Birth to the Final Tragedy (Great Civilizations Series),1970,Self-Help
Devotional Treasures from the Holy Land (Second Edition),1970,Self-Help
The Book And The Map: New insights into Book of Mormon Geography,1970,Non-Fiction
"Benny Goes To The Moon: The great new book from Top Children's entertainer Gerry Ogilvie (1)",1970,Self-Help
Small Change: A Life of Tom Waits,1970,Biography
Mae and Jane in the Rain,1970,Self-Help
Easy Kill (Rhona MacLeod),1970,Fiction
Backwoods Justice: An Iron Mountain Mystery,1970,Fiction
Colle: Move by Move,1970,Fiction
The Dinner Fix: Cooking for the Rushed,1970,Non-Fiction
Oligarchy,1970,Fiction
Soul Crew Seasiders,1970,Fiction
Toussaint Louverture: A Revolutionary Life,1970,Biography
The Seep,1970,Fiction
"If These Walls Could Talk: Calgary Flames: Stories from the Calgary Flames Ice, Locker Room, and Press Box",1970,Self-Help
The Jordan Tracks,1970,Self-Help
Carthage: A Survey of Punic History and Culture from Its Birth to the Final Tragedy (Great Civilizations Series),1980,Self-Help
Devotional Treasures from the Holy Land (Second Edition),1980,Self-Help
The Book And The Map: New insights into Book of Mormon Geography,1980,Non-Fiction
"Benny Goes To The Moon: The great new book from Top Children's entertainer Gerry Ogilvie (1)",1980,Self-Help
Small Change: A Life of Tom Waits,1980,Biography
Mae and Jane in the Rain,1980,Self-Help
Easy Kill (Rhona MacLeod),1980,Fiction
Backwoods Justice: An Iron Mountain Mystery,1980,Fiction
Colle: Move by Move,1980,Fiction
The Dinner Fix: Cooking for the Rushed,1980,Non-Fiction
Oligarchy,1980,Fiction
Soul Crew Seasiders,1980,Fiction
Toussaint Louverture: A Revolutionary Life,1980,Biography
The Seep,1980,Fiction
"If These Walls Could Talk: Calgary Flames: Stories from the Calgary Flames Ice, Locker Room, and Press Box",1980,Self-Help
The Jordan Tracks,1980,Self-Help
Carthage: A Survey of Punic History and Culture from Its Birth to the Final Tragedy (Great Civilizations Series),1990,Self-Help
Devotional Treasures from the Holy Land (Second Edition),1990,Self-Help
The Book And The Map: New insights into Book of Mormon Geography,1990,Non-Fiction
"Benny Goes To The Moon: The great new book from Top Children's entertainer Gerry Ogilvie (1)",1990,Self-Help
Small Change: A Life of Tom Waits,1990,Biography
Mae and Jane in the Rain,1990,Self-Help
Easy Kill (Rhona MacLeod),1990,Fiction
Backwoods Justice: An Iron Mountain Mystery,1990,Fiction
Colle: Move by Move,1990,Fiction
The Dinner Fix: Cooking for the Rushed,1990,Non-Fiction
Oligarchy,1990,Fiction
Soul Crew Seasiders,1990,Fiction
Toussaint Louverture: A Revolutionary Life,1990,Biography
The Seep,1990,Fiction
"If These Walls Could Talk: Calgary Flames: Stories from the Calgary Flames Ice, Locker Room, and Press Box",1990,Self-Help
The Jordan Tracks,1990,Self-Help
Carthage: A Survey of Punic History and Culture from Its Birth to the Final Tragedy (Great Civilizations Series),2000,Self-Help
Devotional Treasures from the Holy Land (Second Edition),2000,Self-Help
The Book And The Map: New insights into Book of Mormon Geography,2000,Non-Fiction
"Benny Goes To The Moon: The great new book from Top Children's entertainer Gerry Ogilvie (1)",2000,Self-Help
Small Change: A Life of Tom Waits,2000,Biography
Mae and Jane in the Rain,2000,Self-Help
Easy Kill (Rhona MacLeod),2000,Fiction
Backwoods Justice: An Iron Mountain Mystery,2000,Fiction
Colle: Move by Move,2000,Fiction
The Dinner Fix: Cooking for the Rushed,2000,Non-Fiction
Oligarchy,2000,Fiction
Soul Crew Seasiders,2000,Fiction
Toussaint Louverture: A Revolutionary Life,2000,Biography
The Seep,2000,Fiction
"If These Walls Could Talk: Calgary Flames: Stories from the Calgary Flames Ice, Locker Room, and Press Box",2000,Self-Help
The Jordan Tracks,2000,Self-Help
Carthage: A Survey of Punic History and Culture from Its Birth to the Final Tragedy (Great Civilizations Series),2010,Self-Help
Devotional Treasures from the Holy Land (Second Edition),2010,Self-Help
The Book And The Map: New insights into Book of Mormon Geography,2010,Non-Fiction
"Benny Goes To The Moon: The great new book from Top Children's entertainer Gerry Ogilvie (1)",2010,Self-Help
Small Change: A Life of Tom Waits,2010,Biography
Mae and Jane in the Rain,2010,Self-Help
Easy Kill (Rhona MacLeod),2010,Fiction
Backwoods Justice: An Iron Mountain Mystery,2010,Fiction
Colle: Move by Move,2010,Fiction
The Dinner Fix: Cooking for the Rushed,2010,Non-Fiction
Oligarchy,2010,Fiction
Soul Crew Seasiders,2010,Fiction
Toussaint Louverture: A Revolutionary Life,2010,Biography
The Seep,2010,Fiction
"If These Walls Could Talk: Calgary Flames: Stories from the Calgary Flames Ice, Locker Room, and Press Box",2010,Self-Help
The Jordan Tracks,2010,Self-Help
Carthage: A Survey of Punic History and Culture from Its Birth to the Final Tragedy (Great Civilizations Series),2020,Self-Help
Devotional Treasures from the Holy Land (Second Edition),2020,Self-Help
The Book And The Map: New insights into Book of Mormon Geography,2020,Non-Fiction
"Benny Goes To The Moon: The great new book from Top Children's entertainer Gerry Ogilvie (1)",2020,Self-Help
Small Change: A Life of Tom Waits,2020,Biography
Mae and Jane in the Rain,2020,Self-Help
Easy Kill (Rhona MacLeod),2020,Fiction
Backwoods Justice: An Iron Mountain Mystery,2020,Fiction
Colle: Move by Move,2020,Fiction
The Dinner Fix: Cooking for the Rushed,2020,Non-Fiction
Oligarchy,2020,Fiction
Soul Crew Seasiders,2020,Fiction
Toussaint Louverture: A Revolutionary Life,2020,Biography
The Seep,2020,Fiction
"If These Walls Could Talk: Calgary Flames: Stories from the Calgary Flames Ice, Locker Room, and Press Box",2020,Self-Help
The Jordan Tracks,2020,Self-Help
"2002 Volkswagen Passat Owner's Manual",1900,Self-Help
Forged in Blood (Freehold),1900,Fiction
Kirsten: An American Girl : 1854 (The American Girls Collection/Boxed Set),1900,Fiction
From Privileges to Rights: Work and Politics in Colonial New York City (Early American Studies),1900,Non-Fiction
LunaLu the Llamacorn,1900,Self-Help
A Walk Toward Oregon: A Memoir,1900,Memoir
All Pro Dad: Seven Essentials to Be a Hero to Your Kids,1900,Self-Help
Trouble in the CTC!: The Terra Prime Adventures Book 2,1900,Fiction
Answers for Modern Communicators: A Guide to Effective Business Communication,1900,Self-Help
"101 Media and Marketing Tips for Salon Owners, Stylists and Managers",1900,Self-Help
How Dog Food Saved the Earth,1900,Non-Fiction
Around the World Mazes,1900,Non-Fiction
"The Longest Trail, Vol. 1",1900,Memoir
Jealousy,1900,Fiction
"Moon Phases 2021-2022 Planner: 2021 Planner, 24 Months Jan 2021 to Dec 2022, 2 Year Calendar 2021-2022 Monthly Planner",1900,Self-Help
Cleo Porter and the Body Electric,1900,Fiction
"2002 Volkswagen Passat Owner's Manual",1910,Self-Help
Forged in Blood (Freehold),1910,Fiction
Kirsten: An American Girl : 1854 (The American Girls Collection/Boxed Set),1910,Fiction
From Privileges to Rights: Work and Politics in Colonial New York City (Early American Studies),1910,Non-Fiction
LunaLu the Llamacorn,1910,Self-Help
A Walk Toward Oregon: A Memoir,1910,Memoir
All Pro Dad: Seven Essentials to Be a Hero to Your Kids,1910,Self-Help
Trouble in the CTC!: The Terra Prime Adventures Book 2,1910,Fiction
Answers for Modern Communicators: A Guide to Effective Business Communication,1910,Self-Help
"101 Media and Marketing Tips for Salon Owners, Stylists and Managers",1910,Self-Help
How Dog Food Saved the Earth,1910,Non-Fiction
Around the World Mazes,1910,Non-Fiction
"The Longest Trail, Vol. 1",1910,Memoir
Jealousy,1910,Fiction
"Moon Phases 2021-2022 Planner: 2021 Planner, 24 Months Jan 2021 to Dec 2022, 2 Year Calendar 2021-2022 Monthly Planner",1910,Self-Help
Cleo Porter and the Body Electric,1910,Fiction
"2002 Volkswagen Passat Owner's Manual",1920,Self-Help
Forged in Blood (Freehold),1920,Fiction
Kirsten: An American Girl : 1854 (The American Girls Collection/Boxed Set),1920,Fiction
From Privileges to Rights: Work and Politics in Colonial New York City (Early American Studies),1920,Non-Fiction
LunaLu the Llamacorn,1920,Self-Help
A Walk Toward Oregon: A Memoir,1920,Memoir
All Pro Dad: Seven Essentials to Be a Hero to Your Kids,1920,Self-Help
Trouble in the CTC!: The Terra Prime Adventures Book 2,1920,Fiction
Answers for Modern Communicators: A Guide to Effective Business Communication,1920,Self-Help
"101 Media and Marketing Tips for Salon Owners, Stylists and Managers",1920,Self-Help
How Dog Food Saved the Earth,1920,Non-Fiction
Around the World Mazes,1920,Non-Fiction
"The Longest Trail, Vol. 1",1920,Memoir
Jealousy,1920,Fiction
"Moon Phases 2021-2022 Planner: 2021 Planner, 24 Months Jan 2021 to Dec 2022, 2 Year Calendar 2021-2022 Monthly Planner",1920,Self-Help
Cleo Porter and the Body Electric,1920,Fiction
"2002 Volkswagen Passat Owner's Manual",1930,Self-Help
Forged in Blood (Freehold),1930,Fiction
Kirsten: An American Girl : 1854 (The American Girls Collection/Boxed Set),1930,Fiction
From Privileges to Rights: Work and Politics in Colonial New York City (Early American Studies),1930,Non-Fiction
LunaLu the Llamacorn,1930,Self-Help
A Walk Toward Oregon: A Memoir,1930,Memoir
All Pro Dad: Seven Essentials to Be a Hero to Your Kids,1930,Self-Help
Trouble in the CTC!: The Terra Prime Adventures Book 2,1930,Fiction
Answers for Modern Communicators: A Guide to Effective Business Communication,1930,Self-Help
"101 Media and Marketing Tips for Salon Owners, Stylists and Managers",1930,Self-Help
How Dog Food Saved the Earth,1930,Non-Fiction
Around the World Mazes,1930,Non-Fiction
"The Longest Trail, Vol. 1",1930,Memoir
Jealousy,1930,Fiction
"Moon Phases 2021-2022 Planner: 2021 Planner, 24 Months Jan 2021 to Dec 2022, 2 Year Calendar 2021-2022 Monthly Planner",1930,Self-Help
Cleo Porter and the Body Electric,1930,Fiction
"2002 Volkswagen Passat Owner's Manual",1940,Self-Help
Forged in Blood (Freehold),1940,Fiction
Kirsten: An American Girl : 1854 (The American Girls Collection/Boxed Set),1940,Fiction
From Privileges to Rights: Work and Politics in Colonial New York City (Early American Studies),1940,Non-Fiction
LunaLu the Llamacorn,1940,Self-Help
A Walk Toward Oregon: A Memoir,1940,Memoir
All Pro Dad: Seven Essentials to Be a Hero to Your Kids,1940,Self-Help
Trouble in the CTC!: The Terra Prime Adventures Book 2,1940,Fiction
Answers for Modern Communicators: A Guide to Effective Business Communication,1940,Self-Help
"101 Media and Marketing Tips for Salon Owners, Stylists and Managers",1940,Self-Help
How Dog Food Saved the Earth,1940,Non-Fiction
Around the World Mazes,1940,Non-Fiction
"The Longest Trail, Vol. 1",1940,Memoir
Jealousy,1940,Fiction
"Moon Phases 2021-2022 Planner: 2021 Planner, 24 Months Jan 2021 to Dec 2022, 2 Year Calendar 2021-2022 Monthly Planner",1940,Self-Help
Cleo Porter and the Body Electric,1940,Fiction
"2002 Volkswagen Passat Owner's Manual",1950,Self-Help
Forged in Blood (Freehold),1950,Fiction
Kirsten: An American Girl : 1854 (The American Girls Collection/Boxed Set),1950,Fiction
From Privileges to Rights: Work and Politics in Colonial New York City (Early American Studies),1950,Non-Fiction
LunaLu the Llamacorn,1950,Self-Help
A Walk Toward Oregon: A Memoir,1950,Memoir
All Pro Dad: Seven Essentials to Be a Hero to Your Kids,1950,Self-Help
Trouble in the CTC!: The Terra Prime Adventures Book 2,1950,Fiction
Answers for Modern Communicators: A Guide to Effective Business Communication,1950,Self-Help
"101 Media and Marketing Tips for Salon Owners, Stylists and Managers",1950,Self-Help
How Dog Food Saved the Earth,1950,Non-Fiction
Around the World Mazes,1950,Non-Fiction
"The Longest Trail, Vol. 1",1950,Memoir
Jealousy,1950,Fiction
"Moon Phases 2021-2022 Planner: 2021 Planner, 24 Months Jan 2021 to Dec 2022, 2 Year Calendar 2021-2022 Monthly Planner",1950,Self-Help
Cleo Porter and the Body Electric,1950,Fiction
"2002 Volkswagen Passat Owner's Manual",1960,Self-Help
Forged in Blood (Freehold),1960,Fiction
Kirsten: An American Girl : 1854 (The American Girls Collection/Boxed Set),1960,Fiction
From Privileges to Rights: Work and Politics in Colonial New York City (Early American Studies),1960,Non-Fiction
LunaLu the Llamacorn,1960,Self-Help
A Walk Toward Oregon: A Memoir,1960,Memoir
All Pro Dad: Seven Essentials to Be a Hero to Your Kids,1960,Self-Help
Trouble in the CTC!: The Terra Prime Adventures Book 2,1960,Fiction
Answers for Modern Communicators: A Guide to Effective Business Communication,1960,Self-Help
"101 Media and Marketing Tips for Salon Owners, Stylists and Managers",1960,Self-Help
How Dog Food Saved the Earth,1960,Non-Fiction
Around the World Mazes,1960,Non-Fiction
"The Longest Trail, Vol. 1",1960,Memoir
Jealousy,1960,Fiction
"Moon Phases 2021-2022 Planner: 2021 Planner, 24 Months Jan 2021 to Dec 2022, 2 Year Calendar 2021-2022 Monthly Planner",1960,Self-Help
Cleo Porter and the Body Electric,1960,Fiction
"2002 Volkswagen Passat Owner's Manual",1970,Self-Help
Forged in Blood (Freehold),1970,Fiction
Kirsten: An American Girl : 1854 (The American Girls Collection/Boxed Set),1970,Fiction
From Privileges to Rights: Work and Politics in Colonial New York City (Early American Studies),1970,Non-Fiction
LunaLu the Llamacorn,1970,Self-Help
A Walk Toward Oregon: A Memoir,1970,Memoir
All Pro Dad: Seven Essentials to Be a Hero to Your Kids,1970,Self-Help
Trouble in the CTC!: The Terra Prime Adventures Book 2,1970,Fiction
Answers for Modern Communicators: A Guide to Effective Business Communication,1970,Self-Help
"101 Media and Marketing Tips for Salon Owners, Stylists and Managers",1970,Self-Help
How Dog Food Saved the Earth,1970,Non-Fiction
Around the World Mazes,1970,Non-Fiction
"The Longest Trail, Vol. 1",1970,Memoir
Jealousy,1970,Fiction
"Moon Phases 2021-2022 Planner: 2021 Planner, 24 Months Jan 2021 to Dec 2022, 2 Year Calendar 2021-2022 Monthly Planner",1970,Self-Help
Cleo Porter and the Body Electric,1970,Fiction
"2002 Volkswagen Passat Owner's Manual",1980,Self-Help
Forged in Blood (Freehold),1980,Fiction
Kirsten: An American Girl : 1854 (The American Girls Collection/Boxed Set),1980,Fiction
From Privileges to Rights: Work and Politics in Colonial New York City (Early American Studies),1980,Non-Fiction
LunaLu the Llamacorn,1980,Self-Help
A Walk Toward Oregon: A Memoir,1980,Memoir
All Pro Dad: Seven Essentials to Be a Hero to Your Kids,1980,Self-Help
Trouble in the CTC!: The Terra Prime Adventures Book 2,1980,Fiction
Answers for Modern Communicators: A Guide to Effective Business Communication,1980,Self-Help
"101 Media and Marketing Tips for Salon Owners, Stylists and Managers",1980,Self-Help
How Dog Food Saved the Earth,1980,Non-Fiction
Around the World Mazes,1980,Non-Fiction
"The Longest Trail, Vol. 1",1980,Memoir
Jealousy,1980,Fiction
"Moon Phases 2021-2022 Planner: 2021 Planner, 24 Months Jan 2021 to Dec 2022, 2 Year Calendar 2021-2022 Monthly Planner",1980,Self-Help
Cleo Porter and the Body Electric,1980,Fiction
"2002 Volkswagen Passat Owner's Manual",1990,Self-Help
Forged in Blood (Freehold),1990,Fiction
Kirsten: An American Girl : 1854 (The American Girls Collection/Boxed Set),1990,Fiction
From Privileges to Rights: Work and Politics in Colonial New York City (Early American Studies),1990,Non-Fiction
LunaLu the Llamacorn,1990,Self-Help
A Walk Toward Oregon: A Memoir,1990,Memoir
All Pro Dad: Seven Essentials to Be a Hero to Your Kids,1990,Self-Help
Trouble in the CTC!: The Terra Prime Adventures Book 2,1990,Fiction
Answers for Modern Communicators: A Guide to Effective Business Communication,1990,Self-Help
"101 Media and Marketing Tips for Salon Owners, Stylists and Managers",1990,Self-Help
How Dog Food Saved the Earth,1990,Non-Fiction
Around the World Mazes,1990,Non-Fiction
"The Longest Trail, Vol. 1",1990,Memoir
Jealousy,1990,Fiction
"Moon Phases 2021-2022 Planner: 2021 Planner, 24 Months Jan 2021 to Dec 2022, 2 Year Calendar 2021-2022 Monthly Planner",1990,Self-Help
Cleo Porter and the Body Electric,1990,Fiction
"2002 Volkswagen Passat Owner's Manual",2000,Self-Help
Forged in Blood (Freehold),2000,Fiction
Kirsten: An American Girl : 1854 (The American Girls Collection/Boxed Set),2000,Fiction
From Privileges to Rights: Work and Politics in Colonial New York City (Early American Studies),2000,Non-Fiction
LunaLu the Llamacorn,2000,Self-Help
A Walk Toward Oregon: A Memoir,2000,Memoir
All Pro Dad: Seven Essentials to Be a Hero to Your Kids,2000,Self-Help
Trouble in the CTC!: The Terra Prime Adventures Book 2,2000,Fiction
Answers for Modern Communicators: A Guide to Effective Business Communication,2000,Self-Help
"101 Media and Marketing Tips for Salon Owners, Stylists and Managers",2000,Self-Help
How Dog Food Saved the Earth,2000,Non-Fiction
Around the World Mazes,2000,Non-Fiction
"The Longest Trail, Vol. 1",2000,Memoir
Jealousy,2000,Fiction
"Moon Phases 2021-2022 Planner: 2021 Planner, 24 Months Jan 2021 to Dec 2022, 2 Year Calendar 2021-2022 Monthly Planner",2000,Self-Help
Cleo Porter and the Body Electric,2000,Fiction
"2002 Volkswagen Passat Owner's Manual",2010,Self-Help
Forged in Blood (Freehold),2010,Fiction
Kirsten: An American Girl : 1854 (The American Girls Collection/Boxed Set),2010,Fiction
From Privileges to Rights: Work and Politics in Colonial New York City (Early American Studies),2010,Non-Fiction
LunaLu the Llamacorn,2010,Self-Help
A Walk Toward Oregon: A Memoir,2010,Memoir
All Pro Dad: Seven Essentials to Be a Hero to Your Kids,2010,Self-Help
Trouble in the CTC!: The Terra Prime Adventures Book 2,2010,Fiction
Answers for Modern Communicators: A Guide to Effective Business Communication,2010,Self-Help
"101 Media and Marketing Tips for Salon Owners, Stylists and Managers",2010,Self-Help
How Dog Food Saved the Earth,2010,Non-Fiction
Around the World Mazes,2010,Non-Fiction
"The Longest Trail, Vol. 1",2010,Memoir
Jealousy,2010,Fiction
"Moon Phases 2021-2022 Planner: 2021 Planner, 24 Months Jan 2021 to Dec 2022, 2 Year Calendar 2021-2022 Monthly Planner",2010,Self-Help
Cleo Porter and the Body Electric,2010,Fiction
"2002 Volkswagen Passat Owner's Manual",2020,Self-Help
Forged in Blood (Freehold),2020,Fiction
Kirsten: An American Girl : 1854 (The American Girls Collection/Boxed Set),2020,Fiction
From Privileges to Rights: Work and Politics in Colonial New York City (Early American Studies),2020,Non-Fiction
LunaLu the Llamacorn,2020,Self-Help
A Walk Toward Oregon: A Memoir,2020,Memoir
All Pro Dad: Seven Essentials to Be a Hero to Your Kids,2020,Self-Help
Trouble in the CTC!: The Terra Prime Adventures Book 2,2020,Fiction
Answers for Modern Communicators: A Guide to Effective Business Communication,2020,Self-Help
"101 Media and Marketing Tips for Salon Owners, Stylists and Managers",2020,Self-Help
How Dog Food Saved the Earth,2020,Non-Fiction
Around the World Mazes,2020,Non-Fiction
"The Longest Trail, Vol. 1",2020,Memoir
Jealousy,2020,Fiction
"Moon Phases 2021-2022 Planner: 2021 Planner, 24 Months Jan 2021 to Dec 2022, 2 Year Calendar 2021-2022 Monthly Planner",2020,Self-Help
Cleo Porter and the Body Electric,2020,Fiction
"Capitalism, Hegemony and Violence in the Age of Drones",1900,Non-Fiction
"Matchsafes: Cooper-Hewitt, National Design Museum, Smithsonian",1900,Non-Fiction
"Time's Demon: BOOK II OF THE ISLEVALE CYCLE",1900,Fiction
Haunted Wisconsin: Ghosts and Strange Phenomena of the Badger State (Haunted Series),1900,Non-Fiction
Monster Kisses,1900,Fiction
Toolbox for Sustainable City Living: A do-it-Ourselves Guide,1900,Non-Fiction
"The Dark Wind CD Low Price (Jim Chee Novels) by Hillerman, Tony(April 5, 2005) Audio CD",1900,Fiction
Dead Silence,1900,Fiction
Tchr Asmnt Gd Gr5 New Sci 2006,1900,Self-Help
No Telephone to Heaven,1900,Fiction
"Pokémon: Sun & Moon, Vol. 8 (8)",1900,Fiction
"Exits, Desires, & Slow Fires",1900,Fiction
"Six Gun Sound: The Early History of the Los Angeles County Sheriff's Department",1900,Non-Fiction
The Shadows (Guitar Legends),1900,Self-Help
"Victoria Magazine October 1990, Vol. 1, No. 4",1900,Self-Help
"Design Innovations for Aging and Alzheimer's",1900,Non-Fiction
"Capitalism, Hegemony and Violence in the Age of Drones",1910,Non-Fiction
"Matchsafes: Cooper-Hewitt, National Design Museum, Smithsonian",1910,Non-Fiction
"Time's Demon: BOOK II OF THE ISLEVALE CYCLE",1910,Fiction
Haunted Wisconsin: Ghosts and Strange Phenomena of the Badger State (Haunted Series),1910,Non-Fiction
Monster Kisses,1910,Fiction
Toolbox for Sustainable City Living: A do-it-Ourselves Guide,1910,Non-Fiction
"The Dark Wind CD Low Price (Jim Chee Novels) by Hillerman, Tony(April 5, 2005) Audio CD",1910,Fiction
Dead Silence,1910,Fiction
Tchr Asmnt Gd Gr5 New Sci 2006,1910,Self-Help
No Telephone to Heaven,1910,Fiction
"Pokémon: Sun & Moon, Vol. 8 (8)",1910,Fiction
"Exits, Desires, & Slow Fires",1910,Fiction
"Six Gun Sound: The Early History of the Los Angeles County Sheriff's Department",1910,Non-Fiction
The Shadows (Guitar Legends),1910,Self-Help
"Victoria Magazine October 1990, Vol. 1, No. 4",1910,Self-Help
"Design Innovations for Aging and Alzheimer's",1910,Non-Fiction
"Capitalism, Hegemony and Violence in the Age of Drones",1920,Non-Fiction
"Matchsafes: Cooper-Hewitt, National Design Museum, Smithsonian",1920,Non-Fiction
"Time's Demon: BOOK II OF THE ISLEVALE CYCLE",1920,Fiction
Haunted Wisconsin: Ghosts and Strange Phenomena of the Badger State (Haunted Series),1920,Non-Fiction
Monster Kisses,1920,Fiction
Toolbox for Sustainable City Living: A do-it-Ourselves Guide,1920,Non-Fiction
"The Dark Wind CD Low Price (Jim Chee Novels) by Hillerman, Tony(April 5, 2005) Audio CD",1920,Fiction
Dead Silence,1920,Fiction
Tchr Asmnt Gd Gr5 New Sci 2006,1920,Self-Help
No Telephone to Heaven,1920,Fiction
"Pokémon: Sun & Moon, Vol. 8 (8)",1920,Fiction
"Exits, Desires, & Slow Fires",1920,Fiction
"Six Gun Sound: The Early History of the Los Angeles County Sheriff's Department",1920,Non-Fiction
The Shadows (Guitar Legends),1920,Self-Help
"Victoria Magazine October 1990, Vol. 1, No. 4",1920,Self-Help
"Design Innovations for Aging and Alzheimer's",1920,Non-Fiction
"Capitalism, Hegemony and Violence in the Age of Drones",1930,Non-Fiction
"Matchsafes: Cooper-Hewitt, National Design Museum, Smithsonian",1930,Non-Fiction
"Time's Demon: BOOK II OF THE ISLEVALE CYCLE",1930,Fiction
Haunted Wisconsin: Ghosts and Strange Phenomena of the Badger State (Haunted Series),1930,Non-Fiction
Monster Kisses,1930,Fiction
Toolbox for Sustainable City Living: A do-it-Ourselves Guide,1930,Non-Fiction
"The Dark Wind CD Low Price (Jim Chee Novels) by Hillerman, Tony(April 5, 2005) Audio CD",1930,Fiction
Dead Silence,1930,Fiction
Tchr Asmnt Gd Gr5 New Sci 2006,1930,Self-Help
No Telephone to Heaven,1930,Fiction
"Pokémon: Sun & Moon, Vol. 8 (8)",1930,Fiction
"Exits, Desires, & Slow Fires",1930,Fiction
"Six Gun Sound: The Early History of the Los Angeles County Sheriff's Department",1930,Non-Fiction
The Shadows (Guitar Legends),1930,Self-Help
"Victoria Magazine October 1990, Vol. 1, No. 4",1930,Self-Help
"Design Innovations for Aging and Alzheimer's",1930,Non-Fiction
"Capitalism, Hegemony and Violence in the Age of Drones",1940,Non-Fiction
"Matchsafes: Cooper-Hewitt, National Design Museum, Smithsonian",1940,Non-Fiction
"Time's Demon: BOOK II OF THE ISLEVALE CYCLE",1940,Fiction
Haunted Wisconsin: Ghosts and Strange Phenomena of the Badger State (Haunted Series),1940,Non-Fiction
Monster Kisses,1940,Fiction
Toolbox for Sustainable City Living: A do-it-Ourselves Guide,1940,Non-Fiction
"The Dark Wind CD Low Price (Jim Chee Novels) by Hillerman, Tony(April 5, 2005) Audio CD",1940,Fiction
Dead Silence,1940,Fiction
Tchr Asmnt Gd Gr5 New Sci 2006,1940,Self-Help
No Telephone to Heaven,1940,Fiction
"Pokémon: Sun & Moon, Vol. 8 (8)",1940,Fiction
"Exits, Desires, & Slow Fires",1940,Fiction
"Six Gun Sound: The Early History of the Los Angeles County Sheriff's Department",1940,Non-Fiction
The Shadows (Guitar Legends),1940,Self-Help
"Victoria Magazine October 1990, Vol. 1, No. 4",1940,Self-Help
"Design Innovations for Aging and Alzheimer's",1940,Non-Fiction
"Capitalism, Hegemony and Violence in the Age of Drones",1950,Non-Fiction
"Matchsafes: Cooper-Hewitt, National Design Museum, Smithsonian",1950,Non-Fiction
"Time's Demon: BOOK II OF THE ISLEVALE CYCLE",1950,Fiction
Haunted Wisconsin: Ghosts and Strange Phenomena of the Badger State (Haunted Series),1950,Non-Fiction
Monster Kisses,1950,Fiction
Toolbox for Sustainable City Living: A do-it-Ourselves Guide,1950,Non-Fiction
"The Dark Wind CD Low Price (Jim Chee Novels) by Hillerman, Tony(April 5, 2005) Audio CD",1950,Fiction
Dead Silence,1950,Fiction
Tchr Asmnt Gd Gr5 New Sci 2006,1950,Self-Help
No Telephone to Heaven,1950,Fiction
"Pokémon: Sun & Moon, Vol. 8 (8)",1950,Fiction
"Exits, Desires, & Slow Fires",1950,Fiction
"Six Gun Sound: The Early History of the Los Angeles County Sheriff's Department",1950,Non-Fiction
The Shadows (Guitar Legends),1950,Self-Help
"Victoria Magazine October 1990, Vol. 1, No. 4",1950,Self-Help
"Design Innovations for Aging and Alzheimer's",1950,Non-Fiction
"Capitalism, Hegemony and Violence in the Age of Drones",1960,Non-Fiction
"Matchsafes: Cooper-Hewitt, National Design Museum, Smithsonian",1960,Non-Fiction
"Time's Demon: BOOK II OF THE ISLEVALE CYCLE",1960,Fiction
Haunted Wisconsin: Ghosts and Strange Phenomena of the Badger State (Haunted Series),1960,Non-Fiction
Monster Kisses,1960,Fiction
Toolbox for Sustainable City Living: A do-it-Ourselves Guide,1960,Non-Fiction
"The Dark Wind CD Low Price (Jim Chee Novels) by Hillerman, Tony(April 5, 2005) Audio CD",1960,Fiction
Dead Silence,1960,Fiction
Tchr Asmnt Gd Gr5 New Sci 2006,1960,Self-Help
No Telephone to Heaven,1960,Fiction
"Pokémon: Sun & Moon, Vol. 8 (8)",1960,Fiction
"Exits, Desires, & Slow Fires",1960,Fiction
"Six Gun Sound: The Early History of the Los Angeles County Sheriff's Department",1960,Non-Fiction
The Shadows (Guitar Legends),1960,Self-Help
"Victoria Magazine October 1990, Vol. 1, No. 4",1960,Self-Help
"Design Innovations for Aging and Alzheimer's",1960,Non-Fiction
"Capitalism, Hegemony and Violence in the Age of Drones",1970,Non-Fiction
"Matchsafes: Cooper-Hewitt, National Design Museum, Smithsonian",1970,Non-Fiction
"Time's Demon: BOOK II OF THE ISLEVALE CYCLE",1970,Fiction
Haunted Wisconsin: Ghosts and Strange Phenomena of the Badger State (Haunted Series),1970,Non-Fiction
Monster Kisses,1970,Fiction
Toolbox for Sustainable City Living: A do-it-Ourselves Guide,1970,Non-Fiction
"The Dark Wind CD Low Price (Jim Chee Novels) by Hillerman, Tony(April 5, 2005) Audio CD",1970,Fiction
Dead Silence,1970,Fiction
Tchr Asmnt Gd Gr5 New Sci 2006,1970,Self-Help
No Telephone to Heaven,1970,Fiction
"Pokémon: Sun & Moon, Vol. 8 (8)",1970,Fiction
"Exits, Desires, & Slow Fires",1970,Fiction
"Six Gun Sound: The Early History of the Los Angeles County Sheriff's Department",1970,Non-Fiction
The Shadows (Guitar Legends),1970,Self-Help
"Victoria Magazine October 1990, Vol. 1, No. 4",1970,Self-Help
"Design Innovations for Aging and Alzheimer's",1970,Non-Fiction
"Capitalism, Hegemony and Violence in the Age of Drones",1980,Non-Fiction
"Matchsafes: Cooper-Hewitt, National Design Museum, Smithsonian",1980,Non-Fiction
"Time's Demon: BOOK II OF THE ISLEVALE CYCLE",1980,Fiction
Haunted Wisconsin: Ghosts and Strange Phenomena of the Badger State (Haunted Series),1980,Non-Fiction
Monster Kisses,1980,Fiction
Toolbox for Sustainable City Living: A do-it-Ourselves Guide,1980,Non-Fiction
"The Dark Wind CD Low Price (Jim Chee Novels) by Hillerman, Tony(April 5, 2005) Audio CD",1980,Fiction
Dead Silence,1980,Fiction
Tchr Asmnt Gd Gr5 New Sci 2006,1980,Self-Help
No Telephone to Heaven,1980,Fiction
"Pokémon: Sun & Moon, Vol. 8 (8)",1980,Fiction
"Exits, Desires, & Slow Fires",1980,Fiction
"Six Gun Sound: The Early History of the Los Angeles County Sheriff's Department",1980,Non-Fiction
The Shadows (Guitar Legends),1980,Self-Help
"Victoria Magazine October 1990, Vol. 1, No. 4",1980,Self-Help
"Design Innovations for Aging and Alzheimer's",1980,Non-Fiction
"Capitalism, Hegemony and Violence in the Age of Drones",1990,Non-Fiction
"Matchsafes: Cooper-Hewitt, National Design Museum, Smithsonian",1990,Non-Fiction
"Time's Demon: BOOK II OF THE ISLEVALE CYCLE",1990,Fiction
Haunted Wisconsin: Ghosts and Strange Phenomena of the Badger State (Haunted Series),1990,Non-Fiction
Monster Kisses,1990,Fiction
Toolbox for Sustainable City Living: A do-it-Ourselves Guide,1990,Non-Fiction
"The Dark Wind CD Low Price (Jim Chee Novels) by Hillerman, Tony(April 5, 2005) Audio CD",1990,Fiction
Dead Silence,1990,Fiction
Tchr Asmnt Gd Gr5 New Sci 2006,1990,Self-Help
No Telephone to Heaven,1990,Fiction
"Pokémon: Sun & Moon, Vol. 8 (8)",1990,Fiction
"Exits, Desires, & Slow Fires",1990,Fiction
"Six Gun Sound: The Early History of the Los Angeles County Sheriff's Department",1990,Non-Fiction
The Shadows (Guitar Legends),1990,Self-Help
"Victoria Magazine October 1990, Vol. 1, No. 4",1990,Self-Help
"Design Innovations for Aging and Alzheimer's",1990,Non-Fiction
"Capitalism, Hegemony and Violence in the Age of Drones",2000,Non-Fiction
"Matchsafes: Cooper-Hewitt, National Design Museum, Smithsonian",2000,Non-Fiction
"Time's Demon: BOOK II OF THE ISLEVALE CYCLE",2000,Fiction
Haunted Wisconsin: Ghosts and Strange Phenomena of the Badger State (Haunted Series),2000,Non-Fiction
Monster Kisses,2000,Fiction
Toolbox for Sustainable City Living: A do-it-Ourselves Guide,2000,Non-Fiction
"The Dark Wind CD Low Price (Jim Chee Novels) by Hillerman, Tony(April 5, 2005) Audio CD",2000,Fiction
Dead Silence,2000,Fiction
Tchr Asmnt Gd Gr5 New Sci 2006,2000,Self-Help
No Telephone to Heaven,2000,Fiction
"Pokémon: Sun & Moon, Vol. 8 (8)",2000,Fiction
"Exits, Desires, & Slow Fires",2000,Fiction
"Six Gun Sound: The Early History of the Los Angeles County Sheriff's Department",2000,Non-Fiction
The Shadows (Guitar Legends),2000,Self-Help
"Victoria Magazine October 1990, Vol. 1, No. 4",2000,Self-Help
"Design Innovations for Aging and Alzheimer's",2000,Non-Fiction
"Capitalism, Hegemony and Violence in the Age of Drones",2010,Non-Fiction
"Matchsafes: Cooper-Hewitt, National Design Museum, Smithsonian",2010,Non-Fiction
"Time's Demon: BOOK II OF THE ISLEVALE CYCLE",2010,Fiction
Haunted Wisconsin: Ghosts and Strange Phenomena of the Badger State (Haunted Series),2010,Non-Fiction
Monster Kisses,2010,Fiction
Toolbox for Sustainable City Living: A do-it-Ourselves Guide,2010,Non-Fiction
"The Dark Wind CD Low Price (Jim Chee Novels) by Hillerman, Tony(April 5, 2005) Audio CD",2010,Fiction
Dead Silence,2010,Fiction
Tchr Asmnt Gd Gr5 New Sci 2006,2010,Self-Help
No Telephone to Heaven,2010,Fiction
"Pokémon: Sun & Moon, Vol. 8 (8)",2010,Fiction
"Exits, Desires, & Slow Fires",2010,Fiction
"Six Gun Sound: The Early History of the Los Angeles County Sheriff's Department",2010,Non-Fiction
The Shadows (Guitar Legends),2010,Self-Help
"Victoria Magazine October 1990, Vol. 1, No. 4",2010,Self-Help
"Design Innovations for Aging and Alzheimer's",2010,Non-Fiction
"Capitalism, Hegemony and Violence in the Age of Drones",2020,Non-Fiction
"Matchsafes: Cooper-Hewitt, National Design Museum, Smithsonian",2020,Non-Fiction
"Time's Demon: BOOK II OF THE ISLEVALE CYCLE",2020,Fiction
Haunted Wisconsin: Ghosts and Strange Phenomena of the Badger State (Haunted Series),2020,Non-Fiction
Monster Kisses,2020,Fiction
Toolbox for Sustainable City Living: A do-it-Ourselves Guide,2020,Non-Fiction
"The Dark Wind CD Low Price (Jim Chee Novels) by Hillerman, Tony(April 5, 2005) Audio CD",2020,Fiction
Dead Silence,2020,Fiction
Tchr Asmnt Gd Gr5 New Sci 2006,2020,Self-Help
No Telephone to Heaven,2020,Fiction
"Pokémon: Sun & Moon, Vol. 8 (8)",2020,Fiction
"Exits, Desires, & Slow Fires",2020,Fiction
"Six Gun Sound: The Early History of the Los Angeles County Sheriff's Department",2020,Non-Fiction
The Shadows (Guitar Legends),2020,Self-Help
"Victoria Magazine October 1990, Vol. 1, No. 4",2020,Self-Help
"Design Innovations for Aging and Alzheimer's",2020,Non-Fiction
"The Real Witches’ Garden: Spells, Herbs, Plants and Magical Spaces Outdoors",1900,Non-Fiction
Kennebago Moments,1900,Memoir
Welding Symbols Quick Card (English and Ukrainian Edition),1900,Self-Help
A Cherry Cola Christmas (A Cherry Cola Book Club Novel),1900,Fiction
The Sludge,1900,Fiction
Play Time (Play With Series) (Sight Word Readers),1900,Self-Help
Liza of Lambeth,1900,Self-Help
Amazigh Arts in Morocco: Women Shaping Berber Identity,1900,Non-Fiction
Wasted Calories and Ruined Nights: A Journey Deeper into Dining Hell,1900,Non-Fiction
Meat Eater: Adventures from the Life of an American Hunter,1900,Memoir
Consort (A Dark(ish) Faerie Tale Book 3),1900,Fiction
"The Vampyre and Other Tales of the Macabre (Oxford World's Classics)",1900,Fiction
Quilt Africa,1900,Non-Fiction
French Illusions: My Story as an American Au Pair in the Loire Valley,1900,Memoir
Wicked Appetite (Lizzy and Diesel),1900,Fiction
"Clark Weber's Rock and Roll Radio: The Fun Years, 1955-1975",1900,Non-Fiction
"The Real Witches’ Garden: Spells, Herbs, Plants and Magical Spaces Outdoors",1910,Non-Fiction
Kennebago Moments,1910,Memoir
Welding Symbols Quick Card (English and Ukrainian Edition),1910,Self-Help
A Cherry Cola Christmas (A Cherry Cola Book Club Novel),1910,Fiction
The Sludge,1910,Fiction
Play Time (Play With Series) (Sight Word Readers),1910,Self-Help
Liza of Lambeth,1910,Self-Help
Amazigh Arts in Morocco: Women Shaping Berber Identity,1910,Non-Fiction
Wasted Calories and Ruined Nights: A Journey Deeper into Dining Hell,1910,Non-Fiction
Meat Eater: Adventures from the Life of an American Hunter,1910,Memoir
Consort (A Dark(ish) Faerie Tale Book 3),1910,Fiction
"The Vampyre and Other Tales of the Macabre (Oxford World's Classics)",1910,Fiction
Quilt Africa,1910,Non-Fiction
French Illusions: My Story as an American Au Pair in the Loire Valley,1910,Memoir
Wicked Appetite (Lizzy and Diesel),1910,Fiction
"Clark Weber's Rock and Roll Radio: The Fun Years, 1955-1975",1910,Non-Fiction
"The Real Witches’ Garden: Spells, Herbs, Plants and Magical Spaces Outdoors",1920,Non-Fiction
Kennebago Moments,1920,Memoir
Welding Symbols Quick Card (English and Ukrainian Edition),1920,Self-Help
A Cherry Cola Christmas (A Cherry Cola Book Club Novel),1920,Fiction
The Sludge,1920,Fiction
Play Time (Play With Series) (Sight Word Readers),1920,Self-Help
Liza of Lambeth,1920,Self-Help
Amazigh Arts in Morocco: Women Shaping Berber Identity,1920,Non-Fiction
Wasted Calories and Ruined Nights: A Journey Deeper into Dining Hell,1920,Non-Fiction
Meat Eater: Adventures from the Life of an American Hunter,1920,Memoir
Consort (A Dark(ish) Faerie Tale Book 3),1920,Fiction
"The Vampyre and Other Tales of the Macabre (Oxford World's Classics)",1920,Fiction
Quilt Africa,1920,Non-Fiction
French Illusions: My Story as an American Au Pair in the Loire Valley,1920,Memoir
Wicked Appetite (Lizzy and Diesel),1920,Fiction
"Clark Weber's Rock and Roll Radio: The Fun Years, 1955-1975",1920,Non-Fiction
"The Real Witches’ Garden: Spells, Herbs, Plants and Magical Spaces Outdoors",1930,Non-Fiction
Kennebago Moments,1930,Memoir
Welding Symbols Quick Card (English and Ukrainian Edition),1930,Self-Help
A Cherry Cola Christmas (A Cherry Cola Book Club Novel),1930,Fiction
The Sludge,1930,Fiction
Play Time (Play With Series) (Sight Word Readers),1930,Self-Help
Liza of Lambeth,1930,Self-Help
Amazigh Arts in Morocco: Women Shaping Berber Identity,1930,Non-Fiction
Wasted Calories and Ruined Nights: A Journey Deeper into Dining Hell,1930,Non-Fiction
Meat Eater: Adventures from the Life of an American Hunter,1930,Memoir
Consort (A Dark(ish) Faerie Tale Book 3),1930,Fiction
"The Vampyre and Other Tales of the Macabre (Oxford World's Classics)",1930,Fiction
Quilt Africa,1930,Non-Fiction
French Illusions: My Story as an American Au Pair in the Loire Valley,1930,Memoir
Wicked Appetite (Lizzy and Diesel),1930,Fiction
"Clark Weber's Rock and Roll Radio: The Fun Years, 1955-1975",1930,Non-Fiction
"The Real Witches’ Garden: Spells, Herbs, Plants and Magical Spaces Outdoors",1940,Non-Fiction
Kennebago Moments,1940,Memoir
Welding Symbols Quick Card (English and Ukrainian Edition),1940,Self-Help
A Cherry Cola Christmas (A Cherry Cola Book Club Novel),1940,Fiction
The Sludge,1940,Fiction
Play Time (Play With Series) (Sight Word Readers),1940,Self-Help
Liza of Lambeth,1940,Self-Help
Amazigh Arts in Morocco: Women Shaping Berber Identity,1940,Non-Fiction
Wasted Calories and Ruined Nights: A Journey Deeper into Dining Hell,1940,Non-Fiction
Meat Eater: Adventures from the Life of an American Hunter,1940,Memoir
Consort (A Dark(ish) Faerie Tale Book 3),1940,Fiction
"The Vampyre and Other Tales of the Macabre (Oxford World's Classics)",1940,Fiction
Quilt Africa,1940,Non-Fiction
French Illusions: My Story as an American Au Pair in the Loire Valley,1940,Memoir
Wicked Appetite (Lizzy and Diesel),1940,Fiction
"Clark Weber's Rock and Roll Radio: The Fun Years, 1955-1975",1940,Non-Fiction
"The Real Witches’ Garden: Spells, Herbs, Plants and Magical Spaces Outdoors",1950,Non-Fiction
Kennebago Moments,1950,Memoir
Welding Symbols Quick Card (English and Ukrainian Edition),1950,Self-Help
A Cherry Cola Christmas (A Cherry Cola Book Club Novel),1950,Fiction
The Sludge,1950,Fiction
Play Time (Play With Series) (Sight Word Readers),1950,Self-Help
Liza of Lambeth,1950,Self-Help
Amazigh Arts in Morocco: Women Shaping Berber Identity,1950,Non-Fiction
Wasted Calories and Ruined Nights: A Journey Deeper into Dining Hell,1950,Non-Fiction
Meat Eater: Adventures from the Life of an American Hunter,1950,Memoir
Consort (A Dark(ish) Faerie Tale Book 3),1950,Fiction
"The Vampyre and Other Tales of the Macabre (Oxford World's Classics)",1950,Fiction
Quilt Africa,1950,Non-Fiction
French Illusions: My Story as an American Au Pair in the Loire Valley,1950,Memoir
Wicked Appetite (Lizzy and Diesel),1950,Fiction
"Clark Weber's Rock and Roll Radio: The Fun Years, 1955-1975",1950,Non-Fiction
"The Real Witches’ Garden: Spells, Herbs, Plants and Magical Spaces Outdoors",1960,Non-Fiction
Kennebago Moments,1960,Memoir
Welding Symbols Quick Card (English and Ukrainian Edition),1960,Self-Help
A Cherry Cola Christmas (A Cherry Cola Book Club Novel),1960,Fiction
The Sludge,1960,Fiction
Play Time (Play With Series) (Sight Word Readers),1960,Self-Help
Liza of Lambeth,1960,Self-Help
Amazigh Arts in Morocco: Women Shaping Berber Identity,1960,Non-Fiction
Wasted Calories and Ruined Nights: A Journey Deeper into Dining Hell,1960,Non-Fiction
Meat Eater: Adventures from the Life of an American Hunter,1960,Memoir
Consort (A Dark(ish) Faerie Tale Book 3),1960,Fiction
"The Vampyre and Other Tales of the Macabre (Oxford World's Classics)",1960,Fiction
Quilt Africa,1960,Non-Fiction
French Illusions: My Story as an American Au Pair in the Loire Valley,1960,Memoir
Wicked Appetite (Lizzy and Diesel),1960,Fiction
"Clark Weber's Rock and Roll Radio: The Fun Years, 1955-1975",1960,Non-Fiction
"The Real Witches’ Garden: Spells, Herbs, Plants and Magical Spaces Outdoors",1970,Non-Fiction
Kennebago Moments,1970,Memoir
Welding Symbols Quick Card (English and Ukrainian Edition),1970,Self-Help
A Cherry Cola Christmas (A Cherry Cola Book Club Novel),1970,Fiction
The Sludge,1970,Fiction
Play Time (Play With Series) (Sight Word Readers),1970,Self-Help
Liza of Lambeth,1970,Self-Help
Amazigh Arts in Morocco: Women Shaping Berber Identity,1970,Non-Fiction
Wasted Calories and Ruined Nights: A Journey Deeper into Dining Hell,1970,Non-Fiction
Meat Eater: Adventures from the Life of an American Hunter,1970,Memoir
Consort (A Dark(ish) Faerie Tale Book 3),1970,Fiction
"The Vampyre and Other Tales of the Macabre (Oxford World's Classics)",1970,Fiction
Quilt Africa,1970,Non-Fiction
French Illusions: My Story as an American Au Pair in the Loire Valley,1970,Memoir
Wicked Appetite (Lizzy and Diesel),1970,Fiction
"Clark Weber's Rock and Roll Radio: The Fun Years, 1955-1975",1970,Non-Fiction
"The Real Witches’ Garden: Spells, Herbs, Plants and Magical Spaces Outdoors",1980,Non-Fiction
Kennebago Moments,1980,Memoir
Welding Symbols Quick Card (English and Ukrainian Edition),1980,Self-Help
A Cherry Cola Christmas (A Cherry Cola Book Club Novel),1980,Fiction
The Sludge,1980,Fiction
Play Time (Play With Series) (Sight Word Readers),1980,Self-Help
Liza of Lambeth,1980,Self-Help
Amazigh Arts in Morocco: Women Shaping Berber Identity,1980,Non-Fiction
Wasted Calories and Ruined Nights: A Journey Deeper into Dining Hell,1980,Non-Fiction
Meat Eater: Adventures from the Life of an American Hunter,1980,Memoir
Consort (A Dark(ish) Faerie Tale Book 3),1980,Fiction
"The Vampyre and Other Tales of the Macabre (Oxford World's Classics)",1980,Fiction
Quilt Africa,1980,Non-Fiction
French Illusions: My Story as an American Au Pair in the Loire Valley,1980,Memoir
Wicked Appetite (Lizzy and Diesel),1980,Fiction
"Clark Weber's Rock and Roll Radio: The Fun Years, 1955-1975",1980,Non-Fiction
"The Real Witches’ Garden: Spells, Herbs, Plants and Magical Spaces Outdoors",1990,Non-Fiction
Kennebago Moments,1990,Memoir
Welding Symbols Quick Card (English and Ukrainian Edition),1990,Self-Help
A Cherry Cola Christmas (A Cherry Cola Book Club Novel),1990,Fiction
The Sludge,1990,Fiction
Play Time (Play With Series) (Sight Word Readers),1990,Self-Help
Liza of Lambeth,1990,Self-Help
Amazigh Arts in Morocco: Women Shaping Berber Identity,1990,Non-Fiction
Wasted Calories and Ruined Nights: A Journey Deeper into Dining Hell,1990,Non-Fiction
Meat Eater: Adventures from the Life of an American Hunter,1990,Memoir
Consort (A Dark(ish) Faerie Tale Book 3),1990,Fiction
"The Vampyre and Other Tales of the Macabre (Oxford World's Classics)",1990,Fiction
Quilt Africa,1990,Non-Fiction
French Illusions: My Story as an American Au Pair in the Loire Valley,1990,Memoir
Wicked Appetite (Lizzy and Diesel),1990,Fiction
"Clark Weber's Rock and Roll Radio: The Fun Years, 1955-1975",1990,Non-Fiction
"The Real Witches’ Garden: Spells, Herbs, Plants and Magical Spaces Outdoors",2000,Non-Fiction
Kennebago Moments,2000,Memoir
Welding Symbols Quick Card (English and Ukrainian Edition),2000,Self-Help
A Cherry Cola Christmas (A Cherry Cola Book Club Novel),2000,Fiction
The Sludge,2000,Fiction
Play Time (Play With Series) (Sight Word Readers),2000,Self-Help
Liza of Lambeth,2000,Self-Help
Amazigh Arts in Morocco: Women Shaping Berber Identity,2000,Non-Fiction
Wasted Calories and Ruined Nights: A Journey Deeper into Dining Hell,2000,Non-Fiction
Meat Eater: Adventures from the Life of an American Hunter,2000,Memoir
Consort (A Dark(ish) Faerie Tale Book 3),2000,Fiction
"The Vampyre and Other Tales of the Macabre (Oxford World's Classics)",2000,Fiction
Quilt Africa,2000,Non-Fiction
French Illusions: My Story as an American Au Pair in the Loire Valley,2000,Memoir
Wicked Appetite (Lizzy and Diesel),2000,Fiction
"Clark Weber's Rock and Roll Radio: The Fun Years, 1955-1975",2000,Non-Fiction
"The Real Witches’ Garden: Spells, Herbs, Plants and Magical Spaces Outdoors",2010,Non-Fiction
Kennebago Moments,2010,Memoir
Welding Symbols Quick Card (English and Ukrainian Edition),2010,Self-Help
A Cherry Cola Christmas (A Cherry Cola Book Club Novel),2010,Fiction
The Sludge,2010,Fiction
Play Time (Play With Series) (Sight Word Readers),2010,Self-Help
Liza of Lambeth,2010,Self-Help
Amazigh Arts in Morocco: Women Shaping Berber Identity,2010,Non-Fiction
Wasted Calories and Ruined Nights: A Journey Deeper into Dining Hell,2010,Non-Fiction
Meat Eater: Adventures from the Life of an American Hunter,2010,Memoir
Consort (A Dark(ish) Faerie Tale Book 3),2010,Fiction
"The Vampyre and Other Tales of the Macabre (Oxford World's Classics)",2010,Fiction
Quilt Africa,2010,Non-Fiction
French Illusions: My Story as an American Au Pair in the Loire Valley,2010,Memoir
Wicked Appetite (Lizzy and Diesel),2010,Fiction
"Clark Weber's Rock and Roll Radio: The Fun Years, 1955-1975",2010,Non-Fiction
"The Real Witches’ Garden: Spells, Herbs, Plants and Magical Spaces Outdoors",2020,Non-Fiction
Kennebago Moments,2020,Memoir
Welding Symbols Quick Card (English and Ukrainian Edition),2020,Self-Help
A Cherry Cola Christmas (A Cherry Cola Book Club Novel),2020,Fiction
The Sludge,2020,Fiction
Play Time (Play With Series) (Sight Word Readers),2020,Self-Help
Liza of Lambeth,2020,Self-Help
Amazigh Arts in Morocco: Women Shaping Berber Identity,2020,Non-Fiction
Wasted Calories and Ruined Nights: A Journey Deeper into Dining Hell,2020,Non-Fiction
Meat Eater: Adventures from the Life of an American Hunter,2020,Memoir
Consort (A Dark(ish) Faerie Tale Book 3),2020,Fiction
"The Vampyre and Other Tales of the Macabre (Oxford World's Classics)",2020,Fiction
Quilt Africa,2020,Non-Fiction
French Illusions: My Story as an American Au Pair in the Loire Valley,2020,Memoir
Wicked Appetite (Lizzy and Diesel),2020,Fiction
"Clark Weber's Rock and Roll Radio: The Fun Years, 1955-1975",2020,Non-Fiction
Dead Famous (A Mallory Novel),1900,Fiction
Dead Famous (A Mallory Novel),1910,Fiction
Dead Famous (A Mallory Novel),1920,Fiction
Dead Famous (A Mallory Novel),1930,Fiction
Dead Famous (A Mallory Novel),1940,Fiction
Dead Famous (A Mallory Novel),1950,Fiction
Dead Famous (A Mallory Novel),1960,Fiction
Dead Famous (A Mallory Novel),1970,Fiction
Dead Famous (A Mallory Novel),1980,Fiction
Dead Famous (A Mallory Novel),1990,Fiction
Dead Famous (A Mallory Novel),2000,Fiction
Dead Famous (A Mallory Novel),2010,Fiction
Dead Famous (A Mallory Novel),2020,Fiction
"The ISIS Apocalypse: The History, Strategy, and Doomsday Vision of the Islamic State",1900,Non-Fiction
"The ISIS Apocalypse: The History, Strategy, and Doomsday Vision of the Islamic State",1910,Non-Fiction
"The ISIS Apocalypse: The History, Strategy, and Doomsday Vision of the Islamic State",1920,Non-Fiction
"The ISIS Apocalypse: The History, Strategy, and Doomsday Vision of the Islamic State",1930,Non-Fiction
"The ISIS Apocalypse: The History, Strategy, and Doomsday Vision of the Islamic State",1940,Non-Fiction
"The ISIS Apocalypse: The History, Strategy, and Doomsday Vision of the Islamic State",1950,Non-Fiction
"The ISIS Apocalypse: The History, Strategy, and Doomsday Vision of the Islamic State",1960,Non-Fiction
"The ISIS Apocalypse: The History, Strategy, and Doomsday Vision of the Islamic State",1970,Non-Fiction
"The ISIS Apocalypse: The History, Strategy, and Doomsday Vision of the Islamic State",1980,Non-Fiction
"The ISIS Apocalypse: The History, Strategy, and Doomsday Vision of the Islamic State",1990,Non-Fiction
"The ISIS Apocalypse: The History, Strategy, and Doomsday Vision of the Islamic State",2000,Non-Fiction
"The ISIS Apocalypse: The History, Strategy, and Doomsday Vision of the Islamic State",2010,Non-Fiction
"The ISIS Apocalypse: The History, Strategy, and Doomsday Vision of the Islamic State",2020,Non-Fiction
Something That Feels Like Truth (Switchgrass Books),1900,Fiction
Something That Feels Like Truth (Switchgrass Books),1910,Fiction
Something That Feels Like Truth (Switchgrass Books),1920,Fiction
Something That Feels Like Truth (Switchgrass Books),1930,Fiction
Something That Feels Like Truth (Switchgrass Books),1940,Fiction
Something That Feels Like Truth (Switchgrass Books),1950,Fiction
Something That Feels Like Truth (Switchgrass Books),1960,Fiction
Something That Feels Like Truth (Switchgrass Books),1970,Fiction
Something That Feels Like Truth (Switchgrass Books),1980,Fiction
Something That Feels Like Truth (Switchgrass Books),1990,Fiction
Something That Feels Like Truth (Switchgrass Books),2000,Fiction
Something That Feels Like Truth (Switchgrass Books),2010,Fiction
Something That Feels Like Truth (Switchgrass Books),2020,Fiction
"The Secret Thoughts of an Unlikely Convert : An English Professor's Journey into Christian Faith",1900,Memoir
"The Secret Thoughts of an Unlikely Convert : An English Professor's Journey into Christian Faith",1910,Memoir
"The Secret Thoughts of an Unlikely Convert : An English Professor's Journey into Christian Faith",1920,Memoir
"The Secret Thoughts of an Unlikely Convert : An English Professor's Journey into Christian Faith",1930,Memoir
"The Secret Thoughts of an Unlikely Convert : An English Professor's Journey into Christian Faith",1940,Memoir
"The Secret Thoughts of an Unlikely Convert : An English Professor's Journey into Christian Faith",1950,Memoir
"The Secret Thoughts of an Unlikely Convert : An English Professor's Journey into Christian Faith",1960,Memoir
"The Secret Thoughts of an Unlikely Convert : An English Professor's Journey into Christian Faith",1970,Memoir
"The Secret Thoughts of an Unlikely Convert : An English Professor's Journey into Christian Faith",1980,Memoir
"The Secret Thoughts of an Unlikely Convert : An English Professor's Journey into Christian Faith",1990,Memoir
"The Secret Thoughts of an Unlikely Convert : An English Professor's Journey into Christian Faith",2000,Memoir
"The Secret Thoughts of an Unlikely Convert : An English Professor's Journey into Christian Faith",2010,Memoir
"The Secret Thoughts of an Unlikely Convert : An English Professor's Journey into Christian Faith",2020,Memoir
THE ESSENTIAL GUIDE TO WRITING WELL AND GETTING PUBLISHED: Bonus Feature ~ Making Decent Dollars Writing Plus Little-Known Reward-Reaping Benefits,1900,Non-Fiction
THE ESSENTIAL GUIDE TO WRITING WELL AND GETTING PUBLISHED: Bonus Feature ~ Making Decent Dollars Writing Plus Little-Known Reward-Reaping Benefits,1910,Non-Fiction
THE ESSENTIAL GUIDE TO WRITING WELL AND GETTING PUBLISHED: Bonus Feature ~ Making Decent Dollars Writing Plus Little-Known Reward-Reaping Benefits,1920,Non-Fiction
THE ESSENTIAL GUIDE TO WRITING WELL AND GETTING PUBLISHED: Bonus Feature ~ Making Decent Dollars Writing Plus Little-Known Reward-Reaping Benefits,1930,Non-Fiction
THE ESSENTIAL GUIDE TO WRITING WELL AND GETTING PUBLISHED: Bonus Feature ~ Making Decent Dollars Writing Plus Little-Known Reward-Reaping Benefits,1940,Non-Fiction
THE ESSENTIAL GUIDE TO WRITING WELL AND GETTING PUBLISHED: Bonus Feature ~ Making Decent Dollars Writing Plus Little-Known Reward-Reaping Benefits,1950,Non-Fiction
THE ESSENTIAL GUIDE TO WRITING WELL AND GETTING PUBLISHED: Bonus Feature ~ Making Decent Dollars Writing Plus Little-Known Reward-Reaping Benefits,1960,Non-Fiction
THE ESSENTIAL GUIDE TO WRITING WELL AND GETTING PUBLISHED: Bonus Feature ~ Making Decent Dollars Writing Plus Little-Known Reward-Reaping Benefits,1970,Non-Fiction
THE ESSENTIAL GUIDE TO WRITING WELL AND GETTING PUBLISHED: Bonus Feature ~ Making Decent Dollars Writing Plus Little-Known Reward-Reaping Benefits,1980,Non-Fiction
THE ESSENTIAL GUIDE TO WRITING WELL AND GETTING PUBLISHED: Bonus Feature ~ Making Decent Dollars Writing Plus Little-Known Reward-Reaping Benefits,1990,Non-Fiction
THE ESSENTIAL GUIDE TO WRITING WELL AND GETTING PUBLISHED: Bonus Feature ~ Making Decent Dollars Writing Plus Little-Known Reward-Reaping Benefits,2000,Non-Fiction
THE ESSENTIAL GUIDE TO WRITING WELL AND GETTING PUBLISHED: Bonus Feature ~ Making Decent Dollars Writing Plus Little-Known Reward-Reaping Benefits,2010,Non-Fiction
THE ESSENTIAL GUIDE TO WRITING WELL AND GETTING PUBLISHED: Bonus Feature ~ Making Decent Dollars Writing Plus Little-Known Reward-Reaping Benefits,2020,Non-Fiction
SCUBA SHARK - Diving - Vinyl Car Decal Sticker #1329 | Vinyl Color: White,1900,Self-Help
SCUBA SHARK - Diving - Vinyl Car Decal Sticker #1329 | Vinyl Color: White,1910,Self-Help
SCUBA SHARK - Diving - Vinyl Car Decal Sticker #1329 | Vinyl Color: White,1920,Self-Help
SCUBA SHARK - Diving - Vinyl Car Decal Sticker #1329 | Vinyl Color: White,1930,Self-Help
SCUBA SHARK - Diving - Vinyl Car Decal Sticker #1329 | Vinyl Color: White,1940,Self-Help
SCUBA SHARK - Diving - Vinyl Car Decal Sticker #1329 | Vinyl Color: White,1950,Self-Help
SCUBA SHARK - Diving - Vinyl Car Decal Sticker #1329 | Vinyl Color: White,1960,Self-Help
SCUBA SHARK - Diving - Vinyl Car Decal Sticker #1329 | Vinyl Color: White,1970,Self-Help
SCUBA SHARK - Diving - Vinyl Car Decal Sticker #1329 | Vinyl Color: White,1980,Self-Help
SCUBA SHARK - Diving - Vinyl Car Decal Sticker #1329 | Vinyl Color: White,1990,Self-Help
SCUBA SHARK - Diving - Vinyl Car Decal Sticker #1329 | Vinyl Color: White,2000,Self-Help
SCUBA SHARK - Diving - Vinyl Car Decal Sticker #1329 | Vinyl Color: White,2010,Self-Help
SCUBA SHARK - Diving - Vinyl Car Decal Sticker #1329 | Vinyl Color: White,2020,Self-Help
la_guerra_secreta,1900,Non-Fiction
la_guerra_secreta,1910,Non-Fiction
la_guerra_secreta,1920,Non-Fiction
la_guerra_secreta,1930,Non-Fiction
la_guerra_secreta,1940,Non-Fiction
la_guerra_secreta,1950,Non-Fiction
la_guerra_secreta,1960,Non-Fiction
la_guerra_secreta,1970,Non-Fiction
la_guerra_secreta,1980,Non-Fiction
la_guerra_secreta,1990,Non-Fiction
la_guerra_secreta,2000,Non-Fiction
la_guerra_secreta,2010,Non-Fiction
la_guerra_secreta,2020,Non-Fiction
Coleman National Forest Campground and Recreation Directory: The Only Complete Guide to All National Forest Campgrounds,1900,Self-Help
Coleman National Forest Campground and Recreation Directory: The Only Complete Guide to All National Forest Campgrounds,1910,Self-Help
Coleman National Forest Campground and Recreation Directory: The Only Complete Guide to All National Forest Campgrounds,1920,Self-Help
Coleman National Forest Campground and Recreation Directory: The Only Complete Guide to All National Forest Campgrounds,1930,Self-Help
Coleman National Forest Campground and Recreation Directory: The Only Complete Guide to All National Forest Campgrounds,1940,Self-Help
Coleman National Forest Campground and Recreation Directory: The Only Complete Guide to All National Forest Campgrounds,1950,Self-Help
Coleman National Forest Campground and Recreation Directory: The Only Complete Guide to All National Forest Campgrounds,1960,Self-Help
Coleman National Forest Campground and Recreation Directory: The Only Complete Guide to All National Forest Campgrounds,1970,Self-Help
Coleman National Forest Campground and Recreation Directory: The Only Complete Guide to All National Forest Campgrounds,1980,Self-Help
Coleman National Forest Campground and Recreation Directory: The Only Complete Guide to All National Forest Campgrounds,1990,Self-Help
Coleman National Forest Campground and Recreation Directory: The Only Complete Guide to All National Forest Campgrounds,2000,Self-Help
Coleman National Forest Campground and Recreation Directory: The Only Complete Guide to All National Forest Campgrounds,2010,Self-Help
Coleman National Forest Campground and Recreation Directory: The Only Complete Guide to All National Forest Campgrounds,2020,Self-Help
