p_partkey,p_name,p_type,p_container,l_orderkey,l_shipmode,l_shipinstruct,l_quantity,l_extendedprice,l_discount,o_orderdate,o_orderpriority,o_totalprice,c_name,c_mktsegment,c_acctbal,customer_nation,customer_region,n_nationkey,n_name,n_regionkey,n_comment
17,indian navy coral pink deep,ECONOMY BRUSHED STEEL,LG BOX,17478,TRUCK,DELIVER IN PERSON,15.00,13755.15,0.08,1996-11-24,3-MEDIUM,125381.06,Customer#000000118,AUTOMOBILE,3582.37,CHINA,ASIA,0,ALGERIA,0,furiously regular requests. platelets affix furious
107,violet honeydew bisque sienna orchid,SMALL BURNISHED TIN,MED BOX,10145,REG AIR,DELIVER IN PERSON,37.00,37262.70,0.10,1995-05-25,5-LOW,314527.26,Customer#000000323,AUTOMOBILE,1137.67,CHINA,ASIA,0,ALGERIA,0,furiously regular requests. platelets affix furious
572,navy plum lime goldenrod saddle,LARGE BURNISHED COPPER,SM BOX,2657,MAIL,TAKE BACK RETURN,22.00,32396.54,0.02,1995-10-17,2-HIGH,215489.74,Customer#000000124,AUTOMOBILE,1842.49,CHINA,ASIA,0,ALGERIA,0,furiously regular requests. platelets affix furious
932,cornflower sky powder cyan linen,SMALL ANODIZED COPPER,LG BOX,5600,MAIL,TAKE BACK RETURN,34.00,62319.62,0.02,1997-02-08,4-NOT SPECIFIED,79054.82,Customer#000000472,MACHINERY,7929.90,JAPAN,ASIA,0,ALGERIA,0,furiously regular requests. platelets affix furious
81,misty sandy cornsilk dodger blush,ECONOMY BRUSHED TIN,MED BAG,27296,REG AIR,DELIVER IN PERSON,26.00,25508.08,0.00,1997-08-30,4-NOT SPECIFIED,217953.54,Customer#000000341,FURNITURE,8247.11,INDONESIA,ASIA,0,ALGERIA,0,furiously regular requests. platelets affix furious
946,medium drab rosy spring salmon,MEDIUM PLATED TIN,LG BOX,4481,AIR,TAKE BACK RETURN,27.00,49867.38,0.02,1996-03-30,5-LOW,103321.16,Customer#000000734,AUTOMOBILE,9750.71,CHINA,ASIA,0,ALGERIA,0,furiously regular requests. platelets affix furious
758,yellow orchid dim cyan burlywood,ECONOMY ANODIZED TIN,MED BOX,15875,MAIL,DELIVER IN PERSON,21.00,34833.75,0.03,1996-09-01,3-MEDIUM,179557.05,Customer#000000406,FURNITURE,4286.94,INDONESIA,ASIA,0,ALGERIA,0,furiously regular requests. platelets affix furious
107,violet honeydew bisque sienna orchid,SMALL BURNISHED TIN,MED BOX,8451,AIR,TAKE BACK RETURN,19.00,19134.90,0.04,1995-12-14,3-MEDIUM,53487.23,Customer#000000163,FURNITURE,2948.61,VIETNAM,ASIA,0,ALGERIA,0,furiously regular requests. platelets affix furious
895,thistle azure magenta mint burnished,MEDIUM BRUSHED STEEL,SM BOX,2182,TRUCK,TAKE BACK RETURN,37.00,66447.93,0.06,1994-04-05,2-HIGH,171704.77,Customer#000000113,BUILDING,2912.00,JAPAN,ASIA,0,ALGERIA,0,furiously regular requests. platelets affix furious
144,hot midnight orchid dim steel,SMALL ANODIZED TIN,SM BOX,2791,AIR,DELIVER IN PERSON,26.00,27147.64,0.06,1994-10-10,2-HIGH,214697.04,Customer#000000604,HOUSEHOLD,3195.96,VIETNAM,ASIA,0,ALGERIA,0,furiously regular requests. platelets affix furious
895,thistle azure magenta mint burnished,MEDIUM BRUSHED STEEL,SM BOX,4642,MAIL,DELIVER IN PERSON,41.00,73631.49,0.10,1995-02-27,1-URGENT,185628.40,Customer#000000737,AUTOMOBILE,2501.74,CHINA,ASIA,0,ALGERIA,0,furiously regular requests. platelets affix furious
895,thistle azure magenta mint burnished,MEDIUM BRUSHED STEEL,SM BOX,13059,AIR,DELIVER IN PERSON,35.00,62856.15,0.05,1997-05-31,5-LOW,232548.03,Customer#000000068,HOUSEHOLD,6853.37,JAPAN,ASIA,0,ALGERIA,0,furiously regular requests. platelets affix furious
821,smoke drab rose hot spring,PROMO POLISHED TIN,MED BOX,11652,REG AIR,TAKE BACK RETURN,10.00,17218.20,0.07,1995-11-11,4-NOT SPECIFIED,221817.66,Customer#000000721,AUTOMOBILE,3420.64,VIETNAM,ASIA,0,ALGERIA,0,furiously regular requests. platelets affix furious
826,ghost rosy beige salmon lemon,ECONOMY PLATED TIN,SM CASE,28161,MAIL,DELIVER IN PERSON,33.00,56985.06,0.09,1994-06-16,4-NOT SPECIFIED,281929.48,Customer#000000316,MACHINERY,4571.78,INDIA,ASIA,0,ALGERIA,0,furiously regular requests. platelets affix furious
450,sky lace green pale lime,MEDIUM BURNISHED TIN,SM CASE,24705,AIR,DELIVER IN PERSON,42.00,56718.90,0.09,1995-09-16,1-URGENT,114109.64,Customer#000000268,MACHINERY,6821.01,CANADA,AMERICA,0,ALGERIA,0,furiously regular requests. platelets affix furious
144,hot midnight orchid dim steel,SMALL ANODIZED TIN,SM BOX,17476,MAIL,TAKE BACK RETURN,39.00,40721.46,0.01,1996-05-29,1-URGENT,116707.45,Customer#000000268,MACHINERY,6821.01,CANADA,AMERICA,0,ALGERIA,0,furiously regular requests. platelets affix furious
867,snow spring black white burnished,PROMO POLISHED NICKEL,LG BOX,14944,AIR,TAKE BACK RETURN,21.00,37125.06,0.05,1997-10-14,2-HIGH,129269.44,Customer#000000268,MACHINERY,6821.01,CANADA,AMERICA,0,ALGERIA,0,furiously regular requests. platelets affix furious
958,turquoise sandy drab dodger cyan,LARGE PLATED NICKEL,LG BOX,22306,MAIL,DELIVER IN PERSON,13.00,24166.35,0.09,1996-08-16,4-NOT SPECIFIED,131060.76,Customer#000000229,BUILDING,7568.07,ARGENTINA,AMERICA,0,ALGERIA,0,furiously regular requests. platelets affix furious
874,drab slate hot black khaki,MEDIUM PLATED TIN,MED BOX,17668,REG AIR,TAKE BACK RETURN,43.00,76319.41,0.01,1994-11-26,3-MEDIUM,356016.33,Customer#000000005,HOUSEHOLD,794.47,CANADA,AMERICA,0,ALGERIA,0,furiously regular requests. platelets affix furious
30,cream misty steel spring medium,PROMO ANODIZED TIN,LG BOX,10375,TRUCK,TAKE BACK RETURN,23.00,21390.69,0.06,1997-01-08,2-HIGH,60612.14,Customer#000000407,MACHINERY,9537.08,ARGENTINA,AMERICA,0,ALGERIA,0,furiously regular requests. platelets affix furious
81,misty sandy cornsilk dodger blush,ECONOMY BRUSHED TIN,MED BAG,21606,TRUCK,TAKE BACK RETURN,29.00,28451.32,0.10,1995-01-23,4-NOT SPECIFIED,154080.01,Customer#000000343,HOUSEHOLD,5521.36,CANADA,AMERICA,0,ALGERIA,0,furiously regular requests. platelets affix furious
144,hot midnight orchid dim steel,SMALL ANODIZED TIN,SM BOX,21222,TRUCK,DELIVER IN PERSON,34.00,35500.76,0.05,1994-02-04,4-NOT SPECIFIED,222826.57,Customer#000000407,MACHINERY,9537.08,ARGENTINA,AMERICA,0,ALGERIA,0,furiously regular requests. platelets affix furious
395,drab steel royal medium chartreuse,MEDIUM BURNISHED BRASS,LG BOX,16610,MAIL,TAKE BACK RETURN,42.00,54406.38,0.00,1994-10-11,2-HIGH,181988.84,Customer#000000017,AUTOMOBILE,6.34,BRAZIL,AMERICA,0,ALGERIA,0,furiously regular requests. platelets affix furious
107,violet honeydew bisque sienna orchid,SMALL BURNISHED TIN,MED BOX,5090,TRUCK,TAKE BACK RETURN,22.00,22156.20,0.07,1997-03-09,1-URGENT,171523.81,Customer#000000442,FURNITURE,4157.00,ARGENTINA,AMERICA,0,ALGERIA,0,furiously regular requests. platelets affix furious
826,ghost rosy beige salmon lemon,ECONOMY PLATED TIN,SM CASE,12868,MAIL,DELIVER IN PERSON,45.00,77706.90,0.06,1995-03-02,1-URGENT,212378.63,Customer#000000521,MACHINERY,5830.69,BRAZIL,AMERICA,0,ALGERIA,0,furiously regular requests. platelets affix furious
821,smoke drab rose hot spring,PROMO POLISHED TIN,MED BOX,10049,MAIL,DELIVER IN PERSON,30.00,51654.60,0.09,1997-07-23,1-URGENT,167455.41,Customer#000000343,HOUSEHOLD,5521.36,CANADA,AMERICA,0,ALGERIA,0,furiously regular requests. platelets affix furious
17,indian navy coral pink deep,ECONOMY BRUSHED STEEL,LG BOX,28739,AIR,DELIVER IN PERSON,45.00,41265.45,0.07,1996-09-10,2-HIGH,154154.14,Customer#000000728,BUILDING,4349.73,UNITED STATES,AMERICA,0,ALGERIA,0,furiously regular requests. platelets affix furious
450,sky lace green pale lime,MEDIUM BURNISHED TIN,SM CASE,20198,TRUCK,TAKE BACK RETURN,13.00,17555.85,0.02,1995-06-11,4-NOT SPECIFIED,144541.14,Customer#000000478,BUILDING,-210.40,ARGENTINA,AMERICA,0,ALGERIA,0,furiously regular requests. platelets affix furious
758,yellow orchid dim cyan burlywood,ECONOMY ANODIZED TIN,MED BOX,6210,AIR,TAKE BACK RETURN,23.00,38151.25,0.06,1996-11-06,5-LOW,232343.67,Customer#000000343,HOUSEHOLD,5521.36,CANADA,AMERICA,0,ALGERIA,0,furiously regular requests. platelets affix furious
81,misty sandy cornsilk dodger blush,ECONOMY BRUSHED TIN,MED BAG,13154,MAIL,TAKE BACK RETURN,42.00,41205.36,0.09,1997-10-22,5-LOW,262523.82,Customer#000000260,MACHINERY,9196.11,ARGENTINA,AMERICA,0,ALGERIA,0,furiously regular requests. platelets affix furious
507,red misty salmon ivory khaki,SMALL ANODIZED BRASS,SM CASE,29152,TRUCK,TAKE BACK RETURN,24.00,33780.00,0.06,1995-07-24,5-LOW,201223.31,Customer#000000346,FURNITURE,238.14,BRAZIL,AMERICA,0,ALGERIA,0,furiously regular requests. platelets affix furious
758,yellow orchid dim cyan burlywood,ECONOMY ANODIZED TIN,MED BOX,29638,AIR,DELIVER IN PERSON,12.00,19905.00,0.06,1995-10-25,3-MEDIUM,113545.13,Customer#000000505,HOUSEHOLD,6557.51,BRAZIL,AMERICA,0,ALGERIA,0,furiously regular requests. platelets affix furious
395,drab steel royal medium chartreuse,MEDIUM BURNISHED BRASS,LG BOX,23169,AIR,TAKE BACK RETURN,39.00,50520.21,0.04,1995-06-24,1-URGENT,227411.29,Customer#000000265,MACHINERY,8275.80,PERU,AMERICA,0,ALGERIA,0,furiously regular requests. platelets affix furious
558,blanched seashell navy black dim,STANDARD PLATED BRASS,MED BOX,23142,TRUCK,DELIVER IN PERSON,24.00,35005.20,0.06,1996-05-27,3-MEDIUM,142727.51,Customer#000000011,BUILDING,-272.60,UNITED KINGDOM,EUROPE,0,ALGERIA,0,furiously regular requests. platelets affix furious
450,sky lace green pale lime,MEDIUM BURNISHED TIN,SM CASE,29958,TRUCK,DELIVER IN PERSON,28.00,37812.60,0.10,1995-01-07,2-HIGH,143790.75,Customer#000000514,BUILDING,5840.97,UNITED KINGDOM,EUROPE,0,ALGERIA,0,furiously regular requests. platelets affix furious
130,gainsboro powder cyan pale rosy,SMALL PLATED NICKEL,LG BOX,577,AIR,TAKE BACK RETURN,25.00,25753.25,0.06,1994-12-19,5-LOW,40599.44,Customer#000000277,BUILDING,8876.10,UNITED KINGDOM,EUROPE,0,ALGERIA,0,furiously regular requests. platelets affix furious
130,gainsboro powder cyan pale rosy,SMALL PLATED NICKEL,LG BOX,4646,MAIL,DELIVER IN PERSON,22.00,22662.86,0.01,1996-06-18,1-URGENT,170926.97,Customer#000000413,FURNITURE,5817.90,FRANCE,EUROPE,0,ALGERIA,0,furiously regular requests. platelets affix furious
932,cornflower sky powder cyan linen,SMALL ANODIZED COPPER,LG BOX,25568,MAIL,TAKE BACK RETURN,26.00,47656.18,0.08,1996-10-31,1-URGENT,171287.92,Customer#000000514,BUILDING,5840.97,UNITED KINGDOM,EUROPE,0,ALGERIA,0,furiously regular requests. platelets affix furious
826,ghost rosy beige salmon lemon,ECONOMY PLATED TIN,SM CASE,14531,MAIL,TAKE BACK RETURN,45.00,77706.90,0.06,1997-06-11,2-HIGH,203176.76,Customer#000000667,AUTOMOBILE,3288.76,FRANCE,EUROPE,0,ALGERIA,0,furiously regular requests. platelets affix furious
895,thistle azure magenta mint burnished,MEDIUM BRUSHED STEEL,SM BOX,19363,AIR,TAKE BACK RETURN,35.00,62856.15,0.07,1995-07-06,2-HIGH,280738.15,Customer#000000172,MACHINERY,1134.40,RUSSIA,EUROPE,0,ALGERIA,0,furiously regular requests. platelets affix furious
826,ghost rosy beige salmon lemon,ECONOMY PLATED TIN,SM CASE,24674,MAIL,DELIVER IN PERSON,14.00,24175.48,0.06,1996-05-15,2-HIGH,148334.99,Customer#000000046,AUTOMOBILE,5744.59,FRANCE,EUROPE,0,ALGERIA,0,furiously regular requests. platelets affix furious
821,smoke drab rose hot spring,PROMO POLISHED TIN,MED BOX,23621,REG AIR,DELIVER IN PERSON,28.00,48210.96,0.03,1996-12-29,3-MEDIUM,214948.72,Customer#000000394,MACHINERY,5200.96,UNITED KINGDOM,EUROPE,0,ALGERIA,0,furiously regular requests. platelets affix furious
895,thistle azure magenta mint burnished,MEDIUM BRUSHED STEEL,SM BOX,10244,REG AIR,TAKE BACK RETURN,28.00,50284.92,0.01,1996-04-04,3-MEDIUM,140180.15,Customer#000000149,AUTOMOBILE,8959.65,ROMANIA,EUROPE,0,ALGERIA,0,furiously regular requests. platelets affix furious
17,indian navy coral pink deep,ECONOMY BRUSHED STEEL,LG BOX,29316,REG AIR,DELIVER IN PERSON,11.00,10087.11,0.02,1997-05-03,5-LOW,117532.18,Customer#000000683,MACHINERY,9120.93,FRANCE,EUROPE,0,ALGERIA,0,furiously regular requests. platelets affix furious
932,cornflower sky powder cyan linen,SMALL ANODIZED COPPER,LG BOX,18564,AIR,TAKE BACK RETURN,39.00,71484.27,0.01,1996-03-18,2-HIGH,173754.81,Customer#000000112,FURNITURE,2953.35,ROMANIA,EUROPE,0,ALGERIA,0,furiously regular requests. platelets affix furious
395,drab steel royal medium chartreuse,MEDIUM BURNISHED BRASS,LG BOX,14150,MAIL,DELIVER IN PERSON,38.00,49224.82,0.02,1994-02-09,2-HIGH,186818.41,Customer#000000046,AUTOMOBILE,5744.59,FRANCE,EUROPE,0,ALGERIA,0,furiously regular requests. platelets affix furious
867,snow spring black white burnished,PROMO POLISHED NICKEL,LG BOX,17026,AIR,DELIVER IN PERSON,42.00,74250.12,0.00,1996-06-10,3-MEDIUM,270903.98,Customer#000000202,AUTOMOBILE,2237.64,GERMANY,EUROPE,0,ALGERIA,0,furiously regular requests. platelets affix furious
874,drab slate hot black khaki,MEDIUM PLATED TIN,MED BOX,8165,MAIL,DELIVER IN PERSON,17.00,30172.79,0.10,1994-10-16,5-LOW,251613.69,Customer#000000112,FURNITURE,2953.35,ROMANIA,EUROPE,0,ALGERIA,0,furiously regular requests. platelets affix furious
395,drab steel royal medium chartreuse,MEDIUM BURNISHED BRASS,LG BOX,3234,TRUCK,DELIVER IN PERSON,45.00,58292.55,0.01,1996-04-05,4-NOT SPECIFIED,207014.44,Customer#000000070,FURNITURE,4867.52,RUSSIA,EUROPE,0,ALGERIA,0,furiously regular requests. platelets affix furious
450,sky lace green pale lime,MEDIUM BURNISHED TIN,SM CASE,10694,REG AIR,TAKE BACK RETURN,15.00,20256.75,0.07,1997-12-05,2-HIGH,196213.05,Customer#000000712,BUILDING,8667.09,FRANCE,EUROPE,0,ALGERIA,0,furiously regular requests. platelets affix furious
895,thistle azure magenta mint burnished,MEDIUM BRUSHED STEEL,SM BOX,11616,REG AIR,TAKE BACK RETURN,34.00,61060.26,0.03,1996-08-02,2-HIGH,265398.53,Customer#000000202,AUTOMOBILE,2237.64,GERMANY,EUROPE,0,ALGERIA,0,furiously regular requests. platelets affix furious
392,medium plum powder blush yellow,MEDIUM BRUSHED COPPER,SM BOX,14754,TRUCK,DELIVER IN PERSON,36.00,46526.04,0.10,1996-06-23,3-MEDIUM,99648.70,Customer#000000043,MACHINERY,9904.28,ROMANIA,EUROPE,0,ALGERIA,0,furiously regular requests. platelets affix furious
17,indian navy coral pink deep,ECONOMY BRUSHED STEEL,LG BOX,17478,TRUCK,DELIVER IN PERSON,15.00,13755.15,0.08,1996-11-24,3-MEDIUM,125381.06,Customer#000000118,AUTOMOBILE,3582.37,CHINA,ASIA,1,ARGENTINA,1,"instructions wake quickly. final deposits haggle. final, silent theodolites "
107,violet honeydew bisque sienna orchid,SMALL BURNISHED TIN,MED BOX,10145,REG AIR,DELIVER IN PERSON,37.00,37262.70,0.10,1995-05-25,5-LOW,314527.26,Customer#000000323,AUTOMOBILE,1137.67,CHINA,ASIA,1,ARGENTINA,1,"instructions wake quickly. final deposits haggle. final, silent theodolites "
572,navy plum lime goldenrod saddle,LARGE BURNISHED COPPER,SM BOX,2657,MAIL,TAKE BACK RETURN,22.00,32396.54,0.02,1995-10-17,2-HIGH,215489.74,Customer#000000124,AUTOMOBILE,1842.49,CHINA,ASIA,1,ARGENTINA,1,"instructions wake quickly. final deposits haggle. final, silent theodolites "
932,cornflower sky powder cyan linen,SMALL ANODIZED COPPER,LG BOX,5600,MAIL,TAKE BACK RETURN,34.00,62319.62,0.02,1997-02-08,4-NOT SPECIFIED,79054.82,Customer#000000472,MACHINERY,7929.90,JAPAN,ASIA,1,ARGENTINA,1,"instructions wake quickly. final deposits haggle. final, silent theodolites "
81,misty sandy cornsilk dodger blush,ECONOMY BRUSHED TIN,MED BAG,27296,REG AIR,DELIVER IN PERSON,26.00,25508.08,0.00,1997-08-30,4-NOT SPECIFIED,217953.54,Customer#000000341,FURNITURE,8247.11,INDONESIA,ASIA,1,ARGENTINA,1,"instructions wake quickly. final deposits haggle. final, silent theodolites "
946,medium drab rosy spring salmon,MEDIUM PLATED TIN,LG BOX,4481,AIR,TAKE BACK RETURN,27.00,49867.38,0.02,1996-03-30,5-LOW,103321.16,Customer#000000734,AUTOMOBILE,9750.71,CHINA,ASIA,1,ARGENTINA,1,"instructions wake quickly. final deposits haggle. final, silent theodolites "
758,yellow orchid dim cyan burlywood,ECONOMY ANODIZED TIN,MED BOX,15875,MAIL,DELIVER IN PERSON,21.00,34833.75,0.03,1996-09-01,3-MEDIUM,179557.05,Customer#000000406,FURNITURE,4286.94,INDONESIA,ASIA,1,ARGENTINA,1,"instructions wake quickly. final deposits haggle. final, silent theodolites "
107,violet honeydew bisque sienna orchid,SMALL BURNISHED TIN,MED BOX,8451,AIR,TAKE BACK RETURN,19.00,19134.90,0.04,1995-12-14,3-MEDIUM,53487.23,Customer#000000163,FURNITURE,2948.61,VIETNAM,ASIA,1,ARGENTINA,1,"instructions wake quickly. final deposits haggle. final, silent theodolites "
895,thistle azure magenta mint burnished,MEDIUM BRUSHED STEEL,SM BOX,2182,TRUCK,TAKE BACK RETURN,37.00,66447.93,0.06,1994-04-05,2-HIGH,171704.77,Customer#000000113,BUILDING,2912.00,JAPAN,ASIA,1,ARGENTINA,1,"instructions wake quickly. final deposits haggle. final, silent theodolites "
144,hot midnight orchid dim steel,SMALL ANODIZED TIN,SM BOX,2791,AIR,DELIVER IN PERSON,26.00,27147.64,0.06,1994-10-10,2-HIGH,214697.04,Customer#000000604,HOUSEHOLD,3195.96,VIETNAM,ASIA,1,ARGENTINA,1,"instructions wake quickly. final deposits haggle. final, silent theodolites "
895,thistle azure magenta mint burnished,MEDIUM BRUSHED STEEL,SM BOX,4642,MAIL,DELIVER IN PERSON,41.00,73631.49,0.10,1995-02-27,1-URGENT,185628.40,Customer#000000737,AUTOMOBILE,2501.74,CHINA,ASIA,1,ARGENTINA,1,"instructions wake quickly. final deposits haggle. final, silent theodolites "
895,thistle azure magenta mint burnished,MEDIUM BRUSHED STEEL,SM BOX,13059,AIR,DELIVER IN PERSON,35.00,62856.15,0.05,1997-05-31,5-LOW,232548.03,Customer#000000068,HOUSEHOLD,6853.37,JAPAN,ASIA,1,ARGENTINA,1,"instructions wake quickly. final deposits haggle. final, silent theodolites "
821,smoke drab rose hot spring,PROMO POLISHED TIN,MED BOX,11652,REG AIR,TAKE BACK RETURN,10.00,17218.20,0.07,1995-11-11,4-NOT SPECIFIED,221817.66,Customer#000000721,AUTOMOBILE,3420.64,VIETNAM,ASIA,1,ARGENTINA,1,"instructions wake quickly. final deposits haggle. final, silent theodolites "
826,ghost rosy beige salmon lemon,ECONOMY PLATED TIN,SM CASE,28161,MAIL,DELIVER IN PERSON,33.00,56985.06,0.09,1994-06-16,4-NOT SPECIFIED,281929.48,Customer#000000316,MACHINERY,4571.78,INDIA,ASIA,1,ARGENTINA,1,"instructions wake quickly. final deposits haggle. final, silent theodolites "
450,sky lace green pale lime,MEDIUM BURNISHED TIN,SM CASE,24705,AIR,DELIVER IN PERSON,42.00,56718.90,0.09,1995-09-16,1-URGENT,114109.64,Customer#000000268,MACHINERY,6821.01,CANADA,AMERICA,1,ARGENTINA,1,"instructions wake quickly. final deposits haggle. final, silent theodolites "
144,hot midnight orchid dim steel,SMALL ANODIZED TIN,SM BOX,17476,MAIL,TAKE BACK RETURN,39.00,40721.46,0.01,1996-05-29,1-URGENT,116707.45,Customer#000000268,MACHINERY,6821.01,CANADA,AMERICA,1,ARGENTINA,1,"instructions wake quickly. final deposits haggle. final, silent theodolites "
867,snow spring black white burnished,PROMO POLISHED NICKEL,LG BOX,14944,AIR,TAKE BACK RETURN,21.00,37125.06,0.05,1997-10-14,2-HIGH,129269.44,Customer#000000268,MACHINERY,6821.01,CANADA,AMERICA,1,ARGENTINA,1,"instructions wake quickly. final deposits haggle. final, silent theodolites "
958,turquoise sandy drab dodger cyan,LARGE PLATED NICKEL,LG BOX,22306,MAIL,DELIVER IN PERSON,13.00,24166.35,0.09,1996-08-16,4-NOT SPECIFIED,131060.76,Customer#000000229,BUILDING,7568.07,ARGENTINA,AMERICA,1,ARGENTINA,1,"instructions wake quickly. final deposits haggle. final, silent theodolites "
874,drab slate hot black khaki,MEDIUM PLATED TIN,MED BOX,17668,REG AIR,TAKE BACK RETURN,43.00,76319.41,0.01,1994-11-26,3-MEDIUM,356016.33,Customer#000000005,HOUSEHOLD,794.47,CANADA,AMERICA,1,ARGENTINA,1,"instructions wake quickly. final deposits haggle. final, silent theodolites "
30,cream misty steel spring medium,PROMO ANODIZED TIN,LG BOX,10375,TRUCK,TAKE BACK RETURN,23.00,21390.69,0.06,1997-01-08,2-HIGH,60612.14,Customer#000000407,MACHINERY,9537.08,ARGENTINA,AMERICA,1,ARGENTINA,1,"instructions wake quickly. final deposits haggle. final, silent theodolites "
81,misty sandy cornsilk dodger blush,ECONOMY BRUSHED TIN,MED BAG,21606,TRUCK,TAKE BACK RETURN,29.00,28451.32,0.10,1995-01-23,4-NOT SPECIFIED,154080.01,Customer#000000343,HOUSEHOLD,5521.36,CANADA,AMERICA,1,ARGENTINA,1,"instructions wake quickly. final deposits haggle. final, silent theodolites "
144,hot midnight orchid dim steel,SMALL ANODIZED TIN,SM BOX,21222,TRUCK,DELIVER IN PERSON,34.00,35500.76,0.05,1994-02-04,4-NOT SPECIFIED,222826.57,Customer#000000407,MACHINERY,9537.08,ARGENTINA,AMERICA,1,ARGENTINA,1,"instructions wake quickly. final deposits haggle. final, silent theodolites "
395,drab steel royal medium chartreuse,MEDIUM BURNISHED BRASS,LG BOX,16610,MAIL,TAKE BACK RETURN,42.00,54406.38,0.00,1994-10-11,2-HIGH,181988.84,Customer#000000017,AUTOMOBILE,6.34,BRAZIL,AMERICA,1,ARGENTINA,1,"instructions wake quickly. final deposits haggle. final, silent theodolites "
107,violet honeydew bisque sienna orchid,SMALL BURNISHED TIN,MED BOX,5090,TRUCK,TAKE BACK RETURN,22.00,22156.20,0.07,1997-03-09,1-URGENT,171523.81,Customer#000000442,FURNITURE,4157.00,ARGENTINA,AMERICA,1,ARGENTINA,1,"instructions wake quickly. final deposits haggle. final, silent theodolites "
826,ghost rosy beige salmon lemon,ECONOMY PLATED TIN,SM CASE,12868,MAIL,DELIVER IN PERSON,45.00,77706.90,0.06,1995-03-02,1-URGENT,212378.63,Customer#000000521,MACHINERY,5830.69,BRAZIL,AMERICA,1,ARGENTINA,1,"instructions wake quickly. final deposits haggle. final, silent theodolites "
821,smoke drab rose hot spring,PROMO POLISHED TIN,MED BOX,10049,MAIL,DELIVER IN PERSON,30.00,51654.60,0.09,1997-07-23,1-URGENT,167455.41,Customer#000000343,HOUSEHOLD,5521.36,CANADA,AMERICA,1,ARGENTINA,1,"instructions wake quickly. final deposits haggle. final, silent theodolites "
17,indian navy coral pink deep,ECONOMY BRUSHED STEEL,LG BOX,28739,AIR,DELIVER IN PERSON,45.00,41265.45,0.07,1996-09-10,2-HIGH,154154.14,Customer#000000728,BUILDING,4349.73,UNITED STATES,AMERICA,1,ARGENTINA,1,"instructions wake quickly. final deposits haggle. final, silent theodolites "
450,sky lace green pale lime,MEDIUM BURNISHED TIN,SM CASE,20198,TRUCK,TAKE BACK RETURN,13.00,17555.85,0.02,1995-06-11,4-NOT SPECIFIED,144541.14,Customer#000000478,BUILDING,-210.40,ARGENTINA,AMERICA,1,ARGENTINA,1,"instructions wake quickly. final deposits haggle. final, silent theodolites "
758,yellow orchid dim cyan burlywood,ECONOMY ANODIZED TIN,MED BOX,6210,AIR,TAKE BACK RETURN,23.00,38151.25,0.06,1996-11-06,5-LOW,232343.67,Customer#000000343,HOUSEHOLD,5521.36,CANADA,AMERICA,1,ARGENTINA,1,"instructions wake quickly. final deposits haggle. final, silent theodolites "
81,misty sandy cornsilk dodger blush,ECONOMY BRUSHED TIN,MED BAG,13154,MAIL,TAKE BACK RETURN,42.00,41205.36,0.09,1997-10-22,5-LOW,262523.82,Customer#000000260,MACHINERY,9196.11,ARGENTINA,AMERICA,1,ARGENTINA,1,"instructions wake quickly. final deposits haggle. final, silent theodolites "
507,red misty salmon ivory khaki,SMALL ANODIZED BRASS,SM CASE,29152,TRUCK,TAKE BACK RETURN,24.00,33780.00,0.06,1995-07-24,5-LOW,201223.31,Customer#000000346,FURNITURE,238.14,BRAZIL,AMERICA,1,ARGENTINA,1,"instructions wake quickly. final deposits haggle. final, silent theodolites "
758,yellow orchid dim cyan burlywood,ECONOMY ANODIZED TIN,MED BOX,29638,AIR,DELIVER IN PERSON,12.00,19905.00,0.06,1995-10-25,3-MEDIUM,113545.13,Customer#000000505,HOUSEHOLD,6557.51,BRAZIL,AMERICA,1,ARGENTINA,1,"instructions wake quickly. final deposits haggle. final, silent theodolites "
395,drab steel royal medium chartreuse,MEDIUM BURNISHED BRASS,LG BOX,23169,AIR,TAKE BACK RETURN,39.00,50520.21,0.04,1995-06-24,1-URGENT,227411.29,Customer#000000265,MACHINERY,8275.80,PERU,AMERICA,1,ARGENTINA,1,"instructions wake quickly. final deposits haggle. final, silent theodolites "
558,blanched seashell navy black dim,STANDARD PLATED BRASS,MED BOX,23142,TRUCK,DELIVER IN PERSON,24.00,35005.20,0.06,1996-05-27,3-MEDIUM,142727.51,Customer#000000011,BUILDING,-272.60,UNITED KINGDOM,EUROPE,1,ARGENTINA,1,"instructions wake quickly. final deposits haggle. final, silent theodolites "
450,sky lace green pale lime,MEDIUM BURNISHED TIN,SM CASE,29958,TRUCK,DELIVER IN PERSON,28.00,37812.60,0.10,1995-01-07,2-HIGH,143790.75,Customer#000000514,BUILDING,5840.97,UNITED KINGDOM,EUROPE,1,ARGENTINA,1,"instructions wake quickly. final deposits haggle. final, silent theodolites "
130,gainsboro powder cyan pale rosy,SMALL PLATED NICKEL,LG BOX,577,AIR,TAKE BACK RETURN,25.00,25753.25,0.06,1994-12-19,5-LOW,40599.44,Customer#000000277,BUILDING,8876.10,UNITED KINGDOM,EUROPE,1,ARGENTINA,1,"instructions wake quickly. final deposits haggle. final, silent theodolites "
130,gainsboro powder cyan pale rosy,SMALL PLATED NICKEL,LG BOX,4646,MAIL,DELIVER IN PERSON,22.00,22662.86,0.01,1996-06-18,1-URGENT,170926.97,Customer#000000413,FURNITURE,5817.90,FRANCE,EUROPE,1,ARGENTINA,1,"instructions wake quickly. final deposits haggle. final, silent theodolites "
932,cornflower sky powder cyan linen,SMALL ANODIZED COPPER,LG BOX,25568,MAIL,TAKE BACK RETURN,26.00,47656.18,0.08,1996-10-31,1-URGENT,171287.92,Customer#000000514,BUILDING,5840.97,UNITED KINGDOM,EUROPE,1,ARGENTINA,1,"instructions wake quickly. final deposits haggle. final, silent theodolites "
826,ghost rosy beige salmon lemon,ECONOMY PLATED TIN,SM CASE,14531,MAIL,TAKE BACK RETURN,45.00,77706.90,0.06,1997-06-11,2-HIGH,203176.76,Customer#000000667,AUTOMOBILE,3288.76,FRANCE,EUROPE,1,ARGENTINA,1,"instructions wake quickly. final deposits haggle. final, silent theodolites "
895,thistle azure magenta mint burnished,MEDIUM BRUSHED STEEL,SM BOX,19363,AIR,TAKE BACK RETURN,35.00,62856.15,0.07,1995-07-06,2-HIGH,280738.15,Customer#000000172,MACHINERY,1134.40,RUSSIA,EUROPE,1,ARGENTINA,1,"instructions wake quickly. final deposits haggle. final, silent theodolites "
826,ghost rosy beige salmon lemon,ECONOMY PLATED TIN,SM CASE,24674,MAIL,DELIVER IN PERSON,14.00,24175.48,0.06,1996-05-15,2-HIGH,148334.99,Customer#000000046,AUTOMOBILE,5744.59,FRANCE,EUROPE,1,ARGENTINA,1,"instructions wake quickly. final deposits haggle. final, silent theodolites "
821,smoke drab rose hot spring,PROMO POLISHED TIN,MED BOX,23621,REG AIR,DELIVER IN PERSON,28.00,48210.96,0.03,1996-12-29,3-MEDIUM,214948.72,Customer#000000394,MACHINERY,5200.96,UNITED KINGDOM,EUROPE,1,ARGENTINA,1,"instructions wake quickly. final deposits haggle. final, silent theodolites "
895,thistle azure magenta mint burnished,MEDIUM BRUSHED STEEL,SM BOX,10244,REG AIR,TAKE BACK RETURN,28.00,50284.92,0.01,1996-04-04,3-MEDIUM,140180.15,Customer#000000149,AUTOMOBILE,8959.65,ROMANIA,EUROPE,1,ARGENTINA,1,"instructions wake quickly. final deposits haggle. final, silent theodolites "
17,indian navy coral pink deep,ECONOMY BRUSHED STEEL,LG BOX,29316,REG AIR,DELIVER IN PERSON,11.00,10087.11,0.02,1997-05-03,5-LOW,117532.18,Customer#000000683,MACHINERY,9120.93,FRANCE,EUROPE,1,ARGENTINA,1,"instructions wake quickly. final deposits haggle. final, silent theodolites "
932,cornflower sky powder cyan linen,SMALL ANODIZED COPPER,LG BOX,18564,AIR,TAKE BACK RETURN,39.00,71484.27,0.01,1996-03-18,2-HIGH,173754.81,Customer#000000112,FURNITURE,2953.35,ROMANIA,EUROPE,1,ARGENTINA,1,"instructions wake quickly. final deposits haggle. final, silent theodolites "
395,drab steel royal medium chartreuse,MEDIUM BURNISHED BRASS,LG BOX,14150,MAIL,DELIVER IN PERSON,38.00,49224.82,0.02,1994-02-09,2-HIGH,186818.41,Customer#000000046,AUTOMOBILE,5744.59,FRANCE,EUROPE,1,ARGENTINA,1,"instructions wake quickly. final deposits haggle. final, silent theodolites "
867,snow spring black white burnished,PROMO POLISHED NICKEL,LG BOX,17026,AIR,DELIVER IN PERSON,42.00,74250.12,0.00,1996-06-10,3-MEDIUM,270903.98,Customer#000000202,AUTOMOBILE,2237.64,GERMANY,EUROPE,1,ARGENTINA,1,"instructions wake quickly. final deposits haggle. final, silent theodolites "
874,drab slate hot black khaki,MEDIUM PLATED TIN,MED BOX,8165,MAIL,DELIVER IN PERSON,17.00,30172.79,0.10,1994-10-16,5-LOW,251613.69,Customer#000000112,FURNITURE,2953.35,ROMANIA,EUROPE,1,ARGENTINA,1,"instructions wake quickly. final deposits haggle. final, silent theodolites "
395,drab steel royal medium chartreuse,MEDIUM BURNISHED BRASS,LG BOX,3234,TRUCK,DELIVER IN PERSON,45.00,58292.55,0.01,1996-04-05,4-NOT SPECIFIED,207014.44,Customer#000000070,FURNITURE,4867.52,RUSSIA,EUROPE,1,ARGENTINA,1,"instructions wake quickly. final deposits haggle. final, silent theodolites "
450,sky lace green pale lime,MEDIUM BURNISHED TIN,SM CASE,10694,REG AIR,TAKE BACK RETURN,15.00,20256.75,0.07,1997-12-05,2-HIGH,196213.05,Customer#000000712,BUILDING,8667.09,FRANCE,EUROPE,1,ARGENTINA,1,"instructions wake quickly. final deposits haggle. final, silent theodolites "
895,thistle azure magenta mint burnished,MEDIUM BRUSHED STEEL,SM BOX,11616,REG AIR,TAKE BACK RETURN,34.00,61060.26,0.03,1996-08-02,2-HIGH,265398.53,Customer#000000202,AUTOMOBILE,2237.64,GERMANY,EUROPE,1,ARGENTINA,1,"instructions wake quickly. final deposits haggle. final, silent theodolites "
392,medium plum powder blush yellow,MEDIUM BRUSHED COPPER,SM BOX,14754,TRUCK,DELIVER IN PERSON,36.00,46526.04,0.10,1996-06-23,3-MEDIUM,99648.70,Customer#000000043,MACHINERY,9904.28,ROMANIA,EUROPE,1,ARGENTINA,1,"instructions wake quickly. final deposits haggle. final, silent theodolites "
17,indian navy coral pink deep,ECONOMY BRUSHED STEEL,LG BOX,17478,TRUCK,DELIVER IN PERSON,15.00,13755.15,0.08,1996-11-24,3-MEDIUM,125381.06,Customer#000000118,AUTOMOBILE,3582.37,CHINA,ASIA,2,BRAZIL,1,asymptotes use fluffily quickly bold instructions. slyly bold dependencies sleep carefully pending accounts
107,violet honeydew bisque sienna orchid,SMALL BURNISHED TIN,MED BOX,10145,REG AIR,DELIVER IN PERSON,37.00,37262.70,0.10,1995-05-25,5-LOW,314527.26,Customer#000000323,AUTOMOBILE,1137.67,CHINA,ASIA,2,BRAZIL,1,asymptotes use fluffily quickly bold instructions. slyly bold dependencies sleep carefully pending accounts
572,navy plum lime goldenrod saddle,LARGE BURNISHED COPPER,SM BOX,2657,MAIL,TAKE BACK RETURN,22.00,32396.54,0.02,1995-10-17,2-HIGH,215489.74,Customer#000000124,AUTOMOBILE,1842.49,CHINA,ASIA,2,BRAZIL,1,asymptotes use fluffily quickly bold instructions. slyly bold dependencies sleep carefully pending accounts
932,cornflower sky powder cyan linen,SMALL ANODIZED COPPER,LG BOX,5600,MAIL,TAKE BACK RETURN,34.00,62319.62,0.02,1997-02-08,4-NOT SPECIFIED,79054.82,Customer#000000472,MACHINERY,7929.90,JAPAN,ASIA,2,BRAZIL,1,asymptotes use fluffily quickly bold instructions. slyly bold dependencies sleep carefully pending accounts
81,misty sandy cornsilk dodger blush,ECONOMY BRUSHED TIN,MED BAG,27296,REG AIR,DELIVER IN PERSON,26.00,25508.08,0.00,1997-08-30,4-NOT SPECIFIED,217953.54,Customer#000000341,FURNITURE,8247.11,INDONESIA,ASIA,2,BRAZIL,1,asymptotes use fluffily quickly bold instructions. slyly bold dependencies sleep carefully pending accounts
946,medium drab rosy spring salmon,MEDIUM PLATED TIN,LG BOX,4481,AIR,TAKE BACK RETURN,27.00,49867.38,0.02,1996-03-30,5-LOW,103321.16,Customer#000000734,AUTOMOBILE,9750.71,CHINA,ASIA,2,BRAZIL,1,asymptotes use fluffily quickly bold instructions. slyly bold dependencies sleep carefully pending accounts
758,yellow orchid dim cyan burlywood,ECONOMY ANODIZED TIN,MED BOX,15875,MAIL,DELIVER IN PERSON,21.00,34833.75,0.03,1996-09-01,3-MEDIUM,179557.05,Customer#000000406,FURNITURE,4286.94,INDONESIA,ASIA,2,BRAZIL,1,asymptotes use fluffily quickly bold instructions. slyly bold dependencies sleep carefully pending accounts
107,violet honeydew bisque sienna orchid,SMALL BURNISHED TIN,MED BOX,8451,AIR,TAKE BACK RETURN,19.00,19134.90,0.04,1995-12-14,3-MEDIUM,53487.23,Customer#000000163,FURNITURE,2948.61,VIETNAM,ASIA,2,BRAZIL,1,asymptotes use fluffily quickly bold instructions. slyly bold dependencies sleep carefully pending accounts
895,thistle azure magenta mint burnished,MEDIUM BRUSHED STEEL,SM BOX,2182,TRUCK,TAKE BACK RETURN,37.00,66447.93,0.06,1994-04-05,2-HIGH,171704.77,Customer#000000113,BUILDING,2912.00,JAPAN,ASIA,2,BRAZIL,1,asymptotes use fluffily quickly bold instructions. slyly bold dependencies sleep carefully pending accounts
144,hot midnight orchid dim steel,SMALL ANODIZED TIN,SM BOX,2791,AIR,DELIVER IN PERSON,26.00,27147.64,0.06,1994-10-10,2-HIGH,214697.04,Customer#000000604,HOUSEHOLD,3195.96,VIETNAM,ASIA,2,BRAZIL,1,asymptotes use fluffily quickly bold instructions. slyly bold dependencies sleep carefully pending accounts
895,thistle azure magenta mint burnished,MEDIUM BRUSHED STEEL,SM BOX,4642,MAIL,DELIVER IN PERSON,41.00,73631.49,0.10,1995-02-27,1-URGENT,185628.40,Customer#000000737,AUTOMOBILE,2501.74,CHINA,ASIA,2,BRAZIL,1,asymptotes use fluffily quickly bold instructions. slyly bold dependencies sleep carefully pending accounts
895,thistle azure magenta mint burnished,MEDIUM BRUSHED STEEL,SM BOX,13059,AIR,DELIVER IN PERSON,35.00,62856.15,0.05,1997-05-31,5-LOW,232548.03,Customer#000000068,HOUSEHOLD,6853.37,JAPAN,ASIA,2,BRAZIL,1,asymptotes use fluffily quickly bold instructions. slyly bold dependencies sleep carefully pending accounts
821,smoke drab rose hot spring,PROMO POLISHED TIN,MED BOX,11652,REG AIR,TAKE BACK RETURN,10.00,17218.20,0.07,1995-11-11,4-NOT SPECIFIED,221817.66,Customer#000000721,AUTOMOBILE,3420.64,VIETNAM,ASIA,2,BRAZIL,1,asymptotes use fluffily quickly bold instructions. slyly bold dependencies sleep carefully pending accounts
826,ghost rosy beige salmon lemon,ECONOMY PLATED TIN,SM CASE,28161,MAIL,DELIVER IN PERSON,33.00,56985.06,0.09,1994-06-16,4-NOT SPECIFIED,281929.48,Customer#000000316,MACHINERY,4571.78,INDIA,ASIA,2,BRAZIL,1,asymptotes use fluffily quickly bold instructions. slyly bold dependencies sleep carefully pending accounts
450,sky lace green pale lime,MEDIUM BURNISHED TIN,SM CASE,24705,AIR,DELIVER IN PERSON,42.00,56718.90,0.09,1995-09-16,1-URGENT,114109.64,Customer#000000268,MACHINERY,6821.01,CANADA,AMERICA,2,BRAZIL,1,asymptotes use fluffily quickly bold instructions. slyly bold dependencies sleep carefully pending accounts
144,hot midnight orchid dim steel,SMALL ANODIZED TIN,SM BOX,17476,MAIL,TAKE BACK RETURN,39.00,40721.46,0.01,1996-05-29,1-URGENT,116707.45,Customer#000000268,MACHINERY,6821.01,CANADA,AMERICA,2,BRAZIL,1,asymptotes use fluffily quickly bold instructions. slyly bold dependencies sleep carefully pending accounts
867,snow spring black white burnished,PROMO POLISHED NICKEL,LG BOX,14944,AIR,TAKE BACK RETURN,21.00,37125.06,0.05,1997-10-14,2-HIGH,129269.44,Customer#000000268,MACHINERY,6821.01,CANADA,AMERICA,2,BRAZIL,1,asymptotes use fluffily quickly bold instructions. slyly bold dependencies sleep carefully pending accounts
958,turquoise sandy drab dodger cyan,LARGE PLATED NICKEL,LG BOX,22306,MAIL,DELIVER IN PERSON,13.00,24166.35,0.09,1996-08-16,4-NOT SPECIFIED,131060.76,Customer#000000229,BUILDING,7568.07,ARGENTINA,AMERICA,2,BRAZIL,1,asymptotes use fluffily quickly bold instructions. slyly bold dependencies sleep carefully pending accounts
874,drab slate hot black khaki,MEDIUM PLATED TIN,MED BOX,17668,REG AIR,TAKE BACK RETURN,43.00,76319.41,0.01,1994-11-26,3-MEDIUM,356016.33,Customer#000000005,HOUSEHOLD,794.47,CANADA,AMERICA,2,BRAZIL,1,asymptotes use fluffily quickly bold instructions. slyly bold dependencies sleep carefully pending accounts
30,cream misty steel spring medium,PROMO ANODIZED TIN,LG BOX,10375,TRUCK,TAKE BACK RETURN,23.00,21390.69,0.06,1997-01-08,2-HIGH,60612.14,Customer#000000407,MACHINERY,9537.08,ARGENTINA,AMERICA,2,BRAZIL,1,asymptotes use fluffily quickly bold instructions. slyly bold dependencies sleep carefully pending accounts
81,misty sandy cornsilk dodger blush,ECONOMY BRUSHED TIN,MED BAG,21606,TRUCK,TAKE BACK RETURN,29.00,28451.32,0.10,1995-01-23,4-NOT SPECIFIED,154080.01,Customer#000000343,HOUSEHOLD,5521.36,CANADA,AMERICA,2,BRAZIL,1,asymptotes use fluffily quickly bold instructions. slyly bold dependencies sleep carefully pending accounts
144,hot midnight orchid dim steel,SMALL ANODIZED TIN,SM BOX,21222,TRUCK,DELIVER IN PERSON,34.00,35500.76,0.05,1994-02-04,4-NOT SPECIFIED,222826.57,Customer#000000407,MACHINERY,9537.08,ARGENTINA,AMERICA,2,BRAZIL,1,asymptotes use fluffily quickly bold instructions. slyly bold dependencies sleep carefully pending accounts
395,drab steel royal medium chartreuse,MEDIUM BURNISHED BRASS,LG BOX,16610,MAIL,TAKE BACK RETURN,42.00,54406.38,0.00,1994-10-11,2-HIGH,181988.84,Customer#000000017,AUTOMOBILE,6.34,BRAZIL,AMERICA,2,BRAZIL,1,asymptotes use fluffily quickly bold instructions. slyly bold dependencies sleep carefully pending accounts
107,violet honeydew bisque sienna orchid,SMALL BURNISHED TIN,MED BOX,5090,TRUCK,TAKE BACK RETURN,22.00,22156.20,0.07,1997-03-09,1-URGENT,171523.81,Customer#000000442,FURNITURE,4157.00,ARGENTINA,AMERICA,2,BRAZIL,1,asymptotes use fluffily quickly bold instructions. slyly bold dependencies sleep carefully pending accounts
826,ghost rosy beige salmon lemon,ECONOMY PLATED TIN,SM CASE,12868,MAIL,DELIVER IN PERSON,45.00,77706.90,0.06,1995-03-02,1-URGENT,212378.63,Customer#000000521,MACHINERY,5830.69,BRAZIL,AMERICA,2,BRAZIL,1,asymptotes use fluffily quickly bold instructions. slyly bold dependencies sleep carefully pending accounts
821,smoke drab rose hot spring,PROMO POLISHED TIN,MED BOX,10049,MAIL,DELIVER IN PERSON,30.00,51654.60,0.09,1997-07-23,1-URGENT,167455.41,Customer#000000343,HOUSEHOLD,5521.36,CANADA,AMERICA,2,BRAZIL,1,asymptotes use fluffily quickly bold instructions. slyly bold dependencies sleep carefully pending accounts
17,indian navy coral pink deep,ECONOMY BRUSHED STEEL,LG BOX,28739,AIR,DELIVER IN PERSON,45.00,41265.45,0.07,1996-09-10,2-HIGH,154154.14,Customer#000000728,BUILDING,4349.73,UNITED STATES,AMERICA,2,BRAZIL,1,asymptotes use fluffily quickly bold instructions. slyly bold dependencies sleep carefully pending accounts
450,sky lace green pale lime,MEDIUM BURNISHED TIN,SM CASE,20198,TRUCK,TAKE BACK RETURN,13.00,17555.85,0.02,1995-06-11,4-NOT SPECIFIED,144541.14,Customer#000000478,BUILDING,-210.40,ARGENTINA,AMERICA,2,BRAZIL,1,asymptotes use fluffily quickly bold instructions. slyly bold dependencies sleep carefully pending accounts
758,yellow orchid dim cyan burlywood,ECONOMY ANODIZED TIN,MED BOX,6210,AIR,TAKE BACK RETURN,23.00,38151.25,0.06,1996-11-06,5-LOW,232343.67,Customer#000000343,HOUSEHOLD,5521.36,CANADA,AMERICA,2,BRAZIL,1,asymptotes use fluffily quickly bold instructions. slyly bold dependencies sleep carefully pending accounts
81,misty sandy cornsilk dodger blush,ECONOMY BRUSHED TIN,MED BAG,13154,MAIL,TAKE BACK RETURN,42.00,41205.36,0.09,1997-10-22,5-LOW,262523.82,Customer#000000260,MACHINERY,9196.11,ARGENTINA,AMERICA,2,BRAZIL,1,asymptotes use fluffily quickly bold instructions. slyly bold dependencies sleep carefully pending accounts
507,red misty salmon ivory khaki,SMALL ANODIZED BRASS,SM CASE,29152,TRUCK,TAKE BACK RETURN,24.00,33780.00,0.06,1995-07-24,5-LOW,201223.31,Customer#000000346,FURNITURE,238.14,BRAZIL,AMERICA,2,BRAZIL,1,asymptotes use fluffily quickly bold instructions. slyly bold dependencies sleep carefully pending accounts
758,yellow orchid dim cyan burlywood,ECONOMY ANODIZED TIN,MED BOX,29638,AIR,DELIVER IN PERSON,12.00,19905.00,0.06,1995-10-25,3-MEDIUM,113545.13,Customer#000000505,HOUSEHOLD,6557.51,BRAZIL,AMERICA,2,BRAZIL,1,asymptotes use fluffily quickly bold instructions. slyly bold dependencies sleep carefully pending accounts
395,drab steel royal medium chartreuse,MEDIUM BURNISHED BRASS,LG BOX,23169,AIR,TAKE BACK RETURN,39.00,50520.21,0.04,1995-06-24,1-URGENT,227411.29,Customer#000000265,MACHINERY,8275.80,PERU,AMERICA,2,BRAZIL,1,asymptotes use fluffily quickly bold instructions. slyly bold dependencies sleep carefully pending accounts
558,blanched seashell navy black dim,STANDARD PLATED BRASS,MED BOX,23142,TRUCK,DELIVER IN PERSON,24.00,35005.20,0.06,1996-05-27,3-MEDIUM,142727.51,Customer#000000011,BUILDING,-272.60,UNITED KINGDOM,EUROPE,2,BRAZIL,1,asymptotes use fluffily quickly bold instructions. slyly bold dependencies sleep carefully pending accounts
450,sky lace green pale lime,MEDIUM BURNISHED TIN,SM CASE,29958,TRUCK,DELIVER IN PERSON,28.00,37812.60,0.10,1995-01-07,2-HIGH,143790.75,Customer#000000514,BUILDING,5840.97,UNITED KINGDOM,EUROPE,2,BRAZIL,1,asymptotes use fluffily quickly bold instructions. slyly bold dependencies sleep carefully pending accounts
130,gainsboro powder cyan pale rosy,SMALL PLATED NICKEL,LG BOX,577,AIR,TAKE BACK RETURN,25.00,25753.25,0.06,1994-12-19,5-LOW,40599.44,Customer#000000277,BUILDING,8876.10,UNITED KINGDOM,EUROPE,2,BRAZIL,1,asymptotes use fluffily quickly bold instructions. slyly bold dependencies sleep carefully pending accounts
130,gainsboro powder cyan pale rosy,SMALL PLATED NICKEL,LG BOX,4646,MAIL,DELIVER IN PERSON,22.00,22662.86,0.01,1996-06-18,1-URGENT,170926.97,Customer#000000413,FURNITURE,5817.90,FRANCE,EUROPE,2,BRAZIL,1,asymptotes use fluffily quickly bold instructions. slyly bold dependencies sleep carefully pending accounts
932,cornflower sky powder cyan linen,SMALL ANODIZED COPPER,LG BOX,25568,MAIL,TAKE BACK RETURN,26.00,47656.18,0.08,1996-10-31,1-URGENT,171287.92,Customer#000000514,BUILDING,5840.97,UNITED KINGDOM,EUROPE,2,BRAZIL,1,asymptotes use fluffily quickly bold instructions. slyly bold dependencies sleep carefully pending accounts
826,ghost rosy beige salmon lemon,ECONOMY PLATED TIN,SM CASE,14531,MAIL,TAKE BACK RETURN,45.00,77706.90,0.06,1997-06-11,2-HIGH,203176.76,Customer#000000667,AUTOMOBILE,3288.76,FRANCE,EUROPE,2,BRAZIL,1,asymptotes use fluffily quickly bold instructions. slyly bold dependencies sleep carefully pending accounts
895,thistle azure magenta mint burnished,MEDIUM BRUSHED STEEL,SM BOX,19363,AIR,TAKE BACK RETURN,35.00,62856.15,0.07,1995-07-06,2-HIGH,280738.15,Customer#000000172,MACHINERY,1134.40,RUSSIA,EUROPE,2,BRAZIL,1,asymptotes use fluffily quickly bold instructions. slyly bold dependencies sleep carefully pending accounts
826,ghost rosy beige salmon lemon,ECONOMY PLATED TIN,SM CASE,24674,MAIL,DELIVER IN PERSON,14.00,24175.48,0.06,1996-05-15,2-HIGH,148334.99,Customer#000000046,AUTOMOBILE,5744.59,FRANCE,EUROPE,2,BRAZIL,1,asymptotes use fluffily quickly bold instructions. slyly bold dependencies sleep carefully pending accounts
821,smoke drab rose hot spring,PROMO POLISHED TIN,MED BOX,23621,REG AIR,DELIVER IN PERSON,28.00,48210.96,0.03,1996-12-29,3-MEDIUM,214948.72,Customer#000000394,MACHINERY,5200.96,UNITED KINGDOM,EUROPE,2,BRAZIL,1,asymptotes use fluffily quickly bold instructions. slyly bold dependencies sleep carefully pending accounts
895,thistle azure magenta mint burnished,MEDIUM BRUSHED STEEL,SM BOX,10244,REG AIR,TAKE BACK RETURN,28.00,50284.92,0.01,1996-04-04,3-MEDIUM,140180.15,Customer#000000149,AUTOMOBILE,8959.65,ROMANIA,EUROPE,2,BRAZIL,1,asymptotes use fluffily quickly bold instructions. slyly bold dependencies sleep carefully pending accounts
17,indian navy coral pink deep,ECONOMY BRUSHED STEEL,LG BOX,29316,REG AIR,DELIVER IN PERSON,11.00,10087.11,0.02,1997-05-03,5-LOW,117532.18,Customer#000000683,MACHINERY,9120.93,FRANCE,EUROPE,2,BRAZIL,1,asymptotes use fluffily quickly bold instructions. slyly bold dependencies sleep carefully pending accounts
932,cornflower sky powder cyan linen,SMALL ANODIZED COPPER,LG BOX,18564,AIR,TAKE BACK RETURN,39.00,71484.27,0.01,1996-03-18,2-HIGH,173754.81,Customer#000000112,FURNITURE,2953.35,ROMANIA,EUROPE,2,BRAZIL,1,asymptotes use fluffily quickly bold instructions. slyly bold dependencies sleep carefully pending accounts
395,drab steel royal medium chartreuse,MEDIUM BURNISHED BRASS,LG BOX,14150,MAIL,DELIVER IN PERSON,38.00,49224.82,0.02,1994-02-09,2-HIGH,186818.41,Customer#000000046,AUTOMOBILE,5744.59,FRANCE,EUROPE,2,BRAZIL,1,asymptotes use fluffily quickly bold instructions. slyly bold dependencies sleep carefully pending accounts
867,snow spring black white burnished,PROMO POLISHED NICKEL,LG BOX,17026,AIR,DELIVER IN PERSON,42.00,74250.12,0.00,1996-06-10,3-MEDIUM,270903.98,Customer#000000202,AUTOMOBILE,2237.64,GERMANY,EUROPE,2,BRAZIL,1,asymptotes use fluffily quickly bold instructions. slyly bold dependencies sleep carefully pending accounts
874,drab slate hot black khaki,MEDIUM PLATED TIN,MED BOX,8165,MAIL,DELIVER IN PERSON,17.00,30172.79,0.10,1994-10-16,5-LOW,251613.69,Customer#000000112,FURNITURE,2953.35,ROMANIA,EUROPE,2,BRAZIL,1,asymptotes use fluffily quickly bold instructions. slyly bold dependencies sleep carefully pending accounts
395,drab steel royal medium chartreuse,MEDIUM BURNISHED BRASS,LG BOX,3234,TRUCK,DELIVER IN PERSON,45.00,58292.55,0.01,1996-04-05,4-NOT SPECIFIED,207014.44,Customer#000000070,FURNITURE,4867.52,RUSSIA,EUROPE,2,BRAZIL,1,asymptotes use fluffily quickly bold instructions. slyly bold dependencies sleep carefully pending accounts
450,sky lace green pale lime,MEDIUM BURNISHED TIN,SM CASE,10694,REG AIR,TAKE BACK RETURN,15.00,20256.75,0.07,1997-12-05,2-HIGH,196213.05,Customer#000000712,BUILDING,8667.09,FRANCE,EUROPE,2,BRAZIL,1,asymptotes use fluffily quickly bold instructions. slyly bold dependencies sleep carefully pending accounts
895,thistle azure magenta mint burnished,MEDIUM BRUSHED STEEL,SM BOX,11616,REG AIR,TAKE BACK RETURN,34.00,61060.26,0.03,1996-08-02,2-HIGH,265398.53,Customer#000000202,AUTOMOBILE,2237.64,GERMANY,EUROPE,2,BRAZIL,1,asymptotes use fluffily quickly bold instructions. slyly bold dependencies sleep carefully pending accounts
392,medium plum powder blush yellow,MEDIUM BRUSHED COPPER,SM BOX,14754,TRUCK,DELIVER IN PERSON,36.00,46526.04,0.10,1996-06-23,3-MEDIUM,99648.70,Customer#000000043,MACHINERY,9904.28,ROMANIA,EUROPE,2,BRAZIL,1,asymptotes use fluffily quickly bold instructions. slyly bold dependencies sleep carefully pending accounts
17,indian navy coral pink deep,ECONOMY BRUSHED STEEL,LG BOX,17478,TRUCK,DELIVER IN PERSON,15.00,13755.15,0.08,1996-11-24,3-MEDIUM,125381.06,Customer#000000118,AUTOMOBILE,3582.37,CHINA,ASIA,3,CANADA,1,ss deposits wake across the pending foxes. packages after the carefully bold requests integrate caref
107,violet honeydew bisque sienna orchid,SMALL BURNISHED TIN,MED BOX,10145,REG AIR,DELIVER IN PERSON,37.00,37262.70,0.10,1995-05-25,5-LOW,314527.26,Customer#000000323,AUTOMOBILE,1137.67,CHINA,ASIA,3,CANADA,1,ss deposits wake across the pending foxes. packages after the carefully bold requests integrate caref
572,navy plum lime goldenrod saddle,LARGE BURNISHED COPPER,SM BOX,2657,MAIL,TAKE BACK RETURN,22.00,32396.54,0.02,1995-10-17,2-HIGH,215489.74,Customer#000000124,AUTOMOBILE,1842.49,CHINA,ASIA,3,CANADA,1,ss deposits wake across the pending foxes. packages after the carefully bold requests integrate caref
932,cornflower sky powder cyan linen,SMALL ANODIZED COPPER,LG BOX,5600,MAIL,TAKE BACK RETURN,34.00,62319.62,0.02,1997-02-08,4-NOT SPECIFIED,79054.82,Customer#000000472,MACHINERY,7929.90,JAPAN,ASIA,3,CANADA,1,ss deposits wake across the pending foxes. packages after the carefully bold requests integrate caref
81,misty sandy cornsilk dodger blush,ECONOMY BRUSHED TIN,MED BAG,27296,REG AIR,DELIVER IN PERSON,26.00,25508.08,0.00,1997-08-30,4-NOT SPECIFIED,217953.54,Customer#000000341,FURNITURE,8247.11,INDONESIA,ASIA,3,CANADA,1,ss deposits wake across the pending foxes. packages after the carefully bold requests integrate caref
946,medium drab rosy spring salmon,MEDIUM PLATED TIN,LG BOX,4481,AIR,TAKE BACK RETURN,27.00,49867.38,0.02,1996-03-30,5-LOW,103321.16,Customer#000000734,AUTOMOBILE,9750.71,CHINA,ASIA,3,CANADA,1,ss deposits wake across the pending foxes. packages after the carefully bold requests integrate caref
758,yellow orchid dim cyan burlywood,ECONOMY ANODIZED TIN,MED BOX,15875,MAIL,DELIVER IN PERSON,21.00,34833.75,0.03,1996-09-01,3-MEDIUM,179557.05,Customer#000000406,FURNITURE,4286.94,INDONESIA,ASIA,3,CANADA,1,ss deposits wake across the pending foxes. packages after the carefully bold requests integrate caref
107,violet honeydew bisque sienna orchid,SMALL BURNISHED TIN,MED BOX,8451,AIR,TAKE BACK RETURN,19.00,19134.90,0.04,1995-12-14,3-MEDIUM,53487.23,Customer#000000163,FURNITURE,2948.61,VIETNAM,ASIA,3,CANADA,1,ss deposits wake across the pending foxes. packages after the carefully bold requests integrate caref
895,thistle azure magenta mint burnished,MEDIUM BRUSHED STEEL,SM BOX,2182,TRUCK,TAKE BACK RETURN,37.00,66447.93,0.06,1994-04-05,2-HIGH,171704.77,Customer#000000113,BUILDING,2912.00,JAPAN,ASIA,3,CANADA,1,ss deposits wake across the pending foxes. packages after the carefully bold requests integrate caref
144,hot midnight orchid dim steel,SMALL ANODIZED TIN,SM BOX,2791,AIR,DELIVER IN PERSON,26.00,27147.64,0.06,1994-10-10,2-HIGH,214697.04,Customer#000000604,HOUSEHOLD,3195.96,VIETNAM,ASIA,3,CANADA,1,ss deposits wake across the pending foxes. packages after the carefully bold requests integrate caref
895,thistle azure magenta mint burnished,MEDIUM BRUSHED STEEL,SM BOX,4642,MAIL,DELIVER IN PERSON,41.00,73631.49,0.10,1995-02-27,1-URGENT,185628.40,Customer#000000737,AUTOMOBILE,2501.74,CHINA,ASIA,3,CANADA,1,ss deposits wake across the pending foxes. packages after the carefully bold requests integrate caref
895,thistle azure magenta mint burnished,MEDIUM BRUSHED STEEL,SM BOX,13059,AIR,DELIVER IN PERSON,35.00,62856.15,0.05,1997-05-31,5-LOW,232548.03,Customer#000000068,HOUSEHOLD,6853.37,JAPAN,ASIA,3,CANADA,1,ss deposits wake across the pending foxes. packages after the carefully bold requests integrate caref
821,smoke drab rose hot spring,PROMO POLISHED TIN,MED BOX,11652,REG AIR,TAKE BACK RETURN,10.00,17218.20,0.07,1995-11-11,4-NOT SPECIFIED,221817.66,Customer#000000721,AUTOMOBILE,3420.64,VIETNAM,ASIA,3,CANADA,1,ss deposits wake across the pending foxes. packages after the carefully bold requests integrate caref
826,ghost rosy beige salmon lemon,ECONOMY PLATED TIN,SM CASE,28161,MAIL,DELIVER IN PERSON,33.00,56985.06,0.09,1994-06-16,4-NOT SPECIFIED,281929.48,Customer#000000316,MACHINERY,4571.78,INDIA,ASIA,3,CANADA,1,ss deposits wake across the pending foxes. packages after the carefully bold requests integrate caref
450,sky lace green pale lime,MEDIUM BURNISHED TIN,SM CASE,24705,AIR,DELIVER IN PERSON,42.00,56718.90,0.09,1995-09-16,1-URGENT,114109.64,Customer#000000268,MACHINERY,6821.01,CANADA,AMERICA,3,CANADA,1,ss deposits wake across the pending foxes. packages after the carefully bold requests integrate caref
144,hot midnight orchid dim steel,SMALL ANODIZED TIN,SM BOX,17476,MAIL,TAKE BACK RETURN,39.00,40721.46,0.01,1996-05-29,1-URGENT,116707.45,Customer#000000268,MACHINERY,6821.01,CANADA,AMERICA,3,CANADA,1,ss deposits wake across the pending foxes. packages after the carefully bold requests integrate caref
867,snow spring black white burnished,PROMO POLISHED NICKEL,LG BOX,14944,AIR,TAKE BACK RETURN,21.00,37125.06,0.05,1997-10-14,2-HIGH,129269.44,Customer#000000268,MACHINERY,6821.01,CANADA,AMERICA,3,CANADA,1,ss deposits wake across the pending foxes. packages after the carefully bold requests integrate caref
958,turquoise sandy drab dodger cyan,LARGE PLATED NICKEL,LG BOX,22306,MAIL,DELIVER IN PERSON,13.00,24166.35,0.09,1996-08-16,4-NOT SPECIFIED,131060.76,Customer#000000229,BUILDING,7568.07,ARGENTINA,AMERICA,3,CANADA,1,ss deposits wake across the pending foxes. packages after the carefully bold requests integrate caref
874,drab slate hot black khaki,MEDIUM PLATED TIN,MED BOX,17668,REG AIR,TAKE BACK RETURN,43.00,76319.41,0.01,1994-11-26,3-MEDIUM,356016.33,Customer#000000005,HOUSEHOLD,794.47,CANADA,AMERICA,3,CANADA,1,ss deposits wake across the pending foxes. packages after the carefully bold requests integrate caref
30,cream misty steel spring medium,PROMO ANODIZED TIN,LG BOX,10375,TRUCK,TAKE BACK RETURN,23.00,21390.69,0.06,1997-01-08,2-HIGH,60612.14,Customer#000000407,MACHINERY,9537.08,ARGENTINA,AMERICA,3,CANADA,1,ss deposits wake across the pending foxes. packages after the carefully bold requests integrate caref
81,misty sandy cornsilk dodger blush,ECONOMY BRUSHED TIN,MED BAG,21606,TRUCK,TAKE BACK RETURN,29.00,28451.32,0.10,1995-01-23,4-NOT SPECIFIED,154080.01,Customer#000000343,HOUSEHOLD,5521.36,CANADA,AMERICA,3,CANADA,1,ss deposits wake across the pending foxes. packages after the carefully bold requests integrate caref
144,hot midnight orchid dim steel,SMALL ANODIZED TIN,SM BOX,21222,TRUCK,DELIVER IN PERSON,34.00,35500.76,0.05,1994-02-04,4-NOT SPECIFIED,222826.57,Customer#000000407,MACHINERY,9537.08,ARGENTINA,AMERICA,3,CANADA,1,ss deposits wake across the pending foxes. packages after the carefully bold requests integrate caref
395,drab steel royal medium chartreuse,MEDIUM BURNISHED BRASS,LG BOX,16610,MAIL,TAKE BACK RETURN,42.00,54406.38,0.00,1994-10-11,2-HIGH,181988.84,Customer#000000017,AUTOMOBILE,6.34,BRAZIL,AMERICA,3,CANADA,1,ss deposits wake across the pending foxes. packages after the carefully bold requests integrate caref
107,violet honeydew bisque sienna orchid,SMALL BURNISHED TIN,MED BOX,5090,TRUCK,TAKE BACK RETURN,22.00,22156.20,0.07,1997-03-09,1-URGENT,171523.81,Customer#000000442,FURNITURE,4157.00,ARGENTINA,AMERICA,3,CANADA,1,ss deposits wake across the pending foxes. packages after the carefully bold requests integrate caref
826,ghost rosy beige salmon lemon,ECONOMY PLATED TIN,SM CASE,12868,MAIL,DELIVER IN PERSON,45.00,77706.90,0.06,1995-03-02,1-URGENT,212378.63,Customer#000000521,MACHINERY,5830.69,BRAZIL,AMERICA,3,CANADA,1,ss deposits wake across the pending foxes. packages after the carefully bold requests integrate caref
821,smoke drab rose hot spring,PROMO POLISHED TIN,MED BOX,10049,MAIL,DELIVER IN PERSON,30.00,51654.60,0.09,1997-07-23,1-URGENT,167455.41,Customer#000000343,HOUSEHOLD,5521.36,CANADA,AMERICA,3,CANADA,1,ss deposits wake across the pending foxes. packages after the carefully bold requests integrate caref
17,indian navy coral pink deep,ECONOMY BRUSHED STEEL,LG BOX,28739,AIR,DELIVER IN PERSON,45.00,41265.45,0.07,1996-09-10,2-HIGH,154154.14,Customer#000000728,BUILDING,4349.73,UNITED STATES,AMERICA,3,CANADA,1,ss deposits wake across the pending foxes. packages after the carefully bold requests integrate caref
450,sky lace green pale lime,MEDIUM BURNISHED TIN,SM CASE,20198,TRUCK,TAKE BACK RETURN,13.00,17555.85,0.02,1995-06-11,4-NOT SPECIFIED,144541.14,Customer#000000478,BUILDING,-210.40,ARGENTINA,AMERICA,3,CANADA,1,ss deposits wake across the pending foxes. packages after the carefully bold requests integrate caref
758,yellow orchid dim cyan burlywood,ECONOMY ANODIZED TIN,MED BOX,6210,AIR,TAKE BACK RETURN,23.00,38151.25,0.06,1996-11-06,5-LOW,232343.67,Customer#000000343,HOUSEHOLD,5521.36,CANADA,AMERICA,3,CANADA,1,ss deposits wake across the pending foxes. packages after the carefully bold requests integrate caref
81,misty sandy cornsilk dodger blush,ECONOMY BRUSHED TIN,MED BAG,13154,MAIL,TAKE BACK RETURN,42.00,41205.36,0.09,1997-10-22,5-LOW,262523.82,Customer#000000260,MACHINERY,9196.11,ARGENTINA,AMERICA,3,CANADA,1,ss deposits wake across the pending foxes. packages after the carefully bold requests integrate caref
507,red misty salmon ivory khaki,SMALL ANODIZED BRASS,SM CASE,29152,TRUCK,TAKE BACK RETURN,24.00,33780.00,0.06,1995-07-24,5-LOW,201223.31,Customer#000000346,FURNITURE,238.14,BRAZIL,AMERICA,3,CANADA,1,ss deposits wake across the pending foxes. packages after the carefully bold requests integrate caref
758,yellow orchid dim cyan burlywood,ECONOMY ANODIZED TIN,MED BOX,29638,AIR,DELIVER IN PERSON,12.00,19905.00,0.06,1995-10-25,3-MEDIUM,113545.13,Customer#000000505,HOUSEHOLD,6557.51,BRAZIL,AMERICA,3,CANADA,1,ss deposits wake across the pending foxes. packages after the carefully bold requests integrate caref
395,drab steel royal medium chartreuse,MEDIUM BURNISHED BRASS,LG BOX,23169,AIR,TAKE BACK RETURN,39.00,50520.21,0.04,1995-06-24,1-URGENT,227411.29,Customer#000000265,MACHINERY,8275.80,PERU,AMERICA,3,CANADA,1,ss deposits wake across the pending foxes. packages after the carefully bold requests integrate caref
558,blanched seashell navy black dim,STANDARD PLATED BRASS,MED BOX,23142,TRUCK,DELIVER IN PERSON,24.00,35005.20,0.06,1996-05-27,3-MEDIUM,142727.51,Customer#000000011,BUILDING,-272.60,UNITED KINGDOM,EUROPE,3,CANADA,1,ss deposits wake across the pending foxes. packages after the carefully bold requests integrate caref
450,sky lace green pale lime,MEDIUM BURNISHED TIN,SM CASE,29958,TRUCK,DELIVER IN PERSON,28.00,37812.60,0.10,1995-01-07,2-HIGH,143790.75,Customer#000000514,BUILDING,5840.97,UNITED KINGDOM,EUROPE,3,CANADA,1,ss deposits wake across the pending foxes. packages after the carefully bold requests integrate caref
130,gainsboro powder cyan pale rosy,SMALL PLATED NICKEL,LG BOX,577,AIR,TAKE BACK RETURN,25.00,25753.25,0.06,1994-12-19,5-LOW,40599.44,Customer#000000277,BUILDING,8876.10,UNITED KINGDOM,EUROPE,3,CANADA,1,ss deposits wake across the pending foxes. packages after the carefully bold requests integrate caref
130,gainsboro powder cyan pale rosy,SMALL PLATED NICKEL,LG BOX,4646,MAIL,DELIVER IN PERSON,22.00,22662.86,0.01,1996-06-18,1-URGENT,170926.97,Customer#000000413,FURNITURE,5817.90,FRANCE,EUROPE,3,CANADA,1,ss deposits wake across the pending foxes. packages after the carefully bold requests integrate caref
932,cornflower sky powder cyan linen,SMALL ANODIZED COPPER,LG BOX,25568,MAIL,TAKE BACK RETURN,26.00,47656.18,0.08,1996-10-31,1-URGENT,171287.92,Customer#000000514,BUILDING,5840.97,UNITED KINGDOM,EUROPE,3,CANADA,1,ss deposits wake across the pending foxes. packages after the carefully bold requests integrate caref
826,ghost rosy beige salmon lemon,ECONOMY PLATED TIN,SM CASE,14531,MAIL,TAKE BACK RETURN,45.00,77706.90,0.06,1997-06-11,2-HIGH,203176.76,Customer#000000667,AUTOMOBILE,3288.76,FRANCE,EUROPE,3,CANADA,1,ss deposits wake across the pending foxes. packages after the carefully bold requests integrate caref
895,thistle azure magenta mint burnished,MEDIUM BRUSHED STEEL,SM BOX,19363,AIR,TAKE BACK RETURN,35.00,62856.15,0.07,1995-07-06,2-HIGH,280738.15,Customer#000000172,MACHINERY,1134.40,RUSSIA,EUROPE,3,CANADA,1,ss deposits wake across the pending foxes. packages after the carefully bold requests integrate caref
826,ghost rosy beige salmon lemon,ECONOMY PLATED TIN,SM CASE,24674,MAIL,DELIVER IN PERSON,14.00,24175.48,0.06,1996-05-15,2-HIGH,148334.99,Customer#000000046,AUTOMOBILE,5744.59,FRANCE,EUROPE,3,CANADA,1,ss deposits wake across the pending foxes. packages after the carefully bold requests integrate caref
821,smoke drab rose hot spring,PROMO POLISHED TIN,MED BOX,23621,REG AIR,DELIVER IN PERSON,28.00,48210.96,0.03,1996-12-29,3-MEDIUM,214948.72,Customer#000000394,MACHINERY,5200.96,UNITED KINGDOM,EUROPE,3,CANADA,1,ss deposits wake across the pending foxes. packages after the carefully bold requests integrate caref
895,thistle azure magenta mint burnished,MEDIUM BRUSHED STEEL,SM BOX,10244,REG AIR,TAKE BACK RETURN,28.00,50284.92,0.01,1996-04-04,3-MEDIUM,140180.15,Customer#000000149,AUTOMOBILE,8959.65,ROMANIA,EUROPE,3,CANADA,1,ss deposits wake across the pending foxes. packages after the carefully bold requests integrate caref
17,indian navy coral pink deep,ECONOMY BRUSHED STEEL,LG BOX,29316,REG AIR,DELIVER IN PERSON,11.00,10087.11,0.02,1997-05-03,5-LOW,117532.18,Customer#000000683,MACHINERY,9120.93,FRANCE,EUROPE,3,CANADA,1,ss deposits wake across the pending foxes. packages after the carefully bold requests integrate caref
932,cornflower sky powder cyan linen,SMALL ANODIZED COPPER,LG BOX,18564,AIR,TAKE BACK RETURN,39.00,71484.27,0.01,1996-03-18,2-HIGH,173754.81,Customer#000000112,FURNITURE,2953.35,ROMANIA,EUROPE,3,CANADA,1,ss deposits wake across the pending foxes. packages after the carefully bold requests integrate caref
395,drab steel royal medium chartreuse,MEDIUM BURNISHED BRASS,LG BOX,14150,MAIL,DELIVER IN PERSON,38.00,49224.82,0.02,1994-02-09,2-HIGH,186818.41,Customer#000000046,AUTOMOBILE,5744.59,FRANCE,EUROPE,3,CANADA,1,ss deposits wake across the pending foxes. packages after the carefully bold requests integrate caref
867,snow spring black white burnished,PROMO POLISHED NICKEL,LG BOX,17026,AIR,DELIVER IN PERSON,42.00,74250.12,0.00,1996-06-10,3-MEDIUM,270903.98,Customer#000000202,AUTOMOBILE,2237.64,GERMANY,EUROPE,3,CANADA,1,ss deposits wake across the pending foxes. packages after the carefully bold requests integrate caref
874,drab slate hot black khaki,MEDIUM PLATED TIN,MED BOX,8165,MAIL,DELIVER IN PERSON,17.00,30172.79,0.10,1994-10-16,5-LOW,251613.69,Customer#000000112,FURNITURE,2953.35,ROMANIA,EUROPE,3,CANADA,1,ss deposits wake across the pending foxes. packages after the carefully bold requests integrate caref
395,drab steel royal medium chartreuse,MEDIUM BURNISHED BRASS,LG BOX,3234,TRUCK,DELIVER IN PERSON,45.00,58292.55,0.01,1996-04-05,4-NOT SPECIFIED,207014.44,Customer#000000070,FURNITURE,4867.52,RUSSIA,EUROPE,3,CANADA,1,ss deposits wake across the pending foxes. packages after the carefully bold requests integrate caref
450,sky lace green pale lime,MEDIUM BURNISHED TIN,SM CASE,10694,REG AIR,TAKE BACK RETURN,15.00,20256.75,0.07,1997-12-05,2-HIGH,196213.05,Customer#000000712,BUILDING,8667.09,FRANCE,EUROPE,3,CANADA,1,ss deposits wake across the pending foxes. packages after the carefully bold requests integrate caref
895,thistle azure magenta mint burnished,MEDIUM BRUSHED STEEL,SM BOX,11616,REG AIR,TAKE BACK RETURN,34.00,61060.26,0.03,1996-08-02,2-HIGH,265398.53,Customer#000000202,AUTOMOBILE,2237.64,GERMANY,EUROPE,3,CANADA,1,ss deposits wake across the pending foxes. packages after the carefully bold requests integrate caref
392,medium plum powder blush yellow,MEDIUM BRUSHED COPPER,SM BOX,14754,TRUCK,DELIVER IN PERSON,36.00,46526.04,0.10,1996-06-23,3-MEDIUM,99648.70,Customer#000000043,MACHINERY,9904.28,ROMANIA,EUROPE,3,CANADA,1,ss deposits wake across the pending foxes. packages after the carefully bold requests integrate caref
17,indian navy coral pink deep,ECONOMY BRUSHED STEEL,LG BOX,17478,TRUCK,DELIVER IN PERSON,15.00,13755.15,0.08,1996-11-24,3-MEDIUM,125381.06,Customer#000000118,AUTOMOBILE,3582.37,CHINA,ASIA,4,EGYPT,4,"usly ironic, pending foxes. even, special instructions nag. sly, final foxes detect slyly fluffily "
107,violet honeydew bisque sienna orchid,SMALL BURNISHED TIN,MED BOX,10145,REG AIR,DELIVER IN PERSON,37.00,37262.70,0.10,1995-05-25,5-LOW,314527.26,Customer#000000323,AUTOMOBILE,1137.67,CHINA,ASIA,4,EGYPT,4,"usly ironic, pending foxes. even, special instructions nag. sly, final foxes detect slyly fluffily "
572,navy plum lime goldenrod saddle,LARGE BURNISHED COPPER,SM BOX,2657,MAIL,TAKE BACK RETURN,22.00,32396.54,0.02,1995-10-17,2-HIGH,215489.74,Customer#000000124,AUTOMOBILE,1842.49,CHINA,ASIA,4,EGYPT,4,"usly ironic, pending foxes. even, special instructions nag. sly, final foxes detect slyly fluffily "
932,cornflower sky powder cyan linen,SMALL ANODIZED COPPER,LG BOX,5600,MAIL,TAKE BACK RETURN,34.00,62319.62,0.02,1997-02-08,4-NOT SPECIFIED,79054.82,Customer#000000472,MACHINERY,7929.90,JAPAN,ASIA,4,EGYPT,4,"usly ironic, pending foxes. even, special instructions nag. sly, final foxes detect slyly fluffily "
81,misty sandy cornsilk dodger blush,ECONOMY BRUSHED TIN,MED BAG,27296,REG AIR,DELIVER IN PERSON,26.00,25508.08,0.00,1997-08-30,4-NOT SPECIFIED,217953.54,Customer#000000341,FURNITURE,8247.11,INDONESIA,ASIA,4,EGYPT,4,"usly ironic, pending foxes. even, special instructions nag. sly, final foxes detect slyly fluffily "
946,medium drab rosy spring salmon,MEDIUM PLATED TIN,LG BOX,4481,AIR,TAKE BACK RETURN,27.00,49867.38,0.02,1996-03-30,5-LOW,103321.16,Customer#000000734,AUTOMOBILE,9750.71,CHINA,ASIA,4,EGYPT,4,"usly ironic, pending foxes. even, special instructions nag. sly, final foxes detect slyly fluffily "
758,yellow orchid dim cyan burlywood,ECONOMY ANODIZED TIN,MED BOX,15875,MAIL,DELIVER IN PERSON,21.00,34833.75,0.03,1996-09-01,3-MEDIUM,179557.05,Customer#000000406,FURNITURE,4286.94,INDONESIA,ASIA,4,EGYPT,4,"usly ironic, pending foxes. even, special instructions nag. sly, final foxes detect slyly fluffily "
107,violet honeydew bisque sienna orchid,SMALL BURNISHED TIN,MED BOX,8451,AIR,TAKE BACK RETURN,19.00,19134.90,0.04,1995-12-14,3-MEDIUM,53487.23,Customer#000000163,FURNITURE,2948.61,VIETNAM,ASIA,4,EGYPT,4,"usly ironic, pending foxes. even, special instructions nag. sly, final foxes detect slyly fluffily "
895,thistle azure magenta mint burnished,MEDIUM BRUSHED STEEL,SM BOX,2182,TRUCK,TAKE BACK RETURN,37.00,66447.93,0.06,1994-04-05,2-HIGH,171704.77,Customer#000000113,BUILDING,2912.00,JAPAN,ASIA,4,EGYPT,4,"usly ironic, pending foxes. even, special instructions nag. sly, final foxes detect slyly fluffily "
144,hot midnight orchid dim steel,SMALL ANODIZED TIN,SM BOX,2791,AIR,DELIVER IN PERSON,26.00,27147.64,0.06,1994-10-10,2-HIGH,214697.04,Customer#000000604,HOUSEHOLD,3195.96,VIETNAM,ASIA,4,EGYPT,4,"usly ironic, pending foxes. even, special instructions nag. sly, final foxes detect slyly fluffily "
895,thistle azure magenta mint burnished,MEDIUM BRUSHED STEEL,SM BOX,4642,MAIL,DELIVER IN PERSON,41.00,73631.49,0.10,1995-02-27,1-URGENT,185628.40,Customer#000000737,AUTOMOBILE,2501.74,CHINA,ASIA,4,EGYPT,4,"usly ironic, pending foxes. even, special instructions nag. sly, final foxes detect slyly fluffily "
895,thistle azure magenta mint burnished,MEDIUM BRUSHED STEEL,SM BOX,13059,AIR,DELIVER IN PERSON,35.00,62856.15,0.05,1997-05-31,5-LOW,232548.03,Customer#000000068,HOUSEHOLD,6853.37,JAPAN,ASIA,4,EGYPT,4,"usly ironic, pending foxes. even, special instructions nag. sly, final foxes detect slyly fluffily "
821,smoke drab rose hot spring,PROMO POLISHED TIN,MED BOX,11652,REG AIR,TAKE BACK RETURN,10.00,17218.20,0.07,1995-11-11,4-NOT SPECIFIED,221817.66,Customer#000000721,AUTOMOBILE,3420.64,VIETNAM,ASIA,4,EGYPT,4,"usly ironic, pending foxes. even, special instructions nag. sly, final foxes detect slyly fluffily "
826,ghost rosy beige salmon lemon,ECONOMY PLATED TIN,SM CASE,28161,MAIL,DELIVER IN PERSON,33.00,56985.06,0.09,1994-06-16,4-NOT SPECIFIED,281929.48,Customer#000000316,MACHINERY,4571.78,INDIA,ASIA,4,EGYPT,4,"usly ironic, pending foxes. even, special instructions nag. sly, final foxes detect slyly fluffily "
450,sky lace green pale lime,MEDIUM BURNISHED TIN,SM CASE,24705,AIR,DELIVER IN PERSON,42.00,56718.90,0.09,1995-09-16,1-URGENT,114109.64,Customer#000000268,MACHINERY,6821.01,CANADA,AMERICA,4,EGYPT,4,"usly ironic, pending foxes. even, special instructions nag. sly, final foxes detect slyly fluffily "
144,hot midnight orchid dim steel,SMALL ANODIZED TIN,SM BOX,17476,MAIL,TAKE BACK RETURN,39.00,40721.46,0.01,1996-05-29,1-URGENT,116707.45,Customer#000000268,MACHINERY,6821.01,CANADA,AMERICA,4,EGYPT,4,"usly ironic, pending foxes. even, special instructions nag. sly, final foxes detect slyly fluffily "
867,snow spring black white burnished,PROMO POLISHED NICKEL,LG BOX,14944,AIR,TAKE BACK RETURN,21.00,37125.06,0.05,1997-10-14,2-HIGH,129269.44,Customer#000000268,MACHINERY,6821.01,CANADA,AMERICA,4,EGYPT,4,"usly ironic, pending foxes. even, special instructions nag. sly, final foxes detect slyly fluffily "
958,turquoise sandy drab dodger cyan,LARGE PLATED NICKEL,LG BOX,22306,MAIL,DELIVER IN PERSON,13.00,24166.35,0.09,1996-08-16,4-NOT SPECIFIED,131060.76,Customer#000000229,BUILDING,7568.07,ARGENTINA,AMERICA,4,EGYPT,4,"usly ironic, pending foxes. even, special instructions nag. sly, final foxes detect slyly fluffily "
874,drab slate hot black khaki,MEDIUM PLATED TIN,MED BOX,17668,REG AIR,TAKE BACK RETURN,43.00,76319.41,0.01,1994-11-26,3-MEDIUM,356016.33,Customer#000000005,HOUSEHOLD,794.47,CANADA,AMERICA,4,EGYPT,4,"usly ironic, pending foxes. even, special instructions nag. sly, final foxes detect slyly fluffily "
30,cream misty steel spring medium,PROMO ANODIZED TIN,LG BOX,10375,TRUCK,TAKE BACK RETURN,23.00,21390.69,0.06,1997-01-08,2-HIGH,60612.14,Customer#000000407,MACHINERY,9537.08,ARGENTINA,AMERICA,4,EGYPT,4,"usly ironic, pending foxes. even, special instructions nag. sly, final foxes detect slyly fluffily "
81,misty sandy cornsilk dodger blush,ECONOMY BRUSHED TIN,MED BAG,21606,TRUCK,TAKE BACK RETURN,29.00,28451.32,0.10,1995-01-23,4-NOT SPECIFIED,154080.01,Customer#000000343,HOUSEHOLD,5521.36,CANADA,AMERICA,4,EGYPT,4,"usly ironic, pending foxes. even, special instructions nag. sly, final foxes detect slyly fluffily "
144,hot midnight orchid dim steel,SMALL ANODIZED TIN,SM BOX,21222,TRUCK,DELIVER IN PERSON,34.00,35500.76,0.05,1994-02-04,4-NOT SPECIFIED,222826.57,Customer#000000407,MACHINERY,9537.08,ARGENTINA,AMERICA,4,EGYPT,4,"usly ironic, pending foxes. even, special instructions nag. sly, final foxes detect slyly fluffily "
395,drab steel royal medium chartreuse,MEDIUM BURNISHED BRASS,LG BOX,16610,MAIL,TAKE BACK RETURN,42.00,54406.38,0.00,1994-10-11,2-HIGH,181988.84,Customer#000000017,AUTOMOBILE,6.34,BRAZIL,AMERICA,4,EGYPT,4,"usly ironic, pending foxes. even, special instructions nag. sly, final foxes detect slyly fluffily "
107,violet honeydew bisque sienna orchid,SMALL BURNISHED TIN,MED BOX,5090,TRUCK,TAKE BACK RETURN,22.00,22156.20,0.07,1997-03-09,1-URGENT,171523.81,Customer#000000442,FURNITURE,4157.00,ARGENTINA,AMERICA,4,EGYPT,4,"usly ironic, pending foxes. even, special instructions nag. sly, final foxes detect slyly fluffily "
826,ghost rosy beige salmon lemon,ECONOMY PLATED TIN,SM CASE,12868,MAIL,DELIVER IN PERSON,45.00,77706.90,0.06,1995-03-02,1-URGENT,212378.63,Customer#000000521,MACHINERY,5830.69,BRAZIL,AMERICA,4,EGYPT,4,"usly ironic, pending foxes. even, special instructions nag. sly, final foxes detect slyly fluffily "
821,smoke drab rose hot spring,PROMO POLISHED TIN,MED BOX,10049,MAIL,DELIVER IN PERSON,30.00,51654.60,0.09,1997-07-23,1-URGENT,167455.41,Customer#000000343,HOUSEHOLD,5521.36,CANADA,AMERICA,4,EGYPT,4,"usly ironic, pending foxes. even, special instructions nag. sly, final foxes detect slyly fluffily "
17,indian navy coral pink deep,ECONOMY BRUSHED STEEL,LG BOX,28739,AIR,DELIVER IN PERSON,45.00,41265.45,0.07,1996-09-10,2-HIGH,154154.14,Customer#000000728,BUILDING,4349.73,UNITED STATES,AMERICA,4,EGYPT,4,"usly ironic, pending foxes. even, special instructions nag. sly, final foxes detect slyly fluffily "
450,sky lace green pale lime,MEDIUM BURNISHED TIN,SM CASE,20198,TRUCK,TAKE BACK RETURN,13.00,17555.85,0.02,1995-06-11,4-NOT SPECIFIED,144541.14,Customer#000000478,BUILDING,-210.40,ARGENTINA,AMERICA,4,EGYPT,4,"usly ironic, pending foxes. even, special instructions nag. sly, final foxes detect slyly fluffily "
758,yellow orchid dim cyan burlywood,ECONOMY ANODIZED TIN,MED BOX,6210,AIR,TAKE BACK RETURN,23.00,38151.25,0.06,1996-11-06,5-LOW,232343.67,Customer#000000343,HOUSEHOLD,5521.36,CANADA,AMERICA,4,EGYPT,4,"usly ironic, pending foxes. even, special instructions nag. sly, final foxes detect slyly fluffily "
81,misty sandy cornsilk dodger blush,ECONOMY BRUSHED TIN,MED BAG,13154,MAIL,TAKE BACK RETURN,42.00,41205.36,0.09,1997-10-22,5-LOW,262523.82,Customer#000000260,MACHINERY,9196.11,ARGENTINA,AMERICA,4,EGYPT,4,"usly ironic, pending foxes. even, special instructions nag. sly, final foxes detect slyly fluffily "
507,red misty salmon ivory khaki,SMALL ANODIZED BRASS,SM CASE,29152,TRUCK,TAKE BACK RETURN,24.00,33780.00,0.06,1995-07-24,5-LOW,201223.31,Customer#000000346,FURNITURE,238.14,BRAZIL,AMERICA,4,EGYPT,4,"usly ironic, pending foxes. even, special instructions nag. sly, final foxes detect slyly fluffily "
758,yellow orchid dim cyan burlywood,ECONOMY ANODIZED TIN,MED BOX,29638,AIR,DELIVER IN PERSON,12.00,19905.00,0.06,1995-10-25,3-MEDIUM,113545.13,Customer#000000505,HOUSEHOLD,6557.51,BRAZIL,AMERICA,4,EGYPT,4,"usly ironic, pending foxes. even, special instructions nag. sly, final foxes detect slyly fluffily "
395,drab steel royal medium chartreuse,MEDIUM BURNISHED BRASS,LG BOX,23169,AIR,TAKE BACK RETURN,39.00,50520.21,0.04,1995-06-24,1-URGENT,227411.29,Customer#000000265,MACHINERY,8275.80,PERU,AMERICA,4,EGYPT,4,"usly ironic, pending foxes. even, special instructions nag. sly, final foxes detect slyly fluffily "
558,blanched seashell navy black dim,STANDARD PLATED BRASS,MED BOX,23142,TRUCK,DELIVER IN PERSON,24.00,35005.20,0.06,1996-05-27,3-MEDIUM,142727.51,Customer#000000011,BUILDING,-272.60,UNITED KINGDOM,EUROPE,4,EGYPT,4,"usly ironic, pending foxes. even, special instructions nag. sly, final foxes detect slyly fluffily "
450,sky lace green pale lime,MEDIUM BURNISHED TIN,SM CASE,29958,TRUCK,DELIVER IN PERSON,28.00,37812.60,0.10,1995-01-07,2-HIGH,143790.75,Customer#000000514,BUILDING,5840.97,UNITED KINGDOM,EUROPE,4,EGYPT,4,"usly ironic, pending foxes. even, special instructions nag. sly, final foxes detect slyly fluffily "
130,gainsboro powder cyan pale rosy,SMALL PLATED NICKEL,LG BOX,577,AIR,TAKE BACK RETURN,25.00,25753.25,0.06,1994-12-19,5-LOW,40599.44,Customer#000000277,BUILDING,8876.10,UNITED KINGDOM,EUROPE,4,EGYPT,4,"usly ironic, pending foxes. even, special instructions nag. sly, final foxes detect slyly fluffily "
130,gainsboro powder cyan pale rosy,SMALL PLATED NICKEL,LG BOX,4646,MAIL,DELIVER IN PERSON,22.00,22662.86,0.01,1996-06-18,1-URGENT,170926.97,Customer#000000413,FURNITURE,5817.90,FRANCE,EUROPE,4,EGYPT,4,"usly ironic, pending foxes. even, special instructions nag. sly, final foxes detect slyly fluffily "
932,cornflower sky powder cyan linen,SMALL ANODIZED COPPER,LG BOX,25568,MAIL,TAKE BACK RETURN,26.00,47656.18,0.08,1996-10-31,1-URGENT,171287.92,Customer#000000514,BUILDING,5840.97,UNITED KINGDOM,EUROPE,4,EGYPT,4,"usly ironic, pending foxes. even, special instructions nag. sly, final foxes detect slyly fluffily "
826,ghost rosy beige salmon lemon,ECONOMY PLATED TIN,SM CASE,14531,MAIL,TAKE BACK RETURN,45.00,77706.90,0.06,1997-06-11,2-HIGH,203176.76,Customer#000000667,AUTOMOBILE,3288.76,FRANCE,EUROPE,4,EGYPT,4,"usly ironic, pending foxes. even, special instructions nag. sly, final foxes detect slyly fluffily "
895,thistle azure magenta mint burnished,MEDIUM BRUSHED STEEL,SM BOX,19363,AIR,TAKE BACK RETURN,35.00,62856.15,0.07,1995-07-06,2-HIGH,280738.15,Customer#000000172,MACHINERY,1134.40,RUSSIA,EUROPE,4,EGYPT,4,"usly ironic, pending foxes. even, special instructions nag. sly, final foxes detect slyly fluffily "
826,ghost rosy beige salmon lemon,ECONOMY PLATED TIN,SM CASE,24674,MAIL,DELIVER IN PERSON,14.00,24175.48,0.06,1996-05-15,2-HIGH,148334.99,Customer#000000046,AUTOMOBILE,5744.59,FRANCE,EUROPE,4,EGYPT,4,"usly ironic, pending foxes. even, special instructions nag. sly, final foxes detect slyly fluffily "
821,smoke drab rose hot spring,PROMO POLISHED TIN,MED BOX,23621,REG AIR,DELIVER IN PERSON,28.00,48210.96,0.03,1996-12-29,3-MEDIUM,214948.72,Customer#000000394,MACHINERY,5200.96,UNITED KINGDOM,EUROPE,4,EGYPT,4,"usly ironic, pending foxes. even, special instructions nag. sly, final foxes detect slyly fluffily "
895,thistle azure magenta mint burnished,MEDIUM BRUSHED STEEL,SM BOX,10244,REG AIR,TAKE BACK RETURN,28.00,50284.92,0.01,1996-04-04,3-MEDIUM,140180.15,Customer#000000149,AUTOMOBILE,8959.65,ROMANIA,EUROPE,4,EGYPT,4,"usly ironic, pending foxes. even, special instructions nag. sly, final foxes detect slyly fluffily "
17,indian navy coral pink deep,ECONOMY BRUSHED STEEL,LG BOX,29316,REG AIR,DELIVER IN PERSON,11.00,10087.11,0.02,1997-05-03,5-LOW,117532.18,Customer#000000683,MACHINERY,9120.93,FRANCE,EUROPE,4,EGYPT,4,"usly ironic, pending foxes. even, special instructions nag. sly, final foxes detect slyly fluffily "
932,cornflower sky powder cyan linen,SMALL ANODIZED COPPER,LG BOX,18564,AIR,TAKE BACK RETURN,39.00,71484.27,0.01,1996-03-18,2-HIGH,173754.81,Customer#000000112,FURNITURE,2953.35,ROMANIA,EUROPE,4,EGYPT,4,"usly ironic, pending foxes. even, special instructions nag. sly, final foxes detect slyly fluffily "
395,drab steel royal medium chartreuse,MEDIUM BURNISHED BRASS,LG BOX,14150,MAIL,DELIVER IN PERSON,38.00,49224.82,0.02,1994-02-09,2-HIGH,186818.41,Customer#000000046,AUTOMOBILE,5744.59,FRANCE,EUROPE,4,EGYPT,4,"usly ironic, pending foxes. even, special instructions nag. sly, final foxes detect slyly fluffily "
867,snow spring black white burnished,PROMO POLISHED NICKEL,LG BOX,17026,AIR,DELIVER IN PERSON,42.00,74250.12,0.00,1996-06-10,3-MEDIUM,270903.98,Customer#000000202,AUTOMOBILE,2237.64,GERMANY,EUROPE,4,EGYPT,4,"usly ironic, pending foxes. even, special instructions nag. sly, final foxes detect slyly fluffily "
874,drab slate hot black khaki,MEDIUM PLATED TIN,MED BOX,8165,MAIL,DELIVER IN PERSON,17.00,30172.79,0.10,1994-10-16,5-LOW,251613.69,Customer#000000112,FURNITURE,2953.35,ROMANIA,EUROPE,4,EGYPT,4,"usly ironic, pending foxes. even, special instructions nag. sly, final foxes detect slyly fluffily "
395,drab steel royal medium chartreuse,MEDIUM BURNISHED BRASS,LG BOX,3234,TRUCK,DELIVER IN PERSON,45.00,58292.55,0.01,1996-04-05,4-NOT SPECIFIED,207014.44,Customer#000000070,FURNITURE,4867.52,RUSSIA,EUROPE,4,EGYPT,4,"usly ironic, pending foxes. even, special instructions nag. sly, final foxes detect slyly fluffily "
450,sky lace green pale lime,MEDIUM BURNISHED TIN,SM CASE,10694,REG AIR,TAKE BACK RETURN,15.00,20256.75,0.07,1997-12-05,2-HIGH,196213.05,Customer#000000712,BUILDING,8667.09,FRANCE,EUROPE,4,EGYPT,4,"usly ironic, pending foxes. even, special instructions nag. sly, final foxes detect slyly fluffily "
895,thistle azure magenta mint burnished,MEDIUM BRUSHED STEEL,SM BOX,11616,REG AIR,TAKE BACK RETURN,34.00,61060.26,0.03,1996-08-02,2-HIGH,265398.53,Customer#000000202,AUTOMOBILE,2237.64,GERMANY,EUROPE,4,EGYPT,4,"usly ironic, pending foxes. even, special instructions nag. sly, final foxes detect slyly fluffily "
392,medium plum powder blush yellow,MEDIUM BRUSHED COPPER,SM BOX,14754,TRUCK,DELIVER IN PERSON,36.00,46526.04,0.10,1996-06-23,3-MEDIUM,99648.70,Customer#000000043,MACHINERY,9904.28,ROMANIA,EUROPE,4,EGYPT,4,"usly ironic, pending foxes. even, special instructions nag. sly, final foxes detect slyly fluffily "
17,indian navy coral pink deep,ECONOMY BRUSHED STEEL,LG BOX,17478,TRUCK,DELIVER IN PERSON,15.00,13755.15,0.08,1996-11-24,3-MEDIUM,125381.06,Customer#000000118,AUTOMOBILE,3582.37,CHINA,ASIA,5,ETHIOPIA,0,regular requests sleep carefull
107,violet honeydew bisque sienna orchid,SMALL BURNISHED TIN,MED BOX,10145,REG AIR,DELIVER IN PERSON,37.00,37262.70,0.10,1995-05-25,5-LOW,314527.26,Customer#000000323,AUTOMOBILE,1137.67,CHINA,ASIA,5,ETHIOPIA,0,regular requests sleep carefull
572,navy plum lime goldenrod saddle,LARGE BURNISHED COPPER,SM BOX,2657,MAIL,TAKE BACK RETURN,22.00,32396.54,0.02,1995-10-17,2-HIGH,215489.74,Customer#000000124,AUTOMOBILE,1842.49,CHINA,ASIA,5,ETHIOPIA,0,regular requests sleep carefull
932,cornflower sky powder cyan linen,SMALL ANODIZED COPPER,LG BOX,5600,MAIL,TAKE BACK RETURN,34.00,62319.62,0.02,1997-02-08,4-NOT SPECIFIED,79054.82,Customer#000000472,MACHINERY,7929.90,JAPAN,ASIA,5,ETHIOPIA,0,regular requests sleep carefull
81,misty sandy cornsilk dodger blush,ECONOMY BRUSHED TIN,MED BAG,27296,REG AIR,DELIVER IN PERSON,26.00,25508.08,0.00,1997-08-30,4-NOT SPECIFIED,217953.54,Customer#000000341,FURNITURE,8247.11,INDONESIA,ASIA,5,ETHIOPIA,0,regular requests sleep carefull
946,medium drab rosy spring salmon,MEDIUM PLATED TIN,LG BOX,4481,AIR,TAKE BACK RETURN,27.00,49867.38,0.02,1996-03-30,5-LOW,103321.16,Customer#000000734,AUTOMOBILE,9750.71,CHINA,ASIA,5,ETHIOPIA,0,regular requests sleep carefull
758,yellow orchid dim cyan burlywood,ECONOMY ANODIZED TIN,MED BOX,15875,MAIL,DELIVER IN PERSON,21.00,34833.75,0.03,1996-09-01,3-MEDIUM,179557.05,Customer#000000406,FURNITURE,4286.94,INDONESIA,ASIA,5,ETHIOPIA,0,regular requests sleep carefull
107,violet honeydew bisque sienna orchid,SMALL BURNISHED TIN,MED BOX,8451,AIR,TAKE BACK RETURN,19.00,19134.90,0.04,1995-12-14,3-MEDIUM,53487.23,Customer#000000163,FURNITURE,2948.61,VIETNAM,ASIA,5,ETHIOPIA,0,regular requests sleep carefull
895,thistle azure magenta mint burnished,MEDIUM BRUSHED STEEL,SM BOX,2182,TRUCK,TAKE BACK RETURN,37.00,66447.93,0.06,1994-04-05,2-HIGH,171704.77,Customer#000000113,BUILDING,2912.00,JAPAN,ASIA,5,ETHIOPIA,0,regular requests sleep carefull
144,hot midnight orchid dim steel,SMALL ANODIZED TIN,SM BOX,2791,AIR,DELIVER IN PERSON,26.00,27147.64,0.06,1994-10-10,2-HIGH,214697.04,Customer#000000604,HOUSEHOLD,3195.96,VIETNAM,ASIA,5,ETHIOPIA,0,regular requests sleep carefull
895,thistle azure magenta mint burnished,MEDIUM BRUSHED STEEL,SM BOX,4642,MAIL,DELIVER IN PERSON,41.00,73631.49,0.10,1995-02-27,1-URGENT,185628.40,Customer#000000737,AUTOMOBILE,2501.74,CHINA,ASIA,5,ETHIOPIA,0,regular requests sleep carefull
895,thistle azure magenta mint burnished,MEDIUM BRUSHED STEEL,SM BOX,13059,AIR,DELIVER IN PERSON,35.00,62856.15,0.05,1997-05-31,5-LOW,232548.03,Customer#000000068,HOUSEHOLD,6853.37,JAPAN,ASIA,5,ETHIOPIA,0,regular requests sleep carefull
821,smoke drab rose hot spring,PROMO POLISHED TIN,MED BOX,11652,REG AIR,TAKE BACK RETURN,10.00,17218.20,0.07,1995-11-11,4-NOT SPECIFIED,221817.66,Customer#000000721,AUTOMOBILE,3420.64,VIETNAM,ASIA,5,ETHIOPIA,0,regular requests sleep carefull
826,ghost rosy beige salmon lemon,ECONOMY PLATED TIN,SM CASE,28161,MAIL,DELIVER IN PERSON,33.00,56985.06,0.09,1994-06-16,4-NOT SPECIFIED,281929.48,Customer#000000316,MACHINERY,4571.78,INDIA,ASIA,5,ETHIOPIA,0,regular requests sleep carefull
450,sky lace green pale lime,MEDIUM BURNISHED TIN,SM CASE,24705,AIR,DELIVER IN PERSON,42.00,56718.90,0.09,1995-09-16,1-URGENT,114109.64,Customer#000000268,MACHINERY,6821.01,CANADA,AMERICA,5,ETHIOPIA,0,regular requests sleep carefull
144,hot midnight orchid dim steel,SMALL ANODIZED TIN,SM BOX,17476,MAIL,TAKE BACK RETURN,39.00,40721.46,0.01,1996-05-29,1-URGENT,116707.45,Customer#000000268,MACHINERY,6821.01,CANADA,AMERICA,5,ETHIOPIA,0,regular requests sleep carefull
867,snow spring black white burnished,PROMO POLISHED NICKEL,LG BOX,14944,AIR,TAKE BACK RETURN,21.00,37125.06,0.05,1997-10-14,2-HIGH,129269.44,Customer#000000268,MACHINERY,6821.01,CANADA,AMERICA,5,ETHIOPIA,0,regular requests sleep carefull
958,turquoise sandy drab dodger cyan,LARGE PLATED NICKEL,LG BOX,22306,MAIL,DELIVER IN PERSON,13.00,24166.35,0.09,1996-08-16,4-NOT SPECIFIED,131060.76,Customer#000000229,BUILDING,7568.07,ARGENTINA,AMERICA,5,ETHIOPIA,0,regular requests sleep carefull
874,drab slate hot black khaki,MEDIUM PLATED TIN,MED BOX,17668,REG AIR,TAKE BACK RETURN,43.00,76319.41,0.01,1994-11-26,3-MEDIUM,356016.33,Customer#000000005,HOUSEHOLD,794.47,CANADA,AMERICA,5,ETHIOPIA,0,regular requests sleep carefull
30,cream misty steel spring medium,PROMO ANODIZED TIN,LG BOX,10375,TRUCK,TAKE BACK RETURN,23.00,21390.69,0.06,1997-01-08,2-HIGH,60612.14,Customer#000000407,MACHINERY,9537.08,ARGENTINA,AMERICA,5,ETHIOPIA,0,regular requests sleep carefull
81,misty sandy cornsilk dodger blush,ECONOMY BRUSHED TIN,MED BAG,21606,TRUCK,TAKE BACK RETURN,29.00,28451.32,0.10,1995-01-23,4-NOT SPECIFIED,154080.01,Customer#000000343,HOUSEHOLD,5521.36,CANADA,AMERICA,5,ETHIOPIA,0,regular requests sleep carefull
144,hot midnight orchid dim steel,SMALL ANODIZED TIN,SM BOX,21222,TRUCK,DELIVER IN PERSON,34.00,35500.76,0.05,1994-02-04,4-NOT SPECIFIED,222826.57,Customer#000000407,MACHINERY,9537.08,ARGENTINA,AMERICA,5,ETHIOPIA,0,regular requests sleep carefull
395,drab steel royal medium chartreuse,MEDIUM BURNISHED BRASS,LG BOX,16610,MAIL,TAKE BACK RETURN,42.00,54406.38,0.00,1994-10-11,2-HIGH,181988.84,Customer#000000017,AUTOMOBILE,6.34,BRAZIL,AMERICA,5,ETHIOPIA,0,regular requests sleep carefull
107,violet honeydew bisque sienna orchid,SMALL BURNISHED TIN,MED BOX,5090,TRUCK,TAKE BACK RETURN,22.00,22156.20,0.07,1997-03-09,1-URGENT,171523.81,Customer#000000442,FURNITURE,4157.00,ARGENTINA,AMERICA,5,ETHIOPIA,0,regular requests sleep carefull
826,ghost rosy beige salmon lemon,ECONOMY PLATED TIN,SM CASE,12868,MAIL,DELIVER IN PERSON,45.00,77706.90,0.06,1995-03-02,1-URGENT,212378.63,Customer#000000521,MACHINERY,5830.69,BRAZIL,AMERICA,5,ETHIOPIA,0,regular requests sleep carefull
821,smoke drab rose hot spring,PROMO POLISHED TIN,MED BOX,10049,MAIL,DELIVER IN PERSON,30.00,51654.60,0.09,1997-07-23,1-URGENT,167455.41,Customer#000000343,HOUSEHOLD,5521.36,CANADA,AMERICA,5,ETHIOPIA,0,regular requests sleep carefull
17,indian navy coral pink deep,ECONOMY BRUSHED STEEL,LG BOX,28739,AIR,DELIVER IN PERSON,45.00,41265.45,0.07,1996-09-10,2-HIGH,154154.14,Customer#000000728,BUILDING,4349.73,UNITED STATES,AMERICA,5,ETHIOPIA,0,regular requests sleep carefull
450,sky lace green pale lime,MEDIUM BURNISHED TIN,SM CASE,20198,TRUCK,TAKE BACK RETURN,13.00,17555.85,0.02,1995-06-11,4-NOT SPECIFIED,144541.14,Customer#000000478,BUILDING,-210.40,ARGENTINA,AMERICA,5,ETHIOPIA,0,regular requests sleep carefull
758,yellow orchid dim cyan burlywood,ECONOMY ANODIZED TIN,MED BOX,6210,AIR,TAKE BACK RETURN,23.00,38151.25,0.06,1996-11-06,5-LOW,232343.67,Customer#000000343,HOUSEHOLD,5521.36,CANADA,AMERICA,5,ETHIOPIA,0,regular requests sleep carefull
81,misty sandy cornsilk dodger blush,ECONOMY BRUSHED TIN,MED BAG,13154,MAIL,TAKE BACK RETURN,42.00,41205.36,0.09,1997-10-22,5-LOW,262523.82,Customer#000000260,MACHINERY,9196.11,ARGENTINA,AMERICA,5,ETHIOPIA,0,regular requests sleep carefull
507,red misty salmon ivory khaki,SMALL ANODIZED BRASS,SM CASE,29152,TRUCK,TAKE BACK RETURN,24.00,33780.00,0.06,1995-07-24,5-LOW,201223.31,Customer#000000346,FURNITURE,238.14,BRAZIL,AMERICA,5,ETHIOPIA,0,regular requests sleep carefull
758,yellow orchid dim cyan burlywood,ECONOMY ANODIZED TIN,MED BOX,29638,AIR,DELIVER IN PERSON,12.00,19905.00,0.06,1995-10-25,3-MEDIUM,113545.13,Customer#000000505,HOUSEHOLD,6557.51,BRAZIL,AMERICA,5,ETHIOPIA,0,regular requests sleep carefull
395,drab steel royal medium chartreuse,MEDIUM BURNISHED BRASS,LG BOX,23169,AIR,TAKE BACK RETURN,39.00,50520.21,0.04,1995-06-24,1-URGENT,227411.29,Customer#000000265,MACHINERY,8275.80,PERU,AMERICA,5,ETHIOPIA,0,regular requests sleep carefull
558,blanched seashell navy black dim,STANDARD PLATED BRASS,MED BOX,23142,TRUCK,DELIVER IN PERSON,24.00,35005.20,0.06,1996-05-27,3-MEDIUM,142727.51,Customer#000000011,BUILDING,-272.60,UNITED KINGDOM,EUROPE,5,ETHIOPIA,0,regular requests sleep carefull
450,sky lace green pale lime,MEDIUM BURNISHED TIN,SM CASE,29958,TRUCK,DELIVER IN PERSON,28.00,37812.60,0.10,1995-01-07,2-HIGH,143790.75,Customer#000000514,BUILDING,5840.97,UNITED KINGDOM,EUROPE,5,ETHIOPIA,0,regular requests sleep carefull
130,gainsboro powder cyan pale rosy,SMALL PLATED NICKEL,LG BOX,577,AIR,TAKE BACK RETURN,25.00,25753.25,0.06,1994-12-19,5-LOW,40599.44,Customer#000000277,BUILDING,8876.10,UNITED KINGDOM,EUROPE,5,ETHIOPIA,0,regular requests sleep carefull
130,gainsboro powder cyan pale rosy,SMALL PLATED NICKEL,LG BOX,4646,MAIL,DELIVER IN PERSON,22.00,22662.86,0.01,1996-06-18,1-URGENT,170926.97,Customer#000000413,FURNITURE,5817.90,FRANCE,EUROPE,5,ETHIOPIA,0,regular requests sleep carefull
932,cornflower sky powder cyan linen,SMALL ANODIZED COPPER,LG BOX,25568,MAIL,TAKE BACK RETURN,26.00,47656.18,0.08,1996-10-31,1-URGENT,171287.92,Customer#000000514,BUILDING,5840.97,UNITED KINGDOM,EUROPE,5,ETHIOPIA,0,regular requests sleep carefull
826,ghost rosy beige salmon lemon,ECONOMY PLATED TIN,SM CASE,14531,MAIL,TAKE BACK RETURN,45.00,77706.90,0.06,1997-06-11,2-HIGH,203176.76,Customer#000000667,AUTOMOBILE,3288.76,FRANCE,EUROPE,5,ETHIOPIA,0,regular requests sleep carefull
895,thistle azure magenta mint burnished,MEDIUM BRUSHED STEEL,SM BOX,19363,AIR,TAKE BACK RETURN,35.00,62856.15,0.07,1995-07-06,2-HIGH,280738.15,Customer#000000172,MACHINERY,1134.40,RUSSIA,EUROPE,5,ETHIOPIA,0,regular requests sleep carefull
826,ghost rosy beige salmon lemon,ECONOMY PLATED TIN,SM CASE,24674,MAIL,DELIVER IN PERSON,14.00,24175.48,0.06,1996-05-15,2-HIGH,148334.99,Customer#000000046,AUTOMOBILE,5744.59,FRANCE,EUROPE,5,ETHIOPIA,0,regular requests sleep carefull
821,smoke drab rose hot spring,PROMO POLISHED TIN,MED BOX,23621,REG AIR,DELIVER IN PERSON,28.00,48210.96,0.03,1996-12-29,3-MEDIUM,214948.72,Customer#000000394,MACHINERY,5200.96,UNITED KINGDOM,EUROPE,5,ETHIOPIA,0,regular requests sleep carefull
895,thistle azure magenta mint burnished,MEDIUM BRUSHED STEEL,SM BOX,10244,REG AIR,TAKE BACK RETURN,28.00,50284.92,0.01,1996-04-04,3-MEDIUM,140180.15,Customer#000000149,AUTOMOBILE,8959.65,ROMANIA,EUROPE,5,ETHIOPIA,0,regular requests sleep carefull
17,indian navy coral pink deep,ECONOMY BRUSHED STEEL,LG BOX,29316,REG AIR,DELIVER IN PERSON,11.00,10087.11,0.02,1997-05-03,5-LOW,117532.18,Customer#000000683,MACHINERY,9120.93,FRANCE,EUROPE,5,ETHIOPIA,0,regular requests sleep carefull
932,cornflower sky powder cyan linen,SMALL ANODIZED COPPER,LG BOX,18564,AIR,TAKE BACK RETURN,39.00,71484.27,0.01,1996-03-18,2-HIGH,173754.81,Customer#000000112,FURNITURE,2953.35,ROMANIA,EUROPE,5,ETHIOPIA,0,regular requests sleep carefull
395,drab steel royal medium chartreuse,MEDIUM BURNISHED BRASS,LG BOX,14150,MAIL,DELIVER IN PERSON,38.00,49224.82,0.02,1994-02-09,2-HIGH,186818.41,Customer#000000046,AUTOMOBILE,5744.59,FRANCE,EUROPE,5,ETHIOPIA,0,regular requests sleep carefull
867,snow spring black white burnished,PROMO POLISHED NICKEL,LG BOX,17026,AIR,DELIVER IN PERSON,42.00,74250.12,0.00,1996-06-10,3-MEDIUM,270903.98,Customer#000000202,AUTOMOBILE,2237.64,GERMANY,EUROPE,5,ETHIOPIA,0,regular requests sleep carefull
874,drab slate hot black khaki,MEDIUM PLATED TIN,MED BOX,8165,MAIL,DELIVER IN PERSON,17.00,30172.79,0.10,1994-10-16,5-LOW,251613.69,Customer#000000112,FURNITURE,2953.35,ROMANIA,EUROPE,5,ETHIOPIA,0,regular requests sleep carefull
395,drab steel royal medium chartreuse,MEDIUM BURNISHED BRASS,LG BOX,3234,TRUCK,DELIVER IN PERSON,45.00,58292.55,0.01,1996-04-05,4-NOT SPECIFIED,207014.44,Customer#000000070,FURNITURE,4867.52,RUSSIA,EUROPE,5,ETHIOPIA,0,regular requests sleep carefull
450,sky lace green pale lime,MEDIUM BURNISHED TIN,SM CASE,10694,REG AIR,TAKE BACK RETURN,15.00,20256.75,0.07,1997-12-05,2-HIGH,196213.05,Customer#000000712,BUILDING,8667.09,FRANCE,EUROPE,5,ETHIOPIA,0,regular requests sleep carefull
895,thistle azure magenta mint burnished,MEDIUM BRUSHED STEEL,SM BOX,11616,REG AIR,TAKE BACK RETURN,34.00,61060.26,0.03,1996-08-02,2-HIGH,265398.53,Customer#000000202,AUTOMOBILE,2237.64,GERMANY,EUROPE,5,ETHIOPIA,0,regular requests sleep carefull
392,medium plum powder blush yellow,MEDIUM BRUSHED COPPER,SM BOX,14754,TRUCK,DELIVER IN PERSON,36.00,46526.04,0.10,1996-06-23,3-MEDIUM,99648.70,Customer#000000043,MACHINERY,9904.28,ROMANIA,EUROPE,5,ETHIOPIA,0,regular requests sleep carefull
17,indian navy coral pink deep,ECONOMY BRUSHED STEEL,LG BOX,17478,TRUCK,DELIVER IN PERSON,15.00,13755.15,0.08,1996-11-24,3-MEDIUM,125381.06,Customer#000000118,AUTOMOBILE,3582.37,CHINA,ASIA,6,FRANCE,3,oggedly. regular packages solve across
107,violet honeydew bisque sienna orchid,SMALL BURNISHED TIN,MED BOX,10145,REG AIR,DELIVER IN PERSON,37.00,37262.70,0.10,1995-05-25,5-LOW,314527.26,Customer#000000323,AUTOMOBILE,1137.67,CHINA,ASIA,6,FRANCE,3,oggedly. regular packages solve across
572,navy plum lime goldenrod saddle,LARGE BURNISHED COPPER,SM BOX,2657,MAIL,TAKE BACK RETURN,22.00,32396.54,0.02,1995-10-17,2-HIGH,215489.74,Customer#000000124,AUTOMOBILE,1842.49,CHINA,ASIA,6,FRANCE,3,oggedly. regular packages solve across
932,cornflower sky powder cyan linen,SMALL ANODIZED COPPER,LG BOX,5600,MAIL,TAKE BACK RETURN,34.00,62319.62,0.02,1997-02-08,4-NOT SPECIFIED,79054.82,Customer#000000472,MACHINERY,7929.90,JAPAN,ASIA,6,FRANCE,3,oggedly. regular packages solve across
81,misty sandy cornsilk dodger blush,ECONOMY BRUSHED TIN,MED BAG,27296,REG AIR,DELIVER IN PERSON,26.00,25508.08,0.00,1997-08-30,4-NOT SPECIFIED,217953.54,Customer#000000341,FURNITURE,8247.11,INDONESIA,ASIA,6,FRANCE,3,oggedly. regular packages solve across
946,medium drab rosy spring salmon,MEDIUM PLATED TIN,LG BOX,4481,AIR,TAKE BACK RETURN,27.00,49867.38,0.02,1996-03-30,5-LOW,103321.16,Customer#000000734,AUTOMOBILE,9750.71,CHINA,ASIA,6,FRANCE,3,oggedly. regular packages solve across
758,yellow orchid dim cyan burlywood,ECONOMY ANODIZED TIN,MED BOX,15875,MAIL,DELIVER IN PERSON,21.00,34833.75,0.03,1996-09-01,3-MEDIUM,179557.05,Customer#000000406,FURNITURE,4286.94,INDONESIA,ASIA,6,FRANCE,3,oggedly. regular packages solve across
107,violet honeydew bisque sienna orchid,SMALL BURNISHED TIN,MED BOX,8451,AIR,TAKE BACK RETURN,19.00,19134.90,0.04,1995-12-14,3-MEDIUM,53487.23,Customer#000000163,FURNITURE,2948.61,VIETNAM,ASIA,6,FRANCE,3,oggedly. regular packages solve across
895,thistle azure magenta mint burnished,MEDIUM BRUSHED STEEL,SM BOX,2182,TRUCK,TAKE BACK RETURN,37.00,66447.93,0.06,1994-04-05,2-HIGH,171704.77,Customer#000000113,BUILDING,2912.00,JAPAN,ASIA,6,FRANCE,3,oggedly. regular packages solve across
144,hot midnight orchid dim steel,SMALL ANODIZED TIN,SM BOX,2791,AIR,DELIVER IN PERSON,26.00,27147.64,0.06,1994-10-10,2-HIGH,214697.04,Customer#000000604,HOUSEHOLD,3195.96,VIETNAM,ASIA,6,FRANCE,3,oggedly. regular packages solve across
895,thistle azure magenta mint burnished,MEDIUM BRUSHED STEEL,SM BOX,4642,MAIL,DELIVER IN PERSON,41.00,73631.49,0.10,1995-02-27,1-URGENT,185628.40,Customer#000000737,AUTOMOBILE,2501.74,CHINA,ASIA,6,FRANCE,3,oggedly. regular packages solve across
895,thistle azure magenta mint burnished,MEDIUM BRUSHED STEEL,SM BOX,13059,AIR,DELIVER IN PERSON,35.00,62856.15,0.05,1997-05-31,5-LOW,232548.03,Customer#000000068,HOUSEHOLD,6853.37,JAPAN,ASIA,6,FRANCE,3,oggedly. regular packages solve across
821,smoke drab rose hot spring,PROMO POLISHED TIN,MED BOX,11652,REG AIR,TAKE BACK RETURN,10.00,17218.20,0.07,1995-11-11,4-NOT SPECIFIED,221817.66,Customer#000000721,AUTOMOBILE,3420.64,VIETNAM,ASIA,6,FRANCE,3,oggedly. regular packages solve across
826,ghost rosy beige salmon lemon,ECONOMY PLATED TIN,SM CASE,28161,MAIL,DELIVER IN PERSON,33.00,56985.06,0.09,1994-06-16,4-NOT SPECIFIED,281929.48,Customer#000000316,MACHINERY,4571.78,INDIA,ASIA,6,FRANCE,3,oggedly. regular packages solve across
450,sky lace green pale lime,MEDIUM BURNISHED TIN,SM CASE,24705,AIR,DELIVER IN PERSON,42.00,56718.90,0.09,1995-09-16,1-URGENT,114109.64,Customer#000000268,MACHINERY,6821.01,CANADA,AMERICA,6,FRANCE,3,oggedly. regular packages solve across
144,hot midnight orchid dim steel,SMALL ANODIZED TIN,SM BOX,17476,MAIL,TAKE BACK RETURN,39.00,40721.46,0.01,1996-05-29,1-URGENT,116707.45,Customer#000000268,MACHINERY,6821.01,CANADA,AMERICA,6,FRANCE,3,oggedly. regular packages solve across
867,snow spring black white burnished,PROMO POLISHED NICKEL,LG BOX,14944,AIR,TAKE BACK RETURN,21.00,37125.06,0.05,1997-10-14,2-HIGH,129269.44,Customer#000000268,MACHINERY,6821.01,CANADA,AMERICA,6,FRANCE,3,oggedly. regular packages solve across
958,turquoise sandy drab dodger cyan,LARGE PLATED NICKEL,LG BOX,22306,MAIL,DELIVER IN PERSON,13.00,24166.35,0.09,1996-08-16,4-NOT SPECIFIED,131060.76,Customer#000000229,BUILDING,7568.07,ARGENTINA,AMERICA,6,FRANCE,3,oggedly. regular packages solve across
874,drab slate hot black khaki,MEDIUM PLATED TIN,MED BOX,17668,REG AIR,TAKE BACK RETURN,43.00,76319.41,0.01,1994-11-26,3-MEDIUM,356016.33,Customer#000000005,HOUSEHOLD,794.47,CANADA,AMERICA,6,FRANCE,3,oggedly. regular packages solve across
30,cream misty steel spring medium,PROMO ANODIZED TIN,LG BOX,10375,TRUCK,TAKE BACK RETURN,23.00,21390.69,0.06,1997-01-08,2-HIGH,60612.14,Customer#000000407,MACHINERY,9537.08,ARGENTINA,AMERICA,6,FRANCE,3,oggedly. regular packages solve across
81,misty sandy cornsilk dodger blush,ECONOMY BRUSHED TIN,MED BAG,21606,TRUCK,TAKE BACK RETURN,29.00,28451.32,0.10,1995-01-23,4-NOT SPECIFIED,154080.01,Customer#000000343,HOUSEHOLD,5521.36,CANADA,AMERICA,6,FRANCE,3,oggedly. regular packages solve across
144,hot midnight orchid dim steel,SMALL ANODIZED TIN,SM BOX,21222,TRUCK,DELIVER IN PERSON,34.00,35500.76,0.05,1994-02-04,4-NOT SPECIFIED,222826.57,Customer#000000407,MACHINERY,9537.08,ARGENTINA,AMERICA,6,FRANCE,3,oggedly. regular packages solve across
395,drab steel royal medium chartreuse,MEDIUM BURNISHED BRASS,LG BOX,16610,MAIL,TAKE BACK RETURN,42.00,54406.38,0.00,1994-10-11,2-HIGH,181988.84,Customer#000000017,AUTOMOBILE,6.34,BRAZIL,AMERICA,6,FRANCE,3,oggedly. regular packages solve across
107,violet honeydew bisque sienna orchid,SMALL BURNISHED TIN,MED BOX,5090,TRUCK,TAKE BACK RETURN,22.00,22156.20,0.07,1997-03-09,1-URGENT,171523.81,Customer#000000442,FURNITURE,4157.00,ARGENTINA,AMERICA,6,FRANCE,3,oggedly. regular packages solve across
826,ghost rosy beige salmon lemon,ECONOMY PLATED TIN,SM CASE,12868,MAIL,DELIVER IN PERSON,45.00,77706.90,0.06,1995-03-02,1-URGENT,212378.63,Customer#000000521,MACHINERY,5830.69,BRAZIL,AMERICA,6,FRANCE,3,oggedly. regular packages solve across
821,smoke drab rose hot spring,PROMO POLISHED TIN,MED BOX,10049,MAIL,DELIVER IN PERSON,30.00,51654.60,0.09,1997-07-23,1-URGENT,167455.41,Customer#000000343,HOUSEHOLD,5521.36,CANADA,AMERICA,6,FRANCE,3,oggedly. regular packages solve across
17,indian navy coral pink deep,ECONOMY BRUSHED STEEL,LG BOX,28739,AIR,DELIVER IN PERSON,45.00,41265.45,0.07,1996-09-10,2-HIGH,154154.14,Customer#000000728,BUILDING,4349.73,UNITED STATES,AMERICA,6,FRANCE,3,oggedly. regular packages solve across
450,sky lace green pale lime,MEDIUM BURNISHED TIN,SM CASE,20198,TRUCK,TAKE BACK RETURN,13.00,17555.85,0.02,1995-06-11,4-NOT SPECIFIED,144541.14,Customer#000000478,BUILDING,-210.40,ARGENTINA,AMERICA,6,FRANCE,3,oggedly. regular packages solve across
758,yellow orchid dim cyan burlywood,ECONOMY ANODIZED TIN,MED BOX,6210,AIR,TAKE BACK RETURN,23.00,38151.25,0.06,1996-11-06,5-LOW,232343.67,Customer#000000343,HOUSEHOLD,5521.36,CANADA,AMERICA,6,FRANCE,3,oggedly. regular packages solve across
81,misty sandy cornsilk dodger blush,ECONOMY BRUSHED TIN,MED BAG,13154,MAIL,TAKE BACK RETURN,42.00,41205.36,0.09,1997-10-22,5-LOW,262523.82,Customer#000000260,MACHINERY,9196.11,ARGENTINA,AMERICA,6,FRANCE,3,oggedly. regular packages solve across
507,red misty salmon ivory khaki,SMALL ANODIZED BRASS,SM CASE,29152,TRUCK,TAKE BACK RETURN,24.00,33780.00,0.06,1995-07-24,5-LOW,201223.31,Customer#000000346,FURNITURE,238.14,BRAZIL,AMERICA,6,FRANCE,3,oggedly. regular packages solve across
758,yellow orchid dim cyan burlywood,ECONOMY ANODIZED TIN,MED BOX,29638,AIR,DELIVER IN PERSON,12.00,19905.00,0.06,1995-10-25,3-MEDIUM,113545.13,Customer#000000505,HOUSEHOLD,6557.51,BRAZIL,AMERICA,6,FRANCE,3,oggedly. regular packages solve across
395,drab steel royal medium chartreuse,MEDIUM BURNISHED BRASS,LG BOX,23169,AIR,TAKE BACK RETURN,39.00,50520.21,0.04,1995-06-24,1-URGENT,227411.29,Customer#000000265,MACHINERY,8275.80,PERU,AMERICA,6,FRANCE,3,oggedly. regular packages solve across
558,blanched seashell navy black dim,STANDARD PLATED BRASS,MED BOX,23142,TRUCK,DELIVER IN PERSON,24.00,35005.20,0.06,1996-05-27,3-MEDIUM,142727.51,Customer#000000011,BUILDING,-272.60,UNITED KINGDOM,EUROPE,6,FRANCE,3,oggedly. regular packages solve across
450,sky lace green pale lime,MEDIUM BURNISHED TIN,SM CASE,29958,TRUCK,DELIVER IN PERSON,28.00,37812.60,0.10,1995-01-07,2-HIGH,143790.75,Customer#000000514,BUILDING,5840.97,UNITED KINGDOM,EUROPE,6,FRANCE,3,oggedly. regular packages solve across
130,gainsboro powder cyan pale rosy,SMALL PLATED NICKEL,LG BOX,577,AIR,TAKE BACK RETURN,25.00,25753.25,0.06,1994-12-19,5-LOW,40599.44,Customer#000000277,BUILDING,8876.10,UNITED KINGDOM,EUROPE,6,FRANCE,3,oggedly. regular packages solve across
130,gainsboro powder cyan pale rosy,SMALL PLATED NICKEL,LG BOX,4646,MAIL,DELIVER IN PERSON,22.00,22662.86,0.01,1996-06-18,1-URGENT,170926.97,Customer#000000413,FURNITURE,5817.90,FRANCE,EUROPE,6,FRANCE,3,oggedly. regular packages solve across
932,cornflower sky powder cyan linen,SMALL ANODIZED COPPER,LG BOX,25568,MAIL,TAKE BACK RETURN,26.00,47656.18,0.08,1996-10-31,1-URGENT,171287.92,Customer#000000514,BUILDING,5840.97,UNITED KINGDOM,EUROPE,6,FRANCE,3,oggedly. regular packages solve across
826,ghost rosy beige salmon lemon,ECONOMY PLATED TIN,SM CASE,14531,MAIL,TAKE BACK RETURN,45.00,77706.90,0.06,1997-06-11,2-HIGH,203176.76,Customer#000000667,AUTOMOBILE,3288.76,FRANCE,EUROPE,6,FRANCE,3,oggedly. regular packages solve across
895,thistle azure magenta mint burnished,MEDIUM BRUSHED STEEL,SM BOX,19363,AIR,TAKE BACK RETURN,35.00,62856.15,0.07,1995-07-06,2-HIGH,280738.15,Customer#000000172,MACHINERY,1134.40,RUSSIA,EUROPE,6,FRANCE,3,oggedly. regular packages solve across
826,ghost rosy beige salmon lemon,ECONOMY PLATED TIN,SM CASE,24674,MAIL,DELIVER IN PERSON,14.00,24175.48,0.06,1996-05-15,2-HIGH,148334.99,Customer#000000046,AUTOMOBILE,5744.59,FRANCE,EUROPE,6,FRANCE,3,oggedly. regular packages solve across
821,smoke drab rose hot spring,PROMO POLISHED TIN,MED BOX,23621,REG AIR,DELIVER IN PERSON,28.00,48210.96,0.03,1996-12-29,3-MEDIUM,214948.72,Customer#000000394,MACHINERY,5200.96,UNITED KINGDOM,EUROPE,6,FRANCE,3,oggedly. regular packages solve across
895,thistle azure magenta mint burnished,MEDIUM BRUSHED STEEL,SM BOX,10244,REG AIR,TAKE BACK RETURN,28.00,50284.92,0.01,1996-04-04,3-MEDIUM,140180.15,Customer#000000149,AUTOMOBILE,8959.65,ROMANIA,EUROPE,6,FRANCE,3,oggedly. regular packages solve across
17,indian navy coral pink deep,ECONOMY BRUSHED STEEL,LG BOX,29316,REG AIR,DELIVER IN PERSON,11.00,10087.11,0.02,1997-05-03,5-LOW,117532.18,Customer#000000683,MACHINERY,9120.93,FRANCE,EUROPE,6,FRANCE,3,oggedly. regular packages solve across
932,cornflower sky powder cyan linen,SMALL ANODIZED COPPER,LG BOX,18564,AIR,TAKE BACK RETURN,39.00,71484.27,0.01,1996-03-18,2-HIGH,173754.81,Customer#000000112,FURNITURE,2953.35,ROMANIA,EUROPE,6,FRANCE,3,oggedly. regular packages solve across
395,drab steel royal medium chartreuse,MEDIUM BURNISHED BRASS,LG BOX,14150,MAIL,DELIVER IN PERSON,38.00,49224.82,0.02,1994-02-09,2-HIGH,186818.41,Customer#000000046,AUTOMOBILE,5744.59,FRANCE,EUROPE,6,FRANCE,3,oggedly. regular packages solve across
867,snow spring black white burnished,PROMO POLISHED NICKEL,LG BOX,17026,AIR,DELIVER IN PERSON,42.00,74250.12,0.00,1996-06-10,3-MEDIUM,270903.98,Customer#000000202,AUTOMOBILE,2237.64,GERMANY,EUROPE,6,FRANCE,3,oggedly. regular packages solve across
874,drab slate hot black khaki,MEDIUM PLATED TIN,MED BOX,8165,MAIL,DELIVER IN PERSON,17.00,30172.79,0.10,1994-10-16,5-LOW,251613.69,Customer#000000112,FURNITURE,2953.35,ROMANIA,EUROPE,6,FRANCE,3,oggedly. regular packages solve across
395,drab steel royal medium chartreuse,MEDIUM BURNISHED BRASS,LG BOX,3234,TRUCK,DELIVER IN PERSON,45.00,58292.55,0.01,1996-04-05,4-NOT SPECIFIED,207014.44,Customer#000000070,FURNITURE,4867.52,RUSSIA,EUROPE,6,FRANCE,3,oggedly. regular packages solve across
450,sky lace green pale lime,MEDIUM BURNISHED TIN,SM CASE,10694,REG AIR,TAKE BACK RETURN,15.00,20256.75,0.07,1997-12-05,2-HIGH,196213.05,Customer#000000712,BUILDING,8667.09,FRANCE,EUROPE,6,FRANCE,3,oggedly. regular packages solve across
895,thistle azure magenta mint burnished,MEDIUM BRUSHED STEEL,SM BOX,11616,REG AIR,TAKE BACK RETURN,34.00,61060.26,0.03,1996-08-02,2-HIGH,265398.53,Customer#000000202,AUTOMOBILE,2237.64,GERMANY,EUROPE,6,FRANCE,3,oggedly. regular packages solve across
392,medium plum powder blush yellow,MEDIUM BRUSHED COPPER,SM BOX,14754,TRUCK,DELIVER IN PERSON,36.00,46526.04,0.10,1996-06-23,3-MEDIUM,99648.70,Customer#000000043,MACHINERY,9904.28,ROMANIA,EUROPE,6,FRANCE,3,oggedly. regular packages solve across
17,indian navy coral pink deep,ECONOMY BRUSHED STEEL,LG BOX,17478,TRUCK,DELIVER IN PERSON,15.00,13755.15,0.08,1996-11-24,3-MEDIUM,125381.06,Customer#000000118,AUTOMOBILE,3582.37,CHINA,ASIA,7,GERMANY,3,ong the regular requests: blithely silent pinto beans hagg
107,violet honeydew bisque sienna orchid,SMALL BURNISHED TIN,MED BOX,10145,REG AIR,DELIVER IN PERSON,37.00,37262.70,0.10,1995-05-25,5-LOW,314527.26,Customer#000000323,AUTOMOBILE,1137.67,CHINA,ASIA,7,GERMANY,3,ong the regular requests: blithely silent pinto beans hagg
572,navy plum lime goldenrod saddle,LARGE BURNISHED COPPER,SM BOX,2657,MAIL,TAKE BACK RETURN,22.00,32396.54,0.02,1995-10-17,2-HIGH,215489.74,Customer#000000124,AUTOMOBILE,1842.49,CHINA,ASIA,7,GERMANY,3,ong the regular requests: blithely silent pinto beans hagg
932,cornflower sky powder cyan linen,SMALL ANODIZED COPPER,LG BOX,5600,MAIL,TAKE BACK RETURN,34.00,62319.62,0.02,1997-02-08,4-NOT SPECIFIED,79054.82,Customer#000000472,MACHINERY,7929.90,JAPAN,ASIA,7,GERMANY,3,ong the regular requests: blithely silent pinto beans hagg
81,misty sandy cornsilk dodger blush,ECONOMY BRUSHED TIN,MED BAG,27296,REG AIR,DELIVER IN PERSON,26.00,25508.08,0.00,1997-08-30,4-NOT SPECIFIED,217953.54,Customer#000000341,FURNITURE,8247.11,INDONESIA,ASIA,7,GERMANY,3,ong the regular requests: blithely silent pinto beans hagg
946,medium drab rosy spring salmon,MEDIUM PLATED TIN,LG BOX,4481,AIR,TAKE BACK RETURN,27.00,49867.38,0.02,1996-03-30,5-LOW,103321.16,Customer#000000734,AUTOMOBILE,9750.71,CHINA,ASIA,7,GERMANY,3,ong the regular requests: blithely silent pinto beans hagg
758,yellow orchid dim cyan burlywood,ECONOMY ANODIZED TIN,MED BOX,15875,MAIL,DELIVER IN PERSON,21.00,34833.75,0.03,1996-09-01,3-MEDIUM,179557.05,Customer#000000406,FURNITURE,4286.94,INDONESIA,ASIA,7,GERMANY,3,ong the regular requests: blithely silent pinto beans hagg
107,violet honeydew bisque sienna orchid,SMALL BURNISHED TIN,MED BOX,8451,AIR,TAKE BACK RETURN,19.00,19134.90,0.04,1995-12-14,3-MEDIUM,53487.23,Customer#000000163,FURNITURE,2948.61,VIETNAM,ASIA,7,GERMANY,3,ong the regular requests: blithely silent pinto beans hagg
895,thistle azure magenta mint burnished,MEDIUM BRUSHED STEEL,SM BOX,2182,TRUCK,TAKE BACK RETURN,37.00,66447.93,0.06,1994-04-05,2-HIGH,171704.77,Customer#000000113,BUILDING,2912.00,JAPAN,ASIA,7,GERMANY,3,ong the regular requests: blithely silent pinto beans hagg
144,hot midnight orchid dim steel,SMALL ANODIZED TIN,SM BOX,2791,AIR,DELIVER IN PERSON,26.00,27147.64,0.06,1994-10-10,2-HIGH,214697.04,Customer#000000604,HOUSEHOLD,3195.96,VIETNAM,ASIA,7,GERMANY,3,ong the regular requests: blithely silent pinto beans hagg
895,thistle azure magenta mint burnished,MEDIUM BRUSHED STEEL,SM BOX,4642,MAIL,DELIVER IN PERSON,41.00,73631.49,0.10,1995-02-27,1-URGENT,185628.40,Customer#000000737,AUTOMOBILE,2501.74,CHINA,ASIA,7,GERMANY,3,ong the regular requests: blithely silent pinto beans hagg
895,thistle azure magenta mint burnished,MEDIUM BRUSHED STEEL,SM BOX,13059,AIR,DELIVER IN PERSON,35.00,62856.15,0.05,1997-05-31,5-LOW,232548.03,Customer#000000068,HOUSEHOLD,6853.37,JAPAN,ASIA,7,GERMANY,3,ong the regular requests: blithely silent pinto beans hagg
821,smoke drab rose hot spring,PROMO POLISHED TIN,MED BOX,11652,REG AIR,TAKE BACK RETURN,10.00,17218.20,0.07,1995-11-11,4-NOT SPECIFIED,221817.66,Customer#000000721,AUTOMOBILE,3420.64,VIETNAM,ASIA,7,GERMANY,3,ong the regular requests: blithely silent pinto beans hagg
826,ghost rosy beige salmon lemon,ECONOMY PLATED TIN,SM CASE,28161,MAIL,DELIVER IN PERSON,33.00,56985.06,0.09,1994-06-16,4-NOT SPECIFIED,281929.48,Customer#000000316,MACHINERY,4571.78,INDIA,ASIA,7,GERMANY,3,ong the regular requests: blithely silent pinto beans hagg
450,sky lace green pale lime,MEDIUM BURNISHED TIN,SM CASE,24705,AIR,DELIVER IN PERSON,42.00,56718.90,0.09,1995-09-16,1-URGENT,114109.64,Customer#000000268,MACHINERY,6821.01,CANADA,AMERICA,7,GERMANY,3,ong the regular requests: blithely silent pinto beans hagg
144,hot midnight orchid dim steel,SMALL ANODIZED TIN,SM BOX,17476,MAIL,TAKE BACK RETURN,39.00,40721.46,0.01,1996-05-29,1-URGENT,116707.45,Customer#000000268,MACHINERY,6821.01,CANADA,AMERICA,7,GERMANY,3,ong the regular requests: blithely silent pinto beans hagg
867,snow spring black white burnished,PROMO POLISHED NICKEL,LG BOX,14944,AIR,TAKE BACK RETURN,21.00,37125.06,0.05,1997-10-14,2-HIGH,129269.44,Customer#000000268,MACHINERY,6821.01,CANADA,AMERICA,7,GERMANY,3,ong the regular requests: blithely silent pinto beans hagg
958,turquoise sandy drab dodger cyan,LARGE PLATED NICKEL,LG BOX,22306,MAIL,DELIVER IN PERSON,13.00,24166.35,0.09,1996-08-16,4-NOT SPECIFIED,131060.76,Customer#000000229,BUILDING,7568.07,ARGENTINA,AMERICA,7,GERMANY,3,ong the regular requests: blithely silent pinto beans hagg
874,drab slate hot black khaki,MEDIUM PLATED TIN,MED BOX,17668,REG AIR,TAKE BACK RETURN,43.00,76319.41,0.01,1994-11-26,3-MEDIUM,356016.33,Customer#000000005,HOUSEHOLD,794.47,CANADA,AMERICA,7,GERMANY,3,ong the regular requests: blithely silent pinto beans hagg
30,cream misty steel spring medium,PROMO ANODIZED TIN,LG BOX,10375,TRUCK,TAKE BACK RETURN,23.00,21390.69,0.06,1997-01-08,2-HIGH,60612.14,Customer#000000407,MACHINERY,9537.08,ARGENTINA,AMERICA,7,GERMANY,3,ong the regular requests: blithely silent pinto beans hagg
81,misty sandy cornsilk dodger blush,ECONOMY BRUSHED TIN,MED BAG,21606,TRUCK,TAKE BACK RETURN,29.00,28451.32,0.10,1995-01-23,4-NOT SPECIFIED,154080.01,Customer#000000343,HOUSEHOLD,5521.36,CANADA,AMERICA,7,GERMANY,3,ong the regular requests: blithely silent pinto beans hagg
144,hot midnight orchid dim steel,SMALL ANODIZED TIN,SM BOX,21222,TRUCK,DELIVER IN PERSON,34.00,35500.76,0.05,1994-02-04,4-NOT SPECIFIED,222826.57,Customer#000000407,MACHINERY,9537.08,ARGENTINA,AMERICA,7,GERMANY,3,ong the regular requests: blithely silent pinto beans hagg
395,drab steel royal medium chartreuse,MEDIUM BURNISHED BRASS,LG BOX,16610,MAIL,TAKE BACK RETURN,42.00,54406.38,0.00,1994-10-11,2-HIGH,181988.84,Customer#000000017,AUTOMOBILE,6.34,BRAZIL,AMERICA,7,GERMANY,3,ong the regular requests: blithely silent pinto beans hagg
107,violet honeydew bisque sienna orchid,SMALL BURNISHED TIN,MED BOX,5090,TRUCK,TAKE BACK RETURN,22.00,22156.20,0.07,1997-03-09,1-URGENT,171523.81,Customer#000000442,FURNITURE,4157.00,ARGENTINA,AMERICA,7,GERMANY,3,ong the regular requests: blithely silent pinto beans hagg
826,ghost rosy beige salmon lemon,ECONOMY PLATED TIN,SM CASE,12868,MAIL,DELIVER IN PERSON,45.00,77706.90,0.06,1995-03-02,1-URGENT,212378.63,Customer#000000521,MACHINERY,5830.69,BRAZIL,AMERICA,7,GERMANY,3,ong the regular requests: blithely silent pinto beans hagg
821,smoke drab rose hot spring,PROMO POLISHED TIN,MED BOX,10049,MAIL,DELIVER IN PERSON,30.00,51654.60,0.09,1997-07-23,1-URGENT,167455.41,Customer#000000343,HOUSEHOLD,5521.36,CANADA,AMERICA,7,GERMANY,3,ong the regular requests: blithely silent pinto beans hagg
17,indian navy coral pink deep,ECONOMY BRUSHED STEEL,LG BOX,28739,AIR,DELIVER IN PERSON,45.00,41265.45,0.07,1996-09-10,2-HIGH,154154.14,Customer#000000728,BUILDING,4349.73,UNITED STATES,AMERICA,7,GERMANY,3,ong the regular requests: blithely silent pinto beans hagg
450,sky lace green pale lime,MEDIUM BURNISHED TIN,SM CASE,20198,TRUCK,TAKE BACK RETURN,13.00,17555.85,0.02,1995-06-11,4-NOT SPECIFIED,144541.14,Customer#000000478,BUILDING,-210.40,ARGENTINA,AMERICA,7,GERMANY,3,ong the regular requests: blithely silent pinto beans hagg
758,yellow orchid dim cyan burlywood,ECONOMY ANODIZED TIN,MED BOX,6210,AIR,TAKE BACK RETURN,23.00,38151.25,0.06,1996-11-06,5-LOW,232343.67,Customer#000000343,HOUSEHOLD,5521.36,CANADA,AMERICA,7,GERMANY,3,ong the regular requests: blithely silent pinto beans hagg
81,misty sandy cornsilk dodger blush,ECONOMY BRUSHED TIN,MED BAG,13154,MAIL,TAKE BACK RETURN,42.00,41205.36,0.09,1997-10-22,5-LOW,262523.82,Customer#000000260,MACHINERY,9196.11,ARGENTINA,AMERICA,7,GERMANY,3,ong the regular requests: blithely silent pinto beans hagg
507,red misty salmon ivory khaki,SMALL ANODIZED BRASS,SM CASE,29152,TRUCK,TAKE BACK RETURN,24.00,33780.00,0.06,1995-07-24,5-LOW,201223.31,Customer#000000346,FURNITURE,238.14,BRAZIL,AMERICA,7,GERMANY,3,ong the regular requests: blithely silent pinto beans hagg
758,yellow orchid dim cyan burlywood,ECONOMY ANODIZED TIN,MED BOX,29638,AIR,DELIVER IN PERSON,12.00,19905.00,0.06,1995-10-25,3-MEDIUM,113545.13,Customer#000000505,HOUSEHOLD,6557.51,BRAZIL,AMERICA,7,GERMANY,3,ong the regular requests: blithely silent pinto beans hagg
395,drab steel royal medium chartreuse,MEDIUM BURNISHED BRASS,LG BOX,23169,AIR,TAKE BACK RETURN,39.00,50520.21,0.04,1995-06-24,1-URGENT,227411.29,Customer#000000265,MACHINERY,8275.80,PERU,AMERICA,7,GERMANY,3,ong the regular requests: blithely silent pinto beans hagg
558,blanched seashell navy black dim,STANDARD PLATED BRASS,MED BOX,23142,TRUCK,DELIVER IN PERSON,24.00,35005.20,0.06,1996-05-27,3-MEDIUM,142727.51,Customer#000000011,BUILDING,-272.60,UNITED KINGDOM,EUROPE,7,GERMANY,3,ong the regular requests: blithely silent pinto beans hagg
450,sky lace green pale lime,MEDIUM BURNISHED TIN,SM CASE,29958,TRUCK,DELIVER IN PERSON,28.00,37812.60,0.10,1995-01-07,2-HIGH,143790.75,Customer#000000514,BUILDING,5840.97,UNITED KINGDOM,EUROPE,7,GERMANY,3,ong the regular requests: blithely silent pinto beans hagg
130,gainsboro powder cyan pale rosy,SMALL PLATED NICKEL,LG BOX,577,AIR,TAKE BACK RETURN,25.00,25753.25,0.06,1994-12-19,5-LOW,40599.44,Customer#000000277,BUILDING,8876.10,UNITED KINGDOM,EUROPE,7,GERMANY,3,ong the regular requests: blithely silent pinto beans hagg
130,gainsboro powder cyan pale rosy,SMALL PLATED NICKEL,LG BOX,4646,MAIL,DELIVER IN PERSON,22.00,22662.86,0.01,1996-06-18,1-URGENT,170926.97,Customer#000000413,FURNITURE,5817.90,FRANCE,EUROPE,7,GERMANY,3,ong the regular requests: blithely silent pinto beans hagg
932,cornflower sky powder cyan linen,SMALL ANODIZED COPPER,LG BOX,25568,MAIL,TAKE BACK RETURN,26.00,47656.18,0.08,1996-10-31,1-URGENT,171287.92,Customer#000000514,BUILDING,5840.97,UNITED KINGDOM,EUROPE,7,GERMANY,3,ong the regular requests: blithely silent pinto beans hagg
826,ghost rosy beige salmon lemon,ECONOMY PLATED TIN,SM CASE,14531,MAIL,TAKE BACK RETURN,45.00,77706.90,0.06,1997-06-11,2-HIGH,203176.76,Customer#000000667,AUTOMOBILE,3288.76,FRANCE,EUROPE,7,GERMANY,3,ong the regular requests: blithely silent pinto beans hagg
895,thistle azure magenta mint burnished,MEDIUM BRUSHED STEEL,SM BOX,19363,AIR,TAKE BACK RETURN,35.00,62856.15,0.07,1995-07-06,2-HIGH,280738.15,Customer#000000172,MACHINERY,1134.40,RUSSIA,EUROPE,7,GERMANY,3,ong the regular requests: blithely silent pinto beans hagg
826,ghost rosy beige salmon lemon,ECONOMY PLATED TIN,SM CASE,24674,MAIL,DELIVER IN PERSON,14.00,24175.48,0.06,1996-05-15,2-HIGH,148334.99,Customer#000000046,AUTOMOBILE,5744.59,FRANCE,EUROPE,7,GERMANY,3,ong the regular requests: blithely silent pinto beans hagg
821,smoke drab rose hot spring,PROMO POLISHED TIN,MED BOX,23621,REG AIR,DELIVER IN PERSON,28.00,48210.96,0.03,1996-12-29,3-MEDIUM,214948.72,Customer#000000394,MACHINERY,5200.96,UNITED KINGDOM,EUROPE,7,GERMANY,3,ong the regular requests: blithely silent pinto beans hagg
895,thistle azure magenta mint burnished,MEDIUM BRUSHED STEEL,SM BOX,10244,REG AIR,TAKE BACK RETURN,28.00,50284.92,0.01,1996-04-04,3-MEDIUM,140180.15,Customer#000000149,AUTOMOBILE,8959.65,ROMANIA,EUROPE,7,GERMANY,3,ong the regular requests: blithely silent pinto beans hagg
17,indian navy coral pink deep,ECONOMY BRUSHED STEEL,LG BOX,29316,REG AIR,DELIVER IN PERSON,11.00,10087.11,0.02,1997-05-03,5-LOW,117532.18,Customer#000000683,MACHINERY,9120.93,FRANCE,EUROPE,7,GERMANY,3,ong the regular requests: blithely silent pinto beans hagg
932,cornflower sky powder cyan linen,SMALL ANODIZED COPPER,LG BOX,18564,AIR,TAKE BACK RETURN,39.00,71484.27,0.01,1996-03-18,2-HIGH,173754.81,Customer#000000112,FURNITURE,2953.35,ROMANIA,EUROPE,7,GERMANY,3,ong the regular requests: blithely silent pinto beans hagg
395,drab steel royal medium chartreuse,MEDIUM BURNISHED BRASS,LG BOX,14150,MAIL,DELIVER IN PERSON,38.00,49224.82,0.02,1994-02-09,2-HIGH,186818.41,Customer#000000046,AUTOMOBILE,5744.59,FRANCE,EUROPE,7,GERMANY,3,ong the regular requests: blithely silent pinto beans hagg
867,snow spring black white burnished,PROMO POLISHED NICKEL,LG BOX,17026,AIR,DELIVER IN PERSON,42.00,74250.12,0.00,1996-06-10,3-MEDIUM,270903.98,Customer#000000202,AUTOMOBILE,2237.64,GERMANY,EUROPE,7,GERMANY,3,ong the regular requests: blithely silent pinto beans hagg
874,drab slate hot black khaki,MEDIUM PLATED TIN,MED BOX,8165,MAIL,DELIVER IN PERSON,17.00,30172.79,0.10,1994-10-16,5-LOW,251613.69,Customer#000000112,FURNITURE,2953.35,ROMANIA,EUROPE,7,GERMANY,3,ong the regular requests: blithely silent pinto beans hagg
395,drab steel royal medium chartreuse,MEDIUM BURNISHED BRASS,LG BOX,3234,TRUCK,DELIVER IN PERSON,45.00,58292.55,0.01,1996-04-05,4-NOT SPECIFIED,207014.44,Customer#000000070,FURNITURE,4867.52,RUSSIA,EUROPE,7,GERMANY,3,ong the regular requests: blithely silent pinto beans hagg
450,sky lace green pale lime,MEDIUM BURNISHED TIN,SM CASE,10694,REG AIR,TAKE BACK RETURN,15.00,20256.75,0.07,1997-12-05,2-HIGH,196213.05,Customer#000000712,BUILDING,8667.09,FRANCE,EUROPE,7,GERMANY,3,ong the regular requests: blithely silent pinto beans hagg
895,thistle azure magenta mint burnished,MEDIUM BRUSHED STEEL,SM BOX,11616,REG AIR,TAKE BACK RETURN,34.00,61060.26,0.03,1996-08-02,2-HIGH,265398.53,Customer#000000202,AUTOMOBILE,2237.64,GERMANY,EUROPE,7,GERMANY,3,ong the regular requests: blithely silent pinto beans hagg
392,medium plum powder blush yellow,MEDIUM BRUSHED COPPER,SM BOX,14754,TRUCK,DELIVER IN PERSON,36.00,46526.04,0.10,1996-06-23,3-MEDIUM,99648.70,Customer#000000043,MACHINERY,9904.28,ROMANIA,EUROPE,7,GERMANY,3,ong the regular requests: blithely silent pinto beans hagg
17,indian navy coral pink deep,ECONOMY BRUSHED STEEL,LG BOX,17478,TRUCK,DELIVER IN PERSON,15.00,13755.15,0.08,1996-11-24,3-MEDIUM,125381.06,Customer#000000118,AUTOMOBILE,3582.37,CHINA,ASIA,8,INDIA,2,uriously unusual deposits about the slyly final pinto beans could
107,violet honeydew bisque sienna orchid,SMALL BURNISHED TIN,MED BOX,10145,REG AIR,DELIVER IN PERSON,37.00,37262.70,0.10,1995-05-25,5-LOW,314527.26,Customer#000000323,AUTOMOBILE,1137.67,CHINA,ASIA,8,INDIA,2,uriously unusual deposits about the slyly final pinto beans could
572,navy plum lime goldenrod saddle,LARGE BURNISHED COPPER,SM BOX,2657,MAIL,TAKE BACK RETURN,22.00,32396.54,0.02,1995-10-17,2-HIGH,215489.74,Customer#000000124,AUTOMOBILE,1842.49,CHINA,ASIA,8,INDIA,2,uriously unusual deposits about the slyly final pinto beans could
932,cornflower sky powder cyan linen,SMALL ANODIZED COPPER,LG BOX,5600,MAIL,TAKE BACK RETURN,34.00,62319.62,0.02,1997-02-08,4-NOT SPECIFIED,79054.82,Customer#000000472,MACHINERY,7929.90,JAPAN,ASIA,8,INDIA,2,uriously unusual deposits about the slyly final pinto beans could
81,misty sandy cornsilk dodger blush,ECONOMY BRUSHED TIN,MED BAG,27296,REG AIR,DELIVER IN PERSON,26.00,25508.08,0.00,1997-08-30,4-NOT SPECIFIED,217953.54,Customer#000000341,FURNITURE,8247.11,INDONESIA,ASIA,8,INDIA,2,uriously unusual deposits about the slyly final pinto beans could
946,medium drab rosy spring salmon,MEDIUM PLATED TIN,LG BOX,4481,AIR,TAKE BACK RETURN,27.00,49867.38,0.02,1996-03-30,5-LOW,103321.16,Customer#000000734,AUTOMOBILE,9750.71,CHINA,ASIA,8,INDIA,2,uriously unusual deposits about the slyly final pinto beans could
758,yellow orchid dim cyan burlywood,ECONOMY ANODIZED TIN,MED BOX,15875,MAIL,DELIVER IN PERSON,21.00,34833.75,0.03,1996-09-01,3-MEDIUM,179557.05,Customer#000000406,FURNITURE,4286.94,INDONESIA,ASIA,8,INDIA,2,uriously unusual deposits about the slyly final pinto beans could
107,violet honeydew bisque sienna orchid,SMALL BURNISHED TIN,MED BOX,8451,AIR,TAKE BACK RETURN,19.00,19134.90,0.04,1995-12-14,3-MEDIUM,53487.23,Customer#000000163,FURNITURE,2948.61,VIETNAM,ASIA,8,INDIA,2,uriously unusual deposits about the slyly final pinto beans could
895,thistle azure magenta mint burnished,MEDIUM BRUSHED STEEL,SM BOX,2182,TRUCK,TAKE BACK RETURN,37.00,66447.93,0.06,1994-04-05,2-HIGH,171704.77,Customer#000000113,BUILDING,2912.00,JAPAN,ASIA,8,INDIA,2,uriously unusual deposits about the slyly final pinto beans could
144,hot midnight orchid dim steel,SMALL ANODIZED TIN,SM BOX,2791,AIR,DELIVER IN PERSON,26.00,27147.64,0.06,1994-10-10,2-HIGH,214697.04,Customer#000000604,HOUSEHOLD,3195.96,VIETNAM,ASIA,8,INDIA,2,uriously unusual deposits about the slyly final pinto beans could
895,thistle azure magenta mint burnished,MEDIUM BRUSHED STEEL,SM BOX,4642,MAIL,DELIVER IN PERSON,41.00,73631.49,0.10,1995-02-27,1-URGENT,185628.40,Customer#000000737,AUTOMOBILE,2501.74,CHINA,ASIA,8,INDIA,2,uriously unusual deposits about the slyly final pinto beans could
895,thistle azure magenta mint burnished,MEDIUM BRUSHED STEEL,SM BOX,13059,AIR,DELIVER IN PERSON,35.00,62856.15,0.05,1997-05-31,5-LOW,232548.03,Customer#000000068,HOUSEHOLD,6853.37,JAPAN,ASIA,8,INDIA,2,uriously unusual deposits about the slyly final pinto beans could
821,smoke drab rose hot spring,PROMO POLISHED TIN,MED BOX,11652,REG AIR,TAKE BACK RETURN,10.00,17218.20,0.07,1995-11-11,4-NOT SPECIFIED,221817.66,Customer#000000721,AUTOMOBILE,3420.64,VIETNAM,ASIA,8,INDIA,2,uriously unusual deposits about the slyly final pinto beans could
826,ghost rosy beige salmon lemon,ECONOMY PLATED TIN,SM CASE,28161,MAIL,DELIVER IN PERSON,33.00,56985.06,0.09,1994-06-16,4-NOT SPECIFIED,281929.48,Customer#000000316,MACHINERY,4571.78,INDIA,ASIA,8,INDIA,2,uriously unusual deposits about the slyly final pinto beans could
450,sky lace green pale lime,MEDIUM BURNISHED TIN,SM CASE,24705,AIR,DELIVER IN PERSON,42.00,56718.90,0.09,1995-09-16,1-URGENT,114109.64,Customer#000000268,MACHINERY,6821.01,CANADA,AMERICA,8,INDIA,2,uriously unusual deposits about the slyly final pinto beans could
144,hot midnight orchid dim steel,SMALL ANODIZED TIN,SM BOX,17476,MAIL,TAKE BACK RETURN,39.00,40721.46,0.01,1996-05-29,1-URGENT,116707.45,Customer#000000268,MACHINERY,6821.01,CANADA,AMERICA,8,INDIA,2,uriously unusual deposits about the slyly final pinto beans could
867,snow spring black white burnished,PROMO POLISHED NICKEL,LG BOX,14944,AIR,TAKE BACK RETURN,21.00,37125.06,0.05,1997-10-14,2-HIGH,129269.44,Customer#000000268,MACHINERY,6821.01,CANADA,AMERICA,8,INDIA,2,uriously unusual deposits about the slyly final pinto beans could
958,turquoise sandy drab dodger cyan,LARGE PLATED NICKEL,LG BOX,22306,MAIL,DELIVER IN PERSON,13.00,24166.35,0.09,1996-08-16,4-NOT SPECIFIED,131060.76,Customer#000000229,BUILDING,7568.07,ARGENTINA,AMERICA,8,INDIA,2,uriously unusual deposits about the slyly final pinto beans could
874,drab slate hot black khaki,MEDIUM PLATED TIN,MED BOX,17668,REG AIR,TAKE BACK RETURN,43.00,76319.41,0.01,1994-11-26,3-MEDIUM,356016.33,Customer#000000005,HOUSEHOLD,794.47,CANADA,AMERICA,8,INDIA,2,uriously unusual deposits about the slyly final pinto beans could
30,cream misty steel spring medium,PROMO ANODIZED TIN,LG BOX,10375,TRUCK,TAKE BACK RETURN,23.00,21390.69,0.06,1997-01-08,2-HIGH,60612.14,Customer#000000407,MACHINERY,9537.08,ARGENTINA,AMERICA,8,INDIA,2,uriously unusual deposits about the slyly final pinto beans could
81,misty sandy cornsilk dodger blush,ECONOMY BRUSHED TIN,MED BAG,21606,TRUCK,TAKE BACK RETURN,29.00,28451.32,0.10,1995-01-23,4-NOT SPECIFIED,154080.01,Customer#000000343,HOUSEHOLD,5521.36,CANADA,AMERICA,8,INDIA,2,uriously unusual deposits about the slyly final pinto beans could
144,hot midnight orchid dim steel,SMALL ANODIZED TIN,SM BOX,21222,TRUCK,DELIVER IN PERSON,34.00,35500.76,0.05,1994-02-04,4-NOT SPECIFIED,222826.57,Customer#000000407,MACHINERY,9537.08,ARGENTINA,AMERICA,8,INDIA,2,uriously unusual deposits about the slyly final pinto beans could
395,drab steel royal medium chartreuse,MEDIUM BURNISHED BRASS,LG BOX,16610,MAIL,TAKE BACK RETURN,42.00,54406.38,0.00,1994-10-11,2-HIGH,181988.84,Customer#000000017,AUTOMOBILE,6.34,BRAZIL,AMERICA,8,INDIA,2,uriously unusual deposits about the slyly final pinto beans could
107,violet honeydew bisque sienna orchid,SMALL BURNISHED TIN,MED BOX,5090,TRUCK,TAKE BACK RETURN,22.00,22156.20,0.07,1997-03-09,1-URGENT,171523.81,Customer#000000442,FURNITURE,4157.00,ARGENTINA,AMERICA,8,INDIA,2,uriously unusual deposits about the slyly final pinto beans could
826,ghost rosy beige salmon lemon,ECONOMY PLATED TIN,SM CASE,12868,MAIL,DELIVER IN PERSON,45.00,77706.90,0.06,1995-03-02,1-URGENT,212378.63,Customer#000000521,MACHINERY,5830.69,BRAZIL,AMERICA,8,INDIA,2,uriously unusual deposits about the slyly final pinto beans could
821,smoke drab rose hot spring,PROMO POLISHED TIN,MED BOX,10049,MAIL,DELIVER IN PERSON,30.00,51654.60,0.09,1997-07-23,1-URGENT,167455.41,Customer#000000343,HOUSEHOLD,5521.36,CANADA,AMERICA,8,INDIA,2,uriously unusual deposits about the slyly final pinto beans could
17,indian navy coral pink deep,ECONOMY BRUSHED STEEL,LG BOX,28739,AIR,DELIVER IN PERSON,45.00,41265.45,0.07,1996-09-10,2-HIGH,154154.14,Customer#000000728,BUILDING,4349.73,UNITED STATES,AMERICA,8,INDIA,2,uriously unusual deposits about the slyly final pinto beans could
450,sky lace green pale lime,MEDIUM BURNISHED TIN,SM CASE,20198,TRUCK,TAKE BACK RETURN,13.00,17555.85,0.02,1995-06-11,4-NOT SPECIFIED,144541.14,Customer#000000478,BUILDING,-210.40,ARGENTINA,AMERICA,8,INDIA,2,uriously unusual deposits about the slyly final pinto beans could
758,yellow orchid dim cyan burlywood,ECONOMY ANODIZED TIN,MED BOX,6210,AIR,TAKE BACK RETURN,23.00,38151.25,0.06,1996-11-06,5-LOW,232343.67,Customer#000000343,HOUSEHOLD,5521.36,CANADA,AMERICA,8,INDIA,2,uriously unusual deposits about the slyly final pinto beans could
81,misty sandy cornsilk dodger blush,ECONOMY BRUSHED TIN,MED BAG,13154,MAIL,TAKE BACK RETURN,42.00,41205.36,0.09,1997-10-22,5-LOW,262523.82,Customer#000000260,MACHINERY,9196.11,ARGENTINA,AMERICA,8,INDIA,2,uriously unusual deposits about the slyly final pinto beans could
507,red misty salmon ivory khaki,SMALL ANODIZED BRASS,SM CASE,29152,TRUCK,TAKE BACK RETURN,24.00,33780.00,0.06,1995-07-24,5-LOW,201223.31,Customer#000000346,FURNITURE,238.14,BRAZIL,AMERICA,8,INDIA,2,uriously unusual deposits about the slyly final pinto beans could
758,yellow orchid dim cyan burlywood,ECONOMY ANODIZED TIN,MED BOX,29638,AIR,DELIVER IN PERSON,12.00,19905.00,0.06,1995-10-25,3-MEDIUM,113545.13,Customer#000000505,HOUSEHOLD,6557.51,BRAZIL,AMERICA,8,INDIA,2,uriously unusual deposits about the slyly final pinto beans could
395,drab steel royal medium chartreuse,MEDIUM BURNISHED BRASS,LG BOX,23169,AIR,TAKE BACK RETURN,39.00,50520.21,0.04,1995-06-24,1-URGENT,227411.29,Customer#000000265,MACHINERY,8275.80,PERU,AMERICA,8,INDIA,2,uriously unusual deposits about the slyly final pinto beans could
558,blanched seashell navy black dim,STANDARD PLATED BRASS,MED BOX,23142,TRUCK,DELIVER IN PERSON,24.00,35005.20,0.06,1996-05-27,3-MEDIUM,142727.51,Customer#000000011,BUILDING,-272.60,UNITED KINGDOM,EUROPE,8,INDIA,2,uriously unusual deposits about the slyly final pinto beans could
450,sky lace green pale lime,MEDIUM BURNISHED TIN,SM CASE,29958,TRUCK,DELIVER IN PERSON,28.00,37812.60,0.10,1995-01-07,2-HIGH,143790.75,Customer#000000514,BUILDING,5840.97,UNITED KINGDOM,EUROPE,8,INDIA,2,uriously unusual deposits about the slyly final pinto beans could
130,gainsboro powder cyan pale rosy,SMALL PLATED NICKEL,LG BOX,577,AIR,TAKE BACK RETURN,25.00,25753.25,0.06,1994-12-19,5-LOW,40599.44,Customer#000000277,BUILDING,8876.10,UNITED KINGDOM,EUROPE,8,INDIA,2,uriously unusual deposits about the slyly final pinto beans could
130,gainsboro powder cyan pale rosy,SMALL PLATED NICKEL,LG BOX,4646,MAIL,DELIVER IN PERSON,22.00,22662.86,0.01,1996-06-18,1-URGENT,170926.97,Customer#000000413,FURNITURE,5817.90,FRANCE,EUROPE,8,INDIA,2,uriously unusual deposits about the slyly final pinto beans could
932,cornflower sky powder cyan linen,SMALL ANODIZED COPPER,LG BOX,25568,MAIL,TAKE BACK RETURN,26.00,47656.18,0.08,1996-10-31,1-URGENT,171287.92,Customer#000000514,BUILDING,5840.97,UNITED KINGDOM,EUROPE,8,INDIA,2,uriously unusual deposits about the slyly final pinto beans could
826,ghost rosy beige salmon lemon,ECONOMY PLATED TIN,SM CASE,14531,MAIL,TAKE BACK RETURN,45.00,77706.90,0.06,1997-06-11,2-HIGH,203176.76,Customer#000000667,AUTOMOBILE,3288.76,FRANCE,EUROPE,8,INDIA,2,uriously unusual deposits about the slyly final pinto beans could
895,thistle azure magenta mint burnished,MEDIUM BRUSHED STEEL,SM BOX,19363,AIR,TAKE BACK RETURN,35.00,62856.15,0.07,1995-07-06,2-HIGH,280738.15,Customer#000000172,MACHINERY,1134.40,RUSSIA,EUROPE,8,INDIA,2,uriously unusual deposits about the slyly final pinto beans could
826,ghost rosy beige salmon lemon,ECONOMY PLATED TIN,SM CASE,24674,MAIL,DELIVER IN PERSON,14.00,24175.48,0.06,1996-05-15,2-HIGH,148334.99,Customer#000000046,AUTOMOBILE,5744.59,FRANCE,EUROPE,8,INDIA,2,uriously unusual deposits about the slyly final pinto beans could
821,smoke drab rose hot spring,PROMO POLISHED TIN,MED BOX,23621,REG AIR,DELIVER IN PERSON,28.00,48210.96,0.03,1996-12-29,3-MEDIUM,214948.72,Customer#000000394,MACHINERY,5200.96,UNITED KINGDOM,EUROPE,8,INDIA,2,uriously unusual deposits about the slyly final pinto beans could
895,thistle azure magenta mint burnished,MEDIUM BRUSHED STEEL,SM BOX,10244,REG AIR,TAKE BACK RETURN,28.00,50284.92,0.01,1996-04-04,3-MEDIUM,140180.15,Customer#000000149,AUTOMOBILE,8959.65,ROMANIA,EUROPE,8,INDIA,2,uriously unusual deposits about the slyly final pinto beans could
17,indian navy coral pink deep,ECONOMY BRUSHED STEEL,LG BOX,29316,REG AIR,DELIVER IN PERSON,11.00,10087.11,0.02,1997-05-03,5-LOW,117532.18,Customer#000000683,MACHINERY,9120.93,FRANCE,EUROPE,8,INDIA,2,uriously unusual deposits about the slyly final pinto beans could
932,cornflower sky powder cyan linen,SMALL ANODIZED COPPER,LG BOX,18564,AIR,TAKE BACK RETURN,39.00,71484.27,0.01,1996-03-18,2-HIGH,173754.81,Customer#000000112,FURNITURE,2953.35,ROMANIA,EUROPE,8,INDIA,2,uriously unusual deposits about the slyly final pinto beans could
395,drab steel royal medium chartreuse,MEDIUM BURNISHED BRASS,LG BOX,14150,MAIL,DELIVER IN PERSON,38.00,49224.82,0.02,1994-02-09,2-HIGH,186818.41,Customer#000000046,AUTOMOBILE,5744.59,FRANCE,EUROPE,8,INDIA,2,uriously unusual deposits about the slyly final pinto beans could
867,snow spring black white burnished,PROMO POLISHED NICKEL,LG BOX,17026,AIR,DELIVER IN PERSON,42.00,74250.12,0.00,1996-06-10,3-MEDIUM,270903.98,Customer#000000202,AUTOMOBILE,2237.64,GERMANY,EUROPE,8,INDIA,2,uriously unusual deposits about the slyly final pinto beans could
874,drab slate hot black khaki,MEDIUM PLATED TIN,MED BOX,8165,MAIL,DELIVER IN PERSON,17.00,30172.79,0.10,1994-10-16,5-LOW,251613.69,Customer#000000112,FURNITURE,2953.35,ROMANIA,EUROPE,8,INDIA,2,uriously unusual deposits about the slyly final pinto beans could
395,drab steel royal medium chartreuse,MEDIUM BURNISHED BRASS,LG BOX,3234,TRUCK,DELIVER IN PERSON,45.00,58292.55,0.01,1996-04-05,4-NOT SPECIFIED,207014.44,Customer#000000070,FURNITURE,4867.52,RUSSIA,EUROPE,8,INDIA,2,uriously unusual deposits about the slyly final pinto beans could
450,sky lace green pale lime,MEDIUM BURNISHED TIN,SM CASE,10694,REG AIR,TAKE BACK RETURN,15.00,20256.75,0.07,1997-12-05,2-HIGH,196213.05,Customer#000000712,BUILDING,8667.09,FRANCE,EUROPE,8,INDIA,2,uriously unusual deposits about the slyly final pinto beans could
895,thistle azure magenta mint burnished,MEDIUM BRUSHED STEEL,SM BOX,11616,REG AIR,TAKE BACK RETURN,34.00,61060.26,0.03,1996-08-02,2-HIGH,265398.53,Customer#000000202,AUTOMOBILE,2237.64,GERMANY,EUROPE,8,INDIA,2,uriously unusual deposits about the slyly final pinto beans could
392,medium plum powder blush yellow,MEDIUM BRUSHED COPPER,SM BOX,14754,TRUCK,DELIVER IN PERSON,36.00,46526.04,0.10,1996-06-23,3-MEDIUM,99648.70,Customer#000000043,MACHINERY,9904.28,ROMANIA,EUROPE,8,INDIA,2,uriously unusual deposits about the slyly final pinto beans could
17,indian navy coral pink deep,ECONOMY BRUSHED STEEL,LG BOX,17478,TRUCK,DELIVER IN PERSON,15.00,13755.15,0.08,1996-11-24,3-MEDIUM,125381.06,Customer#000000118,AUTOMOBILE,3582.37,CHINA,ASIA,9,INDONESIA,2,"d deposits sleep quickly according to the dogged, regular dolphins. special excuses haggle furiously special reque"
107,violet honeydew bisque sienna orchid,SMALL BURNISHED TIN,MED BOX,10145,REG AIR,DELIVER IN PERSON,37.00,37262.70,0.10,1995-05-25,5-LOW,314527.26,Customer#000000323,AUTOMOBILE,1137.67,CHINA,ASIA,9,INDONESIA,2,"d deposits sleep quickly according to the dogged, regular dolphins. special excuses haggle furiously special reque"
572,navy plum lime goldenrod saddle,LARGE BURNISHED COPPER,SM BOX,2657,MAIL,TAKE BACK RETURN,22.00,32396.54,0.02,1995-10-17,2-HIGH,215489.74,Customer#000000124,AUTOMOBILE,1842.49,CHINA,ASIA,9,INDONESIA,2,"d deposits sleep quickly according to the dogged, regular dolphins. special excuses haggle furiously special reque"
932,cornflower sky powder cyan linen,SMALL ANODIZED COPPER,LG BOX,5600,MAIL,TAKE BACK RETURN,34.00,62319.62,0.02,1997-02-08,4-NOT SPECIFIED,79054.82,Customer#000000472,MACHINERY,7929.90,JAPAN,ASIA,9,INDONESIA,2,"d deposits sleep quickly according to the dogged, regular dolphins. special excuses haggle furiously special reque"
81,misty sandy cornsilk dodger blush,ECONOMY BRUSHED TIN,MED BAG,27296,REG AIR,DELIVER IN PERSON,26.00,25508.08,0.00,1997-08-30,4-NOT SPECIFIED,217953.54,Customer#000000341,FURNITURE,8247.11,INDONESIA,ASIA,9,INDONESIA,2,"d deposits sleep quickly according to the dogged, regular dolphins. special excuses haggle furiously special reque"
946,medium drab rosy spring salmon,MEDIUM PLATED TIN,LG BOX,4481,AIR,TAKE BACK RETURN,27.00,49867.38,0.02,1996-03-30,5-LOW,103321.16,Customer#000000734,AUTOMOBILE,9750.71,CHINA,ASIA,9,INDONESIA,2,"d deposits sleep quickly according to the dogged, regular dolphins. special excuses haggle furiously special reque"
758,yellow orchid dim cyan burlywood,ECONOMY ANODIZED TIN,MED BOX,15875,MAIL,DELIVER IN PERSON,21.00,34833.75,0.03,1996-09-01,3-MEDIUM,179557.05,Customer#000000406,FURNITURE,4286.94,INDONESIA,ASIA,9,INDONESIA,2,"d deposits sleep quickly according to the dogged, regular dolphins. special excuses haggle furiously special reque"
107,violet honeydew bisque sienna orchid,SMALL BURNISHED TIN,MED BOX,8451,AIR,TAKE BACK RETURN,19.00,19134.90,0.04,1995-12-14,3-MEDIUM,53487.23,Customer#000000163,FURNITURE,2948.61,VIETNAM,ASIA,9,INDONESIA,2,"d deposits sleep quickly according to the dogged, regular dolphins. special excuses haggle furiously special reque"
895,thistle azure magenta mint burnished,MEDIUM BRUSHED STEEL,SM BOX,2182,TRUCK,TAKE BACK RETURN,37.00,66447.93,0.06,1994-04-05,2-HIGH,171704.77,Customer#000000113,BUILDING,2912.00,JAPAN,ASIA,9,INDONESIA,2,"d deposits sleep quickly according to the dogged, regular dolphins. special excuses haggle furiously special reque"
144,hot midnight orchid dim steel,SMALL ANODIZED TIN,SM BOX,2791,AIR,DELIVER IN PERSON,26.00,27147.64,0.06,1994-10-10,2-HIGH,214697.04,Customer#000000604,HOUSEHOLD,3195.96,VIETNAM,ASIA,9,INDONESIA,2,"d deposits sleep quickly according to the dogged, regular dolphins. special excuses haggle furiously special reque"
895,thistle azure magenta mint burnished,MEDIUM BRUSHED STEEL,SM BOX,4642,MAIL,DELIVER IN PERSON,41.00,73631.49,0.10,1995-02-27,1-URGENT,185628.40,Customer#000000737,AUTOMOBILE,2501.74,CHINA,ASIA,9,INDONESIA,2,"d deposits sleep quickly according to the dogged, regular dolphins. special excuses haggle furiously special reque"
895,thistle azure magenta mint burnished,MEDIUM BRUSHED STEEL,SM BOX,13059,AIR,DELIVER IN PERSON,35.00,62856.15,0.05,1997-05-31,5-LOW,232548.03,Customer#000000068,HOUSEHOLD,6853.37,JAPAN,ASIA,9,INDONESIA,2,"d deposits sleep quickly according to the dogged, regular dolphins. special excuses haggle furiously special reque"
821,smoke drab rose hot spring,PROMO POLISHED TIN,MED BOX,11652,REG AIR,TAKE BACK RETURN,10.00,17218.20,0.07,1995-11-11,4-NOT SPECIFIED,221817.66,Customer#000000721,AUTOMOBILE,3420.64,VIETNAM,ASIA,9,INDONESIA,2,"d deposits sleep quickly according to the dogged, regular dolphins. special excuses haggle furiously special reque"
826,ghost rosy beige salmon lemon,ECONOMY PLATED TIN,SM CASE,28161,MAIL,DELIVER IN PERSON,33.00,56985.06,0.09,1994-06-16,4-NOT SPECIFIED,281929.48,Customer#000000316,MACHINERY,4571.78,INDIA,ASIA,9,INDONESIA,2,"d deposits sleep quickly according to the dogged, regular dolphins. special excuses haggle furiously special reque"
450,sky lace green pale lime,MEDIUM BURNISHED TIN,SM CASE,24705,AIR,DELIVER IN PERSON,42.00,56718.90,0.09,1995-09-16,1-URGENT,114109.64,Customer#000000268,MACHINERY,6821.01,CANADA,AMERICA,9,INDONESIA,2,"d deposits sleep quickly according to the dogged, regular dolphins. special excuses haggle furiously special reque"
144,hot midnight orchid dim steel,SMALL ANODIZED TIN,SM BOX,17476,MAIL,TAKE BACK RETURN,39.00,40721.46,0.01,1996-05-29,1-URGENT,116707.45,Customer#000000268,MACHINERY,6821.01,CANADA,AMERICA,9,INDONESIA,2,"d deposits sleep quickly according to the dogged, regular dolphins. special excuses haggle furiously special reque"
867,snow spring black white burnished,PROMO POLISHED NICKEL,LG BOX,14944,AIR,TAKE BACK RETURN,21.00,37125.06,0.05,1997-10-14,2-HIGH,129269.44,Customer#000000268,MACHINERY,6821.01,CANADA,AMERICA,9,INDONESIA,2,"d deposits sleep quickly according to the dogged, regular dolphins. special excuses haggle furiously special reque"
958,turquoise sandy drab dodger cyan,LARGE PLATED NICKEL,LG BOX,22306,MAIL,DELIVER IN PERSON,13.00,24166.35,0.09,1996-08-16,4-NOT SPECIFIED,131060.76,Customer#000000229,BUILDING,7568.07,ARGENTINA,AMERICA,9,INDONESIA,2,"d deposits sleep quickly according to the dogged, regular dolphins. special excuses haggle furiously special reque"
874,drab slate hot black khaki,MEDIUM PLATED TIN,MED BOX,17668,REG AIR,TAKE BACK RETURN,43.00,76319.41,0.01,1994-11-26,3-MEDIUM,356016.33,Customer#000000005,HOUSEHOLD,794.47,CANADA,AMERICA,9,INDONESIA,2,"d deposits sleep quickly according to the dogged, regular dolphins. special excuses haggle furiously special reque"
30,cream misty steel spring medium,PROMO ANODIZED TIN,LG BOX,10375,TRUCK,TAKE BACK RETURN,23.00,21390.69,0.06,1997-01-08,2-HIGH,60612.14,Customer#000000407,MACHINERY,9537.08,ARGENTINA,AMERICA,9,INDONESIA,2,"d deposits sleep quickly according to the dogged, regular dolphins. special excuses haggle furiously special reque"
81,misty sandy cornsilk dodger blush,ECONOMY BRUSHED TIN,MED BAG,21606,TRUCK,TAKE BACK RETURN,29.00,28451.32,0.10,1995-01-23,4-NOT SPECIFIED,154080.01,Customer#000000343,HOUSEHOLD,5521.36,CANADA,AMERICA,9,INDONESIA,2,"d deposits sleep quickly according to the dogged, regular dolphins. special excuses haggle furiously special reque"
144,hot midnight orchid dim steel,SMALL ANODIZED TIN,SM BOX,21222,TRUCK,DELIVER IN PERSON,34.00,35500.76,0.05,1994-02-04,4-NOT SPECIFIED,222826.57,Customer#000000407,MACHINERY,9537.08,ARGENTINA,AMERICA,9,INDONESIA,2,"d deposits sleep quickly according to the dogged, regular dolphins. special excuses haggle furiously special reque"
395,drab steel royal medium chartreuse,MEDIUM BURNISHED BRASS,LG BOX,16610,MAIL,TAKE BACK RETURN,42.00,54406.38,0.00,1994-10-11,2-HIGH,181988.84,Customer#000000017,AUTOMOBILE,6.34,BRAZIL,AMERICA,9,INDONESIA,2,"d deposits sleep quickly according to the dogged, regular dolphins. special excuses haggle furiously special reque"
107,violet honeydew bisque sienna orchid,SMALL BURNISHED TIN,MED BOX,5090,TRUCK,TAKE BACK RETURN,22.00,22156.20,0.07,1997-03-09,1-URGENT,171523.81,Customer#000000442,FURNITURE,4157.00,ARGENTINA,AMERICA,9,INDONESIA,2,"d deposits sleep quickly according to the dogged, regular dolphins. special excuses haggle furiously special reque"
826,ghost rosy beige salmon lemon,ECONOMY PLATED TIN,SM CASE,12868,MAIL,DELIVER IN PERSON,45.00,77706.90,0.06,1995-03-02,1-URGENT,212378.63,Customer#000000521,MACHINERY,5830.69,BRAZIL,AMERICA,9,INDONESIA,2,"d deposits sleep quickly according to the dogged, regular dolphins. special excuses haggle furiously special reque"
821,smoke drab rose hot spring,PROMO POLISHED TIN,MED BOX,10049,MAIL,DELIVER IN PERSON,30.00,51654.60,0.09,1997-07-23,1-URGENT,167455.41,Customer#000000343,HOUSEHOLD,5521.36,CANADA,AMERICA,9,INDONESIA,2,"d deposits sleep quickly according to the dogged, regular dolphins. special excuses haggle furiously special reque"
17,indian navy coral pink deep,ECONOMY BRUSHED STEEL,LG BOX,28739,AIR,DELIVER IN PERSON,45.00,41265.45,0.07,1996-09-10,2-HIGH,154154.14,Customer#000000728,BUILDING,4349.73,UNITED STATES,AMERICA,9,INDONESIA,2,"d deposits sleep quickly according to the dogged, regular dolphins. special excuses haggle furiously special reque"
450,sky lace green pale lime,MEDIUM BURNISHED TIN,SM CASE,20198,TRUCK,TAKE BACK RETURN,13.00,17555.85,0.02,1995-06-11,4-NOT SPECIFIED,144541.14,Customer#000000478,BUILDING,-210.40,ARGENTINA,AMERICA,9,INDONESIA,2,"d deposits sleep quickly according to the dogged, regular dolphins. special excuses haggle furiously special reque"
758,yellow orchid dim cyan burlywood,ECONOMY ANODIZED TIN,MED BOX,6210,AIR,TAKE BACK RETURN,23.00,38151.25,0.06,1996-11-06,5-LOW,232343.67,Customer#000000343,HOUSEHOLD,5521.36,CANADA,AMERICA,9,INDONESIA,2,"d deposits sleep quickly according to the dogged, regular dolphins. special excuses haggle furiously special reque"
81,misty sandy cornsilk dodger blush,ECONOMY BRUSHED TIN,MED BAG,13154,MAIL,TAKE BACK RETURN,42.00,41205.36,0.09,1997-10-22,5-LOW,262523.82,Customer#000000260,MACHINERY,9196.11,ARGENTINA,AMERICA,9,INDONESIA,2,"d deposits sleep quickly according to the dogged, regular dolphins. special excuses haggle furiously special reque"
507,red misty salmon ivory khaki,SMALL ANODIZED BRASS,SM CASE,29152,TRUCK,TAKE BACK RETURN,24.00,33780.00,0.06,1995-07-24,5-LOW,201223.31,Customer#000000346,FURNITURE,238.14,BRAZIL,AMERICA,9,INDONESIA,2,"d deposits sleep quickly according to the dogged, regular dolphins. special excuses haggle furiously special reque"
758,yellow orchid dim cyan burlywood,ECONOMY ANODIZED TIN,MED BOX,29638,AIR,DELIVER IN PERSON,12.00,19905.00,0.06,1995-10-25,3-MEDIUM,113545.13,Customer#000000505,HOUSEHOLD,6557.51,BRAZIL,AMERICA,9,INDONESIA,2,"d deposits sleep quickly according to the dogged, regular dolphins. special excuses haggle furiously special reque"
395,drab steel royal medium chartreuse,MEDIUM BURNISHED BRASS,LG BOX,23169,AIR,TAKE BACK RETURN,39.00,50520.21,0.04,1995-06-24,1-URGENT,227411.29,Customer#000000265,MACHINERY,8275.80,PERU,AMERICA,9,INDONESIA,2,"d deposits sleep quickly according to the dogged, regular dolphins. special excuses haggle furiously special reque"
558,blanched seashell navy black dim,STANDARD PLATED BRASS,MED BOX,23142,TRUCK,DELIVER IN PERSON,24.00,35005.20,0.06,1996-05-27,3-MEDIUM,142727.51,Customer#000000011,BUILDING,-272.60,UNITED KINGDOM,EUROPE,9,INDONESIA,2,"d deposits sleep quickly according to the dogged, regular dolphins. special excuses haggle furiously special reque"
450,sky lace green pale lime,MEDIUM BURNISHED TIN,SM CASE,29958,TRUCK,DELIVER IN PERSON,28.00,37812.60,0.10,1995-01-07,2-HIGH,143790.75,Customer#000000514,BUILDING,5840.97,UNITED KINGDOM,EUROPE,9,INDONESIA,2,"d deposits sleep quickly according to the dogged, regular dolphins. special excuses haggle furiously special reque"
130,gainsboro powder cyan pale rosy,SMALL PLATED NICKEL,LG BOX,577,AIR,TAKE BACK RETURN,25.00,25753.25,0.06,1994-12-19,5-LOW,40599.44,Customer#000000277,BUILDING,8876.10,UNITED KINGDOM,EUROPE,9,INDONESIA,2,"d deposits sleep quickly according to the dogged, regular dolphins. special excuses haggle furiously special reque"
130,gainsboro powder cyan pale rosy,SMALL PLATED NICKEL,LG BOX,4646,MAIL,DELIVER IN PERSON,22.00,22662.86,0.01,1996-06-18,1-URGENT,170926.97,Customer#000000413,FURNITURE,5817.90,FRANCE,EUROPE,9,INDONESIA,2,"d deposits sleep quickly according to the dogged, regular dolphins. special excuses haggle furiously special reque"
932,cornflower sky powder cyan linen,SMALL ANODIZED COPPER,LG BOX,25568,MAIL,TAKE BACK RETURN,26.00,47656.18,0.08,1996-10-31,1-URGENT,171287.92,Customer#000000514,BUILDING,5840.97,UNITED KINGDOM,EUROPE,9,INDONESIA,2,"d deposits sleep quickly according to the dogged, regular dolphins. special excuses haggle furiously special reque"
826,ghost rosy beige salmon lemon,ECONOMY PLATED TIN,SM CASE,14531,MAIL,TAKE BACK RETURN,45.00,77706.90,0.06,1997-06-11,2-HIGH,203176.76,Customer#000000667,AUTOMOBILE,3288.76,FRANCE,EUROPE,9,INDONESIA,2,"d deposits sleep quickly according to the dogged, regular dolphins. special excuses haggle furiously special reque"
895,thistle azure magenta mint burnished,MEDIUM BRUSHED STEEL,SM BOX,19363,AIR,TAKE BACK RETURN,35.00,62856.15,0.07,1995-07-06,2-HIGH,280738.15,Customer#000000172,MACHINERY,1134.40,RUSSIA,EUROPE,9,INDONESIA,2,"d deposits sleep quickly according to the dogged, regular dolphins. special excuses haggle furiously special reque"
826,ghost rosy beige salmon lemon,ECONOMY PLATED TIN,SM CASE,24674,MAIL,DELIVER IN PERSON,14.00,24175.48,0.06,1996-05-15,2-HIGH,148334.99,Customer#000000046,AUTOMOBILE,5744.59,FRANCE,EUROPE,9,INDONESIA,2,"d deposits sleep quickly according to the dogged, regular dolphins. special excuses haggle furiously special reque"
821,smoke drab rose hot spring,PROMO POLISHED TIN,MED BOX,23621,REG AIR,DELIVER IN PERSON,28.00,48210.96,0.03,1996-12-29,3-MEDIUM,214948.72,Customer#000000394,MACHINERY,5200.96,UNITED KINGDOM,EUROPE,9,INDONESIA,2,"d deposits sleep quickly according to the dogged, regular dolphins. special excuses haggle furiously special reque"
895,thistle azure magenta mint burnished,MEDIUM BRUSHED STEEL,SM BOX,10244,REG AIR,TAKE BACK RETURN,28.00,50284.92,0.01,1996-04-04,3-MEDIUM,140180.15,Customer#000000149,AUTOMOBILE,8959.65,ROMANIA,EUROPE,9,INDONESIA,2,"d deposits sleep quickly according to the dogged, regular dolphins. special excuses haggle furiously special reque"
17,indian navy coral pink deep,ECONOMY BRUSHED STEEL,LG BOX,29316,REG AIR,DELIVER IN PERSON,11.00,10087.11,0.02,1997-05-03,5-LOW,117532.18,Customer#000000683,MACHINERY,9120.93,FRANCE,EUROPE,9,INDONESIA,2,"d deposits sleep quickly according to the dogged, regular dolphins. special excuses haggle furiously special reque"
932,cornflower sky powder cyan linen,SMALL ANODIZED COPPER,LG BOX,18564,AIR,TAKE BACK RETURN,39.00,71484.27,0.01,1996-03-18,2-HIGH,173754.81,Customer#000000112,FURNITURE,2953.35,ROMANIA,EUROPE,9,INDONESIA,2,"d deposits sleep quickly according to the dogged, regular dolphins. special excuses haggle furiously special reque"
395,drab steel royal medium chartreuse,MEDIUM BURNISHED BRASS,LG BOX,14150,MAIL,DELIVER IN PERSON,38.00,49224.82,0.02,1994-02-09,2-HIGH,186818.41,Customer#000000046,AUTOMOBILE,5744.59,FRANCE,EUROPE,9,INDONESIA,2,"d deposits sleep quickly according to the dogged, regular dolphins. special excuses haggle furiously special reque"
867,snow spring black white burnished,PROMO POLISHED NICKEL,LG BOX,17026,AIR,DELIVER IN PERSON,42.00,74250.12,0.00,1996-06-10,3-MEDIUM,270903.98,Customer#000000202,AUTOMOBILE,2237.64,GERMANY,EUROPE,9,INDONESIA,2,"d deposits sleep quickly according to the dogged, regular dolphins. special excuses haggle furiously special reque"
874,drab slate hot black khaki,MEDIUM PLATED TIN,MED BOX,8165,MAIL,DELIVER IN PERSON,17.00,30172.79,0.10,1994-10-16,5-LOW,251613.69,Customer#000000112,FURNITURE,2953.35,ROMANIA,EUROPE,9,INDONESIA,2,"d deposits sleep quickly according to the dogged, regular dolphins. special excuses haggle furiously special reque"
395,drab steel royal medium chartreuse,MEDIUM BURNISHED BRASS,LG BOX,3234,TRUCK,DELIVER IN PERSON,45.00,58292.55,0.01,1996-04-05,4-NOT SPECIFIED,207014.44,Customer#000000070,FURNITURE,4867.52,RUSSIA,EUROPE,9,INDONESIA,2,"d deposits sleep quickly according to the dogged, regular dolphins. special excuses haggle furiously special reque"
450,sky lace green pale lime,MEDIUM BURNISHED TIN,SM CASE,10694,REG AIR,TAKE BACK RETURN,15.00,20256.75,0.07,1997-12-05,2-HIGH,196213.05,Customer#000000712,BUILDING,8667.09,FRANCE,EUROPE,9,INDONESIA,2,"d deposits sleep quickly according to the dogged, regular dolphins. special excuses haggle furiously special reque"
895,thistle azure magenta mint burnished,MEDIUM BRUSHED STEEL,SM BOX,11616,REG AIR,TAKE BACK RETURN,34.00,61060.26,0.03,1996-08-02,2-HIGH,265398.53,Customer#000000202,AUTOMOBILE,2237.64,GERMANY,EUROPE,9,INDONESIA,2,"d deposits sleep quickly according to the dogged, regular dolphins. special excuses haggle furiously special reque"
392,medium plum powder blush yellow,MEDIUM BRUSHED COPPER,SM BOX,14754,TRUCK,DELIVER IN PERSON,36.00,46526.04,0.10,1996-06-23,3-MEDIUM,99648.70,Customer#000000043,MACHINERY,9904.28,ROMANIA,EUROPE,9,INDONESIA,2,"d deposits sleep quickly according to the dogged, regular dolphins. special excuses haggle furiously special reque"
17,indian navy coral pink deep,ECONOMY BRUSHED STEEL,LG BOX,17478,TRUCK,DELIVER IN PERSON,15.00,13755.15,0.08,1996-11-24,3-MEDIUM,125381.06,Customer#000000118,AUTOMOBILE,3582.37,CHINA,ASIA,10,IRAN,4,furiously idle platelets nag. express asymptotes s
107,violet honeydew bisque sienna orchid,SMALL BURNISHED TIN,MED BOX,10145,REG AIR,DELIVER IN PERSON,37.00,37262.70,0.10,1995-05-25,5-LOW,314527.26,Customer#000000323,AUTOMOBILE,1137.67,CHINA,ASIA,10,IRAN,4,furiously idle platelets nag. express asymptotes s
572,navy plum lime goldenrod saddle,LARGE BURNISHED COPPER,SM BOX,2657,MAIL,TAKE BACK RETURN,22.00,32396.54,0.02,1995-10-17,2-HIGH,215489.74,Customer#000000124,AUTOMOBILE,1842.49,CHINA,ASIA,10,IRAN,4,furiously idle platelets nag. express asymptotes s
932,cornflower sky powder cyan linen,SMALL ANODIZED COPPER,LG BOX,5600,MAIL,TAKE BACK RETURN,34.00,62319.62,0.02,1997-02-08,4-NOT SPECIFIED,79054.82,Customer#000000472,MACHINERY,7929.90,JAPAN,ASIA,10,IRAN,4,furiously idle platelets nag. express asymptotes s
81,misty sandy cornsilk dodger blush,ECONOMY BRUSHED TIN,MED BAG,27296,REG AIR,DELIVER IN PERSON,26.00,25508.08,0.00,1997-08-30,4-NOT SPECIFIED,217953.54,Customer#000000341,FURNITURE,8247.11,INDONESIA,ASIA,10,IRAN,4,furiously idle platelets nag. express asymptotes s
946,medium drab rosy spring salmon,MEDIUM PLATED TIN,LG BOX,4481,AIR,TAKE BACK RETURN,27.00,49867.38,0.02,1996-03-30,5-LOW,103321.16,Customer#000000734,AUTOMOBILE,9750.71,CHINA,ASIA,10,IRAN,4,furiously idle platelets nag. express asymptotes s
758,yellow orchid dim cyan burlywood,ECONOMY ANODIZED TIN,MED BOX,15875,MAIL,DELIVER IN PERSON,21.00,34833.75,0.03,1996-09-01,3-MEDIUM,179557.05,Customer#000000406,FURNITURE,4286.94,INDONESIA,ASIA,10,IRAN,4,furiously idle platelets nag. express asymptotes s
107,violet honeydew bisque sienna orchid,SMALL BURNISHED TIN,MED BOX,8451,AIR,TAKE BACK RETURN,19.00,19134.90,0.04,1995-12-14,3-MEDIUM,53487.23,Customer#000000163,FURNITURE,2948.61,VIETNAM,ASIA,10,IRAN,4,furiously idle platelets nag. express asymptotes s
895,thistle azure magenta mint burnished,MEDIUM BRUSHED STEEL,SM BOX,2182,TRUCK,TAKE BACK RETURN,37.00,66447.93,0.06,1994-04-05,2-HIGH,171704.77,Customer#000000113,BUILDING,2912.00,JAPAN,ASIA,10,IRAN,4,furiously idle platelets nag. express asymptotes s
144,hot midnight orchid dim steel,SMALL ANODIZED TIN,SM BOX,2791,AIR,DELIVER IN PERSON,26.00,27147.64,0.06,1994-10-10,2-HIGH,214697.04,Customer#000000604,HOUSEHOLD,3195.96,VIETNAM,ASIA,10,IRAN,4,furiously idle platelets nag. express asymptotes s
895,thistle azure magenta mint burnished,MEDIUM BRUSHED STEEL,SM BOX,4642,MAIL,DELIVER IN PERSON,41.00,73631.49,0.10,1995-02-27,1-URGENT,185628.40,Customer#000000737,AUTOMOBILE,2501.74,CHINA,ASIA,10,IRAN,4,furiously idle platelets nag. express asymptotes s
895,thistle azure magenta mint burnished,MEDIUM BRUSHED STEEL,SM BOX,13059,AIR,DELIVER IN PERSON,35.00,62856.15,0.05,1997-05-31,5-LOW,232548.03,Customer#000000068,HOUSEHOLD,6853.37,JAPAN,ASIA,10,IRAN,4,furiously idle platelets nag. express asymptotes s
821,smoke drab rose hot spring,PROMO POLISHED TIN,MED BOX,11652,REG AIR,TAKE BACK RETURN,10.00,17218.20,0.07,1995-11-11,4-NOT SPECIFIED,221817.66,Customer#000000721,AUTOMOBILE,3420.64,VIETNAM,ASIA,10,IRAN,4,furiously idle platelets nag. express asymptotes s
826,ghost rosy beige salmon lemon,ECONOMY PLATED TIN,SM CASE,28161,MAIL,DELIVER IN PERSON,33.00,56985.06,0.09,1994-06-16,4-NOT SPECIFIED,281929.48,Customer#000000316,MACHINERY,4571.78,INDIA,ASIA,10,IRAN,4,furiously idle platelets nag. express asymptotes s
450,sky lace green pale lime,MEDIUM BURNISHED TIN,SM CASE,24705,AIR,DELIVER IN PERSON,42.00,56718.90,0.09,1995-09-16,1-URGENT,114109.64,Customer#000000268,MACHINERY,6821.01,CANADA,AMERICA,10,IRAN,4,furiously idle platelets nag. express asymptotes s
144,hot midnight orchid dim steel,SMALL ANODIZED TIN,SM BOX,17476,MAIL,TAKE BACK RETURN,39.00,40721.46,0.01,1996-05-29,1-URGENT,116707.45,Customer#000000268,MACHINERY,6821.01,CANADA,AMERICA,10,IRAN,4,furiously idle platelets nag. express asymptotes s
867,snow spring black white burnished,PROMO POLISHED NICKEL,LG BOX,14944,AIR,TAKE BACK RETURN,21.00,37125.06,0.05,1997-10-14,2-HIGH,129269.44,Customer#000000268,MACHINERY,6821.01,CANADA,AMERICA,10,IRAN,4,furiously idle platelets nag. express asymptotes s
958,turquoise sandy drab dodger cyan,LARGE PLATED NICKEL,LG BOX,22306,MAIL,DELIVER IN PERSON,13.00,24166.35,0.09,1996-08-16,4-NOT SPECIFIED,131060.76,Customer#000000229,BUILDING,7568.07,ARGENTINA,AMERICA,10,IRAN,4,furiously idle platelets nag. express asymptotes s
874,drab slate hot black khaki,MEDIUM PLATED TIN,MED BOX,17668,REG AIR,TAKE BACK RETURN,43.00,76319.41,0.01,1994-11-26,3-MEDIUM,356016.33,Customer#000000005,HOUSEHOLD,794.47,CANADA,AMERICA,10,IRAN,4,furiously idle platelets nag. express asymptotes s
30,cream misty steel spring medium,PROMO ANODIZED TIN,LG BOX,10375,TRUCK,TAKE BACK RETURN,23.00,21390.69,0.06,1997-01-08,2-HIGH,60612.14,Customer#000000407,MACHINERY,9537.08,ARGENTINA,AMERICA,10,IRAN,4,furiously idle platelets nag. express asymptotes s
81,misty sandy cornsilk dodger blush,ECONOMY BRUSHED TIN,MED BAG,21606,TRUCK,TAKE BACK RETURN,29.00,28451.32,0.10,1995-01-23,4-NOT SPECIFIED,154080.01,Customer#000000343,HOUSEHOLD,5521.36,CANADA,AMERICA,10,IRAN,4,furiously idle platelets nag. express asymptotes s
144,hot midnight orchid dim steel,SMALL ANODIZED TIN,SM BOX,21222,TRUCK,DELIVER IN PERSON,34.00,35500.76,0.05,1994-02-04,4-NOT SPECIFIED,222826.57,Customer#000000407,MACHINERY,9537.08,ARGENTINA,AMERICA,10,IRAN,4,furiously idle platelets nag. express asymptotes s
395,drab steel royal medium chartreuse,MEDIUM BURNISHED BRASS,LG BOX,16610,MAIL,TAKE BACK RETURN,42.00,54406.38,0.00,1994-10-11,2-HIGH,181988.84,Customer#000000017,AUTOMOBILE,6.34,BRAZIL,AMERICA,10,IRAN,4,furiously idle platelets nag. express asymptotes s
107,violet honeydew bisque sienna orchid,SMALL BURNISHED TIN,MED BOX,5090,TRUCK,TAKE BACK RETURN,22.00,22156.20,0.07,1997-03-09,1-URGENT,171523.81,Customer#000000442,FURNITURE,4157.00,ARGENTINA,AMERICA,10,IRAN,4,furiously idle platelets nag. express asymptotes s
826,ghost rosy beige salmon lemon,ECONOMY PLATED TIN,SM CASE,12868,MAIL,DELIVER IN PERSON,45.00,77706.90,0.06,1995-03-02,1-URGENT,212378.63,Customer#000000521,MACHINERY,5830.69,BRAZIL,AMERICA,10,IRAN,4,furiously idle platelets nag. express asymptotes s
821,smoke drab rose hot spring,PROMO POLISHED TIN,MED BOX,10049,MAIL,DELIVER IN PERSON,30.00,51654.60,0.09,1997-07-23,1-URGENT,167455.41,Customer#000000343,HOUSEHOLD,5521.36,CANADA,AMERICA,10,IRAN,4,furiously idle platelets nag. express asymptotes s
17,indian navy coral pink deep,ECONOMY BRUSHED STEEL,LG BOX,28739,AIR,DELIVER IN PERSON,45.00,41265.45,0.07,1996-09-10,2-HIGH,154154.14,Customer#000000728,BUILDING,4349.73,UNITED STATES,AMERICA,10,IRAN,4,furiously idle platelets nag. express asymptotes s
450,sky lace green pale lime,MEDIUM BURNISHED TIN,SM CASE,20198,TRUCK,TAKE BACK RETURN,13.00,17555.85,0.02,1995-06-11,4-NOT SPECIFIED,144541.14,Customer#000000478,BUILDING,-210.40,ARGENTINA,AMERICA,10,IRAN,4,furiously idle platelets nag. express asymptotes s
758,yellow orchid dim cyan burlywood,ECONOMY ANODIZED TIN,MED BOX,6210,AIR,TAKE BACK RETURN,23.00,38151.25,0.06,1996-11-06,5-LOW,232343.67,Customer#000000343,HOUSEHOLD,5521.36,CANADA,AMERICA,10,IRAN,4,furiously idle platelets nag. express asymptotes s
81,misty sandy cornsilk dodger blush,ECONOMY BRUSHED TIN,MED BAG,13154,MAIL,TAKE BACK RETURN,42.00,41205.36,0.09,1997-10-22,5-LOW,262523.82,Customer#000000260,MACHINERY,9196.11,ARGENTINA,AMERICA,10,IRAN,4,furiously idle platelets nag. express asymptotes s
507,red misty salmon ivory khaki,SMALL ANODIZED BRASS,SM CASE,29152,TRUCK,TAKE BACK RETURN,24.00,33780.00,0.06,1995-07-24,5-LOW,201223.31,Customer#000000346,FURNITURE,238.14,BRAZIL,AMERICA,10,IRAN,4,furiously idle platelets nag. express asymptotes s
758,yellow orchid dim cyan burlywood,ECONOMY ANODIZED TIN,MED BOX,29638,AIR,DELIVER IN PERSON,12.00,19905.00,0.06,1995-10-25,3-MEDIUM,113545.13,Customer#000000505,HOUSEHOLD,6557.51,BRAZIL,AMERICA,10,IRAN,4,furiously idle platelets nag. express asymptotes s
395,drab steel royal medium chartreuse,MEDIUM BURNISHED BRASS,LG BOX,23169,AIR,TAKE BACK RETURN,39.00,50520.21,0.04,1995-06-24,1-URGENT,227411.29,Customer#000000265,MACHINERY,8275.80,PERU,AMERICA,10,IRAN,4,furiously idle platelets nag. express asymptotes s
558,blanched seashell navy black dim,STANDARD PLATED BRASS,MED BOX,23142,TRUCK,DELIVER IN PERSON,24.00,35005.20,0.06,1996-05-27,3-MEDIUM,142727.51,Customer#000000011,BUILDING,-272.60,UNITED KINGDOM,EUROPE,10,IRAN,4,furiously idle platelets nag. express asymptotes s
450,sky lace green pale lime,MEDIUM BURNISHED TIN,SM CASE,29958,TRUCK,DELIVER IN PERSON,28.00,37812.60,0.10,1995-01-07,2-HIGH,143790.75,Customer#000000514,BUILDING,5840.97,UNITED KINGDOM,EUROPE,10,IRAN,4,furiously idle platelets nag. express asymptotes s
130,gainsboro powder cyan pale rosy,SMALL PLATED NICKEL,LG BOX,577,AIR,TAKE BACK RETURN,25.00,25753.25,0.06,1994-12-19,5-LOW,40599.44,Customer#000000277,BUILDING,8876.10,UNITED KINGDOM,EUROPE,10,IRAN,4,furiously idle platelets nag. express asymptotes s
130,gainsboro powder cyan pale rosy,SMALL PLATED NICKEL,LG BOX,4646,MAIL,DELIVER IN PERSON,22.00,22662.86,0.01,1996-06-18,1-URGENT,170926.97,Customer#000000413,FURNITURE,5817.90,FRANCE,EUROPE,10,IRAN,4,furiously idle platelets nag. express asymptotes s
932,cornflower sky powder cyan linen,SMALL ANODIZED COPPER,LG BOX,25568,MAIL,TAKE BACK RETURN,26.00,47656.18,0.08,1996-10-31,1-URGENT,171287.92,Customer#000000514,BUILDING,5840.97,UNITED KINGDOM,EUROPE,10,IRAN,4,furiously idle platelets nag. express asymptotes s
826,ghost rosy beige salmon lemon,ECONOMY PLATED TIN,SM CASE,14531,MAIL,TAKE BACK RETURN,45.00,77706.90,0.06,1997-06-11,2-HIGH,203176.76,Customer#000000667,AUTOMOBILE,3288.76,FRANCE,EUROPE,10,IRAN,4,furiously idle platelets nag. express asymptotes s
895,thistle azure magenta mint burnished,MEDIUM BRUSHED STEEL,SM BOX,19363,AIR,TAKE BACK RETURN,35.00,62856.15,0.07,1995-07-06,2-HIGH,280738.15,Customer#000000172,MACHINERY,1134.40,RUSSIA,EUROPE,10,IRAN,4,furiously idle platelets nag. express asymptotes s
826,ghost rosy beige salmon lemon,ECONOMY PLATED TIN,SM CASE,24674,MAIL,DELIVER IN PERSON,14.00,24175.48,0.06,1996-05-15,2-HIGH,148334.99,Customer#000000046,AUTOMOBILE,5744.59,FRANCE,EUROPE,10,IRAN,4,furiously idle platelets nag. express asymptotes s
821,smoke drab rose hot spring,PROMO POLISHED TIN,MED BOX,23621,REG AIR,DELIVER IN PERSON,28.00,48210.96,0.03,1996-12-29,3-MEDIUM,214948.72,Customer#000000394,MACHINERY,5200.96,UNITED KINGDOM,EUROPE,10,IRAN,4,furiously idle platelets nag. express asymptotes s
895,thistle azure magenta mint burnished,MEDIUM BRUSHED STEEL,SM BOX,10244,REG AIR,TAKE BACK RETURN,28.00,50284.92,0.01,1996-04-04,3-MEDIUM,140180.15,Customer#000000149,AUTOMOBILE,8959.65,ROMANIA,EUROPE,10,IRAN,4,furiously idle platelets nag. express asymptotes s
17,indian navy coral pink deep,ECONOMY BRUSHED STEEL,LG BOX,29316,REG AIR,DELIVER IN PERSON,11.00,10087.11,0.02,1997-05-03,5-LOW,117532.18,Customer#000000683,MACHINERY,9120.93,FRANCE,EUROPE,10,IRAN,4,furiously idle platelets nag. express asymptotes s
932,cornflower sky powder cyan linen,SMALL ANODIZED COPPER,LG BOX,18564,AIR,TAKE BACK RETURN,39.00,71484.27,0.01,1996-03-18,2-HIGH,173754.81,Customer#000000112,FURNITURE,2953.35,ROMANIA,EUROPE,10,IRAN,4,furiously idle platelets nag. express asymptotes s
395,drab steel royal medium chartreuse,MEDIUM BURNISHED BRASS,LG BOX,14150,MAIL,DELIVER IN PERSON,38.00,49224.82,0.02,1994-02-09,2-HIGH,186818.41,Customer#000000046,AUTOMOBILE,5744.59,FRANCE,EUROPE,10,IRAN,4,furiously idle platelets nag. express asymptotes s
867,snow spring black white burnished,PROMO POLISHED NICKEL,LG BOX,17026,AIR,DELIVER IN PERSON,42.00,74250.12,0.00,1996-06-10,3-MEDIUM,270903.98,Customer#000000202,AUTOMOBILE,2237.64,GERMANY,EUROPE,10,IRAN,4,furiously idle platelets nag. express asymptotes s
874,drab slate hot black khaki,MEDIUM PLATED TIN,MED BOX,8165,MAIL,DELIVER IN PERSON,17.00,30172.79,0.10,1994-10-16,5-LOW,251613.69,Customer#000000112,FURNITURE,2953.35,ROMANIA,EUROPE,10,IRAN,4,furiously idle platelets nag. express asymptotes s
395,drab steel royal medium chartreuse,MEDIUM BURNISHED BRASS,LG BOX,3234,TRUCK,DELIVER IN PERSON,45.00,58292.55,0.01,1996-04-05,4-NOT SPECIFIED,207014.44,Customer#000000070,FURNITURE,4867.52,RUSSIA,EUROPE,10,IRAN,4,furiously idle platelets nag. express asymptotes s
450,sky lace green pale lime,MEDIUM BURNISHED TIN,SM CASE,10694,REG AIR,TAKE BACK RETURN,15.00,20256.75,0.07,1997-12-05,2-HIGH,196213.05,Customer#000000712,BUILDING,8667.09,FRANCE,EUROPE,10,IRAN,4,furiously idle platelets nag. express asymptotes s
895,thistle azure magenta mint burnished,MEDIUM BRUSHED STEEL,SM BOX,11616,REG AIR,TAKE BACK RETURN,34.00,61060.26,0.03,1996-08-02,2-HIGH,265398.53,Customer#000000202,AUTOMOBILE,2237.64,GERMANY,EUROPE,10,IRAN,4,furiously idle platelets nag. express asymptotes s
392,medium plum powder blush yellow,MEDIUM BRUSHED COPPER,SM BOX,14754,TRUCK,DELIVER IN PERSON,36.00,46526.04,0.10,1996-06-23,3-MEDIUM,99648.70,Customer#000000043,MACHINERY,9904.28,ROMANIA,EUROPE,10,IRAN,4,furiously idle platelets nag. express asymptotes s
17,indian navy coral pink deep,ECONOMY BRUSHED STEEL,LG BOX,17478,TRUCK,DELIVER IN PERSON,15.00,13755.15,0.08,1996-11-24,3-MEDIUM,125381.06,Customer#000000118,AUTOMOBILE,3582.37,CHINA,ASIA,11,IRAQ,4,pendencies; slyly express foxes integrate carefully across the reg
107,violet honeydew bisque sienna orchid,SMALL BURNISHED TIN,MED BOX,10145,REG AIR,DELIVER IN PERSON,37.00,37262.70,0.10,1995-05-25,5-LOW,314527.26,Customer#000000323,AUTOMOBILE,1137.67,CHINA,ASIA,11,IRAQ,4,pendencies; slyly express foxes integrate carefully across the reg
572,navy plum lime goldenrod saddle,LARGE BURNISHED COPPER,SM BOX,2657,MAIL,TAKE BACK RETURN,22.00,32396.54,0.02,1995-10-17,2-HIGH,215489.74,Customer#000000124,AUTOMOBILE,1842.49,CHINA,ASIA,11,IRAQ,4,pendencies; slyly express foxes integrate carefully across the reg
932,cornflower sky powder cyan linen,SMALL ANODIZED COPPER,LG BOX,5600,MAIL,TAKE BACK RETURN,34.00,62319.62,0.02,1997-02-08,4-NOT SPECIFIED,79054.82,Customer#000000472,MACHINERY,7929.90,JAPAN,ASIA,11,IRAQ,4,pendencies; slyly express foxes integrate carefully across the reg
81,misty sandy cornsilk dodger blush,ECONOMY BRUSHED TIN,MED BAG,27296,REG AIR,DELIVER IN PERSON,26.00,25508.08,0.00,1997-08-30,4-NOT SPECIFIED,217953.54,Customer#000000341,FURNITURE,8247.11,INDONESIA,ASIA,11,IRAQ,4,pendencies; slyly express foxes integrate carefully across the reg
946,medium drab rosy spring salmon,MEDIUM PLATED TIN,LG BOX,4481,AIR,TAKE BACK RETURN,27.00,49867.38,0.02,1996-03-30,5-LOW,103321.16,Customer#000000734,AUTOMOBILE,9750.71,CHINA,ASIA,11,IRAQ,4,pendencies; slyly express foxes integrate carefully across the reg
758,yellow orchid dim cyan burlywood,ECONOMY ANODIZED TIN,MED BOX,15875,MAIL,DELIVER IN PERSON,21.00,34833.75,0.03,1996-09-01,3-MEDIUM,179557.05,Customer#000000406,FURNITURE,4286.94,INDONESIA,ASIA,11,IRAQ,4,pendencies; slyly express foxes integrate carefully across the reg
107,violet honeydew bisque sienna orchid,SMALL BURNISHED TIN,MED BOX,8451,AIR,TAKE BACK RETURN,19.00,19134.90,0.04,1995-12-14,3-MEDIUM,53487.23,Customer#000000163,FURNITURE,2948.61,VIETNAM,ASIA,11,IRAQ,4,pendencies; slyly express foxes integrate carefully across the reg
895,thistle azure magenta mint burnished,MEDIUM BRUSHED STEEL,SM BOX,2182,TRUCK,TAKE BACK RETURN,37.00,66447.93,0.06,1994-04-05,2-HIGH,171704.77,Customer#000000113,BUILDING,2912.00,JAPAN,ASIA,11,IRAQ,4,pendencies; slyly express foxes integrate carefully across the reg
144,hot midnight orchid dim steel,SMALL ANODIZED TIN,SM BOX,2791,AIR,DELIVER IN PERSON,26.00,27147.64,0.06,1994-10-10,2-HIGH,214697.04,Customer#000000604,HOUSEHOLD,3195.96,VIETNAM,ASIA,11,IRAQ,4,pendencies; slyly express foxes integrate carefully across the reg
895,thistle azure magenta mint burnished,MEDIUM BRUSHED STEEL,SM BOX,4642,MAIL,DELIVER IN PERSON,41.00,73631.49,0.10,1995-02-27,1-URGENT,185628.40,Customer#000000737,AUTOMOBILE,2501.74,CHINA,ASIA,11,IRAQ,4,pendencies; slyly express foxes integrate carefully across the reg
895,thistle azure magenta mint burnished,MEDIUM BRUSHED STEEL,SM BOX,13059,AIR,DELIVER IN PERSON,35.00,62856.15,0.05,1997-05-31,5-LOW,232548.03,Customer#000000068,HOUSEHOLD,6853.37,JAPAN,ASIA,11,IRAQ,4,pendencies; slyly express foxes integrate carefully across the reg
821,smoke drab rose hot spring,PROMO POLISHED TIN,MED BOX,11652,REG AIR,TAKE BACK RETURN,10.00,17218.20,0.07,1995-11-11,4-NOT SPECIFIED,221817.66,Customer#000000721,AUTOMOBILE,3420.64,VIETNAM,ASIA,11,IRAQ,4,pendencies; slyly express foxes integrate carefully across the reg
826,ghost rosy beige salmon lemon,ECONOMY PLATED TIN,SM CASE,28161,MAIL,DELIVER IN PERSON,33.00,56985.06,0.09,1994-06-16,4-NOT SPECIFIED,281929.48,Customer#000000316,MACHINERY,4571.78,INDIA,ASIA,11,IRAQ,4,pendencies; slyly express foxes integrate carefully across the reg
450,sky lace green pale lime,MEDIUM BURNISHED TIN,SM CASE,24705,AIR,DELIVER IN PERSON,42.00,56718.90,0.09,1995-09-16,1-URGENT,114109.64,Customer#000000268,MACHINERY,6821.01,CANADA,AMERICA,11,IRAQ,4,pendencies; slyly express foxes integrate carefully across the reg
144,hot midnight orchid dim steel,SMALL ANODIZED TIN,SM BOX,17476,MAIL,TAKE BACK RETURN,39.00,40721.46,0.01,1996-05-29,1-URGENT,116707.45,Customer#000000268,MACHINERY,6821.01,CANADA,AMERICA,11,IRAQ,4,pendencies; slyly express foxes integrate carefully across the reg
867,snow spring black white burnished,PROMO POLISHED NICKEL,LG BOX,14944,AIR,TAKE BACK RETURN,21.00,37125.06,0.05,1997-10-14,2-HIGH,129269.44,Customer#000000268,MACHINERY,6821.01,CANADA,AMERICA,11,IRAQ,4,pendencies; slyly express foxes integrate carefully across the reg
958,turquoise sandy drab dodger cyan,LARGE PLATED NICKEL,LG BOX,22306,MAIL,DELIVER IN PERSON,13.00,24166.35,0.09,1996-08-16,4-NOT SPECIFIED,131060.76,Customer#000000229,BUILDING,7568.07,ARGENTINA,AMERICA,11,IRAQ,4,pendencies; slyly express foxes integrate carefully across the reg
874,drab slate hot black khaki,MEDIUM PLATED TIN,MED BOX,17668,REG AIR,TAKE BACK RETURN,43.00,76319.41,0.01,1994-11-26,3-MEDIUM,356016.33,Customer#000000005,HOUSEHOLD,794.47,CANADA,AMERICA,11,IRAQ,4,pendencies; slyly express foxes integrate carefully across the reg
30,cream misty steel spring medium,PROMO ANODIZED TIN,LG BOX,10375,TRUCK,TAKE BACK RETURN,23.00,21390.69,0.06,1997-01-08,2-HIGH,60612.14,Customer#000000407,MACHINERY,9537.08,ARGENTINA,AMERICA,11,IRAQ,4,pendencies; slyly express foxes integrate carefully across the reg
81,misty sandy cornsilk dodger blush,ECONOMY BRUSHED TIN,MED BAG,21606,TRUCK,TAKE BACK RETURN,29.00,28451.32,0.10,1995-01-23,4-NOT SPECIFIED,154080.01,Customer#000000343,HOUSEHOLD,5521.36,CANADA,AMERICA,11,IRAQ,4,pendencies; slyly express foxes integrate carefully across the reg
144,hot midnight orchid dim steel,SMALL ANODIZED TIN,SM BOX,21222,TRUCK,DELIVER IN PERSON,34.00,35500.76,0.05,1994-02-04,4-NOT SPECIFIED,222826.57,Customer#000000407,MACHINERY,9537.08,ARGENTINA,AMERICA,11,IRAQ,4,pendencies; slyly express foxes integrate carefully across the reg
395,drab steel royal medium chartreuse,MEDIUM BURNISHED BRASS,LG BOX,16610,MAIL,TAKE BACK RETURN,42.00,54406.38,0.00,1994-10-11,2-HIGH,181988.84,Customer#000000017,AUTOMOBILE,6.34,BRAZIL,AMERICA,11,IRAQ,4,pendencies; slyly express foxes integrate carefully across the reg
107,violet honeydew bisque sienna orchid,SMALL BURNISHED TIN,MED BOX,5090,TRUCK,TAKE BACK RETURN,22.00,22156.20,0.07,1997-03-09,1-URGENT,171523.81,Customer#000000442,FURNITURE,4157.00,ARGENTINA,AMERICA,11,IRAQ,4,pendencies; slyly express foxes integrate carefully across the reg
826,ghost rosy beige salmon lemon,ECONOMY PLATED TIN,SM CASE,12868,MAIL,DELIVER IN PERSON,45.00,77706.90,0.06,1995-03-02,1-URGENT,212378.63,Customer#000000521,MACHINERY,5830.69,BRAZIL,AMERICA,11,IRAQ,4,pendencies; slyly express foxes integrate carefully across the reg
821,smoke drab rose hot spring,PROMO POLISHED TIN,MED BOX,10049,MAIL,DELIVER IN PERSON,30.00,51654.60,0.09,1997-07-23,1-URGENT,167455.41,Customer#000000343,HOUSEHOLD,5521.36,CANADA,AMERICA,11,IRAQ,4,pendencies; slyly express foxes integrate carefully across the reg
17,indian navy coral pink deep,ECONOMY BRUSHED STEEL,LG BOX,28739,AIR,DELIVER IN PERSON,45.00,41265.45,0.07,1996-09-10,2-HIGH,154154.14,Customer#000000728,BUILDING,4349.73,UNITED STATES,AMERICA,11,IRAQ,4,pendencies; slyly express foxes integrate carefully across the reg
450,sky lace green pale lime,MEDIUM BURNISHED TIN,SM CASE,20198,TRUCK,TAKE BACK RETURN,13.00,17555.85,0.02,1995-06-11,4-NOT SPECIFIED,144541.14,Customer#000000478,BUILDING,-210.40,ARGENTINA,AMERICA,11,IRAQ,4,pendencies; slyly express foxes integrate carefully across the reg
758,yellow orchid dim cyan burlywood,ECONOMY ANODIZED TIN,MED BOX,6210,AIR,TAKE BACK RETURN,23.00,38151.25,0.06,1996-11-06,5-LOW,232343.67,Customer#000000343,HOUSEHOLD,5521.36,CANADA,AMERICA,11,IRAQ,4,pendencies; slyly express foxes integrate carefully across the reg
81,misty sandy cornsilk dodger blush,ECONOMY BRUSHED TIN,MED BAG,13154,MAIL,TAKE BACK RETURN,42.00,41205.36,0.09,1997-10-22,5-LOW,262523.82,Customer#000000260,MACHINERY,9196.11,ARGENTINA,AMERICA,11,IRAQ,4,pendencies; slyly express foxes integrate carefully across the reg
507,red misty salmon ivory khaki,SMALL ANODIZED BRASS,SM CASE,29152,TRUCK,TAKE BACK RETURN,24.00,33780.00,0.06,1995-07-24,5-LOW,201223.31,Customer#000000346,FURNITURE,238.14,BRAZIL,AMERICA,11,IRAQ,4,pendencies; slyly express foxes integrate carefully across the reg
758,yellow orchid dim cyan burlywood,ECONOMY ANODIZED TIN,MED BOX,29638,AIR,DELIVER IN PERSON,12.00,19905.00,0.06,1995-10-25,3-MEDIUM,113545.13,Customer#000000505,HOUSEHOLD,6557.51,BRAZIL,AMERICA,11,IRAQ,4,pendencies; slyly express foxes integrate carefully across the reg
395,drab steel royal medium chartreuse,MEDIUM BURNISHED BRASS,LG BOX,23169,AIR,TAKE BACK RETURN,39.00,50520.21,0.04,1995-06-24,1-URGENT,227411.29,Customer#000000265,MACHINERY,8275.80,PERU,AMERICA,11,IRAQ,4,pendencies; slyly express foxes integrate carefully across the reg
558,blanched seashell navy black dim,STANDARD PLATED BRASS,MED BOX,23142,TRUCK,DELIVER IN PERSON,24.00,35005.20,0.06,1996-05-27,3-MEDIUM,142727.51,Customer#000000011,BUILDING,-272.60,UNITED KINGDOM,EUROPE,11,IRAQ,4,pendencies; slyly express foxes integrate carefully across the reg
450,sky lace green pale lime,MEDIUM BURNISHED TIN,SM CASE,29958,TRUCK,DELIVER IN PERSON,28.00,37812.60,0.10,1995-01-07,2-HIGH,143790.75,Customer#000000514,BUILDING,5840.97,UNITED KINGDOM,EUROPE,11,IRAQ,4,pendencies; slyly express foxes integrate carefully across the reg
130,gainsboro powder cyan pale rosy,SMALL PLATED NICKEL,LG BOX,577,AIR,TAKE BACK RETURN,25.00,25753.25,0.06,1994-12-19,5-LOW,40599.44,Customer#000000277,BUILDING,8876.10,UNITED KINGDOM,EUROPE,11,IRAQ,4,pendencies; slyly express foxes integrate carefully across the reg
130,gainsboro powder cyan pale rosy,SMALL PLATED NICKEL,LG BOX,4646,MAIL,DELIVER IN PERSON,22.00,22662.86,0.01,1996-06-18,1-URGENT,170926.97,Customer#000000413,FURNITURE,5817.90,FRANCE,EUROPE,11,IRAQ,4,pendencies; slyly express foxes integrate carefully across the reg
932,cornflower sky powder cyan linen,SMALL ANODIZED COPPER,LG BOX,25568,MAIL,TAKE BACK RETURN,26.00,47656.18,0.08,1996-10-31,1-URGENT,171287.92,Customer#000000514,BUILDING,5840.97,UNITED KINGDOM,EUROPE,11,IRAQ,4,pendencies; slyly express foxes integrate carefully across the reg
826,ghost rosy beige salmon lemon,ECONOMY PLATED TIN,SM CASE,14531,MAIL,TAKE BACK RETURN,45.00,77706.90,0.06,1997-06-11,2-HIGH,203176.76,Customer#000000667,AUTOMOBILE,3288.76,FRANCE,EUROPE,11,IRAQ,4,pendencies; slyly express foxes integrate carefully across the reg
895,thistle azure magenta mint burnished,MEDIUM BRUSHED STEEL,SM BOX,19363,AIR,TAKE BACK RETURN,35.00,62856.15,0.07,1995-07-06,2-HIGH,280738.15,Customer#000000172,MACHINERY,1134.40,RUSSIA,EUROPE,11,IRAQ,4,pendencies; slyly express foxes integrate carefully across the reg
826,ghost rosy beige salmon lemon,ECONOMY PLATED TIN,SM CASE,24674,MAIL,DELIVER IN PERSON,14.00,24175.48,0.06,1996-05-15,2-HIGH,148334.99,Customer#000000046,AUTOMOBILE,5744.59,FRANCE,EUROPE,11,IRAQ,4,pendencies; slyly express foxes integrate carefully across the reg
821,smoke drab rose hot spring,PROMO POLISHED TIN,MED BOX,23621,REG AIR,DELIVER IN PERSON,28.00,48210.96,0.03,1996-12-29,3-MEDIUM,214948.72,Customer#000000394,MACHINERY,5200.96,UNITED KINGDOM,EUROPE,11,IRAQ,4,pendencies; slyly express foxes integrate carefully across the reg
895,thistle azure magenta mint burnished,MEDIUM BRUSHED STEEL,SM BOX,10244,REG AIR,TAKE BACK RETURN,28.00,50284.92,0.01,1996-04-04,3-MEDIUM,140180.15,Customer#000000149,AUTOMOBILE,8959.65,ROMANIA,EUROPE,11,IRAQ,4,pendencies; slyly express foxes integrate carefully across the reg
17,indian navy coral pink deep,ECONOMY BRUSHED STEEL,LG BOX,29316,REG AIR,DELIVER IN PERSON,11.00,10087.11,0.02,1997-05-03,5-LOW,117532.18,Customer#000000683,MACHINERY,9120.93,FRANCE,EUROPE,11,IRAQ,4,pendencies; slyly express foxes integrate carefully across the reg
932,cornflower sky powder cyan linen,SMALL ANODIZED COPPER,LG BOX,18564,AIR,TAKE BACK RETURN,39.00,71484.27,0.01,1996-03-18,2-HIGH,173754.81,Customer#000000112,FURNITURE,2953.35,ROMANIA,EUROPE,11,IRAQ,4,pendencies; slyly express foxes integrate carefully across the reg
395,drab steel royal medium chartreuse,MEDIUM BURNISHED BRASS,LG BOX,14150,MAIL,DELIVER IN PERSON,38.00,49224.82,0.02,1994-02-09,2-HIGH,186818.41,Customer#000000046,AUTOMOBILE,5744.59,FRANCE,EUROPE,11,IRAQ,4,pendencies; slyly express foxes integrate carefully across the reg
867,snow spring black white burnished,PROMO POLISHED NICKEL,LG BOX,17026,AIR,DELIVER IN PERSON,42.00,74250.12,0.00,1996-06-10,3-MEDIUM,270903.98,Customer#000000202,AUTOMOBILE,2237.64,GERMANY,EUROPE,11,IRAQ,4,pendencies; slyly express foxes integrate carefully across the reg
874,drab slate hot black khaki,MEDIUM PLATED TIN,MED BOX,8165,MAIL,DELIVER IN PERSON,17.00,30172.79,0.10,1994-10-16,5-LOW,251613.69,Customer#000000112,FURNITURE,2953.35,ROMANIA,EUROPE,11,IRAQ,4,pendencies; slyly express foxes integrate carefully across the reg
395,drab steel royal medium chartreuse,MEDIUM BURNISHED BRASS,LG BOX,3234,TRUCK,DELIVER IN PERSON,45.00,58292.55,0.01,1996-04-05,4-NOT SPECIFIED,207014.44,Customer#000000070,FURNITURE,4867.52,RUSSIA,EUROPE,11,IRAQ,4,pendencies; slyly express foxes integrate carefully across the reg
450,sky lace green pale lime,MEDIUM BURNISHED TIN,SM CASE,10694,REG AIR,TAKE BACK RETURN,15.00,20256.75,0.07,1997-12-05,2-HIGH,196213.05,Customer#000000712,BUILDING,8667.09,FRANCE,EUROPE,11,IRAQ,4,pendencies; slyly express foxes integrate carefully across the reg
895,thistle azure magenta mint burnished,MEDIUM BRUSHED STEEL,SM BOX,11616,REG AIR,TAKE BACK RETURN,34.00,61060.26,0.03,1996-08-02,2-HIGH,265398.53,Customer#000000202,AUTOMOBILE,2237.64,GERMANY,EUROPE,11,IRAQ,4,pendencies; slyly express foxes integrate carefully across the reg
392,medium plum powder blush yellow,MEDIUM BRUSHED COPPER,SM BOX,14754,TRUCK,DELIVER IN PERSON,36.00,46526.04,0.10,1996-06-23,3-MEDIUM,99648.70,Customer#000000043,MACHINERY,9904.28,ROMANIA,EUROPE,11,IRAQ,4,pendencies; slyly express foxes integrate carefully across the reg
17,indian navy coral pink deep,ECONOMY BRUSHED STEEL,LG BOX,17478,TRUCK,DELIVER IN PERSON,15.00,13755.15,0.08,1996-11-24,3-MEDIUM,125381.06,Customer#000000118,AUTOMOBILE,3582.37,CHINA,ASIA,12,JAPAN,2, quickly final packages. furiously i
107,violet honeydew bisque sienna orchid,SMALL BURNISHED TIN,MED BOX,10145,REG AIR,DELIVER IN PERSON,37.00,37262.70,0.10,1995-05-25,5-LOW,314527.26,Customer#000000323,AUTOMOBILE,1137.67,CHINA,ASIA,12,JAPAN,2, quickly final packages. furiously i
572,navy plum lime goldenrod saddle,LARGE BURNISHED COPPER,SM BOX,2657,MAIL,TAKE BACK RETURN,22.00,32396.54,0.02,1995-10-17,2-HIGH,215489.74,Customer#000000124,AUTOMOBILE,1842.49,CHINA,ASIA,12,JAPAN,2, quickly final packages. furiously i
932,cornflower sky powder cyan linen,SMALL ANODIZED COPPER,LG BOX,5600,MAIL,TAKE BACK RETURN,34.00,62319.62,0.02,1997-02-08,4-NOT SPECIFIED,79054.82,Customer#000000472,MACHINERY,7929.90,JAPAN,ASIA,12,JAPAN,2, quickly final packages. furiously i
81,misty sandy cornsilk dodger blush,ECONOMY BRUSHED TIN,MED BAG,27296,REG AIR,DELIVER IN PERSON,26.00,25508.08,0.00,1997-08-30,4-NOT SPECIFIED,217953.54,Customer#000000341,FURNITURE,8247.11,INDONESIA,ASIA,12,JAPAN,2, quickly final packages. furiously i
946,medium drab rosy spring salmon,MEDIUM PLATED TIN,LG BOX,4481,AIR,TAKE BACK RETURN,27.00,49867.38,0.02,1996-03-30,5-LOW,103321.16,Customer#000000734,AUTOMOBILE,9750.71,CHINA,ASIA,12,JAPAN,2, quickly final packages. furiously i
758,yellow orchid dim cyan burlywood,ECONOMY ANODIZED TIN,MED BOX,15875,MAIL,DELIVER IN PERSON,21.00,34833.75,0.03,1996-09-01,3-MEDIUM,179557.05,Customer#000000406,FURNITURE,4286.94,INDONESIA,ASIA,12,JAPAN,2, quickly final packages. furiously i
107,violet honeydew bisque sienna orchid,SMALL BURNISHED TIN,MED BOX,8451,AIR,TAKE BACK RETURN,19.00,19134.90,0.04,1995-12-14,3-MEDIUM,53487.23,Customer#000000163,FURNITURE,2948.61,VIETNAM,ASIA,12,JAPAN,2, quickly final packages. furiously i
895,thistle azure magenta mint burnished,MEDIUM BRUSHED STEEL,SM BOX,2182,TRUCK,TAKE BACK RETURN,37.00,66447.93,0.06,1994-04-05,2-HIGH,171704.77,Customer#000000113,BUILDING,2912.00,JAPAN,ASIA,12,JAPAN,2, quickly final packages. furiously i
144,hot midnight orchid dim steel,SMALL ANODIZED TIN,SM BOX,2791,AIR,DELIVER IN PERSON,26.00,27147.64,0.06,1994-10-10,2-HIGH,214697.04,Customer#000000604,HOUSEHOLD,3195.96,VIETNAM,ASIA,12,JAPAN,2, quickly final packages. furiously i
895,thistle azure magenta mint burnished,MEDIUM BRUSHED STEEL,SM BOX,4642,MAIL,DELIVER IN PERSON,41.00,73631.49,0.10,1995-02-27,1-URGENT,185628.40,Customer#000000737,AUTOMOBILE,2501.74,CHINA,ASIA,12,JAPAN,2, quickly final packages. furiously i
895,thistle azure magenta mint burnished,MEDIUM BRUSHED STEEL,SM BOX,13059,AIR,DELIVER IN PERSON,35.00,62856.15,0.05,1997-05-31,5-LOW,232548.03,Customer#000000068,HOUSEHOLD,6853.37,JAPAN,ASIA,12,JAPAN,2, quickly final packages. furiously i
821,smoke drab rose hot spring,PROMO POLISHED TIN,MED BOX,11652,REG AIR,TAKE BACK RETURN,10.00,17218.20,0.07,1995-11-11,4-NOT SPECIFIED,221817.66,Customer#000000721,AUTOMOBILE,3420.64,VIETNAM,ASIA,12,JAPAN,2, quickly final packages. furiously i
826,ghost rosy beige salmon lemon,ECONOMY PLATED TIN,SM CASE,28161,MAIL,DELIVER IN PERSON,33.00,56985.06,0.09,1994-06-16,4-NOT SPECIFIED,281929.48,Customer#000000316,MACHINERY,4571.78,INDIA,ASIA,12,JAPAN,2, quickly final packages. furiously i
450,sky lace green pale lime,MEDIUM BURNISHED TIN,SM CASE,24705,AIR,DELIVER IN PERSON,42.00,56718.90,0.09,1995-09-16,1-URGENT,114109.64,Customer#000000268,MACHINERY,6821.01,CANADA,AMERICA,12,JAPAN,2, quickly final packages. furiously i
144,hot midnight orchid dim steel,SMALL ANODIZED TIN,SM BOX,17476,MAIL,TAKE BACK RETURN,39.00,40721.46,0.01,1996-05-29,1-URGENT,116707.45,Customer#000000268,MACHINERY,6821.01,CANADA,AMERICA,12,JAPAN,2, quickly final packages. furiously i
867,snow spring black white burnished,PROMO POLISHED NICKEL,LG BOX,14944,AIR,TAKE BACK RETURN,21.00,37125.06,0.05,1997-10-14,2-HIGH,129269.44,Customer#000000268,MACHINERY,6821.01,CANADA,AMERICA,12,JAPAN,2, quickly final packages. furiously i
958,turquoise sandy drab dodger cyan,LARGE PLATED NICKEL,LG BOX,22306,MAIL,DELIVER IN PERSON,13.00,24166.35,0.09,1996-08-16,4-NOT SPECIFIED,131060.76,Customer#000000229,BUILDING,7568.07,ARGENTINA,AMERICA,12,JAPAN,2, quickly final packages. furiously i
874,drab slate hot black khaki,MEDIUM PLATED TIN,MED BOX,17668,REG AIR,TAKE BACK RETURN,43.00,76319.41,0.01,1994-11-26,3-MEDIUM,356016.33,Customer#000000005,HOUSEHOLD,794.47,CANADA,AMERICA,12,JAPAN,2, quickly final packages. furiously i
30,cream misty steel spring medium,PROMO ANODIZED TIN,LG BOX,10375,TRUCK,TAKE BACK RETURN,23.00,21390.69,0.06,1997-01-08,2-HIGH,60612.14,Customer#000000407,MACHINERY,9537.08,ARGENTINA,AMERICA,12,JAPAN,2, quickly final packages. furiously i
81,misty sandy cornsilk dodger blush,ECONOMY BRUSHED TIN,MED BAG,21606,TRUCK,TAKE BACK RETURN,29.00,28451.32,0.10,1995-01-23,4-NOT SPECIFIED,154080.01,Customer#000000343,HOUSEHOLD,5521.36,CANADA,AMERICA,12,JAPAN,2, quickly final packages. furiously i
144,hot midnight orchid dim steel,SMALL ANODIZED TIN,SM BOX,21222,TRUCK,DELIVER IN PERSON,34.00,35500.76,0.05,1994-02-04,4-NOT SPECIFIED,222826.57,Customer#000000407,MACHINERY,9537.08,ARGENTINA,AMERICA,12,JAPAN,2, quickly final packages. furiously i
395,drab steel royal medium chartreuse,MEDIUM BURNISHED BRASS,LG BOX,16610,MAIL,TAKE BACK RETURN,42.00,54406.38,0.00,1994-10-11,2-HIGH,181988.84,Customer#000000017,AUTOMOBILE,6.34,BRAZIL,AMERICA,12,JAPAN,2, quickly final packages. furiously i
107,violet honeydew bisque sienna orchid,SMALL BURNISHED TIN,MED BOX,5090,TRUCK,TAKE BACK RETURN,22.00,22156.20,0.07,1997-03-09,1-URGENT,171523.81,Customer#000000442,FURNITURE,4157.00,ARGENTINA,AMERICA,12,JAPAN,2, quickly final packages. furiously i
826,ghost rosy beige salmon lemon,ECONOMY PLATED TIN,SM CASE,12868,MAIL,DELIVER IN PERSON,45.00,77706.90,0.06,1995-03-02,1-URGENT,212378.63,Customer#000000521,MACHINERY,5830.69,BRAZIL,AMERICA,12,JAPAN,2, quickly final packages. furiously i
821,smoke drab rose hot spring,PROMO POLISHED TIN,MED BOX,10049,MAIL,DELIVER IN PERSON,30.00,51654.60,0.09,1997-07-23,1-URGENT,167455.41,Customer#000000343,HOUSEHOLD,5521.36,CANADA,AMERICA,12,JAPAN,2, quickly final packages. furiously i
17,indian navy coral pink deep,ECONOMY BRUSHED STEEL,LG BOX,28739,AIR,DELIVER IN PERSON,45.00,41265.45,0.07,1996-09-10,2-HIGH,154154.14,Customer#000000728,BUILDING,4349.73,UNITED STATES,AMERICA,12,JAPAN,2, quickly final packages. furiously i
450,sky lace green pale lime,MEDIUM BURNISHED TIN,SM CASE,20198,TRUCK,TAKE BACK RETURN,13.00,17555.85,0.02,1995-06-11,4-NOT SPECIFIED,144541.14,Customer#000000478,BUILDING,-210.40,ARGENTINA,AMERICA,12,JAPAN,2, quickly final packages. furiously i
758,yellow orchid dim cyan burlywood,ECONOMY ANODIZED TIN,MED BOX,6210,AIR,TAKE BACK RETURN,23.00,38151.25,0.06,1996-11-06,5-LOW,232343.67,Customer#000000343,HOUSEHOLD,5521.36,CANADA,AMERICA,12,JAPAN,2, quickly final packages. furiously i
81,misty sandy cornsilk dodger blush,ECONOMY BRUSHED TIN,MED BAG,13154,MAIL,TAKE BACK RETURN,42.00,41205.36,0.09,1997-10-22,5-LOW,262523.82,Customer#000000260,MACHINERY,9196.11,ARGENTINA,AMERICA,12,JAPAN,2, quickly final packages. furiously i
507,red misty salmon ivory khaki,SMALL ANODIZED BRASS,SM CASE,29152,TRUCK,TAKE BACK RETURN,24.00,33780.00,0.06,1995-07-24,5-LOW,201223.31,Customer#000000346,FURNITURE,238.14,BRAZIL,AMERICA,12,JAPAN,2, quickly final packages. furiously i
758,yellow orchid dim cyan burlywood,ECONOMY ANODIZED TIN,MED BOX,29638,AIR,DELIVER IN PERSON,12.00,19905.00,0.06,1995-10-25,3-MEDIUM,113545.13,Customer#000000505,HOUSEHOLD,6557.51,BRAZIL,AMERICA,12,JAPAN,2, quickly final packages. furiously i
395,drab steel royal medium chartreuse,MEDIUM BURNISHED BRASS,LG BOX,23169,AIR,TAKE BACK RETURN,39.00,50520.21,0.04,1995-06-24,1-URGENT,227411.29,Customer#000000265,MACHINERY,8275.80,PERU,AMERICA,12,JAPAN,2, quickly final packages. furiously i
558,blanched seashell navy black dim,STANDARD PLATED BRASS,MED BOX,23142,TRUCK,DELIVER IN PERSON,24.00,35005.20,0.06,1996-05-27,3-MEDIUM,142727.51,Customer#000000011,BUILDING,-272.60,UNITED KINGDOM,EUROPE,12,JAPAN,2, quickly final packages. furiously i
450,sky lace green pale lime,MEDIUM BURNISHED TIN,SM CASE,29958,TRUCK,DELIVER IN PERSON,28.00,37812.60,0.10,1995-01-07,2-HIGH,143790.75,Customer#000000514,BUILDING,5840.97,UNITED KINGDOM,EUROPE,12,JAPAN,2, quickly final packages. furiously i
130,gainsboro powder cyan pale rosy,SMALL PLATED NICKEL,LG BOX,577,AIR,TAKE BACK RETURN,25.00,25753.25,0.06,1994-12-19,5-LOW,40599.44,Customer#000000277,BUILDING,8876.10,UNITED KINGDOM,EUROPE,12,JAPAN,2, quickly final packages. furiously i
130,gainsboro powder cyan pale rosy,SMALL PLATED NICKEL,LG BOX,4646,MAIL,DELIVER IN PERSON,22.00,22662.86,0.01,1996-06-18,1-URGENT,170926.97,Customer#000000413,FURNITURE,5817.90,FRANCE,EUROPE,12,JAPAN,2, quickly final packages. furiously i
932,cornflower sky powder cyan linen,SMALL ANODIZED COPPER,LG BOX,25568,MAIL,TAKE BACK RETURN,26.00,47656.18,0.08,1996-10-31,1-URGENT,171287.92,Customer#000000514,BUILDING,5840.97,UNITED KINGDOM,EUROPE,12,JAPAN,2, quickly final packages. furiously i
826,ghost rosy beige salmon lemon,ECONOMY PLATED TIN,SM CASE,14531,MAIL,TAKE BACK RETURN,45.00,77706.90,0.06,1997-06-11,2-HIGH,203176.76,Customer#000000667,AUTOMOBILE,3288.76,FRANCE,EUROPE,12,JAPAN,2, quickly final packages. furiously i
895,thistle azure magenta mint burnished,MEDIUM BRUSHED STEEL,SM BOX,19363,AIR,TAKE BACK RETURN,35.00,62856.15,0.07,1995-07-06,2-HIGH,280738.15,Customer#000000172,MACHINERY,1134.40,RUSSIA,EUROPE,12,JAPAN,2, quickly final packages. furiously i
826,ghost rosy beige salmon lemon,ECONOMY PLATED TIN,SM CASE,24674,MAIL,DELIVER IN PERSON,14.00,24175.48,0.06,1996-05-15,2-HIGH,148334.99,Customer#000000046,AUTOMOBILE,5744.59,FRANCE,EUROPE,12,JAPAN,2, quickly final packages. furiously i
821,smoke drab rose hot spring,PROMO POLISHED TIN,MED BOX,23621,REG AIR,DELIVER IN PERSON,28.00,48210.96,0.03,1996-12-29,3-MEDIUM,214948.72,Customer#000000394,MACHINERY,5200.96,UNITED KINGDOM,EUROPE,12,JAPAN,2, quickly final packages. furiously i
895,thistle azure magenta mint burnished,MEDIUM BRUSHED STEEL,SM BOX,10244,REG AIR,TAKE BACK RETURN,28.00,50284.92,0.01,1996-04-04,3-MEDIUM,140180.15,Customer#000000149,AUTOMOBILE,8959.65,ROMANIA,EUROPE,12,JAPAN,2, quickly final packages. furiously i
17,indian navy coral pink deep,ECONOMY BRUSHED STEEL,LG BOX,29316,REG AIR,DELIVER IN PERSON,11.00,10087.11,0.02,1997-05-03,5-LOW,117532.18,Customer#000000683,MACHINERY,9120.93,FRANCE,EUROPE,12,JAPAN,2, quickly final packages. furiously i
932,cornflower sky powder cyan linen,SMALL ANODIZED COPPER,LG BOX,18564,AIR,TAKE BACK RETURN,39.00,71484.27,0.01,1996-03-18,2-HIGH,173754.81,Customer#000000112,FURNITURE,2953.35,ROMANIA,EUROPE,12,JAPAN,2, quickly final packages. furiously i
395,drab steel royal medium chartreuse,MEDIUM BURNISHED BRASS,LG BOX,14150,MAIL,DELIVER IN PERSON,38.00,49224.82,0.02,1994-02-09,2-HIGH,186818.41,Customer#000000046,AUTOMOBILE,5744.59,FRANCE,EUROPE,12,JAPAN,2, quickly final packages. furiously i
867,snow spring black white burnished,PROMO POLISHED NICKEL,LG BOX,17026,AIR,DELIVER IN PERSON,42.00,74250.12,0.00,1996-06-10,3-MEDIUM,270903.98,Customer#000000202,AUTOMOBILE,2237.64,GERMANY,EUROPE,12,JAPAN,2, quickly final packages. furiously i
874,drab slate hot black khaki,MEDIUM PLATED TIN,MED BOX,8165,MAIL,DELIVER IN PERSON,17.00,30172.79,0.10,1994-10-16,5-LOW,251613.69,Customer#000000112,FURNITURE,2953.35,ROMANIA,EUROPE,12,JAPAN,2, quickly final packages. furiously i
395,drab steel royal medium chartreuse,MEDIUM BURNISHED BRASS,LG BOX,3234,TRUCK,DELIVER IN PERSON,45.00,58292.55,0.01,1996-04-05,4-NOT SPECIFIED,207014.44,Customer#000000070,FURNITURE,4867.52,RUSSIA,EUROPE,12,JAPAN,2, quickly final packages. furiously i
450,sky lace green pale lime,MEDIUM BURNISHED TIN,SM CASE,10694,REG AIR,TAKE BACK RETURN,15.00,20256.75,0.07,1997-12-05,2-HIGH,196213.05,Customer#000000712,BUILDING,8667.09,FRANCE,EUROPE,12,JAPAN,2, quickly final packages. furiously i
895,thistle azure magenta mint burnished,MEDIUM BRUSHED STEEL,SM BOX,11616,REG AIR,TAKE BACK RETURN,34.00,61060.26,0.03,1996-08-02,2-HIGH,265398.53,Customer#000000202,AUTOMOBILE,2237.64,GERMANY,EUROPE,12,JAPAN,2, quickly final packages. furiously i
392,medium plum powder blush yellow,MEDIUM BRUSHED COPPER,SM BOX,14754,TRUCK,DELIVER IN PERSON,36.00,46526.04,0.10,1996-06-23,3-MEDIUM,99648.70,Customer#000000043,MACHINERY,9904.28,ROMANIA,EUROPE,12,JAPAN,2, quickly final packages. furiously i
17,indian navy coral pink deep,ECONOMY BRUSHED STEEL,LG BOX,17478,TRUCK,DELIVER IN PERSON,15.00,13755.15,0.08,1996-11-24,3-MEDIUM,125381.06,Customer#000000118,AUTOMOBILE,3582.37,CHINA,ASIA,13,JORDAN,4,the slyly regular ideas. silent Tiresias affix slyly fu
107,violet honeydew bisque sienna orchid,SMALL BURNISHED TIN,MED BOX,10145,REG AIR,DELIVER IN PERSON,37.00,37262.70,0.10,1995-05-25,5-LOW,314527.26,Customer#000000323,AUTOMOBILE,1137.67,CHINA,ASIA,13,JORDAN,4,the slyly regular ideas. silent Tiresias affix slyly fu
572,navy plum lime goldenrod saddle,LARGE BURNISHED COPPER,SM BOX,2657,MAIL,TAKE BACK RETURN,22.00,32396.54,0.02,1995-10-17,2-HIGH,215489.74,Customer#000000124,AUTOMOBILE,1842.49,CHINA,ASIA,13,JORDAN,4,the slyly regular ideas. silent Tiresias affix slyly fu
932,cornflower sky powder cyan linen,SMALL ANODIZED COPPER,LG BOX,5600,MAIL,TAKE BACK RETURN,34.00,62319.62,0.02,1997-02-08,4-NOT SPECIFIED,79054.82,Customer#000000472,MACHINERY,7929.90,JAPAN,ASIA,13,JORDAN,4,the slyly regular ideas. silent Tiresias affix slyly fu
81,misty sandy cornsilk dodger blush,ECONOMY BRUSHED TIN,MED BAG,27296,REG AIR,DELIVER IN PERSON,26.00,25508.08,0.00,1997-08-30,4-NOT SPECIFIED,217953.54,Customer#000000341,FURNITURE,8247.11,INDONESIA,ASIA,13,JORDAN,4,the slyly regular ideas. silent Tiresias affix slyly fu
946,medium drab rosy spring salmon,MEDIUM PLATED TIN,LG BOX,4481,AIR,TAKE BACK RETURN,27.00,49867.38,0.02,1996-03-30,5-LOW,103321.16,Customer#000000734,AUTOMOBILE,9750.71,CHINA,ASIA,13,JORDAN,4,the slyly regular ideas. silent Tiresias affix slyly fu
758,yellow orchid dim cyan burlywood,ECONOMY ANODIZED TIN,MED BOX,15875,MAIL,DELIVER IN PERSON,21.00,34833.75,0.03,1996-09-01,3-MEDIUM,179557.05,Customer#000000406,FURNITURE,4286.94,INDONESIA,ASIA,13,JORDAN,4,the slyly regular ideas. silent Tiresias affix slyly fu
107,violet honeydew bisque sienna orchid,SMALL BURNISHED TIN,MED BOX,8451,AIR,TAKE BACK RETURN,19.00,19134.90,0.04,1995-12-14,3-MEDIUM,53487.23,Customer#000000163,FURNITURE,2948.61,VIETNAM,ASIA,13,JORDAN,4,the slyly regular ideas. silent Tiresias affix slyly fu
895,thistle azure magenta mint burnished,MEDIUM BRUSHED STEEL,SM BOX,2182,TRUCK,TAKE BACK RETURN,37.00,66447.93,0.06,1994-04-05,2-HIGH,171704.77,Customer#000000113,BUILDING,2912.00,JAPAN,ASIA,13,JORDAN,4,the slyly regular ideas. silent Tiresias affix slyly fu
144,hot midnight orchid dim steel,SMALL ANODIZED TIN,SM BOX,2791,AIR,DELIVER IN PERSON,26.00,27147.64,0.06,1994-10-10,2-HIGH,214697.04,Customer#000000604,HOUSEHOLD,3195.96,VIETNAM,ASIA,13,JORDAN,4,the slyly regular ideas. silent Tiresias affix slyly fu
895,thistle azure magenta mint burnished,MEDIUM BRUSHED STEEL,SM BOX,4642,MAIL,DELIVER IN PERSON,41.00,73631.49,0.10,1995-02-27,1-URGENT,185628.40,Customer#000000737,AUTOMOBILE,2501.74,CHINA,ASIA,13,JORDAN,4,the slyly regular ideas. silent Tiresias affix slyly fu
895,thistle azure magenta mint burnished,MEDIUM BRUSHED STEEL,SM BOX,13059,AIR,DELIVER IN PERSON,35.00,62856.15,0.05,1997-05-31,5-LOW,232548.03,Customer#000000068,HOUSEHOLD,6853.37,JAPAN,ASIA,13,JORDAN,4,the slyly regular ideas. silent Tiresias affix slyly fu
821,smoke drab rose hot spring,PROMO POLISHED TIN,MED BOX,11652,REG AIR,TAKE BACK RETURN,10.00,17218.20,0.07,1995-11-11,4-NOT SPECIFIED,221817.66,Customer#000000721,AUTOMOBILE,3420.64,VIETNAM,ASIA,13,JORDAN,4,the slyly regular ideas. silent Tiresias affix slyly fu
826,ghost rosy beige salmon lemon,ECONOMY PLATED TIN,SM CASE,28161,MAIL,DELIVER IN PERSON,33.00,56985.06,0.09,1994-06-16,4-NOT SPECIFIED,281929.48,Customer#000000316,MACHINERY,4571.78,INDIA,ASIA,13,JORDAN,4,the slyly regular ideas. silent Tiresias affix slyly fu
450,sky lace green pale lime,MEDIUM BURNISHED TIN,SM CASE,24705,AIR,DELIVER IN PERSON,42.00,56718.90,0.09,1995-09-16,1-URGENT,114109.64,Customer#000000268,MACHINERY,6821.01,CANADA,AMERICA,13,JORDAN,4,the slyly regular ideas. silent Tiresias affix slyly fu
144,hot midnight orchid dim steel,SMALL ANODIZED TIN,SM BOX,17476,MAIL,TAKE BACK RETURN,39.00,40721.46,0.01,1996-05-29,1-URGENT,116707.45,Customer#000000268,MACHINERY,6821.01,CANADA,AMERICA,13,JORDAN,4,the slyly regular ideas. silent Tiresias affix slyly fu
867,snow spring black white burnished,PROMO POLISHED NICKEL,LG BOX,14944,AIR,TAKE BACK RETURN,21.00,37125.06,0.05,1997-10-14,2-HIGH,129269.44,Customer#000000268,MACHINERY,6821.01,CANADA,AMERICA,13,JORDAN,4,the slyly regular ideas. silent Tiresias affix slyly fu
958,turquoise sandy drab dodger cyan,LARGE PLATED NICKEL,LG BOX,22306,MAIL,DELIVER IN PERSON,13.00,24166.35,0.09,1996-08-16,4-NOT SPECIFIED,131060.76,Customer#000000229,BUILDING,7568.07,ARGENTINA,AMERICA,13,JORDAN,4,the slyly regular ideas. silent Tiresias affix slyly fu
874,drab slate hot black khaki,MEDIUM PLATED TIN,MED BOX,17668,REG AIR,TAKE BACK RETURN,43.00,76319.41,0.01,1994-11-26,3-MEDIUM,356016.33,Customer#000000005,HOUSEHOLD,794.47,CANADA,AMERICA,13,JORDAN,4,the slyly regular ideas. silent Tiresias affix slyly fu
30,cream misty steel spring medium,PROMO ANODIZED TIN,LG BOX,10375,TRUCK,TAKE BACK RETURN,23.00,21390.69,0.06,1997-01-08,2-HIGH,60612.14,Customer#000000407,MACHINERY,9537.08,ARGENTINA,AMERICA,13,JORDAN,4,the slyly regular ideas. silent Tiresias affix slyly fu
81,misty sandy cornsilk dodger blush,ECONOMY BRUSHED TIN,MED BAG,21606,TRUCK,TAKE BACK RETURN,29.00,28451.32,0.10,1995-01-23,4-NOT SPECIFIED,154080.01,Customer#000000343,HOUSEHOLD,5521.36,CANADA,AMERICA,13,JORDAN,4,the slyly regular ideas. silent Tiresias affix slyly fu
144,hot midnight orchid dim steel,SMALL ANODIZED TIN,SM BOX,21222,TRUCK,DELIVER IN PERSON,34.00,35500.76,0.05,1994-02-04,4-NOT SPECIFIED,222826.57,Customer#000000407,MACHINERY,9537.08,ARGENTINA,AMERICA,13,JORDAN,4,the slyly regular ideas. silent Tiresias affix slyly fu
395,drab steel royal medium chartreuse,MEDIUM BURNISHED BRASS,LG BOX,16610,MAIL,TAKE BACK RETURN,42.00,54406.38,0.00,1994-10-11,2-HIGH,181988.84,Customer#000000017,AUTOMOBILE,6.34,BRAZIL,AMERICA,13,JORDAN,4,the slyly regular ideas. silent Tiresias affix slyly fu
107,violet honeydew bisque sienna orchid,SMALL BURNISHED TIN,MED BOX,5090,TRUCK,TAKE BACK RETURN,22.00,22156.20,0.07,1997-03-09,1-URGENT,171523.81,Customer#000000442,FURNITURE,4157.00,ARGENTINA,AMERICA,13,JORDAN,4,the slyly regular ideas. silent Tiresias affix slyly fu
826,ghost rosy beige salmon lemon,ECONOMY PLATED TIN,SM CASE,12868,MAIL,DELIVER IN PERSON,45.00,77706.90,0.06,1995-03-02,1-URGENT,212378.63,Customer#000000521,MACHINERY,5830.69,BRAZIL,AMERICA,13,JORDAN,4,the slyly regular ideas. silent Tiresias affix slyly fu
821,smoke drab rose hot spring,PROMO POLISHED TIN,MED BOX,10049,MAIL,DELIVER IN PERSON,30.00,51654.60,0.09,1997-07-23,1-URGENT,167455.41,Customer#000000343,HOUSEHOLD,5521.36,CANADA,AMERICA,13,JORDAN,4,the slyly regular ideas. silent Tiresias affix slyly fu
17,indian navy coral pink deep,ECONOMY BRUSHED STEEL,LG BOX,28739,AIR,DELIVER IN PERSON,45.00,41265.45,0.07,1996-09-10,2-HIGH,154154.14,Customer#000000728,BUILDING,4349.73,UNITED STATES,AMERICA,13,JORDAN,4,the slyly regular ideas. silent Tiresias affix slyly fu
450,sky lace green pale lime,MEDIUM BURNISHED TIN,SM CASE,20198,TRUCK,TAKE BACK RETURN,13.00,17555.85,0.02,1995-06-11,4-NOT SPECIFIED,144541.14,Customer#000000478,BUILDING,-210.40,ARGENTINA,AMERICA,13,JORDAN,4,the slyly regular ideas. silent Tiresias affix slyly fu
758,yellow orchid dim cyan burlywood,ECONOMY ANODIZED TIN,MED BOX,6210,AIR,TAKE BACK RETURN,23.00,38151.25,0.06,1996-11-06,5-LOW,232343.67,Customer#000000343,HOUSEHOLD,5521.36,CANADA,AMERICA,13,JORDAN,4,the slyly regular ideas. silent Tiresias affix slyly fu
81,misty sandy cornsilk dodger blush,ECONOMY BRUSHED TIN,MED BAG,13154,MAIL,TAKE BACK RETURN,42.00,41205.36,0.09,1997-10-22,5-LOW,262523.82,Customer#000000260,MACHINERY,9196.11,ARGENTINA,AMERICA,13,JORDAN,4,the slyly regular ideas. silent Tiresias affix slyly fu
507,red misty salmon ivory khaki,SMALL ANODIZED BRASS,SM CASE,29152,TRUCK,TAKE BACK RETURN,24.00,33780.00,0.06,1995-07-24,5-LOW,201223.31,Customer#000000346,FURNITURE,238.14,BRAZIL,AMERICA,13,JORDAN,4,the slyly regular ideas. silent Tiresias affix slyly fu
758,yellow orchid dim cyan burlywood,ECONOMY ANODIZED TIN,MED BOX,29638,AIR,DELIVER IN PERSON,12.00,19905.00,0.06,1995-10-25,3-MEDIUM,113545.13,Customer#000000505,HOUSEHOLD,6557.51,BRAZIL,AMERICA,13,JORDAN,4,the slyly regular ideas. silent Tiresias affix slyly fu
395,drab steel royal medium chartreuse,MEDIUM BURNISHED BRASS,LG BOX,23169,AIR,TAKE BACK RETURN,39.00,50520.21,0.04,1995-06-24,1-URGENT,227411.29,Customer#000000265,MACHINERY,8275.80,PERU,AMERICA,13,JORDAN,4,the slyly regular ideas. silent Tiresias affix slyly fu
558,blanched seashell navy black dim,STANDARD PLATED BRASS,MED BOX,23142,TRUCK,DELIVER IN PERSON,24.00,35005.20,0.06,1996-05-27,3-MEDIUM,142727.51,Customer#000000011,BUILDING,-272.60,UNITED KINGDOM,EUROPE,13,JORDAN,4,the slyly regular ideas. silent Tiresias affix slyly fu
450,sky lace green pale lime,MEDIUM BURNISHED TIN,SM CASE,29958,TRUCK,DELIVER IN PERSON,28.00,37812.60,0.10,1995-01-07,2-HIGH,143790.75,Customer#000000514,BUILDING,5840.97,UNITED KINGDOM,EUROPE,13,JORDAN,4,the slyly regular ideas. silent Tiresias affix slyly fu
130,gainsboro powder cyan pale rosy,SMALL PLATED NICKEL,LG BOX,577,AIR,TAKE BACK RETURN,25.00,25753.25,0.06,1994-12-19,5-LOW,40599.44,Customer#000000277,BUILDING,8876.10,UNITED KINGDOM,EUROPE,13,JORDAN,4,the slyly regular ideas. silent Tiresias affix slyly fu
130,gainsboro powder cyan pale rosy,SMALL PLATED NICKEL,LG BOX,4646,MAIL,DELIVER IN PERSON,22.00,22662.86,0.01,1996-06-18,1-URGENT,170926.97,Customer#000000413,FURNITURE,5817.90,FRANCE,EUROPE,13,JORDAN,4,the slyly regular ideas. silent Tiresias affix slyly fu
932,cornflower sky powder cyan linen,SMALL ANODIZED COPPER,LG BOX,25568,MAIL,TAKE BACK RETURN,26.00,47656.18,0.08,1996-10-31,1-URGENT,171287.92,Customer#000000514,BUILDING,5840.97,UNITED KINGDOM,EUROPE,13,JORDAN,4,the slyly regular ideas. silent Tiresias affix slyly fu
826,ghost rosy beige salmon lemon,ECONOMY PLATED TIN,SM CASE,14531,MAIL,TAKE BACK RETURN,45.00,77706.90,0.06,1997-06-11,2-HIGH,203176.76,Customer#000000667,AUTOMOBILE,3288.76,FRANCE,EUROPE,13,JORDAN,4,the slyly regular ideas. silent Tiresias affix slyly fu
895,thistle azure magenta mint burnished,MEDIUM BRUSHED STEEL,SM BOX,19363,AIR,TAKE BACK RETURN,35.00,62856.15,0.07,1995-07-06,2-HIGH,280738.15,Customer#000000172,MACHINERY,1134.40,RUSSIA,EUROPE,13,JORDAN,4,the slyly regular ideas. silent Tiresias affix slyly fu
826,ghost rosy beige salmon lemon,ECONOMY PLATED TIN,SM CASE,24674,MAIL,DELIVER IN PERSON,14.00,24175.48,0.06,1996-05-15,2-HIGH,148334.99,Customer#000000046,AUTOMOBILE,5744.59,FRANCE,EUROPE,13,JORDAN,4,the slyly regular ideas. silent Tiresias affix slyly fu
821,smoke drab rose hot spring,PROMO POLISHED TIN,MED BOX,23621,REG AIR,DELIVER IN PERSON,28.00,48210.96,0.03,1996-12-29,3-MEDIUM,214948.72,Customer#000000394,MACHINERY,5200.96,UNITED KINGDOM,EUROPE,13,JORDAN,4,the slyly regular ideas. silent Tiresias affix slyly fu
895,thistle azure magenta mint burnished,MEDIUM BRUSHED STEEL,SM BOX,10244,REG AIR,TAKE BACK RETURN,28.00,50284.92,0.01,1996-04-04,3-MEDIUM,140180.15,Customer#000000149,AUTOMOBILE,8959.65,ROMANIA,EUROPE,13,JORDAN,4,the slyly regular ideas. silent Tiresias affix slyly fu
17,indian navy coral pink deep,ECONOMY BRUSHED STEEL,LG BOX,29316,REG AIR,DELIVER IN PERSON,11.00,10087.11,0.02,1997-05-03,5-LOW,117532.18,Customer#000000683,MACHINERY,9120.93,FRANCE,EUROPE,13,JORDAN,4,the slyly regular ideas. silent Tiresias affix slyly fu
932,cornflower sky powder cyan linen,SMALL ANODIZED COPPER,LG BOX,18564,AIR,TAKE BACK RETURN,39.00,71484.27,0.01,1996-03-18,2-HIGH,173754.81,Customer#000000112,FURNITURE,2953.35,ROMANIA,EUROPE,13,JORDAN,4,the slyly regular ideas. silent Tiresias affix slyly fu
395,drab steel royal medium chartreuse,MEDIUM BURNISHED BRASS,LG BOX,14150,MAIL,DELIVER IN PERSON,38.00,49224.82,0.02,1994-02-09,2-HIGH,186818.41,Customer#000000046,AUTOMOBILE,5744.59,FRANCE,EUROPE,13,JORDAN,4,the slyly regular ideas. silent Tiresias affix slyly fu
867,snow spring black white burnished,PROMO POLISHED NICKEL,LG BOX,17026,AIR,DELIVER IN PERSON,42.00,74250.12,0.00,1996-06-10,3-MEDIUM,270903.98,Customer#000000202,AUTOMOBILE,2237.64,GERMANY,EUROPE,13,JORDAN,4,the slyly regular ideas. silent Tiresias affix slyly fu
874,drab slate hot black khaki,MEDIUM PLATED TIN,MED BOX,8165,MAIL,DELIVER IN PERSON,17.00,30172.79,0.10,1994-10-16,5-LOW,251613.69,Customer#000000112,FURNITURE,2953.35,ROMANIA,EUROPE,13,JORDAN,4,the slyly regular ideas. silent Tiresias affix slyly fu
395,drab steel royal medium chartreuse,MEDIUM BURNISHED BRASS,LG BOX,3234,TRUCK,DELIVER IN PERSON,45.00,58292.55,0.01,1996-04-05,4-NOT SPECIFIED,207014.44,Customer#000000070,FURNITURE,4867.52,RUSSIA,EUROPE,13,JORDAN,4,the slyly regular ideas. silent Tiresias affix slyly fu
450,sky lace green pale lime,MEDIUM BURNISHED TIN,SM CASE,10694,REG AIR,TAKE BACK RETURN,15.00,20256.75,0.07,1997-12-05,2-HIGH,196213.05,Customer#000000712,BUILDING,8667.09,FRANCE,EUROPE,13,JORDAN,4,the slyly regular ideas. silent Tiresias affix slyly fu
895,thistle azure magenta mint burnished,MEDIUM BRUSHED STEEL,SM BOX,11616,REG AIR,TAKE BACK RETURN,34.00,61060.26,0.03,1996-08-02,2-HIGH,265398.53,Customer#000000202,AUTOMOBILE,2237.64,GERMANY,EUROPE,13,JORDAN,4,the slyly regular ideas. silent Tiresias affix slyly fu
392,medium plum powder blush yellow,MEDIUM BRUSHED COPPER,SM BOX,14754,TRUCK,DELIVER IN PERSON,36.00,46526.04,0.10,1996-06-23,3-MEDIUM,99648.70,Customer#000000043,MACHINERY,9904.28,ROMANIA,EUROPE,13,JORDAN,4,the slyly regular ideas. silent Tiresias affix slyly fu
17,indian navy coral pink deep,ECONOMY BRUSHED STEEL,LG BOX,17478,TRUCK,DELIVER IN PERSON,15.00,13755.15,0.08,1996-11-24,3-MEDIUM,125381.06,Customer#000000118,AUTOMOBILE,3582.37,CHINA,ASIA,14,KENYA,0,lyly special foxes. slyly regular deposits sleep carefully. carefully permanent accounts slee
107,violet honeydew bisque sienna orchid,SMALL BURNISHED TIN,MED BOX,10145,REG AIR,DELIVER IN PERSON,37.00,37262.70,0.10,1995-05-25,5-LOW,314527.26,Customer#000000323,AUTOMOBILE,1137.67,CHINA,ASIA,14,KENYA,0,lyly special foxes. slyly regular deposits sleep carefully. carefully permanent accounts slee
572,navy plum lime goldenrod saddle,LARGE BURNISHED COPPER,SM BOX,2657,MAIL,TAKE BACK RETURN,22.00,32396.54,0.02,1995-10-17,2-HIGH,215489.74,Customer#000000124,AUTOMOBILE,1842.49,CHINA,ASIA,14,KENYA,0,lyly special foxes. slyly regular deposits sleep carefully. carefully permanent accounts slee
932,cornflower sky powder cyan linen,SMALL ANODIZED COPPER,LG BOX,5600,MAIL,TAKE BACK RETURN,34.00,62319.62,0.02,1997-02-08,4-NOT SPECIFIED,79054.82,Customer#000000472,MACHINERY,7929.90,JAPAN,ASIA,14,KENYA,0,lyly special foxes. slyly regular deposits sleep carefully. carefully permanent accounts slee
81,misty sandy cornsilk dodger blush,ECONOMY BRUSHED TIN,MED BAG,27296,REG AIR,DELIVER IN PERSON,26.00,25508.08,0.00,1997-08-30,4-NOT SPECIFIED,217953.54,Customer#000000341,FURNITURE,8247.11,INDONESIA,ASIA,14,KENYA,0,lyly special foxes. slyly regular deposits sleep carefully. carefully permanent accounts slee
946,medium drab rosy spring salmon,MEDIUM PLATED TIN,LG BOX,4481,AIR,TAKE BACK RETURN,27.00,49867.38,0.02,1996-03-30,5-LOW,103321.16,Customer#000000734,AUTOMOBILE,9750.71,CHINA,ASIA,14,KENYA,0,lyly special foxes. slyly regular deposits sleep carefully. carefully permanent accounts slee
758,yellow orchid dim cyan burlywood,ECONOMY ANODIZED TIN,MED BOX,15875,MAIL,DELIVER IN PERSON,21.00,34833.75,0.03,1996-09-01,3-MEDIUM,179557.05,Customer#000000406,FURNITURE,4286.94,INDONESIA,ASIA,14,KENYA,0,lyly special foxes. slyly regular deposits sleep carefully. carefully permanent accounts slee
107,violet honeydew bisque sienna orchid,SMALL BURNISHED TIN,MED BOX,8451,AIR,TAKE BACK RETURN,19.00,19134.90,0.04,1995-12-14,3-MEDIUM,53487.23,Customer#000000163,FURNITURE,2948.61,VIETNAM,ASIA,14,KENYA,0,lyly special foxes. slyly regular deposits sleep carefully. carefully permanent accounts slee
895,thistle azure magenta mint burnished,MEDIUM BRUSHED STEEL,SM BOX,2182,TRUCK,TAKE BACK RETURN,37.00,66447.93,0.06,1994-04-05,2-HIGH,171704.77,Customer#000000113,BUILDING,2912.00,JAPAN,ASIA,14,KENYA,0,lyly special foxes. slyly regular deposits sleep carefully. carefully permanent accounts slee
144,hot midnight orchid dim steel,SMALL ANODIZED TIN,SM BOX,2791,AIR,DELIVER IN PERSON,26.00,27147.64,0.06,1994-10-10,2-HIGH,214697.04,Customer#000000604,HOUSEHOLD,3195.96,VIETNAM,ASIA,14,KENYA,0,lyly special foxes. slyly regular deposits sleep carefully. carefully permanent accounts slee
895,thistle azure magenta mint burnished,MEDIUM BRUSHED STEEL,SM BOX,4642,MAIL,DELIVER IN PERSON,41.00,73631.49,0.10,1995-02-27,1-URGENT,185628.40,Customer#000000737,AUTOMOBILE,2501.74,CHINA,ASIA,14,KENYA,0,lyly special foxes. slyly regular deposits sleep carefully. carefully permanent accounts slee
895,thistle azure magenta mint burnished,MEDIUM BRUSHED STEEL,SM BOX,13059,AIR,DELIVER IN PERSON,35.00,62856.15,0.05,1997-05-31,5-LOW,232548.03,Customer#000000068,HOUSEHOLD,6853.37,JAPAN,ASIA,14,KENYA,0,lyly special foxes. slyly regular deposits sleep carefully. carefully permanent accounts slee
821,smoke drab rose hot spring,PROMO POLISHED TIN,MED BOX,11652,REG AIR,TAKE BACK RETURN,10.00,17218.20,0.07,1995-11-11,4-NOT SPECIFIED,221817.66,Customer#000000721,AUTOMOBILE,3420.64,VIETNAM,ASIA,14,KENYA,0,lyly special foxes. slyly regular deposits sleep carefully. carefully permanent accounts slee
826,ghost rosy beige salmon lemon,ECONOMY PLATED TIN,SM CASE,28161,MAIL,DELIVER IN PERSON,33.00,56985.06,0.09,1994-06-16,4-NOT SPECIFIED,281929.48,Customer#000000316,MACHINERY,4571.78,INDIA,ASIA,14,KENYA,0,lyly special foxes. slyly regular deposits sleep carefully. carefully permanent accounts slee
450,sky lace green pale lime,MEDIUM BURNISHED TIN,SM CASE,24705,AIR,DELIVER IN PERSON,42.00,56718.90,0.09,1995-09-16,1-URGENT,114109.64,Customer#000000268,MACHINERY,6821.01,CANADA,AMERICA,14,KENYA,0,lyly special foxes. slyly regular deposits sleep carefully. carefully permanent accounts slee
144,hot midnight orchid dim steel,SMALL ANODIZED TIN,SM BOX,17476,MAIL,TAKE BACK RETURN,39.00,40721.46,0.01,1996-05-29,1-URGENT,116707.45,Customer#000000268,MACHINERY,6821.01,CANADA,AMERICA,14,KENYA,0,lyly special foxes. slyly regular deposits sleep carefully. carefully permanent accounts slee
867,snow spring black white burnished,PROMO POLISHED NICKEL,LG BOX,14944,AIR,TAKE BACK RETURN,21.00,37125.06,0.05,1997-10-14,2-HIGH,129269.44,Customer#000000268,MACHINERY,6821.01,CANADA,AMERICA,14,KENYA,0,lyly special foxes. slyly regular deposits sleep carefully. carefully permanent accounts slee
958,turquoise sandy drab dodger cyan,LARGE PLATED NICKEL,LG BOX,22306,MAIL,DELIVER IN PERSON,13.00,24166.35,0.09,1996-08-16,4-NOT SPECIFIED,131060.76,Customer#000000229,BUILDING,7568.07,ARGENTINA,AMERICA,14,KENYA,0,lyly special foxes. slyly regular deposits sleep carefully. carefully permanent accounts slee
874,drab slate hot black khaki,MEDIUM PLATED TIN,MED BOX,17668,REG AIR,TAKE BACK RETURN,43.00,76319.41,0.01,1994-11-26,3-MEDIUM,356016.33,Customer#000000005,HOUSEHOLD,794.47,CANADA,AMERICA,14,KENYA,0,lyly special foxes. slyly regular deposits sleep carefully. carefully permanent accounts slee
30,cream misty steel spring medium,PROMO ANODIZED TIN,LG BOX,10375,TRUCK,TAKE BACK RETURN,23.00,21390.69,0.06,1997-01-08,2-HIGH,60612.14,Customer#000000407,MACHINERY,9537.08,ARGENTINA,AMERICA,14,KENYA,0,lyly special foxes. slyly regular deposits sleep carefully. carefully permanent accounts slee
81,misty sandy cornsilk dodger blush,ECONOMY BRUSHED TIN,MED BAG,21606,TRUCK,TAKE BACK RETURN,29.00,28451.32,0.10,1995-01-23,4-NOT SPECIFIED,154080.01,Customer#000000343,HOUSEHOLD,5521.36,CANADA,AMERICA,14,KENYA,0,lyly special foxes. slyly regular deposits sleep carefully. carefully permanent accounts slee
144,hot midnight orchid dim steel,SMALL ANODIZED TIN,SM BOX,21222,TRUCK,DELIVER IN PERSON,34.00,35500.76,0.05,1994-02-04,4-NOT SPECIFIED,222826.57,Customer#000000407,MACHINERY,9537.08,ARGENTINA,AMERICA,14,KENYA,0,lyly special foxes. slyly regular deposits sleep carefully. carefully permanent accounts slee
395,drab steel royal medium chartreuse,MEDIUM BURNISHED BRASS,LG BOX,16610,MAIL,TAKE BACK RETURN,42.00,54406.38,0.00,1994-10-11,2-HIGH,181988.84,Customer#000000017,AUTOMOBILE,6.34,BRAZIL,AMERICA,14,KENYA,0,lyly special foxes. slyly regular deposits sleep carefully. carefully permanent accounts slee
107,violet honeydew bisque sienna orchid,SMALL BURNISHED TIN,MED BOX,5090,TRUCK,TAKE BACK RETURN,22.00,22156.20,0.07,1997-03-09,1-URGENT,171523.81,Customer#000000442,FURNITURE,4157.00,ARGENTINA,AMERICA,14,KENYA,0,lyly special foxes. slyly regular deposits sleep carefully. carefully permanent accounts slee
826,ghost rosy beige salmon lemon,ECONOMY PLATED TIN,SM CASE,12868,MAIL,DELIVER IN PERSON,45.00,77706.90,0.06,1995-03-02,1-URGENT,212378.63,Customer#000000521,MACHINERY,5830.69,BRAZIL,AMERICA,14,KENYA,0,lyly special foxes. slyly regular deposits sleep carefully. carefully permanent accounts slee
821,smoke drab rose hot spring,PROMO POLISHED TIN,MED BOX,10049,MAIL,DELIVER IN PERSON,30.00,51654.60,0.09,1997-07-23,1-URGENT,167455.41,Customer#000000343,HOUSEHOLD,5521.36,CANADA,AMERICA,14,KENYA,0,lyly special foxes. slyly regular deposits sleep carefully. carefully permanent accounts slee
17,indian navy coral pink deep,ECONOMY BRUSHED STEEL,LG BOX,28739,AIR,DELIVER IN PERSON,45.00,41265.45,0.07,1996-09-10,2-HIGH,154154.14,Customer#000000728,BUILDING,4349.73,UNITED STATES,AMERICA,14,KENYA,0,lyly special foxes. slyly regular deposits sleep carefully. carefully permanent accounts slee
450,sky lace green pale lime,MEDIUM BURNISHED TIN,SM CASE,20198,TRUCK,TAKE BACK RETURN,13.00,17555.85,0.02,1995-06-11,4-NOT SPECIFIED,144541.14,Customer#000000478,BUILDING,-210.40,ARGENTINA,AMERICA,14,KENYA,0,lyly special foxes. slyly regular deposits sleep carefully. carefully permanent accounts slee
758,yellow orchid dim cyan burlywood,ECONOMY ANODIZED TIN,MED BOX,6210,AIR,TAKE BACK RETURN,23.00,38151.25,0.06,1996-11-06,5-LOW,232343.67,Customer#000000343,HOUSEHOLD,5521.36,CANADA,AMERICA,14,KENYA,0,lyly special foxes. slyly regular deposits sleep carefully. carefully permanent accounts slee
81,misty sandy cornsilk dodger blush,ECONOMY BRUSHED TIN,MED BAG,13154,MAIL,TAKE BACK RETURN,42.00,41205.36,0.09,1997-10-22,5-LOW,262523.82,Customer#000000260,MACHINERY,9196.11,ARGENTINA,AMERICA,14,KENYA,0,lyly special foxes. slyly regular deposits sleep carefully. carefully permanent accounts slee
507,red misty salmon ivory khaki,SMALL ANODIZED BRASS,SM CASE,29152,TRUCK,TAKE BACK RETURN,24.00,33780.00,0.06,1995-07-24,5-LOW,201223.31,Customer#000000346,FURNITURE,238.14,BRAZIL,AMERICA,14,KENYA,0,lyly special foxes. slyly regular deposits sleep carefully. carefully permanent accounts slee
758,yellow orchid dim cyan burlywood,ECONOMY ANODIZED TIN,MED BOX,29638,AIR,DELIVER IN PERSON,12.00,19905.00,0.06,1995-10-25,3-MEDIUM,113545.13,Customer#000000505,HOUSEHOLD,6557.51,BRAZIL,AMERICA,14,KENYA,0,lyly special foxes. slyly regular deposits sleep carefully. carefully permanent accounts slee
395,drab steel royal medium chartreuse,MEDIUM BURNISHED BRASS,LG BOX,23169,AIR,TAKE BACK RETURN,39.00,50520.21,0.04,1995-06-24,1-URGENT,227411.29,Customer#000000265,MACHINERY,8275.80,PERU,AMERICA,14,KENYA,0,lyly special foxes. slyly regular deposits sleep carefully. carefully permanent accounts slee
558,blanched seashell navy black dim,STANDARD PLATED BRASS,MED BOX,23142,TRUCK,DELIVER IN PERSON,24.00,35005.20,0.06,1996-05-27,3-MEDIUM,142727.51,Customer#000000011,BUILDING,-272.60,UNITED KINGDOM,EUROPE,14,KENYA,0,lyly special foxes. slyly regular deposits sleep carefully. carefully permanent accounts slee
450,sky lace green pale lime,MEDIUM BURNISHED TIN,SM CASE,29958,TRUCK,DELIVER IN PERSON,28.00,37812.60,0.10,1995-01-07,2-HIGH,143790.75,Customer#000000514,BUILDING,5840.97,UNITED KINGDOM,EUROPE,14,KENYA,0,lyly special foxes. slyly regular deposits sleep carefully. carefully permanent accounts slee
130,gainsboro powder cyan pale rosy,SMALL PLATED NICKEL,LG BOX,577,AIR,TAKE BACK RETURN,25.00,25753.25,0.06,1994-12-19,5-LOW,40599.44,Customer#000000277,BUILDING,8876.10,UNITED KINGDOM,EUROPE,14,KENYA,0,lyly special foxes. slyly regular deposits sleep carefully. carefully permanent accounts slee
130,gainsboro powder cyan pale rosy,SMALL PLATED NICKEL,LG BOX,4646,MAIL,DELIVER IN PERSON,22.00,22662.86,0.01,1996-06-18,1-URGENT,170926.97,Customer#000000413,FURNITURE,5817.90,FRANCE,EUROPE,14,KENYA,0,lyly special foxes. slyly regular deposits sleep carefully. carefully permanent accounts slee
932,cornflower sky powder cyan linen,SMALL ANODIZED COPPER,LG BOX,25568,MAIL,TAKE BACK RETURN,26.00,47656.18,0.08,1996-10-31,1-URGENT,171287.92,Customer#000000514,BUILDING,5840.97,UNITED KINGDOM,EUROPE,14,KENYA,0,lyly special foxes. slyly regular deposits sleep carefully. carefully permanent accounts slee
826,ghost rosy beige salmon lemon,ECONOMY PLATED TIN,SM CASE,14531,MAIL,TAKE BACK RETURN,45.00,77706.90,0.06,1997-06-11,2-HIGH,203176.76,Customer#000000667,AUTOMOBILE,3288.76,FRANCE,EUROPE,14,KENYA,0,lyly special foxes. slyly regular deposits sleep carefully. carefully permanent accounts slee
895,thistle azure magenta mint burnished,MEDIUM BRUSHED STEEL,SM BOX,19363,AIR,TAKE BACK RETURN,35.00,62856.15,0.07,1995-07-06,2-HIGH,280738.15,Customer#000000172,MACHINERY,1134.40,RUSSIA,EUROPE,14,KENYA,0,lyly special foxes. slyly regular deposits sleep carefully. carefully permanent accounts slee
826,ghost rosy beige salmon lemon,ECONOMY PLATED TIN,SM CASE,24674,MAIL,DELIVER IN PERSON,14.00,24175.48,0.06,1996-05-15,2-HIGH,148334.99,Customer#000000046,AUTOMOBILE,5744.59,FRANCE,EUROPE,14,KENYA,0,lyly special foxes. slyly regular deposits sleep carefully. carefully permanent accounts slee
821,smoke drab rose hot spring,PROMO POLISHED TIN,MED BOX,23621,REG AIR,DELIVER IN PERSON,28.00,48210.96,0.03,1996-12-29,3-MEDIUM,214948.72,Customer#000000394,MACHINERY,5200.96,UNITED KINGDOM,EUROPE,14,KENYA,0,lyly special foxes. slyly regular deposits sleep carefully. carefully permanent accounts slee
895,thistle azure magenta mint burnished,MEDIUM BRUSHED STEEL,SM BOX,10244,REG AIR,TAKE BACK RETURN,28.00,50284.92,0.01,1996-04-04,3-MEDIUM,140180.15,Customer#000000149,AUTOMOBILE,8959.65,ROMANIA,EUROPE,14,KENYA,0,lyly special foxes. slyly regular deposits sleep carefully. carefully permanent accounts slee
17,indian navy coral pink deep,ECONOMY BRUSHED STEEL,LG BOX,29316,REG AIR,DELIVER IN PERSON,11.00,10087.11,0.02,1997-05-03,5-LOW,117532.18,Customer#000000683,MACHINERY,9120.93,FRANCE,EUROPE,14,KENYA,0,lyly special foxes. slyly regular deposits sleep carefully. carefully permanent accounts slee
932,cornflower sky powder cyan linen,SMALL ANODIZED COPPER,LG BOX,18564,AIR,TAKE BACK RETURN,39.00,71484.27,0.01,1996-03-18,2-HIGH,173754.81,Customer#000000112,FURNITURE,2953.35,ROMANIA,EUROPE,14,KENYA,0,lyly special foxes. slyly regular deposits sleep carefully. carefully permanent accounts slee
395,drab steel royal medium chartreuse,MEDIUM BURNISHED BRASS,LG BOX,14150,MAIL,DELIVER IN PERSON,38.00,49224.82,0.02,1994-02-09,2-HIGH,186818.41,Customer#000000046,AUTOMOBILE,5744.59,FRANCE,EUROPE,14,KENYA,0,lyly special foxes. slyly regular deposits sleep carefully. carefully permanent accounts slee
867,snow spring black white burnished,PROMO POLISHED NICKEL,LG BOX,17026,AIR,DELIVER IN PERSON,42.00,74250.12,0.00,1996-06-10,3-MEDIUM,270903.98,Customer#000000202,AUTOMOBILE,2237.64,GERMANY,EUROPE,14,KENYA,0,lyly special foxes. slyly regular deposits sleep carefully. carefully permanent accounts slee
874,drab slate hot black khaki,MEDIUM PLATED TIN,MED BOX,8165,MAIL,DELIVER IN PERSON,17.00,30172.79,0.10,1994-10-16,5-LOW,251613.69,Customer#000000112,FURNITURE,2953.35,ROMANIA,EUROPE,14,KENYA,0,lyly special foxes. slyly regular deposits sleep carefully. carefully permanent accounts slee
395,drab steel royal medium chartreuse,MEDIUM BURNISHED BRASS,LG BOX,3234,TRUCK,DELIVER IN PERSON,45.00,58292.55,0.01,1996-04-05,4-NOT SPECIFIED,207014.44,Customer#000000070,FURNITURE,4867.52,RUSSIA,EUROPE,14,KENYA,0,lyly special foxes. slyly regular deposits sleep carefully. carefully permanent accounts slee
450,sky lace green pale lime,MEDIUM BURNISHED TIN,SM CASE,10694,REG AIR,TAKE BACK RETURN,15.00,20256.75,0.07,1997-12-05,2-HIGH,196213.05,Customer#000000712,BUILDING,8667.09,FRANCE,EUROPE,14,KENYA,0,lyly special foxes. slyly regular deposits sleep carefully. carefully permanent accounts slee
895,thistle azure magenta mint burnished,MEDIUM BRUSHED STEEL,SM BOX,11616,REG AIR,TAKE BACK RETURN,34.00,61060.26,0.03,1996-08-02,2-HIGH,265398.53,Customer#000000202,AUTOMOBILE,2237.64,GERMANY,EUROPE,14,KENYA,0,lyly special foxes. slyly regular deposits sleep carefully. carefully permanent accounts slee
392,medium plum powder blush yellow,MEDIUM BRUSHED COPPER,SM BOX,14754,TRUCK,DELIVER IN PERSON,36.00,46526.04,0.10,1996-06-23,3-MEDIUM,99648.70,Customer#000000043,MACHINERY,9904.28,ROMANIA,EUROPE,14,KENYA,0,lyly special foxes. slyly regular deposits sleep carefully. carefully permanent accounts slee
17,indian navy coral pink deep,ECONOMY BRUSHED STEEL,LG BOX,17478,TRUCK,DELIVER IN PERSON,15.00,13755.15,0.08,1996-11-24,3-MEDIUM,125381.06,Customer#000000118,AUTOMOBILE,3582.37,CHINA,ASIA,15,MOROCCO,0,ct blithely: blithely express accounts nag carefully. silent packages haggle carefully abo
107,violet honeydew bisque sienna orchid,SMALL BURNISHED TIN,MED BOX,10145,REG AIR,DELIVER IN PERSON,37.00,37262.70,0.10,1995-05-25,5-LOW,314527.26,Customer#000000323,AUTOMOBILE,1137.67,CHINA,ASIA,15,MOROCCO,0,ct blithely: blithely express accounts nag carefully. silent packages haggle carefully abo
572,navy plum lime goldenrod saddle,LARGE BURNISHED COPPER,SM BOX,2657,MAIL,TAKE BACK RETURN,22.00,32396.54,0.02,1995-10-17,2-HIGH,215489.74,Customer#000000124,AUTOMOBILE,1842.49,CHINA,ASIA,15,MOROCCO,0,ct blithely: blithely express accounts nag carefully. silent packages haggle carefully abo
932,cornflower sky powder cyan linen,SMALL ANODIZED COPPER,LG BOX,5600,MAIL,TAKE BACK RETURN,34.00,62319.62,0.02,1997-02-08,4-NOT SPECIFIED,79054.82,Customer#000000472,MACHINERY,7929.90,JAPAN,ASIA,15,MOROCCO,0,ct blithely: blithely express accounts nag carefully. silent packages haggle carefully abo
81,misty sandy cornsilk dodger blush,ECONOMY BRUSHED TIN,MED BAG,27296,REG AIR,DELIVER IN PERSON,26.00,25508.08,0.00,1997-08-30,4-NOT SPECIFIED,217953.54,Customer#000000341,FURNITURE,8247.11,INDONESIA,ASIA,15,MOROCCO,0,ct blithely: blithely express accounts nag carefully. silent packages haggle carefully abo
946,medium drab rosy spring salmon,MEDIUM PLATED TIN,LG BOX,4481,AIR,TAKE BACK RETURN,27.00,49867.38,0.02,1996-03-30,5-LOW,103321.16,Customer#000000734,AUTOMOBILE,9750.71,CHINA,ASIA,15,MOROCCO,0,ct blithely: blithely express accounts nag carefully. silent packages haggle carefully abo
758,yellow orchid dim cyan burlywood,ECONOMY ANODIZED TIN,MED BOX,15875,MAIL,DELIVER IN PERSON,21.00,34833.75,0.03,1996-09-01,3-MEDIUM,179557.05,Customer#000000406,FURNITURE,4286.94,INDONESIA,ASIA,15,MOROCCO,0,ct blithely: blithely express accounts nag carefully. silent packages haggle carefully abo
107,violet honeydew bisque sienna orchid,SMALL BURNISHED TIN,MED BOX,8451,AIR,TAKE BACK RETURN,19.00,19134.90,0.04,1995-12-14,3-MEDIUM,53487.23,Customer#000000163,FURNITURE,2948.61,VIETNAM,ASIA,15,MOROCCO,0,ct blithely: blithely express accounts nag carefully. silent packages haggle carefully abo
895,thistle azure magenta mint burnished,MEDIUM BRUSHED STEEL,SM BOX,2182,TRUCK,TAKE BACK RETURN,37.00,66447.93,0.06,1994-04-05,2-HIGH,171704.77,Customer#000000113,BUILDING,2912.00,JAPAN,ASIA,15,MOROCCO,0,ct blithely: blithely express accounts nag carefully. silent packages haggle carefully abo
144,hot midnight orchid dim steel,SMALL ANODIZED TIN,SM BOX,2791,AIR,DELIVER IN PERSON,26.00,27147.64,0.06,1994-10-10,2-HIGH,214697.04,Customer#000000604,HOUSEHOLD,3195.96,VIETNAM,ASIA,15,MOROCCO,0,ct blithely: blithely express accounts nag carefully. silent packages haggle carefully abo
895,thistle azure magenta mint burnished,MEDIUM BRUSHED STEEL,SM BOX,4642,MAIL,DELIVER IN PERSON,41.00,73631.49,0.10,1995-02-27,1-URGENT,185628.40,Customer#000000737,AUTOMOBILE,2501.74,CHINA,ASIA,15,MOROCCO,0,ct blithely: blithely express accounts nag carefully. silent packages haggle carefully abo
895,thistle azure magenta mint burnished,MEDIUM BRUSHED STEEL,SM BOX,13059,AIR,DELIVER IN PERSON,35.00,62856.15,0.05,1997-05-31,5-LOW,232548.03,Customer#000000068,HOUSEHOLD,6853.37,JAPAN,ASIA,15,MOROCCO,0,ct blithely: blithely express accounts nag carefully. silent packages haggle carefully abo
821,smoke drab rose hot spring,PROMO POLISHED TIN,MED BOX,11652,REG AIR,TAKE BACK RETURN,10.00,17218.20,0.07,1995-11-11,4-NOT SPECIFIED,221817.66,Customer#000000721,AUTOMOBILE,3420.64,VIETNAM,ASIA,15,MOROCCO,0,ct blithely: blithely express accounts nag carefully. silent packages haggle carefully abo
826,ghost rosy beige salmon lemon,ECONOMY PLATED TIN,SM CASE,28161,MAIL,DELIVER IN PERSON,33.00,56985.06,0.09,1994-06-16,4-NOT SPECIFIED,281929.48,Customer#000000316,MACHINERY,4571.78,INDIA,ASIA,15,MOROCCO,0,ct blithely: blithely express accounts nag carefully. silent packages haggle carefully abo
450,sky lace green pale lime,MEDIUM BURNISHED TIN,SM CASE,24705,AIR,DELIVER IN PERSON,42.00,56718.90,0.09,1995-09-16,1-URGENT,114109.64,Customer#000000268,MACHINERY,6821.01,CANADA,AMERICA,15,MOROCCO,0,ct blithely: blithely express accounts nag carefully. silent packages haggle carefully abo
144,hot midnight orchid dim steel,SMALL ANODIZED TIN,SM BOX,17476,MAIL,TAKE BACK RETURN,39.00,40721.46,0.01,1996-05-29,1-URGENT,116707.45,Customer#000000268,MACHINERY,6821.01,CANADA,AMERICA,15,MOROCCO,0,ct blithely: blithely express accounts nag carefully. silent packages haggle carefully abo
867,snow spring black white burnished,PROMO POLISHED NICKEL,LG BOX,14944,AIR,TAKE BACK RETURN,21.00,37125.06,0.05,1997-10-14,2-HIGH,129269.44,Customer#000000268,MACHINERY,6821.01,CANADA,AMERICA,15,MOROCCO,0,ct blithely: blithely express accounts nag carefully. silent packages haggle carefully abo
958,turquoise sandy drab dodger cyan,LARGE PLATED NICKEL,LG BOX,22306,MAIL,DELIVER IN PERSON,13.00,24166.35,0.09,1996-08-16,4-NOT SPECIFIED,131060.76,Customer#000000229,BUILDING,7568.07,ARGENTINA,AMERICA,15,MOROCCO,0,ct blithely: blithely express accounts nag carefully. silent packages haggle carefully abo
874,drab slate hot black khaki,MEDIUM PLATED TIN,MED BOX,17668,REG AIR,TAKE BACK RETURN,43.00,76319.41,0.01,1994-11-26,3-MEDIUM,356016.33,Customer#000000005,HOUSEHOLD,794.47,CANADA,AMERICA,15,MOROCCO,0,ct blithely: blithely express accounts nag carefully. silent packages haggle carefully abo
30,cream misty steel spring medium,PROMO ANODIZED TIN,LG BOX,10375,TRUCK,TAKE BACK RETURN,23.00,21390.69,0.06,1997-01-08,2-HIGH,60612.14,Customer#000000407,MACHINERY,9537.08,ARGENTINA,AMERICA,15,MOROCCO,0,ct blithely: blithely express accounts nag carefully. silent packages haggle carefully abo
81,misty sandy cornsilk dodger blush,ECONOMY BRUSHED TIN,MED BAG,21606,TRUCK,TAKE BACK RETURN,29.00,28451.32,0.10,1995-01-23,4-NOT SPECIFIED,154080.01,Customer#000000343,HOUSEHOLD,5521.36,CANADA,AMERICA,15,MOROCCO,0,ct blithely: blithely express accounts nag carefully. silent packages haggle carefully abo
144,hot midnight orchid dim steel,SMALL ANODIZED TIN,SM BOX,21222,TRUCK,DELIVER IN PERSON,34.00,35500.76,0.05,1994-02-04,4-NOT SPECIFIED,222826.57,Customer#000000407,MACHINERY,9537.08,ARGENTINA,AMERICA,15,MOROCCO,0,ct blithely: blithely express accounts nag carefully. silent packages haggle carefully abo
395,drab steel royal medium chartreuse,MEDIUM BURNISHED BRASS,LG BOX,16610,MAIL,TAKE BACK RETURN,42.00,54406.38,0.00,1994-10-11,2-HIGH,181988.84,Customer#000000017,AUTOMOBILE,6.34,BRAZIL,AMERICA,15,MOROCCO,0,ct blithely: blithely express accounts nag carefully. silent packages haggle carefully abo
107,violet honeydew bisque sienna orchid,SMALL BURNISHED TIN,MED BOX,5090,TRUCK,TAKE BACK RETURN,22.00,22156.20,0.07,1997-03-09,1-URGENT,171523.81,Customer#000000442,FURNITURE,4157.00,ARGENTINA,AMERICA,15,MOROCCO,0,ct blithely: blithely express accounts nag carefully. silent packages haggle carefully abo
826,ghost rosy beige salmon lemon,ECONOMY PLATED TIN,SM CASE,12868,MAIL,DELIVER IN PERSON,45.00,77706.90,0.06,1995-03-02,1-URGENT,212378.63,Customer#000000521,MACHINERY,5830.69,BRAZIL,AMERICA,15,MOROCCO,0,ct blithely: blithely express accounts nag carefully. silent packages haggle carefully abo
821,smoke drab rose hot spring,PROMO POLISHED TIN,MED BOX,10049,MAIL,DELIVER IN PERSON,30.00,51654.60,0.09,1997-07-23,1-URGENT,167455.41,Customer#000000343,HOUSEHOLD,5521.36,CANADA,AMERICA,15,MOROCCO,0,ct blithely: blithely express accounts nag carefully. silent packages haggle carefully abo
17,indian navy coral pink deep,ECONOMY BRUSHED STEEL,LG BOX,28739,AIR,DELIVER IN PERSON,45.00,41265.45,0.07,1996-09-10,2-HIGH,154154.14,Customer#000000728,BUILDING,4349.73,UNITED STATES,AMERICA,15,MOROCCO,0,ct blithely: blithely express accounts nag carefully. silent packages haggle carefully abo
450,sky lace green pale lime,MEDIUM BURNISHED TIN,SM CASE,20198,TRUCK,TAKE BACK RETURN,13.00,17555.85,0.02,1995-06-11,4-NOT SPECIFIED,144541.14,Customer#000000478,BUILDING,-210.40,ARGENTINA,AMERICA,15,MOROCCO,0,ct blithely: blithely express accounts nag carefully. silent packages haggle carefully abo
758,yellow orchid dim cyan burlywood,ECONOMY ANODIZED TIN,MED BOX,6210,AIR,TAKE BACK RETURN,23.00,38151.25,0.06,1996-11-06,5-LOW,232343.67,Customer#000000343,HOUSEHOLD,5521.36,CANADA,AMERICA,15,MOROCCO,0,ct blithely: blithely express accounts nag carefully. silent packages haggle carefully abo
81,misty sandy cornsilk dodger blush,ECONOMY BRUSHED TIN,MED BAG,13154,MAIL,TAKE BACK RETURN,42.00,41205.36,0.09,1997-10-22,5-LOW,262523.82,Customer#000000260,MACHINERY,9196.11,ARGENTINA,AMERICA,15,MOROCCO,0,ct blithely: blithely express accounts nag carefully. silent packages haggle carefully abo
507,red misty salmon ivory khaki,SMALL ANODIZED BRASS,SM CASE,29152,TRUCK,TAKE BACK RETURN,24.00,33780.00,0.06,1995-07-24,5-LOW,201223.31,Customer#000000346,FURNITURE,238.14,BRAZIL,AMERICA,15,MOROCCO,0,ct blithely: blithely express accounts nag carefully. silent packages haggle carefully abo
758,yellow orchid dim cyan burlywood,ECONOMY ANODIZED TIN,MED BOX,29638,AIR,DELIVER IN PERSON,12.00,19905.00,0.06,1995-10-25,3-MEDIUM,113545.13,Customer#000000505,HOUSEHOLD,6557.51,BRAZIL,AMERICA,15,MOROCCO,0,ct blithely: blithely express accounts nag carefully. silent packages haggle carefully abo
395,drab steel royal medium chartreuse,MEDIUM BURNISHED BRASS,LG BOX,23169,AIR,TAKE BACK RETURN,39.00,50520.21,0.04,1995-06-24,1-URGENT,227411.29,Customer#000000265,MACHINERY,8275.80,PERU,AMERICA,15,MOROCCO,0,ct blithely: blithely express accounts nag carefully. silent packages haggle carefully abo
558,blanched seashell navy black dim,STANDARD PLATED BRASS,MED BOX,23142,TRUCK,DELIVER IN PERSON,24.00,35005.20,0.06,1996-05-27,3-MEDIUM,142727.51,Customer#000000011,BUILDING,-272.60,UNITED KINGDOM,EUROPE,15,MOROCCO,0,ct blithely: blithely express accounts nag carefully. silent packages haggle carefully abo
450,sky lace green pale lime,MEDIUM BURNISHED TIN,SM CASE,29958,TRUCK,DELIVER IN PERSON,28.00,37812.60,0.10,1995-01-07,2-HIGH,143790.75,Customer#000000514,BUILDING,5840.97,UNITED KINGDOM,EUROPE,15,MOROCCO,0,ct blithely: blithely express accounts nag carefully. silent packages haggle carefully abo
130,gainsboro powder cyan pale rosy,SMALL PLATED NICKEL,LG BOX,577,AIR,TAKE BACK RETURN,25.00,25753.25,0.06,1994-12-19,5-LOW,40599.44,Customer#000000277,BUILDING,8876.10,UNITED KINGDOM,EUROPE,15,MOROCCO,0,ct blithely: blithely express accounts nag carefully. silent packages haggle carefully abo
130,gainsboro powder cyan pale rosy,SMALL PLATED NICKEL,LG BOX,4646,MAIL,DELIVER IN PERSON,22.00,22662.86,0.01,1996-06-18,1-URGENT,170926.97,Customer#000000413,FURNITURE,5817.90,FRANCE,EUROPE,15,MOROCCO,0,ct blithely: blithely express accounts nag carefully. silent packages haggle carefully abo
932,cornflower sky powder cyan linen,SMALL ANODIZED COPPER,LG BOX,25568,MAIL,TAKE BACK RETURN,26.00,47656.18,0.08,1996-10-31,1-URGENT,171287.92,Customer#000000514,BUILDING,5840.97,UNITED KINGDOM,EUROPE,15,MOROCCO,0,ct blithely: blithely express accounts nag carefully. silent packages haggle carefully abo
826,ghost rosy beige salmon lemon,ECONOMY PLATED TIN,SM CASE,14531,MAIL,TAKE BACK RETURN,45.00,77706.90,0.06,1997-06-11,2-HIGH,203176.76,Customer#000000667,AUTOMOBILE,3288.76,FRANCE,EUROPE,15,MOROCCO,0,ct blithely: blithely express accounts nag carefully. silent packages haggle carefully abo
895,thistle azure magenta mint burnished,MEDIUM BRUSHED STEEL,SM BOX,19363,AIR,TAKE BACK RETURN,35.00,62856.15,0.07,1995-07-06,2-HIGH,280738.15,Customer#000000172,MACHINERY,1134.40,RUSSIA,EUROPE,15,MOROCCO,0,ct blithely: blithely express accounts nag carefully. silent packages haggle carefully abo
826,ghost rosy beige salmon lemon,ECONOMY PLATED TIN,SM CASE,24674,MAIL,DELIVER IN PERSON,14.00,24175.48,0.06,1996-05-15,2-HIGH,148334.99,Customer#000000046,AUTOMOBILE,5744.59,FRANCE,EUROPE,15,MOROCCO,0,ct blithely: blithely express accounts nag carefully. silent packages haggle carefully abo
821,smoke drab rose hot spring,PROMO POLISHED TIN,MED BOX,23621,REG AIR,DELIVER IN PERSON,28.00,48210.96,0.03,1996-12-29,3-MEDIUM,214948.72,Customer#000000394,MACHINERY,5200.96,UNITED KINGDOM,EUROPE,15,MOROCCO,0,ct blithely: blithely express accounts nag carefully. silent packages haggle carefully abo
895,thistle azure magenta mint burnished,MEDIUM BRUSHED STEEL,SM BOX,10244,REG AIR,TAKE BACK RETURN,28.00,50284.92,0.01,1996-04-04,3-MEDIUM,140180.15,Customer#000000149,AUTOMOBILE,8959.65,ROMANIA,EUROPE,15,MOROCCO,0,ct blithely: blithely express accounts nag carefully. silent packages haggle carefully abo
17,indian navy coral pink deep,ECONOMY BRUSHED STEEL,LG BOX,29316,REG AIR,DELIVER IN PERSON,11.00,10087.11,0.02,1997-05-03,5-LOW,117532.18,Customer#000000683,MACHINERY,9120.93,FRANCE,EUROPE,15,MOROCCO,0,ct blithely: blithely express accounts nag carefully. silent packages haggle carefully abo
932,cornflower sky powder cyan linen,SMALL ANODIZED COPPER,LG BOX,18564,AIR,TAKE BACK RETURN,39.00,71484.27,0.01,1996-03-18,2-HIGH,173754.81,Customer#000000112,FURNITURE,2953.35,ROMANIA,EUROPE,15,MOROCCO,0,ct blithely: blithely express accounts nag carefully. silent packages haggle carefully abo
395,drab steel royal medium chartreuse,MEDIUM BURNISHED BRASS,LG BOX,14150,MAIL,DELIVER IN PERSON,38.00,49224.82,0.02,1994-02-09,2-HIGH,186818.41,Customer#000000046,AUTOMOBILE,5744.59,FRANCE,EUROPE,15,MOROCCO,0,ct blithely: blithely express accounts nag carefully. silent packages haggle carefully abo
867,snow spring black white burnished,PROMO POLISHED NICKEL,LG BOX,17026,AIR,DELIVER IN PERSON,42.00,74250.12,0.00,1996-06-10,3-MEDIUM,270903.98,Customer#000000202,AUTOMOBILE,2237.64,GERMANY,EUROPE,15,MOROCCO,0,ct blithely: blithely express accounts nag carefully. silent packages haggle carefully abo
874,drab slate hot black khaki,MEDIUM PLATED TIN,MED BOX,8165,MAIL,DELIVER IN PERSON,17.00,30172.79,0.10,1994-10-16,5-LOW,251613.69,Customer#000000112,FURNITURE,2953.35,ROMANIA,EUROPE,15,MOROCCO,0,ct blithely: blithely express accounts nag carefully. silent packages haggle carefully abo
395,drab steel royal medium chartreuse,MEDIUM BURNISHED BRASS,LG BOX,3234,TRUCK,DELIVER IN PERSON,45.00,58292.55,0.01,1996-04-05,4-NOT SPECIFIED,207014.44,Customer#000000070,FURNITURE,4867.52,RUSSIA,EUROPE,15,MOROCCO,0,ct blithely: blithely express accounts nag carefully. silent packages haggle carefully abo
450,sky lace green pale lime,MEDIUM BURNISHED TIN,SM CASE,10694,REG AIR,TAKE BACK RETURN,15.00,20256.75,0.07,1997-12-05,2-HIGH,196213.05,Customer#000000712,BUILDING,8667.09,FRANCE,EUROPE,15,MOROCCO,0,ct blithely: blithely express accounts nag carefully. silent packages haggle carefully abo
895,thistle azure magenta mint burnished,MEDIUM BRUSHED STEEL,SM BOX,11616,REG AIR,TAKE BACK RETURN,34.00,61060.26,0.03,1996-08-02,2-HIGH,265398.53,Customer#000000202,AUTOMOBILE,2237.64,GERMANY,EUROPE,15,MOROCCO,0,ct blithely: blithely express accounts nag carefully. silent packages haggle carefully abo
392,medium plum powder blush yellow,MEDIUM BRUSHED COPPER,SM BOX,14754,TRUCK,DELIVER IN PERSON,36.00,46526.04,0.10,1996-06-23,3-MEDIUM,99648.70,Customer#000000043,MACHINERY,9904.28,ROMANIA,EUROPE,15,MOROCCO,0,ct blithely: blithely express accounts nag carefully. silent packages haggle carefully abo
17,indian navy coral pink deep,ECONOMY BRUSHED STEEL,LG BOX,17478,TRUCK,DELIVER IN PERSON,15.00,13755.15,0.08,1996-11-24,3-MEDIUM,125381.06,Customer#000000118,AUTOMOBILE,3582.37,CHINA,ASIA,16,MOZAMBIQUE,0, beans after the carefully regular accounts r
107,violet honeydew bisque sienna orchid,SMALL BURNISHED TIN,MED BOX,10145,REG AIR,DELIVER IN PERSON,37.00,37262.70,0.10,1995-05-25,5-LOW,314527.26,Customer#000000323,AUTOMOBILE,1137.67,CHINA,ASIA,16,MOZAMBIQUE,0, beans after the carefully regular accounts r
572,navy plum lime goldenrod saddle,LARGE BURNISHED COPPER,SM BOX,2657,MAIL,TAKE BACK RETURN,22.00,32396.54,0.02,1995-10-17,2-HIGH,215489.74,Customer#000000124,AUTOMOBILE,1842.49,CHINA,ASIA,16,MOZAMBIQUE,0, beans after the carefully regular accounts r
932,cornflower sky powder cyan linen,SMALL ANODIZED COPPER,LG BOX,5600,MAIL,TAKE BACK RETURN,34.00,62319.62,0.02,1997-02-08,4-NOT SPECIFIED,79054.82,Customer#000000472,MACHINERY,7929.90,JAPAN,ASIA,16,MOZAMBIQUE,0, beans after the carefully regular accounts r
81,misty sandy cornsilk dodger blush,ECONOMY BRUSHED TIN,MED BAG,27296,REG AIR,DELIVER IN PERSON,26.00,25508.08,0.00,1997-08-30,4-NOT SPECIFIED,217953.54,Customer#000000341,FURNITURE,8247.11,INDONESIA,ASIA,16,MOZAMBIQUE,0, beans after the carefully regular accounts r
946,medium drab rosy spring salmon,MEDIUM PLATED TIN,LG BOX,4481,AIR,TAKE BACK RETURN,27.00,49867.38,0.02,1996-03-30,5-LOW,103321.16,Customer#000000734,AUTOMOBILE,9750.71,CHINA,ASIA,16,MOZAMBIQUE,0, beans after the carefully regular accounts r
758,yellow orchid dim cyan burlywood,ECONOMY ANODIZED TIN,MED BOX,15875,MAIL,DELIVER IN PERSON,21.00,34833.75,0.03,1996-09-01,3-MEDIUM,179557.05,Customer#000000406,FURNITURE,4286.94,INDONESIA,ASIA,16,MOZAMBIQUE,0, beans after the carefully regular accounts r
107,violet honeydew bisque sienna orchid,SMALL BURNISHED TIN,MED BOX,8451,AIR,TAKE BACK RETURN,19.00,19134.90,0.04,1995-12-14,3-MEDIUM,53487.23,Customer#000000163,FURNITURE,2948.61,VIETNAM,ASIA,16,MOZAMBIQUE,0, beans after the carefully regular accounts r
895,thistle azure magenta mint burnished,MEDIUM BRUSHED STEEL,SM BOX,2182,TRUCK,TAKE BACK RETURN,37.00,66447.93,0.06,1994-04-05,2-HIGH,171704.77,Customer#000000113,BUILDING,2912.00,JAPAN,ASIA,16,MOZAMBIQUE,0, beans after the carefully regular accounts r
144,hot midnight orchid dim steel,SMALL ANODIZED TIN,SM BOX,2791,AIR,DELIVER IN PERSON,26.00,27147.64,0.06,1994-10-10,2-HIGH,214697.04,Customer#000000604,HOUSEHOLD,3195.96,VIETNAM,ASIA,16,MOZAMBIQUE,0, beans after the carefully regular accounts r
895,thistle azure magenta mint burnished,MEDIUM BRUSHED STEEL,SM BOX,4642,MAIL,DELIVER IN PERSON,41.00,73631.49,0.10,1995-02-27,1-URGENT,185628.40,Customer#000000737,AUTOMOBILE,2501.74,CHINA,ASIA,16,MOZAMBIQUE,0, beans after the carefully regular accounts r
895,thistle azure magenta mint burnished,MEDIUM BRUSHED STEEL,SM BOX,13059,AIR,DELIVER IN PERSON,35.00,62856.15,0.05,1997-05-31,5-LOW,232548.03,Customer#000000068,HOUSEHOLD,6853.37,JAPAN,ASIA,16,MOZAMBIQUE,0, beans after the carefully regular accounts r
821,smoke drab rose hot spring,PROMO POLISHED TIN,MED BOX,11652,REG AIR,TAKE BACK RETURN,10.00,17218.20,0.07,1995-11-11,4-NOT SPECIFIED,221817.66,Customer#000000721,AUTOMOBILE,3420.64,VIETNAM,ASIA,16,MOZAMBIQUE,0, beans after the carefully regular accounts r
826,ghost rosy beige salmon lemon,ECONOMY PLATED TIN,SM CASE,28161,MAIL,DELIVER IN PERSON,33.00,56985.06,0.09,1994-06-16,4-NOT SPECIFIED,281929.48,Customer#000000316,MACHINERY,4571.78,INDIA,ASIA,16,MOZAMBIQUE,0, beans after the carefully regular accounts r
450,sky lace green pale lime,MEDIUM BURNISHED TIN,SM CASE,24705,AIR,DELIVER IN PERSON,42.00,56718.90,0.09,1995-09-16,1-URGENT,114109.64,Customer#000000268,MACHINERY,6821.01,CANADA,AMERICA,16,MOZAMBIQUE,0, beans after the carefully regular accounts r
144,hot midnight orchid dim steel,SMALL ANODIZED TIN,SM BOX,17476,MAIL,TAKE BACK RETURN,39.00,40721.46,0.01,1996-05-29,1-URGENT,116707.45,Customer#000000268,MACHINERY,6821.01,CANADA,AMERICA,16,MOZAMBIQUE,0, beans after the carefully regular accounts r
867,snow spring black white burnished,PROMO POLISHED NICKEL,LG BOX,14944,AIR,TAKE BACK RETURN,21.00,37125.06,0.05,1997-10-14,2-HIGH,129269.44,Customer#000000268,MACHINERY,6821.01,CANADA,AMERICA,16,MOZAMBIQUE,0, beans after the carefully regular accounts r
958,turquoise sandy drab dodger cyan,LARGE PLATED NICKEL,LG BOX,22306,MAIL,DELIVER IN PERSON,13.00,24166.35,0.09,1996-08-16,4-NOT SPECIFIED,131060.76,Customer#000000229,BUILDING,7568.07,ARGENTINA,AMERICA,16,MOZAMBIQUE,0, beans after the carefully regular accounts r
874,drab slate hot black khaki,MEDIUM PLATED TIN,MED BOX,17668,REG AIR,TAKE BACK RETURN,43.00,76319.41,0.01,1994-11-26,3-MEDIUM,356016.33,Customer#000000005,HOUSEHOLD,794.47,CANADA,AMERICA,16,MOZAMBIQUE,0, beans after the carefully regular accounts r
30,cream misty steel spring medium,PROMO ANODIZED TIN,LG BOX,10375,TRUCK,TAKE BACK RETURN,23.00,21390.69,0.06,1997-01-08,2-HIGH,60612.14,Customer#000000407,MACHINERY,9537.08,ARGENTINA,AMERICA,16,MOZAMBIQUE,0, beans after the carefully regular accounts r
81,misty sandy cornsilk dodger blush,ECONOMY BRUSHED TIN,MED BAG,21606,TRUCK,TAKE BACK RETURN,29.00,28451.32,0.10,1995-01-23,4-NOT SPECIFIED,154080.01,Customer#000000343,HOUSEHOLD,5521.36,CANADA,AMERICA,16,MOZAMBIQUE,0, beans after the carefully regular accounts r
144,hot midnight orchid dim steel,SMALL ANODIZED TIN,SM BOX,21222,TRUCK,DELIVER IN PERSON,34.00,35500.76,0.05,1994-02-04,4-NOT SPECIFIED,222826.57,Customer#000000407,MACHINERY,9537.08,ARGENTINA,AMERICA,16,MOZAMBIQUE,0, beans after the carefully regular accounts r
395,drab steel royal medium chartreuse,MEDIUM BURNISHED BRASS,LG BOX,16610,MAIL,TAKE BACK RETURN,42.00,54406.38,0.00,1994-10-11,2-HIGH,181988.84,Customer#000000017,AUTOMOBILE,6.34,BRAZIL,AMERICA,16,MOZAMBIQUE,0, beans after the carefully regular accounts r
107,violet honeydew bisque sienna orchid,SMALL BURNISHED TIN,MED BOX,5090,TRUCK,TAKE BACK RETURN,22.00,22156.20,0.07,1997-03-09,1-URGENT,171523.81,Customer#000000442,FURNITURE,4157.00,ARGENTINA,AMERICA,16,MOZAMBIQUE,0, beans after the carefully regular accounts r
826,ghost rosy beige salmon lemon,ECONOMY PLATED TIN,SM CASE,12868,MAIL,DELIVER IN PERSON,45.00,77706.90,0.06,1995-03-02,1-URGENT,212378.63,Customer#000000521,MACHINERY,5830.69,BRAZIL,AMERICA,16,MOZAMBIQUE,0, beans after the carefully regular accounts r
821,smoke drab rose hot spring,PROMO POLISHED TIN,MED BOX,10049,MAIL,DELIVER IN PERSON,30.00,51654.60,0.09,1997-07-23,1-URGENT,167455.41,Customer#000000343,HOUSEHOLD,5521.36,CANADA,AMERICA,16,MOZAMBIQUE,0, beans after the carefully regular accounts r
17,indian navy coral pink deep,ECONOMY BRUSHED STEEL,LG BOX,28739,AIR,DELIVER IN PERSON,45.00,41265.45,0.07,1996-09-10,2-HIGH,154154.14,Customer#000000728,BUILDING,4349.73,UNITED STATES,AMERICA,16,MOZAMBIQUE,0, beans after the carefully regular accounts r
450,sky lace green pale lime,MEDIUM BURNISHED TIN,SM CASE,20198,TRUCK,TAKE BACK RETURN,13.00,17555.85,0.02,1995-06-11,4-NOT SPECIFIED,144541.14,Customer#000000478,BUILDING,-210.40,ARGENTINA,AMERICA,16,MOZAMBIQUE,0, beans after the carefully regular accounts r
758,yellow orchid dim cyan burlywood,ECONOMY ANODIZED TIN,MED BOX,6210,AIR,TAKE BACK RETURN,23.00,38151.25,0.06,1996-11-06,5-LOW,232343.67,Customer#000000343,HOUSEHOLD,5521.36,CANADA,AMERICA,16,MOZAMBIQUE,0, beans after the carefully regular accounts r
81,misty sandy cornsilk dodger blush,ECONOMY BRUSHED TIN,MED BAG,13154,MAIL,TAKE BACK RETURN,42.00,41205.36,0.09,1997-10-22,5-LOW,262523.82,Customer#000000260,MACHINERY,9196.11,ARGENTINA,AMERICA,16,MOZAMBIQUE,0, beans after the carefully regular accounts r
507,red misty salmon ivory khaki,SMALL ANODIZED BRASS,SM CASE,29152,TRUCK,TAKE BACK RETURN,24.00,33780.00,0.06,1995-07-24,5-LOW,201223.31,Customer#000000346,FURNITURE,238.14,BRAZIL,AMERICA,16,MOZAMBIQUE,0, beans after the carefully regular accounts r
758,yellow orchid dim cyan burlywood,ECONOMY ANODIZED TIN,MED BOX,29638,AIR,DELIVER IN PERSON,12.00,19905.00,0.06,1995-10-25,3-MEDIUM,113545.13,Customer#000000505,HOUSEHOLD,6557.51,BRAZIL,AMERICA,16,MOZAMBIQUE,0, beans after the carefully regular accounts r
395,drab steel royal medium chartreuse,MEDIUM BURNISHED BRASS,LG BOX,23169,AIR,TAKE BACK RETURN,39.00,50520.21,0.04,1995-06-24,1-URGENT,227411.29,Customer#000000265,MACHINERY,8275.80,PERU,AMERICA,16,MOZAMBIQUE,0, beans after the carefully regular accounts r
558,blanched seashell navy black dim,STANDARD PLATED BRASS,MED BOX,23142,TRUCK,DELIVER IN PERSON,24.00,35005.20,0.06,1996-05-27,3-MEDIUM,142727.51,Customer#000000011,BUILDING,-272.60,UNITED KINGDOM,EUROPE,16,MOZAMBIQUE,0, beans after the carefully regular accounts r
450,sky lace green pale lime,MEDIUM BURNISHED TIN,SM CASE,29958,TRUCK,DELIVER IN PERSON,28.00,37812.60,0.10,1995-01-07,2-HIGH,143790.75,Customer#000000514,BUILDING,5840.97,UNITED KINGDOM,EUROPE,16,MOZAMBIQUE,0, beans after the carefully regular accounts r
130,gainsboro powder cyan pale rosy,SMALL PLATED NICKEL,LG BOX,577,AIR,TAKE BACK RETURN,25.00,25753.25,0.06,1994-12-19,5-LOW,40599.44,Customer#000000277,BUILDING,8876.10,UNITED KINGDOM,EUROPE,16,MOZAMBIQUE,0, beans after the carefully regular accounts r
130,gainsboro powder cyan pale rosy,SMALL PLATED NICKEL,LG BOX,4646,MAIL,DELIVER IN PERSON,22.00,22662.86,0.01,1996-06-18,1-URGENT,170926.97,Customer#000000413,FURNITURE,5817.90,FRANCE,EUROPE,16,MOZAMBIQUE,0, beans after the carefully regular accounts r
932,cornflower sky powder cyan linen,SMALL ANODIZED COPPER,LG BOX,25568,MAIL,TAKE BACK RETURN,26.00,47656.18,0.08,1996-10-31,1-URGENT,171287.92,Customer#000000514,BUILDING,5840.97,UNITED KINGDOM,EUROPE,16,MOZAMBIQUE,0, beans after the carefully regular accounts r
826,ghost rosy beige salmon lemon,ECONOMY PLATED TIN,SM CASE,14531,MAIL,TAKE BACK RETURN,45.00,77706.90,0.06,1997-06-11,2-HIGH,203176.76,Customer#000000667,AUTOMOBILE,3288.76,FRANCE,EUROPE,16,MOZAMBIQUE,0, beans after the carefully regular accounts r
895,thistle azure magenta mint burnished,MEDIUM BRUSHED STEEL,SM BOX,19363,AIR,TAKE BACK RETURN,35.00,62856.15,0.07,1995-07-06,2-HIGH,280738.15,Customer#000000172,MACHINERY,1134.40,RUSSIA,EUROPE,16,MOZAMBIQUE,0, beans after the carefully regular accounts r
826,ghost rosy beige salmon lemon,ECONOMY PLATED TIN,SM CASE,24674,MAIL,DELIVER IN PERSON,14.00,24175.48,0.06,1996-05-15,2-HIGH,148334.99,Customer#000000046,AUTOMOBILE,5744.59,FRANCE,EUROPE,16,MOZAMBIQUE,0, beans after the carefully regular accounts r
821,smoke drab rose hot spring,PROMO POLISHED TIN,MED BOX,23621,REG AIR,DELIVER IN PERSON,28.00,48210.96,0.03,1996-12-29,3-MEDIUM,214948.72,Customer#000000394,MACHINERY,5200.96,UNITED KINGDOM,EUROPE,16,MOZAMBIQUE,0, beans after the carefully regular accounts r
895,thistle azure magenta mint burnished,MEDIUM BRUSHED STEEL,SM BOX,10244,REG AIR,TAKE BACK RETURN,28.00,50284.92,0.01,1996-04-04,3-MEDIUM,140180.15,Customer#000000149,AUTOMOBILE,8959.65,ROMANIA,EUROPE,16,MOZAMBIQUE,0, beans after the carefully regular accounts r
17,indian navy coral pink deep,ECONOMY BRUSHED STEEL,LG BOX,29316,REG AIR,DELIVER IN PERSON,11.00,10087.11,0.02,1997-05-03,5-LOW,117532.18,Customer#000000683,MACHINERY,9120.93,FRANCE,EUROPE,16,MOZAMBIQUE,0, beans after the carefully regular accounts r
932,cornflower sky powder cyan linen,SMALL ANODIZED COPPER,LG BOX,18564,AIR,TAKE BACK RETURN,39.00,71484.27,0.01,1996-03-18,2-HIGH,173754.81,Customer#000000112,FURNITURE,2953.35,ROMANIA,EUROPE,16,MOZAMBIQUE,0, beans after the carefully regular accounts r
395,drab steel royal medium chartreuse,MEDIUM BURNISHED BRASS,LG BOX,14150,MAIL,DELIVER IN PERSON,38.00,49224.82,0.02,1994-02-09,2-HIGH,186818.41,Customer#000000046,AUTOMOBILE,5744.59,FRANCE,EUROPE,16,MOZAMBIQUE,0, beans after the carefully regular accounts r
867,snow spring black white burnished,PROMO POLISHED NICKEL,LG BOX,17026,AIR,DELIVER IN PERSON,42.00,74250.12,0.00,1996-06-10,3-MEDIUM,270903.98,Customer#000000202,AUTOMOBILE,2237.64,GERMANY,EUROPE,16,MOZAMBIQUE,0, beans after the carefully regular accounts r
874,drab slate hot black khaki,MEDIUM PLATED TIN,MED BOX,8165,MAIL,DELIVER IN PERSON,17.00,30172.79,0.10,1994-10-16,5-LOW,251613.69,Customer#000000112,FURNITURE,2953.35,ROMANIA,EUROPE,16,MOZAMBIQUE,0, beans after the carefully regular accounts r
395,drab steel royal medium chartreuse,MEDIUM BURNISHED BRASS,LG BOX,3234,TRUCK,DELIVER IN PERSON,45.00,58292.55,0.01,1996-04-05,4-NOT SPECIFIED,207014.44,Customer#000000070,FURNITURE,4867.52,RUSSIA,EUROPE,16,MOZAMBIQUE,0, beans after the carefully regular accounts r
450,sky lace green pale lime,MEDIUM BURNISHED TIN,SM CASE,10694,REG AIR,TAKE BACK RETURN,15.00,20256.75,0.07,1997-12-05,2-HIGH,196213.05,Customer#000000712,BUILDING,8667.09,FRANCE,EUROPE,16,MOZAMBIQUE,0, beans after the carefully regular accounts r
895,thistle azure magenta mint burnished,MEDIUM BRUSHED STEEL,SM BOX,11616,REG AIR,TAKE BACK RETURN,34.00,61060.26,0.03,1996-08-02,2-HIGH,265398.53,Customer#000000202,AUTOMOBILE,2237.64,GERMANY,EUROPE,16,MOZAMBIQUE,0, beans after the carefully regular accounts r
392,medium plum powder blush yellow,MEDIUM BRUSHED COPPER,SM BOX,14754,TRUCK,DELIVER IN PERSON,36.00,46526.04,0.10,1996-06-23,3-MEDIUM,99648.70,Customer#000000043,MACHINERY,9904.28,ROMANIA,EUROPE,16,MOZAMBIQUE,0, beans after the carefully regular accounts r
17,indian navy coral pink deep,ECONOMY BRUSHED STEEL,LG BOX,17478,TRUCK,DELIVER IN PERSON,15.00,13755.15,0.08,1996-11-24,3-MEDIUM,125381.06,Customer#000000118,AUTOMOBILE,3582.37,CHINA,ASIA,17,PERU,1,ly final foxes. blithely ironic accounts haggle. regular foxes about the regular deposits are furiously ir
107,violet honeydew bisque sienna orchid,SMALL BURNISHED TIN,MED BOX,10145,REG AIR,DELIVER IN PERSON,37.00,37262.70,0.10,1995-05-25,5-LOW,314527.26,Customer#000000323,AUTOMOBILE,1137.67,CHINA,ASIA,17,PERU,1,ly final foxes. blithely ironic accounts haggle. regular foxes about the regular deposits are furiously ir
572,navy plum lime goldenrod saddle,LARGE BURNISHED COPPER,SM BOX,2657,MAIL,TAKE BACK RETURN,22.00,32396.54,0.02,1995-10-17,2-HIGH,215489.74,Customer#000000124,AUTOMOBILE,1842.49,CHINA,ASIA,17,PERU,1,ly final foxes. blithely ironic accounts haggle. regular foxes about the regular deposits are furiously ir
932,cornflower sky powder cyan linen,SMALL ANODIZED COPPER,LG BOX,5600,MAIL,TAKE BACK RETURN,34.00,62319.62,0.02,1997-02-08,4-NOT SPECIFIED,79054.82,Customer#000000472,MACHINERY,7929.90,JAPAN,ASIA,17,PERU,1,ly final foxes. blithely ironic accounts haggle. regular foxes about the regular deposits are furiously ir
81,misty sandy cornsilk dodger blush,ECONOMY BRUSHED TIN,MED BAG,27296,REG AIR,DELIVER IN PERSON,26.00,25508.08,0.00,1997-08-30,4-NOT SPECIFIED,217953.54,Customer#000000341,FURNITURE,8247.11,INDONESIA,ASIA,17,PERU,1,ly final foxes. blithely ironic accounts haggle. regular foxes about the regular deposits are furiously ir
946,medium drab rosy spring salmon,MEDIUM PLATED TIN,LG BOX,4481,AIR,TAKE BACK RETURN,27.00,49867.38,0.02,1996-03-30,5-LOW,103321.16,Customer#000000734,AUTOMOBILE,9750.71,CHINA,ASIA,17,PERU,1,ly final foxes. blithely ironic accounts haggle. regular foxes about the regular deposits are furiously ir
758,yellow orchid dim cyan burlywood,ECONOMY ANODIZED TIN,MED BOX,15875,MAIL,DELIVER IN PERSON,21.00,34833.75,0.03,1996-09-01,3-MEDIUM,179557.05,Customer#000000406,FURNITURE,4286.94,INDONESIA,ASIA,17,PERU,1,ly final foxes. blithely ironic accounts haggle. regular foxes about the regular deposits are furiously ir
107,violet honeydew bisque sienna orchid,SMALL BURNISHED TIN,MED BOX,8451,AIR,TAKE BACK RETURN,19.00,19134.90,0.04,1995-12-14,3-MEDIUM,53487.23,Customer#000000163,FURNITURE,2948.61,VIETNAM,ASIA,17,PERU,1,ly final foxes. blithely ironic accounts haggle. regular foxes about the regular deposits are furiously ir
895,thistle azure magenta mint burnished,MEDIUM BRUSHED STEEL,SM BOX,2182,TRUCK,TAKE BACK RETURN,37.00,66447.93,0.06,1994-04-05,2-HIGH,171704.77,Customer#000000113,BUILDING,2912.00,JAPAN,ASIA,17,PERU,1,ly final foxes. blithely ironic accounts haggle. regular foxes about the regular deposits are furiously ir
144,hot midnight orchid dim steel,SMALL ANODIZED TIN,SM BOX,2791,AIR,DELIVER IN PERSON,26.00,27147.64,0.06,1994-10-10,2-HIGH,214697.04,Customer#000000604,HOUSEHOLD,3195.96,VIETNAM,ASIA,17,PERU,1,ly final foxes. blithely ironic accounts haggle. regular foxes about the regular deposits are furiously ir
895,thistle azure magenta mint burnished,MEDIUM BRUSHED STEEL,SM BOX,4642,MAIL,DELIVER IN PERSON,41.00,73631.49,0.10,1995-02-27,1-URGENT,185628.40,Customer#000000737,AUTOMOBILE,2501.74,CHINA,ASIA,17,PERU,1,ly final foxes. blithely ironic accounts haggle. regular foxes about the regular deposits are furiously ir
895,thistle azure magenta mint burnished,MEDIUM BRUSHED STEEL,SM BOX,13059,AIR,DELIVER IN PERSON,35.00,62856.15,0.05,1997-05-31,5-LOW,232548.03,Customer#000000068,HOUSEHOLD,6853.37,JAPAN,ASIA,17,PERU,1,ly final foxes. blithely ironic accounts haggle. regular foxes about the regular deposits are furiously ir
821,smoke drab rose hot spring,PROMO POLISHED TIN,MED BOX,11652,REG AIR,TAKE BACK RETURN,10.00,17218.20,0.07,1995-11-11,4-NOT SPECIFIED,221817.66,Customer#000000721,AUTOMOBILE,3420.64,VIETNAM,ASIA,17,PERU,1,ly final foxes. blithely ironic accounts haggle. regular foxes about the regular deposits are furiously ir
826,ghost rosy beige salmon lemon,ECONOMY PLATED TIN,SM CASE,28161,MAIL,DELIVER IN PERSON,33.00,56985.06,0.09,1994-06-16,4-NOT SPECIFIED,281929.48,Customer#000000316,MACHINERY,4571.78,INDIA,ASIA,17,PERU,1,ly final foxes. blithely ironic accounts haggle. regular foxes about the regular deposits are furiously ir
450,sky lace green pale lime,MEDIUM BURNISHED TIN,SM CASE,24705,AIR,DELIVER IN PERSON,42.00,56718.90,0.09,1995-09-16,1-URGENT,114109.64,Customer#000000268,MACHINERY,6821.01,CANADA,AMERICA,17,PERU,1,ly final foxes. blithely ironic accounts haggle. regular foxes about the regular deposits are furiously ir
144,hot midnight orchid dim steel,SMALL ANODIZED TIN,SM BOX,17476,MAIL,TAKE BACK RETURN,39.00,40721.46,0.01,1996-05-29,1-URGENT,116707.45,Customer#000000268,MACHINERY,6821.01,CANADA,AMERICA,17,PERU,1,ly final foxes. blithely ironic accounts haggle. regular foxes about the regular deposits are furiously ir
867,snow spring black white burnished,PROMO POLISHED NICKEL,LG BOX,14944,AIR,TAKE BACK RETURN,21.00,37125.06,0.05,1997-10-14,2-HIGH,129269.44,Customer#000000268,MACHINERY,6821.01,CANADA,AMERICA,17,PERU,1,ly final foxes. blithely ironic accounts haggle. regular foxes about the regular deposits are furiously ir
958,turquoise sandy drab dodger cyan,LARGE PLATED NICKEL,LG BOX,22306,MAIL,DELIVER IN PERSON,13.00,24166.35,0.09,1996-08-16,4-NOT SPECIFIED,131060.76,Customer#000000229,BUILDING,7568.07,ARGENTINA,AMERICA,17,PERU,1,ly final foxes. blithely ironic accounts haggle. regular foxes about the regular deposits are furiously ir
874,drab slate hot black khaki,MEDIUM PLATED TIN,MED BOX,17668,REG AIR,TAKE BACK RETURN,43.00,76319.41,0.01,1994-11-26,3-MEDIUM,356016.33,Customer#000000005,HOUSEHOLD,794.47,CANADA,AMERICA,17,PERU,1,ly final foxes. blithely ironic accounts haggle. regular foxes about the regular deposits are furiously ir
30,cream misty steel spring medium,PROMO ANODIZED TIN,LG BOX,10375,TRUCK,TAKE BACK RETURN,23.00,21390.69,0.06,1997-01-08,2-HIGH,60612.14,Customer#000000407,MACHINERY,9537.08,ARGENTINA,AMERICA,17,PERU,1,ly final foxes. blithely ironic accounts haggle. regular foxes about the regular deposits are furiously ir
81,misty sandy cornsilk dodger blush,ECONOMY BRUSHED TIN,MED BAG,21606,TRUCK,TAKE BACK RETURN,29.00,28451.32,0.10,1995-01-23,4-NOT SPECIFIED,154080.01,Customer#000000343,HOUSEHOLD,5521.36,CANADA,AMERICA,17,PERU,1,ly final foxes. blithely ironic accounts haggle. regular foxes about the regular deposits are furiously ir
144,hot midnight orchid dim steel,SMALL ANODIZED TIN,SM BOX,21222,TRUCK,DELIVER IN PERSON,34.00,35500.76,0.05,1994-02-04,4-NOT SPECIFIED,222826.57,Customer#000000407,MACHINERY,9537.08,ARGENTINA,AMERICA,17,PERU,1,ly final foxes. blithely ironic accounts haggle. regular foxes about the regular deposits are furiously ir
395,drab steel royal medium chartreuse,MEDIUM BURNISHED BRASS,LG BOX,16610,MAIL,TAKE BACK RETURN,42.00,54406.38,0.00,1994-10-11,2-HIGH,181988.84,Customer#000000017,AUTOMOBILE,6.34,BRAZIL,AMERICA,17,PERU,1,ly final foxes. blithely ironic accounts haggle. regular foxes about the regular deposits are furiously ir
107,violet honeydew bisque sienna orchid,SMALL BURNISHED TIN,MED BOX,5090,TRUCK,TAKE BACK RETURN,22.00,22156.20,0.07,1997-03-09,1-URGENT,171523.81,Customer#000000442,FURNITURE,4157.00,ARGENTINA,AMERICA,17,PERU,1,ly final foxes. blithely ironic accounts haggle. regular foxes about the regular deposits are furiously ir
826,ghost rosy beige salmon lemon,ECONOMY PLATED TIN,SM CASE,12868,MAIL,DELIVER IN PERSON,45.00,77706.90,0.06,1995-03-02,1-URGENT,212378.63,Customer#000000521,MACHINERY,5830.69,BRAZIL,AMERICA,17,PERU,1,ly final foxes. blithely ironic accounts haggle. regular foxes about the regular deposits are furiously ir
821,smoke drab rose hot spring,PROMO POLISHED TIN,MED BOX,10049,MAIL,DELIVER IN PERSON,30.00,51654.60,0.09,1997-07-23,1-URGENT,167455.41,Customer#000000343,HOUSEHOLD,5521.36,CANADA,AMERICA,17,PERU,1,ly final foxes. blithely ironic accounts haggle. regular foxes about the regular deposits are furiously ir
17,indian navy coral pink deep,ECONOMY BRUSHED STEEL,LG BOX,28739,AIR,DELIVER IN PERSON,45.00,41265.45,0.07,1996-09-10,2-HIGH,154154.14,Customer#000000728,BUILDING,4349.73,UNITED STATES,AMERICA,17,PERU,1,ly final foxes. blithely ironic accounts haggle. regular foxes about the regular deposits are furiously ir
450,sky lace green pale lime,MEDIUM BURNISHED TIN,SM CASE,20198,TRUCK,TAKE BACK RETURN,13.00,17555.85,0.02,1995-06-11,4-NOT SPECIFIED,144541.14,Customer#000000478,BUILDING,-210.40,ARGENTINA,AMERICA,17,PERU,1,ly final foxes. blithely ironic accounts haggle. regular foxes about the regular deposits are furiously ir
758,yellow orchid dim cyan burlywood,ECONOMY ANODIZED TIN,MED BOX,6210,AIR,TAKE BACK RETURN,23.00,38151.25,0.06,1996-11-06,5-LOW,232343.67,Customer#000000343,HOUSEHOLD,5521.36,CANADA,AMERICA,17,PERU,1,ly final foxes. blithely ironic accounts haggle. regular foxes about the regular deposits are furiously ir
81,misty sandy cornsilk dodger blush,ECONOMY BRUSHED TIN,MED BAG,13154,MAIL,TAKE BACK RETURN,42.00,41205.36,0.09,1997-10-22,5-LOW,262523.82,Customer#000000260,MACHINERY,9196.11,ARGENTINA,AMERICA,17,PERU,1,ly final foxes. blithely ironic accounts haggle. regular foxes about the regular deposits are furiously ir
507,red misty salmon ivory khaki,SMALL ANODIZED BRASS,SM CASE,29152,TRUCK,TAKE BACK RETURN,24.00,33780.00,0.06,1995-07-24,5-LOW,201223.31,Customer#000000346,FURNITURE,238.14,BRAZIL,AMERICA,17,PERU,1,ly final foxes. blithely ironic accounts haggle. regular foxes about the regular deposits are furiously ir
758,yellow orchid dim cyan burlywood,ECONOMY ANODIZED TIN,MED BOX,29638,AIR,DELIVER IN PERSON,12.00,19905.00,0.06,1995-10-25,3-MEDIUM,113545.13,Customer#000000505,HOUSEHOLD,6557.51,BRAZIL,AMERICA,17,PERU,1,ly final foxes. blithely ironic accounts haggle. regular foxes about the regular deposits are furiously ir
395,drab steel royal medium chartreuse,MEDIUM BURNISHED BRASS,LG BOX,23169,AIR,TAKE BACK RETURN,39.00,50520.21,0.04,1995-06-24,1-URGENT,227411.29,Customer#000000265,MACHINERY,8275.80,PERU,AMERICA,17,PERU,1,ly final foxes. blithely ironic accounts haggle. regular foxes about the regular deposits are furiously ir
558,blanched seashell navy black dim,STANDARD PLATED BRASS,MED BOX,23142,TRUCK,DELIVER IN PERSON,24.00,35005.20,0.06,1996-05-27,3-MEDIUM,142727.51,Customer#000000011,BUILDING,-272.60,UNITED KINGDOM,EUROPE,17,PERU,1,ly final foxes. blithely ironic accounts haggle. regular foxes about the regular deposits are furiously ir
450,sky lace green pale lime,MEDIUM BURNISHED TIN,SM CASE,29958,TRUCK,DELIVER IN PERSON,28.00,37812.60,0.10,1995-01-07,2-HIGH,143790.75,Customer#000000514,BUILDING,5840.97,UNITED KINGDOM,EUROPE,17,PERU,1,ly final foxes. blithely ironic accounts haggle. regular foxes about the regular deposits are furiously ir
130,gainsboro powder cyan pale rosy,SMALL PLATED NICKEL,LG BOX,577,AIR,TAKE BACK RETURN,25.00,25753.25,0.06,1994-12-19,5-LOW,40599.44,Customer#000000277,BUILDING,8876.10,UNITED KINGDOM,EUROPE,17,PERU,1,ly final foxes. blithely ironic accounts haggle. regular foxes about the regular deposits are furiously ir
130,gainsboro powder cyan pale rosy,SMALL PLATED NICKEL,LG BOX,4646,MAIL,DELIVER IN PERSON,22.00,22662.86,0.01,1996-06-18,1-URGENT,170926.97,Customer#000000413,FURNITURE,5817.90,FRANCE,EUROPE,17,PERU,1,ly final foxes. blithely ironic accounts haggle. regular foxes about the regular deposits are furiously ir
932,cornflower sky powder cyan linen,SMALL ANODIZED COPPER,LG BOX,25568,MAIL,TAKE BACK RETURN,26.00,47656.18,0.08,1996-10-31,1-URGENT,171287.92,Customer#000000514,BUILDING,5840.97,UNITED KINGDOM,EUROPE,17,PERU,1,ly final foxes. blithely ironic accounts haggle. regular foxes about the regular deposits are furiously ir
826,ghost rosy beige salmon lemon,ECONOMY PLATED TIN,SM CASE,14531,MAIL,TAKE BACK RETURN,45.00,77706.90,0.06,1997-06-11,2-HIGH,203176.76,Customer#000000667,AUTOMOBILE,3288.76,FRANCE,EUROPE,17,PERU,1,ly final foxes. blithely ironic accounts haggle. regular foxes about the regular deposits are furiously ir
895,thistle azure magenta mint burnished,MEDIUM BRUSHED STEEL,SM BOX,19363,AIR,TAKE BACK RETURN,35.00,62856.15,0.07,1995-07-06,2-HIGH,280738.15,Customer#000000172,MACHINERY,1134.40,RUSSIA,EUROPE,17,PERU,1,ly final foxes. blithely ironic accounts haggle. regular foxes about the regular deposits are furiously ir
826,ghost rosy beige salmon lemon,ECONOMY PLATED TIN,SM CASE,24674,MAIL,DELIVER IN PERSON,14.00,24175.48,0.06,1996-05-15,2-HIGH,148334.99,Customer#000000046,AUTOMOBILE,5744.59,FRANCE,EUROPE,17,PERU,1,ly final foxes. blithely ironic accounts haggle. regular foxes about the regular deposits are furiously ir
821,smoke drab rose hot spring,PROMO POLISHED TIN,MED BOX,23621,REG AIR,DELIVER IN PERSON,28.00,48210.96,0.03,1996-12-29,3-MEDIUM,214948.72,Customer#000000394,MACHINERY,5200.96,UNITED KINGDOM,EUROPE,17,PERU,1,ly final foxes. blithely ironic accounts haggle. regular foxes about the regular deposits are furiously ir
895,thistle azure magenta mint burnished,MEDIUM BRUSHED STEEL,SM BOX,10244,REG AIR,TAKE BACK RETURN,28.00,50284.92,0.01,1996-04-04,3-MEDIUM,140180.15,Customer#000000149,AUTOMOBILE,8959.65,ROMANIA,EUROPE,17,PERU,1,ly final foxes. blithely ironic accounts haggle. regular foxes about the regular deposits are furiously ir
17,indian navy coral pink deep,ECONOMY BRUSHED STEEL,LG BOX,29316,REG AIR,DELIVER IN PERSON,11.00,10087.11,0.02,1997-05-03,5-LOW,117532.18,Customer#000000683,MACHINERY,9120.93,FRANCE,EUROPE,17,PERU,1,ly final foxes. blithely ironic accounts haggle. regular foxes about the regular deposits are furiously ir
932,cornflower sky powder cyan linen,SMALL ANODIZED COPPER,LG BOX,18564,AIR,TAKE BACK RETURN,39.00,71484.27,0.01,1996-03-18,2-HIGH,173754.81,Customer#000000112,FURNITURE,2953.35,ROMANIA,EUROPE,17,PERU,1,ly final foxes. blithely ironic accounts haggle. regular foxes about the regular deposits are furiously ir
395,drab steel royal medium chartreuse,MEDIUM BURNISHED BRASS,LG BOX,14150,MAIL,DELIVER IN PERSON,38.00,49224.82,0.02,1994-02-09,2-HIGH,186818.41,Customer#000000046,AUTOMOBILE,5744.59,FRANCE,EUROPE,17,PERU,1,ly final foxes. blithely ironic accounts haggle. regular foxes about the regular deposits are furiously ir
867,snow spring black white burnished,PROMO POLISHED NICKEL,LG BOX,17026,AIR,DELIVER IN PERSON,42.00,74250.12,0.00,1996-06-10,3-MEDIUM,270903.98,Customer#000000202,AUTOMOBILE,2237.64,GERMANY,EUROPE,17,PERU,1,ly final foxes. blithely ironic accounts haggle. regular foxes about the regular deposits are furiously ir
874,drab slate hot black khaki,MEDIUM PLATED TIN,MED BOX,8165,MAIL,DELIVER IN PERSON,17.00,30172.79,0.10,1994-10-16,5-LOW,251613.69,Customer#000000112,FURNITURE,2953.35,ROMANIA,EUROPE,17,PERU,1,ly final foxes. blithely ironic accounts haggle. regular foxes about the regular deposits are furiously ir
395,drab steel royal medium chartreuse,MEDIUM BURNISHED BRASS,LG BOX,3234,TRUCK,DELIVER IN PERSON,45.00,58292.55,0.01,1996-04-05,4-NOT SPECIFIED,207014.44,Customer#000000070,FURNITURE,4867.52,RUSSIA,EUROPE,17,PERU,1,ly final foxes. blithely ironic accounts haggle. regular foxes about the regular deposits are furiously ir
450,sky lace green pale lime,MEDIUM BURNISHED TIN,SM CASE,10694,REG AIR,TAKE BACK RETURN,15.00,20256.75,0.07,1997-12-05,2-HIGH,196213.05,Customer#000000712,BUILDING,8667.09,FRANCE,EUROPE,17,PERU,1,ly final foxes. blithely ironic accounts haggle. regular foxes about the regular deposits are furiously ir
895,thistle azure magenta mint burnished,MEDIUM BRUSHED STEEL,SM BOX,11616,REG AIR,TAKE BACK RETURN,34.00,61060.26,0.03,1996-08-02,2-HIGH,265398.53,Customer#000000202,AUTOMOBILE,2237.64,GERMANY,EUROPE,17,PERU,1,ly final foxes. blithely ironic accounts haggle. regular foxes about the regular deposits are furiously ir
392,medium plum powder blush yellow,MEDIUM BRUSHED COPPER,SM BOX,14754,TRUCK,DELIVER IN PERSON,36.00,46526.04,0.10,1996-06-23,3-MEDIUM,99648.70,Customer#000000043,MACHINERY,9904.28,ROMANIA,EUROPE,17,PERU,1,ly final foxes. blithely ironic accounts haggle. regular foxes about the regular deposits are furiously ir
17,indian navy coral pink deep,ECONOMY BRUSHED STEEL,LG BOX,17478,TRUCK,DELIVER IN PERSON,15.00,13755.15,0.08,1996-11-24,3-MEDIUM,125381.06,Customer#000000118,AUTOMOBILE,3582.37,CHINA,ASIA,18,CHINA,2,"ckly special packages cajole slyly. unusual, unusual theodolites mold furiously. slyly sile"
107,violet honeydew bisque sienna orchid,SMALL BURNISHED TIN,MED BOX,10145,REG AIR,DELIVER IN PERSON,37.00,37262.70,0.10,1995-05-25,5-LOW,314527.26,Customer#000000323,AUTOMOBILE,1137.67,CHINA,ASIA,18,CHINA,2,"ckly special packages cajole slyly. unusual, unusual theodolites mold furiously. slyly sile"
572,navy plum lime goldenrod saddle,LARGE BURNISHED COPPER,SM BOX,2657,MAIL,TAKE BACK RETURN,22.00,32396.54,0.02,1995-10-17,2-HIGH,215489.74,Customer#000000124,AUTOMOBILE,1842.49,CHINA,ASIA,18,CHINA,2,"ckly special packages cajole slyly. unusual, unusual theodolites mold furiously. slyly sile"
932,cornflower sky powder cyan linen,SMALL ANODIZED COPPER,LG BOX,5600,MAIL,TAKE BACK RETURN,34.00,62319.62,0.02,1997-02-08,4-NOT SPECIFIED,79054.82,Customer#000000472,MACHINERY,7929.90,JAPAN,ASIA,18,CHINA,2,"ckly special packages cajole slyly. unusual, unusual theodolites mold furiously. slyly sile"
81,misty sandy cornsilk dodger blush,ECONOMY BRUSHED TIN,MED BAG,27296,REG AIR,DELIVER IN PERSON,26.00,25508.08,0.00,1997-08-30,4-NOT SPECIFIED,217953.54,Customer#000000341,FURNITURE,8247.11,INDONESIA,ASIA,18,CHINA,2,"ckly special packages cajole slyly. unusual, unusual theodolites mold furiously. slyly sile"
946,medium drab rosy spring salmon,MEDIUM PLATED TIN,LG BOX,4481,AIR,TAKE BACK RETURN,27.00,49867.38,0.02,1996-03-30,5-LOW,103321.16,Customer#000000734,AUTOMOBILE,9750.71,CHINA,ASIA,18,CHINA,2,"ckly special packages cajole slyly. unusual, unusual theodolites mold furiously. slyly sile"
758,yellow orchid dim cyan burlywood,ECONOMY ANODIZED TIN,MED BOX,15875,MAIL,DELIVER IN PERSON,21.00,34833.75,0.03,1996-09-01,3-MEDIUM,179557.05,Customer#000000406,FURNITURE,4286.94,INDONESIA,ASIA,18,CHINA,2,"ckly special packages cajole slyly. unusual, unusual theodolites mold furiously. slyly sile"
107,violet honeydew bisque sienna orchid,SMALL BURNISHED TIN,MED BOX,8451,AIR,TAKE BACK RETURN,19.00,19134.90,0.04,1995-12-14,3-MEDIUM,53487.23,Customer#000000163,FURNITURE,2948.61,VIETNAM,ASIA,18,CHINA,2,"ckly special packages cajole slyly. unusual, unusual theodolites mold furiously. slyly sile"
895,thistle azure magenta mint burnished,MEDIUM BRUSHED STEEL,SM BOX,2182,TRUCK,TAKE BACK RETURN,37.00,66447.93,0.06,1994-04-05,2-HIGH,171704.77,Customer#000000113,BUILDING,2912.00,JAPAN,ASIA,18,CHINA,2,"ckly special packages cajole slyly. unusual, unusual theodolites mold furiously. slyly sile"
144,hot midnight orchid dim steel,SMALL ANODIZED TIN,SM BOX,2791,AIR,DELIVER IN PERSON,26.00,27147.64,0.06,1994-10-10,2-HIGH,214697.04,Customer#000000604,HOUSEHOLD,3195.96,VIETNAM,ASIA,18,CHINA,2,"ckly special packages cajole slyly. unusual, unusual theodolites mold furiously. slyly sile"
895,thistle azure magenta mint burnished,MEDIUM BRUSHED STEEL,SM BOX,4642,MAIL,DELIVER IN PERSON,41.00,73631.49,0.10,1995-02-27,1-URGENT,185628.40,Customer#000000737,AUTOMOBILE,2501.74,CHINA,ASIA,18,CHINA,2,"ckly special packages cajole slyly. unusual, unusual theodolites mold furiously. slyly sile"
895,thistle azure magenta mint burnished,MEDIUM BRUSHED STEEL,SM BOX,13059,AIR,DELIVER IN PERSON,35.00,62856.15,0.05,1997-05-31,5-LOW,232548.03,Customer#000000068,HOUSEHOLD,6853.37,JAPAN,ASIA,18,CHINA,2,"ckly special packages cajole slyly. unusual, unusual theodolites mold furiously. slyly sile"
821,smoke drab rose hot spring,PROMO POLISHED TIN,MED BOX,11652,REG AIR,TAKE BACK RETURN,10.00,17218.20,0.07,1995-11-11,4-NOT SPECIFIED,221817.66,Customer#000000721,AUTOMOBILE,3420.64,VIETNAM,ASIA,18,CHINA,2,"ckly special packages cajole slyly. unusual, unusual theodolites mold furiously. slyly sile"
826,ghost rosy beige salmon lemon,ECONOMY PLATED TIN,SM CASE,28161,MAIL,DELIVER IN PERSON,33.00,56985.06,0.09,1994-06-16,4-NOT SPECIFIED,281929.48,Customer#000000316,MACHINERY,4571.78,INDIA,ASIA,18,CHINA,2,"ckly special packages cajole slyly. unusual, unusual theodolites mold furiously. slyly sile"
450,sky lace green pale lime,MEDIUM BURNISHED TIN,SM CASE,24705,AIR,DELIVER IN PERSON,42.00,56718.90,0.09,1995-09-16,1-URGENT,114109.64,Customer#000000268,MACHINERY,6821.01,CANADA,AMERICA,18,CHINA,2,"ckly special packages cajole slyly. unusual, unusual theodolites mold furiously. slyly sile"
144,hot midnight orchid dim steel,SMALL ANODIZED TIN,SM BOX,17476,MAIL,TAKE BACK RETURN,39.00,40721.46,0.01,1996-05-29,1-URGENT,116707.45,Customer#000000268,MACHINERY,6821.01,CANADA,AMERICA,18,CHINA,2,"ckly special packages cajole slyly. unusual, unusual theodolites mold furiously. slyly sile"
867,snow spring black white burnished,PROMO POLISHED NICKEL,LG BOX,14944,AIR,TAKE BACK RETURN,21.00,37125.06,0.05,1997-10-14,2-HIGH,129269.44,Customer#000000268,MACHINERY,6821.01,CANADA,AMERICA,18,CHINA,2,"ckly special packages cajole slyly. unusual, unusual theodolites mold furiously. slyly sile"
958,turquoise sandy drab dodger cyan,LARGE PLATED NICKEL,LG BOX,22306,MAIL,DELIVER IN PERSON,13.00,24166.35,0.09,1996-08-16,4-NOT SPECIFIED,131060.76,Customer#000000229,BUILDING,7568.07,ARGENTINA,AMERICA,18,CHINA,2,"ckly special packages cajole slyly. unusual, unusual theodolites mold furiously. slyly sile"
874,drab slate hot black khaki,MEDIUM PLATED TIN,MED BOX,17668,REG AIR,TAKE BACK RETURN,43.00,76319.41,0.01,1994-11-26,3-MEDIUM,356016.33,Customer#000000005,HOUSEHOLD,794.47,CANADA,AMERICA,18,CHINA,2,"ckly special packages cajole slyly. unusual, unusual theodolites mold furiously. slyly sile"
30,cream misty steel spring medium,PROMO ANODIZED TIN,LG BOX,10375,TRUCK,TAKE BACK RETURN,23.00,21390.69,0.06,1997-01-08,2-HIGH,60612.14,Customer#000000407,MACHINERY,9537.08,ARGENTINA,AMERICA,18,CHINA,2,"ckly special packages cajole slyly. unusual, unusual theodolites mold furiously. slyly sile"
81,misty sandy cornsilk dodger blush,ECONOMY BRUSHED TIN,MED BAG,21606,TRUCK,TAKE BACK RETURN,29.00,28451.32,0.10,1995-01-23,4-NOT SPECIFIED,154080.01,Customer#000000343,HOUSEHOLD,5521.36,CANADA,AMERICA,18,CHINA,2,"ckly special packages cajole slyly. unusual, unusual theodolites mold furiously. slyly sile"
144,hot midnight orchid dim steel,SMALL ANODIZED TIN,SM BOX,21222,TRUCK,DELIVER IN PERSON,34.00,35500.76,0.05,1994-02-04,4-NOT SPECIFIED,222826.57,Customer#000000407,MACHINERY,9537.08,ARGENTINA,AMERICA,18,CHINA,2,"ckly special packages cajole slyly. unusual, unusual theodolites mold furiously. slyly sile"
395,drab steel royal medium chartreuse,MEDIUM BURNISHED BRASS,LG BOX,16610,MAIL,TAKE BACK RETURN,42.00,54406.38,0.00,1994-10-11,2-HIGH,181988.84,Customer#000000017,AUTOMOBILE,6.34,BRAZIL,AMERICA,18,CHINA,2,"ckly special packages cajole slyly. unusual, unusual theodolites mold furiously. slyly sile"
107,violet honeydew bisque sienna orchid,SMALL BURNISHED TIN,MED BOX,5090,TRUCK,TAKE BACK RETURN,22.00,22156.20,0.07,1997-03-09,1-URGENT,171523.81,Customer#000000442,FURNITURE,4157.00,ARGENTINA,AMERICA,18,CHINA,2,"ckly special packages cajole slyly. unusual, unusual theodolites mold furiously. slyly sile"
826,ghost rosy beige salmon lemon,ECONOMY PLATED TIN,SM CASE,12868,MAIL,DELIVER IN PERSON,45.00,77706.90,0.06,1995-03-02,1-URGENT,212378.63,Customer#000000521,MACHINERY,5830.69,BRAZIL,AMERICA,18,CHINA,2,"ckly special packages cajole slyly. unusual, unusual theodolites mold furiously. slyly sile"
821,smoke drab rose hot spring,PROMO POLISHED TIN,MED BOX,10049,MAIL,DELIVER IN PERSON,30.00,51654.60,0.09,1997-07-23,1-URGENT,167455.41,Customer#000000343,HOUSEHOLD,5521.36,CANADA,AMERICA,18,CHINA,2,"ckly special packages cajole slyly. unusual, unusual theodolites mold furiously. slyly sile"
17,indian navy coral pink deep,ECONOMY BRUSHED STEEL,LG BOX,28739,AIR,DELIVER IN PERSON,45.00,41265.45,0.07,1996-09-10,2-HIGH,154154.14,Customer#000000728,BUILDING,4349.73,UNITED STATES,AMERICA,18,CHINA,2,"ckly special packages cajole slyly. unusual, unusual theodolites mold furiously. slyly sile"
450,sky lace green pale lime,MEDIUM BURNISHED TIN,SM CASE,20198,TRUCK,TAKE BACK RETURN,13.00,17555.85,0.02,1995-06-11,4-NOT SPECIFIED,144541.14,Customer#000000478,BUILDING,-210.40,ARGENTINA,AMERICA,18,CHINA,2,"ckly special packages cajole slyly. unusual, unusual theodolites mold furiously. slyly sile"
758,yellow orchid dim cyan burlywood,ECONOMY ANODIZED TIN,MED BOX,6210,AIR,TAKE BACK RETURN,23.00,38151.25,0.06,1996-11-06,5-LOW,232343.67,Customer#000000343,HOUSEHOLD,5521.36,CANADA,AMERICA,18,CHINA,2,"ckly special packages cajole slyly. unusual, unusual theodolites mold furiously. slyly sile"
81,misty sandy cornsilk dodger blush,ECONOMY BRUSHED TIN,MED BAG,13154,MAIL,TAKE BACK RETURN,42.00,41205.36,0.09,1997-10-22,5-LOW,262523.82,Customer#000000260,MACHINERY,9196.11,ARGENTINA,AMERICA,18,CHINA,2,"ckly special packages cajole slyly. unusual, unusual theodolites mold furiously. slyly sile"
507,red misty salmon ivory khaki,SMALL ANODIZED BRASS,SM CASE,29152,TRUCK,TAKE BACK RETURN,24.00,33780.00,0.06,1995-07-24,5-LOW,201223.31,Customer#000000346,FURNITURE,238.14,BRAZIL,AMERICA,18,CHINA,2,"ckly special packages cajole slyly. unusual, unusual theodolites mold furiously. slyly sile"
758,yellow orchid dim cyan burlywood,ECONOMY ANODIZED TIN,MED BOX,29638,AIR,DELIVER IN PERSON,12.00,19905.00,0.06,1995-10-25,3-MEDIUM,113545.13,Customer#000000505,HOUSEHOLD,6557.51,BRAZIL,AMERICA,18,CHINA,2,"ckly special packages cajole slyly. unusual, unusual theodolites mold furiously. slyly sile"
395,drab steel royal medium chartreuse,MEDIUM BURNISHED BRASS,LG BOX,23169,AIR,TAKE BACK RETURN,39.00,50520.21,0.04,1995-06-24,1-URGENT,227411.29,Customer#000000265,MACHINERY,8275.80,PERU,AMERICA,18,CHINA,2,"ckly special packages cajole slyly. unusual, unusual theodolites mold furiously. slyly sile"
558,blanched seashell navy black dim,STANDARD PLATED BRASS,MED BOX,23142,TRUCK,DELIVER IN PERSON,24.00,35005.20,0.06,1996-05-27,3-MEDIUM,142727.51,Customer#000000011,BUILDING,-272.60,UNITED KINGDOM,EUROPE,18,CHINA,2,"ckly special packages cajole slyly. unusual, unusual theodolites mold furiously. slyly sile"
450,sky lace green pale lime,MEDIUM BURNISHED TIN,SM CASE,29958,TRUCK,DELIVER IN PERSON,28.00,37812.60,0.10,1995-01-07,2-HIGH,143790.75,Customer#000000514,BUILDING,5840.97,UNITED KINGDOM,EUROPE,18,CHINA,2,"ckly special packages cajole slyly. unusual, unusual theodolites mold furiously. slyly sile"
130,gainsboro powder cyan pale rosy,SMALL PLATED NICKEL,LG BOX,577,AIR,TAKE BACK RETURN,25.00,25753.25,0.06,1994-12-19,5-LOW,40599.44,Customer#000000277,BUILDING,8876.10,UNITED KINGDOM,EUROPE,18,CHINA,2,"ckly special packages cajole slyly. unusual, unusual theodolites mold furiously. slyly sile"
130,gainsboro powder cyan pale rosy,SMALL PLATED NICKEL,LG BOX,4646,MAIL,DELIVER IN PERSON,22.00,22662.86,0.01,1996-06-18,1-URGENT,170926.97,Customer#000000413,FURNITURE,5817.90,FRANCE,EUROPE,18,CHINA,2,"ckly special packages cajole slyly. unusual, unusual theodolites mold furiously. slyly sile"
932,cornflower sky powder cyan linen,SMALL ANODIZED COPPER,LG BOX,25568,MAIL,TAKE BACK RETURN,26.00,47656.18,0.08,1996-10-31,1-URGENT,171287.92,Customer#000000514,BUILDING,5840.97,UNITED KINGDOM,EUROPE,18,CHINA,2,"ckly special packages cajole slyly. unusual, unusual theodolites mold furiously. slyly sile"
826,ghost rosy beige salmon lemon,ECONOMY PLATED TIN,SM CASE,14531,MAIL,TAKE BACK RETURN,45.00,77706.90,0.06,1997-06-11,2-HIGH,203176.76,Customer#000000667,AUTOMOBILE,3288.76,FRANCE,EUROPE,18,CHINA,2,"ckly special packages cajole slyly. unusual, unusual theodolites mold furiously. slyly sile"
895,thistle azure magenta mint burnished,MEDIUM BRUSHED STEEL,SM BOX,19363,AIR,TAKE BACK RETURN,35.00,62856.15,0.07,1995-07-06,2-HIGH,280738.15,Customer#000000172,MACHINERY,1134.40,RUSSIA,EUROPE,18,CHINA,2,"ckly special packages cajole slyly. unusual, unusual theodolites mold furiously. slyly sile"
826,ghost rosy beige salmon lemon,ECONOMY PLATED TIN,SM CASE,24674,MAIL,DELIVER IN PERSON,14.00,24175.48,0.06,1996-05-15,2-HIGH,148334.99,Customer#000000046,AUTOMOBILE,5744.59,FRANCE,EUROPE,18,CHINA,2,"ckly special packages cajole slyly. unusual, unusual theodolites mold furiously. slyly sile"
821,smoke drab rose hot spring,PROMO POLISHED TIN,MED BOX,23621,REG AIR,DELIVER IN PERSON,28.00,48210.96,0.03,1996-12-29,3-MEDIUM,214948.72,Customer#000000394,MACHINERY,5200.96,UNITED KINGDOM,EUROPE,18,CHINA,2,"ckly special packages cajole slyly. unusual, unusual theodolites mold furiously. slyly sile"
895,thistle azure magenta mint burnished,MEDIUM BRUSHED STEEL,SM BOX,10244,REG AIR,TAKE BACK RETURN,28.00,50284.92,0.01,1996-04-04,3-MEDIUM,140180.15,Customer#000000149,AUTOMOBILE,8959.65,ROMANIA,EUROPE,18,CHINA,2,"ckly special packages cajole slyly. unusual, unusual theodolites mold furiously. slyly sile"
17,indian navy coral pink deep,ECONOMY BRUSHED STEEL,LG BOX,29316,REG AIR,DELIVER IN PERSON,11.00,10087.11,0.02,1997-05-03,5-LOW,117532.18,Customer#000000683,MACHINERY,9120.93,FRANCE,EUROPE,18,CHINA,2,"ckly special packages cajole slyly. unusual, unusual theodolites mold furiously. slyly sile"
932,cornflower sky powder cyan linen,SMALL ANODIZED COPPER,LG BOX,18564,AIR,TAKE BACK RETURN,39.00,71484.27,0.01,1996-03-18,2-HIGH,173754.81,Customer#000000112,FURNITURE,2953.35,ROMANIA,EUROPE,18,CHINA,2,"ckly special packages cajole slyly. unusual, unusual theodolites mold furiously. slyly sile"
395,drab steel royal medium chartreuse,MEDIUM BURNISHED BRASS,LG BOX,14150,MAIL,DELIVER IN PERSON,38.00,49224.82,0.02,1994-02-09,2-HIGH,186818.41,Customer#000000046,AUTOMOBILE,5744.59,FRANCE,EUROPE,18,CHINA,2,"ckly special packages cajole slyly. unusual, unusual theodolites mold furiously. slyly sile"
867,snow spring black white burnished,PROMO POLISHED NICKEL,LG BOX,17026,AIR,DELIVER IN PERSON,42.00,74250.12,0.00,1996-06-10,3-MEDIUM,270903.98,Customer#000000202,AUTOMOBILE,2237.64,GERMANY,EUROPE,18,CHINA,2,"ckly special packages cajole slyly. unusual, unusual theodolites mold furiously. slyly sile"
874,drab slate hot black khaki,MEDIUM PLATED TIN,MED BOX,8165,MAIL,DELIVER IN PERSON,17.00,30172.79,0.10,1994-10-16,5-LOW,251613.69,Customer#000000112,FURNITURE,2953.35,ROMANIA,EUROPE,18,CHINA,2,"ckly special packages cajole slyly. unusual, unusual theodolites mold furiously. slyly sile"
395,drab steel royal medium chartreuse,MEDIUM BURNISHED BRASS,LG BOX,3234,TRUCK,DELIVER IN PERSON,45.00,58292.55,0.01,1996-04-05,4-NOT SPECIFIED,207014.44,Customer#000000070,FURNITURE,4867.52,RUSSIA,EUROPE,18,CHINA,2,"ckly special packages cajole slyly. unusual, unusual theodolites mold furiously. slyly sile"
450,sky lace green pale lime,MEDIUM BURNISHED TIN,SM CASE,10694,REG AIR,TAKE BACK RETURN,15.00,20256.75,0.07,1997-12-05,2-HIGH,196213.05,Customer#000000712,BUILDING,8667.09,FRANCE,EUROPE,18,CHINA,2,"ckly special packages cajole slyly. unusual, unusual theodolites mold furiously. slyly sile"
895,thistle azure magenta mint burnished,MEDIUM BRUSHED STEEL,SM BOX,11616,REG AIR,TAKE BACK RETURN,34.00,61060.26,0.03,1996-08-02,2-HIGH,265398.53,Customer#000000202,AUTOMOBILE,2237.64,GERMANY,EUROPE,18,CHINA,2,"ckly special packages cajole slyly. unusual, unusual theodolites mold furiously. slyly sile"
392,medium plum powder blush yellow,MEDIUM BRUSHED COPPER,SM BOX,14754,TRUCK,DELIVER IN PERSON,36.00,46526.04,0.10,1996-06-23,3-MEDIUM,99648.70,Customer#000000043,MACHINERY,9904.28,ROMANIA,EUROPE,18,CHINA,2,"ckly special packages cajole slyly. unusual, unusual theodolites mold furiously. slyly sile"
17,indian navy coral pink deep,ECONOMY BRUSHED STEEL,LG BOX,17478,TRUCK,DELIVER IN PERSON,15.00,13755.15,0.08,1996-11-24,3-MEDIUM,125381.06,Customer#000000118,AUTOMOBILE,3582.37,CHINA,ASIA,19,ROMANIA,3,"sly blithe requests. thinly bold deposits above the blithely regular accounts nag special, final requests. care"
107,violet honeydew bisque sienna orchid,SMALL BURNISHED TIN,MED BOX,10145,REG AIR,DELIVER IN PERSON,37.00,37262.70,0.10,1995-05-25,5-LOW,314527.26,Customer#000000323,AUTOMOBILE,1137.67,CHINA,ASIA,19,ROMANIA,3,"sly blithe requests. thinly bold deposits above the blithely regular accounts nag special, final requests. care"
572,navy plum lime goldenrod saddle,LARGE BURNISHED COPPER,SM BOX,2657,MAIL,TAKE BACK RETURN,22.00,32396.54,0.02,1995-10-17,2-HIGH,215489.74,Customer#000000124,AUTOMOBILE,1842.49,CHINA,ASIA,19,ROMANIA,3,"sly blithe requests. thinly bold deposits above the blithely regular accounts nag special, final requests. care"
932,cornflower sky powder cyan linen,SMALL ANODIZED COPPER,LG BOX,5600,MAIL,TAKE BACK RETURN,34.00,62319.62,0.02,1997-02-08,4-NOT SPECIFIED,79054.82,Customer#000000472,MACHINERY,7929.90,JAPAN,ASIA,19,ROMANIA,3,"sly blithe requests. thinly bold deposits above the blithely regular accounts nag special, final requests. care"
81,misty sandy cornsilk dodger blush,ECONOMY BRUSHED TIN,MED BAG,27296,REG AIR,DELIVER IN PERSON,26.00,25508.08,0.00,1997-08-30,4-NOT SPECIFIED,217953.54,Customer#000000341,FURNITURE,8247.11,INDONESIA,ASIA,19,ROMANIA,3,"sly blithe requests. thinly bold deposits above the blithely regular accounts nag special, final requests. care"
946,medium drab rosy spring salmon,MEDIUM PLATED TIN,LG BOX,4481,AIR,TAKE BACK RETURN,27.00,49867.38,0.02,1996-03-30,5-LOW,103321.16,Customer#000000734,AUTOMOBILE,9750.71,CHINA,ASIA,19,ROMANIA,3,"sly blithe requests. thinly bold deposits above the blithely regular accounts nag special, final requests. care"
758,yellow orchid dim cyan burlywood,ECONOMY ANODIZED TIN,MED BOX,15875,MAIL,DELIVER IN PERSON,21.00,34833.75,0.03,1996-09-01,3-MEDIUM,179557.05,Customer#000000406,FURNITURE,4286.94,INDONESIA,ASIA,19,ROMANIA,3,"sly blithe requests. thinly bold deposits above the blithely regular accounts nag special, final requests. care"
107,violet honeydew bisque sienna orchid,SMALL BURNISHED TIN,MED BOX,8451,AIR,TAKE BACK RETURN,19.00,19134.90,0.04,1995-12-14,3-MEDIUM,53487.23,Customer#000000163,FURNITURE,2948.61,VIETNAM,ASIA,19,ROMANIA,3,"sly blithe requests. thinly bold deposits above the blithely regular accounts nag special, final requests. care"
895,thistle azure magenta mint burnished,MEDIUM BRUSHED STEEL,SM BOX,2182,TRUCK,TAKE BACK RETURN,37.00,66447.93,0.06,1994-04-05,2-HIGH,171704.77,Customer#000000113,BUILDING,2912.00,JAPAN,ASIA,19,ROMANIA,3,"sly blithe requests. thinly bold deposits above the blithely regular accounts nag special, final requests. care"
144,hot midnight orchid dim steel,SMALL ANODIZED TIN,SM BOX,2791,AIR,DELIVER IN PERSON,26.00,27147.64,0.06,1994-10-10,2-HIGH,214697.04,Customer#000000604,HOUSEHOLD,3195.96,VIETNAM,ASIA,19,ROMANIA,3,"sly blithe requests. thinly bold deposits above the blithely regular accounts nag special, final requests. care"
895,thistle azure magenta mint burnished,MEDIUM BRUSHED STEEL,SM BOX,4642,MAIL,DELIVER IN PERSON,41.00,73631.49,0.10,1995-02-27,1-URGENT,185628.40,Customer#000000737,AUTOMOBILE,2501.74,CHINA,ASIA,19,ROMANIA,3,"sly blithe requests. thinly bold deposits above the blithely regular accounts nag special, final requests. care"
895,thistle azure magenta mint burnished,MEDIUM BRUSHED STEEL,SM BOX,13059,AIR,DELIVER IN PERSON,35.00,62856.15,0.05,1997-05-31,5-LOW,232548.03,Customer#000000068,HOUSEHOLD,6853.37,JAPAN,ASIA,19,ROMANIA,3,"sly blithe requests. thinly bold deposits above the blithely regular accounts nag special, final requests. care"
821,smoke drab rose hot spring,PROMO POLISHED TIN,MED BOX,11652,REG AIR,TAKE BACK RETURN,10.00,17218.20,0.07,1995-11-11,4-NOT SPECIFIED,221817.66,Customer#000000721,AUTOMOBILE,3420.64,VIETNAM,ASIA,19,ROMANIA,3,"sly blithe requests. thinly bold deposits above the blithely regular accounts nag special, final requests. care"
826,ghost rosy beige salmon lemon,ECONOMY PLATED TIN,SM CASE,28161,MAIL,DELIVER IN PERSON,33.00,56985.06,0.09,1994-06-16,4-NOT SPECIFIED,281929.48,Customer#000000316,MACHINERY,4571.78,INDIA,ASIA,19,ROMANIA,3,"sly blithe requests. thinly bold deposits above the blithely regular accounts nag special, final requests. care"
450,sky lace green pale lime,MEDIUM BURNISHED TIN,SM CASE,24705,AIR,DELIVER IN PERSON,42.00,56718.90,0.09,1995-09-16,1-URGENT,114109.64,Customer#000000268,MACHINERY,6821.01,CANADA,AMERICA,19,ROMANIA,3,"sly blithe requests. thinly bold deposits above the blithely regular accounts nag special, final requests. care"
144,hot midnight orchid dim steel,SMALL ANODIZED TIN,SM BOX,17476,MAIL,TAKE BACK RETURN,39.00,40721.46,0.01,1996-05-29,1-URGENT,116707.45,Customer#000000268,MACHINERY,6821.01,CANADA,AMERICA,19,ROMANIA,3,"sly blithe requests. thinly bold deposits above the blithely regular accounts nag special, final requests. care"
867,snow spring black white burnished,PROMO POLISHED NICKEL,LG BOX,14944,AIR,TAKE BACK RETURN,21.00,37125.06,0.05,1997-10-14,2-HIGH,129269.44,Customer#000000268,MACHINERY,6821.01,CANADA,AMERICA,19,ROMANIA,3,"sly blithe requests. thinly bold deposits above the blithely regular accounts nag special, final requests. care"
958,turquoise sandy drab dodger cyan,LARGE PLATED NICKEL,LG BOX,22306,MAIL,DELIVER IN PERSON,13.00,24166.35,0.09,1996-08-16,4-NOT SPECIFIED,131060.76,Customer#000000229,BUILDING,7568.07,ARGENTINA,AMERICA,19,ROMANIA,3,"sly blithe requests. thinly bold deposits above the blithely regular accounts nag special, final requests. care"
874,drab slate hot black khaki,MEDIUM PLATED TIN,MED BOX,17668,REG AIR,TAKE BACK RETURN,43.00,76319.41,0.01,1994-11-26,3-MEDIUM,356016.33,Customer#000000005,HOUSEHOLD,794.47,CANADA,AMERICA,19,ROMANIA,3,"sly blithe requests. thinly bold deposits above the blithely regular accounts nag special, final requests. care"
30,cream misty steel spring medium,PROMO ANODIZED TIN,LG BOX,10375,TRUCK,TAKE BACK RETURN,23.00,21390.69,0.06,1997-01-08,2-HIGH,60612.14,Customer#000000407,MACHINERY,9537.08,ARGENTINA,AMERICA,19,ROMANIA,3,"sly blithe requests. thinly bold deposits above the blithely regular accounts nag special, final requests. care"
81,misty sandy cornsilk dodger blush,ECONOMY BRUSHED TIN,MED BAG,21606,TRUCK,TAKE BACK RETURN,29.00,28451.32,0.10,1995-01-23,4-NOT SPECIFIED,154080.01,Customer#000000343,HOUSEHOLD,5521.36,CANADA,AMERICA,19,ROMANIA,3,"sly blithe requests. thinly bold deposits above the blithely regular accounts nag special, final requests. care"
144,hot midnight orchid dim steel,SMALL ANODIZED TIN,SM BOX,21222,TRUCK,DELIVER IN PERSON,34.00,35500.76,0.05,1994-02-04,4-NOT SPECIFIED,222826.57,Customer#000000407,MACHINERY,9537.08,ARGENTINA,AMERICA,19,ROMANIA,3,"sly blithe requests. thinly bold deposits above the blithely regular accounts nag special, final requests. care"
395,drab steel royal medium chartreuse,MEDIUM BURNISHED BRASS,LG BOX,16610,MAIL,TAKE BACK RETURN,42.00,54406.38,0.00,1994-10-11,2-HIGH,181988.84,Customer#000000017,AUTOMOBILE,6.34,BRAZIL,AMERICA,19,ROMANIA,3,"sly blithe requests. thinly bold deposits above the blithely regular accounts nag special, final requests. care"
107,violet honeydew bisque sienna orchid,SMALL BURNISHED TIN,MED BOX,5090,TRUCK,TAKE BACK RETURN,22.00,22156.20,0.07,1997-03-09,1-URGENT,171523.81,Customer#000000442,FURNITURE,4157.00,ARGENTINA,AMERICA,19,ROMANIA,3,"sly blithe requests. thinly bold deposits above the blithely regular accounts nag special, final requests. care"
826,ghost rosy beige salmon lemon,ECONOMY PLATED TIN,SM CASE,12868,MAIL,DELIVER IN PERSON,45.00,77706.90,0.06,1995-03-02,1-URGENT,212378.63,Customer#000000521,MACHINERY,5830.69,BRAZIL,AMERICA,19,ROMANIA,3,"sly blithe requests. thinly bold deposits above the blithely regular accounts nag special, final requests. care"
821,smoke drab rose hot spring,PROMO POLISHED TIN,MED BOX,10049,MAIL,DELIVER IN PERSON,30.00,51654.60,0.09,1997-07-23,1-URGENT,167455.41,Customer#000000343,HOUSEHOLD,5521.36,CANADA,AMERICA,19,ROMANIA,3,"sly blithe requests. thinly bold deposits above the blithely regular accounts nag special, final requests. care"
17,indian navy coral pink deep,ECONOMY BRUSHED STEEL,LG BOX,28739,AIR,DELIVER IN PERSON,45.00,41265.45,0.07,1996-09-10,2-HIGH,154154.14,Customer#000000728,BUILDING,4349.73,UNITED STATES,AMERICA,19,ROMANIA,3,"sly blithe requests. thinly bold deposits above the blithely regular accounts nag special, final requests. care"
450,sky lace green pale lime,MEDIUM BURNISHED TIN,SM CASE,20198,TRUCK,TAKE BACK RETURN,13.00,17555.85,0.02,1995-06-11,4-NOT SPECIFIED,144541.14,Customer#000000478,BUILDING,-210.40,ARGENTINA,AMERICA,19,ROMANIA,3,"sly blithe requests. thinly bold deposits above the blithely regular accounts nag special, final requests. care"
758,yellow orchid dim cyan burlywood,ECONOMY ANODIZED TIN,MED BOX,6210,AIR,TAKE BACK RETURN,23.00,38151.25,0.06,1996-11-06,5-LOW,232343.67,Customer#000000343,HOUSEHOLD,5521.36,CANADA,AMERICA,19,ROMANIA,3,"sly blithe requests. thinly bold deposits above the blithely regular accounts nag special, final requests. care"
81,misty sandy cornsilk dodger blush,ECONOMY BRUSHED TIN,MED BAG,13154,MAIL,TAKE BACK RETURN,42.00,41205.36,0.09,1997-10-22,5-LOW,262523.82,Customer#000000260,MACHINERY,9196.11,ARGENTINA,AMERICA,19,ROMANIA,3,"sly blithe requests. thinly bold deposits above the blithely regular accounts nag special, final requests. care"
507,red misty salmon ivory khaki,SMALL ANODIZED BRASS,SM CASE,29152,TRUCK,TAKE BACK RETURN,24.00,33780.00,0.06,1995-07-24,5-LOW,201223.31,Customer#000000346,FURNITURE,238.14,BRAZIL,AMERICA,19,ROMANIA,3,"sly blithe requests. thinly bold deposits above the blithely regular accounts nag special, final requests. care"
758,yellow orchid dim cyan burlywood,ECONOMY ANODIZED TIN,MED BOX,29638,AIR,DELIVER IN PERSON,12.00,19905.00,0.06,1995-10-25,3-MEDIUM,113545.13,Customer#000000505,HOUSEHOLD,6557.51,BRAZIL,AMERICA,19,ROMANIA,3,"sly blithe requests. thinly bold deposits above the blithely regular accounts nag special, final requests. care"
395,drab steel royal medium chartreuse,MEDIUM BURNISHED BRASS,LG BOX,23169,AIR,TAKE BACK RETURN,39.00,50520.21,0.04,1995-06-24,1-URGENT,227411.29,Customer#000000265,MACHINERY,8275.80,PERU,AMERICA,19,ROMANIA,3,"sly blithe requests. thinly bold deposits above the blithely regular accounts nag special, final requests. care"
558,blanched seashell navy black dim,STANDARD PLATED BRASS,MED BOX,23142,TRUCK,DELIVER IN PERSON,24.00,35005.20,0.06,1996-05-27,3-MEDIUM,142727.51,Customer#000000011,BUILDING,-272.60,UNITED KINGDOM,EUROPE,19,ROMANIA,3,"sly blithe requests. thinly bold deposits above the blithely regular accounts nag special, final requests. care"
450,sky lace green pale lime,MEDIUM BURNISHED TIN,SM CASE,29958,TRUCK,DELIVER IN PERSON,28.00,37812.60,0.10,1995-01-07,2-HIGH,143790.75,Customer#000000514,BUILDING,5840.97,UNITED KINGDOM,EUROPE,19,ROMANIA,3,"sly blithe requests. thinly bold deposits above the blithely regular accounts nag special, final requests. care"
130,gainsboro powder cyan pale rosy,SMALL PLATED NICKEL,LG BOX,577,AIR,TAKE BACK RETURN,25.00,25753.25,0.06,1994-12-19,5-LOW,40599.44,Customer#000000277,BUILDING,8876.10,UNITED KINGDOM,EUROPE,19,ROMANIA,3,"sly blithe requests. thinly bold deposits above the blithely regular accounts nag special, final requests. care"
130,gainsboro powder cyan pale rosy,SMALL PLATED NICKEL,LG BOX,4646,MAIL,DELIVER IN PERSON,22.00,22662.86,0.01,1996-06-18,1-URGENT,170926.97,Customer#000000413,FURNITURE,5817.90,FRANCE,EUROPE,19,ROMANIA,3,"sly blithe requests. thinly bold deposits above the blithely regular accounts nag special, final requests. care"
932,cornflower sky powder cyan linen,SMALL ANODIZED COPPER,LG BOX,25568,MAIL,TAKE BACK RETURN,26.00,47656.18,0.08,1996-10-31,1-URGENT,171287.92,Customer#000000514,BUILDING,5840.97,UNITED KINGDOM,EUROPE,19,ROMANIA,3,"sly blithe requests. thinly bold deposits above the blithely regular accounts nag special, final requests. care"
826,ghost rosy beige salmon lemon,ECONOMY PLATED TIN,SM CASE,14531,MAIL,TAKE BACK RETURN,45.00,77706.90,0.06,1997-06-11,2-HIGH,203176.76,Customer#000000667,AUTOMOBILE,3288.76,FRANCE,EUROPE,19,ROMANIA,3,"sly blithe requests. thinly bold deposits above the blithely regular accounts nag special, final requests. care"
895,thistle azure magenta mint burnished,MEDIUM BRUSHED STEEL,SM BOX,19363,AIR,TAKE BACK RETURN,35.00,62856.15,0.07,1995-07-06,2-HIGH,280738.15,Customer#000000172,MACHINERY,1134.40,RUSSIA,EUROPE,19,ROMANIA,3,"sly blithe requests. thinly bold deposits above the blithely regular accounts nag special, final requests. care"
826,ghost rosy beige salmon lemon,ECONOMY PLATED TIN,SM CASE,24674,MAIL,DELIVER IN PERSON,14.00,24175.48,0.06,1996-05-15,2-HIGH,148334.99,Customer#000000046,AUTOMOBILE,5744.59,FRANCE,EUROPE,19,ROMANIA,3,"sly blithe requests. thinly bold deposits above the blithely regular accounts nag special, final requests. care"
821,smoke drab rose hot spring,PROMO POLISHED TIN,MED BOX,23621,REG AIR,DELIVER IN PERSON,28.00,48210.96,0.03,1996-12-29,3-MEDIUM,214948.72,Customer#000000394,MACHINERY,5200.96,UNITED KINGDOM,EUROPE,19,ROMANIA,3,"sly blithe requests. thinly bold deposits above the blithely regular accounts nag special, final requests. care"
895,thistle azure magenta mint burnished,MEDIUM BRUSHED STEEL,SM BOX,10244,REG AIR,TAKE BACK RETURN,28.00,50284.92,0.01,1996-04-04,3-MEDIUM,140180.15,Customer#000000149,AUTOMOBILE,8959.65,ROMANIA,EUROPE,19,ROMANIA,3,"sly blithe requests. thinly bold deposits above the blithely regular accounts nag special, final requests. care"
17,indian navy coral pink deep,ECONOMY BRUSHED STEEL,LG BOX,29316,REG AIR,DELIVER IN PERSON,11.00,10087.11,0.02,1997-05-03,5-LOW,117532.18,Customer#000000683,MACHINERY,9120.93,FRANCE,EUROPE,19,ROMANIA,3,"sly blithe requests. thinly bold deposits above the blithely regular accounts nag special, final requests. care"
932,cornflower sky powder cyan linen,SMALL ANODIZED COPPER,LG BOX,18564,AIR,TAKE BACK RETURN,39.00,71484.27,0.01,1996-03-18,2-HIGH,173754.81,Customer#000000112,FURNITURE,2953.35,ROMANIA,EUROPE,19,ROMANIA,3,"sly blithe requests. thinly bold deposits above the blithely regular accounts nag special, final requests. care"
395,drab steel royal medium chartreuse,MEDIUM BURNISHED BRASS,LG BOX,14150,MAIL,DELIVER IN PERSON,38.00,49224.82,0.02,1994-02-09,2-HIGH,186818.41,Customer#000000046,AUTOMOBILE,5744.59,FRANCE,EUROPE,19,ROMANIA,3,"sly blithe requests. thinly bold deposits above the blithely regular accounts nag special, final requests. care"
867,snow spring black white burnished,PROMO POLISHED NICKEL,LG BOX,17026,AIR,DELIVER IN PERSON,42.00,74250.12,0.00,1996-06-10,3-MEDIUM,270903.98,Customer#000000202,AUTOMOBILE,2237.64,GERMANY,EUROPE,19,ROMANIA,3,"sly blithe requests. thinly bold deposits above the blithely regular accounts nag special, final requests. care"
874,drab slate hot black khaki,MEDIUM PLATED TIN,MED BOX,8165,MAIL,DELIVER IN PERSON,17.00,30172.79,0.10,1994-10-16,5-LOW,251613.69,Customer#000000112,FURNITURE,2953.35,ROMANIA,EUROPE,19,ROMANIA,3,"sly blithe requests. thinly bold deposits above the blithely regular accounts nag special, final requests. care"
395,drab steel royal medium chartreuse,MEDIUM BURNISHED BRASS,LG BOX,3234,TRUCK,DELIVER IN PERSON,45.00,58292.55,0.01,1996-04-05,4-NOT SPECIFIED,207014.44,Customer#000000070,FURNITURE,4867.52,RUSSIA,EUROPE,19,ROMANIA,3,"sly blithe requests. thinly bold deposits above the blithely regular accounts nag special, final requests. care"
450,sky lace green pale lime,MEDIUM BURNISHED TIN,SM CASE,10694,REG AIR,TAKE BACK RETURN,15.00,20256.75,0.07,1997-12-05,2-HIGH,196213.05,Customer#000000712,BUILDING,8667.09,FRANCE,EUROPE,19,ROMANIA,3,"sly blithe requests. thinly bold deposits above the blithely regular accounts nag special, final requests. care"
895,thistle azure magenta mint burnished,MEDIUM BRUSHED STEEL,SM BOX,11616,REG AIR,TAKE BACK RETURN,34.00,61060.26,0.03,1996-08-02,2-HIGH,265398.53,Customer#000000202,AUTOMOBILE,2237.64,GERMANY,EUROPE,19,ROMANIA,3,"sly blithe requests. thinly bold deposits above the blithely regular accounts nag special, final requests. care"
392,medium plum powder blush yellow,MEDIUM BRUSHED COPPER,SM BOX,14754,TRUCK,DELIVER IN PERSON,36.00,46526.04,0.10,1996-06-23,3-MEDIUM,99648.70,Customer#000000043,MACHINERY,9904.28,ROMANIA,EUROPE,19,ROMANIA,3,"sly blithe requests. thinly bold deposits above the blithely regular accounts nag special, final requests. care"
17,indian navy coral pink deep,ECONOMY BRUSHED STEEL,LG BOX,17478,TRUCK,DELIVER IN PERSON,15.00,13755.15,0.08,1996-11-24,3-MEDIUM,125381.06,Customer#000000118,AUTOMOBILE,3582.37,CHINA,ASIA,20,SAUDI ARABIA,4,se slyly across the blithely regular deposits. deposits use carefully regular 
107,violet honeydew bisque sienna orchid,SMALL BURNISHED TIN,MED BOX,10145,REG AIR,DELIVER IN PERSON,37.00,37262.70,0.10,1995-05-25,5-LOW,314527.26,Customer#000000323,AUTOMOBILE,1137.67,CHINA,ASIA,20,SAUDI ARABIA,4,se slyly across the blithely regular deposits. deposits use carefully regular 
572,navy plum lime goldenrod saddle,LARGE BURNISHED COPPER,SM BOX,2657,MAIL,TAKE BACK RETURN,22.00,32396.54,0.02,1995-10-17,2-HIGH,215489.74,Customer#000000124,AUTOMOBILE,1842.49,CHINA,ASIA,20,SAUDI ARABIA,4,se slyly across the blithely regular deposits. deposits use carefully regular 
932,cornflower sky powder cyan linen,SMALL ANODIZED COPPER,LG BOX,5600,MAIL,TAKE BACK RETURN,34.00,62319.62,0.02,1997-02-08,4-NOT SPECIFIED,79054.82,Customer#000000472,MACHINERY,7929.90,JAPAN,ASIA,20,SAUDI ARABIA,4,se slyly across the blithely regular deposits. deposits use carefully regular 
81,misty sandy cornsilk dodger blush,ECONOMY BRUSHED TIN,MED BAG,27296,REG AIR,DELIVER IN PERSON,26.00,25508.08,0.00,1997-08-30,4-NOT SPECIFIED,217953.54,Customer#000000341,FURNITURE,8247.11,INDONESIA,ASIA,20,SAUDI ARABIA,4,se slyly across the blithely regular deposits. deposits use carefully regular 
946,medium drab rosy spring salmon,MEDIUM PLATED TIN,LG BOX,4481,AIR,TAKE BACK RETURN,27.00,49867.38,0.02,1996-03-30,5-LOW,103321.16,Customer#000000734,AUTOMOBILE,9750.71,CHINA,ASIA,20,SAUDI ARABIA,4,se slyly across the blithely regular deposits. deposits use carefully regular 
758,yellow orchid dim cyan burlywood,ECONOMY ANODIZED TIN,MED BOX,15875,MAIL,DELIVER IN PERSON,21.00,34833.75,0.03,1996-09-01,3-MEDIUM,179557.05,Customer#000000406,FURNITURE,4286.94,INDONESIA,ASIA,20,SAUDI ARABIA,4,se slyly across the blithely regular deposits. deposits use carefully regular 
107,violet honeydew bisque sienna orchid,SMALL BURNISHED TIN,MED BOX,8451,AIR,TAKE BACK RETURN,19.00,19134.90,0.04,1995-12-14,3-MEDIUM,53487.23,Customer#000000163,FURNITURE,2948.61,VIETNAM,ASIA,20,SAUDI ARABIA,4,se slyly across the blithely regular deposits. deposits use carefully regular 
895,thistle azure magenta mint burnished,MEDIUM BRUSHED STEEL,SM BOX,2182,TRUCK,TAKE BACK RETURN,37.00,66447.93,0.06,1994-04-05,2-HIGH,171704.77,Customer#000000113,BUILDING,2912.00,JAPAN,ASIA,20,SAUDI ARABIA,4,se slyly across the blithely regular deposits. deposits use carefully regular 
144,hot midnight orchid dim steel,SMALL ANODIZED TIN,SM BOX,2791,AIR,DELIVER IN PERSON,26.00,27147.64,0.06,1994-10-10,2-HIGH,214697.04,Customer#000000604,HOUSEHOLD,3195.96,VIETNAM,ASIA,20,SAUDI ARABIA,4,se slyly across the blithely regular deposits. deposits use carefully regular 
895,thistle azure magenta mint burnished,MEDIUM BRUSHED STEEL,SM BOX,4642,MAIL,DELIVER IN PERSON,41.00,73631.49,0.10,1995-02-27,1-URGENT,185628.40,Customer#000000737,AUTOMOBILE,2501.74,CHINA,ASIA,20,SAUDI ARABIA,4,se slyly across the blithely regular deposits. deposits use carefully regular 
895,thistle azure magenta mint burnished,MEDIUM BRUSHED STEEL,SM BOX,13059,AIR,DELIVER IN PERSON,35.00,62856.15,0.05,1997-05-31,5-LOW,232548.03,Customer#000000068,HOUSEHOLD,6853.37,JAPAN,ASIA,20,SAUDI ARABIA,4,se slyly across the blithely regular deposits. deposits use carefully regular 
821,smoke drab rose hot spring,PROMO POLISHED TIN,MED BOX,11652,REG AIR,TAKE BACK RETURN,10.00,17218.20,0.07,1995-11-11,4-NOT SPECIFIED,221817.66,Customer#000000721,AUTOMOBILE,3420.64,VIETNAM,ASIA,20,SAUDI ARABIA,4,se slyly across the blithely regular deposits. deposits use carefully regular 
826,ghost rosy beige salmon lemon,ECONOMY PLATED TIN,SM CASE,28161,MAIL,DELIVER IN PERSON,33.00,56985.06,0.09,1994-06-16,4-NOT SPECIFIED,281929.48,Customer#000000316,MACHINERY,4571.78,INDIA,ASIA,20,SAUDI ARABIA,4,se slyly across the blithely regular deposits. deposits use carefully regular 
450,sky lace green pale lime,MEDIUM BURNISHED TIN,SM CASE,24705,AIR,DELIVER IN PERSON,42.00,56718.90,0.09,1995-09-16,1-URGENT,114109.64,Customer#000000268,MACHINERY,6821.01,CANADA,AMERICA,20,SAUDI ARABIA,4,se slyly across the blithely regular deposits. deposits use carefully regular 
144,hot midnight orchid dim steel,SMALL ANODIZED TIN,SM BOX,17476,MAIL,TAKE BACK RETURN,39.00,40721.46,0.01,1996-05-29,1-URGENT,116707.45,Customer#000000268,MACHINERY,6821.01,CANADA,AMERICA,20,SAUDI ARABIA,4,se slyly across the blithely regular deposits. deposits use carefully regular 
867,snow spring black white burnished,PROMO POLISHED NICKEL,LG BOX,14944,AIR,TAKE BACK RETURN,21.00,37125.06,0.05,1997-10-14,2-HIGH,129269.44,Customer#000000268,MACHINERY,6821.01,CANADA,AMERICA,20,SAUDI ARABIA,4,se slyly across the blithely regular deposits. deposits use carefully regular 
958,turquoise sandy drab dodger cyan,LARGE PLATED NICKEL,LG BOX,22306,MAIL,DELIVER IN PERSON,13.00,24166.35,0.09,1996-08-16,4-NOT SPECIFIED,131060.76,Customer#000000229,BUILDING,7568.07,ARGENTINA,AMERICA,20,SAUDI ARABIA,4,se slyly across the blithely regular deposits. deposits use carefully regular 
874,drab slate hot black khaki,MEDIUM PLATED TIN,MED BOX,17668,REG AIR,TAKE BACK RETURN,43.00,76319.41,0.01,1994-11-26,3-MEDIUM,356016.33,Customer#000000005,HOUSEHOLD,794.47,CANADA,AMERICA,20,SAUDI ARABIA,4,se slyly across the blithely regular deposits. deposits use carefully regular 
30,cream misty steel spring medium,PROMO ANODIZED TIN,LG BOX,10375,TRUCK,TAKE BACK RETURN,23.00,21390.69,0.06,1997-01-08,2-HIGH,60612.14,Customer#000000407,MACHINERY,9537.08,ARGENTINA,AMERICA,20,SAUDI ARABIA,4,se slyly across the blithely regular deposits. deposits use carefully regular 
81,misty sandy cornsilk dodger blush,ECONOMY BRUSHED TIN,MED BAG,21606,TRUCK,TAKE BACK RETURN,29.00,28451.32,0.10,1995-01-23,4-NOT SPECIFIED,154080.01,Customer#000000343,HOUSEHOLD,5521.36,CANADA,AMERICA,20,SAUDI ARABIA,4,se slyly across the blithely regular deposits. deposits use carefully regular 
144,hot midnight orchid dim steel,SMALL ANODIZED TIN,SM BOX,21222,TRUCK,DELIVER IN PERSON,34.00,35500.76,0.05,1994-02-04,4-NOT SPECIFIED,222826.57,Customer#000000407,MACHINERY,9537.08,ARGENTINA,AMERICA,20,SAUDI ARABIA,4,se slyly across the blithely regular deposits. deposits use carefully regular 
395,drab steel royal medium chartreuse,MEDIUM BURNISHED BRASS,LG BOX,16610,MAIL,TAKE BACK RETURN,42.00,54406.38,0.00,1994-10-11,2-HIGH,181988.84,Customer#000000017,AUTOMOBILE,6.34,BRAZIL,AMERICA,20,SAUDI ARABIA,4,se slyly across the blithely regular deposits. deposits use carefully regular 
107,violet honeydew bisque sienna orchid,SMALL BURNISHED TIN,MED BOX,5090,TRUCK,TAKE BACK RETURN,22.00,22156.20,0.07,1997-03-09,1-URGENT,171523.81,Customer#000000442,FURNITURE,4157.00,ARGENTINA,AMERICA,20,SAUDI ARABIA,4,se slyly across the blithely regular deposits. deposits use carefully regular 
826,ghost rosy beige salmon lemon,ECONOMY PLATED TIN,SM CASE,12868,MAIL,DELIVER IN PERSON,45.00,77706.90,0.06,1995-03-02,1-URGENT,212378.63,Customer#000000521,MACHINERY,5830.69,BRAZIL,AMERICA,20,SAUDI ARABIA,4,se slyly across the blithely regular deposits. deposits use carefully regular 
821,smoke drab rose hot spring,PROMO POLISHED TIN,MED BOX,10049,MAIL,DELIVER IN PERSON,30.00,51654.60,0.09,1997-07-23,1-URGENT,167455.41,Customer#000000343,HOUSEHOLD,5521.36,CANADA,AMERICA,20,SAUDI ARABIA,4,se slyly across the blithely regular deposits. deposits use carefully regular 
17,indian navy coral pink deep,ECONOMY BRUSHED STEEL,LG BOX,28739,AIR,DELIVER IN PERSON,45.00,41265.45,0.07,1996-09-10,2-HIGH,154154.14,Customer#000000728,BUILDING,4349.73,UNITED STATES,AMERICA,20,SAUDI ARABIA,4,se slyly across the blithely regular deposits. deposits use carefully regular 
450,sky lace green pale lime,MEDIUM BURNISHED TIN,SM CASE,20198,TRUCK,TAKE BACK RETURN,13.00,17555.85,0.02,1995-06-11,4-NOT SPECIFIED,144541.14,Customer#000000478,BUILDING,-210.40,ARGENTINA,AMERICA,20,SAUDI ARABIA,4,se slyly across the blithely regular deposits. deposits use carefully regular 
758,yellow orchid dim cyan burlywood,ECONOMY ANODIZED TIN,MED BOX,6210,AIR,TAKE BACK RETURN,23.00,38151.25,0.06,1996-11-06,5-LOW,232343.67,Customer#000000343,HOUSEHOLD,5521.36,CANADA,AMERICA,20,SAUDI ARABIA,4,se slyly across the blithely regular deposits. deposits use carefully regular 
81,misty sandy cornsilk dodger blush,ECONOMY BRUSHED TIN,MED BAG,13154,MAIL,TAKE BACK RETURN,42.00,41205.36,0.09,1997-10-22,5-LOW,262523.82,Customer#000000260,MACHINERY,9196.11,ARGENTINA,AMERICA,20,SAUDI ARABIA,4,se slyly across the blithely regular deposits. deposits use carefully regular 
507,red misty salmon ivory khaki,SMALL ANODIZED BRASS,SM CASE,29152,TRUCK,TAKE BACK RETURN,24.00,33780.00,0.06,1995-07-24,5-LOW,201223.31,Customer#000000346,FURNITURE,238.14,BRAZIL,AMERICA,20,SAUDI ARABIA,4,se slyly across the blithely regular deposits. deposits use carefully regular 
758,yellow orchid dim cyan burlywood,ECONOMY ANODIZED TIN,MED BOX,29638,AIR,DELIVER IN PERSON,12.00,19905.00,0.06,1995-10-25,3-MEDIUM,113545.13,Customer#000000505,HOUSEHOLD,6557.51,BRAZIL,AMERICA,20,SAUDI ARABIA,4,se slyly across the blithely regular deposits. deposits use carefully regular 
395,drab steel royal medium chartreuse,MEDIUM BURNISHED BRASS,LG BOX,23169,AIR,TAKE BACK RETURN,39.00,50520.21,0.04,1995-06-24,1-URGENT,227411.29,Customer#000000265,MACHINERY,8275.80,PERU,AMERICA,20,SAUDI ARABIA,4,se slyly across the blithely regular deposits. deposits use carefully regular 
558,blanched seashell navy black dim,STANDARD PLATED BRASS,MED BOX,23142,TRUCK,DELIVER IN PERSON,24.00,35005.20,0.06,1996-05-27,3-MEDIUM,142727.51,Customer#000000011,BUILDING,-272.60,UNITED KINGDOM,EUROPE,20,SAUDI ARABIA,4,se slyly across the blithely regular deposits. deposits use carefully regular 
450,sky lace green pale lime,MEDIUM BURNISHED TIN,SM CASE,29958,TRUCK,DELIVER IN PERSON,28.00,37812.60,0.10,1995-01-07,2-HIGH,143790.75,Customer#000000514,BUILDING,5840.97,UNITED KINGDOM,EUROPE,20,SAUDI ARABIA,4,se slyly across the blithely regular deposits. deposits use carefully regular 
130,gainsboro powder cyan pale rosy,SMALL PLATED NICKEL,LG BOX,577,AIR,TAKE BACK RETURN,25.00,25753.25,0.06,1994-12-19,5-LOW,40599.44,Customer#000000277,BUILDING,8876.10,UNITED KINGDOM,EUROPE,20,SAUDI ARABIA,4,se slyly across the blithely regular deposits. deposits use carefully regular 
130,gainsboro powder cyan pale rosy,SMALL PLATED NICKEL,LG BOX,4646,MAIL,DELIVER IN PERSON,22.00,22662.86,0.01,1996-06-18,1-URGENT,170926.97,Customer#000000413,FURNITURE,5817.90,FRANCE,EUROPE,20,SAUDI ARABIA,4,se slyly across the blithely regular deposits. deposits use carefully regular 
932,cornflower sky powder cyan linen,SMALL ANODIZED COPPER,LG BOX,25568,MAIL,TAKE BACK RETURN,26.00,47656.18,0.08,1996-10-31,1-URGENT,171287.92,Customer#000000514,BUILDING,5840.97,UNITED KINGDOM,EUROPE,20,SAUDI ARABIA,4,se slyly across the blithely regular deposits. deposits use carefully regular 
826,ghost rosy beige salmon lemon,ECONOMY PLATED TIN,SM CASE,14531,MAIL,TAKE BACK RETURN,45.00,77706.90,0.06,1997-06-11,2-HIGH,203176.76,Customer#000000667,AUTOMOBILE,3288.76,FRANCE,EUROPE,20,SAUDI ARABIA,4,se slyly across the blithely regular deposits. deposits use carefully regular 
895,thistle azure magenta mint burnished,MEDIUM BRUSHED STEEL,SM BOX,19363,AIR,TAKE BACK RETURN,35.00,62856.15,0.07,1995-07-06,2-HIGH,280738.15,Customer#000000172,MACHINERY,1134.40,RUSSIA,EUROPE,20,SAUDI ARABIA,4,se slyly across the blithely regular deposits. deposits use carefully regular 
826,ghost rosy beige salmon lemon,ECONOMY PLATED TIN,SM CASE,24674,MAIL,DELIVER IN PERSON,14.00,24175.48,0.06,1996-05-15,2-HIGH,148334.99,Customer#000000046,AUTOMOBILE,5744.59,FRANCE,EUROPE,20,SAUDI ARABIA,4,se slyly across the blithely regular deposits. deposits use carefully regular 
821,smoke drab rose hot spring,PROMO POLISHED TIN,MED BOX,23621,REG AIR,DELIVER IN PERSON,28.00,48210.96,0.03,1996-12-29,3-MEDIUM,214948.72,Customer#000000394,MACHINERY,5200.96,UNITED KINGDOM,EUROPE,20,SAUDI ARABIA,4,se slyly across the blithely regular deposits. deposits use carefully regular 
895,thistle azure magenta mint burnished,MEDIUM BRUSHED STEEL,SM BOX,10244,REG AIR,TAKE BACK RETURN,28.00,50284.92,0.01,1996-04-04,3-MEDIUM,140180.15,Customer#000000149,AUTOMOBILE,8959.65,ROMANIA,EUROPE,20,SAUDI ARABIA,4,se slyly across the blithely regular deposits. deposits use carefully regular 
17,indian navy coral pink deep,ECONOMY BRUSHED STEEL,LG BOX,29316,REG AIR,DELIVER IN PERSON,11.00,10087.11,0.02,1997-05-03,5-LOW,117532.18,Customer#000000683,MACHINERY,9120.93,FRANCE,EUROPE,20,SAUDI ARABIA,4,se slyly across the blithely regular deposits. deposits use carefully regular 
932,cornflower sky powder cyan linen,SMALL ANODIZED COPPER,LG BOX,18564,AIR,TAKE BACK RETURN,39.00,71484.27,0.01,1996-03-18,2-HIGH,173754.81,Customer#000000112,FURNITURE,2953.35,ROMANIA,EUROPE,20,SAUDI ARABIA,4,se slyly across the blithely regular deposits. deposits use carefully regular 
395,drab steel royal medium chartreuse,MEDIUM BURNISHED BRASS,LG BOX,14150,MAIL,DELIVER IN PERSON,38.00,49224.82,0.02,1994-02-09,2-HIGH,186818.41,Customer#000000046,AUTOMOBILE,5744.59,FRANCE,EUROPE,20,SAUDI ARABIA,4,se slyly across the blithely regular deposits. deposits use carefully regular 
867,snow spring black white burnished,PROMO POLISHED NICKEL,LG BOX,17026,AIR,DELIVER IN PERSON,42.00,74250.12,0.00,1996-06-10,3-MEDIUM,270903.98,Customer#000000202,AUTOMOBILE,2237.64,GERMANY,EUROPE,20,SAUDI ARABIA,4,se slyly across the blithely regular deposits. deposits use carefully regular 
874,drab slate hot black khaki,MEDIUM PLATED TIN,MED BOX,8165,MAIL,DELIVER IN PERSON,17.00,30172.79,0.10,1994-10-16,5-LOW,251613.69,Customer#000000112,FURNITURE,2953.35,ROMANIA,EUROPE,20,SAUDI ARABIA,4,se slyly across the blithely regular deposits. deposits use carefully regular 
395,drab steel royal medium chartreuse,MEDIUM BURNISHED BRASS,LG BOX,3234,TRUCK,DELIVER IN PERSON,45.00,58292.55,0.01,1996-04-05,4-NOT SPECIFIED,207014.44,Customer#000000070,FURNITURE,4867.52,RUSSIA,EUROPE,20,SAUDI ARABIA,4,se slyly across the blithely regular deposits. deposits use carefully regular 
450,sky lace green pale lime,MEDIUM BURNISHED TIN,SM CASE,10694,REG AIR,TAKE BACK RETURN,15.00,20256.75,0.07,1997-12-05,2-HIGH,196213.05,Customer#000000712,BUILDING,8667.09,FRANCE,EUROPE,20,SAUDI ARABIA,4,se slyly across the blithely regular deposits. deposits use carefully regular 
895,thistle azure magenta mint burnished,MEDIUM BRUSHED STEEL,SM BOX,11616,REG AIR,TAKE BACK RETURN,34.00,61060.26,0.03,1996-08-02,2-HIGH,265398.53,Customer#000000202,AUTOMOBILE,2237.64,GERMANY,EUROPE,20,SAUDI ARABIA,4,se slyly across the blithely regular deposits. deposits use carefully regular 
392,medium plum powder blush yellow,MEDIUM BRUSHED COPPER,SM BOX,14754,TRUCK,DELIVER IN PERSON,36.00,46526.04,0.10,1996-06-23,3-MEDIUM,99648.70,Customer#000000043,MACHINERY,9904.28,ROMANIA,EUROPE,20,SAUDI ARABIA,4,se slyly across the blithely regular deposits. deposits use carefully regular 
17,indian navy coral pink deep,ECONOMY BRUSHED STEEL,LG BOX,17478,TRUCK,DELIVER IN PERSON,15.00,13755.15,0.08,1996-11-24,3-MEDIUM,125381.06,Customer#000000118,AUTOMOBILE,3582.37,CHINA,ASIA,21,VIETNAM,2,lly across the quickly even pinto beans. caref
107,violet honeydew bisque sienna orchid,SMALL BURNISHED TIN,MED BOX,10145,REG AIR,DELIVER IN PERSON,37.00,37262.70,0.10,1995-05-25,5-LOW,314527.26,Customer#000000323,AUTOMOBILE,1137.67,CHINA,ASIA,21,VIETNAM,2,lly across the quickly even pinto beans. caref
572,navy plum lime goldenrod saddle,LARGE BURNISHED COPPER,SM BOX,2657,MAIL,TAKE BACK RETURN,22.00,32396.54,0.02,1995-10-17,2-HIGH,215489.74,Customer#000000124,AUTOMOBILE,1842.49,CHINA,ASIA,21,VIETNAM,2,lly across the quickly even pinto beans. caref
932,cornflower sky powder cyan linen,SMALL ANODIZED COPPER,LG BOX,5600,MAIL,TAKE BACK RETURN,34.00,62319.62,0.02,1997-02-08,4-NOT SPECIFIED,79054.82,Customer#000000472,MACHINERY,7929.90,JAPAN,ASIA,21,VIETNAM,2,lly across the quickly even pinto beans. caref
81,misty sandy cornsilk dodger blush,ECONOMY BRUSHED TIN,MED BAG,27296,REG AIR,DELIVER IN PERSON,26.00,25508.08,0.00,1997-08-30,4-NOT SPECIFIED,217953.54,Customer#000000341,FURNITURE,8247.11,INDONESIA,ASIA,21,VIETNAM,2,lly across the quickly even pinto beans. caref
946,medium drab rosy spring salmon,MEDIUM PLATED TIN,LG BOX,4481,AIR,TAKE BACK RETURN,27.00,49867.38,0.02,1996-03-30,5-LOW,103321.16,Customer#000000734,AUTOMOBILE,9750.71,CHINA,ASIA,21,VIETNAM,2,lly across the quickly even pinto beans. caref
758,yellow orchid dim cyan burlywood,ECONOMY ANODIZED TIN,MED BOX,15875,MAIL,DELIVER IN PERSON,21.00,34833.75,0.03,1996-09-01,3-MEDIUM,179557.05,Customer#000000406,FURNITURE,4286.94,INDONESIA,ASIA,21,VIETNAM,2,lly across the quickly even pinto beans. caref
107,violet honeydew bisque sienna orchid,SMALL BURNISHED TIN,MED BOX,8451,AIR,TAKE BACK RETURN,19.00,19134.90,0.04,1995-12-14,3-MEDIUM,53487.23,Customer#000000163,FURNITURE,2948.61,VIETNAM,ASIA,21,VIETNAM,2,lly across the quickly even pinto beans. caref
895,thistle azure magenta mint burnished,MEDIUM BRUSHED STEEL,SM BOX,2182,TRUCK,TAKE BACK RETURN,37.00,66447.93,0.06,1994-04-05,2-HIGH,171704.77,Customer#000000113,BUILDING,2912.00,JAPAN,ASIA,21,VIETNAM,2,lly across the quickly even pinto beans. caref
144,hot midnight orchid dim steel,SMALL ANODIZED TIN,SM BOX,2791,AIR,DELIVER IN PERSON,26.00,27147.64,0.06,1994-10-10,2-HIGH,214697.04,Customer#000000604,HOUSEHOLD,3195.96,VIETNAM,ASIA,21,VIETNAM,2,lly across the quickly even pinto beans. caref
895,thistle azure magenta mint burnished,MEDIUM BRUSHED STEEL,SM BOX,4642,MAIL,DELIVER IN PERSON,41.00,73631.49,0.10,1995-02-27,1-URGENT,185628.40,Customer#000000737,AUTOMOBILE,2501.74,CHINA,ASIA,21,VIETNAM,2,lly across the quickly even pinto beans. caref
895,thistle azure magenta mint burnished,MEDIUM BRUSHED STEEL,SM BOX,13059,AIR,DELIVER IN PERSON,35.00,62856.15,0.05,1997-05-31,5-LOW,232548.03,Customer#000000068,HOUSEHOLD,6853.37,JAPAN,ASIA,21,VIETNAM,2,lly across the quickly even pinto beans. caref
821,smoke drab rose hot spring,PROMO POLISHED TIN,MED BOX,11652,REG AIR,TAKE BACK RETURN,10.00,17218.20,0.07,1995-11-11,4-NOT SPECIFIED,221817.66,Customer#000000721,AUTOMOBILE,3420.64,VIETNAM,ASIA,21,VIETNAM,2,lly across the quickly even pinto beans. caref
826,ghost rosy beige salmon lemon,ECONOMY PLATED TIN,SM CASE,28161,MAIL,DELIVER IN PERSON,33.00,56985.06,0.09,1994-06-16,4-NOT SPECIFIED,281929.48,Customer#000000316,MACHINERY,4571.78,INDIA,ASIA,21,VIETNAM,2,lly across the quickly even pinto beans. caref
450,sky lace green pale lime,MEDIUM BURNISHED TIN,SM CASE,24705,AIR,DELIVER IN PERSON,42.00,56718.90,0.09,1995-09-16,1-URGENT,114109.64,Customer#000000268,MACHINERY,6821.01,CANADA,AMERICA,21,VIETNAM,2,lly across the quickly even pinto beans. caref
144,hot midnight orchid dim steel,SMALL ANODIZED TIN,SM BOX,17476,MAIL,TAKE BACK RETURN,39.00,40721.46,0.01,1996-05-29,1-URGENT,116707.45,Customer#000000268,MACHINERY,6821.01,CANADA,AMERICA,21,VIETNAM,2,lly across the quickly even pinto beans. caref
867,snow spring black white burnished,PROMO POLISHED NICKEL,LG BOX,14944,AIR,TAKE BACK RETURN,21.00,37125.06,0.05,1997-10-14,2-HIGH,129269.44,Customer#000000268,MACHINERY,6821.01,CANADA,AMERICA,21,VIETNAM,2,lly across the quickly even pinto beans. caref
958,turquoise sandy drab dodger cyan,LARGE PLATED NICKEL,LG BOX,22306,MAIL,DELIVER IN PERSON,13.00,24166.35,0.09,1996-08-16,4-NOT SPECIFIED,131060.76,Customer#000000229,BUILDING,7568.07,ARGENTINA,AMERICA,21,VIETNAM,2,lly across the quickly even pinto beans. caref
874,drab slate hot black khaki,MEDIUM PLATED TIN,MED BOX,17668,REG AIR,TAKE BACK RETURN,43.00,76319.41,0.01,1994-11-26,3-MEDIUM,356016.33,Customer#000000005,HOUSEHOLD,794.47,CANADA,AMERICA,21,VIETNAM,2,lly across the quickly even pinto beans. caref
30,cream misty steel spring medium,PROMO ANODIZED TIN,LG BOX,10375,TRUCK,TAKE BACK RETURN,23.00,21390.69,0.06,1997-01-08,2-HIGH,60612.14,Customer#000000407,MACHINERY,9537.08,ARGENTINA,AMERICA,21,VIETNAM,2,lly across the quickly even pinto beans. caref
81,misty sandy cornsilk dodger blush,ECONOMY BRUSHED TIN,MED BAG,21606,TRUCK,TAKE BACK RETURN,29.00,28451.32,0.10,1995-01-23,4-NOT SPECIFIED,154080.01,Customer#000000343,HOUSEHOLD,5521.36,CANADA,AMERICA,21,VIETNAM,2,lly across the quickly even pinto beans. caref
144,hot midnight orchid dim steel,SMALL ANODIZED TIN,SM BOX,21222,TRUCK,DELIVER IN PERSON,34.00,35500.76,0.05,1994-02-04,4-NOT SPECIFIED,222826.57,Customer#000000407,MACHINERY,9537.08,ARGENTINA,AMERICA,21,VIETNAM,2,lly across the quickly even pinto beans. caref
395,drab steel royal medium chartreuse,MEDIUM BURNISHED BRASS,LG BOX,16610,MAIL,TAKE BACK RETURN,42.00,54406.38,0.00,1994-10-11,2-HIGH,181988.84,Customer#000000017,AUTOMOBILE,6.34,BRAZIL,AMERICA,21,VIETNAM,2,lly across the quickly even pinto beans. caref
107,violet honeydew bisque sienna orchid,SMALL BURNISHED TIN,MED BOX,5090,TRUCK,TAKE BACK RETURN,22.00,22156.20,0.07,1997-03-09,1-URGENT,171523.81,Customer#000000442,FURNITURE,4157.00,ARGENTINA,AMERICA,21,VIETNAM,2,lly across the quickly even pinto beans. caref
826,ghost rosy beige salmon lemon,ECONOMY PLATED TIN,SM CASE,12868,MAIL,DELIVER IN PERSON,45.00,77706.90,0.06,1995-03-02,1-URGENT,212378.63,Customer#000000521,MACHINERY,5830.69,BRAZIL,AMERICA,21,VIETNAM,2,lly across the quickly even pinto beans. caref
821,smoke drab rose hot spring,PROMO POLISHED TIN,MED BOX,10049,MAIL,DELIVER IN PERSON,30.00,51654.60,0.09,1997-07-23,1-URGENT,167455.41,Customer#000000343,HOUSEHOLD,5521.36,CANADA,AMERICA,21,VIETNAM,2,lly across the quickly even pinto beans. caref
17,indian navy coral pink deep,ECONOMY BRUSHED STEEL,LG BOX,28739,AIR,DELIVER IN PERSON,45.00,41265.45,0.07,1996-09-10,2-HIGH,154154.14,Customer#000000728,BUILDING,4349.73,UNITED STATES,AMERICA,21,VIETNAM,2,lly across the quickly even pinto beans. caref
450,sky lace green pale lime,MEDIUM BURNISHED TIN,SM CASE,20198,TRUCK,TAKE BACK RETURN,13.00,17555.85,0.02,1995-06-11,4-NOT SPECIFIED,144541.14,Customer#000000478,BUILDING,-210.40,ARGENTINA,AMERICA,21,VIETNAM,2,lly across the quickly even pinto beans. caref
758,yellow orchid dim cyan burlywood,ECONOMY ANODIZED TIN,MED BOX,6210,AIR,TAKE BACK RETURN,23.00,38151.25,0.06,1996-11-06,5-LOW,232343.67,Customer#000000343,HOUSEHOLD,5521.36,CANADA,AMERICA,21,VIETNAM,2,lly across the quickly even pinto beans. caref
81,misty sandy cornsilk dodger blush,ECONOMY BRUSHED TIN,MED BAG,13154,MAIL,TAKE BACK RETURN,42.00,41205.36,0.09,1997-10-22,5-LOW,262523.82,Customer#000000260,MACHINERY,9196.11,ARGENTINA,AMERICA,21,VIETNAM,2,lly across the quickly even pinto beans. caref
507,red misty salmon ivory khaki,SMALL ANODIZED BRASS,SM CASE,29152,TRUCK,TAKE BACK RETURN,24.00,33780.00,0.06,1995-07-24,5-LOW,201223.31,Customer#000000346,FURNITURE,238.14,BRAZIL,AMERICA,21,VIETNAM,2,lly across the quickly even pinto beans. caref
758,yellow orchid dim cyan burlywood,ECONOMY ANODIZED TIN,MED BOX,29638,AIR,DELIVER IN PERSON,12.00,19905.00,0.06,1995-10-25,3-MEDIUM,113545.13,Customer#000000505,HOUSEHOLD,6557.51,BRAZIL,AMERICA,21,VIETNAM,2,lly across the quickly even pinto beans. caref
395,drab steel royal medium chartreuse,MEDIUM BURNISHED BRASS,LG BOX,23169,AIR,TAKE BACK RETURN,39.00,50520.21,0.04,1995-06-24,1-URGENT,227411.29,Customer#000000265,MACHINERY,8275.80,PERU,AMERICA,21,VIETNAM,2,lly across the quickly even pinto beans. caref
558,blanched seashell navy black dim,STANDARD PLATED BRASS,MED BOX,23142,TRUCK,DELIVER IN PERSON,24.00,35005.20,0.06,1996-05-27,3-MEDIUM,142727.51,Customer#000000011,BUILDING,-272.60,UNITED KINGDOM,EUROPE,21,VIETNAM,2,lly across the quickly even pinto beans. caref
450,sky lace green pale lime,MEDIUM BURNISHED TIN,SM CASE,29958,TRUCK,DELIVER IN PERSON,28.00,37812.60,0.10,1995-01-07,2-HIGH,143790.75,Customer#000000514,BUILDING,5840.97,UNITED KINGDOM,EUROPE,21,VIETNAM,2,lly across the quickly even pinto beans. caref
130,gainsboro powder cyan pale rosy,SMALL PLATED NICKEL,LG BOX,577,AIR,TAKE BACK RETURN,25.00,25753.25,0.06,1994-12-19,5-LOW,40599.44,Customer#000000277,BUILDING,8876.10,UNITED KINGDOM,EUROPE,21,VIETNAM,2,lly across the quickly even pinto beans. caref
130,gainsboro powder cyan pale rosy,SMALL PLATED NICKEL,LG BOX,4646,MAIL,DELIVER IN PERSON,22.00,22662.86,0.01,1996-06-18,1-URGENT,170926.97,Customer#000000413,FURNITURE,5817.90,FRANCE,EUROPE,21,VIETNAM,2,lly across the quickly even pinto beans. caref
932,cornflower sky powder cyan linen,SMALL ANODIZED COPPER,LG BOX,25568,MAIL,TAKE BACK RETURN,26.00,47656.18,0.08,1996-10-31,1-URGENT,171287.92,Customer#000000514,BUILDING,5840.97,UNITED KINGDOM,EUROPE,21,VIETNAM,2,lly across the quickly even pinto beans. caref
826,ghost rosy beige salmon lemon,ECONOMY PLATED TIN,SM CASE,14531,MAIL,TAKE BACK RETURN,45.00,77706.90,0.06,1997-06-11,2-HIGH,203176.76,Customer#000000667,AUTOMOBILE,3288.76,FRANCE,EUROPE,21,VIETNAM,2,lly across the quickly even pinto beans. caref
895,thistle azure magenta mint burnished,MEDIUM BRUSHED STEEL,SM BOX,19363,AIR,TAKE BACK RETURN,35.00,62856.15,0.07,1995-07-06,2-HIGH,280738.15,Customer#000000172,MACHINERY,1134.40,RUSSIA,EUROPE,21,VIETNAM,2,lly across the quickly even pinto beans. caref
826,ghost rosy beige salmon lemon,ECONOMY PLATED TIN,SM CASE,24674,MAIL,DELIVER IN PERSON,14.00,24175.48,0.06,1996-05-15,2-HIGH,148334.99,Customer#000000046,AUTOMOBILE,5744.59,FRANCE,EUROPE,21,VIETNAM,2,lly across the quickly even pinto beans. caref
821,smoke drab rose hot spring,PROMO POLISHED TIN,MED BOX,23621,REG AIR,DELIVER IN PERSON,28.00,48210.96,0.03,1996-12-29,3-MEDIUM,214948.72,Customer#000000394,MACHINERY,5200.96,UNITED KINGDOM,EUROPE,21,VIETNAM,2,lly across the quickly even pinto beans. caref
895,thistle azure magenta mint burnished,MEDIUM BRUSHED STEEL,SM BOX,10244,REG AIR,TAKE BACK RETURN,28.00,50284.92,0.01,1996-04-04,3-MEDIUM,140180.15,Customer#000000149,AUTOMOBILE,8959.65,ROMANIA,EUROPE,21,VIETNAM,2,lly across the quickly even pinto beans. caref
17,indian navy coral pink deep,ECONOMY BRUSHED STEEL,LG BOX,29316,REG AIR,DELIVER IN PERSON,11.00,10087.11,0.02,1997-05-03,5-LOW,117532.18,Customer#000000683,MACHINERY,9120.93,FRANCE,EUROPE,21,VIETNAM,2,lly across the quickly even pinto beans. caref
932,cornflower sky powder cyan linen,SMALL ANODIZED COPPER,LG BOX,18564,AIR,TAKE BACK RETURN,39.00,71484.27,0.01,1996-03-18,2-HIGH,173754.81,Customer#000000112,FURNITURE,2953.35,ROMANIA,EUROPE,21,VIETNAM,2,lly across the quickly even pinto beans. caref
395,drab steel royal medium chartreuse,MEDIUM BURNISHED BRASS,LG BOX,14150,MAIL,DELIVER IN PERSON,38.00,49224.82,0.02,1994-02-09,2-HIGH,186818.41,Customer#000000046,AUTOMOBILE,5744.59,FRANCE,EUROPE,21,VIETNAM,2,lly across the quickly even pinto beans. caref
867,snow spring black white burnished,PROMO POLISHED NICKEL,LG BOX,17026,AIR,DELIVER IN PERSON,42.00,74250.12,0.00,1996-06-10,3-MEDIUM,270903.98,Customer#000000202,AUTOMOBILE,2237.64,GERMANY,EUROPE,21,VIETNAM,2,lly across the quickly even pinto beans. caref
874,drab slate hot black khaki,MEDIUM PLATED TIN,MED BOX,8165,MAIL,DELIVER IN PERSON,17.00,30172.79,0.10,1994-10-16,5-LOW,251613.69,Customer#000000112,FURNITURE,2953.35,ROMANIA,EUROPE,21,VIETNAM,2,lly across the quickly even pinto beans. caref
395,drab steel royal medium chartreuse,MEDIUM BURNISHED BRASS,LG BOX,3234,TRUCK,DELIVER IN PERSON,45.00,58292.55,0.01,1996-04-05,4-NOT SPECIFIED,207014.44,Customer#000000070,FURNITURE,4867.52,RUSSIA,EUROPE,21,VIETNAM,2,lly across the quickly even pinto beans. caref
450,sky lace green pale lime,MEDIUM BURNISHED TIN,SM CASE,10694,REG AIR,TAKE BACK RETURN,15.00,20256.75,0.07,1997-12-05,2-HIGH,196213.05,Customer#000000712,BUILDING,8667.09,FRANCE,EUROPE,21,VIETNAM,2,lly across the quickly even pinto beans. caref
895,thistle azure magenta mint burnished,MEDIUM BRUSHED STEEL,SM BOX,11616,REG AIR,TAKE BACK RETURN,34.00,61060.26,0.03,1996-08-02,2-HIGH,265398.53,Customer#000000202,AUTOMOBILE,2237.64,GERMANY,EUROPE,21,VIETNAM,2,lly across the quickly even pinto beans. caref
392,medium plum powder blush yellow,MEDIUM BRUSHED COPPER,SM BOX,14754,TRUCK,DELIVER IN PERSON,36.00,46526.04,0.10,1996-06-23,3-MEDIUM,99648.70,Customer#000000043,MACHINERY,9904.28,ROMANIA,EUROPE,21,VIETNAM,2,lly across the quickly even pinto beans. caref
17,indian navy coral pink deep,ECONOMY BRUSHED STEEL,LG BOX,17478,TRUCK,DELIVER IN PERSON,15.00,13755.15,0.08,1996-11-24,3-MEDIUM,125381.06,Customer#000000118,AUTOMOBILE,3582.37,CHINA,ASIA,22,RUSSIA,3,uctions. furiously unusual instructions sleep furiously ironic packages. slyly 
107,violet honeydew bisque sienna orchid,SMALL BURNISHED TIN,MED BOX,10145,REG AIR,DELIVER IN PERSON,37.00,37262.70,0.10,1995-05-25,5-LOW,314527.26,Customer#000000323,AUTOMOBILE,1137.67,CHINA,ASIA,22,RUSSIA,3,uctions. furiously unusual instructions sleep furiously ironic packages. slyly 
572,navy plum lime goldenrod saddle,LARGE BURNISHED COPPER,SM BOX,2657,MAIL,TAKE BACK RETURN,22.00,32396.54,0.02,1995-10-17,2-HIGH,215489.74,Customer#000000124,AUTOMOBILE,1842.49,CHINA,ASIA,22,RUSSIA,3,uctions. furiously unusual instructions sleep furiously ironic packages. slyly 
932,cornflower sky powder cyan linen,SMALL ANODIZED COPPER,LG BOX,5600,MAIL,TAKE BACK RETURN,34.00,62319.62,0.02,1997-02-08,4-NOT SPECIFIED,79054.82,Customer#000000472,MACHINERY,7929.90,JAPAN,ASIA,22,RUSSIA,3,uctions. furiously unusual instructions sleep furiously ironic packages. slyly 
81,misty sandy cornsilk dodger blush,ECONOMY BRUSHED TIN,MED BAG,27296,REG AIR,DELIVER IN PERSON,26.00,25508.08,0.00,1997-08-30,4-NOT SPECIFIED,217953.54,Customer#000000341,FURNITURE,8247.11,INDONESIA,ASIA,22,RUSSIA,3,uctions. furiously unusual instructions sleep furiously ironic packages. slyly 
946,medium drab rosy spring salmon,MEDIUM PLATED TIN,LG BOX,4481,AIR,TAKE BACK RETURN,27.00,49867.38,0.02,1996-03-30,5-LOW,103321.16,Customer#000000734,AUTOMOBILE,9750.71,CHINA,ASIA,22,RUSSIA,3,uctions. furiously unusual instructions sleep furiously ironic packages. slyly 
758,yellow orchid dim cyan burlywood,ECONOMY ANODIZED TIN,MED BOX,15875,MAIL,DELIVER IN PERSON,21.00,34833.75,0.03,1996-09-01,3-MEDIUM,179557.05,Customer#000000406,FURNITURE,4286.94,INDONESIA,ASIA,22,RUSSIA,3,uctions. furiously unusual instructions sleep furiously ironic packages. slyly 
107,violet honeydew bisque sienna orchid,SMALL BURNISHED TIN,MED BOX,8451,AIR,TAKE BACK RETURN,19.00,19134.90,0.04,1995-12-14,3-MEDIUM,53487.23,Customer#000000163,FURNITURE,2948.61,VIETNAM,ASIA,22,RUSSIA,3,uctions. furiously unusual instructions sleep furiously ironic packages. slyly 
895,thistle azure magenta mint burnished,MEDIUM BRUSHED STEEL,SM BOX,2182,TRUCK,TAKE BACK RETURN,37.00,66447.93,0.06,1994-04-05,2-HIGH,171704.77,Customer#000000113,BUILDING,2912.00,JAPAN,ASIA,22,RUSSIA,3,uctions. furiously unusual instructions sleep furiously ironic packages. slyly 
144,hot midnight orchid dim steel,SMALL ANODIZED TIN,SM BOX,2791,AIR,DELIVER IN PERSON,26.00,27147.64,0.06,1994-10-10,2-HIGH,214697.04,Customer#000000604,HOUSEHOLD,3195.96,VIETNAM,ASIA,22,RUSSIA,3,uctions. furiously unusual instructions sleep furiously ironic packages. slyly 
895,thistle azure magenta mint burnished,MEDIUM BRUSHED STEEL,SM BOX,4642,MAIL,DELIVER IN PERSON,41.00,73631.49,0.10,1995-02-27,1-URGENT,185628.40,Customer#000000737,AUTOMOBILE,2501.74,CHINA,ASIA,22,RUSSIA,3,uctions. furiously unusual instructions sleep furiously ironic packages. slyly 
895,thistle azure magenta mint burnished,MEDIUM BRUSHED STEEL,SM BOX,13059,AIR,DELIVER IN PERSON,35.00,62856.15,0.05,1997-05-31,5-LOW,232548.03,Customer#000000068,HOUSEHOLD,6853.37,JAPAN,ASIA,22,RUSSIA,3,uctions. furiously unusual instructions sleep furiously ironic packages. slyly 
821,smoke drab rose hot spring,PROMO POLISHED TIN,MED BOX,11652,REG AIR,TAKE BACK RETURN,10.00,17218.20,0.07,1995-11-11,4-NOT SPECIFIED,221817.66,Customer#000000721,AUTOMOBILE,3420.64,VIETNAM,ASIA,22,RUSSIA,3,uctions. furiously unusual instructions sleep furiously ironic packages. slyly 
826,ghost rosy beige salmon lemon,ECONOMY PLATED TIN,SM CASE,28161,MAIL,DELIVER IN PERSON,33.00,56985.06,0.09,1994-06-16,4-NOT SPECIFIED,281929.48,Customer#000000316,MACHINERY,4571.78,INDIA,ASIA,22,RUSSIA,3,uctions. furiously unusual instructions sleep furiously ironic packages. slyly 
450,sky lace green pale lime,MEDIUM BURNISHED TIN,SM CASE,24705,AIR,DELIVER IN PERSON,42.00,56718.90,0.09,1995-09-16,1-URGENT,114109.64,Customer#000000268,MACHINERY,6821.01,CANADA,AMERICA,22,RUSSIA,3,uctions. furiously unusual instructions sleep furiously ironic packages. slyly 
144,hot midnight orchid dim steel,SMALL ANODIZED TIN,SM BOX,17476,MAIL,TAKE BACK RETURN,39.00,40721.46,0.01,1996-05-29,1-URGENT,116707.45,Customer#000000268,MACHINERY,6821.01,CANADA,AMERICA,22,RUSSIA,3,uctions. furiously unusual instructions sleep furiously ironic packages. slyly 
867,snow spring black white burnished,PROMO POLISHED NICKEL,LG BOX,14944,AIR,TAKE BACK RETURN,21.00,37125.06,0.05,1997-10-14,2-HIGH,129269.44,Customer#000000268,MACHINERY,6821.01,CANADA,AMERICA,22,RUSSIA,3,uctions. furiously unusual instructions sleep furiously ironic packages. slyly 
958,turquoise sandy drab dodger cyan,LARGE PLATED NICKEL,LG BOX,22306,MAIL,DELIVER IN PERSON,13.00,24166.35,0.09,1996-08-16,4-NOT SPECIFIED,131060.76,Customer#000000229,BUILDING,7568.07,ARGENTINA,AMERICA,22,RUSSIA,3,uctions. furiously unusual instructions sleep furiously ironic packages. slyly 
874,drab slate hot black khaki,MEDIUM PLATED TIN,MED BOX,17668,REG AIR,TAKE BACK RETURN,43.00,76319.41,0.01,1994-11-26,3-MEDIUM,356016.33,Customer#000000005,HOUSEHOLD,794.47,CANADA,AMERICA,22,RUSSIA,3,uctions. furiously unusual instructions sleep furiously ironic packages. slyly 
30,cream misty steel spring medium,PROMO ANODIZED TIN,LG BOX,10375,TRUCK,TAKE BACK RETURN,23.00,21390.69,0.06,1997-01-08,2-HIGH,60612.14,Customer#000000407,MACHINERY,9537.08,ARGENTINA,AMERICA,22,RUSSIA,3,uctions. furiously unusual instructions sleep furiously ironic packages. slyly 
81,misty sandy cornsilk dodger blush,ECONOMY BRUSHED TIN,MED BAG,21606,TRUCK,TAKE BACK RETURN,29.00,28451.32,0.10,1995-01-23,4-NOT SPECIFIED,154080.01,Customer#000000343,HOUSEHOLD,5521.36,CANADA,AMERICA,22,RUSSIA,3,uctions. furiously unusual instructions sleep furiously ironic packages. slyly 
144,hot midnight orchid dim steel,SMALL ANODIZED TIN,SM BOX,21222,TRUCK,DELIVER IN PERSON,34.00,35500.76,0.05,1994-02-04,4-NOT SPECIFIED,222826.57,Customer#000000407,MACHINERY,9537.08,ARGENTINA,AMERICA,22,RUSSIA,3,uctions. furiously unusual instructions sleep furiously ironic packages. slyly 
395,drab steel royal medium chartreuse,MEDIUM BURNISHED BRASS,LG BOX,16610,MAIL,TAKE BACK RETURN,42.00,54406.38,0.00,1994-10-11,2-HIGH,181988.84,Customer#000000017,AUTOMOBILE,6.34,BRAZIL,AMERICA,22,RUSSIA,3,uctions. furiously unusual instructions sleep furiously ironic packages. slyly 
107,violet honeydew bisque sienna orchid,SMALL BURNISHED TIN,MED BOX,5090,TRUCK,TAKE BACK RETURN,22.00,22156.20,0.07,1997-03-09,1-URGENT,171523.81,Customer#000000442,FURNITURE,4157.00,ARGENTINA,AMERICA,22,RUSSIA,3,uctions. furiously unusual instructions sleep furiously ironic packages. slyly 
826,ghost rosy beige salmon lemon,ECONOMY PLATED TIN,SM CASE,12868,MAIL,DELIVER IN PERSON,45.00,77706.90,0.06,1995-03-02,1-URGENT,212378.63,Customer#000000521,MACHINERY,5830.69,BRAZIL,AMERICA,22,RUSSIA,3,uctions. furiously unusual instructions sleep furiously ironic packages. slyly 
821,smoke drab rose hot spring,PROMO POLISHED TIN,MED BOX,10049,MAIL,DELIVER IN PERSON,30.00,51654.60,0.09,1997-07-23,1-URGENT,167455.41,Customer#000000343,HOUSEHOLD,5521.36,CANADA,AMERICA,22,RUSSIA,3,uctions. furiously unusual instructions sleep furiously ironic packages. slyly 
17,indian navy coral pink deep,ECONOMY BRUSHED STEEL,LG BOX,28739,AIR,DELIVER IN PERSON,45.00,41265.45,0.07,1996-09-10,2-HIGH,154154.14,Customer#000000728,BUILDING,4349.73,UNITED STATES,AMERICA,22,RUSSIA,3,uctions. furiously unusual instructions sleep furiously ironic packages. slyly 
450,sky lace green pale lime,MEDIUM BURNISHED TIN,SM CASE,20198,TRUCK,TAKE BACK RETURN,13.00,17555.85,0.02,1995-06-11,4-NOT SPECIFIED,144541.14,Customer#000000478,BUILDING,-210.40,ARGENTINA,AMERICA,22,RUSSIA,3,uctions. furiously unusual instructions sleep furiously ironic packages. slyly 
758,yellow orchid dim cyan burlywood,ECONOMY ANODIZED TIN,MED BOX,6210,AIR,TAKE BACK RETURN,23.00,38151.25,0.06,1996-11-06,5-LOW,232343.67,Customer#000000343,HOUSEHOLD,5521.36,CANADA,AMERICA,22,RUSSIA,3,uctions. furiously unusual instructions sleep furiously ironic packages. slyly 
81,misty sandy cornsilk dodger blush,ECONOMY BRUSHED TIN,MED BAG,13154,MAIL,TAKE BACK RETURN,42.00,41205.36,0.09,1997-10-22,5-LOW,262523.82,Customer#000000260,MACHINERY,9196.11,ARGENTINA,AMERICA,22,RUSSIA,3,uctions. furiously unusual instructions sleep furiously ironic packages. slyly 
507,red misty salmon ivory khaki,SMALL ANODIZED BRASS,SM CASE,29152,TRUCK,TAKE BACK RETURN,24.00,33780.00,0.06,1995-07-24,5-LOW,201223.31,Customer#000000346,FURNITURE,238.14,BRAZIL,AMERICA,22,RUSSIA,3,uctions. furiously unusual instructions sleep furiously ironic packages. slyly 
758,yellow orchid dim cyan burlywood,ECONOMY ANODIZED TIN,MED BOX,29638,AIR,DELIVER IN PERSON,12.00,19905.00,0.06,1995-10-25,3-MEDIUM,113545.13,Customer#000000505,HOUSEHOLD,6557.51,BRAZIL,AMERICA,22,RUSSIA,3,uctions. furiously unusual instructions sleep furiously ironic packages. slyly 
395,drab steel royal medium chartreuse,MEDIUM BURNISHED BRASS,LG BOX,23169,AIR,TAKE BACK RETURN,39.00,50520.21,0.04,1995-06-24,1-URGENT,227411.29,Customer#000000265,MACHINERY,8275.80,PERU,AMERICA,22,RUSSIA,3,uctions. furiously unusual instructions sleep furiously ironic packages. slyly 
558,blanched seashell navy black dim,STANDARD PLATED BRASS,MED BOX,23142,TRUCK,DELIVER IN PERSON,24.00,35005.20,0.06,1996-05-27,3-MEDIUM,142727.51,Customer#000000011,BUILDING,-272.60,UNITED KINGDOM,EUROPE,22,RUSSIA,3,uctions. furiously unusual instructions sleep furiously ironic packages. slyly 
450,sky lace green pale lime,MEDIUM BURNISHED TIN,SM CASE,29958,TRUCK,DELIVER IN PERSON,28.00,37812.60,0.10,1995-01-07,2-HIGH,143790.75,Customer#000000514,BUILDING,5840.97,UNITED KINGDOM,EUROPE,22,RUSSIA,3,uctions. furiously unusual instructions sleep furiously ironic packages. slyly 
130,gainsboro powder cyan pale rosy,SMALL PLATED NICKEL,LG BOX,577,AIR,TAKE BACK RETURN,25.00,25753.25,0.06,1994-12-19,5-LOW,40599.44,Customer#000000277,BUILDING,8876.10,UNITED KINGDOM,EUROPE,22,RUSSIA,3,uctions. furiously unusual instructions sleep furiously ironic packages. slyly 
130,gainsboro powder cyan pale rosy,SMALL PLATED NICKEL,LG BOX,4646,MAIL,DELIVER IN PERSON,22.00,22662.86,0.01,1996-06-18,1-URGENT,170926.97,Customer#000000413,FURNITURE,5817.90,FRANCE,EUROPE,22,RUSSIA,3,uctions. furiously unusual instructions sleep furiously ironic packages. slyly 
932,cornflower sky powder cyan linen,SMALL ANODIZED COPPER,LG BOX,25568,MAIL,TAKE BACK RETURN,26.00,47656.18,0.08,1996-10-31,1-URGENT,171287.92,Customer#000000514,BUILDING,5840.97,UNITED KINGDOM,EUROPE,22,RUSSIA,3,uctions. furiously unusual instructions sleep furiously ironic packages. slyly 
826,ghost rosy beige salmon lemon,ECONOMY PLATED TIN,SM CASE,14531,MAIL,TAKE BACK RETURN,45.00,77706.90,0.06,1997-06-11,2-HIGH,203176.76,Customer#000000667,AUTOMOBILE,3288.76,FRANCE,EUROPE,22,RUSSIA,3,uctions. furiously unusual instructions sleep furiously ironic packages. slyly 
895,thistle azure magenta mint burnished,MEDIUM BRUSHED STEEL,SM BOX,19363,AIR,TAKE BACK RETURN,35.00,62856.15,0.07,1995-07-06,2-HIGH,280738.15,Customer#000000172,MACHINERY,1134.40,RUSSIA,EUROPE,22,RUSSIA,3,uctions. furiously unusual instructions sleep furiously ironic packages. slyly 
826,ghost rosy beige salmon lemon,ECONOMY PLATED TIN,SM CASE,24674,MAIL,DELIVER IN PERSON,14.00,24175.48,0.06,1996-05-15,2-HIGH,148334.99,Customer#000000046,AUTOMOBILE,5744.59,FRANCE,EUROPE,22,RUSSIA,3,uctions. furiously unusual instructions sleep furiously ironic packages. slyly 
821,smoke drab rose hot spring,PROMO POLISHED TIN,MED BOX,23621,REG AIR,DELIVER IN PERSON,28.00,48210.96,0.03,1996-12-29,3-MEDIUM,214948.72,Customer#000000394,MACHINERY,5200.96,UNITED KINGDOM,EUROPE,22,RUSSIA,3,uctions. furiously unusual instructions sleep furiously ironic packages. slyly 
895,thistle azure magenta mint burnished,MEDIUM BRUSHED STEEL,SM BOX,10244,REG AIR,TAKE BACK RETURN,28.00,50284.92,0.01,1996-04-04,3-MEDIUM,140180.15,Customer#000000149,AUTOMOBILE,8959.65,ROMANIA,EUROPE,22,RUSSIA,3,uctions. furiously unusual instructions sleep furiously ironic packages. slyly 
17,indian navy coral pink deep,ECONOMY BRUSHED STEEL,LG BOX,29316,REG AIR,DELIVER IN PERSON,11.00,10087.11,0.02,1997-05-03,5-LOW,117532.18,Customer#000000683,MACHINERY,9120.93,FRANCE,EUROPE,22,RUSSIA,3,uctions. furiously unusual instructions sleep furiously ironic packages. slyly 
932,cornflower sky powder cyan linen,SMALL ANODIZED COPPER,LG BOX,18564,AIR,TAKE BACK RETURN,39.00,71484.27,0.01,1996-03-18,2-HIGH,173754.81,Customer#000000112,FURNITURE,2953.35,ROMANIA,EUROPE,22,RUSSIA,3,uctions. furiously unusual instructions sleep furiously ironic packages. slyly 
395,drab steel royal medium chartreuse,MEDIUM BURNISHED BRASS,LG BOX,14150,MAIL,DELIVER IN PERSON,38.00,49224.82,0.02,1994-02-09,2-HIGH,186818.41,Customer#000000046,AUTOMOBILE,5744.59,FRANCE,EUROPE,22,RUSSIA,3,uctions. furiously unusual instructions sleep furiously ironic packages. slyly 
867,snow spring black white burnished,PROMO POLISHED NICKEL,LG BOX,17026,AIR,DELIVER IN PERSON,42.00,74250.12,0.00,1996-06-10,3-MEDIUM,270903.98,Customer#000000202,AUTOMOBILE,2237.64,GERMANY,EUROPE,22,RUSSIA,3,uctions. furiously unusual instructions sleep furiously ironic packages. slyly 
874,drab slate hot black khaki,MEDIUM PLATED TIN,MED BOX,8165,MAIL,DELIVER IN PERSON,17.00,30172.79,0.10,1994-10-16,5-LOW,251613.69,Customer#000000112,FURNITURE,2953.35,ROMANIA,EUROPE,22,RUSSIA,3,uctions. furiously unusual instructions sleep furiously ironic packages. slyly 
395,drab steel royal medium chartreuse,MEDIUM BURNISHED BRASS,LG BOX,3234,TRUCK,DELIVER IN PERSON,45.00,58292.55,0.01,1996-04-05,4-NOT SPECIFIED,207014.44,Customer#000000070,FURNITURE,4867.52,RUSSIA,EUROPE,22,RUSSIA,3,uctions. furiously unusual instructions sleep furiously ironic packages. slyly 
450,sky lace green pale lime,MEDIUM BURNISHED TIN,SM CASE,10694,REG AIR,TAKE BACK RETURN,15.00,20256.75,0.07,1997-12-05,2-HIGH,196213.05,Customer#000000712,BUILDING,8667.09,FRANCE,EUROPE,22,RUSSIA,3,uctions. furiously unusual instructions sleep furiously ironic packages. slyly 
895,thistle azure magenta mint burnished,MEDIUM BRUSHED STEEL,SM BOX,11616,REG AIR,TAKE BACK RETURN,34.00,61060.26,0.03,1996-08-02,2-HIGH,265398.53,Customer#000000202,AUTOMOBILE,2237.64,GERMANY,EUROPE,22,RUSSIA,3,uctions. furiously unusual instructions sleep furiously ironic packages. slyly 
392,medium plum powder blush yellow,MEDIUM BRUSHED COPPER,SM BOX,14754,TRUCK,DELIVER IN PERSON,36.00,46526.04,0.10,1996-06-23,3-MEDIUM,99648.70,Customer#000000043,MACHINERY,9904.28,ROMANIA,EUROPE,22,RUSSIA,3,uctions. furiously unusual instructions sleep furiously ironic packages. slyly 
17,indian navy coral pink deep,ECONOMY BRUSHED STEEL,LG BOX,17478,TRUCK,DELIVER IN PERSON,15.00,13755.15,0.08,1996-11-24,3-MEDIUM,125381.06,Customer#000000118,AUTOMOBILE,3582.37,CHINA,ASIA,23,UNITED KINGDOM,3,"carefully pending courts sleep above the ironic, regular theo"
107,violet honeydew bisque sienna orchid,SMALL BURNISHED TIN,MED BOX,10145,REG AIR,DELIVER IN PERSON,37.00,37262.70,0.10,1995-05-25,5-LOW,314527.26,Customer#000000323,AUTOMOBILE,1137.67,CHINA,ASIA,23,UNITED KINGDOM,3,"carefully pending courts sleep above the ironic, regular theo"
572,navy plum lime goldenrod saddle,LARGE BURNISHED COPPER,SM BOX,2657,MAIL,TAKE BACK RETURN,22.00,32396.54,0.02,1995-10-17,2-HIGH,215489.74,Customer#000000124,AUTOMOBILE,1842.49,CHINA,ASIA,23,UNITED KINGDOM,3,"carefully pending courts sleep above the ironic, regular theo"
932,cornflower sky powder cyan linen,SMALL ANODIZED COPPER,LG BOX,5600,MAIL,TAKE BACK RETURN,34.00,62319.62,0.02,1997-02-08,4-NOT SPECIFIED,79054.82,Customer#000000472,MACHINERY,7929.90,JAPAN,ASIA,23,UNITED KINGDOM,3,"carefully pending courts sleep above the ironic, regular theo"
81,misty sandy cornsilk dodger blush,ECONOMY BRUSHED TIN,MED BAG,27296,REG AIR,DELIVER IN PERSON,26.00,25508.08,0.00,1997-08-30,4-NOT SPECIFIED,217953.54,Customer#000000341,FURNITURE,8247.11,INDONESIA,ASIA,23,UNITED KINGDOM,3,"carefully pending courts sleep above the ironic, regular theo"
946,medium drab rosy spring salmon,MEDIUM PLATED TIN,LG BOX,4481,AIR,TAKE BACK RETURN,27.00,49867.38,0.02,1996-03-30,5-LOW,103321.16,Customer#000000734,AUTOMOBILE,9750.71,CHINA,ASIA,23,UNITED KINGDOM,3,"carefully pending courts sleep above the ironic, regular theo"
758,yellow orchid dim cyan burlywood,ECONOMY ANODIZED TIN,MED BOX,15875,MAIL,DELIVER IN PERSON,21.00,34833.75,0.03,1996-09-01,3-MEDIUM,179557.05,Customer#000000406,FURNITURE,4286.94,INDONESIA,ASIA,23,UNITED KINGDOM,3,"carefully pending courts sleep above the ironic, regular theo"
107,violet honeydew bisque sienna orchid,SMALL BURNISHED TIN,MED BOX,8451,AIR,TAKE BACK RETURN,19.00,19134.90,0.04,1995-12-14,3-MEDIUM,53487.23,Customer#000000163,FURNITURE,2948.61,VIETNAM,ASIA,23,UNITED KINGDOM,3,"carefully pending courts sleep above the ironic, regular theo"
895,thistle azure magenta mint burnished,MEDIUM BRUSHED STEEL,SM BOX,2182,TRUCK,TAKE BACK RETURN,37.00,66447.93,0.06,1994-04-05,2-HIGH,171704.77,Customer#000000113,BUILDING,2912.00,JAPAN,ASIA,23,UNITED KINGDOM,3,"carefully pending courts sleep above the ironic, regular theo"
144,hot midnight orchid dim steel,SMALL ANODIZED TIN,SM BOX,2791,AIR,DELIVER IN PERSON,26.00,27147.64,0.06,1994-10-10,2-HIGH,214697.04,Customer#000000604,HOUSEHOLD,3195.96,VIETNAM,ASIA,23,UNITED KINGDOM,3,"carefully pending courts sleep above the ironic, regular theo"
895,thistle azure magenta mint burnished,MEDIUM BRUSHED STEEL,SM BOX,4642,MAIL,DELIVER IN PERSON,41.00,73631.49,0.10,1995-02-27,1-URGENT,185628.40,Customer#000000737,AUTOMOBILE,2501.74,CHINA,ASIA,23,UNITED KINGDOM,3,"carefully pending courts sleep above the ironic, regular theo"
895,thistle azure magenta mint burnished,MEDIUM BRUSHED STEEL,SM BOX,13059,AIR,DELIVER IN PERSON,35.00,62856.15,0.05,1997-05-31,5-LOW,232548.03,Customer#000000068,HOUSEHOLD,6853.37,JAPAN,ASIA,23,UNITED KINGDOM,3,"carefully pending courts sleep above the ironic, regular theo"
821,smoke drab rose hot spring,PROMO POLISHED TIN,MED BOX,11652,REG AIR,TAKE BACK RETURN,10.00,17218.20,0.07,1995-11-11,4-NOT SPECIFIED,221817.66,Customer#000000721,AUTOMOBILE,3420.64,VIETNAM,ASIA,23,UNITED KINGDOM,3,"carefully pending courts sleep above the ironic, regular theo"
826,ghost rosy beige salmon lemon,ECONOMY PLATED TIN,SM CASE,28161,MAIL,DELIVER IN PERSON,33.00,56985.06,0.09,1994-06-16,4-NOT SPECIFIED,281929.48,Customer#000000316,MACHINERY,4571.78,INDIA,ASIA,23,UNITED KINGDOM,3,"carefully pending courts sleep above the ironic, regular theo"
450,sky lace green pale lime,MEDIUM BURNISHED TIN,SM CASE,24705,AIR,DELIVER IN PERSON,42.00,56718.90,0.09,1995-09-16,1-URGENT,114109.64,Customer#000000268,MACHINERY,6821.01,CANADA,AMERICA,23,UNITED KINGDOM,3,"carefully pending courts sleep above the ironic, regular theo"
144,hot midnight orchid dim steel,SMALL ANODIZED TIN,SM BOX,17476,MAIL,TAKE BACK RETURN,39.00,40721.46,0.01,1996-05-29,1-URGENT,116707.45,Customer#000000268,MACHINERY,6821.01,CANADA,AMERICA,23,UNITED KINGDOM,3,"carefully pending courts sleep above the ironic, regular theo"
867,snow spring black white burnished,PROMO POLISHED NICKEL,LG BOX,14944,AIR,TAKE BACK RETURN,21.00,37125.06,0.05,1997-10-14,2-HIGH,129269.44,Customer#000000268,MACHINERY,6821.01,CANADA,AMERICA,23,UNITED KINGDOM,3,"carefully pending courts sleep above the ironic, regular theo"
958,turquoise sandy drab dodger cyan,LARGE PLATED NICKEL,LG BOX,22306,MAIL,DELIVER IN PERSON,13.00,24166.35,0.09,1996-08-16,4-NOT SPECIFIED,131060.76,Customer#000000229,BUILDING,7568.07,ARGENTINA,AMERICA,23,UNITED KINGDOM,3,"carefully pending courts sleep above the ironic, regular theo"
874,drab slate hot black khaki,MEDIUM PLATED TIN,MED BOX,17668,REG AIR,TAKE BACK RETURN,43.00,76319.41,0.01,1994-11-26,3-MEDIUM,356016.33,Customer#000000005,HOUSEHOLD,794.47,CANADA,AMERICA,23,UNITED KINGDOM,3,"carefully pending courts sleep above the ironic, regular theo"
30,cream misty steel spring medium,PROMO ANODIZED TIN,LG BOX,10375,TRUCK,TAKE BACK RETURN,23.00,21390.69,0.06,1997-01-08,2-HIGH,60612.14,Customer#000000407,MACHINERY,9537.08,ARGENTINA,AMERICA,23,UNITED KINGDOM,3,"carefully pending courts sleep above the ironic, regular theo"
81,misty sandy cornsilk dodger blush,ECONOMY BRUSHED TIN,MED BAG,21606,TRUCK,TAKE BACK RETURN,29.00,28451.32,0.10,1995-01-23,4-NOT SPECIFIED,154080.01,Customer#000000343,HOUSEHOLD,5521.36,CANADA,AMERICA,23,UNITED KINGDOM,3,"carefully pending courts sleep above the ironic, regular theo"
144,hot midnight orchid dim steel,SMALL ANODIZED TIN,SM BOX,21222,TRUCK,DELIVER IN PERSON,34.00,35500.76,0.05,1994-02-04,4-NOT SPECIFIED,222826.57,Customer#000000407,MACHINERY,9537.08,ARGENTINA,AMERICA,23,UNITED KINGDOM,3,"carefully pending courts sleep above the ironic, regular theo"
395,drab steel royal medium chartreuse,MEDIUM BURNISHED BRASS,LG BOX,16610,MAIL,TAKE BACK RETURN,42.00,54406.38,0.00,1994-10-11,2-HIGH,181988.84,Customer#000000017,AUTOMOBILE,6.34,BRAZIL,AMERICA,23,UNITED KINGDOM,3,"carefully pending courts sleep above the ironic, regular theo"
107,violet honeydew bisque sienna orchid,SMALL BURNISHED TIN,MED BOX,5090,TRUCK,TAKE BACK RETURN,22.00,22156.20,0.07,1997-03-09,1-URGENT,171523.81,Customer#000000442,FURNITURE,4157.00,ARGENTINA,AMERICA,23,UNITED KINGDOM,3,"carefully pending courts sleep above the ironic, regular theo"
826,ghost rosy beige salmon lemon,ECONOMY PLATED TIN,SM CASE,12868,MAIL,DELIVER IN PERSON,45.00,77706.90,0.06,1995-03-02,1-URGENT,212378.63,Customer#000000521,MACHINERY,5830.69,BRAZIL,AMERICA,23,UNITED KINGDOM,3,"carefully pending courts sleep above the ironic, regular theo"
821,smoke drab rose hot spring,PROMO POLISHED TIN,MED BOX,10049,MAIL,DELIVER IN PERSON,30.00,51654.60,0.09,1997-07-23,1-URGENT,167455.41,Customer#000000343,HOUSEHOLD,5521.36,CANADA,AMERICA,23,UNITED KINGDOM,3,"carefully pending courts sleep above the ironic, regular theo"
17,indian navy coral pink deep,ECONOMY BRUSHED STEEL,LG BOX,28739,AIR,DELIVER IN PERSON,45.00,41265.45,0.07,1996-09-10,2-HIGH,154154.14,Customer#000000728,BUILDING,4349.73,UNITED STATES,AMERICA,23,UNITED KINGDOM,3,"carefully pending courts sleep above the ironic, regular theo"
450,sky lace green pale lime,MEDIUM BURNISHED TIN,SM CASE,20198,TRUCK,TAKE BACK RETURN,13.00,17555.85,0.02,1995-06-11,4-NOT SPECIFIED,144541.14,Customer#000000478,BUILDING,-210.40,ARGENTINA,AMERICA,23,UNITED KINGDOM,3,"carefully pending courts sleep above the ironic, regular theo"
758,yellow orchid dim cyan burlywood,ECONOMY ANODIZED TIN,MED BOX,6210,AIR,TAKE BACK RETURN,23.00,38151.25,0.06,1996-11-06,5-LOW,232343.67,Customer#000000343,HOUSEHOLD,5521.36,CANADA,AMERICA,23,UNITED KINGDOM,3,"carefully pending courts sleep above the ironic, regular theo"
81,misty sandy cornsilk dodger blush,ECONOMY BRUSHED TIN,MED BAG,13154,MAIL,TAKE BACK RETURN,42.00,41205.36,0.09,1997-10-22,5-LOW,262523.82,Customer#000000260,MACHINERY,9196.11,ARGENTINA,AMERICA,23,UNITED KINGDOM,3,"carefully pending courts sleep above the ironic, regular theo"
507,red misty salmon ivory khaki,SMALL ANODIZED BRASS,SM CASE,29152,TRUCK,TAKE BACK RETURN,24.00,33780.00,0.06,1995-07-24,5-LOW,201223.31,Customer#000000346,FURNITURE,238.14,BRAZIL,AMERICA,23,UNITED KINGDOM,3,"carefully pending courts sleep above the ironic, regular theo"
758,yellow orchid dim cyan burlywood,ECONOMY ANODIZED TIN,MED BOX,29638,AIR,DELIVER IN PERSON,12.00,19905.00,0.06,1995-10-25,3-MEDIUM,113545.13,Customer#000000505,HOUSEHOLD,6557.51,BRAZIL,AMERICA,23,UNITED KINGDOM,3,"carefully pending courts sleep above the ironic, regular theo"
395,drab steel royal medium chartreuse,MEDIUM BURNISHED BRASS,LG BOX,23169,AIR,TAKE BACK RETURN,39.00,50520.21,0.04,1995-06-24,1-URGENT,227411.29,Customer#000000265,MACHINERY,8275.80,PERU,AMERICA,23,UNITED KINGDOM,3,"carefully pending courts sleep above the ironic, regular theo"
558,blanched seashell navy black dim,STANDARD PLATED BRASS,MED BOX,23142,TRUCK,DELIVER IN PERSON,24.00,35005.20,0.06,1996-05-27,3-MEDIUM,142727.51,Customer#000000011,BUILDING,-272.60,UNITED KINGDOM,EUROPE,23,UNITED KINGDOM,3,"carefully pending courts sleep above the ironic, regular theo"
450,sky lace green pale lime,MEDIUM BURNISHED TIN,SM CASE,29958,TRUCK,DELIVER IN PERSON,28.00,37812.60,0.10,1995-01-07,2-HIGH,143790.75,Customer#000000514,BUILDING,5840.97,UNITED KINGDOM,EUROPE,23,UNITED KINGDOM,3,"carefully pending courts sleep above the ironic, regular theo"
130,gainsboro powder cyan pale rosy,SMALL PLATED NICKEL,LG BOX,577,AIR,TAKE BACK RETURN,25.00,25753.25,0.06,1994-12-19,5-LOW,40599.44,Customer#000000277,BUILDING,8876.10,UNITED KINGDOM,EUROPE,23,UNITED KINGDOM,3,"carefully pending courts sleep above the ironic, regular theo"
130,gainsboro powder cyan pale rosy,SMALL PLATED NICKEL,LG BOX,4646,MAIL,DELIVER IN PERSON,22.00,22662.86,0.01,1996-06-18,1-URGENT,170926.97,Customer#000000413,FURNITURE,5817.90,FRANCE,EUROPE,23,UNITED KINGDOM,3,"carefully pending courts sleep above the ironic, regular theo"
932,cornflower sky powder cyan linen,SMALL ANODIZED COPPER,LG BOX,25568,MAIL,TAKE BACK RETURN,26.00,47656.18,0.08,1996-10-31,1-URGENT,171287.92,Customer#000000514,BUILDING,5840.97,UNITED KINGDOM,EUROPE,23,UNITED KINGDOM,3,"carefully pending courts sleep above the ironic, regular theo"
826,ghost rosy beige salmon lemon,ECONOMY PLATED TIN,SM CASE,14531,MAIL,TAKE BACK RETURN,45.00,77706.90,0.06,1997-06-11,2-HIGH,203176.76,Customer#000000667,AUTOMOBILE,3288.76,FRANCE,EUROPE,23,UNITED KINGDOM,3,"carefully pending courts sleep above the ironic, regular theo"
895,thistle azure magenta mint burnished,MEDIUM BRUSHED STEEL,SM BOX,19363,AIR,TAKE BACK RETURN,35.00,62856.15,0.07,1995-07-06,2-HIGH,280738.15,Customer#000000172,MACHINERY,1134.40,RUSSIA,EUROPE,23,UNITED KINGDOM,3,"carefully pending courts sleep above the ironic, regular theo"
826,ghost rosy beige salmon lemon,ECONOMY PLATED TIN,SM CASE,24674,MAIL,DELIVER IN PERSON,14.00,24175.48,0.06,1996-05-15,2-HIGH,148334.99,Customer#000000046,AUTOMOBILE,5744.59,FRANCE,EUROPE,23,UNITED KINGDOM,3,"carefully pending courts sleep above the ironic, regular theo"
821,smoke drab rose hot spring,PROMO POLISHED TIN,MED BOX,23621,REG AIR,DELIVER IN PERSON,28.00,48210.96,0.03,1996-12-29,3-MEDIUM,214948.72,Customer#000000394,MACHINERY,5200.96,UNITED KINGDOM,EUROPE,23,UNITED KINGDOM,3,"carefully pending courts sleep above the ironic, regular theo"
895,thistle azure magenta mint burnished,MEDIUM BRUSHED STEEL,SM BOX,10244,REG AIR,TAKE BACK RETURN,28.00,50284.92,0.01,1996-04-04,3-MEDIUM,140180.15,Customer#000000149,AUTOMOBILE,8959.65,ROMANIA,EUROPE,23,UNITED KINGDOM,3,"carefully pending courts sleep above the ironic, regular theo"
17,indian navy coral pink deep,ECONOMY BRUSHED STEEL,LG BOX,29316,REG AIR,DELIVER IN PERSON,11.00,10087.11,0.02,1997-05-03,5-LOW,117532.18,Customer#000000683,MACHINERY,9120.93,FRANCE,EUROPE,23,UNITED KINGDOM,3,"carefully pending courts sleep above the ironic, regular theo"
932,cornflower sky powder cyan linen,SMALL ANODIZED COPPER,LG BOX,18564,AIR,TAKE BACK RETURN,39.00,71484.27,0.01,1996-03-18,2-HIGH,173754.81,Customer#000000112,FURNITURE,2953.35,ROMANIA,EUROPE,23,UNITED KINGDOM,3,"carefully pending courts sleep above the ironic, regular theo"
395,drab steel royal medium chartreuse,MEDIUM BURNISHED BRASS,LG BOX,14150,MAIL,DELIVER IN PERSON,38.00,49224.82,0.02,1994-02-09,2-HIGH,186818.41,Customer#000000046,AUTOMOBILE,5744.59,FRANCE,EUROPE,23,UNITED KINGDOM,3,"carefully pending courts sleep above the ironic, regular theo"
867,snow spring black white burnished,PROMO POLISHED NICKEL,LG BOX,17026,AIR,DELIVER IN PERSON,42.00,74250.12,0.00,1996-06-10,3-MEDIUM,270903.98,Customer#000000202,AUTOMOBILE,2237.64,GERMANY,EUROPE,23,UNITED KINGDOM,3,"carefully pending courts sleep above the ironic, regular theo"
874,drab slate hot black khaki,MEDIUM PLATED TIN,MED BOX,8165,MAIL,DELIVER IN PERSON,17.00,30172.79,0.10,1994-10-16,5-LOW,251613.69,Customer#000000112,FURNITURE,2953.35,ROMANIA,EUROPE,23,UNITED KINGDOM,3,"carefully pending courts sleep above the ironic, regular theo"
395,drab steel royal medium chartreuse,MEDIUM BURNISHED BRASS,LG BOX,3234,TRUCK,DELIVER IN PERSON,45.00,58292.55,0.01,1996-04-05,4-NOT SPECIFIED,207014.44,Customer#000000070,FURNITURE,4867.52,RUSSIA,EUROPE,23,UNITED KINGDOM,3,"carefully pending courts sleep above the ironic, regular theo"
450,sky lace green pale lime,MEDIUM BURNISHED TIN,SM CASE,10694,REG AIR,TAKE BACK RETURN,15.00,20256.75,0.07,1997-12-05,2-HIGH,196213.05,Customer#000000712,BUILDING,8667.09,FRANCE,EUROPE,23,UNITED KINGDOM,3,"carefully pending courts sleep above the ironic, regular theo"
895,thistle azure magenta mint burnished,MEDIUM BRUSHED STEEL,SM BOX,11616,REG AIR,TAKE BACK RETURN,34.00,61060.26,0.03,1996-08-02,2-HIGH,265398.53,Customer#000000202,AUTOMOBILE,2237.64,GERMANY,EUROPE,23,UNITED KINGDOM,3,"carefully pending courts sleep above the ironic, regular theo"
392,medium plum powder blush yellow,MEDIUM BRUSHED COPPER,SM BOX,14754,TRUCK,DELIVER IN PERSON,36.00,46526.04,0.10,1996-06-23,3-MEDIUM,99648.70,Customer#000000043,MACHINERY,9904.28,ROMANIA,EUROPE,23,UNITED KINGDOM,3,"carefully pending courts sleep above the ironic, regular theo"
17,indian navy coral pink deep,ECONOMY BRUSHED STEEL,LG BOX,17478,TRUCK,DELIVER IN PERSON,15.00,13755.15,0.08,1996-11-24,3-MEDIUM,125381.06,Customer#000000118,AUTOMOBILE,3582.37,CHINA,ASIA,24,UNITED STATES,1,ly ironic requests along the slyly bold ideas hang after the blithely special notornis; blithely even accounts
107,violet honeydew bisque sienna orchid,SMALL BURNISHED TIN,MED BOX,10145,REG AIR,DELIVER IN PERSON,37.00,37262.70,0.10,1995-05-25,5-LOW,314527.26,Customer#000000323,AUTOMOBILE,1137.67,CHINA,ASIA,24,UNITED STATES,1,ly ironic requests along the slyly bold ideas hang after the blithely special notornis; blithely even accounts
572,navy plum lime goldenrod saddle,LARGE BURNISHED COPPER,SM BOX,2657,MAIL,TAKE BACK RETURN,22.00,32396.54,0.02,1995-10-17,2-HIGH,215489.74,Customer#000000124,AUTOMOBILE,1842.49,CHINA,ASIA,24,UNITED STATES,1,ly ironic requests along the slyly bold ideas hang after the blithely special notornis; blithely even accounts
932,cornflower sky powder cyan linen,SMALL ANODIZED COPPER,LG BOX,5600,MAIL,TAKE BACK RETURN,34.00,62319.62,0.02,1997-02-08,4-NOT SPECIFIED,79054.82,Customer#000000472,MACHINERY,7929.90,JAPAN,ASIA,24,UNITED STATES,1,ly ironic requests along the slyly bold ideas hang after the blithely special notornis; blithely even accounts
81,misty sandy cornsilk dodger blush,ECONOMY BRUSHED TIN,MED BAG,27296,REG AIR,DELIVER IN PERSON,26.00,25508.08,0.00,1997-08-30,4-NOT SPECIFIED,217953.54,Customer#000000341,FURNITURE,8247.11,INDONESIA,ASIA,24,UNITED STATES,1,ly ironic requests along the slyly bold ideas hang after the blithely special notornis; blithely even accounts
946,medium drab rosy spring salmon,MEDIUM PLATED TIN,LG BOX,4481,AIR,TAKE BACK RETURN,27.00,49867.38,0.02,1996-03-30,5-LOW,103321.16,Customer#000000734,AUTOMOBILE,9750.71,CHINA,ASIA,24,UNITED STATES,1,ly ironic requests along the slyly bold ideas hang after the blithely special notornis; blithely even accounts
758,yellow orchid dim cyan burlywood,ECONOMY ANODIZED TIN,MED BOX,15875,MAIL,DELIVER IN PERSON,21.00,34833.75,0.03,1996-09-01,3-MEDIUM,179557.05,Customer#000000406,FURNITURE,4286.94,INDONESIA,ASIA,24,UNITED STATES,1,ly ironic requests along the slyly bold ideas hang after the blithely special notornis; blithely even accounts
107,violet honeydew bisque sienna orchid,SMALL BURNISHED TIN,MED BOX,8451,AIR,TAKE BACK RETURN,19.00,19134.90,0.04,1995-12-14,3-MEDIUM,53487.23,Customer#000000163,FURNITURE,2948.61,VIETNAM,ASIA,24,UNITED STATES,1,ly ironic requests along the slyly bold ideas hang after the blithely special notornis; blithely even accounts
895,thistle azure magenta mint burnished,MEDIUM BRUSHED STEEL,SM BOX,2182,TRUCK,TAKE BACK RETURN,37.00,66447.93,0.06,1994-04-05,2-HIGH,171704.77,Customer#000000113,BUILDING,2912.00,JAPAN,ASIA,24,UNITED STATES,1,ly ironic requests along the slyly bold ideas hang after the blithely special notornis; blithely even accounts
144,hot midnight orchid dim steel,SMALL ANODIZED TIN,SM BOX,2791,AIR,DELIVER IN PERSON,26.00,27147.64,0.06,1994-10-10,2-HIGH,214697.04,Customer#000000604,HOUSEHOLD,3195.96,VIETNAM,ASIA,24,UNITED STATES,1,ly ironic requests along the slyly bold ideas hang after the blithely special notornis; blithely even accounts
895,thistle azure magenta mint burnished,MEDIUM BRUSHED STEEL,SM BOX,4642,MAIL,DELIVER IN PERSON,41.00,73631.49,0.10,1995-02-27,1-URGENT,185628.40,Customer#000000737,AUTOMOBILE,2501.74,CHINA,ASIA,24,UNITED STATES,1,ly ironic requests along the slyly bold ideas hang after the blithely special notornis; blithely even accounts
895,thistle azure magenta mint burnished,MEDIUM BRUSHED STEEL,SM BOX,13059,AIR,DELIVER IN PERSON,35.00,62856.15,0.05,1997-05-31,5-LOW,232548.03,Customer#000000068,HOUSEHOLD,6853.37,JAPAN,ASIA,24,UNITED STATES,1,ly ironic requests along the slyly bold ideas hang after the blithely special notornis; blithely even accounts
821,smoke drab rose hot spring,PROMO POLISHED TIN,MED BOX,11652,REG AIR,TAKE BACK RETURN,10.00,17218.20,0.07,1995-11-11,4-NOT SPECIFIED,221817.66,Customer#000000721,AUTOMOBILE,3420.64,VIETNAM,ASIA,24,UNITED STATES,1,ly ironic requests along the slyly bold ideas hang after the blithely special notornis; blithely even accounts
826,ghost rosy beige salmon lemon,ECONOMY PLATED TIN,SM CASE,28161,MAIL,DELIVER IN PERSON,33.00,56985.06,0.09,1994-06-16,4-NOT SPECIFIED,281929.48,Customer#000000316,MACHINERY,4571.78,INDIA,ASIA,24,UNITED STATES,1,ly ironic requests along the slyly bold ideas hang after the blithely special notornis; blithely even accounts
450,sky lace green pale lime,MEDIUM BURNISHED TIN,SM CASE,24705,AIR,DELIVER IN PERSON,42.00,56718.90,0.09,1995-09-16,1-URGENT,114109.64,Customer#000000268,MACHINERY,6821.01,CANADA,AMERICA,24,UNITED STATES,1,ly ironic requests along the slyly bold ideas hang after the blithely special notornis; blithely even accounts
144,hot midnight orchid dim steel,SMALL ANODIZED TIN,SM BOX,17476,MAIL,TAKE BACK RETURN,39.00,40721.46,0.01,1996-05-29,1-URGENT,116707.45,Customer#000000268,MACHINERY,6821.01,CANADA,AMERICA,24,UNITED STATES,1,ly ironic requests along the slyly bold ideas hang after the blithely special notornis; blithely even accounts
867,snow spring black white burnished,PROMO POLISHED NICKEL,LG BOX,14944,AIR,TAKE BACK RETURN,21.00,37125.06,0.05,1997-10-14,2-HIGH,129269.44,Customer#000000268,MACHINERY,6821.01,CANADA,AMERICA,24,UNITED STATES,1,ly ironic requests along the slyly bold ideas hang after the blithely special notornis; blithely even accounts
958,turquoise sandy drab dodger cyan,LARGE PLATED NICKEL,LG BOX,22306,MAIL,DELIVER IN PERSON,13.00,24166.35,0.09,1996-08-16,4-NOT SPECIFIED,131060.76,Customer#000000229,BUILDING,7568.07,ARGENTINA,AMERICA,24,UNITED STATES,1,ly ironic requests along the slyly bold ideas hang after the blithely special notornis; blithely even accounts
874,drab slate hot black khaki,MEDIUM PLATED TIN,MED BOX,17668,REG AIR,TAKE BACK RETURN,43.00,76319.41,0.01,1994-11-26,3-MEDIUM,356016.33,Customer#000000005,HOUSEHOLD,794.47,CANADA,AMERICA,24,UNITED STATES,1,ly ironic requests along the slyly bold ideas hang after the blithely special notornis; blithely even accounts
30,cream misty steel spring medium,PROMO ANODIZED TIN,LG BOX,10375,TRUCK,TAKE BACK RETURN,23.00,21390.69,0.06,1997-01-08,2-HIGH,60612.14,Customer#000000407,MACHINERY,9537.08,ARGENTINA,AMERICA,24,UNITED STATES,1,ly ironic requests along the slyly bold ideas hang after the blithely special notornis; blithely even accounts
81,misty sandy cornsilk dodger blush,ECONOMY BRUSHED TIN,MED BAG,21606,TRUCK,TAKE BACK RETURN,29.00,28451.32,0.10,1995-01-23,4-NOT SPECIFIED,154080.01,Customer#000000343,HOUSEHOLD,5521.36,CANADA,AMERICA,24,UNITED STATES,1,ly ironic requests along the slyly bold ideas hang after the blithely special notornis; blithely even accounts
144,hot midnight orchid dim steel,SMALL ANODIZED TIN,SM BOX,21222,TRUCK,DELIVER IN PERSON,34.00,35500.76,0.05,1994-02-04,4-NOT SPECIFIED,222826.57,Customer#000000407,MACHINERY,9537.08,ARGENTINA,AMERICA,24,UNITED STATES,1,ly ironic requests along the slyly bold ideas hang after the blithely special notornis; blithely even accounts
395,drab steel royal medium chartreuse,MEDIUM BURNISHED BRASS,LG BOX,16610,MAIL,TAKE BACK RETURN,42.00,54406.38,0.00,1994-10-11,2-HIGH,181988.84,Customer#000000017,AUTOMOBILE,6.34,BRAZIL,AMERICA,24,UNITED STATES,1,ly ironic requests along the slyly bold ideas hang after the blithely special notornis; blithely even accounts
107,violet honeydew bisque sienna orchid,SMALL BURNISHED TIN,MED BOX,5090,TRUCK,TAKE BACK RETURN,22.00,22156.20,0.07,1997-03-09,1-URGENT,171523.81,Customer#000000442,FURNITURE,4157.00,ARGENTINA,AMERICA,24,UNITED STATES,1,ly ironic requests along the slyly bold ideas hang after the blithely special notornis; blithely even accounts
826,ghost rosy beige salmon lemon,ECONOMY PLATED TIN,SM CASE,12868,MAIL,DELIVER IN PERSON,45.00,77706.90,0.06,1995-03-02,1-URGENT,212378.63,Customer#000000521,MACHINERY,5830.69,BRAZIL,AMERICA,24,UNITED STATES,1,ly ironic requests along the slyly bold ideas hang after the blithely special notornis; blithely even accounts
821,smoke drab rose hot spring,PROMO POLISHED TIN,MED BOX,10049,MAIL,DELIVER IN PERSON,30.00,51654.60,0.09,1997-07-23,1-URGENT,167455.41,Customer#000000343,HOUSEHOLD,5521.36,CANADA,AMERICA,24,UNITED STATES,1,ly ironic requests along the slyly bold ideas hang after the blithely special notornis; blithely even accounts
17,indian navy coral pink deep,ECONOMY BRUSHED STEEL,LG BOX,28739,AIR,DELIVER IN PERSON,45.00,41265.45,0.07,1996-09-10,2-HIGH,154154.14,Customer#000000728,BUILDING,4349.73,UNITED STATES,AMERICA,24,UNITED STATES,1,ly ironic requests along the slyly bold ideas hang after the blithely special notornis; blithely even accounts
450,sky lace green pale lime,MEDIUM BURNISHED TIN,SM CASE,20198,TRUCK,TAKE BACK RETURN,13.00,17555.85,0.02,1995-06-11,4-NOT SPECIFIED,144541.14,Customer#000000478,BUILDING,-210.40,ARGENTINA,AMERICA,24,UNITED STATES,1,ly ironic requests along the slyly bold ideas hang after the blithely special notornis; blithely even accounts
758,yellow orchid dim cyan burlywood,ECONOMY ANODIZED TIN,MED BOX,6210,AIR,TAKE BACK RETURN,23.00,38151.25,0.06,1996-11-06,5-LOW,232343.67,Customer#000000343,HOUSEHOLD,5521.36,CANADA,AMERICA,24,UNITED STATES,1,ly ironic requests along the slyly bold ideas hang after the blithely special notornis; blithely even accounts
81,misty sandy cornsilk dodger blush,ECONOMY BRUSHED TIN,MED BAG,13154,MAIL,TAKE BACK RETURN,42.00,41205.36,0.09,1997-10-22,5-LOW,262523.82,Customer#000000260,MACHINERY,9196.11,ARGENTINA,AMERICA,24,UNITED STATES,1,ly ironic requests along the slyly bold ideas hang after the blithely special notornis; blithely even accounts
507,red misty salmon ivory khaki,SMALL ANODIZED BRASS,SM CASE,29152,TRUCK,TAKE BACK RETURN,24.00,33780.00,0.06,1995-07-24,5-LOW,201223.31,Customer#000000346,FURNITURE,238.14,BRAZIL,AMERICA,24,UNITED STATES,1,ly ironic requests along the slyly bold ideas hang after the blithely special notornis; blithely even accounts
758,yellow orchid dim cyan burlywood,ECONOMY ANODIZED TIN,MED BOX,29638,AIR,DELIVER IN PERSON,12.00,19905.00,0.06,1995-10-25,3-MEDIUM,113545.13,Customer#000000505,HOUSEHOLD,6557.51,BRAZIL,AMERICA,24,UNITED STATES,1,ly ironic requests along the slyly bold ideas hang after the blithely special notornis; blithely even accounts
395,drab steel royal medium chartreuse,MEDIUM BURNISHED BRASS,LG BOX,23169,AIR,TAKE BACK RETURN,39.00,50520.21,0.04,1995-06-24,1-URGENT,227411.29,Customer#000000265,MACHINERY,8275.80,PERU,AMERICA,24,UNITED STATES,1,ly ironic requests along the slyly bold ideas hang after the blithely special notornis; blithely even accounts
558,blanched seashell navy black dim,STANDARD PLATED BRASS,MED BOX,23142,TRUCK,DELIVER IN PERSON,24.00,35005.20,0.06,1996-05-27,3-MEDIUM,142727.51,Customer#000000011,BUILDING,-272.60,UNITED KINGDOM,EUROPE,24,UNITED STATES,1,ly ironic requests along the slyly bold ideas hang after the blithely special notornis; blithely even accounts
450,sky lace green pale lime,MEDIUM BURNISHED TIN,SM CASE,29958,TRUCK,DELIVER IN PERSON,28.00,37812.60,0.10,1995-01-07,2-HIGH,143790.75,Customer#000000514,BUILDING,5840.97,UNITED KINGDOM,EUROPE,24,UNITED STATES,1,ly ironic requests along the slyly bold ideas hang after the blithely special notornis; blithely even accounts
130,gainsboro powder cyan pale rosy,SMALL PLATED NICKEL,LG BOX,577,AIR,TAKE BACK RETURN,25.00,25753.25,0.06,1994-12-19,5-LOW,40599.44,Customer#000000277,BUILDING,8876.10,UNITED KINGDOM,EUROPE,24,UNITED STATES,1,ly ironic requests along the slyly bold ideas hang after the blithely special notornis; blithely even accounts
130,gainsboro powder cyan pale rosy,SMALL PLATED NICKEL,LG BOX,4646,MAIL,DELIVER IN PERSON,22.00,22662.86,0.01,1996-06-18,1-URGENT,170926.97,Customer#000000413,FURNITURE,5817.90,FRANCE,EUROPE,24,UNITED STATES,1,ly ironic requests along the slyly bold ideas hang after the blithely special notornis; blithely even accounts
932,cornflower sky powder cyan linen,SMALL ANODIZED COPPER,LG BOX,25568,MAIL,TAKE BACK RETURN,26.00,47656.18,0.08,1996-10-31,1-URGENT,171287.92,Customer#000000514,BUILDING,5840.97,UNITED KINGDOM,EUROPE,24,UNITED STATES,1,ly ironic requests along the slyly bold ideas hang after the blithely special notornis; blithely even accounts
826,ghost rosy beige salmon lemon,ECONOMY PLATED TIN,SM CASE,14531,MAIL,TAKE BACK RETURN,45.00,77706.90,0.06,1997-06-11,2-HIGH,203176.76,Customer#000000667,AUTOMOBILE,3288.76,FRANCE,EUROPE,24,UNITED STATES,1,ly ironic requests along the slyly bold ideas hang after the blithely special notornis; blithely even accounts
895,thistle azure magenta mint burnished,MEDIUM BRUSHED STEEL,SM BOX,19363,AIR,TAKE BACK RETURN,35.00,62856.15,0.07,1995-07-06,2-HIGH,280738.15,Customer#000000172,MACHINERY,1134.40,RUSSIA,EUROPE,24,UNITED STATES,1,ly ironic requests along the slyly bold ideas hang after the blithely special notornis; blithely even accounts
826,ghost rosy beige salmon lemon,ECONOMY PLATED TIN,SM CASE,24674,MAIL,DELIVER IN PERSON,14.00,24175.48,0.06,1996-05-15,2-HIGH,148334.99,Customer#000000046,AUTOMOBILE,5744.59,FRANCE,EUROPE,24,UNITED STATES,1,ly ironic requests along the slyly bold ideas hang after the blithely special notornis; blithely even accounts
821,smoke drab rose hot spring,PROMO POLISHED TIN,MED BOX,23621,REG AIR,DELIVER IN PERSON,28.00,48210.96,0.03,1996-12-29,3-MEDIUM,214948.72,Customer#000000394,MACHINERY,5200.96,UNITED KINGDOM,EUROPE,24,UNITED STATES,1,ly ironic requests along the slyly bold ideas hang after the blithely special notornis; blithely even accounts
895,thistle azure magenta mint burnished,MEDIUM BRUSHED STEEL,SM BOX,10244,REG AIR,TAKE BACK RETURN,28.00,50284.92,0.01,1996-04-04,3-MEDIUM,140180.15,Customer#000000149,AUTOMOBILE,8959.65,ROMANIA,EUROPE,24,UNITED STATES,1,ly ironic requests along the slyly bold ideas hang after the blithely special notornis; blithely even accounts
17,indian navy coral pink deep,ECONOMY BRUSHED STEEL,LG BOX,29316,REG AIR,DELIVER IN PERSON,11.00,10087.11,0.02,1997-05-03,5-LOW,117532.18,Customer#000000683,MACHINERY,9120.93,FRANCE,EUROPE,24,UNITED STATES,1,ly ironic requests along the slyly bold ideas hang after the blithely special notornis; blithely even accounts
932,cornflower sky powder cyan linen,SMALL ANODIZED COPPER,LG BOX,18564,AIR,TAKE BACK RETURN,39.00,71484.27,0.01,1996-03-18,2-HIGH,173754.81,Customer#000000112,FURNITURE,2953.35,ROMANIA,EUROPE,24,UNITED STATES,1,ly ironic requests along the slyly bold ideas hang after the blithely special notornis; blithely even accounts
395,drab steel royal medium chartreuse,MEDIUM BURNISHED BRASS,LG BOX,14150,MAIL,DELIVER IN PERSON,38.00,49224.82,0.02,1994-02-09,2-HIGH,186818.41,Customer#000000046,AUTOMOBILE,5744.59,FRANCE,EUROPE,24,UNITED STATES,1,ly ironic requests along the slyly bold ideas hang after the blithely special notornis; blithely even accounts
867,snow spring black white burnished,PROMO POLISHED NICKEL,LG BOX,17026,AIR,DELIVER IN PERSON,42.00,74250.12,0.00,1996-06-10,3-MEDIUM,270903.98,Customer#000000202,AUTOMOBILE,2237.64,GERMANY,EUROPE,24,UNITED STATES,1,ly ironic requests along the slyly bold ideas hang after the blithely special notornis; blithely even accounts
874,drab slate hot black khaki,MEDIUM PLATED TIN,MED BOX,8165,MAIL,DELIVER IN PERSON,17.00,30172.79,0.10,1994-10-16,5-LOW,251613.69,Customer#000000112,FURNITURE,2953.35,ROMANIA,EUROPE,24,UNITED STATES,1,ly ironic requests along the slyly bold ideas hang after the blithely special notornis; blithely even accounts
395,drab steel royal medium chartreuse,MEDIUM BURNISHED BRASS,LG BOX,3234,TRUCK,DELIVER IN PERSON,45.00,58292.55,0.01,1996-04-05,4-NOT SPECIFIED,207014.44,Customer#000000070,FURNITURE,4867.52,RUSSIA,EUROPE,24,UNITED STATES,1,ly ironic requests along the slyly bold ideas hang after the blithely special notornis; blithely even accounts
450,sky lace green pale lime,MEDIUM BURNISHED TIN,SM CASE,10694,REG AIR,TAKE BACK RETURN,15.00,20256.75,0.07,1997-12-05,2-HIGH,196213.05,Customer#000000712,BUILDING,8667.09,FRANCE,EUROPE,24,UNITED STATES,1,ly ironic requests along the slyly bold ideas hang after the blithely special notornis; blithely even accounts
895,thistle azure magenta mint burnished,MEDIUM BRUSHED STEEL,SM BOX,11616,REG AIR,TAKE BACK RETURN,34.00,61060.26,0.03,1996-08-02,2-HIGH,265398.53,Customer#000000202,AUTOMOBILE,2237.64,GERMANY,EUROPE,24,UNITED STATES,1,ly ironic requests along the slyly bold ideas hang after the blithely special notornis; blithely even accounts
392,medium plum powder blush yellow,MEDIUM BRUSHED COPPER,SM BOX,14754,TRUCK,DELIVER IN PERSON,36.00,46526.04,0.10,1996-06-23,3-MEDIUM,99648.70,Customer#000000043,MACHINERY,9904.28,ROMANIA,EUROPE,24,UNITED STATES,1,ly ironic requests along the slyly bold ideas hang after the blithely special notornis; blithely even accounts
