user_id,name,review_count,yelping_since,useful,funny,cool,elite
userid_286,Todd,376,"15 Jan 2009, 16:40",1373,723,639,"2010,2011,2012,2013,2014"
userid_1331,Patt,1028,"13 Jul 2010, 15:42",9050,3249,5929,"2011,2012,2013,2014,2015,2016,2017,2018,2019,20,20,2021"
userid_1880,Norma,57,2010-09-07 23:24:36,217,57,115,"2012,2013"
userid_271,Antony,49,"October 23, 2011 at 07:47 PM",116,159,34,""
userid_534,Mandy,754,2011-08-30 13:46:26,2925,775,988,"2011,2012,2013,2014,2015,2016,2017,2018,2019,20,20,2021"
userid_1997,Francesca,414,2009-12-02 18:54:31,1073,289,221,""
userid_1386,Michael,455,2009-04-15 12:46:06,1823,696,663,"2009,2010,2011,2012,2013,2014,2015,2016,2017,2018"
userid_237,Jason,202,"October 04, 2009 at 05:59 PM",586,329,364,""
userid_596,Andy,342,"20 Apr 2008, 16:55",838,290,424,"2010,2011,2012,2013,2014"
userid_948,Lisa,212,2007-07-28 22:22:09,611,139,187,"2011,2012,2013,2014,2015"
userid_42,Jen,2733,"January 14, 2009 at 06:31 PM",13793,5457,8701,"2009,2010,2011,2012,2013,2014,2015,2016,2017,2018,2019,20,20,2021"
userid_604,Eric,1544,"October 10, 2009 at 01:37 AM",5100,926,2223,"2010,2011,2012,2013,2014,2015,2016,2017,2018,2019,20,20,2021"
userid_1291,Katrina,336,"17 Nov 2008, 02:26",728,185,392,"2011,2012,2013,2014,2015,2016,2017,2018,2019"
userid_995,Aimee,885,2010-04-29 14:32:53,8423,3486,6080,"2011,2012,2013,2014,2015,2016,2017,2018,2019,20,20,2021"
userid_1630,Steven,19,"26 Sep 2009, 02:31",14,4,0,""
userid_1857,Brooke,86,"May 03, 2009 at 08:19 PM",137,124,59,"2011,2012"
userid_1936,Ryan,103,"July 21, 2008 at 06:04 PM",160,52,83,""
userid_288,Seth,35,"August 13, 2009 at 01:09 PM",76,11,13,""
userid_1956,Bodie,366,2011-08-19 18:09:41,440,90,218,"2011,2012,2013,2014,2015,2016,2017"
userid_529,Irene,486,2009-12-14 01:40:43,2296,1016,1106,"2010,2011,2012,2013,2014,2015,2016,2017,2018"
userid_1469,Christian,138,2009-11-15 20:31:44,126,25,32,2016
userid_1802,Sarah,210,2010-04-22 06:45:06,518,199,232,"2012,2013,2014"
userid_809,Rick,105,"May 18, 2010 at 01:22 AM",126,46,32,""
userid_1157,Robin,95,"May 21, 2011 at 03:22 PM",143,26,70,"2011,2012,2013"
userid_1619,Skye,812,"September 02, 2009 at 07:31 PM",1634,468,623,"2010,2011,2012,2013,2014,2015,2016,2017,2018,2019,20,20,2021"
userid_177,George,56,2009-06-19 17:41:48,36,8,18,""
userid_474,Alicia,232,2009-02-17 04:12:33,514,142,211,"2010,2011,2012,2015,2016,2017,2018,2019,20,20,2021"
userid_970,Enzo,99,"31 Oct 2006, 20:51",174,42,67,""
userid_1306,Alex,875,2011-12-14 23:17:41,2195,348,673,"2012,2013,2014,2015,2016"
userid_606,Tanya,963,"September 19, 2009 at 02:55 AM",1305,184,507,"2010,2011,2012,2013,2014,2015,2016,2017,2018,2019,20,20,2021"
userid_899,Jeff,410,2011-02-07 00:26:48,559,314,360,2016
userid_1465,Kelly,974,"June 13, 2008 at 08:02 PM",3614,1221,1531,2010
userid_1075,Marissa,451,2009-04-23 16:18:47,731,155,355,"2011,2012,2013,2014,2015,2016,2017,2018,2019,20,20,2021"
userid_1805,Tiffany,1247,2008-07-21 23:53:13,12594,7282,10822,"2009,2010,2011,2012,2017,2018,2019,20,20,2021"
userid_1613,Michael,1143,"July 03, 2008 at 03:27 PM",5729,3004,4698,"2010,2011,2012,2013,2014,2015,2016,2017,2018,2019,20,20,2021"
userid_1052,Danielle,30,"July 14, 2011 at 10:03 PM",33,2,11,""
userid_82,Shawn,171,2006-05-29 16:04:28,130,35,71,"2019,20,20,2021"
userid_1098,Ralph,4883,2005-07-18 06:22:37,6821,2547,3887,"2006,2007,2008,2009,2010,2011,2012,2013,2014,2015,2016,2017,2018,2019"
userid_95,Erich,644,"October 19, 2007 at 09:22 PM",615,381,294,"2012,2013,2014,2015,2016"
userid_1219,Samantha,806,"March 05, 2010 at 12:53 AM",938,275,366,"2016,2017,2018,2019,20,20,2021"
userid_1777,Katharine,482,"13 Jun 2008, 14:48",2422,529,1788,"2011,2012,2013,2014,2015,2016,2017,2018,2019,20,20,2021"
userid_1860,Jamie,554,2008-03-06 15:18:14,1199,351,685,"2009,2010,2011,2012,2013,2014,2015,2016,2017,2018,2019,20,20,2021"
userid_139,Gregory,61,"11 Mar 2011, 16:49",90,12,21,""
userid_568,Jason,123,2009-04-30 03:16:12,276,52,117,"2011,2012,2013,2014"
userid_714,Duke,1308,"August 18, 2008 at 08:13 AM",3415,1254,2344,"2010,2011,2012,2013,2014,2015,2016,2017,2018,2019,20,20,2021"
userid_1742,Amy,544,"January 14, 2007 at 04:49 PM",652,406,518,"2007,2009,2010,2016,2017,2018"
userid_717,Ashley,116,2008-11-23 18:11:47,235,57,94,""
userid_1250,Steven,1562,"August 08, 2010 at 03:05 PM",15230,5475,11599,"2010,2011,2012,2013,2014,2015,2016,2017,2018,2019,20,20,2021"
userid_1604,Jenna,293,"03 Jan 2010, 18:29",576,88,146,"2011,2012,2013,2014,2015"
userid_1541,Rae,136,"July 30, 2010 at 06:05 PM",114,33,51,""
userid_94,Von,367,2011-02-26 23:39:44,1176,380,549,"2014,2015,2016"
userid_1625,Mark,249,2012-02-02 03:33:29,116,39,57,""
userid_247,Mike,1409,2007-10-27 18:44:12,1289,417,459,""
userid_633,Emily,48,"April 16, 2008 at 04:51 PM",168,80,94,2010
userid_739,Margaret,222,"May 23, 2009 at 05:44 PM",551,287,395,"2013,2014,2015"
userid_1801,Shelly,45,"26 Jun 2011, 05:40",79,19,39,""
userid_1221,Frank,54,2010-06-05 14:17:23,58,6,17,""
userid_1134,Jacqueline,313,"30 Nov 2010, 16:09",577,122,257,""
userid_1671,Fairlane,52,"14 Aug 2009, 17:20",178,25,114,""
userid_1284,Mina,150,2009-05-29 01:49:13,663,135,405,"2011,2012,2013,2014"
userid_889,Lenny,493,"04 May 2011, 18:02",831,302,276,"2011,2012,2013,2014,2015"
userid_258,Jennifer,715,"September 13, 2008 at 07:41 PM",1992,698,680,2011
userid_18,Brandalyn,13,2011-08-02 15:37:48,17,2,5,""
userid_1282,Anne,325,2009-04-15 16:56:42,556,171,243,"2010,2011,2012"
userid_1295,Dave,187,"22 Jul 2007, 21:50",558,82,228,"2015,2016,2017,2018,2019"
userid_816,Bang,85,"13 Feb 2011, 04:15",242,133,148,"2011,2012"
userid_1325,Holly,268,"17 Jul 2011, 10:33",443,51,201,"2013,2014,2015,2016,2019,20,20,2021"
userid_1510,Bradford,253,2010-02-19 19:33:39,497,210,150,"2011,2012,2013,2014,2015"
userid_1939,Angela,375,"01 Nov 2010, 16:35",461,108,164,"2011,2012,2013,2014,2015,2016"
userid_495,Mike,128,2011-01-08 19:15:42,153,75,59,"2011,2012"
userid_1145,Gabrielle,104,2009-06-18 23:59:29,221,68,117,2010
userid_175,Stephanie,706,"12 Feb 2008, 04:04",1314,678,437,"2010,2011,2012,2013"
userid_1750,John,937,"January 14, 2010 at 06:08 PM",2611,841,1679,"2010,2011,2012,2013,2014,2015,2016,2017,20,20,2021"
userid_460,John,220,"June 20, 2009 at 06:50 PM",752,212,428,"2011,2012,2013"
userid_225,Tom,102,"March 26, 2008 at 10:31 PM",223,119,111,"2009,2010"
userid_412,Daniel,405,"August 02, 2009 at 03:06 AM",984,294,420,"2011,2012,2013,2014,2015"
userid_337,Brittany,2492,"25 Apr 2011, 17:28",18899,6267,13425,"2012,2013,2014,2015,2016,2017,2018,2019,20,20,2021"
userid_732,Martha,191,2011-01-22 16:07:48,235,57,98,"2011,2012,2013"
userid_298,Matthew,16,"November 05, 2010 at 02:02 AM",17,6,6,""
userid_1511,Kelleigh,952,"June 23, 2011 at 02:26 AM",2839,697,1257,"2012,2013,2014,2015,2016,2017,2018,2019,20,20,2021"
userid_1487,Rick,678,"03 Apr 2009, 17:09",1414,140,435,"2012,2013,2014,2015,2016,2017,2018,2019,20,20,2021"
userid_1975,Bill,2877,"December 05, 2008 at 03:54 PM",31701,18608,25966,"2009,2010,2011,2012,2013,2014,2015,2016,2017,2018,2019,20,20,2021"
userid_12,Brittany,947,2011-02-16 02:36:34,2025,627,850,"2011,2012,2013,2014,2015,2016"
userid_106,Shawn,1001,"25 Jul 2012, 20:15",1191,329,647,"2017,2018,2019,20,20,2021"
userid_1707,Julia,428,"July 10, 2006 at 05:45 PM",1976,1366,1516,"2006,2007,2008,2010,2011,2012"
userid_124,Sal,211,"18 Nov 2011, 14:31",1081,408,535,"2012,2013,2014"
userid_1954,Neal,528,"13 Nov 2008, 05:06",1835,225,465,""
userid_1576,Karen,45,"13 May 2011, 01:49",58,30,19,""
userid_421,Christopher,1405,2010-12-15 02:17:17,4150,1125,2133,"2012,2013,2014,2015,2016,2017,2018,2019,20,20,2021"
userid_1749,Aria,113,2009-02-18 02:18:25,153,27,49,""
userid_387,Leighton,253,"November 13, 2007 at 04:08 PM",312,136,103,"2014,2015,2016,2019"
userid_195,Larry,201,"January 12, 2011 at 07:35 PM",428,126,259,"2015,2016,2018"
userid_944,Michael,153,2011-10-06 14:01:46,98,24,41,"2014,2015"
userid_426,Spanky,240,2009-06-22 07:29:54,908,198,583,2014
userid_171,Rebecca,76,"July 21, 2010 at 08:03 PM",104,18,28,"2016,2017"
userid_616,Erica,800,2010-01-02 04:59:57,1571,290,671,"2012,2013,2014,2015,2016,2017,2019"
userid_382,Paul,814,"August 01, 2009 at 06:05 PM",10127,5104,8705,"2010,2011,2012,2013,2014,2015,2016,2017,2018,2019,20,20,2021"
userid_1113,Neeraj,32,2010-09-08 13:59:31,17,4,9,""
userid_163,Neen,188,"April 23, 2010 at 07:48 PM",196,26,66,"2013,2014,2015,2016"
userid_1190,Paul,643,"09 Dec 2007, 01:03",1176,854,503,""
userid_1232,Erin,411,"23 Feb 2009, 14:23",1699,459,981,"2009,2010,2011,2012,2013,2014,2015,2016,2017,2018,2019,20,20,2021"
userid_253,Thomas,168,"January 04, 2012 at 08:50 PM",161,32,57,"2012,2013,2014"
userid_1330,Leslie,41,"10 Jan 2011, 21:12",57,4,11,""
userid_360,AJ,792,"21 Jan 2009, 23:39",1893,807,815,"2012,2013,2014,2015,2016,2017,2018,2019,20,20,2021"
userid_1925,Joel,198,"December 05, 2009 at 08:36 AM",482,336,310,"2010,2011,2012,2013"
userid_976,Shercole,500,2010-07-29 16:47:16,2373,671,1265,"2010,2011,2012,2013,2014,2015,2016,2017,2018,2019,20,20,2021"
userid_1130,Tuyet-Van,28,"July 20, 2010 at 09:05 PM",64,58,28,""
userid_1271,Thomas,58,"November 01, 2010 at 02:19 PM",48,6,4,""
userid_1407,Gianotti,37,2009-11-17 19:45:27,59,20,32,""
userid_1457,Jo,78,"July 02, 2011 at 06:39 PM",498,567,287,"2011,2012"
userid_754,Brie,14,2010-12-14 20:24:07,47,14,16,""
userid_1400,Krista,381,2011-05-30 01:29:42,863,179,232,"2012,2013,2014,2015,2019,20,20,2021"
userid_157,Natasha,15,"November 15, 2011 at 03:41 PM",17,2,4,""
userid_1883,Vernon,277,"17 Jan 2012, 02:13",328,78,108,"2015,2016,2017,2018,2019,20,20,2021"
userid_1647,Scot,237,"12 Feb 2011, 01:00",594,149,311,"2012,2013,2014,2015"
userid_1039,Teri,577,"April 23, 2009 at 10:23 PM",1432,971,409,""
userid_1839,Michael,1135,2010-10-04 00:51:38,24381,6808,18391,"2013,2014,2015,2016,2017,2018,2019,20,20,2021"
userid_1680,Teri,101,"09 Nov 2009, 15:18",168,57,69,2011
userid_535,Richard,205,2010-05-21 22:41:54,503,186,181,"2019,20,20,2021"
userid_937,Robert,159,"October 16, 2009 at 04:29 PM",488,64,168,"2011,2012,2013,2014"
userid_1574,Lupe,436,"25 Sep 2008, 19:35",1123,381,589,"2011,2012,2013,2014,2015,2016,2017"
userid_1966,Raechel,310,"21 Jun 2012, 22:45",787,175,396,"2012,2013,2014,2015,2016,2017,2018,2019,20,20,2021"
userid_1621,Virginia,991,"17 Jul 2009, 23:51",9121,3517,6684,"2013,2014,2015,2016,2017,2018,2019,20,20,2021"
userid_1117,Kai,79,2011-11-26 21:54:19,254,53,84,"2013,2014,2015"
userid_503,Don,77,"11 Jul 2008, 13:21",188,146,139,"2008,2010"
userid_1377,Kate,101,"March 11, 2009 at 02:14 PM",308,165,180,"2009,2010"
userid_260,Michelle,89,2009-06-30 06:06:07,133,75,66,2012
userid_463,Ian,49,"05 Jul 2012, 15:33",125,64,66,"2013,2014"
userid_864,Jeff,4,"18 Aug 2010, 09:59",2,0,0,""
userid_17,DeAnna,1019,2009-04-17 13:38:22,1847,419,770,"2011,2012,2013,2014,2015,2016,2017,2018,2019,20,20,2021"
userid_1769,Caroline,187,"April 22, 2012 at 01:15 AM",493,138,226,"2012,2013,2014,2015"
userid_206,Charmie,285,2011-02-25 23:50:28,241,65,49,"2012,2013,2014"
userid_1581,Seungha,53,"09 Jan 2011, 16:40",98,31,19,""
userid_346,Mike,378,2009-04-23 15:50:07,499,120,218,2012
userid_33,Kris,900,"August 10, 2010 at 03:55 PM",1768,363,558,"2012,2013,2014,2015,2016,2017,2018,2019,20,20,2021"
userid_180,Tom,164,"August 16, 2009 at 07:19 PM",323,170,235,2010
userid_1921,Joe,14,"08 Oct 2011, 00:36",40,3,11,""
userid_1855,Clarice,520,"09 Jul 2010, 06:06",1127,546,708,"2011,2012,2013,2014,2015,2016,2017,2018"
userid_574,Jessica,330,"September 04, 2010 at 10:13 PM",974,308,452,"2010,2011,2012,2013,2014,2015,2016,2017"
userid_1683,Jodie,45,"07 Mar 2012, 16:33",125,21,74,""
userid_488,Lindsey,374,"23 May 2010, 04:25",601,180,196,"2017,2018,2019,20,20,2021"
userid_1489,H,135,"12 Oct 2009, 19:59",758,319,407,""
userid_348,Steve,132,"January 17, 2011 at 10:14 PM",86,23,18,""
userid_1193,Keith,216,"September 16, 2010 at 02:28 AM",369,32,153,""
userid_599,Shereen,734,"25 Apr 2012, 20:41",1871,430,902,"2012,2013,2014,2015,2016,2017,2018,2019,20,20,2021"
userid_1536,Lynn,27,"July 01, 2010 at 12:57 AM",65,13,29,""
userid_1459,Kara,79,2007-02-19 03:30:32,141,26,59,""
userid_1551,Christy,1444,2011-06-04 13:35:40,37564,23181,35684,"2015,2016,2017,2018,2019,20,20,2021"
userid_1915,K,240,"05 Nov 2008, 03:44",226,95,63,""
userid_481,Lianna,1377,"September 13, 2010 at 03:10 PM",4456,1253,2423,"2011,2012,2013,2014,2015,2016,2017,2018,2019,20,20,2021"
userid_1421,Andy,150,2009-10-07 19:28:09,281,37,101,"2010,2011,2012"
userid_1115,Loni,170,"01 Aug 2011, 13:57",300,42,100,"2013,2014,2015"
userid_912,Bradford,270,"July 31, 2010 at 03:35 AM",534,107,152,"2012,2013,2014"
userid_949,Joe,302,"February 16, 2009 at 09:47 PM",777,173,245,"2013,2014,2015,2016"
userid_1276,Jason,462,"20 Nov 2008, 12:59",1159,368,759,"2014,2015,2016,2017,2018,2019,20,20,2021"
userid_1176,Jeff,175,2010-03-24 16:46:09,190,71,49,"2011,2012"
userid_996,Dianna,3322,2011-12-05 05:09:41,10382,4927,8225,"2013,2014,2015,2016,2017,2018,2019,20,20,2021"
userid_550,Jon,854,2009-06-05 20:34:39,2118,423,922,"2011,2012,2013,2014,2015,2016,2017,2018,2019,20,20,2021"
userid_679,Eileen,31,"May 28, 2011 at 05:02 AM",56,5,14,""
userid_670,Kati,167,"May 18, 2009 at 04:55 PM",167,81,58,2010
userid_330,Andrew,86,"July 16, 2009 at 11:14 PM",94,18,39,""
userid_1079,Michael,607,"October 26, 2011 at 12:55 PM",1823,392,969,"2012,2013,2014,2015,2016,2017,2018,2019,20,20,2021"
userid_1042,Tiffany,175,"July 08, 2010 at 02:21 AM",314,64,107,"2017,2018,2021"
userid_1941,Catherine,377,"May 11, 2011 at 05:39 PM",545,134,184,"2011,2012,2013,2014,2015"
userid_884,Krifka,155,2011-09-26 14:29:30,192,39,74,""
userid_1737,Brian,945,"26 Mar 2010, 19:53",2872,434,1668,"2013,2014,2015,2016,2017,2018,2019,20,20,2021"
userid_1309,Kris,32,"07 Sep 2009, 22:20",34,4,9,""
userid_725,Ophelia,966,"26 Jun 2008, 22:02",9937,2554,7255,"2013,2014,2015,2016,2017,2018,2019,20,20,2021"
userid_900,Marcia,53,"04 Feb 2010, 21:28",73,6,38,""
userid_867,Eddie,69,"12 Mar 2011, 05:18",104,18,25,""
userid_307,Theresa,41,"14 Jun 2011, 23:39",15,1,6,""
userid_371,Amanda,149,2008-08-10 00:28:31,228,47,112,"2009,2010"
userid_442,Ted,42,2011-04-17 16:27:25,50,12,14,""
userid_20,Jay,61,"August 12, 2009 at 04:32 PM",41,22,32,""
userid_1049,Abby,735,2011-03-22 01:46:40,1617,307,807,"2013,2014,2015,2016,2017,2018,2019,20,20,2021"
userid_1121,Jamie,307,"21 Jan 2011, 21:09",407,155,146,"2012,2013,2014,2015,2016"
userid_747,Glenn,18,"November 08, 2008 at 10:52 PM",30,3,7,""
userid_890,Alicia,15,"01 Aug 2011, 18:20",32,4,4,""
userid_1836,Melony,666,2010-06-13 14:58:56,6230,2402,4921,"2014,2015,2016,2017,2018,2019,20,20,2021"
userid_1854,Brian,331,"29 Mar 2012, 13:49",511,316,164,"2012,2013,2014,2015,2016"
userid_380,matthew,279,"January 23, 2009 at 08:30 PM",590,194,280,2009
userid_983,Manchu,90,"November 11, 2011 at 01:59 AM",475,338,119,""
userid_1809,Kat,20,2012-07-26 21:30:40,32,9,10,""
userid_325,Angie,54,"09 Apr 2012, 21:28",88,22,20,""
userid_1071,Carol,745,"03 Jun 2009, 16:15",1547,370,433,"2012,2013,2014,2015,2016,2017,2018,2019,20,20,2021"
userid_828,Kathi,96,"February 05, 2010 at 01:08 AM",203,55,54,""
userid_1166,Greg,255,"20 Nov 2011, 15:01",215,43,66,"2012,2013,2014"
userid_456,Frank,116,"21 Apr 2009, 22:51",120,24,26,""
userid_558,Myrrh,28,2010-10-25 17:25:22,47,24,16,""
userid_13,Marguerite,16,2010-11-16 23:20:51,28,1,10,""
userid_960,Jessica,8,"04 Apr 2013, 02:24",27,9,15,""
userid_1958,Nancy,60,2010-06-26 21:11:26,60,19,14,""
userid_1359,Jack,834,2009-10-02 00:00:31,1203,465,326,""
userid_1845,Jason,857,"January 13, 2011 at 09:13 PM",1166,425,629,"2011,2012,2013,2014,2015,2016,2017,2018,2019,20,20,2021"
userid_1835,Kelly,97,2007-06-06 18:24:15,286,35,169,"2008,2009,2010,2011"
userid_1547,Megan,90,"November 20, 2010 at 03:20 PM",374,134,162,"2012,2013"
userid_1481,Maria,425,2009-11-01 22:04:32,1640,527,937,"2015,2016,2017,2018,2019,20,20,2021"
userid_196,John,233,2010-11-23 05:53:23,250,70,131,"2011,2012,2013,2014,2015,2016"
userid_1156,Dione,17,2011-12-28 22:40:45,18,8,10,""
userid_1813,Lori,121,2007-01-08 02:52:48,117,26,38,""
userid_118,Missi,552,2010-03-26 12:11:57,1750,238,881,"2014,2015,2016,2017,2018,2019,20,20,2021"
userid_115,Jackie,51,"28 Mar 2010, 23:26",80,28,40,""
userid_835,Cat,5,"April 15, 2011 at 08:46 PM",30,2,5,""
userid_1185,Andy,421,"December 09, 2011 at 03:19 PM",422,66,190,""
userid_373,Amanda,208,2008-12-01 16:23:17,356,46,176,2009
userid_941,Lizzy,454,"September 20, 2011 at 08:37 PM",929,219,560,"2012,2013,2014,2015,2016,2017,2018,2019,20,20,2021"
userid_561,Stosha,86,"24 Feb 2009, 21:24",232,69,61,"2009,2010"
userid_1194,Suzanne,29,2012-07-26 19:45:12,22,2,4,""
userid_9,Richard,642,2011-07-03 06:57:40,770,165,243,"2011,2012,2013,2014"
userid_342,Caleb,17,"04 Jul 2011, 18:54",50,27,34,""
userid_749,Liz,51,"July 07, 2008 at 07:01 PM",118,29,28,""
userid_345,Kimberly,106,"01 Jun 2009, 21:42",208,42,55,"2016,2017,2018"
userid_1476,KhanhMy,407,"May 23, 2013 at 02:15 PM",322,74,145,2021
userid_53,Phil,1074,"31 Jan 2010, 17:44",1845,164,598,"2015,2016,2017,2018,2019,20,20,2021"
userid_822,Shelley,276,"14 Oct 2011, 20:24",242,26,64,""
userid_1792,Christina,256,"January 27, 2012 at 04:15 PM",366,130,87,"2015,2016"
userid_1065,Layla,41,"March 31, 2011 at 06:47 PM",70,27,23,""
userid_405,Jesse,31,"29 Feb 2012, 02:51",14,22,0,""
userid_787,Danielle,290,"13 May 2009, 01:24",579,215,302,"2017,2018,2019,20,20,2021"
userid_272,Andrew,2,2011-08-28 23:59:00,2,0,0,""
userid_248,Maura,31,"21 Feb 2012, 18:33",42,13,12,""
userid_1296,Melissa,136,2009-06-22 21:45:05,243,81,107,2010
userid_1724,Brice,4,"October 13, 2009 at 12:26 AM",1,0,0,""
userid_1209,Becky,3,2011-01-26 23:56:19,2,0,0,""
userid_397,Kevin,23,2011-03-17 17:41:20,15,2,3,""
userid_1320,Amber,103,"October 30, 2007 at 08:27 PM",265,95,82,"2010,2011"
userid_1103,Julia,316,2011-08-26 00:46:15,380,94,173,"2013,2014,2015,2016,2017,2018,2019,20,20,2021"
userid_1785,Casey,137,"February 05, 2012 at 04:42 PM",152,18,43,"2012,2013,2014"
userid_1160,David,19,"03 Apr 2010, 03:45",64,19,18,""
userid_1573,Natalie,30,"November 25, 2012 at 02:03 AM",36,2,7,""
userid_1831,Brian,5,2009-09-12 18:15:56,4,0,0,""
userid_236,Ron,492,"March 16, 2010 at 03:18 AM",1036,222,373,"2014,2015,2016,2017,2018,2019,20,20,2021"
userid_1336,Sanita,501,2011-04-14 04:17:51,2002,624,1472,"2014,2015,2016,2017,2018,2019,20,20"
userid_1430,Tiffany,655,2011-03-23 20:49:36,1222,280,462,"2012,2013,2014,2015,2016,2017,2018,2019,20,20,2021"
userid_1834,Philip,104,2012-05-27 04:23:00,96,7,45,""
userid_1929,Seth,59,"01 Dec 2012, 16:40",85,34,21,""
userid_471,Adam,247,"November 18, 2011 at 06:50 PM",577,147,200,""
userid_855,Ali,701,"May 25, 2012 at 10:24 AM",1453,235,954,"2012,2013,2014,2015,2016,2017,2018,2019,20,20,2021"
userid_1445,Dean,71,"October 24, 2009 at 10:35 PM",75,21,19,"2010,2011"
userid_291,Jeremy,62,2011-11-12 22:51:23,39,9,12,""
userid_357,Denny,584,2010-08-11 22:15:35,921,239,498,"2014,2015,2016,2017,2018,2019,20,20,2021"
userid_878,Sean,66,2011-07-15 03:07:11,42,11,23,""
userid_385,Catherine,43,"31 May 2010, 15:34",50,9,7,""
userid_1659,Son,87,2011-03-03 20:58:20,66,14,13,""
userid_1041,Michelle,65,"15 Jan 2012, 16:14",53,10,31,""
userid_1236,Eugene,30,2012-06-01 22:55:11,140,29,22,""
userid_313,Dion,75,2011-03-26 15:40:07,121,33,21,""
userid_1535,Curtis,18,"May 12, 2009 at 04:25 AM",4,1,2,""
userid_1697,Amy,40,"01 Aug 2011, 14:49",75,7,16,""
userid_885,Dina,134,"September 10, 2011 at 02:39 AM",185,35,51,2016
userid_1183,Zach,106,"11 Nov 2011, 22:26",115,26,37,""
userid_398,Aaron,768,2013-01-21 16:19:26,6571,1853,4294,"2013,2014,2015,2016,2017,2018,2019"
userid_506,Karen,15,"23 Sep 2010, 22:26",12,3,8,""
userid_769,Therese,15,2012-03-11 17:16:11,12,0,5,""
userid_1268,Shannon,109,"22 Sep 2011, 13:57",141,58,56,""
userid_1340,Marissa,572,"23 Jan 2011, 00:58",496,178,189,"2014,2015,2016"
userid_1204,Nicole,56,2010-12-23 03:22:04,129,23,24,""
userid_486,Erin,28,"February 04, 2012 at 03:41 AM",60,9,36,""
userid_882,Kate,116,"June 09, 2012 at 02:31 AM",99,19,48,"2012,2013,2014,2015"
userid_612,Sarah,190,2010-06-13 18:44:34,411,151,221,"2013,2014,2015,2016,2017"
userid_1566,Lauren,16,"July 05, 2011 at 04:39 PM",24,3,11,""
userid_790,Michelle,1402,2010-04-19 19:23:27,6628,2105,3901,"2013,2014,2015,2016,2017,2018,2019,20,20,2021"
userid_690,Sunny,389,"17 Sep 2010, 17:24",489,116,202,"2014,2015,2016,2017,2018,2019"
userid_1482,Lauren,30,"05 Jan 2013, 22:22",75,20,34,""
userid_1608,Cristina,236,2010-02-10 22:17:03,217,25,108,"2016,2017,2018,2019,20,20,2021"
userid_1435,Adam,123,"11 Aug 2009, 18:48",152,48,48,"2013,2014,2015,2018"
userid_1580,Lisa,161,2012-12-12 16:11:48,207,58,65,"2013,2014"
userid_1414,Lisa,18,2010-07-12 16:29:17,10,3,6,""
userid_473,Johanna,123,2011-08-20 03:01:55,63,9,16,"2013,2014"
userid_826,Peter,33,"October 01, 2008 at 01:18 AM",39,24,19,""
userid_149,Michael,261,"January 20, 2012 at 02:51 PM",163,32,44,""
userid_608,Jennifer,39,"August 10, 2010 at 09:49 PM",44,10,15,""
userid_909,Mandi,85,"January 24, 2012 at 10:33 PM",120,36,64,"2016,2017"
userid_37,Bobby,7,2012-10-18 14:01:36,10,6,1,""
userid_1817,Landon Drake,123,"10 May 2012, 02:18",231,77,105,"2016,2017,2018"
userid_601,Ben,1315,"12 Apr 2010, 01:18",6129,2464,3926,"2013,2014,2015,2016,2017,2018,2019,20,20,2021"
userid_1748,Christina,104,"23 May 2012, 16:58",241,43,65,"2013,2014"
userid_967,Marcella,20,"12 Jul 2012, 14:34",23,1,1,""
userid_1928,Sean,101,"20 Sep 2010, 20:06",76,25,25,""
userid_887,Come And Get It,94,"February 19, 2011 at 09:04 PM",105,21,19,""
userid_1321,Lisa,119,"November 29, 2010 at 04:02 PM",98,25,14,""
userid_766,Cortland,19,"15 Aug 2009, 03:30",6,1,3,""
userid_1549,Andrew,11,2012-09-12 17:55:53,14,3,4,""
userid_946,Eric,33,"09 Dec 2011, 22:47",38,11,23,""
userid_1251,Joshua,61,"September 30, 2012 at 05:32 PM",160,52,107,2012
userid_1104,Christina,430,2011-01-26 15:22:21,3011,1052,2151,"2017,2018,2019"
userid_160,Klevin,306,"19 Jun 2009, 19:36",281,272,137,"2013,2014,2015"
userid_1979,Preston,40,"13 Dec 2011, 21:29",36,10,17,""
userid_1349,Josh,45,"29 Jul 2012, 03:53",53,6,29,""
userid_1417,Andrew,1128,2010-07-26 15:37:08,976,356,215,"2010,2011,2012,2013,2014,2015,2016,2017"
userid_1322,Cole,39,"11 Dec 2009, 14:29",42,2,19,""
userid_1454,Wesley,164,"December 09, 2012 at 05:22 AM",295,56,118,"2014,2015,2016,2017,2018,2019"
userid_684,Gaz,1285,"11 May 2009, 14:03",874,350,392,"2011,2012,2013,2014,2015,2016,2017,2018"
userid_788,Lianne,1410,2006-10-18 04:54:13,7994,4052,5787,"2016,2017,2018,2019,20,20,2021"
userid_1053,Paul,22,"25 Jan 2012, 01:05",20,8,5,""
userid_89,Tyler,79,2010-10-14 12:16:47,94,17,42,"2016,2017"
userid_1690,Desiree,146,"December 05, 2010 at 12:25 AM",138,24,53,"2016,2017,2018"
userid_1964,Hannah,25,2012-07-26 19:12:04,35,15,6,""
userid_1824,Marichris,49,"May 20, 2012 at 08:36 PM",35,2,11,""
userid_1914,Dave,14,2010-12-16 16:39:37,16,4,9,""
userid_1293,Patricia,54,"June 04, 2010 at 11:08 PM",43,8,7,""
userid_906,Lydia,339,"29 Jun 2011, 14:22",819,162,412,"2015,2016,2017,2018,2019,20,20,2021"
userid_1437,Gloria,152,"October 02, 2009 at 05:00 AM",214,43,21,""
userid_1926,Maggie,19,"15 Dec 2008, 22:24",14,2,5,""
userid_262,A,54,"January 28, 2013 at 05:17 AM",56,5,20,""
userid_1778,Nichole,81,2012-07-02 00:45:22,140,17,63,"2013,2014"
userid_720,Fam,142,2010-11-25 19:00:56,393,82,113,""
userid_1451,Frank,26,"April 19, 2011 at 01:35 AM",8,2,1,""
userid_1687,Andrew,10,2012-12-25 23:16:12,1,0,1,""
userid_58,Joshua,437,2012-06-30 18:56:10,459,90,181,"2013,2014,2015,2016,2017,2018,2019,20,20,2021"
userid_1029,Candace,35,2011-05-16 18:22:11,35,7,21,""
userid_1733,Kevin,61,"15 Dec 2011, 17:27",25,10,8,""
userid_1891,Jim,199,"July 05, 2011 at 02:31 PM",75,15,10,""
userid_716,John,590,"08 May 2011, 16:43",2202,414,1352,"2014,2015,2016,2017,2018,2019,20,20,2021"
userid_500,Mary,12,2011-10-07 03:13:40,16,0,3,""
userid_1525,Chris,68,"August 19, 2011 at 11:47 PM",60,7,12,""
userid_1628,Michael,315,"March 28, 2011 at 01:39 AM",582,216,309,"2017,2018,2019,20,20,2021"
userid_408,D,916,2006-11-13 04:34:35,702,218,291,""
userid_1660,Zachary,31,2012-01-08 01:56:18,21,5,4,""
userid_354,Fifi,71,"February 12, 2010 at 02:53 AM",34,3,4,""
userid_674,Heather,153,"September 20, 2011 at 04:00 AM",321,78,91,2015
userid_1152,Klaus,60,"15 Nov 2011, 02:39",41,3,11,""
userid_845,Steven,38,"20 Mar 2011, 03:15",98,57,32,""
userid_646,Gigi,659,2012-06-12 21:27:11,1567,1184,1271,"2013,2014,2015,2016,2017"
userid_1413,Tiffany,141,"16 Sep 2011, 04:34",266,63,32,""
userid_79,Kevin,33,"June 06, 2012 at 02:42 AM",34,7,7,""
userid_44,Michael,519,2011-01-15 07:47:13,7013,3586,5911,"2014,2015,2016,2017,2018,2019,20,20,2021"
userid_1327,Dave,14,"15 Jan 2012, 00:30",18,2,7,""
userid_803,Matt,552,2010-02-19 04:39:38,700,106,225,"2013,2014,2015,2016,2017,2018,2019,20,20,2021"
userid_287,Chris,95,"29 Mar 2012, 22:41",144,33,46,"2012,2013,2014"
userid_1654,Gordon,26,"February 26, 2012 at 08:40 AM",13,0,3,""
userid_146,Ross,22,2011-07-23 15:38:18,12,0,4,""
userid_395,Joe,304,2010-08-01 00:04:10,327,107,101,2012
userid_549,Kathleen,2180,2012-07-07 18:25:03,9104,3421,5883,"2013,2014,2015,2016,2017,2018,2019,20,20,2021"
userid_1718,Amanda,38,2011-05-29 18:51:36,65,6,11,""
userid_1311,Dee,956,"June 25, 2010 at 07:42 AM",5347,1277,2820,"2013,2014,2015,2016,2017,2018,2019,20,20,2021"
userid_1787,Maria,22,2011-08-08 07:28:47,49,9,4,""
userid_1047,Jenn,152,2012-05-07 04:31:39,204,30,103,"2015,2016,2017,2018,2019,20,20,2021"
userid_829,Steve,45,"12 Feb 2012, 06:59",27,8,5,""
userid_849,Chaz,232,"09 Jul 2013, 03:22",293,52,137,"2017,2018,2019,20,20,2021"
userid_138,Roopa,518,"November 08, 2013 at 06:02 PM",594,168,246,""
userid_363,Lauren,18,"March 12, 2013 at 01:33 PM",15,7,3,""
userid_689,Andreina,213,"February 05, 2012 at 12:55 AM",191,33,79,"2017,2018,2019,20,20,2021"
userid_1172,Laila,25,"23 Oct 2018, 16:18",9,0,0,""
userid_251,Jim,456,2011-01-26 14:32:16,895,172,471,"2013,2014,2015,2016,2017,2018,2019,20,20,2021"
userid_1903,Elan,61,"March 12, 2014 at 05:52 PM",93,22,41,""
userid_461,Donna,1424,"10 Nov 2012, 03:11",24156,10418,23939,"2014,2015,2016,2017,2018,2019,20,20,2021"
userid_277,Megan,7,"December 01, 2012 at 04:34 AM",4,1,3,""
userid_14,Christopher,699,"July 06, 2013 at 02:03 AM",1240,357,679,"2014,2015,2016,2017,2018"
userid_1592,Nat,47,"January 10, 2013 at 09:56 PM",16,3,15,""
userid_1308,Rob,212,2011-12-30 23:21:11,416,27,259,"2015,2016,2017,2019,20,20,2021"
userid_1820,Lee,556,"August 18, 2011 at 06:54 PM",559,63,326,"2015,2016,2017,2018,2019,20,20,2021"
userid_312,Neil,426,"December 29, 2013 at 09:54 PM",235,68,141,"2017,2018,2019,20,20,2021"
userid_680,Lauren,545,2012-10-19 12:29:59,873,114,510,"2013,2014,2015,2016,2017,2018,2019,20,20"
userid_614,Lola,783,"27 Sep 2011, 19:24",1050,239,180,2016
userid_1829,mister,101,"29 Jul 2009, 05:06",122,54,25,""
userid_1128,Brandon,12,"May 07, 2011 at 06:00 AM",13,3,4,""
userid_1335,Gene,15,"April 29, 2014 at 06:59 PM",9,1,4,""
userid_1314,Michael,24,"14 Nov 2012, 20:47",8,2,1,""
userid_1399,Katherine,656,2017-07-16 11:40:49,3816,1198,3402,"2017,2018,2019,20,20,2021"
userid_1231,Ashley,1110,"14 Sep 2016, 00:32",2871,672,2410,"2017,2018,2019,20,20,2021"
userid_1044,Ilea,115,"14 Apr 2014, 22:46",292,96,120,"2014,2015"
userid_6,Gerald,3131,"December 16, 2012 at 11:26 PM",61899,31999,48327,"2013,2014,2015,2016,2017,2018,2019,20,20,2021"
userid_377,Jessica,193,2014-10-21 18:18:26,302,103,194,"2017,2018,2019,20,20,2021"
userid_1132,Anne,154,"January 07, 2013 at 10:04 AM",142,50,125,"2019,20,20,2021"
userid_1568,Day,170,"June 29, 2010 at 02:29 PM",237,59,47,""
userid_122,Lauren,874,"30 Sep 2012, 00:01",1658,355,589,"2012,2013,2014,2015,2016,2017,2018,2019"
userid_1731,Amanda,206,2011-05-13 21:43:25,286,40,195,"2016,2017,2018,2019,2021"
userid_1191,Chris,170,2012-05-06 21:12:56,227,53,81,"2017,2018,2019"
userid_1499,sara,37,"01 Jul 2009, 14:28",68,7,11,""
userid_1429,Samson,248,2012-08-19 22:55:20,612,302,281,"2014,2015,2016,2017"
userid_1506,Barbara,109,"February 13, 2012 at 11:18 PM",331,97,107,"2014,2015"
userid_1493,Steve,49,2012-01-09 22:08:19,44,7,26,""
userid_1995,T. M.,22,"February 03, 2010 at 10:54 AM",32,15,12,""
userid_1189,William,9,"July 27, 2011 at 03:55 PM",10,2,3,""
userid_1996,Adamal,171,"14 Nov 2011, 04:09",417,149,201,""
userid_877,Zujey,67,2018-04-09 23:15:32,74,10,10,""
userid_753,Nikki,230,2013-02-28 23:00:53,416,165,247,"2013,2014,2015,2016,2017,2018"
userid_1114,Lazarus,1,"January 12, 2013 at 06:10 PM",6,0,0,""
userid_765,Kong,1048,2015-01-14 06:29:09,2143,565,1436,"2016,2017,2018,2019,20,20,2021"
userid_664,Matt,168,"September 09, 2013 at 01:12 AM",305,130,168,"2014,2015"
userid_181,Patricia,611,"May 27, 2014 at 08:57 PM",4734,2088,3602,"2017,2018,2019,20,20,2021"
userid_1837,Marissa,121,2010-09-14 22:27:20,92,24,32,"2019,20,20,2021"
userid_1447,Tina,930,"October 22, 2013 at 01:50 AM",1780,320,1205,"2014,2015,2016,2017,2018,2019,20,20,2021"
userid_1721,Van,105,2013-04-12 12:22:20,232,60,136,"2016,2017,2019,20,20,2021"
userid_659,Altinay,189,"16 Jun 2014, 07:17",194,52,113,"2018,2019"
userid_1602,K,59,"07 Jan 2008, 05:29",46,6,11,""
userid_1337,Christine,24,"30 Sep 2012, 03:58",36,2,25,""
userid_901,Lili,89,"July 12, 2013 at 08:22 PM",180,30,42,"2014,2015"
userid_154,Dione,17,"June 09, 2013 at 09:22 PM",7,1,1,""
userid_1858,Josh,48,"November 21, 2013 at 02:24 PM",111,9,61,"2015,2016,2017"
userid_590,Thomas,5,"18 Aug 2014, 14:22",1,0,1,""
userid_1962,Peter,42,"23 Feb 2013, 06:16",39,2,10,""
userid_640,Jessie,37,2012-02-06 14:47:33,31,2,5,""
userid_1434,Gregg,10,"26 May 2013, 21:45",2,0,0,""
userid_1528,Gloria,677,"June 05, 2014 at 03:44 PM",795,160,374,"2018,2019,20,20,2021"
userid_1886,Selma,35,"June 03, 2011 at 08:40 PM",39,8,9,""
userid_66,Sarah,126,"April 06, 2010 at 03:11 PM",538,49,307,"2016,2017,2018,2019"
userid_276,Garth,65,"October 30, 2011 at 12:46 AM",104,20,44,""
userid_389,C,12,2011-08-09 01:22:41,10,1,0,""
userid_341,Valarie,243,"21 Nov 2015, 16:34",210,22,69,"2016,2017,2018,2019,20,20,2021"
userid_576,David,19,2010-06-19 15:47:26,37,13,12,""
userid_376,Shelby,3,"31 Mar 2013, 00:58",6,0,0,""
userid_1764,Anna,163,"17 Jul 2012, 12:34",335,51,192,"2013,2014,2015,2016,2017,2018"
userid_343,Chaz,8,"02 Feb 2016, 04:30",1,0,0,""
userid_1784,Michaelle,109,"13 Oct 2012, 19:31",224,62,107,"2013,2014,2015"
userid_1354,Brittany,592,"July 03, 2011 at 12:03 AM",393,99,172,""
userid_1195,John,95,2014-09-13 23:39:11,202,34,43,"2015,2016"
userid_1637,Desiree,11,"23 Mar 2014, 23:29",15,5,9,""
userid_59,Mary,90,"19 Apr 2013, 16:10",70,10,51,"2013,2014"
userid_705,Ryan,5,2014-06-01 21:01:17,5,0,0,""
userid_915,Jodie,45,"August 16, 2011 at 02:33 AM",57,12,52,"2018,2019,20,20"
userid_349,Adela,134,"14 Apr 2013, 01:28",289,67,109,"2018,2019,20,20,2021"
userid_902,Alexa,107,2014-05-01 23:37:30,124,13,60,2017
userid_105,Jennifer,311,"March 08, 2013 at 06:38 PM",876,244,432,"2015,2016,2017,2018,2019"
userid_746,Rita,179,2016-06-23 01:59:28,205,27,55,"2017,2018,2019,20,20,2021"
userid_472,Ali,113,"03 Oct 2012, 23:08",111,14,33,"2015,2016"
userid_1999,Carrie,253,"12 Mar 2017, 19:24",169,27,83,"2018,2019,20,20,2021"
userid_1277,Liz,80,2015-01-24 18:32:47,134,43,45,"2015,2016"
userid_706,Merc,10,"31 Oct 2012, 23:04",7,1,4,""
userid_1294,Gary,173,"October 25, 2010 at 11:44 AM",109,8,72,""
userid_239,Heather,4,2015-03-20 13:06:07,6,0,0,""
userid_1665,How,18,"03 Nov 2013, 23:38",4,0,1,""
userid_174,Jennifer,16,"03 Jan 2011, 13:30",18,1,0,""
userid_1146,diane,122,"February 01, 2010 at 03:02 PM",141,37,42,""
userid_109,Kelly,117,2012-02-05 17:00:15,264,32,82,"2014,2015,2016"
userid_955,Omotore,10,2013-06-05 18:43:26,7,0,0,""
userid_965,Kelly,14,"21 Apr 2013, 20:58",9,1,4,""
userid_1302,Jessica,60,"05 Apr 2010, 15:46",11,1,3,""
userid_321,Ummi NomNom,45,"March 06, 2012 at 12:57 AM",169,78,19,""
userid_681,Mark,439,"25 Oct 2012, 13:51",451,34,296,"2015,2016,2017,2018,2019,20,20,2021"
userid_454,Jenny,199,2012-03-17 22:39:31,303,50,105,"2015,2016,2017,2018"
userid_1056,Gabbie,30,2012-09-22 22:56:39,42,2,9,""
userid_1387,Nyky,63,"July 18, 2014 at 04:02 PM",101,17,52,""
userid_1345,Sarita,249,2015-07-30 16:52:47,433,73,148,"2016,2017,2018,2019,20,20,2021"
userid_267,Blake,329,2015-10-05 20:13:50,263,39,80,"2018,2019,20,20,2021"
userid_972,Deanne,232,2015-03-23 12:00:43,145,21,60,"2016,2017,2018,2019,20,20,2021"
userid_1046,Annie,74,"14 May 2013, 22:05",95,15,22,""
userid_434,Sarah,95,"October 22, 2010 at 03:03 PM",309,115,54,"2014,2015"
userid_1233,Christina,209,"22 Dec 2013, 22:04",325,69,119,"2015,2016,2017"
userid_966,Lilith,2,2017-03-11 16:52:00,2,0,0,""
userid_581,Stuart,27,"09 Feb 2013, 15:51",12,1,3,""
userid_1488,Debbie,4,2011-02-22 22:14:47,2,0,0,""
userid_99,Leslie,285,"November 26, 2014 at 11:29 PM",375,75,122,"2017,2018,2019,20,20,2021"
userid_933,Tatiana,23,"03 Jun 2013, 02:31",20,2,11,""
userid_1412,Bob,747,"08 Oct 2013, 00:17",1883,361,661,"2016,2017,2018,2019,20,20,2021"
userid_1754,Kimberly,5,"April 24, 2009 at 04:50 PM",8,1,3,""
userid_1726,Charmyra,178,2015-01-15 22:24:07,99,18,33,"2018,2019,20,20,2021"
userid_1508,Mary,120,2012-04-25 13:56:00,127,23,30,""
userid_1706,Josephine,67,"April 20, 2014 at 07:47 PM",65,25,40,"2015,2016"
userid_1073,Tara Kathleen,10,"16 Mar 2013, 19:12",9,0,3,""
userid_1691,Mel,141,"14 Nov 2012, 14:05",119,41,79,"2019,20,20,2021"
userid_1503,Jeff,56,2011-12-26 19:33:23,39,13,18,""
userid_1655,Leticia,28,"18 Oct 2013, 19:50",32,4,2,""
userid_505,Jameela,4,"September 10, 2016 at 08:02 PM",1,0,0,""
userid_1188,Sedona,17,"15 Dec 2013, 22:04",26,0,0,""
userid_1491,Kristine,11,"May 16, 2017 at 05:09 PM",4,0,0,""
userid_656,Amy,33,2013-10-31 14:26:15,24,2,11,""
userid_1212,Cyn,210,"August 01, 2013 at 01:03 AM",527,134,341,"2016,2017,2018,2019,20,20,2021"
userid_490,Wayne,100,2013-12-06 02:06:06,84,18,31,""
userid_520,Corey,349,"May 23, 2017 at 12:18 AM",243,40,97,"2017,2018,2019,20,20,2021"
userid_1403,Ellie,18,2014-05-14 18:15:08,31,8,1,""
userid_920,Kelly,17,"November 10, 2014 at 04:24 PM",16,3,5,""
userid_1969,Denise,24,2012-02-09 00:23:01,19,3,8,""
userid_904,Aquiles,8,"16 Aug 2013, 07:02",16,2,3,""
userid_98,Monica,68,"28 Mar 2012, 15:38",113,13,5,""
userid_700,Paula,51,"02 Jul 2012, 02:19",57,8,20,""
userid_201,James,69,"12 Jun 2009, 23:32",53,8,6,""
userid_487,Boriana,93,"March 12, 2012 at 07:24 PM",97,11,44,"2017,2018,2019"
userid_924,Victoria,104,"05 Jul 2013, 13:44",149,23,55,"2015,2016,2017"
userid_1100,Andrew,18,"30 Jul 2013, 16:05",12,3,4,""
userid_567,Cassie,224,2014-05-08 07:29:17,399,72,146,"2016,2017,2018,2019,20,20,2021"
userid_1781,t,45,"November 01, 2009 at 04:41 AM",28,8,6,""
userid_1014,Jonny,106,2011-12-11 20:33:20,185,129,64,""
userid_1546,Linda,349,"18 Oct 2012, 00:34",441,37,267,"2015,2016,2017,2018,2019,20,20,2021"
userid_898,Tuyen,92,"January 15, 2016 at 06:33 PM",190,30,52,"2017,2018,2019,20,20,2021"
userid_1229,Zack,3,2014-01-18 18:59:50,1,0,1,""
userid_202,H,140,2013-05-02 16:05:23,175,56,38,""
userid_379,Everett,152,"12 Nov 2015, 16:59",273,102,176,"2017,2018,2019,20,20,2021"
userid_1509,Ricky,128,2013-08-25 15:49:04,61,26,40,"2016,2017,2018"
userid_1896,Rebecca,516,"19 Oct 2014, 01:52",840,144,586,"2016,2017,2018,2019,20,20,2021"
userid_1111,Traci,25,"22 Oct 2011, 14:36",37,6,5,""
userid_1028,Brady,67,"30 May 2011, 19:31",138,43,63,2014
userid_701,Joanna,622,"September 11, 2011 at 03:22 AM",772,107,518,"2015,2016,2017,2018,2019,20,20,2021"
userid_1709,Yum,39,"01 Dec 2011, 03:08",37,2,18,""
userid_1917,Dee,31,"10 Dec 2011, 05:48",21,7,6,""
userid_1605,Susan,51,2012-04-20 03:00:52,66,5,16,""
userid_364,Joseph,163,"December 04, 2013 at 08:22 PM",140,17,46,"2015,2017,2018,2019,20,20,2021"
userid_162,Keith,20,"August 16, 2013 at 01:01 PM",11,1,5,""
userid_1716,Benjamin,52,2011-08-04 20:01:27,52,24,11,""
userid_1676,Chelsae,21,2017-05-07 17:46:40,22,0,10,""
userid_663,Rubinsohn,13,2011-09-02 13:46:58,5,1,2,""
userid_323,Laura,21,"August 10, 2015 at 11:51 PM",7,2,0,""
userid_144,Michael,4,"25 Feb 2016, 04:52",4,4,4,""
userid_1392,Anthony,14,"15 Jan 2015, 22:31",32,18,3,""
userid_1927,Ken,147,"October 13, 2016 at 04:29 AM",235,12,99,"2018,2019,20,20,2021"
userid_1393,Natalie,82,2015-01-21 18:30:49,61,17,34,"2017,2018,2019,20,20,2021"
userid_221,Colby,47,2017-04-15 22:14:58,33,0,19,""
userid_1025,Dmitry,6,"September 04, 2014 at 04:59 PM",0,0,2,""
userid_273,Sam,31,2014-05-14 19:26:01,1,0,0,""
userid_1245,Ray,34,"May 10, 2012 at 03:05 PM",54,8,30,""
userid_1791,Lindsay,158,"17 Feb 2010, 20:55",277,50,72,"2018,2019"
userid_1009,Shannon,11,"01 Oct 2012, 21:03",10,6,2,""
userid_1594,Nick,135,"13 Nov 2006, 04:40",115,28,18,""
userid_1109,Bruce,23,2016-10-16 18:32:25,14,11,1,""
userid_1242,Lana,254,"13 Oct 2013, 02:00",301,86,130,"2016,2017,2018,2019,20,20,2021"
userid_1950,Samantha,120,2016-04-16 03:42:28,90,25,40,"2018,2019,20,20,2021"
userid_1570,April,169,"January 07, 2014 at 02:27 AM",256,66,97,"2015,2016,2017,2018"
userid_910,S.,32,2013-08-22 20:56:16,36,10,7,""
userid_338,Jeannette,7,"May 25, 2014 at 01:29 AM",7,2,1,""
userid_306,Meghan,16,2012-12-29 03:31:20,11,4,3,""
userid_141,Leslie,84,2015-11-22 17:42:54,19,8,6,""
userid_240,Michael,120,"April 27, 2011 at 10:05 PM",279,30,138,"2016,2017"
userid_1140,Ronald,4,2011-05-28 21:54:04,2,0,1,""
userid_1316,Kathleen,289,2016-12-29 21:32:44,379,82,232,"2018,2019,20,20,2021"
userid_1102,Shelly,120,"12 Sep 2011, 19:59",155,30,84,"2017,2018,2019,20,20,2021"
userid_420,Aelita,509,"11 Jul 2014, 02:57",968,187,383,"2016,2017,2018,2019,20,20,2021"
userid_665,Nico,187,"July 14, 2009 at 10:21 PM",209,67,30,""
userid_1375,Lauren,61,2013-04-28 18:47:16,51,8,10,""
userid_1317,Philip,162,"December 28, 2013 at 01:29 PM",81,16,34,"2016,2017,2018,2021"
userid_880,Paul,38,2011-11-21 20:14:04,74,26,1,""
userid_470,Scott,56,2012-10-28 15:48:05,138,57,63,""
userid_1254,Billy,11,"07 Apr 2012, 19:19",8,0,0,""
userid_805,Brooke,380,"11 Sep 2016, 00:55",985,43,211,"2018,2019,20,20,2021"
userid_1696,Christen,36,"February 14, 2015 at 12:17 AM",29,4,4,""
userid_1585,Vivian,39,"October 04, 2014 at 08:09 PM",22,2,5,""
userid_1579,Erica,35,"21 Apr 2012, 20:06",28,4,9,""
userid_1895,Cali,19,2011-03-30 04:28:48,25,8,5,""
userid_191,Doina,180,2013-09-09 16:16:28,318,68,123,"2015,2016,2017,2018"
userid_1054,Jenny,881,"January 27, 2015 at 08:16 PM",1867,372,615,"2015,2016,2017,2018,2019,20,20,2021"
userid_1859,Sidney,71,"04 Mar 2015, 05:23",44,2,13,""
userid_1182,Caroline,33,2016-03-20 18:41:14,59,7,29,""
userid_647,Savannah,50,2009-03-08 23:03:02,89,13,46,""
userid_1272,Michele,8,"27 Apr 2012, 18:37",0,0,1,""
userid_178,Craig,76,"October 18, 2013 at 09:26 PM",70,26,11,""
userid_591,Ju,43,2013-03-06 00:26:21,102,27,10,""
userid_1934,Mike,52,2013-10-28 05:51:12,136,17,21,""
userid_1799,Shawnna,552,"September 05, 2015 at 09:44 PM",690,218,309,"2015,2016,2017,2018,2019,20,20,2021"
userid_1319,Mylan,125,"19 Mar 2012, 02:10",321,59,255,"2016,2017,2018"
userid_917,Lizabeth,258,2014-07-15 20:49:46,543,91,288,"2016,2017,2018,2019,20,20,2021"
userid_431,Mary,19,"December 05, 2016 at 03:57 AM",0,2,2,""
userid_1287,T,9,"May 24, 2016 at 02:10 PM",6,2,5,""
userid_151,Dawn,3,2016-11-07 18:40:10,3,1,1,""
userid_1887,Scott,24,2015-01-22 22:56:26,30,1,2,""
userid_1669,Ryan,7,"23 Aug 2015, 22:44",25,2,1,""
userid_1274,Trang,21,"26 Oct 2016, 04:12",19,3,2,""
userid_1849,Angela,488,"26 May 2014, 01:59",2057,544,1726,"2015,2016,2017,2018,2019,20,20,2021"
userid_853,Cee,107,"September 02, 2017 at 12:10 PM",130,22,42,"2018,2019,20,20,2021"
userid_1710,Angie,248,2012-04-30 14:58:25,909,165,566,"2017,2018,2019,20,20,2021"
userid_834,Jeremy,29,"15 Jan 2012, 14:31",52,5,10,""
userid_1379,Andrew,12,2014-04-24 02:24:05,17,11,1,""
userid_433,Keo,16,"June 28, 2013 at 11:56 PM",14,7,2,""
userid_627,Bon Appe'tit,140,"02 Sep 2015, 23:50",119,50,71,""
userid_1589,Tim,4,"16 Dec 2014, 22:24",2,1,1,""
userid_203,Mike,140,2009-01-18 22:37:27,168,45,40,""
userid_741,Christina,97,"January 24, 2015 at 08:23 PM",99,26,20,"2018,2019,20,20"
userid_125,Elizabeth,171,"May 18, 2013 at 05:03 PM",144,39,45,"2016,2017,2018"
userid_1583,Giuliano,41,"10 Jan 2012, 17:16",30,5,4,""
userid_1507,Brooke,112,"23 Apr 2013, 18:02",196,21,112,"2019,20,20,2021"
userid_1466,Troy,63,2015-06-21 02:29:05,40,15,25,2017
userid_1648,Jacqueline,134,2012-11-12 01:43:44,89,10,38,"20,20,2021"
userid_1158,Wendel,90,2016-01-31 16:25:04,83,12,11,""
userid_126,Janice,19,"28 May 2014, 20:12",12,2,1,""
userid_782,Greg,41,"October 06, 2013 at 08:37 PM",30,4,7,""
userid_1833,Paula,18,"June 30, 2013 at 08:19 PM",18,0,5,""
userid_411,Lisa,303,"September 29, 2015 at 08:57 PM",277,62,178,"2018,2019,20,20,2021"
userid_545,Gissel,13,2015-11-02 04:11:49,4,0,2,""
userid_1027,Theodore,50,2011-05-16 13:17:21,140,111,55,"2011,2012"
userid_869,Alisha,66,2015-01-17 21:39:53,86,23,47,"2015,2016"
userid_383,Jay,409,"December 04, 2014 at 12:09 AM",227,88,33,""
userid_950,Nick,48,2013-04-20 21:01:04,46,7,14,""
userid_1480,Latrice,43,"April 30, 2018 at 03:57 PM",25,0,14,"2018,2019"
userid_289,Jeff,1387,"15 Mar 2012, 04:01",7854,3479,6080,"2013,2014,2015,2016,2017,2018,2019,20,20,2021"
userid_938,Monica,514,"June 10, 2015 at 10:58 PM",296,102,189,"2017,2018,2019,20,20,2021"
userid_1942,Olivia,66,2015-08-14 18:15:37,22,1,3,""
userid_1972,Karen,192,"March 08, 2015 at 12:09 AM",460,158,204,"2017,2018,2019"
userid_1045,Sam,13,"July 21, 2013 at 05:21 PM",8,0,2,""
userid_1381,Shahab,204,"February 25, 2017 at 09:53 PM",260,85,194,"2018,2019,20,20,2021"
userid_600,Grace,32,2014-08-24 16:02:39,34,20,7,""
userid_643,Sharon,9,"12 Mar 2016, 14:03",6,0,2,""
userid_1626,David,207,"July 18, 2013 at 11:55 PM",545,73,280,"2018,2019,20,20,2021"
userid_1495,Erika,145,2015-02-20 22:56:47,249,53,95,"2015,2016,2017,2018"
userid_1558,Mackenzie,1,"12 Jun 2016, 23:59",0,0,0,""
userid_709,Armin,74,2014-10-25 20:10:39,199,54,99,"2016,2017"
userid_992,The Pilipino Blogger,21,"April 08, 2011 at 05:28 AM",20,11,2,""
userid_1542,Jen,489,"17 Jan 2016, 16:58",2176,461,1358,"2017,2018,2019,20,20,2021"
userid_575,Jane,21,2012-04-29 01:42:08,16,3,1,""
userid_539,F. C.,218,"12 Dec 2010, 05:07",189,32,34,""
userid_1154,Darcy,202,2011-01-23 04:05:38,310,120,47,""
userid_1728,Shaylyn,39,"February 07, 2015 at 07:43 PM",29,6,7,""
userid_724,Railbird,90,"26 Feb 2013, 23:49",112,27,25,""
userid_508,Jim,41,2016-07-08 22:37:42,35,6,9,""
userid_1455,Christina,236,2018-03-04 00:57:24,135,11,50,"2018,2019,20,20,2021"
userid_435,Danielle,13,2016-10-31 09:46:54,7,1,3,""
userid_71,Cathy,6,"19 Jul 2013, 21:09",0,0,2,""
userid_1218,Michele,419,"February 01, 2013 at 04:27 PM",104,29,51,""
userid_214,Melissa,11,2014-05-03 14:13:14,4,2,0,""
userid_1368,Josh,27,2009-08-16 00:04:29,10,1,1,""
userid_1865,Stephanie,46,2014-07-30 23:42:56,27,12,12,""
userid_723,Linda,19,2015-01-22 13:02:07,19,6,2,""
userid_764,Christopher,248,2013-07-20 18:36:04,280,59,104,""
userid_1464,Gabrielle,458,"22 Oct 2015, 17:40",1802,520,1202,"2016,2017,2018,2019,20,20,2021"
userid_256,Rose,36,"29 Nov 2013, 05:13",50,5,9,""
userid_565,Philip,85,"April 11, 2014 at 04:28 PM",100,3,33,"2017,2018,2019,20,20,2021"
userid_1571,Heather,25,"23 Sep 2015, 07:18",13,3,4,""
userid_1844,Maddie,18,"October 29, 2013 at 12:51 AM",4,0,0,""
userid_1439,Seth,14,"26 Jul 2014, 20:20",29,5,4,""
userid_1010,Gia,365,"29 Aug 2015, 19:05",2012,914,1622,"2016,2017,2018,2019,20,20,2021"
userid_249,Garret,19,2015-03-13 07:31:24,35,11,10,""
userid_1398,Richard,105,"09 Jul 2016, 21:08",154,14,79,"2018,2019"
userid_538,Re,3,"13 Apr 2017, 07:08",14,0,1,""
userid_654,Xi,18,2015-11-15 23:23:27,9,0,3,""
userid_1266,Mark,65,"March 29, 2013 at 09:47 PM",62,10,14,"2016,2017"
userid_958,Deanna,47,2016-03-23 20:55:45,42,11,25,"2017,2018"
userid_1815,Tinaa,20,"03 Oct 2015, 21:47",11,4,2,""
userid_556,Gina,6,2013-10-16 06:27:56,1,0,0,""
userid_68,Jacqueline,234,"30 Oct 2016, 22:21",649,149,411,"2017,2018,2019,20,20,2021"
userid_566,Andrew,29,2015-02-06 19:22:10,26,7,11,""
userid_1598,Shalom,46,"May 03, 2015 at 05:38 PM",53,17,18,""
userid_517,Melissa,148,2015-01-09 07:44:09,245,83,122,"2015,2016,2017"
userid_791,Ella,79,"24 Nov 2012, 14:49",66,19,23,""
userid_1559,Elmer,24,2011-03-01 06:32:39,27,5,10,""
userid_1864,Phoenix,103,"November 20, 2013 at 09:08 PM",112,18,11,""
userid_833,Victor,244,"February 13, 2015 at 11:22 PM",239,42,52,""
userid_1591,Mike,28,"28 Mar 2013, 22:41",38,9,3,""
userid_548,Margaret,101,"16 Oct 2013, 05:11",111,25,27,""
userid_1555,Kimberly,174,"26 Nov 2011, 15:48",96,18,19,""
userid_265,Holly,61,"December 31, 2014 at 04:31 PM",70,4,5,""
userid_1208,Dawn,48,"07 Jun 2014, 01:49",53,8,17,""
userid_1909,Elle,19,"27 May 2013, 18:18",6,1,3,""
userid_1031,Valerie,6,"January 02, 2014 at 01:47 AM",1,0,0,""
userid_145,Tiffany,31,"February 17, 2016 at 12:56 AM",41,7,15,""
userid_518,Susy,203,"29 Apr 2016, 02:30",461,105,360,"2016,2017,2018"
userid_1364,Michael,106,"27 Apr 2015, 11:55",1191,369,479,2016
userid_1879,Christina,60,2016-07-08 17:56:11,82,13,42,"2018,2019"
userid_1063,Ally,14,"17 Jul 2014, 16:13",9,0,2,""
userid_1722,Gregory,36,"August 06, 2014 at 04:24 AM",9,1,3,""
userid_1866,A.,147,2015-01-10 17:20:41,37,10,16,""
userid_585,Anna,137,"04 Aug 2014, 21:55",207,76,60,"2015,2017"
userid_1901,Jennifer,231,"December 21, 2014 at 09:39 AM",169,34,22,""
userid_1981,Hannah,20,"01 Mar 2016, 15:43",4,0,1,""
userid_292,CJ,164,2011-06-14 19:42:52,473,90,277,"2016,2017,2018,2019,20,20,2021"
userid_358,Joshers,65,"08 Jul 2014, 06:39",119,29,15,""
userid_726,Peter,17,2010-07-22 18:45:30,20,3,1,""
userid_759,Ed,178,"January 19, 2014 at 03:51 AM",163,23,51,"2014,2015,2016,2017"
userid_1015,Cheryl,30,2013-06-10 13:45:17,13,2,1,""
userid_305,Shauna,208,"14 Mar 2013, 15:39",311,94,114,"2017,2018,2019"
userid_547,Adam,16,"July 13, 2015 at 11:05 AM",12,0,0,""
userid_394,Joby,203,"June 18, 2013 at 11:41 AM",122,32,48,"2017,2018,2019"
userid_1955,Yasi,124,2012-09-16 02:22:40,102,42,55,"2017,2018"
userid_840,Jan,6,"January 29, 2011 at 09:25 PM",0,1,0,""
userid_67,Terry,11,2013-09-20 02:29:52,15,2,0,""
userid_638,Anthony,256,"November 04, 2013 at 07:35 PM",124,29,37,""
userid_1425,Joe,55,"September 25, 2009 at 10:28 AM",217,110,164,"2017,2018"
userid_64,Jennifer,197,"19 Apr 2016, 21:54",203,58,89,"2019,20,20,2021"
userid_211,Erin,221,"03 Jun 2016, 01:55",47,9,25,""
userid_1645,Bradford,100,"July 18, 2013 at 05:03 PM",122,29,63,"20,20,2021"
userid_1051,Victoria,8,"29 Oct 2014, 01:11",1,0,1,""
userid_1715,Dave,9,"10 Apr 2014, 14:44",3,1,1,""
userid_607,Sarah,12,"March 20, 2015 at 10:44 PM",4,1,0,""
userid_688,Christiana,50,"08 May 2011, 22:51",188,14,11,""
userid_48,Virginia,16,"August 31, 2011 at 02:23 PM",6,2,2,""
userid_1138,Zach,57,"December 24, 2015 at 08:27 AM",69,50,21,""
userid_652,Courtney,14,2014-01-11 01:11:30,11,0,0,""
userid_1527,C,48,"June 26, 2018 at 11:12 PM",2,1,2,""
userid_963,Wender,107,2014-07-16 00:58:06,207,32,108,"2016,2017,2018"
userid_844,Nate,54,2015-12-16 19:05:40,49,13,12,""
userid_827,Martha,39,2014-06-18 18:19:12,89,13,34,"2016,2017"
userid_939,Drew,84,"23 Jun 2015, 18:48",77,23,14,""
userid_308,Pedro,27,2016-07-02 23:48:36,27,4,5,""
userid_1095,Walter,12,2012-02-12 01:15:21,3,1,3,""
userid_1611,Nicole,19,2015-03-02 01:49:55,16,5,7,""
userid_1444,Sarah,47,"08 Feb 2016, 18:42",23,12,9,""
userid_1078,Ryan,16,"30 Jan 2013, 23:25",6,1,0,""
userid_128,Kevin,48,2015-05-16 17:14:56,22,6,8,""
userid_1705,Jasmine,36,2015-10-31 10:06:18,26,2,10,""
userid_740,Mattias,22,"10 Jun 2017, 15:38",0,0,0,""
userid_667,Shila,75,"19 May 2014, 17:51",45,16,14,""
userid_1537,Alyssa,38,2008-12-10 19:41:10,12,6,13,""
userid_1338,Rob,8,"April 06, 2014 at 09:49 AM",9,1,0,""
userid_1002,Kimberly,9,2017-06-20 04:36:06,16,7,0,""
userid_1089,Steph,8,"December 07, 2014 at 09:45 AM",11,5,2,""
userid_1064,Shruti,74,"January 02, 2017 at 09:35 PM",66,13,18,"2017,2018,2019"
userid_1179,Steven,398,2016-12-18 17:31:52,296,106,134,"2018,2019,20,20,2021"
userid_1890,Jenny,10,2013-06-25 17:26:22,4,1,5,""
userid_1162,Taylor,13,"28 Oct 2014, 03:56",5,0,0,""
userid_629,Lyn,92,2011-12-07 02:06:58,233,39,46,""
userid_1217,Erica,12,"April 09, 2015 at 03:00 PM",24,7,4,""
userid_1898,Kelsey,20,"January 03, 2017 at 05:54 AM",17,2,6,""
userid_1008,Philippe,15,"May 22, 2013 at 03:35 AM",7,1,3,""
userid_1543,Daniel,56,2012-12-18 20:16:11,12,3,1,""
userid_1649,Robert,25,"November 28, 2012 at 01:35 AM",25,2,1,""
userid_1129,JD,99,"January 08, 2013 at 02:05 AM",62,13,13,2021
userid_1018,Tonya,61,"February 19, 2017 at 11:26 PM",19,5,3,""
userid_1740,L,80,"05 Sep 2014, 19:27",62,9,26,""
userid_831,Kristin,32,2012-07-24 18:17:31,23,5,7,""
userid_1607,Kelly,72,"26 Oct 2013, 20:01",26,7,3,""
userid_1881,5CD102,25,"January 22, 2012 at 12:27 AM",27,1,2,""
userid_1811,Michael,24,2017-02-27 01:59:01,2,1,1,""
userid_1283,Deb,119,"20 Jul 2014, 12:57",122,17,4,""
userid_245,Christina,11,2014-11-22 16:50:31,4,3,0,""
userid_509,Bernie,86,"November 23, 2007 at 05:20 AM",51,4,14,""
userid_1452,Casey,29,2013-08-16 05:17:28,31,23,3,""
userid_1120,Courtney,5,2017-08-25 21:52:22,0,0,0,""
userid_677,Nick,2,"November 29, 2016 at 02:08 PM",2,0,0,""
userid_691,Stereo,24,"September 26, 2013 at 04:37 PM",31,15,9,""
userid_1448,Hugo,6,"07 Sep 2014, 06:03",5,0,0,""
userid_858,Debbie,48,"November 30, 2012 at 10:00 PM",13,3,2,""
userid_1390,Patrick,21,2012-04-28 01:18:08,17,0,2,""
userid_1578,Sri,113,"September 03, 2011 at 10:32 AM",45,9,10,""
userid_1497,Bobbi,5,2013-11-26 00:19:11,4,0,1,""
userid_980,Linda,6,"September 13, 2012 at 01:48 PM",4,0,0,""
userid_390,Jack,106,"May 28, 2013 at 04:58 PM",60,9,6,""
userid_1090,Betty,4,"May 14, 2015 at 02:21 PM",3,1,0,""
userid_839,Shannon,9,2013-11-04 16:47:13,10,1,0,""
userid_1982,David,22,"September 29, 2012 at 09:10 PM",83,38,17,""
userid_512,Zoe,21,2017-02-18 22:41:23,11,0,6,""
userid_284,Chris,4,2014-05-13 16:59:08,4,1,1,""
userid_1220,Lauren,7,2013-04-11 14:52:10,3,0,0,""
userid_1373,Jenna,24,"03 Apr 2014, 20:30",18,7,10,""
userid_392,Catherine,57,"05 Apr 2014, 03:04",28,2,4,""
userid_1106,Joanne,30,"13 Mar 2014, 00:31",24,1,2,""
userid_497,Robyn,13,"December 10, 2012 at 07:23 PM",25,6,3,""
userid_1040,Kelli,38,"09 Oct 2013, 16:04",21,1,0,""
userid_516,Chloe,10,"March 16, 2017 at 12:06 AM",3,0,0,""
userid_223,Mike,39,2011-01-30 02:51:11,28,14,3,""
userid_218,Meg,27,"June 29, 2015 at 01:05 AM",52,2,2,""
userid_51,William,4,2014-03-22 00:48:18,4,0,1,""
userid_737,Alyssa,7,2012-03-15 03:49:37,7,1,2,""
userid_1426,Siri,126,"14 Jun 2012, 21:52",234,34,12,""
userid_161,K,31,"16 Jul 2011, 05:04",32,5,1,""
userid_789,Melanie,34,"13 Feb 2017, 17:32",21,6,5,""
userid_541,Mewded,9,"21 Apr 2014, 21:25",3,1,3,""
userid_1422,Greg,15,2015-05-22 22:01:18,7,2,0,""
userid_1222,Mark,16,2011-01-03 18:30:19,4,1,0,""
userid_443,Aude,44,2009-07-06 07:32:20,73,18,14,""
userid_1286,D,42,"April 20, 2015 at 07:05 PM",45,5,4,""
userid_1984,Jake,5,"September 13, 2014 at 07:55 PM",3,0,2,""
userid_1180,S,54,2015-05-12 17:56:26,30,3,1,""
userid_798,KJ,36,"14 Sep 2012, 13:33",72,16,3,""
userid_351,Dana,29,"October 10, 2011 at 05:07 AM",34,4,7,""
userid_1877,H,12,2012-08-24 17:17:13,13,1,8,""
userid_866,M,13,"September 04, 2015 at 03:02 PM",17,1,1,""
userid_1796,Raquel,11,"October 23, 2011 at 06:02 PM",9,7,0,""
userid_1197,Brian,34,"November 30, 2008 at 01:49 AM",18,0,3,""
userid_1582,Karen,8,"September 12, 2018 at 05:35 PM",2,0,0,""
userid_1762,Oldman,34,2015-03-02 22:55:56,14,3,5,""
userid_1038,Chris,3,"22 Feb 2013, 01:08",1,0,0,""
userid_1593,Ja,21,"March 28, 2015 at 11:46 AM",16,1,0,""
userid_134,Amanda,37,2012-01-24 23:09:51,19,4,4,""
userid_1841,todd,57,"August 02, 2011 at 06:35 PM",48,11,7,""
userid_378,K,144,"August 13, 2012 at 04:19 AM",136,16,32,""
userid_1862,Kay,48,"September 24, 2014 at 09:30 PM",41,15,18,""
userid_1572,T,62,"January 07, 2012 at 12:15 AM",49,19,13,""
userid_537,Linda,37,"03 Mar 2016, 03:42",11,0,2,""
userid_730,Suz,37,"04 Aug 2011, 01:43",26,8,1,""
userid_208,Forrest,66,"10 Jun 2016, 16:14",33,0,1,""
userid_1397,John,12,"June 25, 2016 at 12:02 AM",5,1,1,""
userid_1723,Steam,21,"26 Jul 2014, 20:49",21,1,0,""
userid_324,Elly,28,2016-10-10 22:09:08,4,0,0,""
userid_956,Bella,39,"January 30, 2013 at 04:34 AM",24,0,5,""
userid_795,Marv,3,"April 02, 2016 at 08:23 PM",8,0,0,""
userid_317,Tasha,36,"August 08, 2014 at 12:21 AM",1,1,1,""
userid_552,Emma,11,"04 Aug 2015, 00:45",7,0,0,""
userid_525,Claudio,15,2015-05-17 06:30:10,2,2,1,""
userid_1066,Billy,27,2012-10-20 18:36:12,37,3,1,""
userid_1840,Tim,17,"10 Mar 2013, 01:46",8,2,1,""
userid_429,Zawjatul,33,"January 22, 2017 at 04:09 PM",15,5,3,""
userid_863,Todd,2,2016-01-16 00:45:41,1,0,0,""
userid_476,P,58,"12 Jan 2011, 16:01",61,4,6,""
userid_498,Mary,233,"February 21, 2017 at 09:34 PM",386,27,313,""
userid_100,Genevie,10,2016-08-18 11:39:42,4,1,0,""
userid_480,Pat,20,2010-10-20 21:15:38,4,2,0,""
userid_1905,Joe,19,"30 Dec 2015, 18:40",3,0,1,""
userid_1963,Moe,98,"August 16, 2009 at 04:37 PM",57,5,8,""
userid_1808,Gary,19,2015-11-22 16:49:19,9,1,1,""
userid_447,Austin,18,"September 29, 2012 at 05:31 PM",2,0,0,""
userid_1247,Luke,19,"August 12, 2010 at 10:52 PM",18,8,8,""
userid_15,Rebecca,14,"November 05, 2013 at 12:16 AM",0,0,1,""
userid_453,Abdulla,17,"07 Apr 2013, 10:26",73,12,11,""
userid_428,Toby,13,2015-01-23 20:48:16,11,2,0,""
userid_868,Yo,1256,"23 May 2009, 21:42",1041,527,261,""
userid_1240,Patrick,3,"October 12, 2012 at 04:00 PM",0,0,0,""
userid_1099,Bee,23,"15 Jan 2015, 18:39",42,1,13,""
userid_327,Officer,9,"July 13, 2011 at 08:31 PM",7,3,1,""
userid_1333,Fly Gal's Mom,32,2016-12-07 14:57:41,26,1,12,""
userid_1800,Wayne,15,"August 14, 2012 at 08:22 PM",24,6,2,""
userid_1512,Dan,37,2010-04-24 04:29:01,64,3,9,""
userid_1741,Kim,81,"02 Aug 2015, 18:00",17,1,9,""
userid_872,T,34,"17 Sep 2013, 21:30",74,5,10,""
userid_1636,Candy,6,2016-02-14 23:51:28,3,0,0,""
userid_458,L,20,"31 Aug 2015, 19:37",3,0,0,""
userid_1977,Jenny,14,2012-06-09 18:39:39,40,3,4,""
userid_1391,Florence,30,2015-04-28 15:42:27,11,4,1,""
userid_23,Kristen,11,2015-04-29 21:31:02,7,1,1,""
userid_810,Helene,61,"June 15, 2009 at 07:11 PM",40,6,10,""
userid_38,Ronnie,22,"12 May 2016, 17:29",14,2,5,""
userid_668,Jessica,207,2014-03-09 23:33:54,88,20,7,""
userid_166,Sam,44,2018-08-15 22:37:40,9,9,1,""
userid_1761,D,4,2014-02-18 15:18:14,16,1,0,""
userid_543,Joe,21,2011-01-23 01:29:02,30,9,6,""
userid_1177,Lisa,6,"26 Jun 2014, 20:57",5,1,1,""
userid_843,Emily,52,"07 Dec 2012, 01:45",5,3,2,""
userid_813,Wadcutter,111,"November 19, 2013 at 09:21 PM",114,19,17,""
userid_610,Meghan,2,"April 24, 2018 at 07:41 PM",4,0,0,""
userid_1468,Pamela,9,"October 24, 2015 at 01:48 PM",0,0,0,""
userid_1743,Lori,22,"January 13, 2013 at 01:25 AM",10,1,9,""
userid_494,Melanie,4,"June 13, 2012 at 08:17 PM",4,0,0,""
userid_609,K,15,"22 May 2010, 19:43",23,2,1,""
userid_282,Kris,22,2011-10-24 19:06:01,26,1,7,""
userid_484,Michelle,2256,"28 Mar 2008, 13:26",28235,8198,18687,"2008,2009,2010,2011,2012,2013,2014,2015,2016,2017,2018,2019,20,20,2021"
userid_1238,Bill,1512,"July 13, 2007 at 04:00 AM",8735,3041,6564,"2007,2008,2009,2010,2011,2012,2013,2014,2015,2016,2017,2018,2019,20,20,2021"
userid_250,Dave,2388,"14 Feb 2007, 14:51",21594,12978,17948,"2007,2008,2009,2010,2011,2012,2013,2014,2015,2016,2017,2018,2019,20,20,2021"
userid_1930,Sebrina,294,2008-12-20 18:42:17,931,382,461,"2014,2015,2016,2017,2018,2019,20,20,2021"
userid_1789,Stephen,116,"29 Jul 2012, 19:20",802,415,645,""
userid_1304,Lindsay,226,"17 Jul 2011, 22:09",485,132,234,"2015,2016,2017,2018,2019"
userid_1048,Thomas,74,2010-03-04 16:42:30,42,3,10,""
userid_78,Brad,20,"December 03, 2010 at 04:47 PM",16,0,5,""
userid_1634,John,58,"16 Sep 2011, 23:19",12,6,10,""
userid_1565,Gina,36,2012-02-18 20:05:25,17,5,6,""
userid_1575,Dana,9,"13 Sep 2011, 00:57",25,14,1,""
userid_452,Justyn,2,"September 04, 2011 at 10:51 PM",0,0,1,""
userid_102,Kevin,26,"August 07, 2011 at 02:45 PM",65,12,14,""
userid_86,Regina,579,"13 Nov 2010, 14:02",4162,1570,2518,"2012,2013,2014,2015,2016,2017,2018,2019,20,20,2021"
userid_5,Leslie,8,"07 Aug 2011, 23:53",3,1,1,""
userid_137,Erin,9,"13 Mar 2013, 14:31",19,4,4,""
userid_391,Matt,5,"August 06, 2010 at 02:26 AM",5,0,1,""
userid_492,Luba,16,"November 11, 2010 at 03:24 AM",33,8,9,""
userid_953,Max,173,"04 Sep 2013, 03:04",152,35,61,"20,20,2021"
userid_631,J.,52,"31 Dec 2011, 08:22",31,4,6,""
userid_1080,Randolph,576,"16 Jan 2011, 10:49",1555,1186,574,"2013,2014,2015,2016,2017,2018"
userid_871,Nathalie,4,2012-07-22 21:11:46,2,0,1,""
userid_1164,Mystery,57,2010-06-13 20:47:53,135,62,23,""
userid_1199,Nathan,53,"December 27, 2013 at 07:10 AM",32,29,6,2017
userid_229,Michael,47,"December 30, 2013 at 02:34 AM",88,20,47,"20,20,2021"
userid_1362,Lenore,81,"September 26, 2012 at 11:40 AM",74,13,16,""
userid_814,Christine,22,"December 20, 2011 at 04:15 AM",15,3,1,""
userid_1473,Carina,473,2013-08-10 02:49:56,738,319,401,"2015,2016,2017,2018,2019,20,20,2021"
userid_30,Annikki,182,2013-05-09 17:16:10,1089,299,856,"2015,2016,2017,2018,2019"
userid_1719,Lloyd,259,"09 Dec 2013, 03:01",1194,224,783,"2014,2015,2016,2017,2018,2019,20,20,2021"
userid_1846,Fariha,61,2010-09-09 23:58:34,87,18,23,"2014,2015"
userid_836,Aran,10,"18 Oct 2011, 19:51",45,10,5,""
userid_213,Beth,34,2012-09-20 14:47:13,28,6,4,""
userid_332,Christina,36,"September 06, 2010 at 10:57 PM",36,3,12,""
userid_530,Amanda,873,2013-10-23 20:20:18,2613,745,1953,"2015,2016,2017,2018,2019,20,20,2021"
userid_187,Darin,18,"12 Jul 2009, 00:02",7,1,2,""
userid_1620,Adelino,128,"19 Jun 2013, 13:53",185,47,109,"2015,2019,20,20,2021"
userid_1383,Sandy,13,"22 Jul 2014, 23:55",26,2,14,""
userid_1472,Jenni,499,"14 Sep 2013, 18:01",1181,254,650,"2015,2016,2017,2018,2019,20,20,2021"
userid_1144,Ivan,54,"February 14, 2011 at 02:56 PM",67,21,12,""
userid_708,John,146,"February 09, 2007 at 08:13 PM",341,67,89,""
userid_861,Karen,42,"12 Sep 2009, 13:19",152,18,29,""
userid_621,Melissa,10,2015-10-03 19:46:14,2,0,0,""
userid_119,Ashley,4,"05 Feb 2013, 15:01",0,0,0,""
userid_916,Brigitte,413,2014-07-05 19:27:17,533,67,410,"2018,2019,20,20,2021"
userid_1850,Rebekah,315,2016-07-22 19:26:01,408,92,142,"2016,2017,2018,2019,20,20,2021"
userid_1931,Dee,299,2018-12-17 11:42:27,5172,1225,3798,"2019,20,20,2021"
userid_36,Jon,38,2010-12-07 19:04:05,77,12,13,""
userid_1230,Michael,32,2012-10-22 21:04:44,19,0,13,""
userid_736,Savanna,10,"23 Jul 2018, 00:26",7,5,0,""
userid_1446,Dani,672,"08 Apr 2015, 18:18",10060,4457,9375,"2016,2017,2018,2019,20,20,2021"
userid_905,Anthony,28,"30 Dec 2017, 22:56",35,3,20,""
userid_639,Mark,50,2018-05-19 18:43:14,39,11,20,2019
userid_224,James,224,"13 Dec 2010, 20:36",867,112,523,"2019,20,20,2021"
userid_793,Jacki,6,"October 18, 2015 at 09:18 PM",2,2,0,""
userid_1814,Mark,98,"15 May 2013, 04:01",78,16,48,"2019,20,20,2021"
userid_697,Debbie,701,2011-07-05 02:11:30,3398,802,3235,"2016,2017,2018,2019,20,20,2021"
userid_1255,Rachael,126,"27 Jul 2015, 03:08",379,210,272,"2018,2019,20,20,2021"
userid_1729,Natalie,129,"December 15, 2018 at 12:18 AM",321,35,111,"2019,20,20,2021"
userid_1971,Rachel,124,2015-05-20 15:04:10,738,317,513,"2015,2016,2017,2018,2019"
userid_1806,Chris,4,"23 Dec 2018, 19:52",0,0,0,""
userid_1108,Bryan,141,"July 08, 2010 at 10:42 PM",249,33,104,"2015,2016,2017,2018,2019,20,20,2021"
userid_1119,Charly,9,2014-09-19 11:15:04,24,6,0,""
userid_559,Christina,77,"12 Mar 2013, 19:17",32,6,6,""
userid_300,Corinne,124,2017-02-20 21:18:59,194,49,82,"2017,2018,2019,20,20"
userid_1912,Alysia,63,"July 08, 2014 at 04:14 PM",39,13,18,""
userid_1257,Charlotte,10,"March 25, 2018 at 01:31 PM",4,0,2,""
userid_943,Girl,34,2009-08-29 18:14:27,56,13,8,""
userid_1906,Expert,40,"December 17, 2011 at 08:53 PM",48,6,6,""
userid_1356,John,143,"13 Jul 2015, 17:12",289,130,212,"2015,2016,2017,2018,2019"
userid_1959,Lisa,142,2018-01-05 13:13:23,29,16,9,""
userid_1662,Suzanne,9,"20 Jun 2012, 09:51",20,5,1,""
userid_1241,Daisy,3,2015-08-23 01:12:03,2,1,0,""
userid_1640,Adel,239,"30 Dec 2018, 04:19",184,20,89,"20,20,2021"
userid_1436,Amanda,48,2014-09-15 22:31:53,126,13,87,"20,20,2021"
userid_1216,Nicolas,62,2015-06-21 22:09:02,87,34,36,"2015,2016"
userid_1980,Ralph,16,"26 Jan 2015, 23:28",4,1,0,""
userid_768,Vam,105,"05 Sep 2015, 16:18",81,29,15,""
userid_296,Ben,32,2012-11-12 23:27:28,39,24,33,""
userid_112,Andrew,164,"June 30, 2017 at 02:01 AM",453,120,364,"20,20,2021"
userid_1438,Erika,16,2014-12-19 01:52:20,14,1,6,""
userid_1136,Anita,83,2013-12-06 13:39:31,197,44,113,"2017,2018,2019"
userid_1618,Elizabeth,16,2015-07-23 13:58:27,5,0,0,""
userid_669,Kevin,39,"22 Dec 2011, 15:07",82,13,23,""
userid_1433,Nicholas,5,"26 Oct 2017, 17:17",0,0,0,""
userid_1021,Samantha,408,2015-03-15 13:25:54,1874,397,1236,"2015,2016,2017,2018,2019,20,20,2021"
userid_1463,Liz,13,2012-07-13 13:33:46,16,4,15,""
userid_231,Kendra,34,"03 Sep 2017, 16:01",20,2,4,""
userid_1432,Emily,7,2018-07-18 20:25:41,5,0,2,""
userid_491,Kelly,22,2014-05-28 16:41:14,22,7,8,""
userid_1470,Serena,43,2012-12-13 06:22:58,49,9,8,""
userid_1486,VA,52,2013-12-20 20:11:44,53,9,11,""
userid_270,Kimberly,5,2017-11-26 15:52:57,0,0,1,""
userid_92,Marie,82,"21 Sep 2015, 22:48",227,87,150,"2018,2019"
userid_524,Mindy,3,"November 10, 2015 at 07:17 PM",1,0,0,""
userid_465,Jenna,31,"19 Jul 2012, 01:53",16,2,6,""
userid_573,Yvette,51,"December 03, 2018 at 01:25 AM",67,13,35,"20,20,2021"
userid_228,Mary,57,"27 May 2014, 00:28",64,16,30,""
userid_825,Chauncey,49,"07 Oct 2014, 12:34",43,11,19,"20,20,2021"
userid_1714,Carl,327,"August 05, 2011 at 10:13 PM",1327,375,619,"2017,2018,2019,20,20,2021"
userid_1564,Rick,42,2011-09-30 19:36:53,71,22,22,""
userid_1807,Jules,26,2018-05-03 20:49:09,13,2,3,""
userid_401,Miguel,64,"16 Jan 2016, 22:53",30,5,4,"2019,20,20,2021"
userid_489,Lindsey,11,2013-10-07 04:53:14,21,4,1,""
userid_1001,Ali,15,2019-02-20 17:23:11,3,1,0,""
userid_24,Kelsey,13,"09 Jul 2013, 22:19",8,2,1,""
userid_1151,Liz,144,"September 24, 2013 at 10:50 AM",261,67,81,"2017,2018,2019"
userid_711,Dilyara,72,2016-07-07 22:59:48,193,20,51,"2019,20,20,2021"
userid_1644,Christian,126,"26 Jul 2011, 14:56",75,13,5,""
userid_1674,Phyllis,160,"29 Apr 2019, 01:53",255,6,95,"2019,20,20,2021"
userid_634,Sonali,21,2012-12-15 23:18:47,20,0,18,""
userid_729,Sean,214,2016-02-06 00:41:18,655,194,397,"2017,2018,2021"
userid_1019,Jay,42,"28 May 2017, 00:06",20,3,6,""
userid_1202,Dino,50,"26 Dec 2013, 21:24",57,24,13,""
userid_1096,Alexa,1,"June 16, 2017 at 09:54 PM",0,0,1,""
userid_1505,Jenny,130,2016-07-14 00:26:46,147,16,35,"2019,20,20,2021"
userid_1904,Tara,12,"September 04, 2009 at 09:21 AM",9,1,1,""
userid_569,Victoria,80,2017-06-25 22:04:06,63,21,20,""
userid_1670,Damian,45,2011-02-08 03:19:34,66,8,25,""
userid_785,Shawna,16,"30 Aug 2014, 20:03",9,2,2,""
userid_1026,Michelle,106,"10 Jul 2015, 04:33",135,21,94,"2018,2019,20,20,2021"
userid_1372,Joe,28,2015-07-28 23:04:13,16,2,2,""
userid_374,Tami,14,"07 Jan 2016, 00:01",19,1,1,""
userid_1635,Lea,165,2018-01-27 14:24:46,197,41,125,"2019,20,20,2021"
userid_1663,Johnell,14,"August 06, 2018 at 01:18 AM",17,1,8,""
userid_625,audrey,67,"15 Jul 2009, 16:36",51,8,11,2018
userid_1017,Caterina,6,"May 02, 2014 at 12:49 AM",2,1,0,""
userid_1911,Paul,6,"08 Mar 2014, 01:10",6,1,2,""
userid_1526,Abby,20,"02 Jun 2018, 14:02",4,2,1,""
userid_303,Chelsea,20,2013-04-12 16:54:30,19,5,4,""
userid_477,Sammie,247,"19 Aug 2019, 20:23",142,38,99,"20,20,2021"
userid_519,Elisabet,264,2014-06-20 18:28:51,265,78,110,"2015,2016,2017,2018,2019"
userid_985,Greg,37,2013-06-24 22:08:14,18,4,11,""
userid_1198,Chuong,15,"14 Nov 2014, 15:39",16,4,1,""
userid_121,Heather,25,"January 06, 2013 at 06:07 AM",23,7,5,""
userid_1738,Lewis,89,"July 08, 2014 at 11:44 PM",98,5,31,""
userid_1149,Marquisha,10,"October 12, 2013 at 06:17 AM",12,4,2,""
userid_1020,Jada,300,2014-09-05 04:24:48,363,64,159,"2017,2018,2019,20,20,2021"
userid_1315,Liz,44,2016-03-07 02:47:32,78,8,28,""
userid_925,Dennie,20,2015-08-26 05:42:30,10,0,12,""
userid_562,Saundra,39,"October 22, 2019 at 01:13 AM",54,12,40,"20,20,2021"
userid_1876,Susan,19,2012-01-31 00:41:51,15,8,2,""
userid_1344,Luiz,15,2013-06-10 11:46:57,24,4,6,""
userid_1290,Eri,4,"22 Sep 2014, 15:12",6,0,0,""
userid_1410,Kelly,6,"05 Jan 2017, 22:42",10,1,0,""
userid_597,Nicole,100,"March 02, 2016 at 11:59 PM",101,13,24,""
userid_1305,Buse,132,"November 15, 2017 at 03:30 AM",217,36,158,"20,20,2021"
userid_1698,Ginger,585,2019-03-10 20:30:18,9874,2755,8642,"2019,20,20,2021"
userid_1702,Jennie,14,"13 Dec 2013, 01:49",16,12,5,""
userid_618,Jynelle,23,"16 Feb 2014, 05:15",31,3,8,""
userid_962,Pam,31,2012-09-06 15:07:06,8,1,2,""
userid_897,Julia,5,2014-04-28 21:49:15,1,0,1,""
userid_1196,Dave,41,"15 Dec 2011, 01:29",22,2,5,""
userid_1353,Chris,3,"03 May 2015, 17:03",4,1,0,""
userid_1184,KA,75,"February 25, 2018 at 02:14 AM",20,10,6,""
userid_1357,Ashley,35,2014-02-09 17:41:58,12,7,8,""
userid_386,Dubhe,89,"May 15, 2016 at 03:26 AM",83,12,55,"2017,2018,2019,20,20"
userid_1192,Pat,10,"07 Jun 2017, 18:10",9,0,1,""
userid_301,Reginald,14,"July 17, 2013 at 11:42 PM",0,0,0,""
userid_1782,Hunter,74,"December 31, 2015 at 06:14 PM",120,5,40,"2019,20,20,2021"
userid_1978,Charlie,27,"February 26, 2016 at 04:37 AM",22,0,1,""
userid_1908,Ana,57,"June 05, 2013 at 11:47 PM",175,46,118,""
userid_1181,Sherra,19,2011-05-11 04:38:23,6,0,1,""
userid_770,Stephen,10,2019-07-08 02:53:14,2,0,0,""
userid_862,Ciprian,18,"16 May 2016, 07:25",9,1,0,""
userid_1365,Carol,7,2018-01-05 06:40:07,0,0,0,""
userid_111,Carmen,9,"08 Apr 2011, 01:47",4,0,3,""
userid_186,Lorin,55,2013-01-22 18:15:33,38,21,0,""
userid_235,Vicki,207,2013-06-15 01:56:01,112,29,34,""
userid_269,Siera,17,"March 15, 2019 at 11:01 PM",2,2,2,""
userid_947,Joshua,32,"17 Jul 2015, 23:10",30,5,17,""
userid_96,Loannabeek,31,"13 Apr 2011, 18:35",79,28,10,""
userid_416,Rebecca,140,"17 Jul 2013, 19:31",120,23,46,"2019,20,20,2021"
userid_1068,Jen,54,"July 21, 2016 at 07:34 PM",34,6,4,""
userid_1125,Diana,4,"April 13, 2019 at 10:28 PM",2,0,0,""
userid_745,Pavielle,28,2017-11-29 11:25:16,19,2,16,""
userid_1012,Tom,98,2011-07-27 20:41:37,51,13,18,""
userid_755,Traci,43,2011-12-17 23:50:13,14,4,4,""
userid_1418,Ninja,51,2014-01-20 02:55:13,46,9,14,""
userid_799,Sarah,93,"September 03, 2012 at 10:12 PM",77,3,34,"2019,20,20,2021"
userid_1708,Sara,36,2016-03-06 20:06:53,7,1,2,""
userid_1303,Ashley,7,"02 Apr 2015, 01:40",1,0,0,""
userid_165,Neek,105,"December 30, 2018 at 03:50 PM",131,9,51,2021
userid_150,Katharine,30,2014-02-07 18:03:59,56,6,15,2021
userid_423,Richard,50,"10 May 2015, 19:18",37,17,20,"20,20,2021"
userid_1974,Joan,19,"13 May 2014, 20:57",22,11,4,""
userid_446,Joe,9,2015-08-04 21:22:56,26,2,0,""
userid_786,Jemesia,39,"July 27, 2020 at 10:39 PM",58,3,18,2021
userid_653,Cara,23,"May 03, 2017 at 06:55 AM",11,3,11,""
userid_1313,Jordan,12,2019-06-27 01:23:37,4,0,0,""
userid_148,Elyse,23,"June 29, 2017 at 07:48 PM",32,1,20,""
userid_605,Alice,2,2018-06-10 21:26:01,1,0,0,""
userid_1116,Brendan,5,"March 03, 2015 at 06:03 PM",5,1,1,""
userid_56,Nicolette,37,"May 11, 2017 at 11:13 PM",45,10,10,""
userid_1861,Chris,18,2011-01-15 01:17:03,17,8,3,""
userid_314,PatioBuzz,16,"March 27, 2017 at 01:49 AM",7,2,4,""
userid_1153,Tracy,5,2013-06-15 06:50:24,3,1,0,""
userid_1404,Rachel,7,"01 Aug 2013, 18:09",4,0,0,""
userid_1983,Kristina,11,"March 10, 2013 at 12:10 AM",15,3,2,""
userid_1458,Brittany,15,"17 Aug 2013, 02:23",19,1,8,""
userid_1369,Eric,29,"January 03, 2012 at 11:32 PM",29,17,15,""
userid_280,Barbara,4,"May 05, 2014 at 11:54 AM",3,0,0,""
userid_757,James,18,2014-12-18 16:11:00,9,1,3,""
userid_522,Renee,6,"09 Jan 2016, 02:17",10,0,0,""
userid_1246,Dominic,8,"May 29, 2016 at 10:25 PM",4,2,3,""
userid_193,A,1,"11 Feb 2019, 05:45",7,0,0,""
userid_1496,Howard,1,"14 Apr 2018, 17:42",1,0,0,""
userid_29,James,16,"26 Jan 2015, 18:55",3,1,1,""
userid_339,Lorie,20,"March 10, 2016 at 07:13 PM",15,3,5,""
userid_430,David,8,2012-08-10 20:50:47,16,2,0,""
userid_1258,Hoa,44,2017-06-08 00:39:07,5,0,0,""
userid_31,Varo,32,"January 20, 2015 at 05:35 AM",34,2,2,""
userid_1416,Diana,1,2015-12-18 16:17:24,0,0,0,""
userid_77,Retta,18,"December 30, 2018 at 05:07 AM",6,1,4,""
userid_1615,M,29,2012-10-09 18:47:32,14,0,1,""
userid_1423,Karen,30,2018-05-15 00:04:54,9,3,1,""
userid_1786,Ed,6,"13 Jun 2016, 23:58",1,0,0,""
userid_1661,Lucy,64,2016-06-13 00:48:17,79,4,39,""
userid_73,Lady,9,2014-07-11 00:05:35,7,2,2,""
userid_1088,Winnie,2,"18 Oct 2019, 17:28",0,0,0,""
userid_1622,Christopher,22,"08 Jul 2014, 21:45",24,2,0,""
userid_1082,Lan,23,"December 21, 2010 at 10:24 AM",9,8,3,""
userid_1798,Kira,7,"July 29, 2020 at 12:16 AM",0,0,0,""
userid_1226,Melanie,7,2012-12-18 05:25:44,5,6,0,""
userid_404,Richard,5,"September 25, 2017 at 05:21 PM",2,0,0,""
userid_254,Jim,1,"08 Jun 2019, 07:10",0,0,0,""
userid_152,Ashley,11,"March 29, 2016 at 04:09 PM",9,1,4,""
userid_1249,Yelp,39,2018-04-17 03:36:52,14,2,2,""
userid_16,Jennifer,29,2007-12-05 00:13:14,30,4,9,""
userid_1522,Beth,1,"April 29, 2015 at 09:33 PM",0,0,0,""
userid_192,Adam,6,"31 Jan 2014, 19:20",4,0,0,""
userid_1994,Angela,40,"25 Jul 2015, 00:01",35,0,1,""
userid_1279,John,30,"December 03, 2011 at 05:36 PM",33,5,1,""
userid_870,Sarah,16,"September 14, 2013 at 07:38 PM",3,4,0,""
userid_971,Ethel,1,"August 26, 2020 at 06:17 PM",0,0,0,""
userid_1394,Beth,11,"21 May 2013, 20:44",3,0,0,""
userid_62,Scott,16,2009-08-08 22:12:58,10,0,4,""
userid_800,Dayana,42,"23 Nov 2014, 16:28",34,15,19,""
userid_635,Jill,20,"23 Dec 2013, 01:38",8,2,4,""
userid_644,Terry,5,2012-10-28 13:04:08,13,3,2,""
userid_1211,Walker,3,"02 Jan 2018, 19:11",0,0,0,""
userid_760,Joanne,1,"December 18, 2020 at 11:12 PM",0,0,0,""
userid_913,Dave,38,"October 13, 2014 at 07:17 PM",35,8,1,""
userid_329,Christa,6,2013-08-24 22:19:42,5,1,0,""
userid_1477,Anne,2,"12 Mar 2019, 14:28",1,0,0,""
userid_859,Mitchell,2,"April 11, 2020 at 09:18 PM",2,1,1,""
userid_316,Janie,14,"11 Feb 2014, 17:02",6,0,1,""
userid_450,Rah,16,"May 11, 2020 at 03:19 PM",3,0,0,""
userid_1289,James,29,"12 Jul 2010, 13:00",81,26,7,""
userid_1237,Coya,7,"30 May 2019, 20:45",1,0,0,""
userid_72,NG,5,2008-08-18 02:11:42,3,0,0,""
userid_1920,Diamond,2,"09 Sep 2018, 05:25",0,0,0,""
userid_156,C.,19,"July 30, 2012 at 02:50 PM",29,7,5,""
userid_294,Paul,2,"December 10, 2018 at 07:07 PM",7,0,0,""
userid_440,Nina,64,2012-10-23 10:54:09,94,10,13,""
userid_1376,Audra,35,"25 Aug 2016, 05:32",11,1,1,""
userid_929,Alissa,55,"September 14, 2013 at 02:45 PM",29,3,3,""
userid_1200,Ted,12,"13 Aug 2018, 01:29",0,0,0,""
userid_1567,John,4,2011-09-30 11:57:04,4,0,0,""
userid_752,Gloria,4,"April 07, 2014 at 01:44 AM",4,1,1,""
userid_851,Athletejordo,6,"16 Jun 2016, 12:46",1,0,0,""
userid_532,Rick,19,"04 Jul 2015, 01:40",9,3,2,""
userid_560,T.,10,"22 Aug 2015, 16:07",2,0,0,""
userid_1940,Amanda,4,"03 May 2016, 17:48",0,0,0,""
userid_1142,David,50,"15 Jan 2014, 00:16",39,8,10,""
userid_1461,J,9,"November 17, 2013 at 04:23 AM",1,0,2,""
userid_216,Steven,12,"October 26, 2016 at 12:00 AM",3,0,0,""
userid_1484,Tom,16,"September 05, 2021 at 06:12 PM",1,2,0,""
userid_39,George,6,"05 May 2016, 12:35",8,4,1,""
userid_285,Mike,13,2011-07-30 00:46:42,33,2,6,""
userid_850,Miranda,8,2016-04-05 22:20:15,6,0,0,""
userid_784,N,5,"18 Aug 2020, 15:14",8,0,0,""
userid_1419,Linda,5,"16 Aug 2016, 14:55",1,0,2,""
userid_1606,Daillyn,4,"January 27, 2012 at 02:17 PM",4,0,4,""
userid_778,David,11,"27 Jan 2015, 00:48",0,0,0,""
userid_1688,Tlt,14,"04 Jun 2013, 18:13",2,1,0,""
userid_1167,C.,6,"11 Apr 2015, 01:39",3,1,1,""
userid_1500,R.A.,4,"29 Oct 2019, 18:44",1,0,0,""
userid_1171,Deana,13,"January 18, 2013 at 11:49 AM",9,0,1,""
userid_1772,Anna,1,"21 Jan 2020, 03:42",1,1,0,""
userid_1967,Richard,4,"December 05, 2011 at 01:33 PM",1,0,0,""
userid_425,Devon,1,"08 Aug 2016, 16:10",1,0,1,""
userid_1000,Luke,5,2019-01-09 18:32:26,3,1,1,""
userid_997,Thábata,3,"April 20, 2019 at 12:41 PM",0,0,0,""
userid_21,Janelle,15,"April 03, 2018 at 01:08 PM",5,0,0,""
userid_1248,Vernon,13,2017-07-13 02:10:48,4,3,0,""
userid_1818,Jennifer,6,"06 Sep 2020, 17:16",0,0,0,""
userid_964,Autumn,4,"December 28, 2018 at 08:03 PM",1,1,1,""
userid_758,Denise,20,2009-11-06 02:16:41,11,3,2,""
userid_1819,Chong,14,"23 Jul 2010, 20:23",15,2,2,""
userid_875,Shaun,113,"14 Apr 2009, 22:20",139,44,53,"2015,2016,2017"
userid_821,Jason,22,"23 Feb 2009, 18:33",91,20,50,"2011,2012"
userid_1744,Taundra,8,2011-02-09 20:44:54,10,0,3,""
userid_396,Sarah,4,"October 17, 2010 at 09:40 PM",4,0,0,""
userid_422,Monty,28,"September 04, 2010 at 11:48 PM",33,11,7,""
userid_1651,Yorkie,20,"April 24, 2010 at 02:36 AM",71,30,22,""
userid_1790,Alana,10,2011-03-20 15:34:24,9,4,3,""
userid_613,Tim,787,"January 05, 2011 at 07:20 PM",1738,524,367,"2011,2012,2013,2014,2015,2016,2017,2018,2019,20,20,2021"
userid_1852,Myrinda,16,2010-01-12 05:06:58,14,0,6,""
userid_1361,Avery,56,2010-10-28 22:59:57,28,35,6,""
userid_932,Cryszilla,122,"30 Aug 2010, 08:54",78,22,43,""
userid_176,Syreena,19,"February 03, 2010 at 06:59 PM",17,2,4,""
userid_293,Arvid,691,2010-06-25 13:54:01,1915,447,954,"2013,2014,2015,2016,2017,2018,2019,20,20,2021"
userid_1253,Mel,15,2011-04-16 22:22:42,15,0,5,""
userid_1922,Ben,40,"October 27, 2010 at 09:08 PM",30,12,13,""
userid_1225,Jen,14,"November 16, 2010 at 02:50 AM",12,6,8,""
userid_415,Kevin,28,2010-11-14 18:38:58,46,15,12,""
userid_762,Kandice,86,"22 Sep 2011, 15:07",161,66,79,""
userid_719,Katelyn,109,"September 06, 2010 at 04:37 PM",249,92,37,""
userid_1087,Shannon,31,"07 Nov 2009, 02:06",21,11,7,""
userid_1601,Amy,17,2009-10-08 02:12:13,10,4,5,""
userid_1347,Adam,19,2010-02-24 10:52:13,8,10,1,""
userid_611,Heath,297,"14 Aug 2011, 18:44",878,334,732,"2013,2014,2015,2016,2017,2018,2019,20,20,2021"
userid_1968,Carol,257,2012-03-17 03:45:52,411,97,115,"2013,2014,2015,2016,2017"
userid_1910,Tatiana,90,2012-07-24 18:21:18,60,24,8,""
userid_448,Michael,9,"February 27, 2012 at 06:30 AM",7,3,1,""
userid_1370,Bob,30,2011-06-20 13:36:17,38,3,10,""
userid_444,Kate,14,"10 Jul 2011, 20:47",17,3,4,""
userid_1765,Jon,2,2012-03-02 15:38:18,0,0,0,""
userid_874,Krystal,7,"17 Dec 2009, 20:36",25,1,5,""
userid_563,Felicia,91,"27 Jan 2013, 07:01",69,14,28,"2018,2019,20,20,2021"
userid_819,V.,43,"May 01, 2011 at 12:40 AM",9,0,7,""
userid_7,Ursula,239,"05 Dec 2010, 13:36",471,161,292,"2015,2016,2017,2018,2019"
userid_1076,Michon,67,"21 Feb 2013, 19:16",66,9,56,""
userid_1228,Yordanos,37,2012-09-08 00:31:03,26,3,14,""
userid_1292,Kyle,5,"May 03, 2013 at 02:49 PM",8,7,3,""
userid_65,Scott,61,2011-06-21 00:28:04,55,21,22,""
userid_278,Sal,29,"January 05, 2012 at 01:11 AM",19,11,10,""
userid_578,Rosie,26,"May 03, 2011 at 05:28 PM",23,7,3,""
userid_583,Joel,61,"20 Apr 2010, 01:30",211,64,98,"2014,2015"
userid_1597,Caitlin,33,"03 Nov 2012, 17:21",29,6,7,""
userid_1550,Brittany,16,"14 Mar 2018, 17:04",12,0,2,""
userid_702,Lance,7,2009-04-24 13:58:39,10,1,4,""
userid_1069,Valerie,18,"June 08, 2013 at 09:41 PM",17,1,2,""
userid_802,Tyler,48,2013-05-21 20:25:53,52,24,15,""
userid_1384,Corby,56,"July 28, 2009 at 01:07 PM",61,44,16,""
userid_479,Timothy,11,2014-04-25 01:09:11,15,1,2,""
userid_419,Sean,26,2012-09-05 01:11:50,14,1,2,""
userid_582,Sarina,8,"08 Mar 2016, 07:40",29,0,1,""
userid_584,Melissa,147,"21 May 2012, 23:02",111,26,33,""
userid_215,Michael,16,2013-03-19 23:26:14,18,6,3,""
userid_993,Rhonda,75,2013-05-25 14:22:34,57,18,23,""
userid_856,Jennifer,16,"January 25, 2013 at 03:32 PM",13,6,6,""
userid_1529,Lexi,17,"11 May 2015, 19:57",17,0,5,""
userid_1539,Tonya,176,"20 Jan 2014, 00:31",251,76,98,"2018,2019,20,20,2021"
userid_50,eRnie,33,"10 Aug 2011, 01:40",50,8,16,""
userid_1830,nikki,10,"June 26, 2010 at 09:15 PM",20,0,3,""
userid_407,TT,20,"February 17, 2011 at 11:21 PM",15,3,5,""
userid_1118,Eric,43,"20 Jun 2013, 00:51",82,39,39,""
userid_1577,Sergio El Bailador,5,"29 Dec 2015, 02:31",3,1,1,""
userid_333,Chelsey,42,"January 07, 2016 at 06:05 PM",51,8,11,""
userid_212,Alexander,7,"04 Apr 2011, 15:22",2,0,1,""
userid_1326,Michael,35,"June 16, 2012 at 02:22 PM",36,6,11,""
userid_1288,Dionah,270,"01 May 2016, 18:42",462,145,289,"2016,2017,2018,2019,20,20,2021"
userid_628,Natalya,19,"July 29, 2012 at 08:25 PM",20,5,5,""
userid_1923,Holly,16,2013-08-24 16:46:14,17,1,3,""
userid_340,Leslie,10,2011-09-11 00:12:38,10,4,4,""
userid_45,Adela,22,2012-01-21 17:39:40,74,7,7,""
userid_553,Mia,7,"February 07, 2014 at 09:58 PM",1,0,0,""
userid_350,Sherry,15,"December 28, 2012 at 02:40 PM",21,3,2,""
userid_1265,Joy,13,"10 Jun 2013, 17:32",10,1,6,2021
userid_252,Chino,13,"September 27, 2016 at 02:46 PM",7,0,0,""
userid_1632,Jazz,6,"17 Nov 2015, 04:27",1,0,0,""
userid_1825,Heather,12,"February 11, 2013 at 04:53 PM",14,0,5,""
userid_676,Ronald,4,"03 Jan 2016, 23:58",5,0,0,""
userid_975,Richie,3,2012-11-18 23:19:44,4,1,0,""
userid_703,Magdalen,26,2017-10-11 14:46:27,7,0,5,""
userid_907,Jesus,3,"March 27, 2011 at 02:21 AM",0,0,0,""
userid_1207,Jill,2,2011-01-15 17:33:07,3,0,0,""
userid_672,Carol,18,2012-09-28 01:28:38,13,0,3,""
userid_774,Lindsay,15,"July 16, 2014 at 11:20 PM",13,1,5,""
userid_1147,Kassity,5,2012-08-31 20:19:22,1,0,1,""
userid_1943,Rose,176,2014-12-20 20:51:44,306,75,102,"2016,2017"
userid_335,Leah,83,2012-04-23 16:42:55,40,8,10,""
userid_1745,Albert,18,"January 06, 2015 at 05:26 AM",0,1,0,""
userid_1893,Lori,1,2012-10-14 17:03:31,1,0,1,""
userid_1946,Jake,128,"07 Apr 2012, 23:59",81,21,13,""
userid_1832,Foster,15,"July 12, 2014 at 06:21 PM",5,0,4,""
userid_361,Angelee,133,"04 May 2016, 18:29",105,20,31,""
userid_1675,Richard,33,2016-02-13 20:18:19,27,9,16,""
userid_173,Bruce,41,2014-01-23 19:14:09,44,9,14,""
userid_1590,Jess,8,"26 Jul 2014, 21:55",4,0,1,""
userid_1203,Ashley,25,"June 18, 2014 at 05:31 PM",11,2,6,""
userid_1600,Kyle,21,2013-01-24 20:39:21,28,10,1,""
userid_1036,Amanda,8,"August 19, 2011 at 11:55 PM",10,1,1,""
userid_1490,Jaana,253,"July 31, 2016 at 05:31 PM",225,96,100,"2017,2018,2019,20,20,2021"
userid_1518,John Brett,16,2014-08-10 00:59:56,1,1,1,""
userid_1713,Sabrina,3,2013-01-14 20:15:03,1,2,0,""
userid_1595,Vike,27,2014-12-19 15:54:41,40,27,27,""
userid_123,Leanne,14,"October 07, 2016 at 09:45 PM",2,1,0,""
userid_994,Romeo,29,2012-05-18 21:10:54,3,0,0,""
userid_1530,Carla,9,2017-04-29 19:39:11,5,0,3,""
userid_738,Stefanie,4,2014-08-13 20:44:05,0,0,0,""
userid_227,Melissa,36,2016-01-16 01:12:00,18,2,5,""
userid_510,Lauren,23,"28 Aug 2016, 16:31",7,1,8,""
userid_1586,Brett,3,2015-08-14 21:43:41,4,0,0,""
userid_1004,Shawna,19,"December 30, 2012 at 03:00 PM",19,4,4,""
userid_577,Megan,5,2016-08-05 21:32:23,1,0,1,""
userid_1531,Patti,5,2012-08-06 16:08:51,1,0,0,""
userid_707,Casey,23,"29 Jun 2014, 15:03",9,3,0,""
userid_242,Kersten,14,"March 25, 2016 at 08:44 PM",6,0,0,""
userid_266,Derek,6,"May 18, 2019 at 06:18 PM",1,0,0,""
userid_209,Jarrett,27,"24 Nov 2015, 21:31",21,2,4,""
userid_771,BJ,12,"July 09, 2016 at 08:04 PM",3,1,0,""
userid_299,Morethan,15,"July 05, 2013 at 01:33 AM",14,0,12,""
userid_219,Ron,21,"January 23, 2014 at 05:10 PM",25,1,1,""
userid_1720,Lindsay,86,"January 31, 2014 at 05:30 PM",69,7,25,"2019,20,20,2021"
userid_1350,Amanda,14,"July 23, 2016 at 01:59 PM",5,0,0,""
userid_722,Brendon,4,2015-03-15 22:45:42,1,0,1,""
userid_1415,Amy,10,2014-11-04 18:51:33,61,0,1,""
userid_1332,Christina,9,2014-03-14 12:38:45,6,1,4,""
userid_603,Mari,12,2013-12-28 03:26:32,3,1,0,""
userid_1957,Ted,11,"October 16, 2013 at 10:32 PM",6,1,0,""
userid_1935,diane,112,"January 15, 2011 at 06:58 AM",185,34,44,""
userid_777,Craig,1,"May 15, 2015 at 01:31 AM",0,0,0,""
userid_1077,Nichole,7,"21 Jan 2016, 15:15",4,1,1,""
userid_1013,Cossonie,8,"March 19, 2016 at 05:03 PM",1,1,0,""
userid_142,Ann-Marie,11,"May 21, 2011 at 05:49 PM",7,0,2,""
userid_81,P,26,"August 20, 2010 at 12:57 AM",27,12,5,""
userid_1666,John,40,"July 08, 2015 at 02:43 AM",45,2,29,""
userid_468,Chris,20,2014-09-11 21:13:50,3,0,2,""
userid_662,Robert,17,"June 07, 2009 at 02:37 AM",10,1,0,""
userid_184,Stephen,18,2013-08-23 18:25:35,17,7,5,""
userid_1133,Judy,193,2019-10-23 03:45:25,952,310,727,"20,20,2021"
userid_973,Laurie,12,"29 Apr 2012, 14:53",1,1,0,""
userid_1793,Christopher,154,"October 15, 2020 at 10:10 AM",16,0,5,""
userid_120,Victoria,11,"05 Mar 2021, 22:03",0,0,0,""
userid_1227,Katie,6,"June 08, 2011 at 08:27 PM",10,0,27,""
userid_1699,Inna,2,2020-06-15 17:42:14,0,0,0,""
userid_1843,Marisa,2,"December 04, 2011 at 01:41 AM",9,0,1,""
userid_1873,Casey,13,2011-05-05 23:52:45,33,9,9,""
userid_886,Peter,18,"August 17, 2012 at 10:33 PM",2,0,0,""
userid_135,Nazja,16,"17 Jan 2014, 14:27",10,2,1,""
userid_1124,Amanda,7,2015-04-19 20:09:01,8,0,0,""
userid_1348,Sarah,8,2017-04-17 13:55:31,0,0,0,""
userid_1030,Morgan,16,"31 Jan 2016, 18:09",16,1,3,""
userid_555,Scott,13,2013-04-29 21:08:08,28,1,1,""
userid_713,Vinay,15,"26 Jun 2011, 19:28",7,3,2,""
userid_233,Cran,8,"June 02, 2011 at 12:42 AM",24,6,5,""
userid_1902,Monica,7,"January 11, 2016 at 08:18 PM",4,0,0,""
userid_1827,Charlie,2,2012-02-14 01:15:13,2,0,0,""
userid_1502,Katie,3,2015-01-06 18:31:45,2,2,0,""
userid_1899,Sheranda,1,"23 Oct 2020, 17:34",0,0,0,""
userid_367,Terri,2,"05 Dec 2016, 14:52",3,0,0,""
userid_1823,Susan,5,"May 30, 2011 at 02:49 AM",18,6,2,""
userid_1689,Jessica,5,"November 04, 2014 at 09:27 PM",6,1,1,""
userid_136,Paul,5,"04 Jun 2014, 19:52",13,3,1,""
userid_544,Noah,7,2015-12-20 02:18:40,0,0,0,""
userid_918,Evy,22,"29 Aug 2013, 00:14",25,5,11,""
userid_780,Kimanh,9,"10 Mar 2015, 17:00",5,2,0,""
userid_257,Jade,16,2016-10-19 21:58:32,6,0,4,""
userid_1521,George,35,"20 Aug 2014, 04:13",13,1,3,""
userid_598,Andrea,5,2016-07-24 20:27:40,11,0,0,""
userid_190,Mary,7,"13 Dec 2013, 23:52",8,1,0,""
userid_847,Jane,4,2016-08-04 20:28:55,3,0,0,""
userid_648,Jessica,14,"August 07, 2013 at 06:16 PM",6,1,0,""
userid_451,elaine,7,"28 Nov 2010, 22:38",1,0,1,""
userid_1554,Cat,2,"30 Jan 2019, 14:22",0,0,0,""
userid_978,UnknownConfusion,6,"May 21, 2015 at 01:36 AM",4,1,1,""
userid_1405,Ed,9,"22 Feb 2018, 17:01",4,0,0,""
userid_1494,Adam,6,"18 Jun 2018, 05:31",8,4,0,""
userid_1050,Richarfd,6,2011-06-24 15:19:30,0,3,2,""
userid_1318,Rob,11,"May 03, 2011 at 05:55 PM",6,1,1,""
userid_1280,Kevin,4,2018-07-11 19:06:13,5,0,0,""
userid_1328,Matthew,22,"May 03, 2014 at 09:49 PM",21,7,3,""
userid_589,Anne,11,"November 09, 2010 at 09:17 PM",5,0,3,""
userid_1552,Ms,4,"July 27, 2019 at 11:32 AM",1,1,2,""
userid_841,Tom,5,2010-09-04 15:35:23,3,0,0,""
userid_1667,Jim,18,2012-02-23 16:26:47,10,2,1,""
userid_623,Jeff,13,"March 09, 2015 at 03:43 PM",1,0,0,""
userid_1763,Heather,4,"September 11, 2012 at 04:08 PM",6,1,1,""
userid_467,long squared,7,2011-07-25 04:01:26,2,1,0,""
userid_1037,Joyce,9,"19 Dec 2015, 23:34",2,0,0,""
userid_1569,Amy,14,"January 13, 2012 at 05:31 PM",24,4,2,""
userid_1730,Katharine,200,"December 18, 2015 at 05:55 PM",67,7,8,""
userid_1343,Christine,12,"April 09, 2016 at 02:24 PM",4,1,0,""
userid_1086,Raquel,5,2012-09-28 11:02:32,2,0,0,""
userid_715,Adam,42,"July 11, 2013 at 10:28 PM",19,3,4,""
userid_1563,S,8,"March 17, 2013 at 01:32 AM",4,0,1,""
userid_47,Katie,3,"06 Feb 2018, 19:37",1,0,0,""
userid_1629,Kelly,11,"November 21, 2018 at 02:34 AM",2,0,1,""
userid_1514,Steph,4,"April 18, 2011 at 06:18 PM",1,0,0,""
userid_255,Richard,12,"23 Feb 2015, 21:13",12,3,1,""
userid_75,Lauren,3,2018-02-15 16:28:29,0,0,0,""
userid_792,Mike,7,"15 Jul 2016, 04:04",1,0,1,""
userid_727,S,36,"January 31, 2013 at 09:31 PM",19,4,1,""
userid_1261,Kristin,34,"August 19, 2013 at 12:17 AM",25,14,8,""
userid_546,Tyler,66,"September 05, 2015 at 03:26 AM",8,0,7,""
userid_1774,Kacie,3,2014-02-11 19:06:45,3,0,1,""
userid_1755,Matt,2,"March 17, 2013 at 10:33 PM",0,0,0,""
userid_1062,John,26,2009-09-28 13:21:54,18,1,2,""
userid_1916,Jeffrey,22,2014-10-19 20:05:11,16,0,2,""
userid_1298,Trish,4,2010-10-27 21:57:39,4,240,0,""
userid_158,Kristofer,13,"April 07, 2009 at 06:03 AM",8,0,1,""
userid_846,Gerry,17,2011-07-09 17:32:38,21,4,4,""
userid_651,Elsie,14,2011-07-28 21:30:17,8,2,2,""
userid_220,Tara,263,2012-10-19 00:21:03,1299,589,708,"2012,2013,2014,2015,2016,2017,2018,2019,20,20,2021"
userid_80,Brenda,16,"29 Oct 2011, 13:52",19,6,3,""
userid_409,Brian,13,2012-06-29 16:45:49,3,0,1,""
userid_1884,Eric,15,2010-01-20 02:57:57,11,2,0,""
userid_1847,Zack,17,2009-07-30 23:39:44,16,1,2,""
userid_1269,Megan,12,"14 Nov 2008, 23:59",17,17,3,""
userid_734,Shelley,3,"April 24, 2011 at 02:21 AM",0,0,0,""
userid_104,Jason,61,2010-04-11 22:51:29,136,88,27,""
userid_881,Jenny,452,"August 21, 2012 at 12:05 AM",457,164,308,"2016,2017,2018,2019,20,20,2021"
userid_466,May,521,"May 26, 2010 at 03:44 AM",3439,1489,2593,"2013,2014,2015,2016,2017,2018,20,20,2021"
userid_1492,Allison,215,2012-04-07 17:21:03,337,97,121,"2016,2017"
userid_580,Michele,1,"15 May 2011, 23:13",0,0,0,""
userid_860,Jason,14,"June 26, 2011 at 02:03 AM",39,4,9,""
userid_773,Aaron,6,"03 Mar 2010, 22:41",3,0,0,""
userid_295,June,3,"January 08, 2011 at 05:45 PM",2,3,0,""
userid_199,Bonnie,7,2011-06-24 18:27:44,2,0,1,""
userid_1725,Christine,7,"20 Mar 2012, 18:35",6,0,2,""
userid_1174,Brian,20,"February 18, 2013 at 01:48 AM",3,0,0,""
userid_1685,Vanessa,127,2013-06-16 21:14:57,203,53,83,"2013,2014,2015"
userid_1515,Hannah,3,"February 04, 2013 at 08:32 AM",2,0,2,""
userid_728,Stephanie,82,"May 13, 2013 at 04:50 PM",103,24,16,""
userid_1918,Justin,6,2013-07-03 15:54:22,4,4,2,""
userid_1652,Andrew,47,2013-04-23 15:39:54,7,0,4,""
userid_959,John,9,"14 Feb 2015, 14:59",15,2,1,""
userid_1411,Louise,346,2012-10-26 16:31:56,773,249,337,"2016,2017,2018,2019,20,20,2021"
userid_1826,Carlie,4,"17 Jun 2013, 23:54",0,0,0,""
userid_1329,Danielle,6,"April 22, 2017 at 02:09 AM",2,1,3,""
userid_246,Chalea,461,"07 Oct 2014, 17:42",587,111,181,"2016,2017,2018,2019,20,20,2021"
userid_1646,Michael,10,"16 Nov 2012, 18:51",29,3,1,""
userid_478,Brandon,12,2014-08-10 20:23:12,64,10,1,""
userid_1352,Samalamb,29,2012-08-06 17:09:28,164,8,4,""
userid_1668,Nikki,9,2014-01-14 18:26:34,34,1,1,""
userid_1609,Aaron,3,"23 Jun 2013, 08:27",1,0,0,""
userid_1952,Christy,26,"September 30, 2012 at 01:14 AM",19,6,14,""
userid_820,Karan,38,"11 Feb 2014, 00:39",23,6,3,""
userid_673,Mary,2,2016-09-29 14:11:39,2,0,0,""
userid_1112,Jeremy,1,"14 Jun 2018, 02:54",4,3,2,""
userid_521,Jessica,12,2010-06-16 16:29:38,8,1,2,""
userid_27,Elizabeth,19,"August 07, 2010 at 11:33 PM",9,3,5,""
userid_8,Alyssa,4,2019-01-17 20:19:17,1,1,1,""
userid_417,Sidney,10,"02 Apr 2012, 13:13",4,2,0,""
userid_1768,Proteus,8,2018-11-04 17:35:36,1,0,1,""
userid_243,Mackenzie,3,"December 30, 2016 at 09:45 PM",1,0,0,""
userid_1953,Emma,4,"15 May 2018, 22:48",0,1,0,""
userid_1243,Samantha,5,2015-09-20 13:27:29,0,0,0,""
userid_1633,Alyssa,18,"January 27, 2019 at 02:42 AM",2,0,2,""
userid_1440,Annie,6,"January 18, 2013 at 02:38 AM",3,2,0,""
userid_1072,Kamryn,10,"08 Sep 2016, 00:25",1,0,2,""
userid_852,Jessica,4,"February 10, 2015 at 02:28 AM",0,0,1,""
userid_594,Kylie,2,2018-08-12 01:43:00,0,0,0,""
userid_319,Margaux,6,2014-08-05 07:30:50,14,1,0,""
userid_1795,Helene,6,"22 Dec 2012, 18:51",25,15,8,""
userid_436,Lindsey,5,"09 Jun 2015, 18:04",3,0,0,""
userid_1278,Craig,13,"03 Dec 2017, 21:50",2,0,0,""
userid_369,Victoria,5,"23 Jan 2016, 15:08",18,3,0,""
userid_776,Matt,2,2019-05-25 03:22:15,0,0,0,""
userid_1453,Darryl,7,"12 Jul 2014, 06:10",58,4,2,""
userid_41,Adrienne,9,2015-06-18 16:30:18,6,0,0,""
userid_622,Joe,14,"August 17, 2016 at 09:15 PM",12,1,3,""
userid_645,Michael,3,"22 Jul 2013, 15:34",2,0,1,""
userid_74,Peter,7,"03 Jun 2014, 23:49",8,2,3,""
userid_1007,Steven,2,"01 Jun 2019, 23:04",1,0,0,""
userid_1842,Alys,2,2019-07-26 00:27:40,0,0,0,""
userid_198,Sherry,26,"September 18, 2012 at 03:59 PM",12,0,10,""
userid_1758,Melanie,13,"03 May 2016, 19:34",9,2,2,""
userid_427,Malcolm,144,"07 Mar 2015, 00:40",348,252,306,"2017,2018,2019,20,20,2021"
userid_1483,Joey,7,"25 Jun 2014, 15:50",8,1,1,""
userid_811,M,11,"18 May 2015, 23:33",7,1,2,""
userid_1856,Stephanie,1,2016-11-19 23:19:11,1,1,1,""
userid_990,Heather,15,"01 Oct 2014, 18:08",15,0,14,""
userid_34,Brooke,18,"July 21, 2014 at 10:18 PM",4,0,0,""
userid_1614,Keith,27,"June 11, 2013 at 05:13 PM",32,11,13,""
userid_384,Kathey,16,2016-04-21 20:00:19,5,2,0,""
userid_1395,Lynn,10,"May 26, 2014 at 12:00 AM",9,0,2,""
userid_169,Marco,9,"18 Jul 2014, 09:53",2,1,0,""
userid_275,Joe,9,2010-01-07 22:51:54,13,5,10,""
userid_1951,Nicole,5,2014-03-26 00:05:06,4,1,0,""
userid_1919,Joey,3,"March 11, 2015 at 11:28 PM",0,0,0,""
userid_1821,Jeriese,51,"02 Jan 2014, 21:28",75,27,8,""
userid_637,Elizabeth,5,2011-08-10 02:24:56,8,2,0,""
userid_320,Mike,51,2012-04-30 00:11:10,33,9,8,""
userid_1711,Johanna,9,"10 Oct 2013, 06:39",6,1,2,""
userid_796,Bo,4,"15 May 2019, 15:27",0,0,0,""
userid_1533,Paula,10,"06 May 2016, 15:53",0,0,1,""
userid_132,Jessica,7,2013-07-26 11:07:54,8,3,5,""
userid_493,Chris,8,"04 Jan 2012, 00:08",3,0,1,""
userid_1641,Thomas,9,2014-05-30 21:39:00,7,2,3,""
userid_1736,Penny,8,"29 Dec 2016, 12:17",13,6,0,""
userid_368,Bill,4,"17 Jul 2020, 03:25",0,0,0,""
userid_469,Meghan,3,2015-01-08 01:48:35,0,0,0,""
userid_934,Jessie,3,"22 May 2014, 17:18",1,0,0,""
userid_1161,Irene,19,"07 Nov 2016, 19:15",7,0,0,""
userid_807,Dorian,16,"August 26, 2017 at 03:12 PM",10,1,0,""
userid_359,Brad,6,"16 Nov 2016, 17:01",26,1,0,""
userid_344,Tori,8,"May 12, 2021 at 05:40 PM",2,0,0,""
userid_1616,Dianne,13,"09 Jan 2015, 23:34",3,1,1,""
userid_143,Kris,9,"08 Jun 2010, 21:14",9,0,0,""
userid_318,Megan,8,"23 Jan 2016, 01:34",5,1,3,""
userid_848,Steven,4,"December 05, 2010 at 06:24 AM",6,3,0,""
userid_1143,Jennifer,6,"16 Aug 2014, 03:23",1,0,0,""
userid_441,Mara,3,"23 Jul 2013, 22:21",1,0,0,""
userid_304,Ed,32,2010-03-28 00:35:11,175,26,13,""
userid_1746,Nealy,4,"January 03, 2021 at 05:28 PM",0,0,0,""
userid_127,Stasha,8,"04 May 2014, 19:46",8,0,3,""
userid_1498,Fatima,2,"13 Jul 2012, 03:11",4,1,0,""
userid_1148,Kaitlynn,9,"01 Mar 2020, 05:07",0,0,1,""
userid_183,T,6,2014-02-15 00:32:05,1,0,0,""
userid_779,Scott,14,"02 Dec 2014, 23:30",14,2,6,""
userid_1299,Marc,1,2009-06-30 12:27:35,0,0,0,""
userid_1471,Kevin,15,"06 Jun 2013, 22:42",12,7,3,""
userid_1692,Samantha,5,"February 09, 2021 at 06:01 PM",0,0,0,""
userid_1767,Hannah,3,"July 28, 2018 at 01:38 AM",0,0,0,""
userid_1889,Tom,2,"July 21, 2020 at 06:35 PM",0,2,0,""
userid_1872,Chris,1,"09 Oct 2019, 13:44",0,0,0,""
userid_1378,Hank,2,"26 Jan 2020, 21:20",0,0,0,""
userid_88,Heather,10,"January 03, 2020 at 02:49 AM",3,0,1,""
userid_1201,Lindsay,4,2020-07-24 04:11:20,0,0,0,""
userid_1501,Rouge,9,"October 26, 2012 at 08:01 PM",45,12,8,""
userid_772,Nathan,1,"June 02, 2012 at 02:32 PM",0,0,0,""
userid_1913,Eric,9,"27 Aug 2017, 20:51",8,0,0,""
userid_1557,Tanya,4,"June 26, 2015 at 05:19 PM",1,0,0,""
userid_259,William,2,"18 Mar 2021, 23:15",0,0,0,""
userid_1043,Phil,1,"July 01, 2021 at 09:16 PM",0,0,0,""
userid_1871,Eric,36,"April 28, 2016 at 09:31 PM",108,42,19,""
userid_655,Cheryl,5,"September 10, 2016 at 08:57 PM",0,0,0,""
userid_891,Morgan,4,2019-06-12 22:06:01,1,0,0,""
userid_1150,Natalia,2,"February 09, 2015 at 08:19 PM",1,0,0,""
userid_1780,Dan,7,2020-01-01 01:57:19,1,0,0,""
userid_1374,Matt,10,2012-01-20 21:56:38,0,0,0,""
userid_1773,Polina,2,"22 Aug 2015, 21:12",1,0,0,""
userid_514,Margaret,34,"15 Jan 2013, 23:56",23,0,4,""
userid_1312,Mariana,7,"June 01, 2014 at 05:41 PM",9,0,0,""
userid_1560,Jeff,2,"17 Oct 2015, 18:47",1,0,0,""
userid_26,Lori,4,"December 30, 2013 at 05:37 PM",0,0,0,""
userid_1673,John,4,2015-09-26 01:16:49,5,0,1,""
userid_731,R,17,"December 09, 2017 at 05:06 PM",4,1,1,""
userid_1310,Shani,1,"May 18, 2015 at 11:45 PM",4,0,0,""
userid_1355,Teresa,7,"April 26, 2011 at 10:07 AM",9,0,3,""
userid_940,Thai,406,2007-03-26 16:54:03,650,449,448,"2009,2010,2011,2012,2013,2014,2015"
userid_592,Frank,48,"14 Nov 2007, 18:24",39,6,16,""
userid_496,Ron,6,2011-05-13 23:44:19,7,0,1,""
userid_399,Danielle,2,2011-07-05 15:29:23,9,0,0,""
userid_114,Nish,144,2009-10-17 04:59:18,325,110,86,"2010,2011"
userid_1382,Michael,29,2010-11-15 00:49:46,52,9,12,""
userid_1371,Jennifer,119,"October 20, 2009 at 07:30 PM",119,32,53,""
userid_1973,Mary,27,2012-01-17 16:58:06,33,9,1,""
userid_675,Rebecca,4,"January 01, 2012 at 01:30 AM",3,0,2,""
userid_410,Gunnar,4,2012-11-24 03:48:41,11,0,2,""
userid_693,Steven,40,"19 Oct 2015, 02:09",15,2,3,""
userid_113,Samuel,6,"November 07, 2018 at 09:12 PM",5,1,2,""
userid_1596,Kelvin,7,2017-01-14 20:13:43,2,0,0,""
userid_147,Ashley,19,2011-01-26 18:34:53,15,5,8,""
userid_49,Daniel,24,"27 Apr 2017, 00:34",39,12,29,""
userid_108,Elizabeth,1,"September 19, 2016 at 12:59 AM",0,0,0,""
userid_131,Lindsey,13,"March 11, 2016 at 07:18 PM",11,2,1,""
userid_1760,Hayden,6,"July 02, 2016 at 03:07 AM",3,3,2,""
userid_1599,Iris,16,"January 11, 2014 at 07:03 AM",15,3,2,""
userid_449,Ron,18,2010-01-17 17:35:14,35,10,6,""
userid_935,Chelsey,7,2016-03-04 03:53:07,3,1,0,""
userid_1970,Emily,8,"February 29, 2012 at 12:08 AM",3,1,1,""
userid_501,Ashley,3,"July 22, 2011 at 11:43 PM",0,0,0,""
userid_671,Aron,13,2012-10-13 02:39:26,6,0,0,""
userid_1900,Amy,83,"23 Aug 2013, 14:46",47,4,15,""
userid_1420,Manu,34,"September 29, 2013 at 05:01 PM",33,4,17,""
userid_857,Adrianna,6,"October 26, 2012 at 12:08 AM",9,1,2,""
userid_309,Kiyomi,35,2012-09-09 02:04:15,30,3,6,""
userid_1612,Travis,5,"October 15, 2013 at 08:13 PM",6,0,1,""
userid_1339,Jim,67,2012-03-18 18:12:04,73,35,35,""
userid_531,Benjamin,1,2014-09-12 16:22:05,11,3,0,""
userid_439,Jon,4,"June 20, 2017 at 06:51 PM",2,0,1,""
userid_1259,Juan,12,"10 Sep 2012, 06:41",9,4,2,""
userid_557,Liz,9,"22 Apr 2012, 22:22",11,4,3,""
userid_1401,Mandy,5,"July 14, 2014 at 02:32 AM",4,2,2,""
userid_1992,Queen Bee's Kitchen,11,2012-10-18 11:12:36,4,2,1,""
userid_1389,Tracy,7,2013-04-27 01:01:08,5,0,1,""
userid_1122,Karen,37,"26 Aug 2013, 19:47",44,7,5,""
userid_462,Erika,129,2011-07-15 12:17:31,239,67,134,"2018,2019,20,20,2021"
userid_264,Leanne,1,"01 Jul 2017, 12:19",0,0,0,""
userid_895,Beth,4,"December 03, 2014 at 12:48 AM",1,2,0,""
userid_418,Z,10,"16 Apr 2013, 20:37",14,3,4,""
userid_620,William,10,"14 Dec 2013, 23:14",7,0,2,""
userid_1139,Christina,14,"31 Dec 2016, 00:16",7,1,2,""
userid_1215,Marci,6,"February 20, 2013 at 02:39 AM",2,1,0,""
userid_1828,Kellin,3,"July 30, 2015 at 05:24 PM",8,0,0,""
userid_1945,Andrej,3,"December 20, 2015 at 02:06 AM",2,2,1,""
userid_1187,Kaden,1,"April 14, 2019 at 01:58 AM",5,0,0,""
userid_1210,Kyle,2,2018-08-20 23:50:34,0,1,0,""
userid_210,Annalika,2,2016-06-24 03:16:47,3,0,0,""
userid_1363,Amanda,31,"July 25, 2013 at 10:45 PM",12,2,5,""
userid_1747,Sarah,3,"July 07, 2019 at 08:57 PM",2,1,0,""
userid_11,Janet,2,"July 10, 2014 at 08:30 PM",1,2,0,""
userid_572,Mar,82,"15 Apr 2015, 21:38",84,9,11,""
userid_70,Robin,1,"29 Nov 2016, 23:20",2,0,0,""
userid_1061,Larry,96,2017-06-06 23:44:10,54,15,27,""
userid_1868,B,15,"January 22, 2012 at 01:44 PM",9,3,2,""
userid_28,Kelly,4,2019-08-18 02:53:42,1,0,0,""
userid_93,Natalie,4,"July 29, 2011 at 10:15 PM",0,0,0,""
userid_40,Tyler,19,2020-01-05 19:03:42,8,1,4,""
userid_25,Stacey,9,"06 Oct 2016, 21:13",11,0,1,""
userid_1650,Doriann,2,"22 Jan 2015, 01:24",0,0,0,""
userid_504,KevinLori,3,"28 May 2012, 02:06",4,0,0,""
userid_1170,Rodrigo,14,"August 28, 2013 at 04:30 PM",13,1,4,""
userid_911,Ty,12,2017-07-19 17:28:56,20,6,15,""
userid_1944,Orion,13,"22 Oct 2017, 16:07",3,4,0,""
userid_1948,K,4,2010-06-23 03:53:17,15,1,0,""
userid_735,Nathan,1,"April 22, 2018 at 10:00 PM",0,0,0,""
userid_311,Derek,2,"May 29, 2014 at 11:29 PM",0,0,0,""
userid_1101,Jenae,1,2016-06-13 19:58:37,0,0,0,""
userid_1848,Jenna,3,"August 09, 2011 at 03:47 PM",2,0,0,""
userid_682,Julian,1,2015-05-20 05:23:19,0,0,0,""
userid_1734,Jen,13,2018-05-14 14:44:59,3,1,1,""
userid_1285,Courtney,2,"August 11, 2019 at 03:02 PM",0,0,0,""
userid_370,Tami,18,"October 17, 2013 at 03:49 AM",14,10,11,""
userid_981,Will,7,2017-12-08 17:37:35,1,1,0,""
userid_1334,Connor,1,"May 27, 2015 at 03:58 PM",0,0,0,""
userid_658,Christi,39,2010-06-27 22:01:13,49,6,4,""
userid_459,Theresa,2,2021-07-26 11:33:02,0,0,0,""
userid_116,Jack,4,"08 Jul 2017, 01:11",0,0,0,""
userid_366,Jonathan,17,"January 11, 2013 at 07:24 PM",17,7,4,""
userid_1300,Joseph,1,"03 Dec 2014, 06:02",0,0,0,""
userid_630,Denise,14,"October 06, 2013 at 06:23 PM",3,0,0,""
userid_1324,Angela,6,2014-09-01 23:36:08,1,0,0,""
userid_97,Jason,4,"25 Oct 2016, 16:28",0,0,0,""
userid_1234,Peggy,1,"10 Jun 2013, 17:32",1,0,0,""
userid_1947,Robert,3,2021-08-21 01:52:35,0,0,0,""
userid_83,Will,3,"December 22, 2014 at 11:02 PM",2,0,0,""
userid_1024,Dante,5,2018-05-09 23:47:54,0,0,0,""
userid_692,Randall,14,2013-03-10 17:26:59,10,0,2,""
userid_22,Randal,1,2015-04-02 01:59:11,0,0,0,""
userid_61,Bennett,1,"August 08, 2015 at 08:11 PM",0,0,0,""
userid_1783,Elena,4,2013-12-29 05:25:20,8,1,0,""
userid_1624,S.,4,"14 Jul 2016, 02:05",2,0,0,""
userid_1323,Ron,3,2012-11-15 19:29:45,0,0,0,""
userid_977,Deanna,5,"25 Aug 2017, 16:40",8,1,0,""
userid_1366,Haidee,2,"May 03, 2019 at 02:29 AM",3,0,0,""
userid_1739,Linda,7,"February 26, 2016 at 01:21 PM",25,0,1,""
userid_812,Jodi,6,"23 Nov 2017, 01:12",4,1,0,""
userid_657,D,17,2010-12-13 06:40:49,29,6,4,""
userid_892,Rachel,4,2014-10-10 17:27:45,0,0,0,""
userid_1803,Kristi,8,"02 Nov 2012, 20:07",0,1,1,""
userid_1186,Sumaya,1,"December 04, 2020 at 03:36 AM",0,0,0,""
userid_483,Bill,6,"February 02, 2012 at 10:20 PM",8,0,1,""
userid_542,Larry,3,2015-08-31 17:44:09,0,0,0,""
userid_1822,jay,5,2010-05-13 18:34:58,1,0,0,""
userid_824,Christopher,4,2018-07-27 18:01:24,0,0,0,""
userid_1022,Jeffrey,3,"June 27, 2020 at 03:38 AM",0,0,0,""
userid_564,Chris,1,"September 06, 2018 at 09:30 PM",0,0,0,""
userid_1081,Ryan,5,"August 13, 2019 at 10:04 PM",2,0,1,""
userid_1107,Finas,5,"31 Jul 2019, 21:03",0,2,0,""
userid_43,Geoffrey,6,"January 30, 2017 at 06:30 PM",4,0,1,""
userid_331,Stacey,4,2019-04-12 21:31:49,0,0,0,""
userid_756,R,20,"August 22, 2011 at 02:46 AM",7,0,0,""
userid_942,Terry,2,"09 Apr 2016, 10:40",1,0,0,""
userid_130,Joi,281,"13 May 2010, 20:21",1506,785,986,"2012,2013,2014,2015,2016,2017,2018"
userid_1,Colleen,8,2011-04-02 18:56:16,8,1,3,""
userid_381,Kayre,222,2009-03-28 06:07:31,400,96,140,"2010,2011,2012,2013,2015,2016,2017"
userid_372,Aimee,8,"May 04, 2010 at 03:37 PM",18,0,4,""
userid_957,Eric,2,"June 24, 2011 at 06:06 PM",5,1,1,""
userid_502,Michael,121,"24 Nov 2008, 20:40",370,195,146,""
userid_511,Cody,8,"04 Oct 2010, 15:10",18,7,9,""
userid_1297,Kristina,20,2010-12-31 03:43:59,13,0,1,""
userid_1932,Nate,7,2012-08-19 15:37:41,8,5,6,""
userid_817,Ben,12,"July 23, 2010 at 02:14 PM",18,3,3,""
userid_1631,Andrea,16,2012-03-25 15:46:56,24,1,8,""
userid_896,Tracy,9,2012-11-16 06:50:10,11,1,1,""
userid_455,Cory,5,"July 10, 2010 at 06:12 PM",12,0,0,""
userid_84,Helena,6,"May 05, 2017 at 01:41 AM",3,1,1,""
userid_1987,Stacy,37,2011-06-13 17:10:04,27,3,4,""
userid_1540,Eric,1,"20 Mar 2013, 18:29",1,0,0,""
userid_1703,Chris,28,2010-02-27 21:31:36,11,1,2,""
userid_1206,Cara,1,2015-12-13 00:51:19,0,0,0,""
userid_945,Fiorella,2,2016-05-08 04:31:48,29,0,0,""
userid_1094,Beverly,6,"04 Sep 2012, 23:52",8,7,7,""
userid_302,Byron,18,"02 Aug 2012, 14:53",7,1,1,""
userid_2,Maryellen,14,"June 10, 2015 at 02:18 PM",6,1,1,""
userid_1562,Kelly,4,2017-10-06 21:36:54,0,0,0,""
userid_1643,Dyana,4,2012-09-09 21:03:47,14,1,2,""
userid_1584,Yarim,9,"09 Nov 2015, 02:22",0,0,0,""
userid_194,Chris,20,"March 18, 2014 at 08:12 PM",20,8,10,""
userid_1135,Rich,1,"05 Jun 2012, 23:09",0,0,0,""
userid_513,Kristie,294,"23 Feb 2013, 22:49",689,109,236,"2018,2019,20,20,2021"
userid_954,Krystle,9,2012-09-15 19:56:47,25,2,1,""
userid_710,Jorge,11,"01 Jul 2012, 15:02",4,0,2,""
userid_1993,Elizabeth,6,"March 06, 2017 at 06:38 PM",2,0,1,""
userid_1504,Carly,7,2015-06-12 01:00:25,3,0,0,""
userid_1273,Shaunda,8,2012-10-26 00:24:06,17,1,3,""
userid_842,Sally,45,2016-02-21 19:02:44,3,0,3,""
userid_903,Diana,6,"24 Apr 2011, 00:25",5,0,0,""
userid_1639,Jeff,6,"01 Aug 2010, 00:37",1,0,0,""
userid_170,Raeann,2,2017-06-21 12:45:06,0,0,0,""
userid_1058,Neil,8,2017-01-09 00:27:15,3,0,0,""
userid_921,Cat,5,"06 Dec 2012, 00:25",3,0,0,""
userid_1057,Allison,7,"25 Jul 2017, 01:26",1,0,0,""
userid_894,George,7,"14 Jun 2015, 20:56",1,1,0,""
userid_1986,Jacob,1,2014-08-21 20:09:41,2,1,0,""
userid_200,Miklos,48,"13 Oct 2015, 01:23",33,20,3,""
userid_1443,Diana,37,"September 09, 2011 at 04:00 PM",29,2,10,""
userid_986,Michaela,12,"02 Apr 2016, 22:53",10,7,8,""
userid_619,Kate,8,"08 Dec 2015, 16:42",5,0,1,""
userid_1735,Durwin,15,"15 May 2018, 18:27",1,1,0,""
userid_712,Julia,3,"16 Jun 2017, 20:32",0,0,0,""
userid_1301,June,10,2014-04-23 20:46:04,7,1,3,""
userid_1882,Brian,6,"July 21, 2015 at 04:17 PM",1,0,0,""
userid_1717,Peter,10,"December 28, 2016 at 12:24 AM",4,4,5,""
userid_1084,Jenna,1,2019-03-30 04:49:42,4,0,0,""
userid_1351,Brian,8,2016-03-30 02:56:55,2,0,0,""
userid_222,Randi,2,"13 Feb 2012, 01:36",3,0,0,""
userid_1965,Giuliano,10,2017-05-25 03:57:54,3,1,1,""
userid_1627,Katie,1,"September 01, 2014 at 09:42 PM",1,0,1,""
userid_570,Gary,9,"November 22, 2011 at 01:17 PM",7,0,1,""
userid_1588,Christina,2,"April 06, 2015 at 12:07 AM",2,0,0,""
userid_1137,Erin,1,2019-06-14 21:05:04,0,0,0,""
userid_400,James,19,"August 31, 2012 at 05:46 PM",6,1,2,""
userid_1110,John,6,"30 Dec 2015, 20:46",3,0,1,""
userid_1988,Ben,4,2014-03-30 22:03:40,0,0,0,""
userid_406,Rachel,4,"August 18, 2016 at 09:13 PM",2,1,0,""
userid_1123,Durniel,9,"March 04, 2015 at 01:57 AM",3,2,0,""
userid_230,Ajna,2,2016-09-28 21:47:27,0,0,0,""
userid_1467,Sabrina,2,2019-10-16 09:08:38,0,0,0,""
userid_914,Julie,4,"February 13, 2016 at 03:33 PM",1,0,0,""
userid_1677,Sonnie,5,"03 Dec 2011, 16:13",2,0,0,""
userid_593,Rachel,3,2016-11-18 05:33:16,1,0,0,""
userid_1682,Courtney,5,"August 27, 2014 at 12:47 AM",2,0,2,""
userid_763,Michelle,5,"11 Aug 2013, 21:45",2,0,1,""
userid_167,Mark,1,"November 05, 2014 at 08:28 PM",4,0,0,""
userid_437,Samantha,12,"15 Sep 2014, 00:13",15,5,2,""
userid_52,Fredia,8,2011-05-15 19:50:25,4,0,2,""
userid_3,Michael,1,"December 06, 2014 at 02:42 PM",0,0,0,""
userid_19,Jeannie,13,"19 Jan 2011, 14:48",2,0,0,""
userid_923,S,7,2019-01-30 22:42:11,1,0,0,""
userid_536,Morgan,6,"10 May 2017, 19:48",1,1,1,""
userid_919,Tise,5,2018-02-10 13:20:08,1,0,0,""
userid_63,Danielle,25,2017-11-12 02:05:57,30,3,12,""
userid_922,Brooke,6,2019-12-28 14:55:44,1,0,0,""
userid_1642,Gary,2,"12 Jul 2014, 02:18",0,0,0,""
userid_315,Ben,2,"17 Nov 2012, 16:11",0,0,0,""
userid_179,Derek,21,"November 01, 2010 at 01:11 AM",21,1,7,""
userid_388,E,24,2012-12-23 05:02:46,16,1,4,""
userid_1083,Nanette,4,"July 28, 2016 at 11:49 AM",8,0,0,""
userid_1892,Luke,7,"December 17, 2018 at 07:50 PM",3,0,1,""
userid_961,David,35,"August 14, 2009 at 12:56 AM",33,6,9,""
userid_1704,Morgan,8,"19 Jul 2015, 18:27",8,5,2,""
userid_704,Kenneth,1,"03 Jun 2011, 20:39",0,0,0,""
userid_1173,Anne,1,2011-05-10 07:11:15,3,0,1,""
userid_457,Raphael,1,"10 Jan 2020, 18:35",0,0,0,""
userid_188,Debbie,26,"April 28, 2014 at 06:59 PM",32,8,2,""
userid_808,Didi,5,"June 26, 2013 at 05:16 PM",2,0,0,""
userid_666,David,4,"14 Apr 2010, 22:55",0,0,0,""
userid_1949,Anna,7,"May 06, 2015 at 12:58 AM",3,0,0,""
userid_742,Jimmy,14,"21 Apr 2016, 13:12",7,1,0,""
userid_464,Melanie,7,2011-09-10 22:59:08,6,0,1,""
userid_1553,Jenifer,1,2012-05-21 13:52:14,0,0,0,""
userid_438,Michael,17,"December 11, 2012 at 01:46 AM",9,0,2,""
userid_261,Kent,4,"February 02, 2021 at 08:51 PM",0,0,0,""
userid_1938,Sara,1,"09 Apr 2016, 21:39",1,1,0,""
userid_832,Kelli,1,2020-05-26 01:37:52,0,0,0,""
userid_588,Cory,2,"October 01, 2012 at 11:24 PM",4,2,0,""
userid_587,Amanda,3,"July 28, 2017 at 05:43 AM",3,0,0,""
userid_485,Bob,3,"19 Jan 2014, 16:43",3,0,0,""
userid_475,Lorena,4,"23 Aug 2021, 20:13",0,0,0,""
userid_310,Anna,10,"May 19, 2017 at 10:46 PM",3,1,2,""
userid_110,TonyC,5,"24 Jul 2018, 22:44",9,3,1,""
userid_356,Mark,1,"December 21, 2016 at 12:40 AM",1,0,0,""
userid_823,Jenna,3,2017-12-31 01:16:08,1,0,0,""
userid_172,Liz,2,2015-02-13 20:18:54,3,0,0,""
userid_876,Robert,1,"February 29, 2016 at 06:56 AM",1,3,1,""
userid_687,Karen,1,"09 Mar 2012, 21:05",5,0,1,""
userid_1545,Katie,13,"August 06, 2014 at 08:06 PM",11,1,0,""
userid_1679,Jay,6,"15 Jan 2013, 05:07",8,5,4,""
userid_649,Alex,3,2014-06-20 14:26:36,10,1,1,""
userid_1006,Joslyn,2,2018-02-23 03:54:19,0,0,0,""
userid_1074,Faye,12,"October 30, 2014 at 04:25 AM",20,1,9,""
userid_1307,R.S.,4,"01 Oct 2015, 05:28",0,0,0,""
userid_46,Blanca,6,2013-11-12 16:02:29,8,0,0,""
userid_1032,Lo,6,2018-05-29 02:52:38,4,0,0,""
userid_1757,Jeremy,3,2012-11-26 03:29:23,2,1,0,""
userid_1281,Sherry,2,2013-11-12 22:34:43,2,0,0,""
userid_1657,Logan,12,"19 May 2012, 18:23",14,4,4,""
userid_767,Haakon,2,2020-07-08 00:08:23,0,0,0,""
userid_1853,Amy,2,"11 Feb 2017, 22:50",0,1,0,""
userid_1141,Stan,3,"03 Mar 2020, 20:07",0,0,0,""
userid_1548,Larry,1,"18 Mar 2017, 15:40",0,0,0,""
userid_1479,Patrick,3,"26 Jul 2015, 13:11",1,0,0,""
userid_153,Madalyn And Zoe,5,"August 14, 2020 at 01:43 AM",1,0,1,""
userid_103,Gerry,61,2010-04-21 23:18:17,35,11,20,""
userid_1475,Karen,1,"26 Jan 2020, 03:07",0,0,0,""
userid_528,Mitch,22,2017-07-04 15:46:47,4,2,2,""
userid_413,David,1,"September 20, 2021 at 10:06 PM",1,0,0,""
userid_76,Meem,5,"September 10, 2011 at 04:58 AM",12,0,3,""
userid_984,Alexandra,1,2013-08-11 13:46:52,0,0,0,""
userid_928,Tim,3,"February 18, 2014 at 02:43 AM",2,0,1,""
userid_1059,Brooke,8,2012-03-03 19:28:48,7,3,2,""
userid_1460,Dan,2,"November 01, 2014 at 11:21 PM",0,0,0,""
userid_1431,Melissa,4,2016-01-06 23:48:07,4,0,0,""
userid_1239,Eric,2,"April 13, 2017 at 02:15 PM",0,0,0,""
userid_1267,Maitlyn,1,2020-11-14 19:38:46,0,0,0,""
userid_815,Matt,8,"December 26, 2013 at 05:33 PM",2,0,0,""
userid_482,Bryce,1,"April 28, 2015 at 12:31 AM",0,0,0,""
userid_1478,M'ya,1,"24 Jun 2021, 21:07",0,0,0,""
userid_1169,Loralee,3,"01 Jul 2013, 03:39",2,0,0,""
userid_1870,Greg,2,"August 28, 2009 at 08:31 PM",0,0,0,""
userid_1656,Adrian,22,2011-05-05 01:51:33,15,8,3,""
userid_974,Dawn,97,2010-05-24 16:15:14,113,19,31,""
userid_794,Stephen,2,"16 Feb 2010, 18:45",1,2,1,""
userid_1976,Sylvia,35,2011-01-24 21:00:54,19,1,4,""
userid_1776,T,11,2009-04-20 06:13:25,10,2,1,""
userid_879,Bart,2,"21 Nov 2010, 03:02",3,3,3,""
userid_751,J,372,"23 Oct 2009, 17:07",387,98,70,""
userid_1055,Brandon,3,"September 01, 2009 at 02:21 AM",2,0,0,""
userid_1770,Eric,22,2010-08-12 22:17:16,28,17,9,""
userid_952,Addie,435,"27 Jul 2010, 04:44",794,231,426,"2013,2014,2015,2016,2017,2018,2019,20,20,2021"
userid_1788,Joan,4,"March 17, 2012 at 02:42 PM",1,0,1,""
userid_1804,Liam,125,"02 Aug 2009, 23:44",133,57,30,2012
userid_1367,Brittany Z.,155,2009-12-28 21:15:09,285,58,38,""
userid_1694,DearCiera,12,"July 04, 2012 at 06:45 PM",16,4,8,""
userid_424,Karen,2,"March 08, 2016 at 03:39 PM",0,0,0,""
userid_686,Edgar,1,2016-02-20 02:24:38,5,0,0,""
userid_1753,Not,6,"01 Jan 2015, 23:41",3,0,1,""
userid_781,Melyssa,6,2015-07-01 17:53:58,1,0,0,""
userid_414,Danqi,2,"August 20, 2015 at 12:23 PM",3,2,2,""
userid_234,Crystal,3,"July 15, 2013 at 04:55 PM",9,0,0,""
userid_783,Lakisa,8,2017-02-17 00:41:49,2,1,2,""
userid_1779,Aleena,3,2012-10-05 20:56:07,62,0,7,""
userid_1610,Carley,1,"09 Jan 2014, 19:53",1,0,1,""
userid_626,Stacey,13,"04 Dec 2009, 00:32",17,2,1,""
userid_1990,Danielle,1,"17 May 2015, 23:32",0,0,0,""
userid_1517,Laura,1,"December 12, 2012 at 01:00 AM",2,0,0,""
userid_683,Amanda,1,2015-07-20 15:58:22,2,0,0,""
userid_1402,jeffro,6,2006-08-29 04:04:09,3,0,0,""
userid_1085,Alexis,4,"February 06, 2014 at 06:56 AM",2,0,0,""
userid_1623,Michelle,29,2011-02-21 17:54:48,41,20,18,""
userid_1907,Kelly,21,"08 Sep 2012, 02:05",15,1,6,""
userid_1485,Matt,17,"16 Jul 2013, 05:03",16,2,8,""
userid_579,Micah,9,"17 Nov 2012, 01:26",8,2,7,""
userid_527,Ian,2,2016-06-26 04:19:08,0,0,0,""
userid_1131,Alissa,11,"June 24, 2013 at 06:34 PM",4,2,0,""
userid_1759,Stephen,7,"November 20, 2011 at 10:54 PM",16,5,3,""
userid_1885,Y,24,"August 31, 2013 at 02:02 AM",1,0,0,""
userid_1812,Eydie,2,"12 Dec 2010, 17:30",1,1,2,""
userid_1672,nancy,4,"07 Apr 2011, 16:23",0,0,0,""
userid_1875,Monica,10,2012-07-28 23:41:25,3,0,2,""
userid_838,Chelsea,19,"August 16, 2015 at 07:48 PM",38,6,3,""
userid_1989,Jacky,6,"August 17, 2011 at 08:09 PM",2,1,0,""
userid_873,Randy,4,"04 Aug 2010, 19:49",2,0,0,""
userid_328,Natalie,9,2017-05-23 20:24:15,1,0,1,""
userid_641,Betsy,17,"21 Jun 2016, 22:38",4,0,0,""
userid_1524,Merari,17,2015-01-02 17:42:39,71,4,2,""
userid_297,Marci,5,2012-12-30 17:25:44,8,2,1,""
userid_1003,Julie,2,2015-08-02 12:55:50,1,1,0,""
userid_362,Jane,28,2019-03-12 06:11:13,14,1,11,""
userid_35,Arunas,2,2019-03-24 17:52:10,0,0,0,""
userid_1863,Cain,13,2018-01-07 01:39:10,2,1,1,""
userid_1346,Tracey,2,"05 Feb 2016, 17:38",0,0,0,""
userid_1766,Nicole,4,"May 16, 2016 at 03:23 PM",1,0,0,""
userid_274,M,25,2014-01-02 23:03:02,0,0,0,""
userid_1060,Allan,2,"02 Jan 2017, 02:24",1,0,0,""
userid_432,Spanky,3,"June 15, 2011 at 03:12 AM",0,0,0,""
userid_1408,Tien,6,"18 Dec 2014, 13:46",0,2,0,""
userid_1264,Anna,8,2013-03-01 06:33:12,0,0,0,""
userid_1092,Trudi,6,2014-02-02 16:07:21,2,0,3,""
userid_931,Debbi,2,"August 18, 2019 at 06:16 PM",0,0,0,""
userid_1396,James,3,2018-04-01 13:50:23,3,0,0,""
userid_1797,Omar,170,"07 Aug 2010, 02:38",137,27,26,""
userid_1617,Chiqui,21,"January 15, 2013 at 02:56 PM",13,2,3,""
userid_1067,Indijana,2,"July 25, 2017 at 01:53 AM",1,0,0,""
userid_998,Mike,1,"04 Jun 2017, 13:56",0,0,0,""
userid_336,Joe,3,"26 Nov 2011, 21:27",3,1,1,""
userid_660,karen,4,"August 24, 2011 at 07:25 PM",15,4,1,""
userid_1358,Alex,5,"14 Sep 2012, 03:47",0,0,0,""
userid_1869,Chris,6,"10 Feb 2013, 01:14",4,0,0,""
userid_1213,Lisa,4,"14 Apr 2012, 15:55",4,0,1,""
userid_1888,Rove,3,"21 Nov 2011, 03:38",0,0,0,""
userid_4,Wilzer,1,"28 Aug 2015, 21:39",0,0,0,""
userid_1034,Tom,1,"December 07, 2019 at 01:30 AM",5,0,0,""
userid_1223,Gary,2,"24 Sep 2013, 02:57",0,0,0,""
userid_204,Vanessa,2,2015-01-26 23:49:50,3,0,0,""
userid_1175,Marissa,9,"05 Jan 2020, 00:30",0,0,0,""
userid_1011,S,1,2017-01-08 02:53:00,0,1,0,""
userid_1252,Michelle,5,2013-06-18 01:48:37,0,0,0,""
userid_189,Jacci,1,"December 18, 2015 at 06:37 PM",0,0,0,""
userid_334,Cathy,1,"May 27, 2013 at 10:12 PM",1,1,1,""
userid_1035,Angel,4,"18 Sep 2014, 22:24",1,0,0,""
userid_1360,Shakia,18,2018-05-29 00:25:28,18,2,0,""
userid_1681,Tajuddin,1,"September 11, 2015 at 04:17 PM",0,0,0,""
userid_1878,Paul,1,2018-11-29 00:49:11,0,0,0,""
userid_1168,Holly,1,"February 10, 2018 at 02:08 AM",1,0,0,""
userid_699,Jenna,2,2017-12-03 22:38:49,0,0,0,""
userid_207,Joseph,3,"26 Sep 2016, 23:47",14,12,0,""
userid_352,Tom,12,"November 10, 2014 at 06:58 PM",1,0,0,""
userid_968,Jen,1,"08 Dec 2018, 03:27",0,0,0,""
userid_1235,C,2,"December 28, 2014 at 10:01 PM",2,0,0,""
userid_107,Barbara,11,"September 20, 2011 at 09:06 PM",3,0,0,""
userid_1544,CJ,2,"May 08, 2015 at 12:20 AM",0,0,0,""
userid_1534,Kaila,3,"April 06, 2013 at 01:29 AM",5,2,0,""
userid_801,Terry,1,"27 Jan 2019, 22:29",0,0,0,""
userid_1070,Katie,1,"29 Apr 2016, 18:15",1,0,0,""
userid_281,Ed,2,2015-08-28 17:34:19,0,0,0,""
userid_133,Mike,9,2018-04-25 01:05:10,2,0,0,""
userid_989,Liam,1,"02 Jan 2016, 22:14",0,0,0,""
userid_1449,Erik,4,"04 Jun 2020, 12:48",0,0,0,""
userid_982,Adam,16,"13 Jul 2011, 05:00",12,0,0,""
userid_733,Frank,3,"November 13, 2014 at 12:32 AM",4,0,0,""
userid_1693,Julie,16,2013-09-04 19:29:01,2,0,1,""
userid_1165,Thomas,3,"November 21, 2015 at 12:32 AM",1,0,0,""
userid_1155,Haley,1,"October 25, 2014 at 10:55 PM",0,0,0,""
userid_1587,Celeste,10,"17 Oct 2012, 23:16",4,0,0,""
userid_554,Jonathan,8,2015-02-14 14:44:12,0,0,0,""
userid_888,Dina,1,2013-01-04 16:20:39,1,0,0,""
userid_1678,Rhobin,60,2010-01-04 00:25:38,57,20,18,""
userid_743,Irresistable,80,"21 Jan 2010, 23:07",294,141,63,""
userid_685,jessica,22,"June 24, 2009 at 12:11 AM",26,4,10,""
userid_57,Jo Dee,2,2012-07-07 17:53:27,2,0,0,""
userid_804,Mike,7,"February 01, 2012 at 12:06 PM",3,0,2,""
userid_159,Bob,23,2013-09-07 02:15:50,45,141,17,""
userid_696,Wendy,12,2014-06-08 21:03:43,0,0,1,""
userid_987,David,2,"22 Feb 2013, 19:06",3,1,1,""
userid_1658,Dana,1,"19 Jun 2015, 22:43",0,0,0,""
userid_1388,Lauren,5,"18 Jan 2012, 02:52",2,1,1,""
userid_140,Timothy,5,"04 Jul 2015, 18:41",8,1,0,""
userid_571,Lauren,3,2013-01-01 16:22:36,1,0,0,""
userid_499,Gabby,1,"December 28, 2013 at 12:04 AM",0,0,0,""
userid_185,JoAnn,41,"January 11, 2009 at 01:30 AM",94,28,19,""
userid_837,Scott,5,"March 11, 2017 at 12:02 AM",1,0,0,""
userid_1127,Williams,6,"04 May 2017, 15:38",1,1,1,""
userid_926,Joe,4,"August 08, 2014 at 11:44 PM",7,0,2,""
userid_1794,Jason,59,2011-04-26 22:59:03,81,14,20,""
userid_927,Katelyn,1,"12 Jun 2016, 00:10",0,0,0,""
userid_1998,Sean,45,"03 Jan 2009, 05:08",53,11,15,""
userid_695,Gary,7,2018-04-28 12:22:52,7,0,1,""
userid_1732,Julio,1,"June 04, 2019 at 03:39 AM",1,1,0,""
userid_1701,Kumari,9,"July 07, 2013 at 06:56 PM",1,1,0,""
userid_353,Jennifer,1,"January 14, 2020 at 08:23 PM",0,0,0,""
userid_632,Threasa,1,"February 10, 2017 at 02:11 AM",0,0,0,""
userid_1556,Torina,1,2019-02-25 20:11:25,1,0,0,""
userid_1163,Rich,11,2014-04-03 14:47:44,1,0,0,""
userid_244,Kim,8,2016-02-06 05:06:29,14,1,0,""
userid_1538,Julie,3,"May 03, 2014 at 08:59 PM",0,1,0,""
userid_854,Pauline,1,"26 Sep 2014, 21:48",1,0,1,""
userid_1894,Stacey,2,"September 10, 2018 at 10:25 AM",0,0,0,""
userid_1005,Claire,1,"May 05, 2019 at 05:11 PM",0,0,0,""
userid_168,Caramel,1,2015-05-03 14:57:01,0,0,0,""
userid_365,Vipul,7,"21 Dec 2015, 18:29",5,0,0,""
userid_748,Diamonyese,1,"February 14, 2021 at 06:26 PM",0,0,0,""
userid_991,Jeff,2,"02 Oct 2019, 16:54",0,0,0,""
userid_718,T,8,"09 Apr 2012, 22:07",2,1,1,""
userid_1816,Katie,3,"15 Jan 2016, 16:08",1,0,0,""
userid_101,Em,14,"19 Aug 2014, 20:32",17,3,0,""
userid_507,Jim,6,"24 Jun 2011, 23:46",22,8,3,""
userid_1462,Jenny,24,"December 04, 2015 at 07:53 PM",7,2,2,""
userid_908,Sharbill,2,"10 Jul 2011, 19:05",5,0,0,""
userid_988,Roman,2,2019-09-26 02:51:40,0,0,0,""
userid_595,Jonathan,1,2015-10-01 00:19:08,1,0,0,""
userid_129,Cyka,8,"March 10, 2019 at 05:59 PM",2,0,2,""
userid_1093,Adrian,5,"December 08, 2007 at 03:36 PM",5,0,1,""
userid_1874,Ellie,6,"December 24, 2011 at 11:16 PM",2,2,4,""
userid_1775,Scott,3,"May 03, 2021 at 07:53 PM",1,0,0,""
userid_32,Molly,2,2017-03-16 15:32:51,1,0,0,""
userid_1205,Howard,8,"02 Dec 2013, 21:32",2,0,0,""
userid_164,David,1,"12 Sep 2013, 04:08",0,0,0,""
userid_1924,Marshida,1,"January 04, 2021 at 07:51 PM",1,0,0,""
userid_279,Summer,1,"April 18, 2021 at 06:51 PM",0,0,0,""
userid_797,Jossie,1,"31 Jan 2021, 20:03",0,0,0,""
userid_60,Brandi,20,2018-04-21 18:21:55,3,2,1,""
userid_1756,Jenni,1,"30 Aug 2016, 14:10",0,0,0,""
userid_1653,Dot,3,"August 29, 2018 at 06:57 PM",0,0,0,""
userid_533,Emily,1,2019-01-27 19:11:18,0,0,0,""
userid_445,Bob,1,"February 12, 2017 at 05:27 AM",0,0,0,""
userid_1751,Tiffany,9,2021-03-17 02:50:22,3,0,1,""
userid_1097,C,13,"May 26, 2015 at 09:56 PM",10,3,2,""
userid_1456,Nadine,1,"07 Dec 2019, 21:47",0,0,0,""
userid_1385,David,3,"September 13, 2018 at 10:12 PM",0,0,0,""
userid_930,Andrew,4,"June 23, 2014 at 03:49 PM",1,0,2,""
userid_1960,Kirsten,1,2015-12-03 19:56:43,4,0,0,""
userid_1519,Janine,1,"October 31, 2019 at 12:03 AM",0,0,0,""
userid_1712,James,4,"September 01, 2013 at 01:27 AM",4,1,1,""
userid_1275,Kaitlyn,1,2021-02-21 17:00:52,0,0,0,""
userid_1700,Zeba,2,"20 May 2015, 23:23",20,0,29,""
userid_1244,Larry,6,"31 May 2015, 20:55",2,0,0,""
userid_1838,TJ,2,2017-07-16 05:02:53,19,0,0,""
userid_750,Kelsey,1,"March 25, 2021 at 01:10 AM",0,0,0,""
userid_69,Vance,2,"October 13, 2013 at 10:26 PM",0,0,0,""
userid_1091,S,5,2012-12-27 04:12:18,4,0,0,""
userid_540,Howard,22,"November 07, 2010 at 08:43 PM",8,0,0,""
userid_936,Jackie,3,"11 Aug 2015, 13:31",0,0,0,""
userid_182,A,12,2014-08-08 08:23:55,10,3,1,""
userid_1520,Jeffrey,236,2010-09-21 14:05:41,803,297,359,"2010,2011"
userid_951,Philippine,1575,"July 26, 2011 at 09:00 AM",6846,2912,5437,"2011,2012,2013,2014,2015,2016,2017,2018"
userid_1428,Scott,117,"14 Feb 2011, 01:01",45,21,8,""
userid_1224,Gerald,12,"November 26, 2010 at 03:11 AM",31,8,8,""
userid_883,Kristin,22,"18 Feb 2009, 06:06",39,13,12,""
userid_54,Cris,17,"06 May 2011, 01:54",94,6,21,""
userid_721,Nikki,1,"26 Apr 2012, 15:54",1,0,0,""
userid_1033,Brian,6,"24 Jun 2012, 13:55",4,1,2,""
userid_865,brian,4,"February 01, 2011 at 12:31 PM",1,0,1,""
userid_1260,R. W.,5,"February 16, 2012 at 04:04 PM",14,3,2,""
userid_85,Mia,180,"May 15, 2017 at 10:25 PM",162,13,65,"2018,2019,20,20,2021"
userid_1867,Emily,3,"04 Apr 2014, 18:07",3,0,2,""
userid_393,Giancarlo,4,2016-08-16 18:42:51,3,0,0,""
userid_1991,Joni,13,"13 Aug 2015, 16:26",3,0,1,""
userid_1409,Jelynn,3,"July 18, 2016 at 02:49 AM",2,0,0,""
userid_1450,Myriam,4,"20 Jul 2015, 15:41",2,0,1,""
userid_999,Sara,2,"26 Feb 2015, 22:19",1,0,0,""
userid_197,Wilson,4,"12 Mar 2016, 00:41",3,0,0,""
userid_1178,Michael,1,2016-05-05 18:04:24,0,0,0,""
userid_1406,Maesha,1,"May 13, 2015 at 07:00 PM",6,0,3,""
userid_1214,Sande,2,"May 05, 2019 at 07:02 PM",0,0,0,""
userid_526,Sha,3,2016-12-16 00:17:31,1,1,1,""
userid_90,Tina,1,2016-07-14 00:52:49,0,0,0,""
userid_624,Kris,4,"August 03, 2019 at 11:46 PM",2,0,0,""
userid_1771,Bradford,5,"June 20, 2014 at 01:37 AM",1,0,0,""
userid_1342,Krystle,3,2019-06-10 18:34:04,6,1,0,""
userid_1684,Kristen,2,"05 Feb 2017, 04:19",0,0,0,""
userid_830,Nicole,5,"September 28, 2018 at 11:01 AM",1,0,0,""
userid_1937,Paige,134,"June 25, 2012 at 08:56 PM",132,23,24,""
userid_586,Jarrett,8,"10 Aug 2014, 22:59",5,0,1,""
userid_661,Danielle,8,"23 Apr 2016, 17:07",0,1,0,""
userid_806,Trevor,1,"11 Apr 2019, 20:00",0,0,0,""
userid_1851,Sierra,1,"April 07, 2021 at 03:22 PM",0,0,0,""
userid_1933,Bridgett,2,"29 Jun 2018, 16:34",0,0,0,""
userid_1664,Westchase Smiles,1,2019-09-16 01:37:00,0,0,0,""
userid_238,Meghan,2,2016-12-29 01:41:33,3,1,0,""
userid_283,Steve,1,2013-05-21 16:33:23,2,0,0,""
userid_1427,Dania,2,"26 Mar 2014, 15:51",1,0,0,""
userid_226,Leslie,7,"21 Dec 2015, 00:48",3,2,0,""
userid_1424,Dane,11,"31 Aug 2015, 04:03",1,0,2,""
userid_1810,Jim,1,"August 06, 2015 at 12:09 PM",1,0,0,""
userid_602,Shea,4,2015-10-04 02:51:35,1,2,0,""
userid_347,Rich,3,2019-01-24 13:39:58,1,0,0,""
userid_375,Lauren,1,2014-10-01 14:34:24,0,0,0,""
userid_1516,Genevieve,1,"20 Jun 2018, 16:11",1,0,0,""
userid_355,Colett,16,2010-04-28 08:16:55,9,1,0,""
userid_232,Ella,1,"October 01, 2021 at 09:03 PM",0,0,0,""
userid_1442,Andrew,1,2015-02-14 22:52:15,0,1,0,""
userid_678,Greg,13,2014-05-09 19:00:56,11,3,2,""
userid_403,Donna,13,"March 25, 2012 at 01:26 PM",17,3,3,""
userid_698,Patrick,2,"17 Jul 2014, 19:03",1,2,0,""
userid_1985,Louise,1,"January 22, 2011 at 12:13 AM",3,1,3,""
userid_1126,Jared,2,"July 04, 2013 at 02:01 AM",1,0,2,""
userid_694,LiarSlayer,15,2012-12-05 19:39:18,8,3,1,""
userid_263,Felisha,1,2021-08-31 16:36:18,1,0,0,""
userid_642,David,15,2015-05-11 10:39:00,9,3,0,""
userid_217,Megan,42,"September 30, 2012 at 07:32 PM",59,39,42,""
userid_1513,Cheryl,13,"August 30, 2011 at 06:01 PM",13,3,4,""
userid_87,Laura,22,"August 31, 2012 at 11:12 PM",52,6,3,""
userid_117,Tyler,6,2015-12-29 21:44:23,8,1,1,""
userid_290,Vik,66,2010-04-12 05:26:16,77,43,33,""
userid_322,Andrew,2,2013-07-11 15:28:40,0,0,0,""
userid_1532,Brad,2,"22 Dec 2012, 17:56",0,0,0,""
userid_969,Shawn,2,"14 Sep 2015, 19:42",0,0,0,""
userid_205,David,2,"11 Dec 2014, 04:15",33,1,0,""
userid_1523,Travis,2,2012-10-28 00:17:47,1,2,0,""
userid_268,Casey,1,"June 16, 2017 at 10:04 PM",0,0,0,""
userid_979,Otis,2,"March 23, 2015 at 12:58 AM",1,0,0,""
userid_1897,Charlie,2,"June 30, 2016 at 07:42 PM",1,2,0,""
userid_1159,Eric,10,2014-04-21 19:19:17,6,4,1,""
userid_1752,Katie,17,2013-09-14 00:39:09,18,4,5,""
userid_893,Qinran,1,"October 19, 2012 at 06:58 AM",0,0,0,""
userid_241,Shelli,2,"September 08, 2016 at 07:33 PM",24,0,0,""
userid_1380,Autumn,6,"April 22, 2012 at 01:55 PM",1,0,0,""
userid_650,Michael,4,"27 May 2015, 02:36",0,1,0,""
userid_775,Randy,5,"April 10, 2015 at 01:48 PM",3,0,1,""
userid_1016,Dan,1,2021-11-27 23:00:33,0,0,0,""
userid_1686,Justin,1,2014-05-14 20:36:49,0,1,1,""
userid_1695,Will,2,"January 20, 2014 at 11:16 PM",2,0,0,""
userid_636,Jeff,1,2021-06-28 17:02:52,0,0,1,""
userid_1961,Audrey,1,"April 16, 2018 at 01:04 PM",0,0,0,""
userid_615,Karen,1,"22 Nov 2015, 14:48",0,0,0,""
userid_91,Erik,1,"14 Jun 2013, 00:11",2,0,0,""
userid_326,Yissel,3,2018-02-02 19:02:44,3,1,1,""
userid_55,Ryan,1,2014-03-13 19:03:32,0,0,0,""
userid_1474,Kendall,1,"April 09, 2011 at 02:03 PM",0,0,0,""
userid_523,Brynne,2,"10 Oct 2015, 18:30",0,0,0,""
userid_402,Pj,1,"July 22, 2013 at 03:52 PM",85,4,0,""
userid_1638,Jonathan,1,"08 May 2013, 13:11",129,5,0,""
userid_761,Erick,1,"September 06, 2021 at 02:50 PM",0,0,0,""
userid_1262,James,4,"April 17, 2016 at 12:09 AM",9,0,4,""
userid_1256,Melanie,2,"27 Mar 2015, 16:08",0,0,0,""
userid_1727,Lauren,1,"03 Jun 2016, 21:30",0,0,0,""
userid_1341,Max,1,2018-04-17 20:10:15,0,0,0,""
userid_1441,Vanessa,3,"September 07, 2014 at 02:21 PM",29,1,0,""
userid_1561,Frank,1,"03 Dec 2014, 22:45",2,1,0,""
userid_551,L,11,"19 Jan 2015, 00:56",9,3,0,""
userid_1105,Michele,4,2016-03-15 21:53:34,0,0,0,""
userid_155,Leah,1,"06 Oct 2013, 20:25",0,0,0,""
userid_10,Hannah,1,"February 16, 2014 at 04:54 AM",0,0,0,""
userid_1603,Lucille,3,2019-03-15 12:59:13,0,1,0,""
userid_617,Vanessa,12,"24 Aug 2014, 22:58",11,2,1,""
userid_515,Vivi,4,"06 May 2014, 04:32",0,0,0,""
userid_1023,Viet,1,"23 Jan 2021, 21:24",1,0,0,""
userid_1270,Deb,2,"October 03, 2012 at 11:10 PM",5,0,0,""
userid_744,Debbie,2,"April 28, 2016 at 06:10 PM",1,0,0,""
userid_818,Erica,1,"03 Feb 2012, 18:30",0,0,0,""
userid_1263,Jack,3,"January 12, 2016 at 11:56 PM",4,2,1,""
