category,business_id,review_date,rating
restaurants,businessid_46,"November 17, 2019 at 05:33 AM",5
restaurants,businessid_46,"November 17, 2019 at 05:33 AM",5
restaurants,businessid_46,"November 17, 2019 at 05:33 AM",5
restaurants,businessid_46,"November 17, 2019 at 05:33 AM",5
restaurants,businessid_46,"November 17, 2019 at 05:33 AM",5
restaurants,businessid_46,"November 17, 2019 at 05:33 AM",5
restaurants,businessid_46,"November 17, 2019 at 05:33 AM",5
restaurants,businessid_46,"November 17, 2019 at 05:33 AM",5
restaurants,businessid_46,"November 17, 2019 at 05:33 AM",5
restaurants,businessid_46,"November 17, 2019 at 05:33 AM",5
restaurants,businessid_46,"November 17, 2019 at 05:33 AM",5
restaurants,businessid_46,"November 17, 2019 at 05:33 AM",5
restaurants,businessid_46,"November 17, 2019 at 05:33 AM",5
restaurants,businessid_46,"November 17, 2019 at 05:33 AM",5
restaurants,businessid_46,"November 17, 2019 at 05:33 AM",5
restaurants,businessid_46,"November 17, 2019 at 05:33 AM",5
restaurants,businessid_46,"November 17, 2019 at 05:33 AM",5
restaurants,businessid_46,"November 17, 2019 at 05:33 AM",5
restaurants,businessid_46,"November 17, 2019 at 05:33 AM",5
restaurants,businessid_46,"November 17, 2019 at 05:33 AM",5
restaurants,businessid_46,"November 17, 2019 at 05:33 AM",5
restaurants,businessid_46,"November 17, 2019 at 05:33 AM",5
restaurants,businessid_46,"November 17, 2019 at 05:33 AM",5
restaurants,businessid_46,"November 17, 2019 at 05:33 AM",5
restaurants,businessid_46,"November 17, 2019 at 05:33 AM",5
restaurants,businessid_46,"November 17, 2019 at 05:33 AM",5
restaurants,businessid_46,"November 17, 2019 at 05:33 AM",5
restaurants,businessid_46,"November 17, 2019 at 05:33 AM",5
restaurants,businessid_46,"November 17, 2019 at 05:33 AM",5
restaurants,businessid_46,"November 17, 2019 at 05:33 AM",5
restaurants,businessid_46,"November 17, 2019 at 05:33 AM",5
restaurants,businessid_46,"November 17, 2019 at 05:33 AM",5
american (traditional),businessid_46,"November 17, 2019 at 05:33 AM",5
american (traditional),businessid_46,"November 17, 2019 at 05:33 AM",5
american (traditional),businessid_46,"November 17, 2019 at 05:33 AM",5
american (traditional),businessid_46,"November 17, 2019 at 05:33 AM",5
american (traditional),businessid_46,"November 17, 2019 at 05:33 AM",5
american (traditional),businessid_46,"November 17, 2019 at 05:33 AM",5
american (traditional),businessid_46,"November 17, 2019 at 05:33 AM",5
american (traditional),businessid_46,"November 17, 2019 at 05:33 AM",5
american (traditional),businessid_46,"November 17, 2019 at 05:33 AM",5
american (traditional),businessid_46,"November 17, 2019 at 05:33 AM",5
american (traditional),businessid_46,"November 17, 2019 at 05:33 AM",5
american (traditional),businessid_46,"November 17, 2019 at 05:33 AM",5
american (traditional),businessid_46,"November 17, 2019 at 05:33 AM",5
american (traditional),businessid_46,"November 17, 2019 at 05:33 AM",5
american (traditional),businessid_46,"November 17, 2019 at 05:33 AM",5
american (traditional),businessid_46,"November 17, 2019 at 05:33 AM",5
american (traditional),businessid_46,"November 17, 2019 at 05:33 AM",5
american (traditional),businessid_46,"November 17, 2019 at 05:33 AM",5
american (traditional),businessid_46,"November 17, 2019 at 05:33 AM",5
american (traditional),businessid_46,"November 17, 2019 at 05:33 AM",5
american (traditional),businessid_46,"November 17, 2019 at 05:33 AM",5
american (traditional),businessid_46,"November 17, 2019 at 05:33 AM",5
american (traditional),businessid_46,"November 17, 2019 at 05:33 AM",5
american (traditional),businessid_46,"November 17, 2019 at 05:33 AM",5
american (traditional),businessid_46,"November 17, 2019 at 05:33 AM",5
american (traditional),businessid_46,"November 17, 2019 at 05:33 AM",5
american (traditional),businessid_46,"November 17, 2019 at 05:33 AM",5
american (traditional),businessid_46,"November 17, 2019 at 05:33 AM",5
american (traditional),businessid_46,"November 17, 2019 at 05:33 AM",5
american (traditional),businessid_46,"November 17, 2019 at 05:33 AM",5
american (traditional),businessid_46,"November 17, 2019 at 05:33 AM",5
american (traditional),businessid_46,"November 17, 2019 at 05:33 AM",5
barbeque,businessid_46,"November 17, 2019 at 05:33 AM",5
barbeque,businessid_46,"November 17, 2019 at 05:33 AM",5
barbeque,businessid_46,"November 17, 2019 at 05:33 AM",5
barbeque,businessid_46,"November 17, 2019 at 05:33 AM",5
barbeque,businessid_46,"November 17, 2019 at 05:33 AM",5
barbeque,businessid_46,"November 17, 2019 at 05:33 AM",5
barbeque,businessid_46,"November 17, 2019 at 05:33 AM",5
barbeque,businessid_46,"November 17, 2019 at 05:33 AM",5
barbeque,businessid_46,"November 17, 2019 at 05:33 AM",5
barbeque,businessid_46,"November 17, 2019 at 05:33 AM",5
barbeque,businessid_46,"November 17, 2019 at 05:33 AM",5
barbeque,businessid_46,"November 17, 2019 at 05:33 AM",5
barbeque,businessid_46,"November 17, 2019 at 05:33 AM",5
barbeque,businessid_46,"November 17, 2019 at 05:33 AM",5
barbeque,businessid_46,"November 17, 2019 at 05:33 AM",5
barbeque,businessid_46,"November 17, 2019 at 05:33 AM",5
barbeque,businessid_46,"November 17, 2019 at 05:33 AM",5
barbeque,businessid_46,"November 17, 2019 at 05:33 AM",5
barbeque,businessid_46,"November 17, 2019 at 05:33 AM",5
barbeque,businessid_46,"November 17, 2019 at 05:33 AM",5
barbeque,businessid_46,"November 17, 2019 at 05:33 AM",5
barbeque,businessid_46,"November 17, 2019 at 05:33 AM",5
barbeque,businessid_46,"November 17, 2019 at 05:33 AM",5
barbeque,businessid_46,"November 17, 2019 at 05:33 AM",5
barbeque,businessid_46,"November 17, 2019 at 05:33 AM",5
barbeque,businessid_46,"November 17, 2019 at 05:33 AM",5
barbeque,businessid_46,"November 17, 2019 at 05:33 AM",5
barbeque,businessid_46,"November 17, 2019 at 05:33 AM",5
barbeque,businessid_46,"November 17, 2019 at 05:33 AM",5
barbeque,businessid_46,"November 17, 2019 at 05:33 AM",5
barbeque,businessid_46,"November 17, 2019 at 05:33 AM",5
barbeque,businessid_46,"November 17, 2019 at 05:33 AM",5
cocktail bars,businessid_46,"November 17, 2019 at 05:33 AM",5
cocktail bars,businessid_46,"November 17, 2019 at 05:33 AM",5
cocktail bars,businessid_46,"November 17, 2019 at 05:33 AM",5
cocktail bars,businessid_46,"November 17, 2019 at 05:33 AM",5
cocktail bars,businessid_46,"November 17, 2019 at 05:33 AM",5
cocktail bars,businessid_46,"November 17, 2019 at 05:33 AM",5
cocktail bars,businessid_46,"November 17, 2019 at 05:33 AM",5
cocktail bars,businessid_46,"November 17, 2019 at 05:33 AM",5
cocktail bars,businessid_46,"November 17, 2019 at 05:33 AM",5
cocktail bars,businessid_46,"November 17, 2019 at 05:33 AM",5
cocktail bars,businessid_46,"November 17, 2019 at 05:33 AM",5
cocktail bars,businessid_46,"November 17, 2019 at 05:33 AM",5
cocktail bars,businessid_46,"November 17, 2019 at 05:33 AM",5
cocktail bars,businessid_46,"November 17, 2019 at 05:33 AM",5
cocktail bars,businessid_46,"November 17, 2019 at 05:33 AM",5
cocktail bars,businessid_46,"November 17, 2019 at 05:33 AM",5
cocktail bars,businessid_46,"November 17, 2019 at 05:33 AM",5
cocktail bars,businessid_46,"November 17, 2019 at 05:33 AM",5
cocktail bars,businessid_46,"November 17, 2019 at 05:33 AM",5
cocktail bars,businessid_46,"November 17, 2019 at 05:33 AM",5
cocktail bars,businessid_46,"November 17, 2019 at 05:33 AM",5
cocktail bars,businessid_46,"November 17, 2019 at 05:33 AM",5
cocktail bars,businessid_46,"November 17, 2019 at 05:33 AM",5
cocktail bars,businessid_46,"November 17, 2019 at 05:33 AM",5
cocktail bars,businessid_46,"November 17, 2019 at 05:33 AM",5
cocktail bars,businessid_46,"November 17, 2019 at 05:33 AM",5
cocktail bars,businessid_46,"November 17, 2019 at 05:33 AM",5
cocktail bars,businessid_46,"November 17, 2019 at 05:33 AM",5
cocktail bars,businessid_46,"November 17, 2019 at 05:33 AM",5
cocktail bars,businessid_46,"November 17, 2019 at 05:33 AM",5
cocktail bars,businessid_46,"November 17, 2019 at 05:33 AM",5
cocktail bars,businessid_46,"November 17, 2019 at 05:33 AM",5
bars,businessid_46,"November 17, 2019 at 05:33 AM",5
bars,businessid_46,"November 17, 2019 at 05:33 AM",5
bars,businessid_46,"November 17, 2019 at 05:33 AM",5
bars,businessid_46,"November 17, 2019 at 05:33 AM",5
bars,businessid_46,"November 17, 2019 at 05:33 AM",5
bars,businessid_46,"November 17, 2019 at 05:33 AM",5
bars,businessid_46,"November 17, 2019 at 05:33 AM",5
bars,businessid_46,"November 17, 2019 at 05:33 AM",5
bars,businessid_46,"November 17, 2019 at 05:33 AM",5
bars,businessid_46,"November 17, 2019 at 05:33 AM",5
bars,businessid_46,"November 17, 2019 at 05:33 AM",5
bars,businessid_46,"November 17, 2019 at 05:33 AM",5
bars,businessid_46,"November 17, 2019 at 05:33 AM",5
bars,businessid_46,"November 17, 2019 at 05:33 AM",5
bars,businessid_46,"November 17, 2019 at 05:33 AM",5
bars,businessid_46,"November 17, 2019 at 05:33 AM",5
bars,businessid_46,"November 17, 2019 at 05:33 AM",5
bars,businessid_46,"November 17, 2019 at 05:33 AM",5
bars,businessid_46,"November 17, 2019 at 05:33 AM",5
bars,businessid_46,"November 17, 2019 at 05:33 AM",5
bars,businessid_46,"November 17, 2019 at 05:33 AM",5
bars,businessid_46,"November 17, 2019 at 05:33 AM",5
bars,businessid_46,"November 17, 2019 at 05:33 AM",5
bars,businessid_46,"November 17, 2019 at 05:33 AM",5
bars,businessid_46,"November 17, 2019 at 05:33 AM",5
bars,businessid_46,"November 17, 2019 at 05:33 AM",5
bars,businessid_46,"November 17, 2019 at 05:33 AM",5
bars,businessid_46,"November 17, 2019 at 05:33 AM",5
bars,businessid_46,"November 17, 2019 at 05:33 AM",5
bars,businessid_46,"November 17, 2019 at 05:33 AM",5
bars,businessid_46,"November 17, 2019 at 05:33 AM",5
bars,businessid_46,"November 17, 2019 at 05:33 AM",5
nightlife,businessid_46,"November 17, 2019 at 05:33 AM",5
nightlife,businessid_46,"November 17, 2019 at 05:33 AM",5
nightlife,businessid_46,"November 17, 2019 at 05:33 AM",5
nightlife,businessid_46,"November 17, 2019 at 05:33 AM",5
nightlife,businessid_46,"November 17, 2019 at 05:33 AM",5
nightlife,businessid_46,"November 17, 2019 at 05:33 AM",5
nightlife,businessid_46,"November 17, 2019 at 05:33 AM",5
nightlife,businessid_46,"November 17, 2019 at 05:33 AM",5
nightlife,businessid_46,"November 17, 2019 at 05:33 AM",5
nightlife,businessid_46,"November 17, 2019 at 05:33 AM",5
nightlife,businessid_46,"November 17, 2019 at 05:33 AM",5
nightlife,businessid_46,"November 17, 2019 at 05:33 AM",5
nightlife,businessid_46,"November 17, 2019 at 05:33 AM",5
nightlife,businessid_46,"November 17, 2019 at 05:33 AM",5
nightlife,businessid_46,"November 17, 2019 at 05:33 AM",5
nightlife,businessid_46,"November 17, 2019 at 05:33 AM",5
nightlife,businessid_46,"November 17, 2019 at 05:33 AM",5
nightlife,businessid_46,"November 17, 2019 at 05:33 AM",5
nightlife,businessid_46,"November 17, 2019 at 05:33 AM",5
nightlife,businessid_46,"November 17, 2019 at 05:33 AM",5
nightlife,businessid_46,"November 17, 2019 at 05:33 AM",5
nightlife,businessid_46,"November 17, 2019 at 05:33 AM",5
nightlife,businessid_46,"November 17, 2019 at 05:33 AM",5
nightlife,businessid_46,"November 17, 2019 at 05:33 AM",5
nightlife,businessid_46,"November 17, 2019 at 05:33 AM",5
nightlife,businessid_46,"November 17, 2019 at 05:33 AM",5
nightlife,businessid_46,"November 17, 2019 at 05:33 AM",5
nightlife,businessid_46,"November 17, 2019 at 05:33 AM",5
nightlife,businessid_46,"November 17, 2019 at 05:33 AM",5
nightlife,businessid_46,"November 17, 2019 at 05:33 AM",5
nightlife,businessid_46,"November 17, 2019 at 05:33 AM",5
nightlife,businessid_46,"November 17, 2019 at 05:33 AM",5
restaurants,businessid_46,"November 15, 2019 at 11:30 PM",5
restaurants,businessid_46,"November 15, 2019 at 11:30 PM",5
restaurants,businessid_46,"November 15, 2019 at 11:30 PM",5
restaurants,businessid_46,"November 15, 2019 at 11:30 PM",5
restaurants,businessid_46,"November 15, 2019 at 11:30 PM",5
restaurants,businessid_46,"November 15, 2019 at 11:30 PM",5
restaurants,businessid_46,"November 15, 2019 at 11:30 PM",5
restaurants,businessid_46,"November 15, 2019 at 11:30 PM",5
restaurants,businessid_46,"November 15, 2019 at 11:30 PM",5
restaurants,businessid_46,"November 15, 2019 at 11:30 PM",5
restaurants,businessid_46,"November 15, 2019 at 11:30 PM",5
restaurants,businessid_46,"November 15, 2019 at 11:30 PM",5
restaurants,businessid_46,"November 15, 2019 at 11:30 PM",5
restaurants,businessid_46,"November 15, 2019 at 11:30 PM",5
restaurants,businessid_46,"November 15, 2019 at 11:30 PM",5
restaurants,businessid_46,"November 15, 2019 at 11:30 PM",5
restaurants,businessid_46,"November 15, 2019 at 11:30 PM",5
restaurants,businessid_46,"November 15, 2019 at 11:30 PM",5
restaurants,businessid_46,"November 15, 2019 at 11:30 PM",5
restaurants,businessid_46,"November 15, 2019 at 11:30 PM",5
restaurants,businessid_46,"November 15, 2019 at 11:30 PM",5
restaurants,businessid_46,"November 15, 2019 at 11:30 PM",5
restaurants,businessid_46,"November 15, 2019 at 11:30 PM",5
restaurants,businessid_46,"November 15, 2019 at 11:30 PM",5
restaurants,businessid_46,"November 15, 2019 at 11:30 PM",5
restaurants,businessid_46,"November 15, 2019 at 11:30 PM",5
restaurants,businessid_46,"November 15, 2019 at 11:30 PM",5
restaurants,businessid_46,"November 15, 2019 at 11:30 PM",5
restaurants,businessid_46,"November 15, 2019 at 11:30 PM",5
restaurants,businessid_46,"November 15, 2019 at 11:30 PM",5
restaurants,businessid_46,"November 15, 2019 at 11:30 PM",5
restaurants,businessid_46,"November 15, 2019 at 11:30 PM",5
american (traditional),businessid_46,"November 15, 2019 at 11:30 PM",5
american (traditional),businessid_46,"November 15, 2019 at 11:30 PM",5
american (traditional),businessid_46,"November 15, 2019 at 11:30 PM",5
american (traditional),businessid_46,"November 15, 2019 at 11:30 PM",5
american (traditional),businessid_46,"November 15, 2019 at 11:30 PM",5
american (traditional),businessid_46,"November 15, 2019 at 11:30 PM",5
american (traditional),businessid_46,"November 15, 2019 at 11:30 PM",5
american (traditional),businessid_46,"November 15, 2019 at 11:30 PM",5
american (traditional),businessid_46,"November 15, 2019 at 11:30 PM",5
american (traditional),businessid_46,"November 15, 2019 at 11:30 PM",5
american (traditional),businessid_46,"November 15, 2019 at 11:30 PM",5
american (traditional),businessid_46,"November 15, 2019 at 11:30 PM",5
american (traditional),businessid_46,"November 15, 2019 at 11:30 PM",5
american (traditional),businessid_46,"November 15, 2019 at 11:30 PM",5
american (traditional),businessid_46,"November 15, 2019 at 11:30 PM",5
american (traditional),businessid_46,"November 15, 2019 at 11:30 PM",5
american (traditional),businessid_46,"November 15, 2019 at 11:30 PM",5
american (traditional),businessid_46,"November 15, 2019 at 11:30 PM",5
american (traditional),businessid_46,"November 15, 2019 at 11:30 PM",5
american (traditional),businessid_46,"November 15, 2019 at 11:30 PM",5
american (traditional),businessid_46,"November 15, 2019 at 11:30 PM",5
american (traditional),businessid_46,"November 15, 2019 at 11:30 PM",5
american (traditional),businessid_46,"November 15, 2019 at 11:30 PM",5
american (traditional),businessid_46,"November 15, 2019 at 11:30 PM",5
american (traditional),businessid_46,"November 15, 2019 at 11:30 PM",5
american (traditional),businessid_46,"November 15, 2019 at 11:30 PM",5
american (traditional),businessid_46,"November 15, 2019 at 11:30 PM",5
american (traditional),businessid_46,"November 15, 2019 at 11:30 PM",5
american (traditional),businessid_46,"November 15, 2019 at 11:30 PM",5
american (traditional),businessid_46,"November 15, 2019 at 11:30 PM",5
american (traditional),businessid_46,"November 15, 2019 at 11:30 PM",5
american (traditional),businessid_46,"November 15, 2019 at 11:30 PM",5
barbeque,businessid_46,"November 15, 2019 at 11:30 PM",5
barbeque,businessid_46,"November 15, 2019 at 11:30 PM",5
barbeque,businessid_46,"November 15, 2019 at 11:30 PM",5
barbeque,businessid_46,"November 15, 2019 at 11:30 PM",5
barbeque,businessid_46,"November 15, 2019 at 11:30 PM",5
barbeque,businessid_46,"November 15, 2019 at 11:30 PM",5
barbeque,businessid_46,"November 15, 2019 at 11:30 PM",5
barbeque,businessid_46,"November 15, 2019 at 11:30 PM",5
barbeque,businessid_46,"November 15, 2019 at 11:30 PM",5
barbeque,businessid_46,"November 15, 2019 at 11:30 PM",5
barbeque,businessid_46,"November 15, 2019 at 11:30 PM",5
barbeque,businessid_46,"November 15, 2019 at 11:30 PM",5
barbeque,businessid_46,"November 15, 2019 at 11:30 PM",5
barbeque,businessid_46,"November 15, 2019 at 11:30 PM",5
barbeque,businessid_46,"November 15, 2019 at 11:30 PM",5
barbeque,businessid_46,"November 15, 2019 at 11:30 PM",5
barbeque,businessid_46,"November 15, 2019 at 11:30 PM",5
barbeque,businessid_46,"November 15, 2019 at 11:30 PM",5
barbeque,businessid_46,"November 15, 2019 at 11:30 PM",5
barbeque,businessid_46,"November 15, 2019 at 11:30 PM",5
barbeque,businessid_46,"November 15, 2019 at 11:30 PM",5
barbeque,businessid_46,"November 15, 2019 at 11:30 PM",5
barbeque,businessid_46,"November 15, 2019 at 11:30 PM",5
barbeque,businessid_46,"November 15, 2019 at 11:30 PM",5
barbeque,businessid_46,"November 15, 2019 at 11:30 PM",5
barbeque,businessid_46,"November 15, 2019 at 11:30 PM",5
barbeque,businessid_46,"November 15, 2019 at 11:30 PM",5
barbeque,businessid_46,"November 15, 2019 at 11:30 PM",5
barbeque,businessid_46,"November 15, 2019 at 11:30 PM",5
barbeque,businessid_46,"November 15, 2019 at 11:30 PM",5
barbeque,businessid_46,"November 15, 2019 at 11:30 PM",5
barbeque,businessid_46,"November 15, 2019 at 11:30 PM",5
cocktail bars,businessid_46,"November 15, 2019 at 11:30 PM",5
cocktail bars,businessid_46,"November 15, 2019 at 11:30 PM",5
cocktail bars,businessid_46,"November 15, 2019 at 11:30 PM",5
cocktail bars,businessid_46,"November 15, 2019 at 11:30 PM",5
cocktail bars,businessid_46,"November 15, 2019 at 11:30 PM",5
cocktail bars,businessid_46,"November 15, 2019 at 11:30 PM",5
cocktail bars,businessid_46,"November 15, 2019 at 11:30 PM",5
cocktail bars,businessid_46,"November 15, 2019 at 11:30 PM",5
cocktail bars,businessid_46,"November 15, 2019 at 11:30 PM",5
cocktail bars,businessid_46,"November 15, 2019 at 11:30 PM",5
cocktail bars,businessid_46,"November 15, 2019 at 11:30 PM",5
cocktail bars,businessid_46,"November 15, 2019 at 11:30 PM",5
cocktail bars,businessid_46,"November 15, 2019 at 11:30 PM",5
cocktail bars,businessid_46,"November 15, 2019 at 11:30 PM",5
cocktail bars,businessid_46,"November 15, 2019 at 11:30 PM",5
cocktail bars,businessid_46,"November 15, 2019 at 11:30 PM",5
cocktail bars,businessid_46,"November 15, 2019 at 11:30 PM",5
cocktail bars,businessid_46,"November 15, 2019 at 11:30 PM",5
cocktail bars,businessid_46,"November 15, 2019 at 11:30 PM",5
cocktail bars,businessid_46,"November 15, 2019 at 11:30 PM",5
cocktail bars,businessid_46,"November 15, 2019 at 11:30 PM",5
cocktail bars,businessid_46,"November 15, 2019 at 11:30 PM",5
cocktail bars,businessid_46,"November 15, 2019 at 11:30 PM",5
cocktail bars,businessid_46,"November 15, 2019 at 11:30 PM",5
cocktail bars,businessid_46,"November 15, 2019 at 11:30 PM",5
cocktail bars,businessid_46,"November 15, 2019 at 11:30 PM",5
cocktail bars,businessid_46,"November 15, 2019 at 11:30 PM",5
cocktail bars,businessid_46,"November 15, 2019 at 11:30 PM",5
cocktail bars,businessid_46,"November 15, 2019 at 11:30 PM",5
cocktail bars,businessid_46,"November 15, 2019 at 11:30 PM",5
cocktail bars,businessid_46,"November 15, 2019 at 11:30 PM",5
cocktail bars,businessid_46,"November 15, 2019 at 11:30 PM",5
bars,businessid_46,"November 15, 2019 at 11:30 PM",5
bars,businessid_46,"November 15, 2019 at 11:30 PM",5
bars,businessid_46,"November 15, 2019 at 11:30 PM",5
bars,businessid_46,"November 15, 2019 at 11:30 PM",5
bars,businessid_46,"November 15, 2019 at 11:30 PM",5
bars,businessid_46,"November 15, 2019 at 11:30 PM",5
bars,businessid_46,"November 15, 2019 at 11:30 PM",5
bars,businessid_46,"November 15, 2019 at 11:30 PM",5
bars,businessid_46,"November 15, 2019 at 11:30 PM",5
bars,businessid_46,"November 15, 2019 at 11:30 PM",5
bars,businessid_46,"November 15, 2019 at 11:30 PM",5
bars,businessid_46,"November 15, 2019 at 11:30 PM",5
bars,businessid_46,"November 15, 2019 at 11:30 PM",5
bars,businessid_46,"November 15, 2019 at 11:30 PM",5
bars,businessid_46,"November 15, 2019 at 11:30 PM",5
bars,businessid_46,"November 15, 2019 at 11:30 PM",5
bars,businessid_46,"November 15, 2019 at 11:30 PM",5
bars,businessid_46,"November 15, 2019 at 11:30 PM",5
bars,businessid_46,"November 15, 2019 at 11:30 PM",5
bars,businessid_46,"November 15, 2019 at 11:30 PM",5
bars,businessid_46,"November 15, 2019 at 11:30 PM",5
bars,businessid_46,"November 15, 2019 at 11:30 PM",5
bars,businessid_46,"November 15, 2019 at 11:30 PM",5
bars,businessid_46,"November 15, 2019 at 11:30 PM",5
bars,businessid_46,"November 15, 2019 at 11:30 PM",5
bars,businessid_46,"November 15, 2019 at 11:30 PM",5
bars,businessid_46,"November 15, 2019 at 11:30 PM",5
bars,businessid_46,"November 15, 2019 at 11:30 PM",5
bars,businessid_46,"November 15, 2019 at 11:30 PM",5
bars,businessid_46,"November 15, 2019 at 11:30 PM",5
bars,businessid_46,"November 15, 2019 at 11:30 PM",5
bars,businessid_46,"November 15, 2019 at 11:30 PM",5
nightlife,businessid_46,"November 15, 2019 at 11:30 PM",5
nightlife,businessid_46,"November 15, 2019 at 11:30 PM",5
nightlife,businessid_46,"November 15, 2019 at 11:30 PM",5
nightlife,businessid_46,"November 15, 2019 at 11:30 PM",5
nightlife,businessid_46,"November 15, 2019 at 11:30 PM",5
nightlife,businessid_46,"November 15, 2019 at 11:30 PM",5
nightlife,businessid_46,"November 15, 2019 at 11:30 PM",5
nightlife,businessid_46,"November 15, 2019 at 11:30 PM",5
nightlife,businessid_46,"November 15, 2019 at 11:30 PM",5
nightlife,businessid_46,"November 15, 2019 at 11:30 PM",5
nightlife,businessid_46,"November 15, 2019 at 11:30 PM",5
nightlife,businessid_46,"November 15, 2019 at 11:30 PM",5
nightlife,businessid_46,"November 15, 2019 at 11:30 PM",5
nightlife,businessid_46,"November 15, 2019 at 11:30 PM",5
nightlife,businessid_46,"November 15, 2019 at 11:30 PM",5
nightlife,businessid_46,"November 15, 2019 at 11:30 PM",5
nightlife,businessid_46,"November 15, 2019 at 11:30 PM",5
nightlife,businessid_46,"November 15, 2019 at 11:30 PM",5
nightlife,businessid_46,"November 15, 2019 at 11:30 PM",5
nightlife,businessid_46,"November 15, 2019 at 11:30 PM",5
nightlife,businessid_46,"November 15, 2019 at 11:30 PM",5
nightlife,businessid_46,"November 15, 2019 at 11:30 PM",5
nightlife,businessid_46,"November 15, 2019 at 11:30 PM",5
nightlife,businessid_46,"November 15, 2019 at 11:30 PM",5
nightlife,businessid_46,"November 15, 2019 at 11:30 PM",5
nightlife,businessid_46,"November 15, 2019 at 11:30 PM",5
nightlife,businessid_46,"November 15, 2019 at 11:30 PM",5
nightlife,businessid_46,"November 15, 2019 at 11:30 PM",5
nightlife,businessid_46,"November 15, 2019 at 11:30 PM",5
nightlife,businessid_46,"November 15, 2019 at 11:30 PM",5
nightlife,businessid_46,"November 15, 2019 at 11:30 PM",5
nightlife,businessid_46,"November 15, 2019 at 11:30 PM",5
nail salons,businessid_33,"May 07, 2019 at 10:55 PM",5
hair removal,businessid_33,"May 07, 2019 at 10:55 PM",5
beauty & spas,businessid_33,"May 07, 2019 at 10:55 PM",5
waxing,businessid_33,"May 07, 2019 at 10:55 PM",5
options,businessid_20,"May 06, 2019 at 10:44 AM",5
including restaurants,businessid_20,"May 06, 2019 at 10:44 AM",5
american (new),businessid_20,"May 06, 2019 at 10:44 AM",5
caterers,businessid_20,"May 06, 2019 at 10:44 AM",5
fast food,businessid_20,"May 06, 2019 at 10:44 AM",5
chicken shop,businessid_20,"May 06, 2019 at 10:44 AM",5
event planning & services,businessid_20,"May 06, 2019 at 10:44 AM",5
american (traditional),businessid_20,"May 06, 2019 at 10:44 AM",5
options ranging from food,businessid_91,"March 11, 2019 at 10:53 PM",5
options ranging from food,businessid_91,"March 11, 2019 at 10:53 PM",5
shaved ice,businessid_91,"March 11, 2019 at 10:53 PM",5
shaved ice,businessid_91,"March 11, 2019 at 10:53 PM",5
cajun/creole,businessid_91,"March 11, 2019 at 10:53 PM",5
cajun/creole,businessid_91,"March 11, 2019 at 10:53 PM",5
breakfast & brunch,businessid_91,"March 11, 2019 at 10:53 PM",5
breakfast & brunch,businessid_91,"March 11, 2019 at 10:53 PM",5
party & event planning,businessid_91,"March 11, 2019 at 10:53 PM",5
party & event planning,businessid_91,"March 11, 2019 at 10:53 PM",5
comfort food,businessid_91,"March 11, 2019 at 10:53 PM",5
comfort food,businessid_91,"March 11, 2019 at 10:53 PM",5
cafes,businessid_91,"March 11, 2019 at 10:53 PM",5
cafes,businessid_91,"March 11, 2019 at 10:53 PM",5
restaurants,businessid_91,"March 11, 2019 at 10:53 PM",5
restaurants,businessid_91,"March 11, 2019 at 10:53 PM",5
to event planning & services,businessid_91,"March 11, 2019 at 10:53 PM",5
to event planning & services,businessid_91,"March 11, 2019 at 10:53 PM",5
making it a perfect spot for any occasion,businessid_91,"March 11, 2019 at 10:53 PM",5
making it a perfect spot for any occasion,businessid_91,"March 11, 2019 at 10:53 PM",5
options ranging from food,businessid_91,"March 01, 2019 at 04:29 PM",5
options ranging from food,businessid_91,"March 01, 2019 at 04:29 PM",5
shaved ice,businessid_91,"March 01, 2019 at 04:29 PM",5
shaved ice,businessid_91,"March 01, 2019 at 04:29 PM",5
cajun/creole,businessid_91,"March 01, 2019 at 04:29 PM",5
cajun/creole,businessid_91,"March 01, 2019 at 04:29 PM",5
breakfast & brunch,businessid_91,"March 01, 2019 at 04:29 PM",5
breakfast & brunch,businessid_91,"March 01, 2019 at 04:29 PM",5
party & event planning,businessid_91,"March 01, 2019 at 04:29 PM",5
party & event planning,businessid_91,"March 01, 2019 at 04:29 PM",5
comfort food,businessid_91,"March 01, 2019 at 04:29 PM",5
comfort food,businessid_91,"March 01, 2019 at 04:29 PM",5
cafes,businessid_91,"March 01, 2019 at 04:29 PM",5
cafes,businessid_91,"March 01, 2019 at 04:29 PM",5
restaurants,businessid_91,"March 01, 2019 at 04:29 PM",5
restaurants,businessid_91,"March 01, 2019 at 04:29 PM",5
to event planning & services,businessid_91,"March 01, 2019 at 04:29 PM",5
to event planning & services,businessid_91,"March 01, 2019 at 04:29 PM",5
making it a perfect spot for any occasion,businessid_91,"March 01, 2019 at 04:29 PM",5
making it a perfect spot for any occasion,businessid_91,"March 01, 2019 at 04:29 PM",5
vietnamese,businessid_67,"June 14, 2019 at 10:31 PM",5
vietnamese,businessid_67,"June 14, 2019 at 10:31 PM",5
soup,businessid_67,"June 14, 2019 at 10:31 PM",5
soup,businessid_67,"June 14, 2019 at 10:31 PM",5
restaurants,businessid_67,"June 14, 2019 at 10:31 PM",5
restaurants,businessid_67,"June 14, 2019 at 10:31 PM",5
noodles,businessid_67,"June 14, 2019 at 10:31 PM",5
noodles,businessid_67,"June 14, 2019 at 10:31 PM",5
offering a delightful array of flavorful dishes,businessid_67,"June 14, 2019 at 10:31 PM",5
offering a delightful array of flavorful dishes,businessid_67,"June 14, 2019 at 10:31 PM",5
nail salons,businessid_33,"June 02, 2019 at 07:18 PM",5
hair removal,businessid_33,"June 02, 2019 at 07:18 PM",5
beauty & spas,businessid_33,"June 02, 2019 at 07:18 PM",5
waxing,businessid_33,"June 02, 2019 at 07:18 PM",5
dry cleaning & laundry,businessid_89,"July 29, 2019 at 12:03 PM",5
dry cleaning & laundry,businessid_89,"July 29, 2019 at 12:03 PM",5
laundromat,businessid_89,"July 29, 2019 at 12:03 PM",5
laundromat,businessid_89,"July 29, 2019 at 12:03 PM",5
local services,businessid_89,"July 29, 2019 at 12:03 PM",5
local services,businessid_89,"July 29, 2019 at 12:03 PM",5
laundry services,businessid_89,"July 29, 2019 at 12:03 PM",5
laundry services,businessid_89,"July 29, 2019 at 12:03 PM",5
vietnamese,businessid_67,"July 14, 2019 at 01:08 AM",5
vietnamese,businessid_67,"July 14, 2019 at 01:08 AM",5
soup,businessid_67,"July 14, 2019 at 01:08 AM",5
soup,businessid_67,"July 14, 2019 at 01:08 AM",5
restaurants,businessid_67,"July 14, 2019 at 01:08 AM",5
restaurants,businessid_67,"July 14, 2019 at 01:08 AM",5
noodles,businessid_67,"July 14, 2019 at 01:08 AM",5
noodles,businessid_67,"July 14, 2019 at 01:08 AM",5
offering a delightful array of flavorful dishes,businessid_67,"July 14, 2019 at 01:08 AM",5
offering a delightful array of flavorful dishes,businessid_67,"July 14, 2019 at 01:08 AM",5
options ranging from food,businessid_91,"July 01, 2019 at 06:56 AM",5
options ranging from food,businessid_91,"July 01, 2019 at 06:56 AM",5
shaved ice,businessid_91,"July 01, 2019 at 06:56 AM",5
shaved ice,businessid_91,"July 01, 2019 at 06:56 AM",5
cajun/creole,businessid_91,"July 01, 2019 at 06:56 AM",5
cajun/creole,businessid_91,"July 01, 2019 at 06:56 AM",5
breakfast & brunch,businessid_91,"July 01, 2019 at 06:56 AM",5
breakfast & brunch,businessid_91,"July 01, 2019 at 06:56 AM",5
party & event planning,businessid_91,"July 01, 2019 at 06:56 AM",5
party & event planning,businessid_91,"July 01, 2019 at 06:56 AM",5
comfort food,businessid_91,"July 01, 2019 at 06:56 AM",5
comfort food,businessid_91,"July 01, 2019 at 06:56 AM",5
cafes,businessid_91,"July 01, 2019 at 06:56 AM",5
cafes,businessid_91,"July 01, 2019 at 06:56 AM",5
restaurants,businessid_91,"July 01, 2019 at 06:56 AM",5
restaurants,businessid_91,"July 01, 2019 at 06:56 AM",5
to event planning & services,businessid_91,"July 01, 2019 at 06:56 AM",5
to event planning & services,businessid_91,"July 01, 2019 at 06:56 AM",5
making it a perfect spot for any occasion,businessid_91,"July 01, 2019 at 06:56 AM",5
making it a perfect spot for any occasion,businessid_91,"July 01, 2019 at 06:56 AM",5
options ranging from food,businessid_91,"July 01, 2019 at 01:44 PM",5
options ranging from food,businessid_91,"July 01, 2019 at 01:44 PM",5
shaved ice,businessid_91,"July 01, 2019 at 01:44 PM",5
shaved ice,businessid_91,"July 01, 2019 at 01:44 PM",5
cajun/creole,businessid_91,"July 01, 2019 at 01:44 PM",5
cajun/creole,businessid_91,"July 01, 2019 at 01:44 PM",5
breakfast & brunch,businessid_91,"July 01, 2019 at 01:44 PM",5
breakfast & brunch,businessid_91,"July 01, 2019 at 01:44 PM",5
party & event planning,businessid_91,"July 01, 2019 at 01:44 PM",5
party & event planning,businessid_91,"July 01, 2019 at 01:44 PM",5
comfort food,businessid_91,"July 01, 2019 at 01:44 PM",5
comfort food,businessid_91,"July 01, 2019 at 01:44 PM",5
cafes,businessid_91,"July 01, 2019 at 01:44 PM",5
cafes,businessid_91,"July 01, 2019 at 01:44 PM",5
restaurants,businessid_91,"July 01, 2019 at 01:44 PM",5
restaurants,businessid_91,"July 01, 2019 at 01:44 PM",5
to event planning & services,businessid_91,"July 01, 2019 at 01:44 PM",5
to event planning & services,businessid_91,"July 01, 2019 at 01:44 PM",5
making it a perfect spot for any occasion,businessid_91,"July 01, 2019 at 01:44 PM",5
making it a perfect spot for any occasion,businessid_91,"July 01, 2019 at 01:44 PM",5
treats,businessid_85,"January 29, 2019 at 01:21 AM",5
including ice cream & frozen yogurt,businessid_85,"January 29, 2019 at 01:21 AM",5
food,businessid_85,"January 29, 2019 at 01:21 AM",5
food delivery services,businessid_85,"January 29, 2019 at 01:21 AM",5
bakeries,businessid_85,"January 29, 2019 at 01:21 AM",5
desserts,businessid_85,"January 29, 2019 at 01:21 AM",5
restaurants,businessid_46,"February 23, 2019 at 10:32 PM",5
restaurants,businessid_46,"February 23, 2019 at 10:32 PM",5
restaurants,businessid_46,"February 23, 2019 at 10:32 PM",5
restaurants,businessid_46,"February 23, 2019 at 10:32 PM",5
restaurants,businessid_46,"February 23, 2019 at 10:32 PM",5
restaurants,businessid_46,"February 23, 2019 at 10:32 PM",5
restaurants,businessid_46,"February 23, 2019 at 10:32 PM",5
restaurants,businessid_46,"February 23, 2019 at 10:32 PM",5
restaurants,businessid_46,"February 23, 2019 at 10:32 PM",5
restaurants,businessid_46,"February 23, 2019 at 10:32 PM",5
restaurants,businessid_46,"February 23, 2019 at 10:32 PM",5
restaurants,businessid_46,"February 23, 2019 at 10:32 PM",5
restaurants,businessid_46,"February 23, 2019 at 10:32 PM",5
restaurants,businessid_46,"February 23, 2019 at 10:32 PM",5
restaurants,businessid_46,"February 23, 2019 at 10:32 PM",5
restaurants,businessid_46,"February 23, 2019 at 10:32 PM",5
restaurants,businessid_46,"February 23, 2019 at 10:32 PM",5
restaurants,businessid_46,"February 23, 2019 at 10:32 PM",5
restaurants,businessid_46,"February 23, 2019 at 10:32 PM",5
restaurants,businessid_46,"February 23, 2019 at 10:32 PM",5
restaurants,businessid_46,"February 23, 2019 at 10:32 PM",5
restaurants,businessid_46,"February 23, 2019 at 10:32 PM",5
restaurants,businessid_46,"February 23, 2019 at 10:32 PM",5
restaurants,businessid_46,"February 23, 2019 at 10:32 PM",5
restaurants,businessid_46,"February 23, 2019 at 10:32 PM",5
restaurants,businessid_46,"February 23, 2019 at 10:32 PM",5
restaurants,businessid_46,"February 23, 2019 at 10:32 PM",5
restaurants,businessid_46,"February 23, 2019 at 10:32 PM",5
restaurants,businessid_46,"February 23, 2019 at 10:32 PM",5
restaurants,businessid_46,"February 23, 2019 at 10:32 PM",5
restaurants,businessid_46,"February 23, 2019 at 10:32 PM",5
restaurants,businessid_46,"February 23, 2019 at 10:32 PM",5
american (traditional),businessid_46,"February 23, 2019 at 10:32 PM",5
american (traditional),businessid_46,"February 23, 2019 at 10:32 PM",5
american (traditional),businessid_46,"February 23, 2019 at 10:32 PM",5
american (traditional),businessid_46,"February 23, 2019 at 10:32 PM",5
american (traditional),businessid_46,"February 23, 2019 at 10:32 PM",5
american (traditional),businessid_46,"February 23, 2019 at 10:32 PM",5
american (traditional),businessid_46,"February 23, 2019 at 10:32 PM",5
american (traditional),businessid_46,"February 23, 2019 at 10:32 PM",5
american (traditional),businessid_46,"February 23, 2019 at 10:32 PM",5
american (traditional),businessid_46,"February 23, 2019 at 10:32 PM",5
american (traditional),businessid_46,"February 23, 2019 at 10:32 PM",5
american (traditional),businessid_46,"February 23, 2019 at 10:32 PM",5
american (traditional),businessid_46,"February 23, 2019 at 10:32 PM",5
american (traditional),businessid_46,"February 23, 2019 at 10:32 PM",5
american (traditional),businessid_46,"February 23, 2019 at 10:32 PM",5
american (traditional),businessid_46,"February 23, 2019 at 10:32 PM",5
american (traditional),businessid_46,"February 23, 2019 at 10:32 PM",5
american (traditional),businessid_46,"February 23, 2019 at 10:32 PM",5
american (traditional),businessid_46,"February 23, 2019 at 10:32 PM",5
american (traditional),businessid_46,"February 23, 2019 at 10:32 PM",5
american (traditional),businessid_46,"February 23, 2019 at 10:32 PM",5
american (traditional),businessid_46,"February 23, 2019 at 10:32 PM",5
american (traditional),businessid_46,"February 23, 2019 at 10:32 PM",5
american (traditional),businessid_46,"February 23, 2019 at 10:32 PM",5
american (traditional),businessid_46,"February 23, 2019 at 10:32 PM",5
american (traditional),businessid_46,"February 23, 2019 at 10:32 PM",5
american (traditional),businessid_46,"February 23, 2019 at 10:32 PM",5
american (traditional),businessid_46,"February 23, 2019 at 10:32 PM",5
american (traditional),businessid_46,"February 23, 2019 at 10:32 PM",5
american (traditional),businessid_46,"February 23, 2019 at 10:32 PM",5
american (traditional),businessid_46,"February 23, 2019 at 10:32 PM",5
american (traditional),businessid_46,"February 23, 2019 at 10:32 PM",5
barbeque,businessid_46,"February 23, 2019 at 10:32 PM",5
barbeque,businessid_46,"February 23, 2019 at 10:32 PM",5
barbeque,businessid_46,"February 23, 2019 at 10:32 PM",5
barbeque,businessid_46,"February 23, 2019 at 10:32 PM",5
barbeque,businessid_46,"February 23, 2019 at 10:32 PM",5
barbeque,businessid_46,"February 23, 2019 at 10:32 PM",5
barbeque,businessid_46,"February 23, 2019 at 10:32 PM",5
barbeque,businessid_46,"February 23, 2019 at 10:32 PM",5
barbeque,businessid_46,"February 23, 2019 at 10:32 PM",5
barbeque,businessid_46,"February 23, 2019 at 10:32 PM",5
barbeque,businessid_46,"February 23, 2019 at 10:32 PM",5
barbeque,businessid_46,"February 23, 2019 at 10:32 PM",5
barbeque,businessid_46,"February 23, 2019 at 10:32 PM",5
barbeque,businessid_46,"February 23, 2019 at 10:32 PM",5
barbeque,businessid_46,"February 23, 2019 at 10:32 PM",5
barbeque,businessid_46,"February 23, 2019 at 10:32 PM",5
barbeque,businessid_46,"February 23, 2019 at 10:32 PM",5
barbeque,businessid_46,"February 23, 2019 at 10:32 PM",5
barbeque,businessid_46,"February 23, 2019 at 10:32 PM",5
barbeque,businessid_46,"February 23, 2019 at 10:32 PM",5
barbeque,businessid_46,"February 23, 2019 at 10:32 PM",5
barbeque,businessid_46,"February 23, 2019 at 10:32 PM",5
barbeque,businessid_46,"February 23, 2019 at 10:32 PM",5
barbeque,businessid_46,"February 23, 2019 at 10:32 PM",5
barbeque,businessid_46,"February 23, 2019 at 10:32 PM",5
barbeque,businessid_46,"February 23, 2019 at 10:32 PM",5
barbeque,businessid_46,"February 23, 2019 at 10:32 PM",5
barbeque,businessid_46,"February 23, 2019 at 10:32 PM",5
barbeque,businessid_46,"February 23, 2019 at 10:32 PM",5
barbeque,businessid_46,"February 23, 2019 at 10:32 PM",5
barbeque,businessid_46,"February 23, 2019 at 10:32 PM",5
barbeque,businessid_46,"February 23, 2019 at 10:32 PM",5
cocktail bars,businessid_46,"February 23, 2019 at 10:32 PM",5
cocktail bars,businessid_46,"February 23, 2019 at 10:32 PM",5
cocktail bars,businessid_46,"February 23, 2019 at 10:32 PM",5
cocktail bars,businessid_46,"February 23, 2019 at 10:32 PM",5
cocktail bars,businessid_46,"February 23, 2019 at 10:32 PM",5
cocktail bars,businessid_46,"February 23, 2019 at 10:32 PM",5
cocktail bars,businessid_46,"February 23, 2019 at 10:32 PM",5
cocktail bars,businessid_46,"February 23, 2019 at 10:32 PM",5
cocktail bars,businessid_46,"February 23, 2019 at 10:32 PM",5
cocktail bars,businessid_46,"February 23, 2019 at 10:32 PM",5
cocktail bars,businessid_46,"February 23, 2019 at 10:32 PM",5
cocktail bars,businessid_46,"February 23, 2019 at 10:32 PM",5
cocktail bars,businessid_46,"February 23, 2019 at 10:32 PM",5
cocktail bars,businessid_46,"February 23, 2019 at 10:32 PM",5
cocktail bars,businessid_46,"February 23, 2019 at 10:32 PM",5
cocktail bars,businessid_46,"February 23, 2019 at 10:32 PM",5
cocktail bars,businessid_46,"February 23, 2019 at 10:32 PM",5
cocktail bars,businessid_46,"February 23, 2019 at 10:32 PM",5
cocktail bars,businessid_46,"February 23, 2019 at 10:32 PM",5
cocktail bars,businessid_46,"February 23, 2019 at 10:32 PM",5
cocktail bars,businessid_46,"February 23, 2019 at 10:32 PM",5
cocktail bars,businessid_46,"February 23, 2019 at 10:32 PM",5
cocktail bars,businessid_46,"February 23, 2019 at 10:32 PM",5
cocktail bars,businessid_46,"February 23, 2019 at 10:32 PM",5
cocktail bars,businessid_46,"February 23, 2019 at 10:32 PM",5
cocktail bars,businessid_46,"February 23, 2019 at 10:32 PM",5
cocktail bars,businessid_46,"February 23, 2019 at 10:32 PM",5
cocktail bars,businessid_46,"February 23, 2019 at 10:32 PM",5
cocktail bars,businessid_46,"February 23, 2019 at 10:32 PM",5
cocktail bars,businessid_46,"February 23, 2019 at 10:32 PM",5
cocktail bars,businessid_46,"February 23, 2019 at 10:32 PM",5
cocktail bars,businessid_46,"February 23, 2019 at 10:32 PM",5
bars,businessid_46,"February 23, 2019 at 10:32 PM",5
bars,businessid_46,"February 23, 2019 at 10:32 PM",5
bars,businessid_46,"February 23, 2019 at 10:32 PM",5
bars,businessid_46,"February 23, 2019 at 10:32 PM",5
bars,businessid_46,"February 23, 2019 at 10:32 PM",5
bars,businessid_46,"February 23, 2019 at 10:32 PM",5
bars,businessid_46,"February 23, 2019 at 10:32 PM",5
bars,businessid_46,"February 23, 2019 at 10:32 PM",5
bars,businessid_46,"February 23, 2019 at 10:32 PM",5
bars,businessid_46,"February 23, 2019 at 10:32 PM",5
bars,businessid_46,"February 23, 2019 at 10:32 PM",5
bars,businessid_46,"February 23, 2019 at 10:32 PM",5
bars,businessid_46,"February 23, 2019 at 10:32 PM",5
bars,businessid_46,"February 23, 2019 at 10:32 PM",5
bars,businessid_46,"February 23, 2019 at 10:32 PM",5
bars,businessid_46,"February 23, 2019 at 10:32 PM",5
bars,businessid_46,"February 23, 2019 at 10:32 PM",5
bars,businessid_46,"February 23, 2019 at 10:32 PM",5
bars,businessid_46,"February 23, 2019 at 10:32 PM",5
bars,businessid_46,"February 23, 2019 at 10:32 PM",5
bars,businessid_46,"February 23, 2019 at 10:32 PM",5
bars,businessid_46,"February 23, 2019 at 10:32 PM",5
bars,businessid_46,"February 23, 2019 at 10:32 PM",5
bars,businessid_46,"February 23, 2019 at 10:32 PM",5
bars,businessid_46,"February 23, 2019 at 10:32 PM",5
bars,businessid_46,"February 23, 2019 at 10:32 PM",5
bars,businessid_46,"February 23, 2019 at 10:32 PM",5
bars,businessid_46,"February 23, 2019 at 10:32 PM",5
bars,businessid_46,"February 23, 2019 at 10:32 PM",5
bars,businessid_46,"February 23, 2019 at 10:32 PM",5
bars,businessid_46,"February 23, 2019 at 10:32 PM",5
bars,businessid_46,"February 23, 2019 at 10:32 PM",5
nightlife,businessid_46,"February 23, 2019 at 10:32 PM",5
nightlife,businessid_46,"February 23, 2019 at 10:32 PM",5
nightlife,businessid_46,"February 23, 2019 at 10:32 PM",5
nightlife,businessid_46,"February 23, 2019 at 10:32 PM",5
nightlife,businessid_46,"February 23, 2019 at 10:32 PM",5
nightlife,businessid_46,"February 23, 2019 at 10:32 PM",5
nightlife,businessid_46,"February 23, 2019 at 10:32 PM",5
nightlife,businessid_46,"February 23, 2019 at 10:32 PM",5
nightlife,businessid_46,"February 23, 2019 at 10:32 PM",5
nightlife,businessid_46,"February 23, 2019 at 10:32 PM",5
nightlife,businessid_46,"February 23, 2019 at 10:32 PM",5
nightlife,businessid_46,"February 23, 2019 at 10:32 PM",5
nightlife,businessid_46,"February 23, 2019 at 10:32 PM",5
nightlife,businessid_46,"February 23, 2019 at 10:32 PM",5
nightlife,businessid_46,"February 23, 2019 at 10:32 PM",5
nightlife,businessid_46,"February 23, 2019 at 10:32 PM",5
nightlife,businessid_46,"February 23, 2019 at 10:32 PM",5
nightlife,businessid_46,"February 23, 2019 at 10:32 PM",5
nightlife,businessid_46,"February 23, 2019 at 10:32 PM",5
nightlife,businessid_46,"February 23, 2019 at 10:32 PM",5
nightlife,businessid_46,"February 23, 2019 at 10:32 PM",5
nightlife,businessid_46,"February 23, 2019 at 10:32 PM",5
nightlife,businessid_46,"February 23, 2019 at 10:32 PM",5
nightlife,businessid_46,"February 23, 2019 at 10:32 PM",5
nightlife,businessid_46,"February 23, 2019 at 10:32 PM",5
nightlife,businessid_46,"February 23, 2019 at 10:32 PM",5
nightlife,businessid_46,"February 23, 2019 at 10:32 PM",5
nightlife,businessid_46,"February 23, 2019 at 10:32 PM",5
nightlife,businessid_46,"February 23, 2019 at 10:32 PM",5
nightlife,businessid_46,"February 23, 2019 at 10:32 PM",5
nightlife,businessid_46,"February 23, 2019 at 10:32 PM",5
nightlife,businessid_46,"February 23, 2019 at 10:32 PM",5
options ranging from food,businessid_91,"December 14, 2019 at 02:45 PM",5
options ranging from food,businessid_91,"December 14, 2019 at 02:45 PM",5
shaved ice,businessid_91,"December 14, 2019 at 02:45 PM",5
shaved ice,businessid_91,"December 14, 2019 at 02:45 PM",5
cajun/creole,businessid_91,"December 14, 2019 at 02:45 PM",5
cajun/creole,businessid_91,"December 14, 2019 at 02:45 PM",5
breakfast & brunch,businessid_91,"December 14, 2019 at 02:45 PM",5
breakfast & brunch,businessid_91,"December 14, 2019 at 02:45 PM",5
party & event planning,businessid_91,"December 14, 2019 at 02:45 PM",5
party & event planning,businessid_91,"December 14, 2019 at 02:45 PM",5
comfort food,businessid_91,"December 14, 2019 at 02:45 PM",5
comfort food,businessid_91,"December 14, 2019 at 02:45 PM",5
cafes,businessid_91,"December 14, 2019 at 02:45 PM",5
cafes,businessid_91,"December 14, 2019 at 02:45 PM",5
restaurants,businessid_91,"December 14, 2019 at 02:45 PM",5
restaurants,businessid_91,"December 14, 2019 at 02:45 PM",5
to event planning & services,businessid_91,"December 14, 2019 at 02:45 PM",5
to event planning & services,businessid_91,"December 14, 2019 at 02:45 PM",5
making it a perfect spot for any occasion,businessid_91,"December 14, 2019 at 02:45 PM",5
making it a perfect spot for any occasion,businessid_91,"December 14, 2019 at 02:45 PM",5
options in the categories of food,businessid_25,"August 26, 2019 at 09:23 PM",5
options in the categories of food,businessid_25,"August 26, 2019 at 09:23 PM",5
restaurants,businessid_25,"August 26, 2019 at 09:23 PM",5
restaurants,businessid_25,"August 26, 2019 at 09:23 PM",5
sandwiches,businessid_25,"August 26, 2019 at 09:23 PM",5
sandwiches,businessid_25,"August 26, 2019 at 09:23 PM",5
breakfast & brunch,businessid_25,"August 26, 2019 at 09:23 PM",5
breakfast & brunch,businessid_25,"August 26, 2019 at 09:23 PM",5
bakeries,businessid_25,"August 26, 2019 at 09:23 PM",5
bakeries,businessid_25,"August 26, 2019 at 09:23 PM",5
options,businessid_20,"August 14, 2019 at 10:56 PM",5
including restaurants,businessid_20,"August 14, 2019 at 10:56 PM",5
american (new),businessid_20,"August 14, 2019 at 10:56 PM",5
caterers,businessid_20,"August 14, 2019 at 10:56 PM",5
fast food,businessid_20,"August 14, 2019 at 10:56 PM",5
chicken shop,businessid_20,"August 14, 2019 at 10:56 PM",5
event planning & services,businessid_20,"August 14, 2019 at 10:56 PM",5
american (traditional),businessid_20,"August 14, 2019 at 10:56 PM",5
options ranging from food,businessid_91,"April 05, 2019 at 05:43 PM",5
options ranging from food,businessid_91,"April 05, 2019 at 05:43 PM",5
shaved ice,businessid_91,"April 05, 2019 at 05:43 PM",5
shaved ice,businessid_91,"April 05, 2019 at 05:43 PM",5
cajun/creole,businessid_91,"April 05, 2019 at 05:43 PM",5
cajun/creole,businessid_91,"April 05, 2019 at 05:43 PM",5
breakfast & brunch,businessid_91,"April 05, 2019 at 05:43 PM",5
breakfast & brunch,businessid_91,"April 05, 2019 at 05:43 PM",5
party & event planning,businessid_91,"April 05, 2019 at 05:43 PM",5
party & event planning,businessid_91,"April 05, 2019 at 05:43 PM",5
comfort food,businessid_91,"April 05, 2019 at 05:43 PM",5
comfort food,businessid_91,"April 05, 2019 at 05:43 PM",5
cafes,businessid_91,"April 05, 2019 at 05:43 PM",5
cafes,businessid_91,"April 05, 2019 at 05:43 PM",5
restaurants,businessid_91,"April 05, 2019 at 05:43 PM",5
restaurants,businessid_91,"April 05, 2019 at 05:43 PM",5
to event planning & services,businessid_91,"April 05, 2019 at 05:43 PM",5
to event planning & services,businessid_91,"April 05, 2019 at 05:43 PM",5
making it a perfect spot for any occasion,businessid_91,"April 05, 2019 at 05:43 PM",5
making it a perfect spot for any occasion,businessid_91,"April 05, 2019 at 05:43 PM",5
hair salons,businessid_47,"21 May 2019, 14:06",5
beauty & spas,businessid_47,"21 May 2019, 14:06",5
hair stylists,businessid_47,"21 May 2019, 14:06",5
skin care,businessid_47,"21 May 2019, 14:06",5
blow dry/out services,businessid_47,"21 May 2019, 14:06",5
makeup artists,businessid_47,"21 May 2019, 14:06",5
options ranging from food,businessid_91,2019-12-20 16:54:00,5
options ranging from food,businessid_91,2019-12-20 16:54:00,5
shaved ice,businessid_91,2019-12-20 16:54:00,5
shaved ice,businessid_91,2019-12-20 16:54:00,5
cajun/creole,businessid_91,2019-12-20 16:54:00,5
cajun/creole,businessid_91,2019-12-20 16:54:00,5
breakfast & brunch,businessid_91,2019-12-20 16:54:00,5
breakfast & brunch,businessid_91,2019-12-20 16:54:00,5
party & event planning,businessid_91,2019-12-20 16:54:00,5
party & event planning,businessid_91,2019-12-20 16:54:00,5
comfort food,businessid_91,2019-12-20 16:54:00,5
comfort food,businessid_91,2019-12-20 16:54:00,5
cafes,businessid_91,2019-12-20 16:54:00,5
cafes,businessid_91,2019-12-20 16:54:00,5
restaurants,businessid_91,2019-12-20 16:54:00,5
restaurants,businessid_91,2019-12-20 16:54:00,5
to event planning & services,businessid_91,2019-12-20 16:54:00,5
to event planning & services,businessid_91,2019-12-20 16:54:00,5
making it a perfect spot for any occasion,businessid_91,2019-12-20 16:54:00,5
making it a perfect spot for any occasion,businessid_91,2019-12-20 16:54:00,5
options ranging from food,businessid_91,2019-12-15 18:28:00,5
options ranging from food,businessid_91,2019-12-15 18:28:00,5
shaved ice,businessid_91,2019-12-15 18:28:00,5
shaved ice,businessid_91,2019-12-15 18:28:00,5
cajun/creole,businessid_91,2019-12-15 18:28:00,5
cajun/creole,businessid_91,2019-12-15 18:28:00,5
breakfast & brunch,businessid_91,2019-12-15 18:28:00,5
breakfast & brunch,businessid_91,2019-12-15 18:28:00,5
party & event planning,businessid_91,2019-12-15 18:28:00,5
party & event planning,businessid_91,2019-12-15 18:28:00,5
comfort food,businessid_91,2019-12-15 18:28:00,5
comfort food,businessid_91,2019-12-15 18:28:00,5
cafes,businessid_91,2019-12-15 18:28:00,5
cafes,businessid_91,2019-12-15 18:28:00,5
restaurants,businessid_91,2019-12-15 18:28:00,5
restaurants,businessid_91,2019-12-15 18:28:00,5
to event planning & services,businessid_91,2019-12-15 18:28:00,5
to event planning & services,businessid_91,2019-12-15 18:28:00,5
making it a perfect spot for any occasion,businessid_91,2019-12-15 18:28:00,5
making it a perfect spot for any occasion,businessid_91,2019-12-15 18:28:00,5
options in the categories of food,businessid_25,2019-12-07 01:42:05,5
options in the categories of food,businessid_25,2019-12-07 01:42:05,5
restaurants,businessid_25,2019-12-07 01:42:05,5
restaurants,businessid_25,2019-12-07 01:42:05,5
sandwiches,businessid_25,2019-12-07 01:42:05,5
sandwiches,businessid_25,2019-12-07 01:42:05,5
breakfast & brunch,businessid_25,2019-12-07 01:42:05,5
breakfast & brunch,businessid_25,2019-12-07 01:42:05,5
bakeries,businessid_25,2019-12-07 01:42:05,5
bakeries,businessid_25,2019-12-07 01:42:05,5
options in the categories of food,businessid_25,2019-11-01 17:54:00,5
options in the categories of food,businessid_25,2019-11-01 17:54:00,5
restaurants,businessid_25,2019-11-01 17:54:00,5
restaurants,businessid_25,2019-11-01 17:54:00,5
sandwiches,businessid_25,2019-11-01 17:54:00,5
sandwiches,businessid_25,2019-11-01 17:54:00,5
breakfast & brunch,businessid_25,2019-11-01 17:54:00,5
breakfast & brunch,businessid_25,2019-11-01 17:54:00,5
bakeries,businessid_25,2019-11-01 17:54:00,5
bakeries,businessid_25,2019-11-01 17:54:00,5
options,businessid_44,2019-10-30 00:07:28,5
options,businessid_44,2019-10-30 00:07:28,5
including restaurants,businessid_44,2019-10-30 00:07:28,5
including restaurants,businessid_44,2019-10-30 00:07:28,5
diners,businessid_44,2019-10-30 00:07:28,5
diners,businessid_44,2019-10-30 00:07:28,5
breakfast & brunch,businessid_44,2019-10-30 00:07:28,5
breakfast & brunch,businessid_44,2019-10-30 00:07:28,5
american (new),businessid_44,2019-10-30 00:07:28,5
american (new),businessid_44,2019-10-30 00:07:28,5
american (traditional),businessid_44,2019-10-30 00:07:28,5
american (traditional),businessid_44,2019-10-30 00:07:28,5
burgers,businessid_44,2019-10-30 00:07:28,5
burgers,businessid_44,2019-10-30 00:07:28,5
making it a perfect spot for any meal of the day,businessid_44,2019-10-30 00:07:28,5
making it a perfect spot for any meal of the day,businessid_44,2019-10-30 00:07:28,5
options ranging from food,businessid_91,2019-10-26 03:28:00,5
options ranging from food,businessid_91,2019-10-26 03:28:00,5
shaved ice,businessid_91,2019-10-26 03:28:00,5
shaved ice,businessid_91,2019-10-26 03:28:00,5
cajun/creole,businessid_91,2019-10-26 03:28:00,5
cajun/creole,businessid_91,2019-10-26 03:28:00,5
breakfast & brunch,businessid_91,2019-10-26 03:28:00,5
breakfast & brunch,businessid_91,2019-10-26 03:28:00,5
party & event planning,businessid_91,2019-10-26 03:28:00,5
party & event planning,businessid_91,2019-10-26 03:28:00,5
comfort food,businessid_91,2019-10-26 03:28:00,5
comfort food,businessid_91,2019-10-26 03:28:00,5
cafes,businessid_91,2019-10-26 03:28:00,5
cafes,businessid_91,2019-10-26 03:28:00,5
restaurants,businessid_91,2019-10-26 03:28:00,5
restaurants,businessid_91,2019-10-26 03:28:00,5
to event planning & services,businessid_91,2019-10-26 03:28:00,5
to event planning & services,businessid_91,2019-10-26 03:28:00,5
making it a perfect spot for any occasion,businessid_91,2019-10-26 03:28:00,5
making it a perfect spot for any occasion,businessid_91,2019-10-26 03:28:00,5
options ranging from food,businessid_91,2019-10-20 14:16:18,5
options ranging from food,businessid_91,2019-10-20 14:16:18,5
shaved ice,businessid_91,2019-10-20 14:16:18,5
shaved ice,businessid_91,2019-10-20 14:16:18,5
cajun/creole,businessid_91,2019-10-20 14:16:18,5
cajun/creole,businessid_91,2019-10-20 14:16:18,5
breakfast & brunch,businessid_91,2019-10-20 14:16:18,5
breakfast & brunch,businessid_91,2019-10-20 14:16:18,5
party & event planning,businessid_91,2019-10-20 14:16:18,5
party & event planning,businessid_91,2019-10-20 14:16:18,5
comfort food,businessid_91,2019-10-20 14:16:18,5
comfort food,businessid_91,2019-10-20 14:16:18,5
cafes,businessid_91,2019-10-20 14:16:18,5
cafes,businessid_91,2019-10-20 14:16:18,5
restaurants,businessid_91,2019-10-20 14:16:18,5
restaurants,businessid_91,2019-10-20 14:16:18,5
to event planning & services,businessid_91,2019-10-20 14:16:18,5
to event planning & services,businessid_91,2019-10-20 14:16:18,5
making it a perfect spot for any occasion,businessid_91,2019-10-20 14:16:18,5
making it a perfect spot for any occasion,businessid_91,2019-10-20 14:16:18,5
options ranging from food,businessid_91,2019-09-14 18:42:48,5
options ranging from food,businessid_91,2019-09-14 18:42:48,5
shaved ice,businessid_91,2019-09-14 18:42:48,5
shaved ice,businessid_91,2019-09-14 18:42:48,5
cajun/creole,businessid_91,2019-09-14 18:42:48,5
cajun/creole,businessid_91,2019-09-14 18:42:48,5
breakfast & brunch,businessid_91,2019-09-14 18:42:48,5
breakfast & brunch,businessid_91,2019-09-14 18:42:48,5
party & event planning,businessid_91,2019-09-14 18:42:48,5
party & event planning,businessid_91,2019-09-14 18:42:48,5
comfort food,businessid_91,2019-09-14 18:42:48,5
comfort food,businessid_91,2019-09-14 18:42:48,5
cafes,businessid_91,2019-09-14 18:42:48,5
cafes,businessid_91,2019-09-14 18:42:48,5
restaurants,businessid_91,2019-09-14 18:42:48,5
restaurants,businessid_91,2019-09-14 18:42:48,5
to event planning & services,businessid_91,2019-09-14 18:42:48,5
to event planning & services,businessid_91,2019-09-14 18:42:48,5
making it a perfect spot for any occasion,businessid_91,2019-09-14 18:42:48,5
making it a perfect spot for any occasion,businessid_91,2019-09-14 18:42:48,5
vietnamese,businessid_67,2019-09-09 03:06:15,5
vietnamese,businessid_67,2019-09-09 03:06:15,5
soup,businessid_67,2019-09-09 03:06:15,5
soup,businessid_67,2019-09-09 03:06:15,5
restaurants,businessid_67,2019-09-09 03:06:15,5
restaurants,businessid_67,2019-09-09 03:06:15,5
noodles,businessid_67,2019-09-09 03:06:15,5
noodles,businessid_67,2019-09-09 03:06:15,5
offering a delightful array of flavorful dishes,businessid_67,2019-09-09 03:06:15,5
offering a delightful array of flavorful dishes,businessid_67,2019-09-09 03:06:15,5
restaurants,businessid_46,2019-07-13 03:52:00,5
restaurants,businessid_46,2019-07-13 03:52:00,5
restaurants,businessid_46,2019-07-13 03:52:00,5
restaurants,businessid_46,2019-07-13 03:52:00,5
restaurants,businessid_46,2019-07-13 03:52:00,5
restaurants,businessid_46,2019-07-13 03:52:00,5
restaurants,businessid_46,2019-07-13 03:52:00,5
restaurants,businessid_46,2019-07-13 03:52:00,5
restaurants,businessid_46,2019-07-13 03:52:00,5
restaurants,businessid_46,2019-07-13 03:52:00,5
restaurants,businessid_46,2019-07-13 03:52:00,5
restaurants,businessid_46,2019-07-13 03:52:00,5
restaurants,businessid_46,2019-07-13 03:52:00,5
restaurants,businessid_46,2019-07-13 03:52:00,5
restaurants,businessid_46,2019-07-13 03:52:00,5
restaurants,businessid_46,2019-07-13 03:52:00,5
restaurants,businessid_46,2019-07-13 03:52:00,5
restaurants,businessid_46,2019-07-13 03:52:00,5
restaurants,businessid_46,2019-07-13 03:52:00,5
restaurants,businessid_46,2019-07-13 03:52:00,5
restaurants,businessid_46,2019-07-13 03:52:00,5
restaurants,businessid_46,2019-07-13 03:52:00,5
restaurants,businessid_46,2019-07-13 03:52:00,5
restaurants,businessid_46,2019-07-13 03:52:00,5
restaurants,businessid_46,2019-07-13 03:52:00,5
restaurants,businessid_46,2019-07-13 03:52:00,5
restaurants,businessid_46,2019-07-13 03:52:00,5
restaurants,businessid_46,2019-07-13 03:52:00,5
restaurants,businessid_46,2019-07-13 03:52:00,5
restaurants,businessid_46,2019-07-13 03:52:00,5
restaurants,businessid_46,2019-07-13 03:52:00,5
restaurants,businessid_46,2019-07-13 03:52:00,5
american (traditional),businessid_46,2019-07-13 03:52:00,5
american (traditional),businessid_46,2019-07-13 03:52:00,5
american (traditional),businessid_46,2019-07-13 03:52:00,5
american (traditional),businessid_46,2019-07-13 03:52:00,5
american (traditional),businessid_46,2019-07-13 03:52:00,5
american (traditional),businessid_46,2019-07-13 03:52:00,5
american (traditional),businessid_46,2019-07-13 03:52:00,5
american (traditional),businessid_46,2019-07-13 03:52:00,5
american (traditional),businessid_46,2019-07-13 03:52:00,5
american (traditional),businessid_46,2019-07-13 03:52:00,5
american (traditional),businessid_46,2019-07-13 03:52:00,5
american (traditional),businessid_46,2019-07-13 03:52:00,5
american (traditional),businessid_46,2019-07-13 03:52:00,5
american (traditional),businessid_46,2019-07-13 03:52:00,5
american (traditional),businessid_46,2019-07-13 03:52:00,5
american (traditional),businessid_46,2019-07-13 03:52:00,5
american (traditional),businessid_46,2019-07-13 03:52:00,5
american (traditional),businessid_46,2019-07-13 03:52:00,5
american (traditional),businessid_46,2019-07-13 03:52:00,5
american (traditional),businessid_46,2019-07-13 03:52:00,5
american (traditional),businessid_46,2019-07-13 03:52:00,5
american (traditional),businessid_46,2019-07-13 03:52:00,5
american (traditional),businessid_46,2019-07-13 03:52:00,5
american (traditional),businessid_46,2019-07-13 03:52:00,5
american (traditional),businessid_46,2019-07-13 03:52:00,5
american (traditional),businessid_46,2019-07-13 03:52:00,5
american (traditional),businessid_46,2019-07-13 03:52:00,5
american (traditional),businessid_46,2019-07-13 03:52:00,5
american (traditional),businessid_46,2019-07-13 03:52:00,5
american (traditional),businessid_46,2019-07-13 03:52:00,5
american (traditional),businessid_46,2019-07-13 03:52:00,5
american (traditional),businessid_46,2019-07-13 03:52:00,5
barbeque,businessid_46,2019-07-13 03:52:00,5
barbeque,businessid_46,2019-07-13 03:52:00,5
barbeque,businessid_46,2019-07-13 03:52:00,5
barbeque,businessid_46,2019-07-13 03:52:00,5
barbeque,businessid_46,2019-07-13 03:52:00,5
barbeque,businessid_46,2019-07-13 03:52:00,5
barbeque,businessid_46,2019-07-13 03:52:00,5
barbeque,businessid_46,2019-07-13 03:52:00,5
barbeque,businessid_46,2019-07-13 03:52:00,5
barbeque,businessid_46,2019-07-13 03:52:00,5
barbeque,businessid_46,2019-07-13 03:52:00,5
barbeque,businessid_46,2019-07-13 03:52:00,5
barbeque,businessid_46,2019-07-13 03:52:00,5
barbeque,businessid_46,2019-07-13 03:52:00,5
barbeque,businessid_46,2019-07-13 03:52:00,5
barbeque,businessid_46,2019-07-13 03:52:00,5
barbeque,businessid_46,2019-07-13 03:52:00,5
barbeque,businessid_46,2019-07-13 03:52:00,5
barbeque,businessid_46,2019-07-13 03:52:00,5
barbeque,businessid_46,2019-07-13 03:52:00,5
barbeque,businessid_46,2019-07-13 03:52:00,5
barbeque,businessid_46,2019-07-13 03:52:00,5
barbeque,businessid_46,2019-07-13 03:52:00,5
barbeque,businessid_46,2019-07-13 03:52:00,5
barbeque,businessid_46,2019-07-13 03:52:00,5
barbeque,businessid_46,2019-07-13 03:52:00,5
barbeque,businessid_46,2019-07-13 03:52:00,5
barbeque,businessid_46,2019-07-13 03:52:00,5
barbeque,businessid_46,2019-07-13 03:52:00,5
barbeque,businessid_46,2019-07-13 03:52:00,5
barbeque,businessid_46,2019-07-13 03:52:00,5
barbeque,businessid_46,2019-07-13 03:52:00,5
cocktail bars,businessid_46,2019-07-13 03:52:00,5
cocktail bars,businessid_46,2019-07-13 03:52:00,5
cocktail bars,businessid_46,2019-07-13 03:52:00,5
cocktail bars,businessid_46,2019-07-13 03:52:00,5
cocktail bars,businessid_46,2019-07-13 03:52:00,5
cocktail bars,businessid_46,2019-07-13 03:52:00,5
cocktail bars,businessid_46,2019-07-13 03:52:00,5
cocktail bars,businessid_46,2019-07-13 03:52:00,5
cocktail bars,businessid_46,2019-07-13 03:52:00,5
cocktail bars,businessid_46,2019-07-13 03:52:00,5
cocktail bars,businessid_46,2019-07-13 03:52:00,5
cocktail bars,businessid_46,2019-07-13 03:52:00,5
cocktail bars,businessid_46,2019-07-13 03:52:00,5
cocktail bars,businessid_46,2019-07-13 03:52:00,5
cocktail bars,businessid_46,2019-07-13 03:52:00,5
cocktail bars,businessid_46,2019-07-13 03:52:00,5
cocktail bars,businessid_46,2019-07-13 03:52:00,5
cocktail bars,businessid_46,2019-07-13 03:52:00,5
cocktail bars,businessid_46,2019-07-13 03:52:00,5
cocktail bars,businessid_46,2019-07-13 03:52:00,5
cocktail bars,businessid_46,2019-07-13 03:52:00,5
cocktail bars,businessid_46,2019-07-13 03:52:00,5
cocktail bars,businessid_46,2019-07-13 03:52:00,5
cocktail bars,businessid_46,2019-07-13 03:52:00,5
cocktail bars,businessid_46,2019-07-13 03:52:00,5
cocktail bars,businessid_46,2019-07-13 03:52:00,5
cocktail bars,businessid_46,2019-07-13 03:52:00,5
cocktail bars,businessid_46,2019-07-13 03:52:00,5
cocktail bars,businessid_46,2019-07-13 03:52:00,5
cocktail bars,businessid_46,2019-07-13 03:52:00,5
cocktail bars,businessid_46,2019-07-13 03:52:00,5
cocktail bars,businessid_46,2019-07-13 03:52:00,5
bars,businessid_46,2019-07-13 03:52:00,5
bars,businessid_46,2019-07-13 03:52:00,5
bars,businessid_46,2019-07-13 03:52:00,5
bars,businessid_46,2019-07-13 03:52:00,5
bars,businessid_46,2019-07-13 03:52:00,5
bars,businessid_46,2019-07-13 03:52:00,5
bars,businessid_46,2019-07-13 03:52:00,5
bars,businessid_46,2019-07-13 03:52:00,5
bars,businessid_46,2019-07-13 03:52:00,5
bars,businessid_46,2019-07-13 03:52:00,5
bars,businessid_46,2019-07-13 03:52:00,5
bars,businessid_46,2019-07-13 03:52:00,5
bars,businessid_46,2019-07-13 03:52:00,5
bars,businessid_46,2019-07-13 03:52:00,5
bars,businessid_46,2019-07-13 03:52:00,5
bars,businessid_46,2019-07-13 03:52:00,5
bars,businessid_46,2019-07-13 03:52:00,5
bars,businessid_46,2019-07-13 03:52:00,5
bars,businessid_46,2019-07-13 03:52:00,5
bars,businessid_46,2019-07-13 03:52:00,5
bars,businessid_46,2019-07-13 03:52:00,5
bars,businessid_46,2019-07-13 03:52:00,5
bars,businessid_46,2019-07-13 03:52:00,5
bars,businessid_46,2019-07-13 03:52:00,5
bars,businessid_46,2019-07-13 03:52:00,5
bars,businessid_46,2019-07-13 03:52:00,5
bars,businessid_46,2019-07-13 03:52:00,5
bars,businessid_46,2019-07-13 03:52:00,5
bars,businessid_46,2019-07-13 03:52:00,5
bars,businessid_46,2019-07-13 03:52:00,5
bars,businessid_46,2019-07-13 03:52:00,5
bars,businessid_46,2019-07-13 03:52:00,5
nightlife,businessid_46,2019-07-13 03:52:00,5
nightlife,businessid_46,2019-07-13 03:52:00,5
nightlife,businessid_46,2019-07-13 03:52:00,5
nightlife,businessid_46,2019-07-13 03:52:00,5
nightlife,businessid_46,2019-07-13 03:52:00,5
nightlife,businessid_46,2019-07-13 03:52:00,5
nightlife,businessid_46,2019-07-13 03:52:00,5
nightlife,businessid_46,2019-07-13 03:52:00,5
nightlife,businessid_46,2019-07-13 03:52:00,5
nightlife,businessid_46,2019-07-13 03:52:00,5
nightlife,businessid_46,2019-07-13 03:52:00,5
nightlife,businessid_46,2019-07-13 03:52:00,5
nightlife,businessid_46,2019-07-13 03:52:00,5
nightlife,businessid_46,2019-07-13 03:52:00,5
nightlife,businessid_46,2019-07-13 03:52:00,5
nightlife,businessid_46,2019-07-13 03:52:00,5
nightlife,businessid_46,2019-07-13 03:52:00,5
nightlife,businessid_46,2019-07-13 03:52:00,5
nightlife,businessid_46,2019-07-13 03:52:00,5
nightlife,businessid_46,2019-07-13 03:52:00,5
nightlife,businessid_46,2019-07-13 03:52:00,5
nightlife,businessid_46,2019-07-13 03:52:00,5
nightlife,businessid_46,2019-07-13 03:52:00,5
nightlife,businessid_46,2019-07-13 03:52:00,5
nightlife,businessid_46,2019-07-13 03:52:00,5
nightlife,businessid_46,2019-07-13 03:52:00,5
nightlife,businessid_46,2019-07-13 03:52:00,5
nightlife,businessid_46,2019-07-13 03:52:00,5
nightlife,businessid_46,2019-07-13 03:52:00,5
nightlife,businessid_46,2019-07-13 03:52:00,5
nightlife,businessid_46,2019-07-13 03:52:00,5
nightlife,businessid_46,2019-07-13 03:52:00,5
quick,businessid_66,2019-06-27 21:57:00,5
delicious options in the categories of fast food,businessid_66,2019-06-27 21:57:00,5
chinese,businessid_66,2019-06-27 21:57:00,5
restaurants,businessid_66,2019-06-27 21:57:00,5
quick,businessid_66,2019-06-27 18:36:00,5
delicious options in the categories of fast food,businessid_66,2019-06-27 18:36:00,5
chinese,businessid_66,2019-06-27 18:36:00,5
restaurants,businessid_66,2019-06-27 18:36:00,5
options ranging from food,businessid_91,2019-06-14 14:28:00,5
options ranging from food,businessid_91,2019-06-14 14:28:00,5
shaved ice,businessid_91,2019-06-14 14:28:00,5
shaved ice,businessid_91,2019-06-14 14:28:00,5
cajun/creole,businessid_91,2019-06-14 14:28:00,5
cajun/creole,businessid_91,2019-06-14 14:28:00,5
breakfast & brunch,businessid_91,2019-06-14 14:28:00,5
breakfast & brunch,businessid_91,2019-06-14 14:28:00,5
party & event planning,businessid_91,2019-06-14 14:28:00,5
party & event planning,businessid_91,2019-06-14 14:28:00,5
comfort food,businessid_91,2019-06-14 14:28:00,5
comfort food,businessid_91,2019-06-14 14:28:00,5
cafes,businessid_91,2019-06-14 14:28:00,5
cafes,businessid_91,2019-06-14 14:28:00,5
restaurants,businessid_91,2019-06-14 14:28:00,5
restaurants,businessid_91,2019-06-14 14:28:00,5
to event planning & services,businessid_91,2019-06-14 14:28:00,5
to event planning & services,businessid_91,2019-06-14 14:28:00,5
making it a perfect spot for any occasion,businessid_91,2019-06-14 14:28:00,5
making it a perfect spot for any occasion,businessid_91,2019-06-14 14:28:00,5
customers,businessid_60,2019-05-29 19:46:00,5
including food,businessid_60,2019-05-29 19:46:00,5
shopping,businessid_60,2019-05-29 19:46:00,5
fashion,businessid_60,2019-05-29 19:46:00,5
discount store,businessid_60,2019-05-29 19:46:00,5
grocery,businessid_60,2019-05-29 19:46:00,5
electronics,businessid_60,2019-05-29 19:46:00,5
drugstores,businessid_60,2019-05-29 19:46:00,5
department stores,businessid_60,2019-05-29 19:46:00,5
ensuring that visitors can find everything they need in one convenient location,businessid_60,2019-05-29 19:46:00,5
options ranging from food,businessid_91,2019-04-21 17:07:17,5
options ranging from food,businessid_91,2019-04-21 17:07:17,5
shaved ice,businessid_91,2019-04-21 17:07:17,5
shaved ice,businessid_91,2019-04-21 17:07:17,5
cajun/creole,businessid_91,2019-04-21 17:07:17,5
cajun/creole,businessid_91,2019-04-21 17:07:17,5
breakfast & brunch,businessid_91,2019-04-21 17:07:17,5
breakfast & brunch,businessid_91,2019-04-21 17:07:17,5
party & event planning,businessid_91,2019-04-21 17:07:17,5
party & event planning,businessid_91,2019-04-21 17:07:17,5
comfort food,businessid_91,2019-04-21 17:07:17,5
comfort food,businessid_91,2019-04-21 17:07:17,5
cafes,businessid_91,2019-04-21 17:07:17,5
cafes,businessid_91,2019-04-21 17:07:17,5
restaurants,businessid_91,2019-04-21 17:07:17,5
restaurants,businessid_91,2019-04-21 17:07:17,5
to event planning & services,businessid_91,2019-04-21 17:07:17,5
to event planning & services,businessid_91,2019-04-21 17:07:17,5
making it a perfect spot for any occasion,businessid_91,2019-04-21 17:07:17,5
making it a perfect spot for any occasion,businessid_91,2019-04-21 17:07:17,5
vietnamese,businessid_67,2019-04-20 19:54:00,5
vietnamese,businessid_67,2019-04-20 19:54:00,5
soup,businessid_67,2019-04-20 19:54:00,5
soup,businessid_67,2019-04-20 19:54:00,5
restaurants,businessid_67,2019-04-20 19:54:00,5
restaurants,businessid_67,2019-04-20 19:54:00,5
noodles,businessid_67,2019-04-20 19:54:00,5
noodles,businessid_67,2019-04-20 19:54:00,5
offering a delightful array of flavorful dishes,businessid_67,2019-04-20 19:54:00,5
offering a delightful array of flavorful dishes,businessid_67,2019-04-20 19:54:00,5
american (new),businessid_86,2019-04-14 23:08:41,5
american (new),businessid_86,2019-04-14 23:08:41,5
restaurants,businessid_86,2019-04-14 23:08:41,5
restaurants,businessid_86,2019-04-14 23:08:41,5
american (traditional),businessid_86,2019-04-14 23:08:41,5
american (traditional),businessid_86,2019-04-14 23:08:41,5
asian fusion,businessid_86,2019-04-14 23:08:41,5
asian fusion,businessid_86,2019-04-14 23:08:41,5
noodles,businessid_86,2019-04-14 23:08:41,5
noodles,businessid_86,2019-04-14 23:08:41,5
dim sum,businessid_86,2019-04-14 23:08:41,5
dim sum,businessid_86,2019-04-14 23:08:41,5
fast food,businessid_86,2019-04-14 23:08:41,5
fast food,businessid_86,2019-04-14 23:08:41,5
chinese,businessid_86,2019-04-14 23:08:41,5
chinese,businessid_86,2019-04-14 23:08:41,5
catering to a variety of tastes,businessid_86,2019-04-14 23:08:41,5
catering to a variety of tastes,businessid_86,2019-04-14 23:08:41,5
preferences,businessid_86,2019-04-14 23:08:41,5
preferences,businessid_86,2019-04-14 23:08:41,5
american (new),businessid_86,2019-04-11 21:17:58,5
american (new),businessid_86,2019-04-11 21:17:58,5
restaurants,businessid_86,2019-04-11 21:17:58,5
restaurants,businessid_86,2019-04-11 21:17:58,5
american (traditional),businessid_86,2019-04-11 21:17:58,5
american (traditional),businessid_86,2019-04-11 21:17:58,5
asian fusion,businessid_86,2019-04-11 21:17:58,5
asian fusion,businessid_86,2019-04-11 21:17:58,5
noodles,businessid_86,2019-04-11 21:17:58,5
noodles,businessid_86,2019-04-11 21:17:58,5
dim sum,businessid_86,2019-04-11 21:17:58,5
dim sum,businessid_86,2019-04-11 21:17:58,5
fast food,businessid_86,2019-04-11 21:17:58,5
fast food,businessid_86,2019-04-11 21:17:58,5
chinese,businessid_86,2019-04-11 21:17:58,5
chinese,businessid_86,2019-04-11 21:17:58,5
catering to a variety of tastes,businessid_86,2019-04-11 21:17:58,5
catering to a variety of tastes,businessid_86,2019-04-11 21:17:58,5
preferences,businessid_86,2019-04-11 21:17:58,5
preferences,businessid_86,2019-04-11 21:17:58,5
restaurants,businessid_46,2019-04-09 19:51:00,5
restaurants,businessid_46,2019-04-09 19:51:00,5
restaurants,businessid_46,2019-04-09 19:51:00,5
restaurants,businessid_46,2019-04-09 19:51:00,5
restaurants,businessid_46,2019-04-09 19:51:00,5
restaurants,businessid_46,2019-04-09 19:51:00,5
restaurants,businessid_46,2019-04-09 19:51:00,5
restaurants,businessid_46,2019-04-09 19:51:00,5
restaurants,businessid_46,2019-04-09 19:51:00,5
restaurants,businessid_46,2019-04-09 19:51:00,5
restaurants,businessid_46,2019-04-09 19:51:00,5
restaurants,businessid_46,2019-04-09 19:51:00,5
restaurants,businessid_46,2019-04-09 19:51:00,5
restaurants,businessid_46,2019-04-09 19:51:00,5
restaurants,businessid_46,2019-04-09 19:51:00,5
restaurants,businessid_46,2019-04-09 19:51:00,5
restaurants,businessid_46,2019-04-09 19:51:00,5
restaurants,businessid_46,2019-04-09 19:51:00,5
restaurants,businessid_46,2019-04-09 19:51:00,5
restaurants,businessid_46,2019-04-09 19:51:00,5
restaurants,businessid_46,2019-04-09 19:51:00,5
restaurants,businessid_46,2019-04-09 19:51:00,5
restaurants,businessid_46,2019-04-09 19:51:00,5
restaurants,businessid_46,2019-04-09 19:51:00,5
restaurants,businessid_46,2019-04-09 19:51:00,5
restaurants,businessid_46,2019-04-09 19:51:00,5
restaurants,businessid_46,2019-04-09 19:51:00,5
restaurants,businessid_46,2019-04-09 19:51:00,5
restaurants,businessid_46,2019-04-09 19:51:00,5
restaurants,businessid_46,2019-04-09 19:51:00,5
restaurants,businessid_46,2019-04-09 19:51:00,5
restaurants,businessid_46,2019-04-09 19:51:00,5
american (traditional),businessid_46,2019-04-09 19:51:00,5
american (traditional),businessid_46,2019-04-09 19:51:00,5
american (traditional),businessid_46,2019-04-09 19:51:00,5
american (traditional),businessid_46,2019-04-09 19:51:00,5
american (traditional),businessid_46,2019-04-09 19:51:00,5
american (traditional),businessid_46,2019-04-09 19:51:00,5
american (traditional),businessid_46,2019-04-09 19:51:00,5
american (traditional),businessid_46,2019-04-09 19:51:00,5
american (traditional),businessid_46,2019-04-09 19:51:00,5
american (traditional),businessid_46,2019-04-09 19:51:00,5
american (traditional),businessid_46,2019-04-09 19:51:00,5
american (traditional),businessid_46,2019-04-09 19:51:00,5
american (traditional),businessid_46,2019-04-09 19:51:00,5
american (traditional),businessid_46,2019-04-09 19:51:00,5
american (traditional),businessid_46,2019-04-09 19:51:00,5
american (traditional),businessid_46,2019-04-09 19:51:00,5
american (traditional),businessid_46,2019-04-09 19:51:00,5
american (traditional),businessid_46,2019-04-09 19:51:00,5
american (traditional),businessid_46,2019-04-09 19:51:00,5
american (traditional),businessid_46,2019-04-09 19:51:00,5
american (traditional),businessid_46,2019-04-09 19:51:00,5
american (traditional),businessid_46,2019-04-09 19:51:00,5
american (traditional),businessid_46,2019-04-09 19:51:00,5
american (traditional),businessid_46,2019-04-09 19:51:00,5
american (traditional),businessid_46,2019-04-09 19:51:00,5
american (traditional),businessid_46,2019-04-09 19:51:00,5
american (traditional),businessid_46,2019-04-09 19:51:00,5
american (traditional),businessid_46,2019-04-09 19:51:00,5
american (traditional),businessid_46,2019-04-09 19:51:00,5
american (traditional),businessid_46,2019-04-09 19:51:00,5
american (traditional),businessid_46,2019-04-09 19:51:00,5
american (traditional),businessid_46,2019-04-09 19:51:00,5
barbeque,businessid_46,2019-04-09 19:51:00,5
barbeque,businessid_46,2019-04-09 19:51:00,5
barbeque,businessid_46,2019-04-09 19:51:00,5
barbeque,businessid_46,2019-04-09 19:51:00,5
barbeque,businessid_46,2019-04-09 19:51:00,5
barbeque,businessid_46,2019-04-09 19:51:00,5
barbeque,businessid_46,2019-04-09 19:51:00,5
barbeque,businessid_46,2019-04-09 19:51:00,5
barbeque,businessid_46,2019-04-09 19:51:00,5
barbeque,businessid_46,2019-04-09 19:51:00,5
barbeque,businessid_46,2019-04-09 19:51:00,5
barbeque,businessid_46,2019-04-09 19:51:00,5
barbeque,businessid_46,2019-04-09 19:51:00,5
barbeque,businessid_46,2019-04-09 19:51:00,5
barbeque,businessid_46,2019-04-09 19:51:00,5
barbeque,businessid_46,2019-04-09 19:51:00,5
barbeque,businessid_46,2019-04-09 19:51:00,5
barbeque,businessid_46,2019-04-09 19:51:00,5
barbeque,businessid_46,2019-04-09 19:51:00,5
barbeque,businessid_46,2019-04-09 19:51:00,5
barbeque,businessid_46,2019-04-09 19:51:00,5
barbeque,businessid_46,2019-04-09 19:51:00,5
barbeque,businessid_46,2019-04-09 19:51:00,5
barbeque,businessid_46,2019-04-09 19:51:00,5
barbeque,businessid_46,2019-04-09 19:51:00,5
barbeque,businessid_46,2019-04-09 19:51:00,5
barbeque,businessid_46,2019-04-09 19:51:00,5
barbeque,businessid_46,2019-04-09 19:51:00,5
barbeque,businessid_46,2019-04-09 19:51:00,5
barbeque,businessid_46,2019-04-09 19:51:00,5
barbeque,businessid_46,2019-04-09 19:51:00,5
barbeque,businessid_46,2019-04-09 19:51:00,5
cocktail bars,businessid_46,2019-04-09 19:51:00,5
cocktail bars,businessid_46,2019-04-09 19:51:00,5
cocktail bars,businessid_46,2019-04-09 19:51:00,5
cocktail bars,businessid_46,2019-04-09 19:51:00,5
cocktail bars,businessid_46,2019-04-09 19:51:00,5
cocktail bars,businessid_46,2019-04-09 19:51:00,5
cocktail bars,businessid_46,2019-04-09 19:51:00,5
cocktail bars,businessid_46,2019-04-09 19:51:00,5
cocktail bars,businessid_46,2019-04-09 19:51:00,5
cocktail bars,businessid_46,2019-04-09 19:51:00,5
cocktail bars,businessid_46,2019-04-09 19:51:00,5
cocktail bars,businessid_46,2019-04-09 19:51:00,5
cocktail bars,businessid_46,2019-04-09 19:51:00,5
cocktail bars,businessid_46,2019-04-09 19:51:00,5
cocktail bars,businessid_46,2019-04-09 19:51:00,5
cocktail bars,businessid_46,2019-04-09 19:51:00,5
cocktail bars,businessid_46,2019-04-09 19:51:00,5
cocktail bars,businessid_46,2019-04-09 19:51:00,5
cocktail bars,businessid_46,2019-04-09 19:51:00,5
cocktail bars,businessid_46,2019-04-09 19:51:00,5
cocktail bars,businessid_46,2019-04-09 19:51:00,5
cocktail bars,businessid_46,2019-04-09 19:51:00,5
cocktail bars,businessid_46,2019-04-09 19:51:00,5
cocktail bars,businessid_46,2019-04-09 19:51:00,5
cocktail bars,businessid_46,2019-04-09 19:51:00,5
cocktail bars,businessid_46,2019-04-09 19:51:00,5
cocktail bars,businessid_46,2019-04-09 19:51:00,5
cocktail bars,businessid_46,2019-04-09 19:51:00,5
cocktail bars,businessid_46,2019-04-09 19:51:00,5
cocktail bars,businessid_46,2019-04-09 19:51:00,5
cocktail bars,businessid_46,2019-04-09 19:51:00,5
cocktail bars,businessid_46,2019-04-09 19:51:00,5
bars,businessid_46,2019-04-09 19:51:00,5
bars,businessid_46,2019-04-09 19:51:00,5
bars,businessid_46,2019-04-09 19:51:00,5
bars,businessid_46,2019-04-09 19:51:00,5
bars,businessid_46,2019-04-09 19:51:00,5
bars,businessid_46,2019-04-09 19:51:00,5
bars,businessid_46,2019-04-09 19:51:00,5
bars,businessid_46,2019-04-09 19:51:00,5
bars,businessid_46,2019-04-09 19:51:00,5
bars,businessid_46,2019-04-09 19:51:00,5
bars,businessid_46,2019-04-09 19:51:00,5
bars,businessid_46,2019-04-09 19:51:00,5
bars,businessid_46,2019-04-09 19:51:00,5
bars,businessid_46,2019-04-09 19:51:00,5
bars,businessid_46,2019-04-09 19:51:00,5
bars,businessid_46,2019-04-09 19:51:00,5
bars,businessid_46,2019-04-09 19:51:00,5
bars,businessid_46,2019-04-09 19:51:00,5
bars,businessid_46,2019-04-09 19:51:00,5
bars,businessid_46,2019-04-09 19:51:00,5
bars,businessid_46,2019-04-09 19:51:00,5
bars,businessid_46,2019-04-09 19:51:00,5
bars,businessid_46,2019-04-09 19:51:00,5
bars,businessid_46,2019-04-09 19:51:00,5
bars,businessid_46,2019-04-09 19:51:00,5
bars,businessid_46,2019-04-09 19:51:00,5
bars,businessid_46,2019-04-09 19:51:00,5
bars,businessid_46,2019-04-09 19:51:00,5
bars,businessid_46,2019-04-09 19:51:00,5
bars,businessid_46,2019-04-09 19:51:00,5
bars,businessid_46,2019-04-09 19:51:00,5
bars,businessid_46,2019-04-09 19:51:00,5
nightlife,businessid_46,2019-04-09 19:51:00,5
nightlife,businessid_46,2019-04-09 19:51:00,5
nightlife,businessid_46,2019-04-09 19:51:00,5
nightlife,businessid_46,2019-04-09 19:51:00,5
nightlife,businessid_46,2019-04-09 19:51:00,5
nightlife,businessid_46,2019-04-09 19:51:00,5
nightlife,businessid_46,2019-04-09 19:51:00,5
nightlife,businessid_46,2019-04-09 19:51:00,5
nightlife,businessid_46,2019-04-09 19:51:00,5
nightlife,businessid_46,2019-04-09 19:51:00,5
nightlife,businessid_46,2019-04-09 19:51:00,5
nightlife,businessid_46,2019-04-09 19:51:00,5
nightlife,businessid_46,2019-04-09 19:51:00,5
nightlife,businessid_46,2019-04-09 19:51:00,5
nightlife,businessid_46,2019-04-09 19:51:00,5
nightlife,businessid_46,2019-04-09 19:51:00,5
nightlife,businessid_46,2019-04-09 19:51:00,5
nightlife,businessid_46,2019-04-09 19:51:00,5
nightlife,businessid_46,2019-04-09 19:51:00,5
nightlife,businessid_46,2019-04-09 19:51:00,5
nightlife,businessid_46,2019-04-09 19:51:00,5
nightlife,businessid_46,2019-04-09 19:51:00,5
nightlife,businessid_46,2019-04-09 19:51:00,5
nightlife,businessid_46,2019-04-09 19:51:00,5
nightlife,businessid_46,2019-04-09 19:51:00,5
nightlife,businessid_46,2019-04-09 19:51:00,5
nightlife,businessid_46,2019-04-09 19:51:00,5
nightlife,businessid_46,2019-04-09 19:51:00,5
nightlife,businessid_46,2019-04-09 19:51:00,5
nightlife,businessid_46,2019-04-09 19:51:00,5
nightlife,businessid_46,2019-04-09 19:51:00,5
nightlife,businessid_46,2019-04-09 19:51:00,5
options ranging from food,businessid_91,2019-04-09 05:52:00,5
options ranging from food,businessid_91,2019-04-09 05:52:00,5
shaved ice,businessid_91,2019-04-09 05:52:00,5
shaved ice,businessid_91,2019-04-09 05:52:00,5
cajun/creole,businessid_91,2019-04-09 05:52:00,5
cajun/creole,businessid_91,2019-04-09 05:52:00,5
breakfast & brunch,businessid_91,2019-04-09 05:52:00,5
breakfast & brunch,businessid_91,2019-04-09 05:52:00,5
party & event planning,businessid_91,2019-04-09 05:52:00,5
party & event planning,businessid_91,2019-04-09 05:52:00,5
comfort food,businessid_91,2019-04-09 05:52:00,5
comfort food,businessid_91,2019-04-09 05:52:00,5
cafes,businessid_91,2019-04-09 05:52:00,5
cafes,businessid_91,2019-04-09 05:52:00,5
restaurants,businessid_91,2019-04-09 05:52:00,5
restaurants,businessid_91,2019-04-09 05:52:00,5
to event planning & services,businessid_91,2019-04-09 05:52:00,5
to event planning & services,businessid_91,2019-04-09 05:52:00,5
making it a perfect spot for any occasion,businessid_91,2019-04-09 05:52:00,5
making it a perfect spot for any occasion,businessid_91,2019-04-09 05:52:00,5
options ranging from food,businessid_91,2019-04-07 16:11:00,5
options ranging from food,businessid_91,2019-04-07 16:11:00,5
shaved ice,businessid_91,2019-04-07 16:11:00,5
shaved ice,businessid_91,2019-04-07 16:11:00,5
cajun/creole,businessid_91,2019-04-07 16:11:00,5
cajun/creole,businessid_91,2019-04-07 16:11:00,5
breakfast & brunch,businessid_91,2019-04-07 16:11:00,5
breakfast & brunch,businessid_91,2019-04-07 16:11:00,5
party & event planning,businessid_91,2019-04-07 16:11:00,5
party & event planning,businessid_91,2019-04-07 16:11:00,5
comfort food,businessid_91,2019-04-07 16:11:00,5
comfort food,businessid_91,2019-04-07 16:11:00,5
cafes,businessid_91,2019-04-07 16:11:00,5
cafes,businessid_91,2019-04-07 16:11:00,5
restaurants,businessid_91,2019-04-07 16:11:00,5
restaurants,businessid_91,2019-04-07 16:11:00,5
to event planning & services,businessid_91,2019-04-07 16:11:00,5
to event planning & services,businessid_91,2019-04-07 16:11:00,5
making it a perfect spot for any occasion,businessid_91,2019-04-07 16:11:00,5
making it a perfect spot for any occasion,businessid_91,2019-04-07 16:11:00,5
dishes in the category of 'restaurants,businessid_10,2019-02-24 16:55:00,5
chinese',businessid_10,2019-02-24 16:55:00,5
options,businessid_20,2019-02-23 12:25:00,5
including restaurants,businessid_20,2019-02-23 12:25:00,5
american (new),businessid_20,2019-02-23 12:25:00,5
caterers,businessid_20,2019-02-23 12:25:00,5
fast food,businessid_20,2019-02-23 12:25:00,5
chicken shop,businessid_20,2019-02-23 12:25:00,5
event planning & services,businessid_20,2019-02-23 12:25:00,5
american (traditional),businessid_20,2019-02-23 12:25:00,5
nail salons,businessid_33,2019-02-08 18:22:00,5
hair removal,businessid_33,2019-02-08 18:22:00,5
beauty & spas,businessid_33,2019-02-08 18:22:00,5
waxing,businessid_33,2019-02-08 18:22:00,5
american (new),businessid_86,2019-01-26 01:42:00,5
american (new),businessid_86,2019-01-26 01:42:00,5
restaurants,businessid_86,2019-01-26 01:42:00,5
restaurants,businessid_86,2019-01-26 01:42:00,5
american (traditional),businessid_86,2019-01-26 01:42:00,5
american (traditional),businessid_86,2019-01-26 01:42:00,5
asian fusion,businessid_86,2019-01-26 01:42:00,5
asian fusion,businessid_86,2019-01-26 01:42:00,5
noodles,businessid_86,2019-01-26 01:42:00,5
noodles,businessid_86,2019-01-26 01:42:00,5
dim sum,businessid_86,2019-01-26 01:42:00,5
dim sum,businessid_86,2019-01-26 01:42:00,5
fast food,businessid_86,2019-01-26 01:42:00,5
fast food,businessid_86,2019-01-26 01:42:00,5
chinese,businessid_86,2019-01-26 01:42:00,5
chinese,businessid_86,2019-01-26 01:42:00,5
catering to a variety of tastes,businessid_86,2019-01-26 01:42:00,5
catering to a variety of tastes,businessid_86,2019-01-26 01:42:00,5
preferences,businessid_86,2019-01-26 01:42:00,5
preferences,businessid_86,2019-01-26 01:42:00,5
hair salons,businessid_47,"19 May 2019, 22:29",5
beauty & spas,businessid_47,"19 May 2019, 22:29",5
hair stylists,businessid_47,"19 May 2019, 22:29",5
skin care,businessid_47,"19 May 2019, 22:29",5
blow dry/out services,businessid_47,"19 May 2019, 22:29",5
makeup artists,businessid_47,"19 May 2019, 22:29",5
options ranging from food,businessid_91,"18 Nov 2019, 17:52",5
options ranging from food,businessid_91,"18 Nov 2019, 17:52",5
shaved ice,businessid_91,"18 Nov 2019, 17:52",5
shaved ice,businessid_91,"18 Nov 2019, 17:52",5
cajun/creole,businessid_91,"18 Nov 2019, 17:52",5
cajun/creole,businessid_91,"18 Nov 2019, 17:52",5
breakfast & brunch,businessid_91,"18 Nov 2019, 17:52",5
breakfast & brunch,businessid_91,"18 Nov 2019, 17:52",5
party & event planning,businessid_91,"18 Nov 2019, 17:52",5
party & event planning,businessid_91,"18 Nov 2019, 17:52",5
comfort food,businessid_91,"18 Nov 2019, 17:52",5
comfort food,businessid_91,"18 Nov 2019, 17:52",5
cafes,businessid_91,"18 Nov 2019, 17:52",5
cafes,businessid_91,"18 Nov 2019, 17:52",5
restaurants,businessid_91,"18 Nov 2019, 17:52",5
restaurants,businessid_91,"18 Nov 2019, 17:52",5
to event planning & services,businessid_91,"18 Nov 2019, 17:52",5
to event planning & services,businessid_91,"18 Nov 2019, 17:52",5
making it a perfect spot for any occasion,businessid_91,"18 Nov 2019, 17:52",5
making it a perfect spot for any occasion,businessid_91,"18 Nov 2019, 17:52",5
nail salons,businessid_33,"18 Apr 2019, 22:26",5
hair removal,businessid_33,"18 Apr 2019, 22:26",5
beauty & spas,businessid_33,"18 Apr 2019, 22:26",5
waxing,businessid_33,"18 Apr 2019, 22:26",5
restaurants,businessid_46,"17 Aug 2019, 16:34",5
restaurants,businessid_46,"17 Aug 2019, 16:34",5
restaurants,businessid_46,"17 Aug 2019, 16:34",5
restaurants,businessid_46,"17 Aug 2019, 16:34",5
restaurants,businessid_46,"17 Aug 2019, 16:34",5
restaurants,businessid_46,"17 Aug 2019, 16:34",5
restaurants,businessid_46,"17 Aug 2019, 16:34",5
restaurants,businessid_46,"17 Aug 2019, 16:34",5
restaurants,businessid_46,"17 Aug 2019, 16:34",5
restaurants,businessid_46,"17 Aug 2019, 16:34",5
restaurants,businessid_46,"17 Aug 2019, 16:34",5
restaurants,businessid_46,"17 Aug 2019, 16:34",5
restaurants,businessid_46,"17 Aug 2019, 16:34",5
restaurants,businessid_46,"17 Aug 2019, 16:34",5
restaurants,businessid_46,"17 Aug 2019, 16:34",5
restaurants,businessid_46,"17 Aug 2019, 16:34",5
restaurants,businessid_46,"17 Aug 2019, 16:34",5
restaurants,businessid_46,"17 Aug 2019, 16:34",5
restaurants,businessid_46,"17 Aug 2019, 16:34",5
restaurants,businessid_46,"17 Aug 2019, 16:34",5
restaurants,businessid_46,"17 Aug 2019, 16:34",5
restaurants,businessid_46,"17 Aug 2019, 16:34",5
restaurants,businessid_46,"17 Aug 2019, 16:34",5
restaurants,businessid_46,"17 Aug 2019, 16:34",5
restaurants,businessid_46,"17 Aug 2019, 16:34",5
restaurants,businessid_46,"17 Aug 2019, 16:34",5
restaurants,businessid_46,"17 Aug 2019, 16:34",5
restaurants,businessid_46,"17 Aug 2019, 16:34",5
restaurants,businessid_46,"17 Aug 2019, 16:34",5
restaurants,businessid_46,"17 Aug 2019, 16:34",5
restaurants,businessid_46,"17 Aug 2019, 16:34",5
restaurants,businessid_46,"17 Aug 2019, 16:34",5
american (traditional),businessid_46,"17 Aug 2019, 16:34",5
american (traditional),businessid_46,"17 Aug 2019, 16:34",5
american (traditional),businessid_46,"17 Aug 2019, 16:34",5
american (traditional),businessid_46,"17 Aug 2019, 16:34",5
american (traditional),businessid_46,"17 Aug 2019, 16:34",5
american (traditional),businessid_46,"17 Aug 2019, 16:34",5
american (traditional),businessid_46,"17 Aug 2019, 16:34",5
american (traditional),businessid_46,"17 Aug 2019, 16:34",5
american (traditional),businessid_46,"17 Aug 2019, 16:34",5
american (traditional),businessid_46,"17 Aug 2019, 16:34",5
american (traditional),businessid_46,"17 Aug 2019, 16:34",5
american (traditional),businessid_46,"17 Aug 2019, 16:34",5
american (traditional),businessid_46,"17 Aug 2019, 16:34",5
american (traditional),businessid_46,"17 Aug 2019, 16:34",5
american (traditional),businessid_46,"17 Aug 2019, 16:34",5
american (traditional),businessid_46,"17 Aug 2019, 16:34",5
american (traditional),businessid_46,"17 Aug 2019, 16:34",5
american (traditional),businessid_46,"17 Aug 2019, 16:34",5
american (traditional),businessid_46,"17 Aug 2019, 16:34",5
american (traditional),businessid_46,"17 Aug 2019, 16:34",5
american (traditional),businessid_46,"17 Aug 2019, 16:34",5
american (traditional),businessid_46,"17 Aug 2019, 16:34",5
american (traditional),businessid_46,"17 Aug 2019, 16:34",5
american (traditional),businessid_46,"17 Aug 2019, 16:34",5
american (traditional),businessid_46,"17 Aug 2019, 16:34",5
american (traditional),businessid_46,"17 Aug 2019, 16:34",5
american (traditional),businessid_46,"17 Aug 2019, 16:34",5
american (traditional),businessid_46,"17 Aug 2019, 16:34",5
american (traditional),businessid_46,"17 Aug 2019, 16:34",5
american (traditional),businessid_46,"17 Aug 2019, 16:34",5
american (traditional),businessid_46,"17 Aug 2019, 16:34",5
american (traditional),businessid_46,"17 Aug 2019, 16:34",5
barbeque,businessid_46,"17 Aug 2019, 16:34",5
barbeque,businessid_46,"17 Aug 2019, 16:34",5
barbeque,businessid_46,"17 Aug 2019, 16:34",5
barbeque,businessid_46,"17 Aug 2019, 16:34",5
barbeque,businessid_46,"17 Aug 2019, 16:34",5
barbeque,businessid_46,"17 Aug 2019, 16:34",5
barbeque,businessid_46,"17 Aug 2019, 16:34",5
barbeque,businessid_46,"17 Aug 2019, 16:34",5
barbeque,businessid_46,"17 Aug 2019, 16:34",5
barbeque,businessid_46,"17 Aug 2019, 16:34",5
barbeque,businessid_46,"17 Aug 2019, 16:34",5
barbeque,businessid_46,"17 Aug 2019, 16:34",5
barbeque,businessid_46,"17 Aug 2019, 16:34",5
barbeque,businessid_46,"17 Aug 2019, 16:34",5
barbeque,businessid_46,"17 Aug 2019, 16:34",5
barbeque,businessid_46,"17 Aug 2019, 16:34",5
barbeque,businessid_46,"17 Aug 2019, 16:34",5
barbeque,businessid_46,"17 Aug 2019, 16:34",5
barbeque,businessid_46,"17 Aug 2019, 16:34",5
barbeque,businessid_46,"17 Aug 2019, 16:34",5
barbeque,businessid_46,"17 Aug 2019, 16:34",5
barbeque,businessid_46,"17 Aug 2019, 16:34",5
barbeque,businessid_46,"17 Aug 2019, 16:34",5
barbeque,businessid_46,"17 Aug 2019, 16:34",5
barbeque,businessid_46,"17 Aug 2019, 16:34",5
barbeque,businessid_46,"17 Aug 2019, 16:34",5
barbeque,businessid_46,"17 Aug 2019, 16:34",5
barbeque,businessid_46,"17 Aug 2019, 16:34",5
barbeque,businessid_46,"17 Aug 2019, 16:34",5
barbeque,businessid_46,"17 Aug 2019, 16:34",5
barbeque,businessid_46,"17 Aug 2019, 16:34",5
barbeque,businessid_46,"17 Aug 2019, 16:34",5
cocktail bars,businessid_46,"17 Aug 2019, 16:34",5
cocktail bars,businessid_46,"17 Aug 2019, 16:34",5
cocktail bars,businessid_46,"17 Aug 2019, 16:34",5
cocktail bars,businessid_46,"17 Aug 2019, 16:34",5
cocktail bars,businessid_46,"17 Aug 2019, 16:34",5
cocktail bars,businessid_46,"17 Aug 2019, 16:34",5
cocktail bars,businessid_46,"17 Aug 2019, 16:34",5
cocktail bars,businessid_46,"17 Aug 2019, 16:34",5
cocktail bars,businessid_46,"17 Aug 2019, 16:34",5
cocktail bars,businessid_46,"17 Aug 2019, 16:34",5
cocktail bars,businessid_46,"17 Aug 2019, 16:34",5
cocktail bars,businessid_46,"17 Aug 2019, 16:34",5
cocktail bars,businessid_46,"17 Aug 2019, 16:34",5
cocktail bars,businessid_46,"17 Aug 2019, 16:34",5
cocktail bars,businessid_46,"17 Aug 2019, 16:34",5
cocktail bars,businessid_46,"17 Aug 2019, 16:34",5
cocktail bars,businessid_46,"17 Aug 2019, 16:34",5
cocktail bars,businessid_46,"17 Aug 2019, 16:34",5
cocktail bars,businessid_46,"17 Aug 2019, 16:34",5
cocktail bars,businessid_46,"17 Aug 2019, 16:34",5
cocktail bars,businessid_46,"17 Aug 2019, 16:34",5
cocktail bars,businessid_46,"17 Aug 2019, 16:34",5
cocktail bars,businessid_46,"17 Aug 2019, 16:34",5
cocktail bars,businessid_46,"17 Aug 2019, 16:34",5
cocktail bars,businessid_46,"17 Aug 2019, 16:34",5
cocktail bars,businessid_46,"17 Aug 2019, 16:34",5
cocktail bars,businessid_46,"17 Aug 2019, 16:34",5
cocktail bars,businessid_46,"17 Aug 2019, 16:34",5
cocktail bars,businessid_46,"17 Aug 2019, 16:34",5
cocktail bars,businessid_46,"17 Aug 2019, 16:34",5
cocktail bars,businessid_46,"17 Aug 2019, 16:34",5
cocktail bars,businessid_46,"17 Aug 2019, 16:34",5
bars,businessid_46,"17 Aug 2019, 16:34",5
bars,businessid_46,"17 Aug 2019, 16:34",5
bars,businessid_46,"17 Aug 2019, 16:34",5
bars,businessid_46,"17 Aug 2019, 16:34",5
bars,businessid_46,"17 Aug 2019, 16:34",5
bars,businessid_46,"17 Aug 2019, 16:34",5
bars,businessid_46,"17 Aug 2019, 16:34",5
bars,businessid_46,"17 Aug 2019, 16:34",5
bars,businessid_46,"17 Aug 2019, 16:34",5
bars,businessid_46,"17 Aug 2019, 16:34",5
bars,businessid_46,"17 Aug 2019, 16:34",5
bars,businessid_46,"17 Aug 2019, 16:34",5
bars,businessid_46,"17 Aug 2019, 16:34",5
bars,businessid_46,"17 Aug 2019, 16:34",5
bars,businessid_46,"17 Aug 2019, 16:34",5
bars,businessid_46,"17 Aug 2019, 16:34",5
bars,businessid_46,"17 Aug 2019, 16:34",5
bars,businessid_46,"17 Aug 2019, 16:34",5
bars,businessid_46,"17 Aug 2019, 16:34",5
bars,businessid_46,"17 Aug 2019, 16:34",5
bars,businessid_46,"17 Aug 2019, 16:34",5
bars,businessid_46,"17 Aug 2019, 16:34",5
bars,businessid_46,"17 Aug 2019, 16:34",5
bars,businessid_46,"17 Aug 2019, 16:34",5
bars,businessid_46,"17 Aug 2019, 16:34",5
bars,businessid_46,"17 Aug 2019, 16:34",5
bars,businessid_46,"17 Aug 2019, 16:34",5
bars,businessid_46,"17 Aug 2019, 16:34",5
bars,businessid_46,"17 Aug 2019, 16:34",5
bars,businessid_46,"17 Aug 2019, 16:34",5
bars,businessid_46,"17 Aug 2019, 16:34",5
bars,businessid_46,"17 Aug 2019, 16:34",5
nightlife,businessid_46,"17 Aug 2019, 16:34",5
nightlife,businessid_46,"17 Aug 2019, 16:34",5
nightlife,businessid_46,"17 Aug 2019, 16:34",5
nightlife,businessid_46,"17 Aug 2019, 16:34",5
nightlife,businessid_46,"17 Aug 2019, 16:34",5
nightlife,businessid_46,"17 Aug 2019, 16:34",5
nightlife,businessid_46,"17 Aug 2019, 16:34",5
nightlife,businessid_46,"17 Aug 2019, 16:34",5
nightlife,businessid_46,"17 Aug 2019, 16:34",5
nightlife,businessid_46,"17 Aug 2019, 16:34",5
nightlife,businessid_46,"17 Aug 2019, 16:34",5
nightlife,businessid_46,"17 Aug 2019, 16:34",5
nightlife,businessid_46,"17 Aug 2019, 16:34",5
nightlife,businessid_46,"17 Aug 2019, 16:34",5
nightlife,businessid_46,"17 Aug 2019, 16:34",5
nightlife,businessid_46,"17 Aug 2019, 16:34",5
nightlife,businessid_46,"17 Aug 2019, 16:34",5
nightlife,businessid_46,"17 Aug 2019, 16:34",5
nightlife,businessid_46,"17 Aug 2019, 16:34",5
nightlife,businessid_46,"17 Aug 2019, 16:34",5
nightlife,businessid_46,"17 Aug 2019, 16:34",5
nightlife,businessid_46,"17 Aug 2019, 16:34",5
nightlife,businessid_46,"17 Aug 2019, 16:34",5
nightlife,businessid_46,"17 Aug 2019, 16:34",5
nightlife,businessid_46,"17 Aug 2019, 16:34",5
nightlife,businessid_46,"17 Aug 2019, 16:34",5
nightlife,businessid_46,"17 Aug 2019, 16:34",5
nightlife,businessid_46,"17 Aug 2019, 16:34",5
nightlife,businessid_46,"17 Aug 2019, 16:34",5
nightlife,businessid_46,"17 Aug 2019, 16:34",5
nightlife,businessid_46,"17 Aug 2019, 16:34",5
nightlife,businessid_46,"17 Aug 2019, 16:34",5
options,businessid_82,"13 Oct 2019, 16:29",5
options,businessid_82,"13 Oct 2019, 16:29",5
options,businessid_82,"13 Oct 2019, 16:29",5
perfect for any occasion,businessid_82,"13 Oct 2019, 16:29",5
perfect for any occasion,businessid_82,"13 Oct 2019, 16:29",5
perfect for any occasion,businessid_82,"13 Oct 2019, 16:29",5
including restaurants,businessid_82,"13 Oct 2019, 16:29",5
including restaurants,businessid_82,"13 Oct 2019, 16:29",5
including restaurants,businessid_82,"13 Oct 2019, 16:29",5
coffee & tea,businessid_82,"13 Oct 2019, 16:29",5
coffee & tea,businessid_82,"13 Oct 2019, 16:29",5
coffee & tea,businessid_82,"13 Oct 2019, 16:29",5
food,businessid_82,"13 Oct 2019, 16:29",5
food,businessid_82,"13 Oct 2019, 16:29",5
food,businessid_82,"13 Oct 2019, 16:29",5
breakfast & brunch,businessid_82,"13 Oct 2019, 16:29",5
breakfast & brunch,businessid_82,"13 Oct 2019, 16:29",5
breakfast & brunch,businessid_82,"13 Oct 2019, 16:29",5
event planning & services,businessid_82,"13 Oct 2019, 16:29",5
event planning & services,businessid_82,"13 Oct 2019, 16:29",5
event planning & services,businessid_82,"13 Oct 2019, 16:29",5
american (traditional),businessid_82,"13 Oct 2019, 16:29",5
american (traditional),businessid_82,"13 Oct 2019, 16:29",5
american (traditional),businessid_82,"13 Oct 2019, 16:29",5
caterers,businessid_82,"13 Oct 2019, 16:29",5
caterers,businessid_82,"13 Oct 2019, 16:29",5
caterers,businessid_82,"13 Oct 2019, 16:29",5
options ranging from food,businessid_91,"10 Nov 2019, 22:48",5
options ranging from food,businessid_91,"10 Nov 2019, 22:48",5
shaved ice,businessid_91,"10 Nov 2019, 22:48",5
shaved ice,businessid_91,"10 Nov 2019, 22:48",5
cajun/creole,businessid_91,"10 Nov 2019, 22:48",5
cajun/creole,businessid_91,"10 Nov 2019, 22:48",5
breakfast & brunch,businessid_91,"10 Nov 2019, 22:48",5
breakfast & brunch,businessid_91,"10 Nov 2019, 22:48",5
party & event planning,businessid_91,"10 Nov 2019, 22:48",5
party & event planning,businessid_91,"10 Nov 2019, 22:48",5
comfort food,businessid_91,"10 Nov 2019, 22:48",5
comfort food,businessid_91,"10 Nov 2019, 22:48",5
cafes,businessid_91,"10 Nov 2019, 22:48",5
cafes,businessid_91,"10 Nov 2019, 22:48",5
restaurants,businessid_91,"10 Nov 2019, 22:48",5
restaurants,businessid_91,"10 Nov 2019, 22:48",5
to event planning & services,businessid_91,"10 Nov 2019, 22:48",5
to event planning & services,businessid_91,"10 Nov 2019, 22:48",5
making it a perfect spot for any occasion,businessid_91,"10 Nov 2019, 22:48",5
making it a perfect spot for any occasion,businessid_91,"10 Nov 2019, 22:48",5
options ranging from food,businessid_91,"09 Jul 2019, 02:06",5
options ranging from food,businessid_91,"09 Jul 2019, 02:06",5
shaved ice,businessid_91,"09 Jul 2019, 02:06",5
shaved ice,businessid_91,"09 Jul 2019, 02:06",5
cajun/creole,businessid_91,"09 Jul 2019, 02:06",5
cajun/creole,businessid_91,"09 Jul 2019, 02:06",5
breakfast & brunch,businessid_91,"09 Jul 2019, 02:06",5
breakfast & brunch,businessid_91,"09 Jul 2019, 02:06",5
party & event planning,businessid_91,"09 Jul 2019, 02:06",5
party & event planning,businessid_91,"09 Jul 2019, 02:06",5
comfort food,businessid_91,"09 Jul 2019, 02:06",5
comfort food,businessid_91,"09 Jul 2019, 02:06",5
cafes,businessid_91,"09 Jul 2019, 02:06",5
cafes,businessid_91,"09 Jul 2019, 02:06",5
restaurants,businessid_91,"09 Jul 2019, 02:06",5
restaurants,businessid_91,"09 Jul 2019, 02:06",5
to event planning & services,businessid_91,"09 Jul 2019, 02:06",5
to event planning & services,businessid_91,"09 Jul 2019, 02:06",5
making it a perfect spot for any occasion,businessid_91,"09 Jul 2019, 02:06",5
making it a perfect spot for any occasion,businessid_91,"09 Jul 2019, 02:06",5
dishes in the category of 'restaurants,businessid_10,"09 Aug 2019, 17:15",5
chinese',businessid_10,"09 Aug 2019, 17:15",5
options ranging from food,businessid_91,"06 Oct 2019, 15:58",5
options ranging from food,businessid_91,"06 Oct 2019, 15:58",5
shaved ice,businessid_91,"06 Oct 2019, 15:58",5
shaved ice,businessid_91,"06 Oct 2019, 15:58",5
cajun/creole,businessid_91,"06 Oct 2019, 15:58",5
cajun/creole,businessid_91,"06 Oct 2019, 15:58",5
breakfast & brunch,businessid_91,"06 Oct 2019, 15:58",5
breakfast & brunch,businessid_91,"06 Oct 2019, 15:58",5
party & event planning,businessid_91,"06 Oct 2019, 15:58",5
party & event planning,businessid_91,"06 Oct 2019, 15:58",5
comfort food,businessid_91,"06 Oct 2019, 15:58",5
comfort food,businessid_91,"06 Oct 2019, 15:58",5
cafes,businessid_91,"06 Oct 2019, 15:58",5
cafes,businessid_91,"06 Oct 2019, 15:58",5
restaurants,businessid_91,"06 Oct 2019, 15:58",5
restaurants,businessid_91,"06 Oct 2019, 15:58",5
to event planning & services,businessid_91,"06 Oct 2019, 15:58",5
to event planning & services,businessid_91,"06 Oct 2019, 15:58",5
making it a perfect spot for any occasion,businessid_91,"06 Oct 2019, 15:58",5
making it a perfect spot for any occasion,businessid_91,"06 Oct 2019, 15:58",5
options,businessid_20,"03 Oct 2019, 21:25",5
including restaurants,businessid_20,"03 Oct 2019, 21:25",5
american (new),businessid_20,"03 Oct 2019, 21:25",5
caterers,businessid_20,"03 Oct 2019, 21:25",5
fast food,businessid_20,"03 Oct 2019, 21:25",5
chicken shop,businessid_20,"03 Oct 2019, 21:25",5
event planning & services,businessid_20,"03 Oct 2019, 21:25",5
american (traditional),businessid_20,"03 Oct 2019, 21:25",5
options ranging from food,businessid_91,"02 Mar 2019, 16:45",5
options ranging from food,businessid_91,"02 Mar 2019, 16:45",5
shaved ice,businessid_91,"02 Mar 2019, 16:45",5
shaved ice,businessid_91,"02 Mar 2019, 16:45",5
cajun/creole,businessid_91,"02 Mar 2019, 16:45",5
cajun/creole,businessid_91,"02 Mar 2019, 16:45",5
breakfast & brunch,businessid_91,"02 Mar 2019, 16:45",5
breakfast & brunch,businessid_91,"02 Mar 2019, 16:45",5
party & event planning,businessid_91,"02 Mar 2019, 16:45",5
party & event planning,businessid_91,"02 Mar 2019, 16:45",5
comfort food,businessid_91,"02 Mar 2019, 16:45",5
comfort food,businessid_91,"02 Mar 2019, 16:45",5
cafes,businessid_91,"02 Mar 2019, 16:45",5
cafes,businessid_91,"02 Mar 2019, 16:45",5
restaurants,businessid_91,"02 Mar 2019, 16:45",5
restaurants,businessid_91,"02 Mar 2019, 16:45",5
to event planning & services,businessid_91,"02 Mar 2019, 16:45",5
to event planning & services,businessid_91,"02 Mar 2019, 16:45",5
making it a perfect spot for any occasion,businessid_91,"02 Mar 2019, 16:45",5
making it a perfect spot for any occasion,businessid_91,"02 Mar 2019, 16:45",5
options in the categories of food,businessid_25,"01 Sep 2019, 17:20",5
options in the categories of food,businessid_25,"01 Sep 2019, 17:20",5
restaurants,businessid_25,"01 Sep 2019, 17:20",5
restaurants,businessid_25,"01 Sep 2019, 17:20",5
sandwiches,businessid_25,"01 Sep 2019, 17:20",5
sandwiches,businessid_25,"01 Sep 2019, 17:20",5
breakfast & brunch,businessid_25,"01 Sep 2019, 17:20",5
breakfast & brunch,businessid_25,"01 Sep 2019, 17:20",5
bakeries,businessid_25,"01 Sep 2019, 17:20",5
bakeries,businessid_25,"01 Sep 2019, 17:20",5
american (new),businessid_86,"May 15, 2019 at 05:30 PM",4
american (new),businessid_86,"May 15, 2019 at 05:30 PM",4
restaurants,businessid_86,"May 15, 2019 at 05:30 PM",4
restaurants,businessid_86,"May 15, 2019 at 05:30 PM",4
american (traditional),businessid_86,"May 15, 2019 at 05:30 PM",4
american (traditional),businessid_86,"May 15, 2019 at 05:30 PM",4
asian fusion,businessid_86,"May 15, 2019 at 05:30 PM",4
asian fusion,businessid_86,"May 15, 2019 at 05:30 PM",4
noodles,businessid_86,"May 15, 2019 at 05:30 PM",4
noodles,businessid_86,"May 15, 2019 at 05:30 PM",4
dim sum,businessid_86,"May 15, 2019 at 05:30 PM",4
dim sum,businessid_86,"May 15, 2019 at 05:30 PM",4
fast food,businessid_86,"May 15, 2019 at 05:30 PM",4
fast food,businessid_86,"May 15, 2019 at 05:30 PM",4
chinese,businessid_86,"May 15, 2019 at 05:30 PM",4
chinese,businessid_86,"May 15, 2019 at 05:30 PM",4
catering to a variety of tastes,businessid_86,"May 15, 2019 at 05:30 PM",4
catering to a variety of tastes,businessid_86,"May 15, 2019 at 05:30 PM",4
preferences,businessid_86,"May 15, 2019 at 05:30 PM",4
preferences,businessid_86,"May 15, 2019 at 05:30 PM",4
american (new),businessid_86,"March 21, 2019 at 08:10 PM",4
american (new),businessid_86,"March 21, 2019 at 08:10 PM",4
restaurants,businessid_86,"March 21, 2019 at 08:10 PM",4
restaurants,businessid_86,"March 21, 2019 at 08:10 PM",4
american (traditional),businessid_86,"March 21, 2019 at 08:10 PM",4
american (traditional),businessid_86,"March 21, 2019 at 08:10 PM",4
asian fusion,businessid_86,"March 21, 2019 at 08:10 PM",4
asian fusion,businessid_86,"March 21, 2019 at 08:10 PM",4
noodles,businessid_86,"March 21, 2019 at 08:10 PM",4
noodles,businessid_86,"March 21, 2019 at 08:10 PM",4
dim sum,businessid_86,"March 21, 2019 at 08:10 PM",4
dim sum,businessid_86,"March 21, 2019 at 08:10 PM",4
fast food,businessid_86,"March 21, 2019 at 08:10 PM",4
fast food,businessid_86,"March 21, 2019 at 08:10 PM",4
chinese,businessid_86,"March 21, 2019 at 08:10 PM",4
chinese,businessid_86,"March 21, 2019 at 08:10 PM",4
catering to a variety of tastes,businessid_86,"March 21, 2019 at 08:10 PM",4
catering to a variety of tastes,businessid_86,"March 21, 2019 at 08:10 PM",4
preferences,businessid_86,"March 21, 2019 at 08:10 PM",4
preferences,businessid_86,"March 21, 2019 at 08:10 PM",4
hotels & travel,businessid_8,"January 26, 2019 at 06:49 PM",4
taxis,businessid_8,"January 26, 2019 at 06:49 PM",4
transportation,businessid_8,"January 26, 2019 at 06:49 PM",4
local services,businessid_8,"January 26, 2019 at 06:49 PM",4
automotive to meet all your travel,businessid_8,"January 26, 2019 at 06:49 PM",4
transportation needs,businessid_8,"January 26, 2019 at 06:49 PM",4
american (new),businessid_86,"February 21, 2019 at 04:47 AM",4
american (new),businessid_86,"February 21, 2019 at 04:47 AM",4
restaurants,businessid_86,"February 21, 2019 at 04:47 AM",4
restaurants,businessid_86,"February 21, 2019 at 04:47 AM",4
american (traditional),businessid_86,"February 21, 2019 at 04:47 AM",4
american (traditional),businessid_86,"February 21, 2019 at 04:47 AM",4
asian fusion,businessid_86,"February 21, 2019 at 04:47 AM",4
asian fusion,businessid_86,"February 21, 2019 at 04:47 AM",4
noodles,businessid_86,"February 21, 2019 at 04:47 AM",4
noodles,businessid_86,"February 21, 2019 at 04:47 AM",4
dim sum,businessid_86,"February 21, 2019 at 04:47 AM",4
dim sum,businessid_86,"February 21, 2019 at 04:47 AM",4
fast food,businessid_86,"February 21, 2019 at 04:47 AM",4
fast food,businessid_86,"February 21, 2019 at 04:47 AM",4
chinese,businessid_86,"February 21, 2019 at 04:47 AM",4
chinese,businessid_86,"February 21, 2019 at 04:47 AM",4
catering to a variety of tastes,businessid_86,"February 21, 2019 at 04:47 AM",4
catering to a variety of tastes,businessid_86,"February 21, 2019 at 04:47 AM",4
preferences,businessid_86,"February 21, 2019 at 04:47 AM",4
preferences,businessid_86,"February 21, 2019 at 04:47 AM",4
nail salons,businessid_33,"August 30, 2019 at 06:15 PM",4
hair removal,businessid_33,"August 30, 2019 at 06:15 PM",4
beauty & spas,businessid_33,"August 30, 2019 at 06:15 PM",4
waxing,businessid_33,"August 30, 2019 at 06:15 PM",4
nail salons,businessid_33,"31 Oct 2019, 17:52",4
hair removal,businessid_33,"31 Oct 2019, 17:52",4
beauty & spas,businessid_33,"31 Oct 2019, 17:52",4
waxing,businessid_33,"31 Oct 2019, 17:52",4
options ranging from food,businessid_91,2019-10-04 19:31:48,4
options ranging from food,businessid_91,2019-10-04 19:31:48,4
shaved ice,businessid_91,2019-10-04 19:31:48,4
shaved ice,businessid_91,2019-10-04 19:31:48,4
cajun/creole,businessid_91,2019-10-04 19:31:48,4
cajun/creole,businessid_91,2019-10-04 19:31:48,4
breakfast & brunch,businessid_91,2019-10-04 19:31:48,4
breakfast & brunch,businessid_91,2019-10-04 19:31:48,4
party & event planning,businessid_91,2019-10-04 19:31:48,4
party & event planning,businessid_91,2019-10-04 19:31:48,4
comfort food,businessid_91,2019-10-04 19:31:48,4
comfort food,businessid_91,2019-10-04 19:31:48,4
cafes,businessid_91,2019-10-04 19:31:48,4
cafes,businessid_91,2019-10-04 19:31:48,4
restaurants,businessid_91,2019-10-04 19:31:48,4
restaurants,businessid_91,2019-10-04 19:31:48,4
to event planning & services,businessid_91,2019-10-04 19:31:48,4
to event planning & services,businessid_91,2019-10-04 19:31:48,4
making it a perfect spot for any occasion,businessid_91,2019-10-04 19:31:48,4
making it a perfect spot for any occasion,businessid_91,2019-10-04 19:31:48,4
restaurants,businessid_46,2019-07-23 01:17:00,4
restaurants,businessid_46,2019-07-23 01:17:00,4
restaurants,businessid_46,2019-07-23 01:17:00,4
restaurants,businessid_46,2019-07-23 01:17:00,4
restaurants,businessid_46,2019-07-23 01:17:00,4
restaurants,businessid_46,2019-07-23 01:17:00,4
restaurants,businessid_46,2019-07-23 01:17:00,4
restaurants,businessid_46,2019-07-23 01:17:00,4
restaurants,businessid_46,2019-07-23 01:17:00,4
restaurants,businessid_46,2019-07-23 01:17:00,4
restaurants,businessid_46,2019-07-23 01:17:00,4
restaurants,businessid_46,2019-07-23 01:17:00,4
restaurants,businessid_46,2019-07-23 01:17:00,4
restaurants,businessid_46,2019-07-23 01:17:00,4
restaurants,businessid_46,2019-07-23 01:17:00,4
restaurants,businessid_46,2019-07-23 01:17:00,4
restaurants,businessid_46,2019-07-23 01:17:00,4
restaurants,businessid_46,2019-07-23 01:17:00,4
restaurants,businessid_46,2019-07-23 01:17:00,4
restaurants,businessid_46,2019-07-23 01:17:00,4
restaurants,businessid_46,2019-07-23 01:17:00,4
restaurants,businessid_46,2019-07-23 01:17:00,4
restaurants,businessid_46,2019-07-23 01:17:00,4
restaurants,businessid_46,2019-07-23 01:17:00,4
restaurants,businessid_46,2019-07-23 01:17:00,4
restaurants,businessid_46,2019-07-23 01:17:00,4
restaurants,businessid_46,2019-07-23 01:17:00,4
restaurants,businessid_46,2019-07-23 01:17:00,4
restaurants,businessid_46,2019-07-23 01:17:00,4
restaurants,businessid_46,2019-07-23 01:17:00,4
restaurants,businessid_46,2019-07-23 01:17:00,4
restaurants,businessid_46,2019-07-23 01:17:00,4
american (traditional),businessid_46,2019-07-23 01:17:00,4
american (traditional),businessid_46,2019-07-23 01:17:00,4
american (traditional),businessid_46,2019-07-23 01:17:00,4
american (traditional),businessid_46,2019-07-23 01:17:00,4
american (traditional),businessid_46,2019-07-23 01:17:00,4
american (traditional),businessid_46,2019-07-23 01:17:00,4
american (traditional),businessid_46,2019-07-23 01:17:00,4
american (traditional),businessid_46,2019-07-23 01:17:00,4
american (traditional),businessid_46,2019-07-23 01:17:00,4
american (traditional),businessid_46,2019-07-23 01:17:00,4
american (traditional),businessid_46,2019-07-23 01:17:00,4
american (traditional),businessid_46,2019-07-23 01:17:00,4
american (traditional),businessid_46,2019-07-23 01:17:00,4
american (traditional),businessid_46,2019-07-23 01:17:00,4
american (traditional),businessid_46,2019-07-23 01:17:00,4
american (traditional),businessid_46,2019-07-23 01:17:00,4
american (traditional),businessid_46,2019-07-23 01:17:00,4
american (traditional),businessid_46,2019-07-23 01:17:00,4
american (traditional),businessid_46,2019-07-23 01:17:00,4
american (traditional),businessid_46,2019-07-23 01:17:00,4
american (traditional),businessid_46,2019-07-23 01:17:00,4
american (traditional),businessid_46,2019-07-23 01:17:00,4
american (traditional),businessid_46,2019-07-23 01:17:00,4
american (traditional),businessid_46,2019-07-23 01:17:00,4
american (traditional),businessid_46,2019-07-23 01:17:00,4
american (traditional),businessid_46,2019-07-23 01:17:00,4
american (traditional),businessid_46,2019-07-23 01:17:00,4
american (traditional),businessid_46,2019-07-23 01:17:00,4
american (traditional),businessid_46,2019-07-23 01:17:00,4
american (traditional),businessid_46,2019-07-23 01:17:00,4
american (traditional),businessid_46,2019-07-23 01:17:00,4
american (traditional),businessid_46,2019-07-23 01:17:00,4
barbeque,businessid_46,2019-07-23 01:17:00,4
barbeque,businessid_46,2019-07-23 01:17:00,4
barbeque,businessid_46,2019-07-23 01:17:00,4
barbeque,businessid_46,2019-07-23 01:17:00,4
barbeque,businessid_46,2019-07-23 01:17:00,4
barbeque,businessid_46,2019-07-23 01:17:00,4
barbeque,businessid_46,2019-07-23 01:17:00,4
barbeque,businessid_46,2019-07-23 01:17:00,4
barbeque,businessid_46,2019-07-23 01:17:00,4
barbeque,businessid_46,2019-07-23 01:17:00,4
barbeque,businessid_46,2019-07-23 01:17:00,4
barbeque,businessid_46,2019-07-23 01:17:00,4
barbeque,businessid_46,2019-07-23 01:17:00,4
barbeque,businessid_46,2019-07-23 01:17:00,4
barbeque,businessid_46,2019-07-23 01:17:00,4
barbeque,businessid_46,2019-07-23 01:17:00,4
barbeque,businessid_46,2019-07-23 01:17:00,4
barbeque,businessid_46,2019-07-23 01:17:00,4
barbeque,businessid_46,2019-07-23 01:17:00,4
barbeque,businessid_46,2019-07-23 01:17:00,4
barbeque,businessid_46,2019-07-23 01:17:00,4
barbeque,businessid_46,2019-07-23 01:17:00,4
barbeque,businessid_46,2019-07-23 01:17:00,4
barbeque,businessid_46,2019-07-23 01:17:00,4
barbeque,businessid_46,2019-07-23 01:17:00,4
barbeque,businessid_46,2019-07-23 01:17:00,4
barbeque,businessid_46,2019-07-23 01:17:00,4
barbeque,businessid_46,2019-07-23 01:17:00,4
barbeque,businessid_46,2019-07-23 01:17:00,4
barbeque,businessid_46,2019-07-23 01:17:00,4
barbeque,businessid_46,2019-07-23 01:17:00,4
barbeque,businessid_46,2019-07-23 01:17:00,4
cocktail bars,businessid_46,2019-07-23 01:17:00,4
cocktail bars,businessid_46,2019-07-23 01:17:00,4
cocktail bars,businessid_46,2019-07-23 01:17:00,4
cocktail bars,businessid_46,2019-07-23 01:17:00,4
cocktail bars,businessid_46,2019-07-23 01:17:00,4
cocktail bars,businessid_46,2019-07-23 01:17:00,4
cocktail bars,businessid_46,2019-07-23 01:17:00,4
cocktail bars,businessid_46,2019-07-23 01:17:00,4
cocktail bars,businessid_46,2019-07-23 01:17:00,4
cocktail bars,businessid_46,2019-07-23 01:17:00,4
cocktail bars,businessid_46,2019-07-23 01:17:00,4
cocktail bars,businessid_46,2019-07-23 01:17:00,4
cocktail bars,businessid_46,2019-07-23 01:17:00,4
cocktail bars,businessid_46,2019-07-23 01:17:00,4
cocktail bars,businessid_46,2019-07-23 01:17:00,4
cocktail bars,businessid_46,2019-07-23 01:17:00,4
cocktail bars,businessid_46,2019-07-23 01:17:00,4
cocktail bars,businessid_46,2019-07-23 01:17:00,4
cocktail bars,businessid_46,2019-07-23 01:17:00,4
cocktail bars,businessid_46,2019-07-23 01:17:00,4
cocktail bars,businessid_46,2019-07-23 01:17:00,4
cocktail bars,businessid_46,2019-07-23 01:17:00,4
cocktail bars,businessid_46,2019-07-23 01:17:00,4
cocktail bars,businessid_46,2019-07-23 01:17:00,4
cocktail bars,businessid_46,2019-07-23 01:17:00,4
cocktail bars,businessid_46,2019-07-23 01:17:00,4
cocktail bars,businessid_46,2019-07-23 01:17:00,4
cocktail bars,businessid_46,2019-07-23 01:17:00,4
cocktail bars,businessid_46,2019-07-23 01:17:00,4
cocktail bars,businessid_46,2019-07-23 01:17:00,4
cocktail bars,businessid_46,2019-07-23 01:17:00,4
cocktail bars,businessid_46,2019-07-23 01:17:00,4
bars,businessid_46,2019-07-23 01:17:00,4
bars,businessid_46,2019-07-23 01:17:00,4
bars,businessid_46,2019-07-23 01:17:00,4
bars,businessid_46,2019-07-23 01:17:00,4
bars,businessid_46,2019-07-23 01:17:00,4
bars,businessid_46,2019-07-23 01:17:00,4
bars,businessid_46,2019-07-23 01:17:00,4
bars,businessid_46,2019-07-23 01:17:00,4
bars,businessid_46,2019-07-23 01:17:00,4
bars,businessid_46,2019-07-23 01:17:00,4
bars,businessid_46,2019-07-23 01:17:00,4
bars,businessid_46,2019-07-23 01:17:00,4
bars,businessid_46,2019-07-23 01:17:00,4
bars,businessid_46,2019-07-23 01:17:00,4
bars,businessid_46,2019-07-23 01:17:00,4
bars,businessid_46,2019-07-23 01:17:00,4
bars,businessid_46,2019-07-23 01:17:00,4
bars,businessid_46,2019-07-23 01:17:00,4
bars,businessid_46,2019-07-23 01:17:00,4
bars,businessid_46,2019-07-23 01:17:00,4
bars,businessid_46,2019-07-23 01:17:00,4
bars,businessid_46,2019-07-23 01:17:00,4
bars,businessid_46,2019-07-23 01:17:00,4
bars,businessid_46,2019-07-23 01:17:00,4
bars,businessid_46,2019-07-23 01:17:00,4
bars,businessid_46,2019-07-23 01:17:00,4
bars,businessid_46,2019-07-23 01:17:00,4
bars,businessid_46,2019-07-23 01:17:00,4
bars,businessid_46,2019-07-23 01:17:00,4
bars,businessid_46,2019-07-23 01:17:00,4
bars,businessid_46,2019-07-23 01:17:00,4
bars,businessid_46,2019-07-23 01:17:00,4
nightlife,businessid_46,2019-07-23 01:17:00,4
nightlife,businessid_46,2019-07-23 01:17:00,4
nightlife,businessid_46,2019-07-23 01:17:00,4
nightlife,businessid_46,2019-07-23 01:17:00,4
nightlife,businessid_46,2019-07-23 01:17:00,4
nightlife,businessid_46,2019-07-23 01:17:00,4
nightlife,businessid_46,2019-07-23 01:17:00,4
nightlife,businessid_46,2019-07-23 01:17:00,4
nightlife,businessid_46,2019-07-23 01:17:00,4
nightlife,businessid_46,2019-07-23 01:17:00,4
nightlife,businessid_46,2019-07-23 01:17:00,4
nightlife,businessid_46,2019-07-23 01:17:00,4
nightlife,businessid_46,2019-07-23 01:17:00,4
nightlife,businessid_46,2019-07-23 01:17:00,4
nightlife,businessid_46,2019-07-23 01:17:00,4
nightlife,businessid_46,2019-07-23 01:17:00,4
nightlife,businessid_46,2019-07-23 01:17:00,4
nightlife,businessid_46,2019-07-23 01:17:00,4
nightlife,businessid_46,2019-07-23 01:17:00,4
nightlife,businessid_46,2019-07-23 01:17:00,4
nightlife,businessid_46,2019-07-23 01:17:00,4
nightlife,businessid_46,2019-07-23 01:17:00,4
nightlife,businessid_46,2019-07-23 01:17:00,4
nightlife,businessid_46,2019-07-23 01:17:00,4
nightlife,businessid_46,2019-07-23 01:17:00,4
nightlife,businessid_46,2019-07-23 01:17:00,4
nightlife,businessid_46,2019-07-23 01:17:00,4
nightlife,businessid_46,2019-07-23 01:17:00,4
nightlife,businessid_46,2019-07-23 01:17:00,4
nightlife,businessid_46,2019-07-23 01:17:00,4
nightlife,businessid_46,2019-07-23 01:17:00,4
nightlife,businessid_46,2019-07-23 01:17:00,4
dishes in the category of 'restaurants,businessid_10,2019-07-08 18:32:00,4
chinese',businessid_10,2019-07-08 18:32:00,4
dry cleaning & laundry,businessid_89,2019-04-23 17:47:00,4
dry cleaning & laundry,businessid_89,2019-04-23 17:47:00,4
laundromat,businessid_89,2019-04-23 17:47:00,4
laundromat,businessid_89,2019-04-23 17:47:00,4
local services,businessid_89,2019-04-23 17:47:00,4
local services,businessid_89,2019-04-23 17:47:00,4
laundry services,businessid_89,2019-04-23 17:47:00,4
laundry services,businessid_89,2019-04-23 17:47:00,4
quick,businessid_66,2019-01-01 18:24:00,4
delicious options in the categories of fast food,businessid_66,2019-01-01 18:24:00,4
chinese,businessid_66,2019-01-01 18:24:00,4
restaurants,businessid_66,2019-01-01 18:24:00,4
american (new),businessid_86,"14 Jul 2019, 02:09",4
american (new),businessid_86,"14 Jul 2019, 02:09",4
restaurants,businessid_86,"14 Jul 2019, 02:09",4
restaurants,businessid_86,"14 Jul 2019, 02:09",4
american (traditional),businessid_86,"14 Jul 2019, 02:09",4
american (traditional),businessid_86,"14 Jul 2019, 02:09",4
asian fusion,businessid_86,"14 Jul 2019, 02:09",4
asian fusion,businessid_86,"14 Jul 2019, 02:09",4
noodles,businessid_86,"14 Jul 2019, 02:09",4
noodles,businessid_86,"14 Jul 2019, 02:09",4
dim sum,businessid_86,"14 Jul 2019, 02:09",4
dim sum,businessid_86,"14 Jul 2019, 02:09",4
fast food,businessid_86,"14 Jul 2019, 02:09",4
fast food,businessid_86,"14 Jul 2019, 02:09",4
chinese,businessid_86,"14 Jul 2019, 02:09",4
chinese,businessid_86,"14 Jul 2019, 02:09",4
catering to a variety of tastes,businessid_86,"14 Jul 2019, 02:09",4
catering to a variety of tastes,businessid_86,"14 Jul 2019, 02:09",4
preferences,businessid_86,"14 Jul 2019, 02:09",4
preferences,businessid_86,"14 Jul 2019, 02:09",4
restaurants,businessid_46,"12 Jun 2019, 04:25",4
restaurants,businessid_46,"12 Jun 2019, 04:25",4
restaurants,businessid_46,"12 Jun 2019, 04:25",4
restaurants,businessid_46,"12 Jun 2019, 04:25",4
restaurants,businessid_46,"12 Jun 2019, 04:25",4
restaurants,businessid_46,"12 Jun 2019, 04:25",4
restaurants,businessid_46,"12 Jun 2019, 04:25",4
restaurants,businessid_46,"12 Jun 2019, 04:25",4
restaurants,businessid_46,"12 Jun 2019, 04:25",4
restaurants,businessid_46,"12 Jun 2019, 04:25",4
restaurants,businessid_46,"12 Jun 2019, 04:25",4
restaurants,businessid_46,"12 Jun 2019, 04:25",4
restaurants,businessid_46,"12 Jun 2019, 04:25",4
restaurants,businessid_46,"12 Jun 2019, 04:25",4
restaurants,businessid_46,"12 Jun 2019, 04:25",4
restaurants,businessid_46,"12 Jun 2019, 04:25",4
restaurants,businessid_46,"12 Jun 2019, 04:25",4
restaurants,businessid_46,"12 Jun 2019, 04:25",4
restaurants,businessid_46,"12 Jun 2019, 04:25",4
restaurants,businessid_46,"12 Jun 2019, 04:25",4
restaurants,businessid_46,"12 Jun 2019, 04:25",4
restaurants,businessid_46,"12 Jun 2019, 04:25",4
restaurants,businessid_46,"12 Jun 2019, 04:25",4
restaurants,businessid_46,"12 Jun 2019, 04:25",4
restaurants,businessid_46,"12 Jun 2019, 04:25",4
restaurants,businessid_46,"12 Jun 2019, 04:25",4
restaurants,businessid_46,"12 Jun 2019, 04:25",4
restaurants,businessid_46,"12 Jun 2019, 04:25",4
restaurants,businessid_46,"12 Jun 2019, 04:25",4
restaurants,businessid_46,"12 Jun 2019, 04:25",4
restaurants,businessid_46,"12 Jun 2019, 04:25",4
restaurants,businessid_46,"12 Jun 2019, 04:25",4
american (traditional),businessid_46,"12 Jun 2019, 04:25",4
american (traditional),businessid_46,"12 Jun 2019, 04:25",4
american (traditional),businessid_46,"12 Jun 2019, 04:25",4
american (traditional),businessid_46,"12 Jun 2019, 04:25",4
american (traditional),businessid_46,"12 Jun 2019, 04:25",4
american (traditional),businessid_46,"12 Jun 2019, 04:25",4
american (traditional),businessid_46,"12 Jun 2019, 04:25",4
american (traditional),businessid_46,"12 Jun 2019, 04:25",4
american (traditional),businessid_46,"12 Jun 2019, 04:25",4
american (traditional),businessid_46,"12 Jun 2019, 04:25",4
american (traditional),businessid_46,"12 Jun 2019, 04:25",4
american (traditional),businessid_46,"12 Jun 2019, 04:25",4
american (traditional),businessid_46,"12 Jun 2019, 04:25",4
american (traditional),businessid_46,"12 Jun 2019, 04:25",4
american (traditional),businessid_46,"12 Jun 2019, 04:25",4
american (traditional),businessid_46,"12 Jun 2019, 04:25",4
american (traditional),businessid_46,"12 Jun 2019, 04:25",4
american (traditional),businessid_46,"12 Jun 2019, 04:25",4
american (traditional),businessid_46,"12 Jun 2019, 04:25",4
american (traditional),businessid_46,"12 Jun 2019, 04:25",4
american (traditional),businessid_46,"12 Jun 2019, 04:25",4
american (traditional),businessid_46,"12 Jun 2019, 04:25",4
american (traditional),businessid_46,"12 Jun 2019, 04:25",4
american (traditional),businessid_46,"12 Jun 2019, 04:25",4
american (traditional),businessid_46,"12 Jun 2019, 04:25",4
american (traditional),businessid_46,"12 Jun 2019, 04:25",4
american (traditional),businessid_46,"12 Jun 2019, 04:25",4
american (traditional),businessid_46,"12 Jun 2019, 04:25",4
american (traditional),businessid_46,"12 Jun 2019, 04:25",4
american (traditional),businessid_46,"12 Jun 2019, 04:25",4
american (traditional),businessid_46,"12 Jun 2019, 04:25",4
american (traditional),businessid_46,"12 Jun 2019, 04:25",4
barbeque,businessid_46,"12 Jun 2019, 04:25",4
barbeque,businessid_46,"12 Jun 2019, 04:25",4
barbeque,businessid_46,"12 Jun 2019, 04:25",4
barbeque,businessid_46,"12 Jun 2019, 04:25",4
barbeque,businessid_46,"12 Jun 2019, 04:25",4
barbeque,businessid_46,"12 Jun 2019, 04:25",4
barbeque,businessid_46,"12 Jun 2019, 04:25",4
barbeque,businessid_46,"12 Jun 2019, 04:25",4
barbeque,businessid_46,"12 Jun 2019, 04:25",4
barbeque,businessid_46,"12 Jun 2019, 04:25",4
barbeque,businessid_46,"12 Jun 2019, 04:25",4
barbeque,businessid_46,"12 Jun 2019, 04:25",4
barbeque,businessid_46,"12 Jun 2019, 04:25",4
barbeque,businessid_46,"12 Jun 2019, 04:25",4
barbeque,businessid_46,"12 Jun 2019, 04:25",4
barbeque,businessid_46,"12 Jun 2019, 04:25",4
barbeque,businessid_46,"12 Jun 2019, 04:25",4
barbeque,businessid_46,"12 Jun 2019, 04:25",4
barbeque,businessid_46,"12 Jun 2019, 04:25",4
barbeque,businessid_46,"12 Jun 2019, 04:25",4
barbeque,businessid_46,"12 Jun 2019, 04:25",4
barbeque,businessid_46,"12 Jun 2019, 04:25",4
barbeque,businessid_46,"12 Jun 2019, 04:25",4
barbeque,businessid_46,"12 Jun 2019, 04:25",4
barbeque,businessid_46,"12 Jun 2019, 04:25",4
barbeque,businessid_46,"12 Jun 2019, 04:25",4
barbeque,businessid_46,"12 Jun 2019, 04:25",4
barbeque,businessid_46,"12 Jun 2019, 04:25",4
barbeque,businessid_46,"12 Jun 2019, 04:25",4
barbeque,businessid_46,"12 Jun 2019, 04:25",4
barbeque,businessid_46,"12 Jun 2019, 04:25",4
barbeque,businessid_46,"12 Jun 2019, 04:25",4
cocktail bars,businessid_46,"12 Jun 2019, 04:25",4
cocktail bars,businessid_46,"12 Jun 2019, 04:25",4
cocktail bars,businessid_46,"12 Jun 2019, 04:25",4
cocktail bars,businessid_46,"12 Jun 2019, 04:25",4
cocktail bars,businessid_46,"12 Jun 2019, 04:25",4
cocktail bars,businessid_46,"12 Jun 2019, 04:25",4
cocktail bars,businessid_46,"12 Jun 2019, 04:25",4
cocktail bars,businessid_46,"12 Jun 2019, 04:25",4
cocktail bars,businessid_46,"12 Jun 2019, 04:25",4
cocktail bars,businessid_46,"12 Jun 2019, 04:25",4
cocktail bars,businessid_46,"12 Jun 2019, 04:25",4
cocktail bars,businessid_46,"12 Jun 2019, 04:25",4
cocktail bars,businessid_46,"12 Jun 2019, 04:25",4
cocktail bars,businessid_46,"12 Jun 2019, 04:25",4
cocktail bars,businessid_46,"12 Jun 2019, 04:25",4
cocktail bars,businessid_46,"12 Jun 2019, 04:25",4
cocktail bars,businessid_46,"12 Jun 2019, 04:25",4
cocktail bars,businessid_46,"12 Jun 2019, 04:25",4
cocktail bars,businessid_46,"12 Jun 2019, 04:25",4
cocktail bars,businessid_46,"12 Jun 2019, 04:25",4
cocktail bars,businessid_46,"12 Jun 2019, 04:25",4
cocktail bars,businessid_46,"12 Jun 2019, 04:25",4
cocktail bars,businessid_46,"12 Jun 2019, 04:25",4
cocktail bars,businessid_46,"12 Jun 2019, 04:25",4
cocktail bars,businessid_46,"12 Jun 2019, 04:25",4
cocktail bars,businessid_46,"12 Jun 2019, 04:25",4
cocktail bars,businessid_46,"12 Jun 2019, 04:25",4
cocktail bars,businessid_46,"12 Jun 2019, 04:25",4
cocktail bars,businessid_46,"12 Jun 2019, 04:25",4
cocktail bars,businessid_46,"12 Jun 2019, 04:25",4
cocktail bars,businessid_46,"12 Jun 2019, 04:25",4
cocktail bars,businessid_46,"12 Jun 2019, 04:25",4
bars,businessid_46,"12 Jun 2019, 04:25",4
bars,businessid_46,"12 Jun 2019, 04:25",4
bars,businessid_46,"12 Jun 2019, 04:25",4
bars,businessid_46,"12 Jun 2019, 04:25",4
bars,businessid_46,"12 Jun 2019, 04:25",4
bars,businessid_46,"12 Jun 2019, 04:25",4
bars,businessid_46,"12 Jun 2019, 04:25",4
bars,businessid_46,"12 Jun 2019, 04:25",4
bars,businessid_46,"12 Jun 2019, 04:25",4
bars,businessid_46,"12 Jun 2019, 04:25",4
bars,businessid_46,"12 Jun 2019, 04:25",4
bars,businessid_46,"12 Jun 2019, 04:25",4
bars,businessid_46,"12 Jun 2019, 04:25",4
bars,businessid_46,"12 Jun 2019, 04:25",4
bars,businessid_46,"12 Jun 2019, 04:25",4
bars,businessid_46,"12 Jun 2019, 04:25",4
bars,businessid_46,"12 Jun 2019, 04:25",4
bars,businessid_46,"12 Jun 2019, 04:25",4
bars,businessid_46,"12 Jun 2019, 04:25",4
bars,businessid_46,"12 Jun 2019, 04:25",4
bars,businessid_46,"12 Jun 2019, 04:25",4
bars,businessid_46,"12 Jun 2019, 04:25",4
bars,businessid_46,"12 Jun 2019, 04:25",4
bars,businessid_46,"12 Jun 2019, 04:25",4
bars,businessid_46,"12 Jun 2019, 04:25",4
bars,businessid_46,"12 Jun 2019, 04:25",4
bars,businessid_46,"12 Jun 2019, 04:25",4
bars,businessid_46,"12 Jun 2019, 04:25",4
bars,businessid_46,"12 Jun 2019, 04:25",4
bars,businessid_46,"12 Jun 2019, 04:25",4
bars,businessid_46,"12 Jun 2019, 04:25",4
bars,businessid_46,"12 Jun 2019, 04:25",4
nightlife,businessid_46,"12 Jun 2019, 04:25",4
nightlife,businessid_46,"12 Jun 2019, 04:25",4
nightlife,businessid_46,"12 Jun 2019, 04:25",4
nightlife,businessid_46,"12 Jun 2019, 04:25",4
nightlife,businessid_46,"12 Jun 2019, 04:25",4
nightlife,businessid_46,"12 Jun 2019, 04:25",4
nightlife,businessid_46,"12 Jun 2019, 04:25",4
nightlife,businessid_46,"12 Jun 2019, 04:25",4
nightlife,businessid_46,"12 Jun 2019, 04:25",4
nightlife,businessid_46,"12 Jun 2019, 04:25",4
nightlife,businessid_46,"12 Jun 2019, 04:25",4
nightlife,businessid_46,"12 Jun 2019, 04:25",4
nightlife,businessid_46,"12 Jun 2019, 04:25",4
nightlife,businessid_46,"12 Jun 2019, 04:25",4
nightlife,businessid_46,"12 Jun 2019, 04:25",4
nightlife,businessid_46,"12 Jun 2019, 04:25",4
nightlife,businessid_46,"12 Jun 2019, 04:25",4
nightlife,businessid_46,"12 Jun 2019, 04:25",4
nightlife,businessid_46,"12 Jun 2019, 04:25",4
nightlife,businessid_46,"12 Jun 2019, 04:25",4
nightlife,businessid_46,"12 Jun 2019, 04:25",4
nightlife,businessid_46,"12 Jun 2019, 04:25",4
nightlife,businessid_46,"12 Jun 2019, 04:25",4
nightlife,businessid_46,"12 Jun 2019, 04:25",4
nightlife,businessid_46,"12 Jun 2019, 04:25",4
nightlife,businessid_46,"12 Jun 2019, 04:25",4
nightlife,businessid_46,"12 Jun 2019, 04:25",4
nightlife,businessid_46,"12 Jun 2019, 04:25",4
nightlife,businessid_46,"12 Jun 2019, 04:25",4
nightlife,businessid_46,"12 Jun 2019, 04:25",4
nightlife,businessid_46,"12 Jun 2019, 04:25",4
nightlife,businessid_46,"12 Jun 2019, 04:25",4
options,businessid_44,"May 27, 2019 at 04:55 AM",3
options,businessid_44,"May 27, 2019 at 04:55 AM",3
including restaurants,businessid_44,"May 27, 2019 at 04:55 AM",3
including restaurants,businessid_44,"May 27, 2019 at 04:55 AM",3
diners,businessid_44,"May 27, 2019 at 04:55 AM",3
diners,businessid_44,"May 27, 2019 at 04:55 AM",3
breakfast & brunch,businessid_44,"May 27, 2019 at 04:55 AM",3
breakfast & brunch,businessid_44,"May 27, 2019 at 04:55 AM",3
american (new),businessid_44,"May 27, 2019 at 04:55 AM",3
american (new),businessid_44,"May 27, 2019 at 04:55 AM",3
american (traditional),businessid_44,"May 27, 2019 at 04:55 AM",3
american (traditional),businessid_44,"May 27, 2019 at 04:55 AM",3
burgers,businessid_44,"May 27, 2019 at 04:55 AM",3
burgers,businessid_44,"May 27, 2019 at 04:55 AM",3
making it a perfect spot for any meal of the day,businessid_44,"May 27, 2019 at 04:55 AM",3
making it a perfect spot for any meal of the day,businessid_44,"May 27, 2019 at 04:55 AM",3
options,businessid_44,"March 31, 2019 at 03:23 AM",3
options,businessid_44,"March 31, 2019 at 03:23 AM",3
including restaurants,businessid_44,"March 31, 2019 at 03:23 AM",3
including restaurants,businessid_44,"March 31, 2019 at 03:23 AM",3
diners,businessid_44,"March 31, 2019 at 03:23 AM",3
diners,businessid_44,"March 31, 2019 at 03:23 AM",3
breakfast & brunch,businessid_44,"March 31, 2019 at 03:23 AM",3
breakfast & brunch,businessid_44,"March 31, 2019 at 03:23 AM",3
american (new),businessid_44,"March 31, 2019 at 03:23 AM",3
american (new),businessid_44,"March 31, 2019 at 03:23 AM",3
american (traditional),businessid_44,"March 31, 2019 at 03:23 AM",3
american (traditional),businessid_44,"March 31, 2019 at 03:23 AM",3
burgers,businessid_44,"March 31, 2019 at 03:23 AM",3
burgers,businessid_44,"March 31, 2019 at 03:23 AM",3
making it a perfect spot for any meal of the day,businessid_44,"March 31, 2019 at 03:23 AM",3
making it a perfect spot for any meal of the day,businessid_44,"March 31, 2019 at 03:23 AM",3
vietnamese,businessid_67,"March 15, 2019 at 08:42 PM",3
vietnamese,businessid_67,"March 15, 2019 at 08:42 PM",3
soup,businessid_67,"March 15, 2019 at 08:42 PM",3
soup,businessid_67,"March 15, 2019 at 08:42 PM",3
restaurants,businessid_67,"March 15, 2019 at 08:42 PM",3
restaurants,businessid_67,"March 15, 2019 at 08:42 PM",3
noodles,businessid_67,"March 15, 2019 at 08:42 PM",3
noodles,businessid_67,"March 15, 2019 at 08:42 PM",3
offering a delightful array of flavorful dishes,businessid_67,"March 15, 2019 at 08:42 PM",3
offering a delightful array of flavorful dishes,businessid_67,"March 15, 2019 at 08:42 PM",3
vietnamese,businessid_67,"June 29, 2019 at 04:47 PM",3
vietnamese,businessid_67,"June 29, 2019 at 04:47 PM",3
soup,businessid_67,"June 29, 2019 at 04:47 PM",3
soup,businessid_67,"June 29, 2019 at 04:47 PM",3
restaurants,businessid_67,"June 29, 2019 at 04:47 PM",3
restaurants,businessid_67,"June 29, 2019 at 04:47 PM",3
noodles,businessid_67,"June 29, 2019 at 04:47 PM",3
noodles,businessid_67,"June 29, 2019 at 04:47 PM",3
offering a delightful array of flavorful dishes,businessid_67,"June 29, 2019 at 04:47 PM",3
offering a delightful array of flavorful dishes,businessid_67,"June 29, 2019 at 04:47 PM",3
quick,businessid_66,"April 02, 2019 at 04:18 AM",3
delicious options in the categories of fast food,businessid_66,"April 02, 2019 at 04:18 AM",3
chinese,businessid_66,"April 02, 2019 at 04:18 AM",3
restaurants,businessid_66,"April 02, 2019 at 04:18 AM",3
vietnamese,businessid_67,"24 Nov 2019, 01:48",3
vietnamese,businessid_67,"24 Nov 2019, 01:48",3
soup,businessid_67,"24 Nov 2019, 01:48",3
soup,businessid_67,"24 Nov 2019, 01:48",3
restaurants,businessid_67,"24 Nov 2019, 01:48",3
restaurants,businessid_67,"24 Nov 2019, 01:48",3
noodles,businessid_67,"24 Nov 2019, 01:48",3
noodles,businessid_67,"24 Nov 2019, 01:48",3
offering a delightful array of flavorful dishes,businessid_67,"24 Nov 2019, 01:48",3
offering a delightful array of flavorful dishes,businessid_67,"24 Nov 2019, 01:48",3
options,businessid_44,2019-01-27 22:36:00,3
options,businessid_44,2019-01-27 22:36:00,3
including restaurants,businessid_44,2019-01-27 22:36:00,3
including restaurants,businessid_44,2019-01-27 22:36:00,3
diners,businessid_44,2019-01-27 22:36:00,3
diners,businessid_44,2019-01-27 22:36:00,3
breakfast & brunch,businessid_44,2019-01-27 22:36:00,3
breakfast & brunch,businessid_44,2019-01-27 22:36:00,3
american (new),businessid_44,2019-01-27 22:36:00,3
american (new),businessid_44,2019-01-27 22:36:00,3
american (traditional),businessid_44,2019-01-27 22:36:00,3
american (traditional),businessid_44,2019-01-27 22:36:00,3
burgers,businessid_44,2019-01-27 22:36:00,3
burgers,businessid_44,2019-01-27 22:36:00,3
making it a perfect spot for any meal of the day,businessid_44,2019-01-27 22:36:00,3
making it a perfect spot for any meal of the day,businessid_44,2019-01-27 22:36:00,3
options ranging from food,businessid_91,2019-01-05 19:43:00,3
options ranging from food,businessid_91,2019-01-05 19:43:00,3
shaved ice,businessid_91,2019-01-05 19:43:00,3
shaved ice,businessid_91,2019-01-05 19:43:00,3
cajun/creole,businessid_91,2019-01-05 19:43:00,3
cajun/creole,businessid_91,2019-01-05 19:43:00,3
breakfast & brunch,businessid_91,2019-01-05 19:43:00,3
breakfast & brunch,businessid_91,2019-01-05 19:43:00,3
party & event planning,businessid_91,2019-01-05 19:43:00,3
party & event planning,businessid_91,2019-01-05 19:43:00,3
comfort food,businessid_91,2019-01-05 19:43:00,3
comfort food,businessid_91,2019-01-05 19:43:00,3
cafes,businessid_91,2019-01-05 19:43:00,3
cafes,businessid_91,2019-01-05 19:43:00,3
restaurants,businessid_91,2019-01-05 19:43:00,3
restaurants,businessid_91,2019-01-05 19:43:00,3
to event planning & services,businessid_91,2019-01-05 19:43:00,3
to event planning & services,businessid_91,2019-01-05 19:43:00,3
making it a perfect spot for any occasion,businessid_91,2019-01-05 19:43:00,3
making it a perfect spot for any occasion,businessid_91,2019-01-05 19:43:00,3
treats,businessid_85,"12 Sep 2019, 02:47",3
including ice cream & frozen yogurt,businessid_85,"12 Sep 2019, 02:47",3
food,businessid_85,"12 Sep 2019, 02:47",3
food delivery services,businessid_85,"12 Sep 2019, 02:47",3
bakeries,businessid_85,"12 Sep 2019, 02:47",3
desserts,businessid_85,"12 Sep 2019, 02:47",3
options,businessid_20,"03 Aug 2019, 23:46",3
including restaurants,businessid_20,"03 Aug 2019, 23:46",3
american (new),businessid_20,"03 Aug 2019, 23:46",3
caterers,businessid_20,"03 Aug 2019, 23:46",3
fast food,businessid_20,"03 Aug 2019, 23:46",3
chicken shop,businessid_20,"03 Aug 2019, 23:46",3
event planning & services,businessid_20,"03 Aug 2019, 23:46",3
american (traditional),businessid_20,"03 Aug 2019, 23:46",3
options,businessid_20,"November 27, 2019 at 10:15 PM",2
including restaurants,businessid_20,"November 27, 2019 at 10:15 PM",2
american (new),businessid_20,"November 27, 2019 at 10:15 PM",2
caterers,businessid_20,"November 27, 2019 at 10:15 PM",2
fast food,businessid_20,"November 27, 2019 at 10:15 PM",2
chicken shop,businessid_20,"November 27, 2019 at 10:15 PM",2
event planning & services,businessid_20,"November 27, 2019 at 10:15 PM",2
american (traditional),businessid_20,"November 27, 2019 at 10:15 PM",2
dry cleaning & laundry,businessid_89,"January 11, 2019 at 07:43 PM",2
dry cleaning & laundry,businessid_89,"January 11, 2019 at 07:43 PM",2
laundromat,businessid_89,"January 11, 2019 at 07:43 PM",2
laundromat,businessid_89,"January 11, 2019 at 07:43 PM",2
local services,businessid_89,"January 11, 2019 at 07:43 PM",2
local services,businessid_89,"January 11, 2019 at 07:43 PM",2
laundry services,businessid_89,"January 11, 2019 at 07:43 PM",2
laundry services,businessid_89,"January 11, 2019 at 07:43 PM",2
hotels & travel,businessid_8,"31 Oct 2019, 15:50",2
taxis,businessid_8,"31 Oct 2019, 15:50",2
transportation,businessid_8,"31 Oct 2019, 15:50",2
local services,businessid_8,"31 Oct 2019, 15:50",2
automotive to meet all your travel,businessid_8,"31 Oct 2019, 15:50",2
transportation needs,businessid_8,"31 Oct 2019, 15:50",2
quick,businessid_66,2019-12-02 02:01:36,2
delicious options in the categories of fast food,businessid_66,2019-12-02 02:01:36,2
chinese,businessid_66,2019-12-02 02:01:36,2
restaurants,businessid_66,2019-12-02 02:01:36,2
options,businessid_20,2019-06-30 19:49:42,2
including restaurants,businessid_20,2019-06-30 19:49:42,2
american (new),businessid_20,2019-06-30 19:49:42,2
caterers,businessid_20,2019-06-30 19:49:42,2
fast food,businessid_20,2019-06-30 19:49:42,2
chicken shop,businessid_20,2019-06-30 19:49:42,2
event planning & services,businessid_20,2019-06-30 19:49:42,2
american (traditional),businessid_20,2019-06-30 19:49:42,2
customers,businessid_60,"November 07, 2019 at 12:41 AM",1
including food,businessid_60,"November 07, 2019 at 12:41 AM",1
shopping,businessid_60,"November 07, 2019 at 12:41 AM",1
fashion,businessid_60,"November 07, 2019 at 12:41 AM",1
discount store,businessid_60,"November 07, 2019 at 12:41 AM",1
grocery,businessid_60,"November 07, 2019 at 12:41 AM",1
electronics,businessid_60,"November 07, 2019 at 12:41 AM",1
drugstores,businessid_60,"November 07, 2019 at 12:41 AM",1
department stores,businessid_60,"November 07, 2019 at 12:41 AM",1
ensuring that visitors can find everything they need in one convenient location,businessid_60,"November 07, 2019 at 12:41 AM",1
hair salons,businessid_47,"June 22, 2019 at 08:35 PM",1
beauty & spas,businessid_47,"June 22, 2019 at 08:35 PM",1
hair stylists,businessid_47,"June 22, 2019 at 08:35 PM",1
skin care,businessid_47,"June 22, 2019 at 08:35 PM",1
blow dry/out services,businessid_47,"June 22, 2019 at 08:35 PM",1
makeup artists,businessid_47,"June 22, 2019 at 08:35 PM",1
treats in the categories of food,businessid_24,"July 21, 2019 at 09:08 PM",1
ice cream & frozen yogurt,businessid_24,"July 21, 2019 at 09:08 PM",1
hotels & travel,businessid_8,"July 08, 2019 at 09:53 PM",1
taxis,businessid_8,"July 08, 2019 at 09:53 PM",1
transportation,businessid_8,"July 08, 2019 at 09:53 PM",1
local services,businessid_8,"July 08, 2019 at 09:53 PM",1
automotive to meet all your travel,businessid_8,"July 08, 2019 at 09:53 PM",1
transportation needs,businessid_8,"July 08, 2019 at 09:53 PM",1
quick,businessid_66,"January 14, 2019 at 03:06 AM",1
delicious options in the categories of fast food,businessid_66,"January 14, 2019 at 03:06 AM",1
chinese,businessid_66,"January 14, 2019 at 03:06 AM",1
restaurants,businessid_66,"January 14, 2019 at 03:06 AM",1
dishes in the category of 'restaurants,businessid_10,"February 27, 2019 at 02:53 AM",1
chinese',businessid_10,"February 27, 2019 at 02:53 AM",1
nail salons,businessid_33,"December 31, 2019 at 12:41 AM",1
hair removal,businessid_33,"December 31, 2019 at 12:41 AM",1
beauty & spas,businessid_33,"December 31, 2019 at 12:41 AM",1
waxing,businessid_33,"December 31, 2019 at 12:41 AM",1
treats,businessid_85,"December 07, 2019 at 01:03 AM",1
including ice cream & frozen yogurt,businessid_85,"December 07, 2019 at 01:03 AM",1
food,businessid_85,"December 07, 2019 at 01:03 AM",1
food delivery services,businessid_85,"December 07, 2019 at 01:03 AM",1
bakeries,businessid_85,"December 07, 2019 at 01:03 AM",1
desserts,businessid_85,"December 07, 2019 at 01:03 AM",1
quick,businessid_66,"29 Jun 2019, 05:04",1
delicious options in the categories of fast food,businessid_66,"29 Jun 2019, 05:04",1
chinese,businessid_66,"29 Jun 2019, 05:04",1
restaurants,businessid_66,"29 Jun 2019, 05:04",1
hotels & travel,businessid_8,"28 Jul 2019, 04:21",1
taxis,businessid_8,"28 Jul 2019, 04:21",1
transportation,businessid_8,"28 Jul 2019, 04:21",1
local services,businessid_8,"28 Jul 2019, 04:21",1
automotive to meet all your travel,businessid_8,"28 Jul 2019, 04:21",1
transportation needs,businessid_8,"28 Jul 2019, 04:21",1
hotels & travel,businessid_8,"27 Jan 2019, 04:20",1
taxis,businessid_8,"27 Jan 2019, 04:20",1
transportation,businessid_8,"27 Jan 2019, 04:20",1
local services,businessid_8,"27 Jan 2019, 04:20",1
automotive to meet all your travel,businessid_8,"27 Jan 2019, 04:20",1
transportation needs,businessid_8,"27 Jan 2019, 04:20",1
nail salons,businessid_33,2019-08-24 13:40:30,1
hair removal,businessid_33,2019-08-24 13:40:30,1
beauty & spas,businessid_33,2019-08-24 13:40:30,1
waxing,businessid_33,2019-08-24 13:40:30,1
options,businessid_20,2019-07-13 22:27:00,1
including restaurants,businessid_20,2019-07-13 22:27:00,1
american (new),businessid_20,2019-07-13 22:27:00,1
caterers,businessid_20,2019-07-13 22:27:00,1
fast food,businessid_20,2019-07-13 22:27:00,1
chicken shop,businessid_20,2019-07-13 22:27:00,1
event planning & services,businessid_20,2019-07-13 22:27:00,1
american (traditional),businessid_20,2019-07-13 22:27:00,1
american (new),businessid_86,2019-06-27 20:19:00,1
american (new),businessid_86,2019-06-27 20:19:00,1
restaurants,businessid_86,2019-06-27 20:19:00,1
restaurants,businessid_86,2019-06-27 20:19:00,1
american (traditional),businessid_86,2019-06-27 20:19:00,1
american (traditional),businessid_86,2019-06-27 20:19:00,1
asian fusion,businessid_86,2019-06-27 20:19:00,1
asian fusion,businessid_86,2019-06-27 20:19:00,1
noodles,businessid_86,2019-06-27 20:19:00,1
noodles,businessid_86,2019-06-27 20:19:00,1
dim sum,businessid_86,2019-06-27 20:19:00,1
dim sum,businessid_86,2019-06-27 20:19:00,1
fast food,businessid_86,2019-06-27 20:19:00,1
fast food,businessid_86,2019-06-27 20:19:00,1
chinese,businessid_86,2019-06-27 20:19:00,1
chinese,businessid_86,2019-06-27 20:19:00,1
catering to a variety of tastes,businessid_86,2019-06-27 20:19:00,1
catering to a variety of tastes,businessid_86,2019-06-27 20:19:00,1
preferences,businessid_86,2019-06-27 20:19:00,1
preferences,businessid_86,2019-06-27 20:19:00,1
options,businessid_20,2019-06-08 18:04:00,1
including restaurants,businessid_20,2019-06-08 18:04:00,1
american (new),businessid_20,2019-06-08 18:04:00,1
caterers,businessid_20,2019-06-08 18:04:00,1
fast food,businessid_20,2019-06-08 18:04:00,1
chicken shop,businessid_20,2019-06-08 18:04:00,1
event planning & services,businessid_20,2019-06-08 18:04:00,1
american (traditional),businessid_20,2019-06-08 18:04:00,1
treats,businessid_85,2019-05-26 02:42:15,1
including ice cream & frozen yogurt,businessid_85,2019-05-26 02:42:15,1
food,businessid_85,2019-05-26 02:42:15,1
food delivery services,businessid_85,2019-05-26 02:42:15,1
bakeries,businessid_85,2019-05-26 02:42:15,1
desserts,businessid_85,2019-05-26 02:42:15,1
options,businessid_44,2019-04-26 19:22:20,1
options,businessid_44,2019-04-26 19:22:20,1
including restaurants,businessid_44,2019-04-26 19:22:20,1
including restaurants,businessid_44,2019-04-26 19:22:20,1
diners,businessid_44,2019-04-26 19:22:20,1
diners,businessid_44,2019-04-26 19:22:20,1
breakfast & brunch,businessid_44,2019-04-26 19:22:20,1
breakfast & brunch,businessid_44,2019-04-26 19:22:20,1
american (new),businessid_44,2019-04-26 19:22:20,1
american (new),businessid_44,2019-04-26 19:22:20,1
american (traditional),businessid_44,2019-04-26 19:22:20,1
american (traditional),businessid_44,2019-04-26 19:22:20,1
burgers,businessid_44,2019-04-26 19:22:20,1
burgers,businessid_44,2019-04-26 19:22:20,1
making it a perfect spot for any meal of the day,businessid_44,2019-04-26 19:22:20,1
making it a perfect spot for any meal of the day,businessid_44,2019-04-26 19:22:20,1
dry cleaning & laundry,businessid_89,2019-04-04 23:09:00,1
dry cleaning & laundry,businessid_89,2019-04-04 23:09:00,1
laundromat,businessid_89,2019-04-04 23:09:00,1
laundromat,businessid_89,2019-04-04 23:09:00,1
local services,businessid_89,2019-04-04 23:09:00,1
local services,businessid_89,2019-04-04 23:09:00,1
laundry services,businessid_89,2019-04-04 23:09:00,1
laundry services,businessid_89,2019-04-04 23:09:00,1
american (new),businessid_86,2019-02-10 03:17:00,1
american (new),businessid_86,2019-02-10 03:17:00,1
restaurants,businessid_86,2019-02-10 03:17:00,1
restaurants,businessid_86,2019-02-10 03:17:00,1
american (traditional),businessid_86,2019-02-10 03:17:00,1
american (traditional),businessid_86,2019-02-10 03:17:00,1
asian fusion,businessid_86,2019-02-10 03:17:00,1
asian fusion,businessid_86,2019-02-10 03:17:00,1
noodles,businessid_86,2019-02-10 03:17:00,1
noodles,businessid_86,2019-02-10 03:17:00,1
dim sum,businessid_86,2019-02-10 03:17:00,1
dim sum,businessid_86,2019-02-10 03:17:00,1
fast food,businessid_86,2019-02-10 03:17:00,1
fast food,businessid_86,2019-02-10 03:17:00,1
chinese,businessid_86,2019-02-10 03:17:00,1
chinese,businessid_86,2019-02-10 03:17:00,1
catering to a variety of tastes,businessid_86,2019-02-10 03:17:00,1
catering to a variety of tastes,businessid_86,2019-02-10 03:17:00,1
preferences,businessid_86,2019-02-10 03:17:00,1
preferences,businessid_86,2019-02-10 03:17:00,1
american (new),businessid_86,2019-02-02 22:02:00,1
american (new),businessid_86,2019-02-02 22:02:00,1
restaurants,businessid_86,2019-02-02 22:02:00,1
restaurants,businessid_86,2019-02-02 22:02:00,1
american (traditional),businessid_86,2019-02-02 22:02:00,1
american (traditional),businessid_86,2019-02-02 22:02:00,1
asian fusion,businessid_86,2019-02-02 22:02:00,1
asian fusion,businessid_86,2019-02-02 22:02:00,1
noodles,businessid_86,2019-02-02 22:02:00,1
noodles,businessid_86,2019-02-02 22:02:00,1
dim sum,businessid_86,2019-02-02 22:02:00,1
dim sum,businessid_86,2019-02-02 22:02:00,1
fast food,businessid_86,2019-02-02 22:02:00,1
fast food,businessid_86,2019-02-02 22:02:00,1
chinese,businessid_86,2019-02-02 22:02:00,1
chinese,businessid_86,2019-02-02 22:02:00,1
catering to a variety of tastes,businessid_86,2019-02-02 22:02:00,1
catering to a variety of tastes,businessid_86,2019-02-02 22:02:00,1
preferences,businessid_86,2019-02-02 22:02:00,1
preferences,businessid_86,2019-02-02 22:02:00,1
dry cleaning & laundry,businessid_89,"17 Apr 2019, 14:21",1
dry cleaning & laundry,businessid_89,"17 Apr 2019, 14:21",1
laundromat,businessid_89,"17 Apr 2019, 14:21",1
laundromat,businessid_89,"17 Apr 2019, 14:21",1
local services,businessid_89,"17 Apr 2019, 14:21",1
local services,businessid_89,"17 Apr 2019, 14:21",1
laundry services,businessid_89,"17 Apr 2019, 14:21",1
laundry services,businessid_89,"17 Apr 2019, 14:21",1
quick,businessid_66,"14 Apr 2019, 19:17",1
delicious options in the categories of fast food,businessid_66,"14 Apr 2019, 19:17",1
chinese,businessid_66,"14 Apr 2019, 19:17",1
restaurants,businessid_66,"14 Apr 2019, 19:17",1
dry cleaning & laundry,businessid_89,"07 Mar 2019, 21:41",1
dry cleaning & laundry,businessid_89,"07 Mar 2019, 21:41",1
laundromat,businessid_89,"07 Mar 2019, 21:41",1
laundromat,businessid_89,"07 Mar 2019, 21:41",1
local services,businessid_89,"07 Mar 2019, 21:41",1
local services,businessid_89,"07 Mar 2019, 21:41",1
laundry services,businessid_89,"07 Mar 2019, 21:41",1
laundry services,businessid_89,"07 Mar 2019, 21:41",1
hotels & travel,businessid_8,"07 Aug 2019, 20:31",1
taxis,businessid_8,"07 Aug 2019, 20:31",1
transportation,businessid_8,"07 Aug 2019, 20:31",1
local services,businessid_8,"07 Aug 2019, 20:31",1
automotive to meet all your travel,businessid_8,"07 Aug 2019, 20:31",1
transportation needs,businessid_8,"07 Aug 2019, 20:31",1
options,businessid_82,"01 Oct 2019, 18:19",1
options,businessid_82,"01 Oct 2019, 18:19",1
options,businessid_82,"01 Oct 2019, 18:19",1
perfect for any occasion,businessid_82,"01 Oct 2019, 18:19",1
perfect for any occasion,businessid_82,"01 Oct 2019, 18:19",1
perfect for any occasion,businessid_82,"01 Oct 2019, 18:19",1
including restaurants,businessid_82,"01 Oct 2019, 18:19",1
including restaurants,businessid_82,"01 Oct 2019, 18:19",1
including restaurants,businessid_82,"01 Oct 2019, 18:19",1
coffee & tea,businessid_82,"01 Oct 2019, 18:19",1
coffee & tea,businessid_82,"01 Oct 2019, 18:19",1
coffee & tea,businessid_82,"01 Oct 2019, 18:19",1
food,businessid_82,"01 Oct 2019, 18:19",1
food,businessid_82,"01 Oct 2019, 18:19",1
food,businessid_82,"01 Oct 2019, 18:19",1
breakfast & brunch,businessid_82,"01 Oct 2019, 18:19",1
breakfast & brunch,businessid_82,"01 Oct 2019, 18:19",1
breakfast & brunch,businessid_82,"01 Oct 2019, 18:19",1
event planning & services,businessid_82,"01 Oct 2019, 18:19",1
event planning & services,businessid_82,"01 Oct 2019, 18:19",1
event planning & services,businessid_82,"01 Oct 2019, 18:19",1
american (traditional),businessid_82,"01 Oct 2019, 18:19",1
american (traditional),businessid_82,"01 Oct 2019, 18:19",1
american (traditional),businessid_82,"01 Oct 2019, 18:19",1
caterers,businessid_82,"01 Oct 2019, 18:19",1
caterers,businessid_82,"01 Oct 2019, 18:19",1
caterers,businessid_82,"01 Oct 2019, 18:19",1
